warehouse_source,country,buyer_name,lean_lane,route_band,records,median_value,avg_priority
AUSTENDER_V1,Australia,Department of Defence,OTHER / OPEN WORLD,AWARD_FIRST_EVIDENCE,68729,36397.63,46.417003884823
AUSTENDER_V1,Australia,Department of Veterans' Affairs,OTHER / OPEN WORLD,AWARD_FIRST_EVIDENCE,6762,72450.0,46.37937000887312
AUSTENDER_V1,Australia,Department of Foreign Affairs and Trade,OTHER / OPEN WORLD,AWARD_FIRST_EVIDENCE,6218,58904.985,48.27798327436475
AUSTENDER_V1,Australia,"Department of Climate Change, Energy, the Environment and Water",OTHER / OPEN WORLD,AWARD_FIRST_EVIDENCE,5810,88000.0,48.829356282271945
AUSTENDER_V1,Australia,Services Australia,OTHER / OPEN WORLD,AWARD_FIRST_EVIDENCE,5212,221730.525,49.247643898695316
AUSTENDER_V1,Australia,Department of Home Affairs,OTHER / OPEN WORLD,AWARD_FIRST_EVIDENCE,4056,109645.93,49.98094674556213
AUSTENDER_V1,Australia,Australian Signals Directorate,OTHER / OPEN WORLD,AWARD_FIRST_EVIDENCE,3845,140540.4,50.301274382314695
AUSTENDER_V1,Australia,"Department of Agriculture, Fisheries and Forestry",OTHER / OPEN WORLD,AWARD_FIRST_EVIDENCE,3578,130448.20000000001,50.17236444941308
AUSTENDER_V1,Australia,Department of Employment and Workplace Relations,OTHER / OPEN WORLD,AWARD_FIRST_EVIDENCE,3326,101550.75,49.84476247745039
AUSTENDER_V1,Australia,"Department of Health, Disability and Ageing",OTHER / OPEN WORLD,AWARD_FIRST_EVIDENCE,3226,338694.405,51.0056664600124
AUSTENDER_V1,Australia,Australian Federal Police,OTHER / OPEN WORLD,AWARD_FIRST_EVIDENCE,3135,59018.92,47.855253588516746
AUSTENDER_V1,Australia,"Department of Industry, Science and Resources",OTHER / OPEN WORLD,AWARD_FIRST_EVIDENCE,2776,74709.25,49.926628242074926
AUSTENDER_V1,Australia,Department of Health and Aged Care,OTHER / OPEN WORLD,AWARD_FIRST_EVIDENCE,2767,119999.99,49.6174990964944
AUSTENDER_V1,Australia,Department of Finance,OTHER / OPEN WORLD,AWARD_FIRST_EVIDENCE,2486,58292.93,48.82451327433628
AUSTENDER_V1,Australia,Australian Taxation Office,OTHER / OPEN WORLD,AWARD_FIRST_EVIDENCE,2246,53228.024999999994,50.4193232413179
AUSTENDER_V1,Australia,Australian Electoral Commission,OTHER / OPEN WORLD,AWARD_FIRST_EVIDENCE,2188,180662.76,48.821124314442415
AUSTENDER_V1,Australia,Bureau of Meteorology,OTHER / OPEN WORLD,AWARD_FIRST_EVIDENCE,2163,96607.5,47.922773925104025
AUSTENDER_V1,Australia,Austrade,OTHER / OPEN WORLD,AWARD_FIRST_EVIDENCE,1938,31822.325,46.773095975232195
AUSTENDER_V1,Australia,Australian Competition and Consumer Commission,OTHER / OPEN WORLD,AWARD_FIRST_EVIDENCE,1894,64158.38,49.66
AUSTENDER_V1,Australia,Australian Securities and Investments Commission,OTHER / OPEN WORLD,AWARD_FIRST_EVIDENCE,1749,70000.0,49.02236706689537
AUSTENDER_V1,Australia,Department of Defence,Software licences / SaaS resale,AWARD_FIRST_EVIDENCE,1473,65880.1,74.09486761710794
AUSTENDER_V1,Australia,"Department of Infrastructure, Transport, Regional Development, Communications and the Arts",OTHER / OPEN WORLD,AWARD_FIRST_EVIDENCE,1442,55000.0,47.92391123439667
AUSTENDER_V1,Australia,Office of the Director of Public Prosecutions,OTHER / OPEN WORLD,AWARD_FIRST_EVIDENCE,1297,28500.0,45.87449498843485
AUSTENDER_V1,Australia,Geoscience Australia,OTHER / OPEN WORLD,AWARD_FIRST_EVIDENCE,1161,48242.04,48.11617571059431
AUSTENDER_V1,Australia,"Department of Infrastructure, Transport, Regional Development, Communications, Sport and the Arts",OTHER / OPEN WORLD,AWARD_FIRST_EVIDENCE,1115,72280.0,48.66308520179372
AUSTENDER_V1,Australia,Department of Parliamentary Services,OTHER / OPEN WORLD,AWARD_FIRST_EVIDENCE,1098,53374.28999999999,47.80879781420765
AUSTENDER_V1,Australia,National Indigenous Australians Agency,OTHER / OPEN WORLD,AWARD_FIRST_EVIDENCE,1006,40000.0,49.371391650099405
AUSTENDER_V1,Australia,Australian Digital Health Agency,OTHER / OPEN WORLD,AWARD_FIRST_EVIDENCE,949,326700.0,51.9140779768177
AUSTENDER_V1,Australia,Aged Care Quality and Safety Commission,OTHER / OPEN WORLD,AWARD_FIRST_EVIDENCE,945,126668.7,49.13530158730159
AUSTENDER_V1,Australia,Department of Foreign Affairs and Trade - Australian Aid Program,OTHER / OPEN WORLD,AWARD_FIRST_EVIDENCE,938,144399.515,49.77277185501066
AUSTENDER_V1,Australia,Australian Criminal Intelligence Commission,OTHER / OPEN WORLD,AWARD_FIRST_EVIDENCE,892,92605.095,50.54029147982063
AUSTENDER_V1,Australia,Department of the Prime Minister and Cabinet,OTHER / OPEN WORLD,AWARD_FIRST_EVIDENCE,890,132013.28,51.396494382022475
AUSTENDER_V1,Australia,Department of Education,OTHER / OPEN WORLD,AWARD_FIRST_EVIDENCE,879,136317.5,50.54839590443686
AUSTENDER_V1,Australia,Attorney-General's Department,OTHER / OPEN WORLD,AWARD_FIRST_EVIDENCE,872,45066.715,49.05711009174312
AUSTENDER_V1,Australia,Australian Prudential Regulation Authority,OTHER / OPEN WORLD,AWARD_FIRST_EVIDENCE,820,55272.45,47.48609756097561
AUSTENDER_V1,Australia,Department of Social Services,OTHER / OPEN WORLD,AWARD_FIRST_EVIDENCE,806,187597.03999999998,51.84598014888338
AUSTENDER_V1,Australia,Department of the Treasury,OTHER / OPEN WORLD,AWARD_FIRST_EVIDENCE,773,79500.0,52.05347994825356
AUSTENDER_V1,Australia,Department of Defence,Hardware / AV resale,AWARD_FIRST_EVIDENCE,738,47792.25,66.3849593495935
AUSTENDER_V1,Australia,Federal Court of Australia,OTHER / OPEN WORLD,AWARD_FIRST_EVIDENCE,615,74394.72,47.08790243902439
AUSTENDER_V1,Australia,Clean Energy Regulator,OTHER / OPEN WORLD,AWARD_FIRST_EVIDENCE,614,65040.75,50.8985016286645
AUSTENDER_V1,Australia,Grains Research and Development Corporation,OTHER / OPEN WORLD,AWARD_FIRST_EVIDENCE,597,395964.8,52.30793969849246
AUSTENDER_V1,Australia,Australian Financial Security Authority,OTHER / OPEN WORLD,AWARD_FIRST_EVIDENCE,594,55000.0,48.45484848484848
AUSTENDER_V1,Australia,CSIRO,OTHER / OPEN WORLD,AWARD_FIRST_EVIDENCE,592,728810.04,53.93641891891892
AUSTENDER_V1,Australia,Office of the Fair Work Ombudsman,OTHER / OPEN WORLD,AWARD_FIRST_EVIDENCE,588,30000.0,47.23612244897959
AUSTENDER_V1,Australia,Australian Research Council,OTHER / OPEN WORLD,AWARD_FIRST_EVIDENCE,572,62373.3,47.71713286713287
AUSTENDER_V1,Australia,Australian Centre for International Agricultural Research,OTHER / OPEN WORLD,AWARD_FIRST_EVIDENCE,554,53545.0,48.903176895306856
AUSTENDER_V1,Australia,Fair Work Commission,OTHER / OPEN WORLD,AWARD_FIRST_EVIDENCE,534,41329.380000000005,47.581460674157306
AUSTENDER_V1,Australia,Australian Transaction Reports and Analysis Centre,OTHER / OPEN WORLD,AWARD_FIRST_EVIDENCE,525,210000.0,49.99474285714286
AUSTENDER_V1,Australia,Australian Bureau of Statistics,OTHER / OPEN WORLD,AWARD_FIRST_EVIDENCE,517,69742.35,50.554661508704065
AUSTENDER_V1,Australia,National Emergency Management Agency,OTHER / OPEN WORLD,AWARD_FIRST_EVIDENCE,506,119230.875,49.533478260869565
AUSTENDER_V1,Australia,Royal Australian Mint,OTHER / OPEN WORLD,AWARD_FIRST_EVIDENCE,500,30576.135000000002,46.35148
AUSTENDER_V1,Australia,IP Australia,OTHER / OPEN WORLD,AWARD_FIRST_EVIDENCE,463,96217.61,49.932008639308854
AUSTENDER_V1,Australia,Administrative Review Tribunal,OTHER / OPEN WORLD,AWARD_FIRST_EVIDENCE,453,60550.6,47.96
AUSTENDER_V1,Australia,Australian Submarine Agency,OTHER / OPEN WORLD,AWARD_FIRST_EVIDENCE,452,114718.475,50.620265486725664
AUSTENDER_V1,Australia,Australian Radiation Protection and Nuclear Safety Agency,OTHER / OPEN WORLD,AWARD_FIRST_EVIDENCE,437,35750.0,46.9104347826087
AUSTENDER_V1,Australia,NDIS Quality and Safeguards Commission,OTHER / OPEN WORLD,AWARD_FIRST_EVIDENCE,424,112420.0,50.48259433962264
AUSTENDER_V1,Australia,Department of Defence,Uniforms / PPE resale,AWARD_FIRST_EVIDENCE,408,64925.865,62.943823529411766
AUSTENDER_V1,Australia,National Archives of Australia,OTHER / OPEN WORLD,AWARD_FIRST_EVIDENCE,386,51186.205,48.50430051813471
AUSTENDER_V1,Australia,Australian Public Service Commission,OTHER / OPEN WORLD,AWARD_FIRST_EVIDENCE,361,42558.51,47.305706371191135
AUSTENDER_V1,Australia,Australian Communications and Media Authority,OTHER / OPEN WORLD,AWARD_FIRST_EVIDENCE,330,54128.81,48.224
AUSTENDER_V1,Australia,Digital Transformation Agency,OTHER / OPEN WORLD,AWARD_FIRST_EVIDENCE,329,71775.0,49.27355623100304
AUSTENDER_V1,Australia,Future Fund Management Agency,OTHER / OPEN WORLD,AWARD_FIRST_EVIDENCE,323,125899.5,51.43752321981424
AUSTENDER_V1,Australia,Office of the Official Secretary to the Governor-General,OTHER / OPEN WORLD,AWARD_FIRST_EVIDENCE,293,27500.0,45.359453924914675
AUSTENDER_V1,Australia,Sport Integrity Australia,OTHER / OPEN WORLD,AWARD_FIRST_EVIDENCE,275,25000.0,46.12436363636364
AUSTENDER_V1,Australia,Great Barrier Reef Marine Park Authority,OTHER / OPEN WORLD,AWARD_FIRST_EVIDENCE,264,68515.85,49.285
AUSTENDER_V1,Australia,Office of the Australian Information Commissioner,OTHER / OPEN WORLD,AWARD_FIRST_EVIDENCE,259,28440.0,46.594208494208495
AUSTENDER_V1,Australia,Australian Signals Directorate,Software licences / SaaS resale,AWARD_FIRST_EVIDENCE,252,109305.16500000001,75.06476190476191
AUSTENDER_V1,Australia,Australian Skills Quality Authority,OTHER / OPEN WORLD,AWARD_FIRST_EVIDENCE,244,58767.5,48.2327868852459
AUSTENDER_V1,Australia,Office of the eSafety Commissioner,OTHER / OPEN WORLD,AWARD_FIRST_EVIDENCE,240,62510.55,48.9155
AUSTENDER_V1,Australia,National Capital Authority,OTHER / OPEN WORLD,AWARD_FIRST_EVIDENCE,236,54747.0,47.85161016949152
AUSTENDER_V1,Australia,Fair Work Commission,Recruitment / temporary staffing,AWARD_FIRST_EVIDENCE,222,95102.84,57.83108108108108
AUSTENDER_V1,Australia,Australian National Audit Office,OTHER / OPEN WORLD,AWARD_FIRST_EVIDENCE,219,92971.14,51.283013698630135
AUSTENDER_V1,Australia,Australian Fisheries Management Authority,OTHER / OPEN WORLD,AWARD_FIRST_EVIDENCE,212,79980.05,50.39556603773585
AUSTENDER_V1,Australia,National Anti-Corruption Commission,OTHER / OPEN WORLD,AWARD_FIRST_EVIDENCE,208,62941.05,49.345576923076926
AUSTENDER_V1,Australia,Australian Maritime Safety Authority,OTHER / OPEN WORLD,AWARD_FIRST_EVIDENCE,194,733307.5,53.15237113402062
AUSTENDER_V1,Australia,Office of the Commonwealth Ombudsman,OTHER / OPEN WORLD,AWARD_FIRST_EVIDENCE,192,40000.0,49.3934375
AUSTENDER_V1,Australia,Australian Taxation Office,Software licences / SaaS resale,AWARD_FIRST_EVIDENCE,176,103027.245,75.32
AUSTENDER_V1,Australia,Tertiary Education Quality and Standards Agency,OTHER / OPEN WORLD,AWARD_FIRST_EVIDENCE,169,39000.0,48.63325443786982
AUSTENDER_V1,Australia,Workplace Gender Equality Agency,OTHER / OPEN WORLD,AWARD_FIRST_EVIDENCE,168,24161.5,46.20142857142857
AUSTENDER_V1,Australia,Professional Services Review,OTHER / OPEN WORLD,AWARD_FIRST_EVIDENCE,167,31500.0,46.69808383233533
AUSTENDER_V1,Australia,Department of Defence,Recruitment / temporary staffing,AWARD_FIRST_EVIDENCE,166,22912.45,58.20385542168675
AUSTENDER_V1,Australia,Net Zero Economy Authority,OTHER / OPEN WORLD,AWARD_FIRST_EVIDENCE,161,82500.0,51.436894409937885
AUSTENDER_V1,Australia,Cancer Australia,OTHER / OPEN WORLD,AWARD_FIRST_EVIDENCE,161,60500.0,49.27726708074534
AUSTENDER_V1,Australia,National Health and Medical Research Council,OTHER / OPEN WORLD,AWARD_FIRST_EVIDENCE,150,50064.845,48.016
AUSTENDER_V1,Australia,Director of National Parks,OTHER / OPEN WORLD,AWARD_FIRST_EVIDENCE,140,811830.0,52.886714285714284
AUSTENDER_V1,Australia,Commonwealth Superannuation Corporation,OTHER / OPEN WORLD,AWARD_FIRST_EVIDENCE,139,75545.06,49.99496402877698
AUSTENDER_V1,Australia,"Department of Agriculture, Fisheries and Forestry",Recruitment / temporary staffing,AWARD_FIRST_EVIDENCE,138,17315.625,56.643478260869564
AUSTENDER_V1,Australia,Australian Centre for Disease Control,OTHER / OPEN WORLD,AWARD_FIRST_EVIDENCE,137,311149.5,51.128467153284674
AUSTENDER_V1,Australia,Safe Work Australia,OTHER / OPEN WORLD,AWARD_FIRST_EVIDENCE,126,37560.0,47.56333333333333
AUSTENDER_V1,Australia,Administrative Appeals Tribunal,OTHER / OPEN WORLD,AWARD_FIRST_EVIDENCE,118,35998.375,48.0664406779661
AUSTENDER_V1,Australia,Productivity Commission,OTHER / OPEN WORLD,AWARD_FIRST_EVIDENCE,117,41461.2,48.368205128205126
AUSTENDER_V1,Australia,National Blood Authority,OTHER / OPEN WORLD,AWARD_FIRST_EVIDENCE,113,138266.43,49.89256637168142
AUSTENDER_V1,Australia,"Department of Health, Disability and Ageing",Hardware / AV resale,AWARD_FIRST_EVIDENCE,110,475650.45,76.44218181818182
AUSTENDER_V1,Australia,"Department of Climate Change, Energy, the Environment and Water",Hardware / AV resale,AWARD_FIRST_EVIDENCE,110,154750.0,73.5469090909091
AUSTENDER_V1,Australia,Department of Foreign Affairs and Trade,Event support / production,AWARD_FIRST_EVIDENCE,106,32365.78,57.10188679245283
AUSTENDER_V1,Australia,High Speed Rail Authority,OTHER / OPEN WORLD,AWARD_FIRST_EVIDENCE,105,239617.13,54.06
AUSTENDER_V1,Australia,Murray-Darling Basin Authority,OTHER / OPEN WORLD,AWARD_FIRST_EVIDENCE,103,636137.0,54.01961165048544
AUSTENDER_V1,Australia,"Department of Industry, Science and Resources",Recruitment / temporary staffing,AWARD_FIRST_EVIDENCE,101,19750.5,57.40891089108911
AUSTENDER_V1,Australia,Office of Parliamentary Counsel,OTHER / OPEN WORLD,AWARD_FIRST_EVIDENCE,98,59934.5,48.36938775510204
AUSTENDER_V1,Australia,Australian Federal Police,Software licences / SaaS resale,AWARD_FIRST_EVIDENCE,96,89249.0,74.6775
AUSTENDER_V1,Australia,Australian Office of Financial Management,OTHER / OPEN WORLD,AWARD_FIRST_EVIDENCE,95,81774.0,49.94863157894737
AUSTENDER_V1,Australia,Parliamentary Workplace Support Service,OTHER / OPEN WORLD,AWARD_FIRST_EVIDENCE,93,41580.0,48.77612903225806
AUSTENDER_V1,Australia,"Department of Agriculture, Fisheries and Forestry",Software licences / SaaS resale,AWARD_FIRST_EVIDENCE,92,84806.94,74.66782608695652
AUSTENDER_V1,Australia,"Department of Infrastructure, Transport, Regional Development, Communications and the Arts",Recruitment / temporary staffing,AWARD_FIRST_EVIDENCE,91,17309.18,56.997802197802194
AUSTENDER_V1,Australia,Australian Institute of Family Studies,OTHER / OPEN WORLD,AWARD_FIRST_EVIDENCE,89,37500.0,48.471460674157306
AUSTENDER_V1,Australia,Reserve Bank of Australia,OTHER / OPEN WORLD,AWARD_FIRST_EVIDENCE,87,1320000.0,55.48896551724138
AUSTENDER_V1,Australia,Department of Health and Aged Care,Hardware / AV resale,AWARD_FIRST_EVIDENCE,86,322888.51,75.51209302325582
AUSTENDER_V1,Australia,Department of Defence,Promotional merchandise,AWARD_FIRST_EVIDENCE,84,17127.0,69.06642857142857
AUSTENDER_V1,Australia,Department of the House of Representatives,OTHER / OPEN WORLD,AWARD_FIRST_EVIDENCE,84,32777.0,46.47142857142857
AUSTENDER_V1,Australia,Department of Foreign Affairs and Trade - Australian Aid Program,Hardware / AV resale,AWARD_FIRST_EVIDENCE,82,177908.275,74.86390243902439
AUSTENDER_V1,Australia,"Department of Climate Change, Energy, the Environment and Water",Uniforms / PPE resale,AWARD_FIRST_EVIDENCE,82,34000.0,61.37634146341463
AUSTENDER_V1,Australia,Comcare,OTHER / OPEN WORLD,AWARD_FIRST_EVIDENCE,80,670365.6,53.62075
AUSTENDER_V1,Australia,Australian Transport Safety Bureau,OTHER / OPEN WORLD,AWARD_FIRST_EVIDENCE,80,40000.0,47.8135
AUSTENDER_V1,Australia,Office of the Australian Accounting Standards Board,OTHER / OPEN WORLD,AWARD_FIRST_EVIDENCE,79,26055.09,48.604303797468354
AUSTENDER_V1,Australia,Services Australia,Hardware / AV resale,AWARD_FIRST_EVIDENCE,73,20000.0,67.83205479452054
AUSTENDER_V1,Australia,National Environmental Protection Agency,OTHER / OPEN WORLD,AWARD_FIRST_EVIDENCE,73,94562.92,50.5427397260274
AUSTENDER_V1,Australia,Department of Employment and Workplace Relations,Hardware / AV resale,AWARD_FIRST_EVIDENCE,72,130972.5,69.205
AUSTENDER_V1,Australia,Department of Defence,Office supplies / consumables resale,AWARD_FIRST_EVIDENCE,72,15052.25,58.52
AUSTENDER_V1,Australia,Australian Federal Police,Hardware / AV resale,AWARD_FIRST_EVIDENCE,70,44962.119999999995,63.79714285714286
AUSTENDER_V1,Australia,"Department of Climate Change, Energy, the Environment and Water",Recruitment / temporary staffing,AWARD_FIRST_EVIDENCE,67,22825.0,57.570149253731344
AUSTENDER_V1,Australia,Organ and Tissue Authority,OTHER / OPEN WORLD,AWARD_FIRST_EVIDENCE,67,39500.0,48.13492537313433
AUSTENDER_V1,Australia,Climate Change Authority,OTHER / OPEN WORLD,AWARD_FIRST_EVIDENCE,67,25000.0,47.189253731343285
AUSTENDER_V1,Australia,Department of Home Affairs,Software licences / SaaS resale,AWARD_FIRST_EVIDENCE,64,69810.975,74.615
AUSTENDER_V1,Australia,"Department of Agriculture, Fisheries and Forestry",Hardware / AV resale,AWARD_FIRST_EVIDENCE,63,109626.0,72.76
AUSTENDER_V1,Australia,National Indigenous Australians Agency,Recruitment / temporary staffing,AWARD_FIRST_EVIDENCE,63,16625.0,56.285714285714285
AUSTENDER_V1,Australia,Australian Institute of Criminology,OTHER / OPEN WORLD,AWARD_FIRST_EVIDENCE,63,60000.0,52.46476190476191
AUSTENDER_V1,Australia,Department of Defence,Printing / mailing / routing,AWARD_FIRST_EVIDENCE,62,18420.66,70.01741935483871
AUSTENDER_V1,Australia,Tourism Australia,OTHER / OPEN WORLD,AWARD_FIRST_EVIDENCE,61,765462.33,53.69573770491803
AUSTENDER_V1,Australia,Australian Signals Directorate,Hardware / AV resale,AWARD_FIRST_EVIDENCE,60,42849.765,67.955
AUSTENDER_V1,Australia,Department of Foreign Affairs and Trade,Hardware / AV resale,AWARD_FIRST_EVIDENCE,59,41485.5,68.48440677966101
AUSTENDER_V1,Australia,Australian Energy Regulator,OTHER / OPEN WORLD,AWARD_FIRST_EVIDENCE,59,168390.16,50.959661016949156
AUSTENDER_V1,Australia,Services Australia,Software licences / SaaS resale,AWARD_FIRST_EVIDENCE,58,306308.19999999995,76.83241379310344
AUSTENDER_V1,Australia,Australian Bureau of Statistics,Software licences / SaaS resale,AWARD_FIRST_EVIDENCE,58,144326.875,75.01586206896552
AUSTENDER_V1,Australia,Services Australia,Printing / mailing / routing,AWARD_FIRST_EVIDENCE,56,17418.5,70.02571428571429
AUSTENDER_V1,Australia,Department of the Prime Minister and Cabinet,Event support / production,AWARD_FIRST_EVIDENCE,56,23174.25,57.33
AUSTENDER_V1,Australia,Austrade,Hardware / AV resale,AWARD_FIRST_EVIDENCE,54,44311.619999999995,70.76222222222222
AUSTENDER_V1,Australia,Australian Federal Police,Uniforms / PPE resale,AWARD_FIRST_EVIDENCE,54,49125.755000000005,60.31333333333333
AUSTENDER_V1,Australia,Old Parliament House,OTHER / OPEN WORLD,AWARD_FIRST_EVIDENCE,54,179809.715,51.464444444444446
AUSTENDER_V1,Australia,Office of the Inspector-General of Intelligence and Security,OTHER / OPEN WORLD,AWARD_FIRST_EVIDENCE,53,31000.0,47.750188679245284
AUSTENDER_V1,Australia,National Gallery of Australia,OTHER / OPEN WORLD,AWARD_FIRST_EVIDENCE,51,963924.0,52.203529411764706
AUSTENDER_V1,Australia,Regional Investment Corporation,OTHER / OPEN WORLD,AWARD_FIRST_EVIDENCE,49,213000.0,51.724489795918366
AUSTENDER_V1,Australia,Geoscience Australia,Hardware / AV resale,AWARD_FIRST_EVIDENCE,47,28000.0,68.45106382978723
AUSTENDER_V1,Australia,Australian War Memorial,OTHER / OPEN WORLD,AWARD_FIRST_EVIDENCE,47,897835.91,53.969787234042556
AUSTENDER_V1,Australia,Australian Naval Nuclear Power Safety Regulator,OTHER / OPEN WORLD,AWARD_FIRST_EVIDENCE,47,44650.76,49.45191489361702
AUSTENDER_V1,Australia,Department of the Senate,OTHER / OPEN WORLD,AWARD_FIRST_EVIDENCE,47,37000.0,48.33489361702128
AUSTENDER_V1,Australia,Department of Home Affairs,Hardware / AV resale,AWARD_FIRST_EVIDENCE,46,66322.26000000001,71.25782608695653
AUSTENDER_V1,Australia,Department of Defence,Survey / market research,AWARD_FIRST_EVIDENCE,43,43725.0,71.9553488372093
AUSTENDER_V1,Australia,Department of the Prime Minister and Cabinet,Recruitment / temporary staffing,AWARD_FIRST_EVIDENCE,43,22880.0,57.49767441860465
AUSTENDER_V1,Australia,Asbestos and Silica Safety and Eradication Agency,OTHER / OPEN WORLD,AWARD_FIRST_EVIDENCE,43,22660.0,48.81581395348837
AUSTENDER_V1,Australia,Attorney-General's Department,Hardware / AV resale,AWARD_FIRST_EVIDENCE,40,157500.0,71.82
AUSTENDER_V1,Australia,Bureau of Meteorology,Hardware / AV resale,AWARD_FIRST_EVIDENCE,40,113961.8,67.1565
AUSTENDER_V1,Australia,Department of Foreign Affairs and Trade,Recruitment / temporary staffing,AWARD_FIRST_EVIDENCE,40,32219.5,57.85
AUSTENDER_V1,Australia,Independent Health and Aged Care Pricing Authority,OTHER / OPEN WORLD,AWARD_FIRST_EVIDENCE,40,706961.75,52.8475
AUSTENDER_V1,Australia,Australian Taxation Office,Recruitment / temporary staffing,AWARD_FIRST_EVIDENCE,39,29882.24,59.04615384615385
AUSTENDER_V1,Australia,Export Finance Australia,OTHER / OPEN WORLD,AWARD_FIRST_EVIDENCE,39,668880.3,53.72769230769231
AUSTENDER_V1,Australia,Department of Defence,Graphic design / layout / DTP,AWARD_FIRST_EVIDENCE,38,24002.55,71.94631578947369
AUSTENDER_V1,Australia,Australian Federal Police,Recruitment / temporary staffing,AWARD_FIRST_EVIDENCE,38,39641.740000000005,58.9
AUSTENDER_V1,Australia,Department of Defence,Event support / production,AWARD_FIRST_EVIDENCE,38,26717.5,57.68684210526316
AUSTENDER_V1,Australia,Australian Institute of Health and Welfare,OTHER / OPEN WORLD,AWARD_FIRST_EVIDENCE,38,651261.0,54.123684210526314
AUSTENDER_V1,Australia,Inspector-General of Taxation,OTHER / OPEN WORLD,AWARD_FIRST_EVIDENCE,38,24600.0,47.56947368421053
AUSTENDER_V1,Australia,Department of Social Services,Recruitment / temporary staffing,AWARD_FIRST_EVIDENCE,37,21520.69,57.77297297297297
AUSTENDER_V1,Australia,Australian Nuclear Science and Technology Organisation,OTHER / OPEN WORLD,AWARD_FIRST_EVIDENCE,37,953500.0,53.112432432432435
AUSTENDER_V1,Australia,Department of Foreign Affairs and Trade,Software licences / SaaS resale,AWARD_FIRST_EVIDENCE,36,101100.055,74.74
AUSTENDER_V1,Australia,Department of Defence,Signage / display production,AWARD_FIRST_EVIDENCE,34,26113.015,68.52529411764706
AUSTENDER_V1,Australia,Department of Home Affairs,Recruitment / temporary staffing,AWARD_FIRST_EVIDENCE,34,22000.0,58.0
AUSTENDER_V1,Australia,"Department of Health, Disability and Ageing",Software licences / SaaS resale,AWARD_FIRST_EVIDENCE,33,216978.76,76.20545454545454
AUSTENDER_V1,Australia,Department of Education,Hardware / AV resale,AWARD_FIRST_EVIDENCE,33,296296.0,75.34363636363636
AUSTENDER_V1,Australia,Australian Criminal Intelligence Commission,Software licences / SaaS resale,AWARD_FIRST_EVIDENCE,33,91947.9,74.76545454545455
AUSTENDER_V1,Australia,"Department of Climate Change, Energy, the Environment and Water",Software licences / SaaS resale,AWARD_FIRST_EVIDENCE,31,72089.6,73.24129032258064
AUSTENDER_V1,Australia,"Department of Infrastructure, Transport, Regional Development, Communications, Sport and the Arts",Hardware / AV resale,AWARD_FIRST_EVIDENCE,30,116961.5,72.916
AUSTENDER_V1,Australia,"Department of Industry, Science and Resources",Hardware / AV resale,AWARD_FIRST_EVIDENCE,30,69334.655,66.272
AUSTENDER_V1,Australia,"Department of Industry, Science and Resources",Printing / mailing / routing,AWARD_FIRST_EVIDENCE,27,24640.0,71.49555555555555
AUSTENDER_V1,Australia,Department of Finance,Recruitment / temporary staffing,AWARD_FIRST_EVIDENCE,27,25455.42,58.0
AUSTENDER_V1,Australia,Independent Parliamentary Expenses Authority,OTHER / OPEN WORLD,AWARD_FIRST_EVIDENCE,27,56000.0,49.284444444444446
AUSTENDER_V1,Australia,Department of Finance,Software licences / SaaS resale,AWARD_FIRST_EVIDENCE,26,75700.0,74.16153846153846
AUSTENDER_V1,Australia,Attorney-General's Department,Recruitment / temporary staffing,AWARD_FIRST_EVIDENCE,26,32000.0,59.52307692307692
AUSTENDER_V1,Australia,Department of Employment and Workplace Relations,Software licences / SaaS resale,AWARD_FIRST_EVIDENCE,25,63075.69,73.9832
AUSTENDER_V1,Australia,"Department of Infrastructure, Transport, Regional Development, Communications and the Arts",Hardware / AV resale,AWARD_FIRST_EVIDENCE,25,67347.5,70.92
AUSTENDER_V1,Australia,National Mental Health Commission,OTHER / OPEN WORLD,AWARD_FIRST_EVIDENCE,25,24573.3,46.1464
AUSTENDER_V1,Australia,Australian Centre for International Agricultural Research,Hardware / AV resale,AWARD_FIRST_EVIDENCE,24,40049.5,71.77
AUSTENDER_V1,Australia,"Department of Climate Change, Energy, the Environment and Water",Graphic design / layout / DTP,AWARD_FIRST_EVIDENCE,24,22746.9,71.0925
AUSTENDER_V1,Australia,Department of Finance,Hardware / AV resale,AWARD_FIRST_EVIDENCE,24,56028.145000000004,67.1725
AUSTENDER_V1,Australia,Australian Institute of Marine Science,OTHER / OPEN WORLD,AWARD_FIRST_EVIDENCE,24,529413.5,53.1025
AUSTENDER_V1,Australia,Australian Human Rights Commission,OTHER / OPEN WORLD,AWARD_FIRST_EVIDENCE,24,189600.0,52.7625
AUSTENDER_V1,Australia,Attorney-General's Department,Translation,AWARD_FIRST_EVIDENCE,23,15000.0,73.32608695652173
AUSTENDER_V1,Australia,Department of Veterans' Affairs,Hardware / AV resale,AWARD_FIRST_EVIDENCE,23,134548.88,72.44347826086957
AUSTENDER_V1,Australia,Department of Defence,Courier / mail fulfilment,AWARD_FIRST_EVIDENCE,23,17360.2,56.86086956521739
AUSTENDER_V1,Australia,Department of Social Services,Software licences / SaaS resale,AWARD_FIRST_EVIDENCE,22,181118.855,75.88181818181818
AUSTENDER_V1,Australia,Department of Parliamentary Services,Hardware / AV resale,AWARD_FIRST_EVIDENCE,22,62181.935,63.627272727272725
AUSTENDER_V1,Australia,Services Australia,Recruitment / temporary staffing,AWARD_FIRST_EVIDENCE,22,31500.0,59.25454545454546
AUSTENDER_V1,Australia,Attorney-General's Department,Software licences / SaaS resale,AWARD_FIRST_EVIDENCE,21,102653.65,74.87142857142857
AUSTENDER_V1,Australia,National Indigenous Australians Agency,Hardware / AV resale,AWARD_FIRST_EVIDENCE,21,78430.0,72.85714285714286
AUSTENDER_V1,Australia,Office of the Inspector-General of Aged Care,OTHER / OPEN WORLD,AWARD_FIRST_EVIDENCE,21,30000.0,48.065714285714286
AUSTENDER_V1,Australia,Commonwealth Grants Commission,OTHER / OPEN WORLD,AWARD_FIRST_EVIDENCE,21,25000.0,45.77142857142857
AUSTENDER_V1,Australia,Department of Social Services,Hardware / AV resale,AWARD_FIRST_EVIDENCE,20,450000.0,76.44
AUSTENDER_V1,Australia,Department of Home Affairs,Translation,AWARD_FIRST_EVIDENCE,20,65006.774999999994,76.159
AUSTENDER_V1,Australia,Digital Transformation Agency,Software licences / SaaS resale,AWARD_FIRST_EVIDENCE,20,84086.98,75.428
AUSTENDER_V1,Australia,Department of Foreign Affairs and Trade,Survey / market research,AWARD_FIRST_EVIDENCE,20,55206.325,72.003
AUSTENDER_V1,Australia,Australian Securities and Investments Commission,Hardware / AV resale,AWARD_FIRST_EVIDENCE,20,141255.505,67.056
AUSTENDER_V1,Australia,Australian Signals Directorate,Recruitment / temporary staffing,AWARD_FIRST_EVIDENCE,20,23330.985,57.808
AUSTENDER_V1,Australia,Parliamentary Budget Office,OTHER / OPEN WORLD,AWARD_FIRST_EVIDENCE,20,30015.0,48.865
AUSTENDER_V1,Australia,National Health Funding Body,OTHER / OPEN WORLD,AWARD_FIRST_EVIDENCE,20,44430.0,48.037
AUSTENDER_V1,Australia,CSIRO,Hardware / AV resale,AWARD_FIRST_EVIDENCE,19,1200000.0,73.47157894736841
AUSTENDER_V1,Australia,Australian Fisheries Management Authority,Hardware / AV resale,AWARD_FIRST_EVIDENCE,19,138459.8,73.00421052631579
AUSTENDER_V1,Australia,Australian Competition and Consumer Commission,Hardware / AV resale,AWARD_FIRST_EVIDENCE,19,31000.0,65.64631578947369
AUSTENDER_V1,Australia,Office of the Special Investigator,OTHER / OPEN WORLD,AWARD_FIRST_EVIDENCE,19,42000.0,48.54210526315789
AUSTENDER_V1,Australia,Australian Securities and Investments Commission,Software licences / SaaS resale,AWARD_FIRST_EVIDENCE,18,157075.07,76.06
AUSTENDER_V1,Australia,Defence and Veterans' Service Commission,OTHER / OPEN WORLD,AWARD_FIRST_EVIDENCE,18,65072.92,49.266666666666666
AUSTENDER_V1,Australia,National Archives of Australia,Document digitization / OCR / scanning,AWARD_FIRST_EVIDENCE,17,630000.0,78.4364705882353
AUSTENDER_V1,Australia,Future Fund Management Agency,Software licences / SaaS resale,AWARD_FIRST_EVIDENCE,17,50610.42,73.76352941176471
AUSTENDER_V1,Australia,Cancer Australia,Website / CMS build or redesign,AWARD_FIRST_EVIDENCE,16,37096.575,77.125
AUSTENDER_V1,Australia,Department of Home Affairs,Survey / market research,AWARD_FIRST_EVIDENCE,16,375881.0,75.285
AUSTENDER_V1,Australia,Services Australia,Survey / market research,AWARD_FIRST_EVIDENCE,16,131346.965,73.935
AUSTENDER_V1,Australia,Royal Australian Mint,Hardware / AV resale,AWARD_FIRST_EVIDENCE,16,34775.945,64.80375
AUSTENDER_V1,Australia,Federal Court of Australia,Hardware / AV resale,AWARD_FIRST_EVIDENCE,16,82779.4,63.66375
AUSTENDER_V1,Australia,Department of Foreign Affairs and Trade,Courier / mail fulfilment,AWARD_FIRST_EVIDENCE,16,35724.91,57.35
AUSTENDER_V1,Australia,Australian Competition and Consumer Commission,Website / CMS build or redesign,AWARD_FIRST_EVIDENCE,15,226688.0,80.04
AUSTENDER_V1,Australia,Department of Education,Recruitment / temporary staffing,AWARD_FIRST_EVIDENCE,15,18118.75,56.88
AUSTENDER_V1,Australia,Department of Parliamentary Services,Recruitment / temporary staffing,AWARD_FIRST_EVIDENCE,15,17637.71,56.32
AUSTENDER_V1,Australia,National Museum of Australia,OTHER / OPEN WORLD,AWARD_FIRST_EVIDENCE,15,745129.0,52.816
AUSTENDER_V1,Australia,Department of Finance,Website / CMS build or redesign,AWARD_FIRST_EVIDENCE,14,120188.71,79.12857142857143
AUSTENDER_V1,Australia,NDIS Quality and Safeguards Commission,Software licences / SaaS resale,AWARD_FIRST_EVIDENCE,14,118064.88500000001,75.15714285714286
AUSTENDER_V1,Australia,Department of Social Services,Survey / market research,AWARD_FIRST_EVIDENCE,14,194340.0,74.53714285714285
AUSTENDER_V1,Australia,Cancer Australia,Hardware / AV resale,AWARD_FIRST_EVIDENCE,14,120271.0,73.26428571428572
AUSTENDER_V1,Australia,Department of Home Affairs,Training / e-learning,AWARD_FIRST_EVIDENCE,14,14300.0,68.95714285714286
AUSTENDER_V1,Australia,Australian Prudential Regulation Authority,Hardware / AV resale,AWARD_FIRST_EVIDENCE,14,79015.75,63.214285714285715
AUSTENDER_V1,Australia,Department of Employment and Workplace Relations,Recruitment / temporary staffing,AWARD_FIRST_EVIDENCE,14,26400.0,57.76428571428571
AUSTENDER_V1,Australia,Austrade,Training / e-learning,AWARD_FIRST_EVIDENCE,13,48675.0,69.55384615384615
AUSTENDER_V1,Australia,Australian Criminal Intelligence Commission,Hardware / AV resale,AWARD_FIRST_EVIDENCE,13,110089.1,63.276923076923076
AUSTENDER_V1,Australia,"Domestic, Family and Sexual Violence Commission",OTHER / OPEN WORLD,AWARD_FIRST_EVIDENCE,13,55000.0,51.96769230769231
AUSTENDER_V1,Australia,Cancer Australia,Website support / accessibility / hosting,AWARD_FIRST_EVIDENCE,12,50794.3,76.955
AUSTENDER_V1,Australia,Grains Research and Development Corporation,Hardware / AV resale,AWARD_FIRST_EVIDENCE,12,354746.0,76.82
AUSTENDER_V1,Australia,"Department of Industry, Science and Resources",Software licences / SaaS resale,AWARD_FIRST_EVIDENCE,12,32986.25,72.9
AUSTENDER_V1,Australia,Australian Electoral Commission,Hardware / AV resale,AWARD_FIRST_EVIDENCE,12,77587.5,71.705
AUSTENDER_V1,Australia,Department of Defence,Video production / post-production,AWARD_FIRST_EVIDENCE,12,38187.67,71.15
AUSTENDER_V1,Australia,Department of Foreign Affairs and Trade,Graphic design / layout / DTP,AWARD_FIRST_EVIDENCE,12,22627.0,70.365
AUSTENDER_V1,Australia,Australian Communications and Media Authority,Hardware / AV resale,AWARD_FIRST_EVIDENCE,12,29575.0,67.4
AUSTENDER_V1,Australia,"Department of Infrastructure, Transport, Regional Development, Communications and the Arts",Training / e-learning,AWARD_FIRST_EVIDENCE,12,12791.625,66.1
AUSTENDER_V1,Australia,Administrative Review Tribunal,Hardware / AV resale,AWARD_FIRST_EVIDENCE,12,40153.3,62.825
AUSTENDER_V1,Australia,NDIS Quality and Safeguards Commission,Recruitment / temporary staffing,AWARD_FIRST_EVIDENCE,12,81833.545,59.3
AUSTENDER_V1,Australia,Attorney-General's Department,Event support / production,AWARD_FIRST_EVIDENCE,12,56000.0,57.3
AUSTENDER_V1,Australia,Reserve Bank of Australia,Software licences / SaaS resale,AWARD_FIRST_EVIDENCE,11,2516719.13,79.40545454545455
AUSTENDER_V1,Australia,Department of Defence,Document digitization / OCR / scanning,AWARD_FIRST_EVIDENCE,11,150000.0,77.98727272727272
AUSTENDER_V1,Australia,Australian Transaction Reports and Analysis Centre,Software licences / SaaS resale,AWARD_FIRST_EVIDENCE,11,205722.0,76.15454545454546
AUSTENDER_V1,Australia,Department of the Prime Minister and Cabinet,Translation,AWARD_FIRST_EVIDENCE,11,23453.1,74.62545454545455
AUSTENDER_V1,Australia,Department of the Prime Minister and Cabinet,Hardware / AV resale,AWARD_FIRST_EVIDENCE,11,64685.5,73.82727272727273
AUSTENDER_V1,Australia,IP Australia,Software licences / SaaS resale,AWARD_FIRST_EVIDENCE,11,59443.88,73.58
AUSTENDER_V1,Australia,Department of Health and Aged Care,Printing / mailing / routing,AWARD_FIRST_EVIDENCE,11,40458.0,71.90363636363637
AUSTENDER_V1,Australia,Australian Transaction Reports and Analysis Centre,Hardware / AV resale,AWARD_FIRST_EVIDENCE,11,245683.1,70.14545454545454
AUSTENDER_V1,Australia,"Department of Health, Disability and Ageing",Recruitment / temporary staffing,AWARD_FIRST_EVIDENCE,11,169400.0,62.88181818181818
AUSTENDER_V1,Australia,Future Fund Management Agency,Recruitment / temporary staffing,AWARD_FIRST_EVIDENCE,11,54450.0,59.74545454545454
AUSTENDER_V1,Australia,Australian Criminal Intelligence Commission,Recruitment / temporary staffing,AWARD_FIRST_EVIDENCE,11,17800.0,56.472727272727276
AUSTENDER_V1,Australia,Australian Pesticides and Veterinary Medicines Authority,OTHER / OPEN WORLD,AWARD_FIRST_EVIDENCE,11,865000.0,55.20181818181818
AUSTENDER_V1,Australia,National Anti-Corruption Commission,Software licences / SaaS resale,AWARD_FIRST_EVIDENCE,10,157566.14,75.62
AUSTENDER_V1,Australia,Australian Competition and Consumer Commission,Software licences / SaaS resale,AWARD_FIRST_EVIDENCE,10,43562.32,73.46
AUSTENDER_V1,Australia,National Emergency Management Agency,Hardware / AV resale,AWARD_FIRST_EVIDENCE,10,175747.925,73.32
AUSTENDER_V1,Australia,Austrade,Survey / market research,AWARD_FIRST_EVIDENCE,10,85800.0,73.32
AUSTENDER_V1,Australia,Department of Foreign Affairs and Trade,Printing / mailing / routing,AWARD_FIRST_EVIDENCE,10,32449.02,71.86
AUSTENDER_V1,Australia,Australian Institute of Family Studies,Hardware / AV resale,AWARD_FIRST_EVIDENCE,10,96534.08499999999,70.122
AUSTENDER_V1,Australia,National Capital Authority,Signage / display production,AWARD_FIRST_EVIDENCE,10,20607.5,68.88
AUSTENDER_V1,Australia,Great Barrier Reef Marine Park Authority,Hardware / AV resale,AWARD_FIRST_EVIDENCE,10,33947.65,66.486
AUSTENDER_V1,Australia,Department of the Prime Minister and Cabinet,Courier / mail fulfilment,AWARD_FIRST_EVIDENCE,10,52500.0,55.16
AUSTENDER_V1,Australia,Federal Court of Australia,Transcription / captioning,AWARD_FIRST_EVIDENCE,9,1000000.0,83.23333333333333
AUSTENDER_V1,Australia,Department of Veterans' Affairs,Website / CMS build or redesign,AWARD_FIRST_EVIDENCE,9,117000.0,79.2
AUSTENDER_V1,Australia,Australian Digital Health Agency,Software licences / SaaS resale,AWARD_FIRST_EVIDENCE,9,1356103.48,78.32666666666667
AUSTENDER_V1,Australia,Aged Care Quality and Safety Commission,Transcription / captioning,AWARD_FIRST_EVIDENCE,9,40000.0,77.5
AUSTENDER_V1,Australia,Department of Health and Aged Care,Software licences / SaaS resale,AWARD_FIRST_EVIDENCE,9,363775.0,76.48666666666666
AUSTENDER_V1,Australia,Department of Defence,Transcription / captioning,AWARD_FIRST_EVIDENCE,9,55000.0,75.96666666666667
AUSTENDER_V1,Australia,Austrade,Social media / community management,AWARD_FIRST_EVIDENCE,9,36883.0,74.57333333333334
AUSTENDER_V1,Australia,Services Australia,Translation,AWARD_FIRST_EVIDENCE,9,15385.0,74.21333333333334
AUSTENDER_V1,Australia,Australian Federal Police,Graphic design / layout / DTP,AWARD_FIRST_EVIDENCE,9,50660.01,73.02
AUSTENDER_V1,Australia,Department of Finance,Signage / display production,AWARD_FIRST_EVIDENCE,9,13711.5,65.16
AUSTENDER_V1,Australia,Department of Employment and Workplace Relations,Call centre / helpdesk operations,AWARD_FIRST_EVIDENCE,9,360000.0,64.72666666666667
AUSTENDER_V1,Australia,Office of Parliamentary Counsel,Hardware / AV resale,AWARD_FIRST_EVIDENCE,9,63840.0,61.666666666666664
AUSTENDER_V1,Australia,Australian Bureau of Statistics,Recruitment / temporary staffing,AWARD_FIRST_EVIDENCE,9,27500.0,58.666666666666664
AUSTENDER_V1,Australia,Department of Foreign Affairs and Trade,Uniforms / PPE resale,AWARD_FIRST_EVIDENCE,9,12639.75,58.48
AUSTENDER_V1,Australia,Australian Submarine Agency,Recruitment / temporary staffing,AWARD_FIRST_EVIDENCE,9,19739.9,57.653333333333336
AUSTENDER_V1,Australia,"Department of Agriculture, Fisheries and Forestry",Courier / mail fulfilment,AWARD_FIRST_EVIDENCE,9,30000.0,56.06666666666667
AUSTENDER_V1,Australia,Sydney Harbour Federation Trust,OTHER / OPEN WORLD,AWARD_FIRST_EVIDENCE,9,754026.5,53.526666666666664
AUSTENDER_V1,Australia,Australian National Maritime Museum,OTHER / OPEN WORLD,AWARD_FIRST_EVIDENCE,9,2097095.39,51.96666666666667
AUSTENDER_V1,Australia,CSIRO,Software licences / SaaS resale,AWARD_FIRST_EVIDENCE,8,850401.0900000001,78.56
AUSTENDER_V1,Australia,"Department of Health, Disability and Ageing",Translation,AWARD_FIRST_EVIDENCE,8,169512.9,77.7625
AUSTENDER_V1,Australia,Department of Employment and Workplace Relations,Translation,AWARD_FIRST_EVIDENCE,8,74998.5,76.795
AUSTENDER_V1,Australia,Office of the Director of Public Prosecutions,Software licences / SaaS resale,AWARD_FIRST_EVIDENCE,8,90467.295,75.02
AUSTENDER_V1,Australia,Australian Digital Health Agency,Hardware / AV resale,AWARD_FIRST_EVIDENCE,8,1113760.62,73.755
AUSTENDER_V1,Australia,Federal Court of Australia,Software licences / SaaS resale,AWARD_FIRST_EVIDENCE,8,134079.0,72.6125
AUSTENDER_V1,Australia,Department of Defence,Training / e-learning,AWARD_FIRST_EVIDENCE,8,53970.1,70.77
AUSTENDER_V1,Australia,Australian Competition and Consumer Commission,Training / e-learning,AWARD_FIRST_EVIDENCE,8,51044.58,70.6125
AUSTENDER_V1,Australia,Australian Federal Police,Printing / mailing / routing,AWARD_FIRST_EVIDENCE,8,21720.6,70.54
AUSTENDER_V1,Australia,Department of Social Services,Printing / mailing / routing,AWARD_FIRST_EVIDENCE,8,22017.5,70.54
AUSTENDER_V1,Australia,Office of the eSafety Commissioner,Hardware / AV resale,AWARD_FIRST_EVIDENCE,8,73652.15,70.5
AUSTENDER_V1,Australia,Department of Foreign Affairs and Trade,Media / press monitoring,AWARD_FIRST_EVIDENCE,8,15685.630000000001,69.79
AUSTENDER_V1,Australia,Australian Federal Police,Promotional merchandise,AWARD_FIRST_EVIDENCE,8,15717.185000000001,69.11
AUSTENDER_V1,Australia,Bureau of Meteorology,Training / e-learning,AWARD_FIRST_EVIDENCE,8,15588.375,67.35
AUSTENDER_V1,Australia,Office of the Australian Accounting Standards Board,Hardware / AV resale,AWARD_FIRST_EVIDENCE,8,35791.03,63.5625
AUSTENDER_V1,Australia,Department of Foreign Affairs and Trade,Office supplies / consumables resale,AWARD_FIRST_EVIDENCE,8,23292.25,62.55
AUSTENDER_V1,Australia,Australian Competition and Consumer Commission,Recruitment / temporary staffing,AWARD_FIRST_EVIDENCE,8,60497.5,60.64
AUSTENDER_V1,Australia,"Department of Infrastructure, Transport, Regional Development, Communications, Sport and the Arts",Recruitment / temporary staffing,AWARD_FIRST_EVIDENCE,8,57433.875,59.5
AUSTENDER_V1,Australia,Office of the Commonwealth Ombudsman,Software licences / SaaS resale,AWARD_FIRST_EVIDENCE,7,304050.11,75.5
AUSTENDER_V1,Australia,Department of Health and Aged Care,Graphic design / layout / DTP,AWARD_FIRST_EVIDENCE,7,35299.0,74.90571428571428
AUSTENDER_V1,Australia,Department of Health and Aged Care,Survey / market research,AWARD_FIRST_EVIDENCE,7,123744.5,74.70857142857143
AUSTENDER_V1,Australia,Department of Foreign Affairs and Trade,Translation,AWARD_FIRST_EVIDENCE,7,17489.11,74.25142857142858
AUSTENDER_V1,Australia,Australian Fisheries Management Authority,Software licences / SaaS resale,AWARD_FIRST_EVIDENCE,7,54023.2,73.61428571428571
AUSTENDER_V1,Australia,"Department of Climate Change, Energy, the Environment and Water",Survey / market research,AWARD_FIRST_EVIDENCE,7,136400.0,73.33714285714285
AUSTENDER_V1,Australia,Productivity Commission,Software licences / SaaS resale,AWARD_FIRST_EVIDENCE,7,46866.12,73.1
AUSTENDER_V1,Australia,"Department of Agriculture, Fisheries and Forestry",Graphic design / layout / DTP,AWARD_FIRST_EVIDENCE,7,34360.0,72.16285714285715
AUSTENDER_V1,Australia,Department of Education,Training / e-learning,AWARD_FIRST_EVIDENCE,7,340294.5,71.85428571428571
AUSTENDER_V1,Australia,Department of Employment and Workplace Relations,Graphic design / layout / DTP,AWARD_FIRST_EVIDENCE,7,24200.0,70.96285714285715
AUSTENDER_V1,Australia,Aged Care Quality and Safety Commission,Training / e-learning,AWARD_FIRST_EVIDENCE,7,98246.0,70.5
AUSTENDER_V1,Australia,Australian National Audit Office,Hardware / AV resale,AWARD_FIRST_EVIDENCE,7,174515.0,69.49714285714286
AUSTENDER_V1,Australia,National Archives of Australia,Hardware / AV resale,AWARD_FIRST_EVIDENCE,7,77000.0,68.65714285714286
AUSTENDER_V1,Australia,"Department of Climate Change, Energy, the Environment and Water",Training / e-learning,AWARD_FIRST_EVIDENCE,7,19800.0,67.88571428571429
AUSTENDER_V1,Australia,Australian Radiation Protection and Nuclear Safety Agency,Hardware / AV resale,AWARD_FIRST_EVIDENCE,7,30000.0,67.12285714285714
AUSTENDER_V1,Australia,Productivity Commission,Hardware / AV resale,AWARD_FIRST_EVIDENCE,7,60497.68,64.62857142857143
AUSTENDER_V1,Australia,Department of Foreign Affairs and Trade - Australian Aid Program,Recruitment / temporary staffing,AWARD_FIRST_EVIDENCE,7,1067560.78,63.28
AUSTENDER_V1,Australia,Office of the Official Secretary to the Governor-General,Hardware / AV resale,AWARD_FIRST_EVIDENCE,7,29573.74,62.357142857142854
AUSTENDER_V1,Australia,Regional Investment Corporation,Call centre / helpdesk operations,AWARD_FIRST_EVIDENCE,7,155000.0,61.965714285714284
AUSTENDER_V1,Australia,Austrade,Event support / production,AWARD_FIRST_EVIDENCE,7,27744.53,59.91428571428571
AUSTENDER_V1,Australia,Austrade,Recruitment / temporary staffing,AWARD_FIRST_EVIDENCE,7,46200.0,58.34285714285714
AUSTENDER_V1,Australia,Bureau of Meteorology,Recruitment / temporary staffing,AWARD_FIRST_EVIDENCE,7,21370.17,57.142857142857146
AUSTENDER_V1,Australia,Australian Skills Quality Authority,Recruitment / temporary staffing,AWARD_FIRST_EVIDENCE,7,17223.0,56.457142857142856
AUSTENDER_V1,Australia,Bureau of Meteorology,Courier / mail fulfilment,AWARD_FIRST_EVIDENCE,7,18762.43,55.22857142857143
AUSTENDER_V1,Australia,Asbestos Safety and Eradication Agency,OTHER / OPEN WORLD,AWARD_FIRST_EVIDENCE,7,82500.0,49.222857142857144
AUSTENDER_V1,Australia,Services Australia,Transcription / captioning,AWARD_FIRST_EVIDENCE,6,150000.0,80.5
AUSTENDER_V1,Australia,Department of Education,Website / CMS build or redesign,AWARD_FIRST_EVIDENCE,6,219498.4,80.3
AUSTENDER_V1,Australia,"Department of Health, Disability and Ageing",Website support / accessibility / hosting,AWARD_FIRST_EVIDENCE,6,306193.8,79.44
AUSTENDER_V1,Australia,Australian Securities and Investments Commission,Website / CMS build or redesign,AWARD_FIRST_EVIDENCE,6,219176.6,79.38
AUSTENDER_V1,Australia,Professional Services Review,Transcription / captioning,AWARD_FIRST_EVIDENCE,6,110000.0,79.15
AUSTENDER_V1,Australia,Bureau of Meteorology,Software licences / SaaS resale,AWARD_FIRST_EVIDENCE,6,634201.14,77.78
AUSTENDER_V1,Australia,Department of Defence,Website / CMS build or redesign,AWARD_FIRST_EVIDENCE,6,48323.705,77.1
AUSTENDER_V1,Australia,Office of the eSafety Commissioner,Social media / community management,AWARD_FIRST_EVIDENCE,6,155100.0,75.39
AUSTENDER_V1,Australia,Services Australia,Media / press monitoring,AWARD_FIRST_EVIDENCE,6,127438.0,74.74
AUSTENDER_V1,Australia,Australian Human Rights Commission,Hardware / AV resale,AWARD_FIRST_EVIDENCE,6,274824.48,74.5
AUSTENDER_V1,Australia,"Department of Infrastructure, Transport, Regional Development, Communications and the Arts",Survey / market research,AWARD_FIRST_EVIDENCE,6,159709.03,74.48
AUSTENDER_V1,Australia,Australian Taxation Office,Translation,AWARD_FIRST_EVIDENCE,6,24951.3,74.19
AUSTENDER_V1,Australia,Office of the Fair Work Ombudsman,Software licences / SaaS resale,AWARD_FIRST_EVIDENCE,6,87952.595,74.1
AUSTENDER_V1,Australia,Tertiary Education Quality and Standards Agency,Software licences / SaaS resale,AWARD_FIRST_EVIDENCE,6,74250.0,73.5
AUSTENDER_V1,Australia,Department of Veterans' Affairs,Graphic design / layout / DTP,AWARD_FIRST_EVIDENCE,6,25000.0,72.42
AUSTENDER_V1,Australia,Murray-Darling Basin Authority,Hardware / AV resale,AWARD_FIRST_EVIDENCE,6,662520.085,71.96
AUSTENDER_V1,Australia,National Indigenous Australians Agency,Graphic design / layout / DTP,AWARD_FIRST_EVIDENCE,6,30470.0,71.42
AUSTENDER_V1,Australia,"Department of Agriculture, Fisheries and Forestry",Training / e-learning,AWARD_FIRST_EVIDENCE,6,105382.0,71.4
AUSTENDER_V1,Australia,Fair Work Commission,Software licences / SaaS resale,AWARD_FIRST_EVIDENCE,6,29118.120000000003,70.7
AUSTENDER_V1,Australia,"Department of Agriculture, Fisheries and Forestry",Printing / mailing / routing,AWARD_FIRST_EVIDENCE,6,26000.0,69.94
AUSTENDER_V1,Australia,Department of the Prime Minister and Cabinet,Printing / mailing / routing,AWARD_FIRST_EVIDENCE,6,20270.25,69.94
AUSTENDER_V1,Australia,Office of the eSafety Commissioner,Software licences / SaaS resale,AWARD_FIRST_EVIDENCE,6,78925.0,69.65
AUSTENDER_V1,Australia,Australian Centre for International Agricultural Research,Graphic design / layout / DTP,AWARD_FIRST_EVIDENCE,6,14340.5,69.02
AUSTENDER_V1,Australia,National Archives of Australia,Training / e-learning,AWARD_FIRST_EVIDENCE,6,21041.625,68.7
AUSTENDER_V1,Australia,"Department of Health, Disability and Ageing",Training / e-learning,AWARD_FIRST_EVIDENCE,6,16390.0,68.65
AUSTENDER_V1,Australia,Aged Care Quality and Safety Commission,Hardware / AV resale,AWARD_FIRST_EVIDENCE,6,73070.825,67.78
AUSTENDER_V1,Australia,Australian Submarine Agency,Hardware / AV resale,AWARD_FIRST_EVIDENCE,6,18206.16,67.3
AUSTENDER_V1,Australia,Australian Bureau of Statistics,Hardware / AV resale,AWARD_FIRST_EVIDENCE,6,146614.6,66.5
AUSTENDER_V1,Australia,Future Fund Management Agency,Hardware / AV resale,AWARD_FIRST_EVIDENCE,6,76270.35,64.8
AUSTENDER_V1,Australia,Professional Services Review,Hardware / AV resale,AWARD_FIRST_EVIDENCE,6,31608.690000000002,63.15
AUSTENDER_V1,Australia,National Anti-Corruption Commission,Hardware / AV resale,AWARD_FIRST_EVIDENCE,6,18920.0,63.15
AUSTENDER_V1,Australia,Australian Securities and Investments Commission,Recruitment / temporary staffing,AWARD_FIRST_EVIDENCE,6,196873.7,63.1
AUSTENDER_V1,Australia,Administrative Review Tribunal,Office supplies / consumables resale,AWARD_FIRST_EVIDENCE,6,49500.0,62.22
AUSTENDER_V1,Australia,"Department of Climate Change, Energy, the Environment and Water",Courier / mail fulfilment,AWARD_FIRST_EVIDENCE,6,42509.86,60.06
AUSTENDER_V1,Australia,Clean Energy Regulator,Recruitment / temporary staffing,AWARD_FIRST_EVIDENCE,6,22000.0,58.6
AUSTENDER_V1,Australia,National Emergency Management Agency,Recruitment / temporary staffing,AWARD_FIRST_EVIDENCE,6,30291.25,58.4
AUSTENDER_V1,Australia,Safe Work Australia,Recruitment / temporary staffing,AWARD_FIRST_EVIDENCE,6,23870.0,58.4
AUSTENDER_V1,Australia,Australian Public Service Commission,Event support / production,AWARD_FIRST_EVIDENCE,6,31643.025,58.2
AUSTENDER_V1,Australia,"Department of Agriculture, Fisheries and Forestry",Event support / production,AWARD_FIRST_EVIDENCE,6,40660.0,57.4
AUSTENDER_V1,Australia,Australian Law Reform Commission,OTHER / OPEN WORLD,AWARD_FIRST_EVIDENCE,6,23398.66,47.65
AUSTENDER_V1,Australia,Department of Employment and Workplace Relations,Website / CMS build or redesign,AWARD_FIRST_EVIDENCE,5,297096.8,81.1
AUSTENDER_V1,Australia,Australian Taxation Office,Transcription / captioning,AWARD_FIRST_EVIDENCE,5,105000.0,80.38
AUSTENDER_V1,Australia,Department of Foreign Affairs and Trade,Website / CMS build or redesign,AWARD_FIRST_EVIDENCE,5,170992.0,80.38
AUSTENDER_V1,Australia,Office of the eSafety Commissioner,Website / CMS build or redesign,AWARD_FIRST_EVIDENCE,5,68695.0,78.94
AUSTENDER_V1,Australia,Australian Competition and Consumer Commission,Website support / accessibility / hosting,AWARD_FIRST_EVIDENCE,5,68880.0,77.92
AUSTENDER_V1,Australia,Aged Care Quality and Safety Commission,Translation,AWARD_FIRST_EVIDENCE,5,69210.68,76.24
AUSTENDER_V1,Australia,Geoscience Australia,Transcription / captioning,AWARD_FIRST_EVIDENCE,5,27692.5,75.58
AUSTENDER_V1,Australia,Australian Financial Security Authority,Software licences / SaaS resale,AWARD_FIRST_EVIDENCE,5,119350.0,74.3
AUSTENDER_V1,Australia,"Department of Agriculture, Fisheries and Forestry",Survey / market research,AWARD_FIRST_EVIDENCE,5,248096.0,74.16
AUSTENDER_V1,Australia,Geoscience Australia,Document digitization / OCR / scanning,AWARD_FIRST_EVIDENCE,5,61563.83,73.448
AUSTENDER_V1,Australia,Department of Parliamentary Services,Software licences / SaaS resale,AWARD_FIRST_EVIDENCE,5,39999.52,72.86
AUSTENDER_V1,Australia,"Department of Infrastructure, Transport, Regional Development, Communications and the Arts",Translation,AWARD_FIRST_EVIDENCE,5,13048.7,72.64
AUSTENDER_V1,Australia,Geoscience Australia,Training / e-learning,AWARD_FIRST_EVIDENCE,5,214038.0,72.42
AUSTENDER_V1,Australia,Productivity Commission,Media / press monitoring,AWARD_FIRST_EVIDENCE,5,73365.33,72.1
AUSTENDER_V1,Australia,"Department of Health, Disability and Ageing",Graphic design / layout / DTP,AWARD_FIRST_EVIDENCE,5,41972.0,72.06
AUSTENDER_V1,Australia,Australian Taxation Office,Hardware / AV resale,AWARD_FIRST_EVIDENCE,5,35000.0,71.832
AUSTENDER_V1,Australia,Australian Signals Directorate,Survey / market research,AWARD_FIRST_EVIDENCE,5,95802.28,71.76
AUSTENDER_V1,Australia,"Department of Infrastructure, Transport, Regional Development, Communications and the Arts",Software licences / SaaS resale,AWARD_FIRST_EVIDENCE,5,41000.0,71.18
AUSTENDER_V1,Australia,Office of the Official Secretary to the Governor-General,Software licences / SaaS resale,AWARD_FIRST_EVIDENCE,5,13270.35,70.22
AUSTENDER_V1,Australia,IP Australia,Hardware / AV resale,AWARD_FIRST_EVIDENCE,5,378576.0,70.08
AUSTENDER_V1,Australia,Safe Work Australia,Hardware / AV resale,AWARD_FIRST_EVIDENCE,5,62900.0,69.9
AUSTENDER_V1,Australia,Clean Energy Regulator,Hardware / AV resale,AWARD_FIRST_EVIDENCE,5,98945.0,67.86
AUSTENDER_V1,Australia,"Department of Infrastructure, Transport, Regional Development, Communications, Sport and the Arts",Training / e-learning,AWARD_FIRST_EVIDENCE,5,13035.0,66.84
AUSTENDER_V1,Australia,National Health and Medical Research Council,Hardware / AV resale,AWARD_FIRST_EVIDENCE,5,58811.5,66.78
AUSTENDER_V1,Australia,Office of the Commonwealth Ombudsman,Hardware / AV resale,AWARD_FIRST_EVIDENCE,5,69970.04,65.1
AUSTENDER_V1,Australia,Australian Federal Police,Office supplies / consumables resale,AWARD_FIRST_EVIDENCE,5,3640314.32,64.548
AUSTENDER_V1,Australia,Department of Veterans' Affairs,Recruitment / temporary staffing,AWARD_FIRST_EVIDENCE,5,330997.5,62.32
AUSTENDER_V1,Australia,High Speed Rail Authority,Recruitment / temporary staffing,AWARD_FIRST_EVIDENCE,5,113000.0,61.36
AUSTENDER_V1,Australia,Australian Financial Security Authority,Recruitment / temporary staffing,AWARD_FIRST_EVIDENCE,5,95000.0,60.64
AUSTENDER_V1,Australia,National Indigenous Australians Agency,Event support / production,AWARD_FIRST_EVIDENCE,5,41022.5,58.68
AUSTENDER_V1,Australia,National Offshore Petroleum Safety and Environmental Management Authority,OTHER / OPEN WORLD,AWARD_FIRST_EVIDENCE,5,180000.0,54.688
AUSTENDER_V1,Australia,"Department of Climate Change, Energy, the Environment and Water",Website / CMS build or redesign,AWARD_FIRST_EVIDENCE,4,335997.69,80.8
AUSTENDER_V1,Australia,Bureau of Meteorology,Website / CMS build or redesign,AWARD_FIRST_EVIDENCE,4,110400.0,79.3
AUSTENDER_V1,Australia,IP Australia,Website / CMS build or redesign,AWARD_FIRST_EVIDENCE,4,86877.7,79.3
AUSTENDER_V1,Australia,Productivity Commission,Website / CMS build or redesign,AWARD_FIRST_EVIDENCE,4,104513.0,78.7
AUSTENDER_V1,Australia,Australian Institute of Health and Welfare,Software licences / SaaS resale,AWARD_FIRST_EVIDENCE,4,1239895.5,78.62
AUSTENDER_V1,Australia,Australian Centre for Disease Control,Hardware / AV resale,AWARD_FIRST_EVIDENCE,4,853575.1,78.42
AUSTENDER_V1,Australia,"Department of Infrastructure, Transport, Regional Development, Communications, Sport and the Arts",Website / CMS build or redesign,AWARD_FIRST_EVIDENCE,4,63298.06,78.4
AUSTENDER_V1,Australia,Aged Care Quality and Safety Commission,Software licences / SaaS resale,AWARD_FIRST_EVIDENCE,4,2194400.05,78.14
AUSTENDER_V1,Australia,Department of Finance,Website support / accessibility / hosting,AWARD_FIRST_EVIDENCE,4,128246.0,77.8
AUSTENDER_V1,Australia,Department of Home Affairs,Social media / community management,AWARD_FIRST_EVIDENCE,4,175587.5,77.14
AUSTENDER_V1,Australia,Australian Financial Security Authority,Document digitization / OCR / scanning,AWARD_FIRST_EVIDENCE,4,94942.54000000001,77.06
AUSTENDER_V1,Australia,Department of Defence,Website support / accessibility / hosting,AWARD_FIRST_EVIDENCE,4,94285.62,76.48
AUSTENDER_V1,Australia,Department of Health and Aged Care,Translation,AWARD_FIRST_EVIDENCE,4,50538.45,75.865
AUSTENDER_V1,Australia,Geoscience Australia,Software licences / SaaS resale,AWARD_FIRST_EVIDENCE,4,105686.93,75.8
AUSTENDER_V1,Australia,Australian Bureau of Statistics,Printing / mailing / routing,AWARD_FIRST_EVIDENCE,4,492000.0,75.46
AUSTENDER_V1,Australia,Australian Securities and Investments Commission,Transcription / captioning,AWARD_FIRST_EVIDENCE,4,19593.75,75.1
AUSTENDER_V1,Australia,Australian Competition and Consumer Commission,Translation,AWARD_FIRST_EVIDENCE,4,24873.64,74.98
AUSTENDER_V1,Australia,Department of the Treasury,Software licences / SaaS resale,AWARD_FIRST_EVIDENCE,4,109829.5,74.9
AUSTENDER_V1,Australia,Department of Finance,Survey / market research,AWARD_FIRST_EVIDENCE,4,300615.9,74.88
AUSTENDER_V1,Australia,Australian Competition and Consumer Commission,Transcription / captioning,AWARD_FIRST_EVIDENCE,4,14830.6,74.8
AUSTENDER_V1,Australia,Australian Centre for International Agricultural Research,Website / CMS build or redesign,AWARD_FIRST_EVIDENCE,4,18150.0,73.9
AUSTENDER_V1,Australia,Australian Submarine Agency,Software licences / SaaS resale,AWARD_FIRST_EVIDENCE,4,71445.0,73.7
AUSTENDER_V1,Australia,Australian Competition and Consumer Commission,Social media / community management,AWARD_FIRST_EVIDENCE,4,38000.0,73.24
AUSTENDER_V1,Australia,Australian Transport Safety Bureau,Software licences / SaaS resale,AWARD_FIRST_EVIDENCE,4,65035.37,73.1
AUSTENDER_V1,Australia,Australian Securities and Investments Commission,Survey / market research,AWARD_FIRST_EVIDENCE,4,118800.0,73.08
AUSTENDER_V1,Australia,NDIS Quality and Safeguards Commission,Printing / mailing / routing,AWARD_FIRST_EVIDENCE,4,64999.5,72.64
AUSTENDER_V1,Australia,Department of Foreign Affairs and Trade,Video production / post-production,AWARD_FIRST_EVIDENCE,4,120233.025,72.48
AUSTENDER_V1,Australia,Australian Taxation Office,Survey / market research,AWARD_FIRST_EVIDENCE,4,107164.75,72.48
AUSTENDER_V1,Australia,"Domestic, Family and Sexual Violence Commission",Hardware / AV resale,AWARD_FIRST_EVIDENCE,4,37145.085,72.3
AUSTENDER_V1,Australia,Bureau of Meteorology,Survey / market research,AWARD_FIRST_EVIDENCE,4,90648.8,72.18
AUSTENDER_V1,Australia,Department of Employment and Workplace Relations,Transcription / captioning,AWARD_FIRST_EVIDENCE,4,34999.875,72.115
AUSTENDER_V1,Australia,Department of Parliamentary Services,Printing / mailing / routing,AWARD_FIRST_EVIDENCE,4,62195.8,72.04
AUSTENDER_V1,Australia,Royal Australian Mint,Software licences / SaaS resale,AWARD_FIRST_EVIDENCE,4,47829.89,71.9
AUSTENDER_V1,Australia,Australian Taxation Office,Printing / mailing / routing,AWARD_FIRST_EVIDENCE,4,66329.95,71.74
AUSTENDER_V1,Australia,Cancer Australia,Social media / community management,AWARD_FIRST_EVIDENCE,4,15749.89,71.74
AUSTENDER_V1,Australia,National Emergency Management Agency,Graphic design / layout / DTP,AWARD_FIRST_EVIDENCE,4,27570.21,71.52
AUSTENDER_V1,Australia,National Emergency Management Agency,Survey / market research,AWARD_FIRST_EVIDENCE,4,135973.76,71.28
AUSTENDER_V1,Australia,Australian Skills Quality Authority,Software licences / SaaS resale,AWARD_FIRST_EVIDENCE,4,22003.55,70.7
AUSTENDER_V1,Australia,Office of the Fair Work Ombudsman,Hardware / AV resale,AWARD_FIRST_EVIDENCE,4,62429.455,70.275
AUSTENDER_V1,Australia,Department of Finance,Printing / mailing / routing,AWARD_FIRST_EVIDENCE,4,21510.305,69.94
AUSTENDER_V1,Australia,Attorney-General's Department,Training / e-learning,AWARD_FIRST_EVIDENCE,4,66418.0,69.9
AUSTENDER_V1,Australia,Professional Services Review,Software licences / SaaS resale,AWARD_FIRST_EVIDENCE,4,16873.239999999998,69.5
AUSTENDER_V1,Australia,Royal Australian Mint,Survey / market research,AWARD_FIRST_EVIDENCE,4,18425.0,68.88
AUSTENDER_V1,Australia,"Department of Climate Change, Energy, the Environment and Water",Printing / mailing / routing,AWARD_FIRST_EVIDENCE,4,13997.605,68.74
AUSTENDER_V1,Australia,Department of Health and Aged Care,Training / e-learning,AWARD_FIRST_EVIDENCE,4,13970.0,67.8
AUSTENDER_V1,Australia,Department of Parliamentary Services,Training / e-learning,AWARD_FIRST_EVIDENCE,4,14712.5,66.9
AUSTENDER_V1,Australia,Department of Finance,Office supplies / consumables resale,AWARD_FIRST_EVIDENCE,4,300000.0,66.54
AUSTENDER_V1,Australia,Australian Public Service Commission,Hardware / AV resale,AWARD_FIRST_EVIDENCE,4,26600.375,66.375
AUSTENDER_V1,Australia,Australian Financial Security Authority,Hardware / AV resale,AWARD_FIRST_EVIDENCE,4,109226.21,66.0
AUSTENDER_V1,Australia,Tourism Australia,Event support / production,AWARD_FIRST_EVIDENCE,4,550000.0,65.625
AUSTENDER_V1,Australia,Grains Research and Development Corporation,Recruitment / temporary staffing,AWARD_FIRST_EVIDENCE,4,530728.0,64.99
AUSTENDER_V1,Australia,Australian Office of Financial Management,Hardware / AV resale,AWARD_FIRST_EVIDENCE,4,51619.15,64.2
AUSTENDER_V1,Australia,Aged Care Quality and Safety Commission,Office supplies / consumables resale,AWARD_FIRST_EVIDENCE,4,86500.0,63.42
AUSTENDER_V1,Australia,Bureau of Meteorology,Office supplies / consumables resale,AWARD_FIRST_EVIDENCE,4,95149.87,63.42
AUSTENDER_V1,Australia,Services Australia,Office supplies / consumables resale,AWARD_FIRST_EVIDENCE,4,67785.575,63.24
AUSTENDER_V1,Australia,Department of Veterans' Affairs,Call centre / helpdesk operations,AWARD_FIRST_EVIDENCE,4,191919.0,63.155
AUSTENDER_V1,Australia,Office of the eSafety Commissioner,Call centre / helpdesk operations,AWARD_FIRST_EVIDENCE,4,126197.5,62.18
AUSTENDER_V1,Australia,IP Australia,Recruitment / temporary staffing,AWARD_FIRST_EVIDENCE,4,63125.0,61.675
AUSTENDER_V1,Australia,Office of the Official Secretary to the Governor-General,Office supplies / consumables resale,AWARD_FIRST_EVIDENCE,4,27609.25,61.56
AUSTENDER_V1,Australia,Sport Integrity Australia,Uniforms / PPE resale,AWARD_FIRST_EVIDENCE,4,21812.45,60.78
AUSTENDER_V1,Australia,Australian National Audit Office,Recruitment / temporary staffing,AWARD_FIRST_EVIDENCE,4,37560.175,60.775
AUSTENDER_V1,Australia,Tertiary Education Quality and Standards Agency,Recruitment / temporary staffing,AWARD_FIRST_EVIDENCE,4,30000.0,60.775
AUSTENDER_V1,Australia,National Anti-Corruption Commission,Office supplies / consumables resale,AWARD_FIRST_EVIDENCE,4,22758.07,60.42
AUSTENDER_V1,Australia,Office of the Director of Public Prosecutions,Office supplies / consumables resale,AWARD_FIRST_EVIDENCE,4,34000.0,60.12
AUSTENDER_V1,Australia,Office of the Commonwealth Ombudsman,Recruitment / temporary staffing,AWARD_FIRST_EVIDENCE,4,72118.05,59.8
AUSTENDER_V1,Australia,Australian Communications and Media Authority,Recruitment / temporary staffing,AWARD_FIRST_EVIDENCE,4,69072.22,59.5
AUSTENDER_V1,Australia,Defence and Veterans' Service Commission,Recruitment / temporary staffing,AWARD_FIRST_EVIDENCE,4,47696.0,59.2
AUSTENDER_V1,Australia,Department of Health and Aged Care,Recruitment / temporary staffing,AWARD_FIRST_EVIDENCE,4,116293.0,59.2
AUSTENDER_V1,Australia,Federal Court of Australia,Courier / mail fulfilment,AWARD_FIRST_EVIDENCE,4,351754.55,58.4
AUSTENDER_V1,Australia,Australian Signals Directorate,Office supplies / consumables resale,AWARD_FIRST_EVIDENCE,4,19095.07,58.02
AUSTENDER_V1,Australia,Office of the Inspector-General of Aged Care,Recruitment / temporary staffing,AWARD_FIRST_EVIDENCE,4,17198.254999999997,55.6
AUSTENDER_V1,Australia,National Commission for Aboriginal and Torres Strait Islander Children and Young People,OTHER / OPEN WORLD,AWARD_FIRST_EVIDENCE,4,100500.0,51.49
AUSTENDER_V1,Australia,National Commission for Aboriginal and Torres Stright Islander Children and Young People,OTHER / OPEN WORLD,AWARD_FIRST_EVIDENCE,4,37251.25,49.705
AUSTENDER_V1,Australia,Tourism Australia,Website / CMS build or redesign,AWARD_FIRST_EVIDENCE,3,1430366.0,83.66
AUSTENDER_V1,Australia,Australian Human Rights Commission,Website support / accessibility / hosting,AWARD_FIRST_EVIDENCE,3,150150.0,80.08
AUSTENDER_V1,Australia,Productivity Commission,Website support / accessibility / hosting,AWARD_FIRST_EVIDENCE,3,193617.6,80.08
AUSTENDER_V1,Australia,Australian Public Service Commission,Website / CMS build or redesign,AWARD_FIRST_EVIDENCE,3,105289.8,79.9
AUSTENDER_V1,Australia,"Department of Infrastructure, Transport, Regional Development, Communications and the Arts",Website / CMS build or redesign,AWARD_FIRST_EVIDENCE,3,188848.0,79.9
AUSTENDER_V1,Australia,Austrade,Website / CMS build or redesign,AWARD_FIRST_EVIDENCE,3,111872.0,79.9
AUSTENDER_V1,Australia,Office of the Fair Work Ombudsman,Website / CMS build or redesign,AWARD_FIRST_EVIDENCE,3,353567.5,79.9
AUSTENDER_V1,Australia,Australian Electoral Commission,Translation,AWARD_FIRST_EVIDENCE,3,413600.0,79.68
AUSTENDER_V1,Australia,Office of the Australian Information Commissioner,Website / CMS build or redesign,AWARD_FIRST_EVIDENCE,3,92928.0,78.7
AUSTENDER_V1,Australia,Australian Transaction Reports and Analysis Centre,Website / CMS build or redesign,AWARD_FIRST_EVIDENCE,3,94372.08,78.7
AUSTENDER_V1,Australia,Administrative Review Tribunal,Website / CMS build or redesign,AWARD_FIRST_EVIDENCE,3,29774.8,77.5
AUSTENDER_V1,Australia,Attorney-General's Department,Website / CMS build or redesign,AWARD_FIRST_EVIDENCE,3,30316.0,77.5
AUSTENDER_V1,Australia,Federal Court of Australia,Document digitization / OCR / scanning,AWARD_FIRST_EVIDENCE,3,40000.0,77.26
AUSTENDER_V1,Australia,Department of Defence,Translation,AWARD_FIRST_EVIDENCE,3,74999.99,76.48
AUSTENDER_V1,Australia,Office of the Australian Accounting Standards Board,Website / CMS build or redesign,AWARD_FIRST_EVIDENCE,3,31854.9,76.2
AUSTENDER_V1,Australia,"Department of Health, Disability and Ageing",Social media / community management,AWARD_FIRST_EVIDENCE,3,55000.0,75.64
AUSTENDER_V1,Australia,"Department of Agriculture, Fisheries and Forestry",Website / CMS build or redesign,AWARD_FIRST_EVIDENCE,3,14000.0,75.5
AUSTENDER_V1,Australia,Organ and Tissue Authority,Graphic design / layout / DTP,AWARD_FIRST_EVIDENCE,3,124941.58,75.42
AUSTENDER_V1,Australia,"Department of Agriculture, Fisheries and Forestry",Translation,AWARD_FIRST_EVIDENCE,3,12623.32,75.28
AUSTENDER_V1,Australia,Administrative Review Tribunal,Software licences / SaaS resale,AWARD_FIRST_EVIDENCE,3,39477.9,75.1
AUSTENDER_V1,Australia,"Department of Agriculture, Fisheries and Forestry",Website support / accessibility / hosting,AWARD_FIRST_EVIDENCE,3,23833.33,74.88
AUSTENDER_V1,Australia,Sport Integrity Australia,Translation,AWARD_FIRST_EVIDENCE,3,21380.7,74.88
AUSTENDER_V1,Australia,"Department of Health, Disability and Ageing",Printing / mailing / routing,AWARD_FIRST_EVIDENCE,3,220000.0,74.74
AUSTENDER_V1,Australia,NDIS Quality and Safeguards Commission,Hardware / AV resale,AWARD_FIRST_EVIDENCE,3,176387.83,74.7
AUSTENDER_V1,Australia,Services Australia,Video production / post-production,AWARD_FIRST_EVIDENCE,3,110000.0,74.58
AUSTENDER_V1,Australia,Great Barrier Reef Marine Park Authority,Training / e-learning,AWARD_FIRST_EVIDENCE,3,183221.26,74.4
AUSTENDER_V1,Australia,Australian Research Council,Software licences / SaaS resale,AWARD_FIRST_EVIDENCE,3,35000.0,74.3
AUSTENDER_V1,Australia,Climate Change Authority,Graphic design / layout / DTP,AWARD_FIRST_EVIDENCE,3,91850.0,74.22
AUSTENDER_V1,Australia,Department of Home Affairs,Media / press monitoring,AWARD_FIRST_EVIDENCE,3,264000.0,73.94
AUSTENDER_V1,Australia,"Department of Agriculture, Fisheries and Forestry",Social media / community management,AWARD_FIRST_EVIDENCE,3,35000.01,73.94
AUSTENDER_V1,Australia,Department of Foreign Affairs and Trade - Australian Aid Program,Survey / market research,AWARD_FIRST_EVIDENCE,3,245027.2,73.68
AUSTENDER_V1,Australia,Department of the Treasury,Survey / market research,AWARD_FIRST_EVIDENCE,3,177100.0,73.68
AUSTENDER_V1,Australia,Department of the Prime Minister and Cabinet,Survey / market research,AWARD_FIRST_EVIDENCE,3,219395.0,73.68
AUSTENDER_V1,Australia,Australian Competition and Consumer Commission,Media / press monitoring,AWARD_FIRST_EVIDENCE,3,38060.0,73.54
AUSTENDER_V1,Australia,Austrade,SEO / digital marketing,AWARD_FIRST_EVIDENCE,3,20350.0,73.52
AUSTENDER_V1,Australia,Sport Integrity Australia,Hardware / AV resale,AWARD_FIRST_EVIDENCE,3,98835.0,73.5
AUSTENDER_V1,Australia,Administrative Appeals Tribunal,Translation,AWARD_FIRST_EVIDENCE,3,18145.0,73.28
AUSTENDER_V1,Australia,Office of the Fair Work Ombudsman,Translation,AWARD_FIRST_EVIDENCE,3,16170.0,73.28
AUSTENDER_V1,Australia,"Department of Industry, Science and Resources",Translation,AWARD_FIRST_EVIDENCE,3,11850.0,73.28
AUSTENDER_V1,Australia,Department of the Senate,Software licences / SaaS resale,AWARD_FIRST_EVIDENCE,3,92602.24,73.1
AUSTENDER_V1,Australia,Comcare,Hardware / AV resale,AWARD_FIRST_EVIDENCE,3,450000.0,73.1
AUSTENDER_V1,Australia,Parliamentary Workplace Support Service,Graphic design / layout / DTP,AWARD_FIRST_EVIDENCE,3,48922.98,73.02
AUSTENDER_V1,Australia,Aged Care Quality and Safety Commission,Graphic design / layout / DTP,AWARD_FIRST_EVIDENCE,3,79200.0,73.02
AUSTENDER_V1,Australia,Australian Digital Health Agency,Training / e-learning,AWARD_FIRST_EVIDENCE,3,313511.0,72.9
AUSTENDER_V1,Australia,National Capital Authority,Graphic design / layout / DTP,AWARD_FIRST_EVIDENCE,3,34628.0,72.62
AUSTENDER_V1,Australia,Attorney-General's Department,Graphic design / layout / DTP,AWARD_FIRST_EVIDENCE,3,70000.0,72.62
AUSTENDER_V1,Australia,IP Australia,Training / e-learning,AWARD_FIRST_EVIDENCE,3,42222.4,72.5
AUSTENDER_V1,Australia,"Department of Health, Disability and Ageing",Video production / post-production,AWARD_FIRST_EVIDENCE,3,77610.5,72.18
AUSTENDER_V1,Australia,"Department of Agriculture, Fisheries and Forestry",Video production / post-production,AWARD_FIRST_EVIDENCE,3,30000.0,72.18
AUSTENDER_V1,Australia,Austrade,Translation,AWARD_FIRST_EVIDENCE,3,11387.81,71.9
AUSTENDER_V1,Australia,Department of Veterans' Affairs,Translation,AWARD_FIRST_EVIDENCE,3,19248.9,71.9
AUSTENDER_V1,Australia,Department of Employment and Workplace Relations,Training / e-learning,AWARD_FIRST_EVIDENCE,3,90915.0,71.7
AUSTENDER_V1,Australia,Australian Federal Police,Training / e-learning,AWARD_FIRST_EVIDENCE,3,68000.0,71.7
AUSTENDER_V1,Australia,Great Barrier Reef Marine Park Authority,Survey / market research,AWARD_FIRST_EVIDENCE,3,34862.3,71.28
AUSTENDER_V1,Australia,Cancer Australia,Translation,AWARD_FIRST_EVIDENCE,3,20900.0,71.22
AUSTENDER_V1,Australia,Cancer Australia,Software licences / SaaS resale,AWARD_FIRST_EVIDENCE,3,18972.8,71.1
AUSTENDER_V1,Australia,Digital Transformation Agency,Hardware / AV resale,AWARD_FIRST_EVIDENCE,3,788809.28,71.06
AUSTENDER_V1,Australia,Austrade,Video production / post-production,AWARD_FIRST_EVIDENCE,3,21794.6,70.58
AUSTENDER_V1,Australia,Australian Federal Police,Transcription / captioning,AWARD_FIRST_EVIDENCE,3,22275.0,70.5
AUSTENDER_V1,Australia,Sport Integrity Australia,Software licences / SaaS resale,AWARD_FIRST_EVIDENCE,3,18691.2,69.9
AUSTENDER_V1,Australia,National Emergency Management Agency,Software licences / SaaS resale,AWARD_FIRST_EVIDENCE,3,18480.0,69.9
AUSTENDER_V1,Australia,"Department of Climate Change, Energy, the Environment and Water",Video production / post-production,AWARD_FIRST_EVIDENCE,3,71527.5,69.38
AUSTENDER_V1,Australia,Administrative Appeals Tribunal,Printing / mailing / routing,AWARD_FIRST_EVIDENCE,3,16449.0,69.14
AUSTENDER_V1,Australia,Office of Parliamentary Counsel,Training / e-learning,AWARD_FIRST_EVIDENCE,3,29425.0,68.9
AUSTENDER_V1,Australia,Clean Energy Regulator,Training / e-learning,AWARD_FIRST_EVIDENCE,3,16390.0,68.5
AUSTENDER_V1,Australia,Administrative Review Tribunal,Signage / display production,AWARD_FIRST_EVIDENCE,3,42044.64,68.36
AUSTENDER_V1,Australia,National Blood Authority,Hardware / AV resale,AWARD_FIRST_EVIDENCE,3,238839.1,68.3
AUSTENDER_V1,Australia,Australian Securities and Investments Commission,Office supplies / consumables resale,AWARD_FIRST_EVIDENCE,3,427636.72,67.94
AUSTENDER_V1,Australia,Australian Institute of Health and Welfare,Hardware / AV resale,AWARD_FIRST_EVIDENCE,3,557810.0,67.5
AUSTENDER_V1,Australia,Safe Work Australia,Training / e-learning,AWARD_FIRST_EVIDENCE,3,15570.0,67.3
AUSTENDER_V1,Australia,Australian Skills Quality Authority,Training / e-learning,AWARD_FIRST_EVIDENCE,3,16008.3,67.3
AUSTENDER_V1,Australia,Australian Securities and Investments Commission,Training / e-learning,AWARD_FIRST_EVIDENCE,3,15400.0,67.3
AUSTENDER_V1,Australia,Australian Federal Police,Signage / display production,AWARD_FIRST_EVIDENCE,3,12849.44,66.76
AUSTENDER_V1,Australia,National Anti-Corruption Commission,Call centre / helpdesk operations,AWARD_FIRST_EVIDENCE,3,109230.0,66.68
AUSTENDER_V1,Australia,Australian Financial Security Authority,Training / e-learning,AWARD_FIRST_EVIDENCE,3,209008.8,66.5
AUSTENDER_V1,Australia,Australian Taxation Office,Office supplies / consumables resale,AWARD_FIRST_EVIDENCE,3,189000.0,66.18
AUSTENDER_V1,Australia,Attorney-General's Department,Office supplies / consumables resale,AWARD_FIRST_EVIDENCE,3,250000.0,66.02
AUSTENDER_V1,Australia,Office of the Commonwealth Ombudsman,Report / publication production,AWARD_FIRST_EVIDENCE,3,44179.96,65.0
AUSTENDER_V1,Australia,Australian Bureau of Statistics,Office supplies / consumables resale,AWARD_FIRST_EVIDENCE,3,350000.0,64.82
AUSTENDER_V1,Australia,National Indigenous Australians Agency,Office supplies / consumables resale,AWARD_FIRST_EVIDENCE,3,515290.0,64.02
AUSTENDER_V1,Australia,Federal Court of Australia,Office supplies / consumables resale,AWARD_FIRST_EVIDENCE,3,83241.48,63.62
AUSTENDER_V1,Australia,Australian Bureau of Statistics,Uniforms / PPE resale,AWARD_FIRST_EVIDENCE,3,85000.0,63.48
AUSTENDER_V1,Australia,Office of the Fair Work Ombudsman,Courier / mail fulfilment,AWARD_FIRST_EVIDENCE,3,120000.0,62.6
AUSTENDER_V1,Australia,Department of Parliamentary Services,Uniforms / PPE resale,AWARD_FIRST_EVIDENCE,3,49500.0,61.78
AUSTENDER_V1,Australia,Australian National Audit Office,Office supplies / consumables resale,AWARD_FIRST_EVIDENCE,3,63000.0,61.62
AUSTENDER_V1,Australia,Australian Research Council,Office supplies / consumables resale,AWARD_FIRST_EVIDENCE,3,20000.0,61.22
AUSTENDER_V1,Australia,Aged Care Quality and Safety Commission,Recruitment / temporary staffing,AWARD_FIRST_EVIDENCE,3,93500.0,61.2
AUSTENDER_V1,Australia,Department of Home Affairs,Uniforms / PPE resale,AWARD_FIRST_EVIDENCE,3,22000.0,60.68
AUSTENDER_V1,Australia,"Department of Climate Change, Energy, the Environment and Water",Event support / production,AWARD_FIRST_EVIDENCE,3,101018.5,60.6
AUSTENDER_V1,Australia,National Archives of Australia,Courier / mail fulfilment,AWARD_FIRST_EVIDENCE,3,26635.44,60.32
AUSTENDER_V1,Australia,Bureau of Meteorology,Call centre / helpdesk operations,AWARD_FIRST_EVIDENCE,3,65299.4,60.08
AUSTENDER_V1,Australia,Great Barrier Reef Marine Park Authority,Office supplies / consumables resale,AWARD_FIRST_EVIDENCE,3,24000.0,60.02
AUSTENDER_V1,Australia,Australian Transport Safety Bureau,Hardware / AV resale,AWARD_FIRST_EVIDENCE,3,20955.0,59.9
AUSTENDER_V1,Australia,Australian Public Service Commission,Office supplies / consumables resale,AWARD_FIRST_EVIDENCE,3,10000.0,59.62
AUSTENDER_V1,Australia,Geoscience Australia,Cloud / hosting / managed IT,AWARD_FIRST_EVIDENCE,3,60540.0,59.5
AUSTENDER_V1,Australia,Administrative Review Tribunal,Recruitment / temporary staffing,AWARD_FIRST_EVIDENCE,3,50969.85,59.2
AUSTENDER_V1,Australia,Office of the Director of Public Prosecutions,Courier / mail fulfilment,AWARD_FIRST_EVIDENCE,3,75000.0,59.0
AUSTENDER_V1,Australia,Australian Office of Financial Management,Recruitment / temporary staffing,AWARD_FIRST_EVIDENCE,3,58190.0,58.92
AUSTENDER_V1,Australia,Department of Defence,Call centre / helpdesk operations,AWARD_FIRST_EVIDENCE,3,58960.0,58.88
AUSTENDER_V1,Australia,Office of the Australian Information Commissioner,Recruitment / temporary staffing,AWARD_FIRST_EVIDENCE,3,100000.0,58.4
AUSTENDER_V1,Australia,"Department of Agriculture, Fisheries and Forestry",Cloud / hosting / managed IT,AWARD_FIRST_EVIDENCE,3,304352.4,58.3
AUSTENDER_V1,Australia,Office of the Inspector-General of Intelligence and Security,Recruitment / temporary staffing,AWARD_FIRST_EVIDENCE,3,35000.0,57.6
AUSTENDER_V1,Australia,Australian Research Council,Recruitment / temporary staffing,AWARD_FIRST_EVIDENCE,3,26200.0,57.6
AUSTENDER_V1,Australia,National Archives of Australia,Recruitment / temporary staffing,AWARD_FIRST_EVIDENCE,3,24798.22,57.6
AUSTENDER_V1,Australia,Net Zero Economy Authority,Office supplies / consumables resale,AWARD_FIRST_EVIDENCE,3,18000.0,56.82
AUSTENDER_V1,Australia,Australian Public Service Commission,Recruitment / temporary staffing,AWARD_FIRST_EVIDENCE,3,16625.0,56.0
AUSTENDER_V1,Australia,Australian Radiation Protection and Nuclear Safety Agency,Courier / mail fulfilment,AWARD_FIRST_EVIDENCE,3,30000.0,55.4
AUSTENDER_V1,Australia,Department of Defence,Cloud / hosting / managed IT,AWARD_FIRST_EVIDENCE,3,17640.0,55.4
AUSTENDER_V1,Australia,Federal Court of Australia,Recruitment / temporary staffing,AWARD_FIRST_EVIDENCE,3,14520.0,54.4
AUSTENDER_V1,Australia,Tertiary Education Quality and Standards Agency,Cloud / hosting / managed IT,AWARD_FIRST_EVIDENCE,3,17101.0,54.3
AUSTENDER_V1,Australia,Cancer Australia,Courier / mail fulfilment,AWARD_FIRST_EVIDENCE,3,11100.0,53.0
AUSTENDER_V1,Australia,Austrade,Courier / mail fulfilment,AWARD_FIRST_EVIDENCE,3,12518.1,50.6
AUSTENDER_V1,Australia,National Portrait Gallery of Australia,OTHER / OPEN WORLD,AWARD_FIRST_EVIDENCE,3,420899.6,49.06
AUSTENDER_V1,Australia,Administrative Review Tribunal,Transcription / captioning,AWARD_FIRST_EVIDENCE,2,536796.59,83.5
AUSTENDER_V1,Australia,Australian Energy Regulator,Website / CMS build or redesign,AWARD_FIRST_EVIDENCE,2,626340.0,82.3
AUSTENDER_V1,Australia,Australian Human Rights Commission,Website / CMS build or redesign,AWARD_FIRST_EVIDENCE,2,330521.775,82.3
AUSTENDER_V1,Australia,Department of Veterans' Affairs,Document digitization / OCR / scanning,AWARD_FIRST_EVIDENCE,2,3170000.0,81.5
AUSTENDER_V1,Australia,CSIRO,Translation,AWARD_FIRST_EVIDENCE,2,447761.34,81.28
AUSTENDER_V1,Australia,Geoscience Australia,Website support / accessibility / hosting,AWARD_FIRST_EVIDENCE,2,402611.0,81.28
AUSTENDER_V1,Australia,Sport Integrity Australia,Website / CMS build or redesign,AWARD_FIRST_EVIDENCE,2,260199.755,81.1
AUSTENDER_V1,Australia,Parliamentary Workplace Support Service,Website / CMS build or redesign,AWARD_FIRST_EVIDENCE,2,165837.925,81.1
AUSTENDER_V1,Australia,"Department of Health, Disability and Ageing",Website / CMS build or redesign,AWARD_FIRST_EVIDENCE,2,321785.3,81.1
AUSTENDER_V1,Australia,National Emergency Management Agency,Website / CMS build or redesign,AWARD_FIRST_EVIDENCE,2,288643.295,81.1
AUSTENDER_V1,Australia,National Blood Authority,Website / CMS build or redesign,AWARD_FIRST_EVIDENCE,2,311667.84,80.5
AUSTENDER_V1,Australia,Clean Energy Regulator,Website support / accessibility / hosting,AWARD_FIRST_EVIDENCE,2,175316.04499999998,80.08
AUSTENDER_V1,Australia,Department of Health and Aged Care,Website support / accessibility / hosting,AWARD_FIRST_EVIDENCE,2,168987.5,80.08
AUSTENDER_V1,Australia,Australian Taxation Office,Website / CMS build or redesign,AWARD_FIRST_EVIDENCE,2,87230.0,79.3
AUSTENDER_V1,Australia,Office of the Fair Work Ombudsman,Transcription / captioning,AWARD_FIRST_EVIDENCE,2,86710.0,79.3
AUSTENDER_V1,Australia,Federal Court of Australia,Website / CMS build or redesign,AWARD_FIRST_EVIDENCE,2,91216.855,79.3
AUSTENDER_V1,Australia,Department of Health and Aged Care,Website / CMS build or redesign,AWARD_FIRST_EVIDENCE,2,110704.0,79.3
AUSTENDER_V1,Australia,Australian Radiation Protection and Nuclear Safety Agency,Website / CMS build or redesign,AWARD_FIRST_EVIDENCE,2,151400.0,79.3
AUSTENDER_V1,Australia,Asbestos and Silica Safety and Eradication Agency,Website / CMS build or redesign,AWARD_FIRST_EVIDENCE,2,70076.55,79.3
AUSTENDER_V1,Australia,Climate Change Authority,Website / CMS build or redesign,AWARD_FIRST_EVIDENCE,2,88115.39,79.3
AUSTENDER_V1,Australia,Australian Human Rights Commission,Social media / community management,AWARD_FIRST_EVIDENCE,2,471073.16000000003,79.24
AUSTENDER_V1,Australia,Independent Health and Aged Care Pricing Authority,Hardware / AV resale,AWARD_FIRST_EVIDENCE,2,1446959.455,78.54
AUSTENDER_V1,Australia,Administrative Review Tribunal,Website support / accessibility / hosting,AWARD_FIRST_EVIDENCE,2,195489.5,78.28
AUSTENDER_V1,Australia,National Health Funding Body,Website support / accessibility / hosting,AWARD_FIRST_EVIDENCE,2,86346.95,78.28
AUSTENDER_V1,Australia,National Mental Health Commission,Website support / accessibility / hosting,AWARD_FIRST_EVIDENCE,2,99152.0,78.28
AUSTENDER_V1,Australia,Office of the Commonwealth Ombudsman,Document digitization / OCR / scanning,AWARD_FIRST_EVIDENCE,2,284867.275,78.26
AUSTENDER_V1,Australia,Australian Securities and Investments Commission,Social media / community management,AWARD_FIRST_EVIDENCE,2,225406.69,78.04
AUSTENDER_V1,Australia,Great Barrier Reef Marine Park Authority,Social media / community management,AWARD_FIRST_EVIDENCE,2,202000.0,78.04
AUSTENDER_V1,Australia,Australian Financial Security Authority,Social media / community management,AWARD_FIRST_EVIDENCE,2,316161.935,78.04
AUSTENDER_V1,Australia,Australian Prudential Regulation Authority,Software licences / SaaS resale,AWARD_FIRST_EVIDENCE,2,840373.86,77.9
AUSTENDER_V1,Australia,"Department of Climate Change, Energy, the Environment and Water",Website support / accessibility / hosting,AWARD_FIRST_EVIDENCE,2,320000.0,77.38
AUSTENDER_V1,Australia,Attorney-General's Department,Media / press monitoring,AWARD_FIRST_EVIDENCE,2,570405.0,77.14
AUSTENDER_V1,Australia,"Department of Climate Change, Energy, the Environment and Water",Media / press monitoring,AWARD_FIRST_EVIDENCE,2,972424.2,77.14
AUSTENDER_V1,Australia,Tourism Australia,Media / press monitoring,AWARD_FIRST_EVIDENCE,2,607494.25,77.14
AUSTENDER_V1,Australia,Director of National Parks,Hardware / AV resale,AWARD_FIRST_EVIDENCE,2,1164736.445,77.1
AUSTENDER_V1,Australia,Net Zero Economy Authority,Hardware / AV resale,AWARD_FIRST_EVIDENCE,2,420739.69,77.1
AUSTENDER_V1,Australia,"Department of Infrastructure, Transport, Regional Development, Communications, Sport and the Arts",Website support / accessibility / hosting,AWARD_FIRST_EVIDENCE,2,262635.67000000004,77.08
AUSTENDER_V1,Australia,Australian Federal Police,Website support / accessibility / hosting,AWARD_FIRST_EVIDENCE,2,590998.1,77.08
AUSTENDER_V1,Australia,Grains Research and Development Corporation,Software licences / SaaS resale,AWARD_FIRST_EVIDENCE,2,105112.425,76.7
AUSTENDER_V1,Australia,Australian Energy Regulator,Software licences / SaaS resale,AWARD_FIRST_EVIDENCE,2,164092.5,76.7
AUSTENDER_V1,Australia,"Department of Infrastructure, Transport, Regional Development, Communications, Sport and the Arts",Software licences / SaaS resale,AWARD_FIRST_EVIDENCE,2,207124.27500000002,76.7
AUSTENDER_V1,Australia,High Speed Rail Authority,Software licences / SaaS resale,AWARD_FIRST_EVIDENCE,2,143021.15,76.7
AUSTENDER_V1,Australia,Department of Veterans' Affairs,Software licences / SaaS resale,AWARD_FIRST_EVIDENCE,2,219521.5,76.7
AUSTENDER_V1,Australia,Australian Electoral Commission,Graphic design / layout / DTP,AWARD_FIRST_EVIDENCE,2,270838.025,76.62
AUSTENDER_V1,Australia,Old Parliament House,Graphic design / layout / DTP,AWARD_FIRST_EVIDENCE,2,135135.0,76.62
AUSTENDER_V1,Australia,Department of Veterans' Affairs,Website support / accessibility / hosting,AWARD_FIRST_EVIDENCE,2,50061.0,76.48
AUSTENDER_V1,Australia,Tertiary Education Quality and Standards Agency,Website support / accessibility / hosting,AWARD_FIRST_EVIDENCE,2,50583.75,76.48
AUSTENDER_V1,Australia,"Department of Industry, Science and Resources",Website support / accessibility / hosting,AWARD_FIRST_EVIDENCE,2,34210.0,76.48
AUSTENDER_V1,Australia,Australian Skills Quality Authority,Website support / accessibility / hosting,AWARD_FIRST_EVIDENCE,2,57247.0,76.48
AUSTENDER_V1,Australia,"Department of Infrastructure, Transport, Regional Development, Communications and the Arts",Website support / accessibility / hosting,AWARD_FIRST_EVIDENCE,2,46255.0,76.48
AUSTENDER_V1,Australia,Australian Radiation Protection and Nuclear Safety Agency,Website support / accessibility / hosting,AWARD_FIRST_EVIDENCE,2,61022.5,76.48
AUSTENDER_V1,Australia,Office of Parliamentary Counsel,Website support / accessibility / hosting,AWARD_FIRST_EVIDENCE,2,28455.9,76.48
AUSTENDER_V1,Australia,Clean Energy Regulator,Software licences / SaaS resale,AWARD_FIRST_EVIDENCE,2,676547.145,76.1
AUSTENDER_V1,Australia,Australian Federal Police,Media / press monitoring,AWARD_FIRST_EVIDENCE,2,297759.6,75.94
AUSTENDER_V1,Australia,Future Fund Management Agency,Media / press monitoring,AWARD_FIRST_EVIDENCE,2,351710.35,75.94
AUSTENDER_V1,Australia,National Emergency Management Agency,Media / press monitoring,AWARD_FIRST_EVIDENCE,2,171860.90000000002,75.94
AUSTENDER_V1,Australia,Workplace Gender Equality Agency,Hardware / AV resale,AWARD_FIRST_EVIDENCE,2,200473.875,75.9
AUSTENDER_V1,Australia,Australian Financial Security Authority,Website support / accessibility / hosting,AWARD_FIRST_EVIDENCE,2,117235.8,75.88
AUSTENDER_V1,Australia,"Department of Industry, Science and Resources",Video production / post-production,AWARD_FIRST_EVIDENCE,2,343042.15,75.78
AUSTENDER_V1,Australia,Department of Employment and Workplace Relations,Media / press monitoring,AWARD_FIRST_EVIDENCE,2,535626.465,75.34
AUSTENDER_V1,Australia,Tourism Australia,Training / e-learning,AWARD_FIRST_EVIDENCE,2,1037461.265,75.3
AUSTENDER_V1,Australia,National Anti-Corruption Commission,Document digitization / OCR / scanning,AWARD_FIRST_EVIDENCE,2,52191.09,75.26
AUSTENDER_V1,Australia,"Department of Infrastructure, Transport, Regional Development, Communications and the Arts",Document digitization / OCR / scanning,AWARD_FIRST_EVIDENCE,2,55975.0,75.26
AUSTENDER_V1,Australia,Inspector-General of Taxation,Website / CMS build or redesign,AWARD_FIRST_EVIDENCE,2,18700.0,75.1
AUSTENDER_V1,Australia,Australian Electoral Commission,Website / CMS build or redesign,AWARD_FIRST_EVIDENCE,2,31081.585,75.1
AUSTENDER_V1,Australia,Australian Electoral Commission,Software licences / SaaS resale,AWARD_FIRST_EVIDENCE,2,87034.225,74.9
AUSTENDER_V1,Australia,Department of Veterans' Affairs,Survey / market research,AWARD_FIRST_EVIDENCE,2,278408.0,74.88
AUSTENDER_V1,Australia,Department of Employment and Workplace Relations,Survey / market research,AWARD_FIRST_EVIDENCE,2,157623.4,74.88
AUSTENDER_V1,Australia,Australian National Audit Office,Survey / market research,AWARD_FIRST_EVIDENCE,2,153018.5,74.88
AUSTENDER_V1,Australia,Department of the Treasury,Graphic design / layout / DTP,AWARD_FIRST_EVIDENCE,2,132615.45,74.82
AUSTENDER_V1,Australia,"Department of Infrastructure, Transport, Regional Development, Communications, Sport and the Arts",Social media / community management,AWARD_FIRST_EVIDENCE,2,65120.854999999996,74.44
AUSTENDER_V1,Australia,Department of Education,Social media / community management,AWARD_FIRST_EVIDENCE,2,26499.995,74.44
AUSTENDER_V1,Australia,"Department of Infrastructure, Transport, Regional Development, Communications, Sport and the Arts",Translation,AWARD_FIRST_EVIDENCE,2,34366.29,74.41
AUSTENDER_V1,Australia,Department of Veterans' Affairs,Training / e-learning,AWARD_FIRST_EVIDENCE,2,301989.6,74.4
AUSTENDER_V1,Australia,Australian Federal Police,Survey / market research,AWARD_FIRST_EVIDENCE,2,275645.0,74.28
AUSTENDER_V1,Australia,Department of Veterans' Affairs,Printing / mailing / routing,AWARD_FIRST_EVIDENCE,2,210501.05,74.14
AUSTENDER_V1,Australia,Office of the Fair Work Ombudsman,Media / press monitoring,AWARD_FIRST_EVIDENCE,2,171315.02,74.14
AUSTENDER_V1,Australia,Asbestos and Silica Safety and Eradication Agency,Hardware / AV resale,AWARD_FIRST_EVIDENCE,2,131571.0,74.1
AUSTENDER_V1,Australia,Asbestos and Silica Safety and Eradication Agency,Website support / accessibility / hosting,AWARD_FIRST_EVIDENCE,2,44076.595,74.08
AUSTENDER_V1,Australia,Federal Court of Australia,Translation,AWARD_FIRST_EVIDENCE,2,36085.985,74.08
AUSTENDER_V1,Australia,Administrative Review Tribunal,Translation,AWARD_FIRST_EVIDENCE,2,27802.65,74.08
AUSTENDER_V1,Australia,Department of Foreign Affairs and Trade - Australian Aid Program,Document digitization / OCR / scanning,AWARD_FIRST_EVIDENCE,2,156304.0,73.73
AUSTENDER_V1,Australia,Bureau of Meteorology,Signage / display production,AWARD_FIRST_EVIDENCE,2,102001.78,73.56
AUSTENDER_V1,Australia,Office of the eSafety Commissioner,Training / e-learning,AWARD_FIRST_EVIDENCE,2,1370294.42,73.35
AUSTENDER_V1,Australia,Organ and Tissue Authority,Survey / market research,AWARD_FIRST_EVIDENCE,2,133595.0,73.08
AUSTENDER_V1,Australia,NDIS Quality and Safeguards Commission,Survey / market research,AWARD_FIRST_EVIDENCE,2,117000.0,73.08
AUSTENDER_V1,Australia,Austrade,Graphic design / layout / DTP,AWARD_FIRST_EVIDENCE,2,33552.87,73.02
AUSTENDER_V1,Australia,Department of Education,Graphic design / layout / DTP,AWARD_FIRST_EVIDENCE,2,47000.0,73.02
AUSTENDER_V1,Australia,"Department of Industry, Science and Resources",Graphic design / layout / DTP,AWARD_FIRST_EVIDENCE,2,45094.815,73.02
AUSTENDER_V1,Australia,Department of the Prime Minister and Cabinet,Media / press monitoring,AWARD_FIRST_EVIDENCE,2,584890.19,72.94
AUSTENDER_V1,Australia,Australian Public Service Commission,Transcription / captioning,AWARD_FIRST_EVIDENCE,2,14499.9,72.7
AUSTENDER_V1,Australia,Austrade,Software licences / SaaS resale,AWARD_FIRST_EVIDENCE,2,241123.43,72.5
AUSTENDER_V1,Australia,Department of Veterans' Affairs,Social media / community management,AWARD_FIRST_EVIDENCE,2,164435.7,72.49
AUSTENDER_V1,Australia,Australian Fisheries Management Authority,Media / press monitoring,AWARD_FIRST_EVIDENCE,2,51348.0,72.34
AUSTENDER_V1,Australia,Australian Research Council,Media / press monitoring,AWARD_FIRST_EVIDENCE,2,55655.115,72.34
AUSTENDER_V1,Australia,Royal Australian Mint,Media / press monitoring,AWARD_FIRST_EVIDENCE,2,70976.0,72.34
AUSTENDER_V1,Australia,Office of the Australian Information Commissioner,Media / press monitoring,AWARD_FIRST_EVIDENCE,2,65894.4,72.34
AUSTENDER_V1,Australia,Office of the Official Secretary to the Governor-General,Media / press monitoring,AWARD_FIRST_EVIDENCE,2,77500.0,72.34
AUSTENDER_V1,Australia,National Anti-Corruption Commission,Media / press monitoring,AWARD_FIRST_EVIDENCE,2,51143.4,72.34
AUSTENDER_V1,Australia,Parliamentary Workplace Support Service,Media / press monitoring,AWARD_FIRST_EVIDENCE,2,24846.25,72.34
AUSTENDER_V1,Australia,Australian Centre for International Agricultural Research,Translation,AWARD_FIRST_EVIDENCE,2,45899.2,72.01
AUSTENDER_V1,Australia,IP Australia,Signage / display production,AWARD_FIRST_EVIDENCE,2,89117.77,71.76
AUSTENDER_V1,Australia,Clean Energy Regulator,Media / press monitoring,AWARD_FIRST_EVIDENCE,2,162920.0,71.74
AUSTENDER_V1,Australia,Australian Securities and Investments Commission,Translation,AWARD_FIRST_EVIDENCE,2,14575.435,71.68
AUSTENDER_V1,Australia,Australian Transaction Reports and Analysis Centre,Translation,AWARD_FIRST_EVIDENCE,2,10551.34,71.68
AUSTENDER_V1,Australia,Cancer Australia,Report / publication production,AWARD_FIRST_EVIDENCE,2,24703.25,71.66
AUSTENDER_V1,Australia,Services Australia,Training / e-learning,AWARD_FIRST_EVIDENCE,2,460711.97,71.55
AUSTENDER_V1,Australia,Department of Education,Survey / market research,AWARD_FIRST_EVIDENCE,2,125469.87,71.46
AUSTENDER_V1,Australia,"Department of Industry, Science and Resources",Survey / market research,AWARD_FIRST_EVIDENCE,2,80300.0,71.28
AUSTENDER_V1,Australia,Australian Competition and Consumer Commission,Survey / market research,AWARD_FIRST_EVIDENCE,2,61549.0,71.28
AUSTENDER_V1,Australia,Sport Integrity Australia,Training / e-learning,AWARD_FIRST_EVIDENCE,2,648056.435,71.1
AUSTENDER_V1,Australia,Organ and Tissue Authority,Software licences / SaaS resale,AWARD_FIRST_EVIDENCE,2,19583.165,70.7
AUSTENDER_V1,Australia,Office of the eSafety Commissioner,Survey / market research,AWARD_FIRST_EVIDENCE,2,133980.0,70.68
AUSTENDER_V1,Australia,Office of the Commonwealth Ombudsman,Survey / market research,AWARD_FIRST_EVIDENCE,2,85616.685,70.68
AUSTENDER_V1,Australia,Australian Competition and Consumer Commission,Graphic design / layout / DTP,AWARD_FIRST_EVIDENCE,2,18799.0,70.62
AUSTENDER_V1,Australia,Federal Court of Australia,Graphic design / layout / DTP,AWARD_FIRST_EVIDENCE,2,50418.5,70.62
AUSTENDER_V1,Australia,Inspector-General of Taxation,Hardware / AV resale,AWARD_FIRST_EVIDENCE,2,146742.75,70.5
AUSTENDER_V1,Australia,Office of the Fair Work Ombudsman,Training / e-learning,AWARD_FIRST_EVIDENCE,2,83949.06,70.5
AUSTENDER_V1,Australia,Department of Veterans' Affairs,Video production / post-production,AWARD_FIRST_EVIDENCE,2,61389.9,70.38
AUSTENDER_V1,Australia,Administrative Review Tribunal,Training / e-learning,AWARD_FIRST_EVIDENCE,2,83596.15,70.35
AUSTENDER_V1,Australia,Geoscience Australia,Survey / market research,AWARD_FIRST_EVIDENCE,2,38791.5,70.11
AUSTENDER_V1,Australia,"Department of Infrastructure, Transport, Regional Development, Communications and the Arts",Signage / display production,AWARD_FIRST_EVIDENCE,2,23659.575,69.96
AUSTENDER_V1,Australia,National Indigenous Australians Agency,Printing / mailing / routing,AWARD_FIRST_EVIDENCE,2,17029.5,69.94
AUSTENDER_V1,Australia,Parliamentary Budget Office,Media / press monitoring,AWARD_FIRST_EVIDENCE,2,36254.625,69.94
AUSTENDER_V1,Australia,Australian Signals Directorate,Training / e-learning,AWARD_FIRST_EVIDENCE,2,64991.91,69.9
AUSTENDER_V1,Australia,"Department of Agriculture, Fisheries and Forestry",Promotional merchandise,AWARD_FIRST_EVIDENCE,2,24447.5,69.26
AUSTENDER_V1,Australia,Australian Institute of Criminology,Video production / post-production,AWARD_FIRST_EVIDENCE,2,28024.425,68.58
AUSTENDER_V1,Australia,Clean Energy Regulator,Social media / community management,AWARD_FIRST_EVIDENCE,2,10631.08,68.29
AUSTENDER_V1,Australia,Australian Office of Financial Management,Graphic design / layout / DTP,AWARD_FIRST_EVIDENCE,2,14834.625,68.22
AUSTENDER_V1,Australia,"Department of Industry, Science and Resources",Signage / display production,AWARD_FIRST_EVIDENCE,2,16615.93,67.56
AUSTENDER_V1,Australia,Office of the Director of Public Prosecutions,Printing / mailing / routing,AWARD_FIRST_EVIDENCE,2,15851.14,67.54
AUSTENDER_V1,Australia,Department of Employment and Workplace Relations,Printing / mailing / routing,AWARD_FIRST_EVIDENCE,2,13500.0,67.54
AUSTENDER_V1,Australia,National Anti-Corruption Commission,Printing / mailing / routing,AWARD_FIRST_EVIDENCE,2,16750.0,67.54
AUSTENDER_V1,Australia,Aged Care Quality and Safety Commission,Event support / production,AWARD_FIRST_EVIDENCE,2,414744.0,67.05
AUSTENDER_V1,Australia,Productivity Commission,Social media / community management,AWARD_FIRST_EVIDENCE,2,14262.689999999999,66.94
AUSTENDER_V1,Australia,Productivity Commission,Training / e-learning,AWARD_FIRST_EVIDENCE,2,52059.975,66.9
AUSTENDER_V1,Australia,Australian Research Council,Hardware / AV resale,AWARD_FIRST_EVIDENCE,2,342372.8,66.3
AUSTENDER_V1,Australia,Australian Skills Quality Authority,Report / publication production,AWARD_FIRST_EVIDENCE,2,24171.945,65.93
AUSTENDER_V1,Australia,"Department of Industry, Science and Resources",Training / e-learning,AWARD_FIRST_EVIDENCE,2,11694.31,65.7
AUSTENDER_V1,Australia,Net Zero Economy Authority,Training / e-learning,AWARD_FIRST_EVIDENCE,2,15980.25,65.7
AUSTENDER_V1,Australia,National Mental Health Commission,Training / e-learning,AWARD_FIRST_EVIDENCE,2,14932.5,65.7
AUSTENDER_V1,Australia,Australian Taxation Office,Training / e-learning,AWARD_FIRST_EVIDENCE,2,15734.4,65.7
AUSTENDER_V1,Australia,Australian Criminal Intelligence Commission,Office supplies / consumables resale,AWARD_FIRST_EVIDENCE,2,347500.0,65.22
AUSTENDER_V1,Australia,Reserve Bank of Australia,Office supplies / consumables resale,AWARD_FIRST_EVIDENCE,2,475000.0,65.22
AUSTENDER_V1,Australia,Old Parliament House,Hardware / AV resale,AWARD_FIRST_EVIDENCE,2,176631.675,65.1
AUSTENDER_V1,Australia,Office of the Director of Public Prosecutions,Hardware / AV resale,AWARD_FIRST_EVIDENCE,2,966362.5,64.5
AUSTENDER_V1,Australia,National Capital Authority,Hardware / AV resale,AWARD_FIRST_EVIDENCE,2,28400.68,64.5
AUSTENDER_V1,Australia,Australian Centre for Disease Control,Recruitment / temporary staffing,AWARD_FIRST_EVIDENCE,2,1517770.0,64.24
AUSTENDER_V1,Australia,Department of Employment and Workplace Relations,Event support / production,AWARD_FIRST_EVIDENCE,2,81368.54000000001,63.6
AUSTENDER_V1,Australia,Australian Fisheries Management Authority,Report / publication production,AWARD_FIRST_EVIDENCE,2,13176.215,63.53
AUSTENDER_V1,Australia,Department of the Senate,Office supplies / consumables resale,AWARD_FIRST_EVIDENCE,2,107500.0,63.42
AUSTENDER_V1,Australia,Director of National Parks,Event support / production,AWARD_FIRST_EVIDENCE,2,492053.56,63.0
AUSTENDER_V1,Australia,"Department of Agriculture, Fisheries and Forestry",Uniforms / PPE resale,AWARD_FIRST_EVIDENCE,2,59890.545,62.28
AUSTENDER_V1,Australia,National Capital Authority,Event support / production,AWARD_FIRST_EVIDENCE,2,42622.195,62.25
AUSTENDER_V1,Australia,Organ and Tissue Authority,Cloud / hosting / managed IT,AWARD_FIRST_EVIDENCE,2,99309.955,62.0
AUSTENDER_V1,Australia,"Department of Infrastructure, Transport, Regional Development, Communications and the Arts",Event support / production,AWARD_FIRST_EVIDENCE,2,271660.0,61.8
AUSTENDER_V1,Australia,Australian Skills Quality Authority,Office supplies / consumables resale,AWARD_FIRST_EVIDENCE,2,26000.0,61.62
AUSTENDER_V1,Australia,Safe Work Australia,Office supplies / consumables resale,AWARD_FIRST_EVIDENCE,2,27860.870000000003,61.62
AUSTENDER_V1,Australia,Productivity Commission,Office supplies / consumables resale,AWARD_FIRST_EVIDENCE,2,70000.0,61.62
AUSTENDER_V1,Australia,"Department of Climate Change, Energy, the Environment and Water",Office supplies / consumables resale,AWARD_FIRST_EVIDENCE,2,38258.19,61.62
AUSTENDER_V1,Australia,Fair Work Commission,Office supplies / consumables resale,AWARD_FIRST_EVIDENCE,2,51717.535,61.62
AUSTENDER_V1,Australia,Australian Transaction Reports and Analysis Centre,Office supplies / consumables resale,AWARD_FIRST_EVIDENCE,2,45000.0,61.62
AUSTENDER_V1,Australia,Fair Work Commission,Hardware / AV resale,AWARD_FIRST_EVIDENCE,2,38957.975,61.5
AUSTENDER_V1,Australia,Office of the Australian Information Commissioner,Hardware / AV resale,AWARD_FIRST_EVIDENCE,2,48052.565,61.05
AUSTENDER_V1,Australia,Clean Energy Regulator,Office supplies / consumables resale,AWARD_FIRST_EVIDENCE,2,69250.0,61.02
AUSTENDER_V1,Australia,Australian Centre for International Agricultural Research,Recruitment / temporary staffing,AWARD_FIRST_EVIDENCE,2,77487.185,61.0
AUSTENDER_V1,Australia,Australian Digital Health Agency,Recruitment / temporary staffing,AWARD_FIRST_EVIDENCE,2,110922.5,61.0
AUSTENDER_V1,Australia,IP Australia,Courier / mail fulfilment,AWARD_FIRST_EVIDENCE,2,397500.0,60.2
AUSTENDER_V1,Australia,Future Fund Management Agency,Event support / production,AWARD_FIRST_EVIDENCE,2,105000.0,60.0
AUSTENDER_V1,Australia,Australian Federal Police,Event support / production,AWARD_FIRST_EVIDENCE,2,102552.9,60.0
AUSTENDER_V1,Australia,Australian Financial Security Authority,Call centre / helpdesk operations,AWARD_FIRST_EVIDENCE,2,138815.88999999998,59.63
AUSTENDER_V1,Australia,Australian Skills Quality Authority,Cloud / hosting / managed IT,AWARD_FIRST_EVIDENCE,2,94004.75,59.3
AUSTENDER_V1,Australia,National Capital Authority,Office supplies / consumables resale,AWARD_FIRST_EVIDENCE,2,31652.035,59.22
AUSTENDER_V1,Australia,National Blood Authority,Office supplies / consumables resale,AWARD_FIRST_EVIDENCE,2,37500.0,59.22
AUSTENDER_V1,Australia,Australian Fisheries Management Authority,Office supplies / consumables resale,AWARD_FIRST_EVIDENCE,2,24274.254999999997,59.22
AUSTENDER_V1,Australia,Productivity Commission,Recruitment / temporary staffing,AWARD_FIRST_EVIDENCE,2,67050.75,59.2
AUSTENDER_V1,Australia,Professional Services Review,Recruitment / temporary staffing,AWARD_FIRST_EVIDENCE,2,48390.0,59.2
AUSTENDER_V1,Australia,Department of the Treasury,Courier / mail fulfilment,AWARD_FIRST_EVIDENCE,2,91398.62,57.2
AUSTENDER_V1,Australia,Department of Finance,Courier / mail fulfilment,AWARD_FIRST_EVIDENCE,2,177500.0,57.2
AUSTENDER_V1,Australia,Department of Employment and Workplace Relations,Courier / mail fulfilment,AWARD_FIRST_EVIDENCE,2,118517.22,57.2
AUSTENDER_V1,Australia,Parliamentary Budget Office,Recruitment / temporary staffing,AWARD_FIRST_EVIDENCE,2,21450.0,56.8
AUSTENDER_V1,Australia,Office of the Fair Work Ombudsman,Recruitment / temporary staffing,AWARD_FIRST_EVIDENCE,2,19855.55,56.8
AUSTENDER_V1,Australia,Administrative Appeals Tribunal,Recruitment / temporary staffing,AWARD_FIRST_EVIDENCE,2,42515.51,56.8
AUSTENDER_V1,Australia,Office of the Commonwealth Ombudsman,Courier / mail fulfilment,AWARD_FIRST_EVIDENCE,2,30500.0,56.6
AUSTENDER_V1,Australia,Australian Skills Quality Authority,Courier / mail fulfilment,AWARD_FIRST_EVIDENCE,2,24800.005,56.6
AUSTENDER_V1,Australia,Office of the Official Secretary to the Governor-General,Recruitment / temporary staffing,AWARD_FIRST_EVIDENCE,2,62100.0,55.9
AUSTENDER_V1,Australia,Organ and Tissue Authority,Event support / production,AWARD_FIRST_EVIDENCE,2,44550.0,55.8
AUSTENDER_V1,Australia,National Capital Authority,Courier / mail fulfilment,AWARD_FIRST_EVIDENCE,2,23322.22,55.4
AUSTENDER_V1,Australia,Administrative Appeals Tribunal,Courier / mail fulfilment,AWARD_FIRST_EVIDENCE,2,36531.0,55.4
AUSTENDER_V1,Australia,Clean Energy Regulator,Courier / mail fulfilment,AWARD_FIRST_EVIDENCE,2,126261.285,54.8
AUSTENDER_V1,Australia,Net Zero Economy Authority,Recruitment / temporary staffing,AWARD_FIRST_EVIDENCE,2,14145.279999999999,54.4
AUSTENDER_V1,Australia,Administrative Review Tribunal,Courier / mail fulfilment,AWARD_FIRST_EVIDENCE,2,47535.67,53.0
AUSTENDER_V1,Australia,Professional Services Review,Courier / mail fulfilment,AWARD_FIRST_EVIDENCE,2,56000.0,53.0
AUSTENDER_V1,Australia,"Department of Infrastructure, Transport, Regional Development, Communications, Sport and the Arts",Event support / production,AWARD_FIRST_EVIDENCE,2,5280.01,51.0
