warehouse_source,country,buyer_name,lean_lane,route_band,records,median_value,avg_priority
Canada federal,Canada,Department of Public Works and Government Services (PSPC),OTHER / OPEN WORLD,OPEN_PUBLIC,4765,207431.84,48.01084575026233
United Kingdom,United Kingdom,Surrey County Council,OTHER / OPEN WORLD,OPEN_PUBLIC,3537,44871.43,43.17530675713882
TED,ESP,Dirección General de Racionalización y Centralización de la Contratación-Junta de Contratación Centralizada,OTHER / OPEN WORLD,UNKNOWN,2760,359846.75,55.793971014492755
TED,SWE,Trafikverket Myndighet,OTHER / OPEN WORLD,UNKNOWN,2568,8000000.0,53.607009345794395
TED,NOR,SYKEHUSINNKJØP HF,OTHER / OPEN WORLD,UNKNOWN,2332,16000000.0,47.592255574614065
Quebec,Canada - Quebec,Société de transport de Montréal,OTHER / OPEN WORLD,DIRECT_NONCOMPETITIVE,2295,49845.625,56.264941176470586
TED,POL,Uniwersyteckie Centrum Kliniczne,OTHER / OPEN WORLD,UNKNOWN,2253,89610.0,49.45509986684421
TED,PRT,"Unidade Local de Saúde Santa Maria, E.P.E.",OTHER / OPEN WORLD,UNKNOWN,2042,226838.03,52.62092066601371
TenderNed,Netherlands,Gemeente Rotterdam,OTHER / OPEN WORLD,UNKNOWN,2020,226212.62,44.879118811881185
Quebec,Canada - Quebec,Université Laval,OTHER / OPEN WORLD,DIRECT_NONCOMPETITIVE,1714,45000.0,55.05033838973162
TED,LTU,Viešoji įstaiga CPO LT,OTHER / OPEN WORLD,UNKNOWN,1704,12545.0,42.85396713615023
Quebec,Canada - Quebec,Centre intégré universitaire de santé et de services sociaux de l'Estrie - Centre Hospitalier Universitaire de Sherbrooke - CHUS,OTHER / OPEN WORLD,DIRECT_NONCOMPETITIVE,1652,70000.0,54.938401937046
TED,CZE,Ředitelství silnic a dálnic s. p.,OTHER / OPEN WORLD,UNKNOWN,1643,6840467.75,51.950870359099206
TED,POL,Państwowe Gospodarstwo Wodne Wody Polskie,OTHER / OPEN WORLD,UNKNOWN,1593,128900.0,48.32344005021971
Quebec,Canada - Quebec,Ville de Québec,OTHER / OPEN WORLD,DIRECT_NONCOMPETITIVE,1544,78339.0,55.74207253886011
Germany,Germany,DB InfraGO AG – Geschäftsbereich Fahrweg (Bukr 16),OTHER / OPEN WORLD,COMPETITIVE_OTHER,1543,0.0,42.786364225534676
Quebec,Canada - Quebec,Ministère des Transports et de la Mobilité durable (Direction de l'administration des appels d'offres publics),OTHER / OPEN WORLD,OPEN_PUBLIC,1539,702960.0,54.644561403508774
Germany,Germany,"Landeshauptstadt München, Baureferat",OTHER / OPEN WORLD,OPEN_PUBLIC,1458,141290.035,45.77691358024691
TED,POL,Górnośląskie Centrum Medyczne im. prof. Leszka Gieca Śląskiego Uniwersytetu Medycznego w Katowicach,OTHER / OPEN WORLD,UNKNOWN,1430,85524.14499999999,46.75158041958042
Quebec,Canada - Quebec,Ministère des Transports et de la Mobilité durable (Direction générale de la gestion contractuelle),OTHER / OPEN WORLD,OPEN_PUBLIC,1406,770000.0,54.259985775248936
Quebec,Canada - Quebec,CIUSSS du Centre-Sud-de-l'Île-de-Montréal,OTHER / OPEN WORLD,DIRECT_NONCOMPETITIVE,1395,48000.0,54.614494623655915
Germany,Germany,DB InfraGO AG – Geschäftsbereich Fahrweg (Bukr 16),OTHER / OPEN WORLD,OPEN_PUBLIC,1366,0.0,45.0589458272328
TED,AUT,ÖBB-Infrastruktur AG,OTHER / OPEN WORLD,UNKNOWN,1294,1741328.25,48.38228748068006
TED,MLT,Department of Contracts,OTHER / OPEN WORLD,UNKNOWN,1292,613234.56,50.4578173374613
TED,CZE,Ministerstvo obrany,OTHER / OPEN WORLD,UNKNOWN,1260,5812344.4399999995,53.50039682539683
Quebec,Canada - Quebec,Ville de Québec,OTHER / OPEN WORLD,OPEN_PUBLIC,1227,356416.0,54.16516707416463
TED,ESP,Administrador de Infraestructuras Ferroviarias,OTHER / OPEN WORLD,UNKNOWN,1224,2968000.0,52.06127450980392
Ireland,Ireland,The Office of Government Procurement,OTHER / OPEN WORLD,FRAMEWORK_DPS_CALLOFF,1193,441600.0,54.938692372171
Quebec,Canada - Quebec,Université de Montréal,OTHER / OPEN WORLD,DIRECT_NONCOMPETITIVE,1180,50000.0,55.62206779661017
Quebec,Canada - Quebec,CIUSSS du Nord-de-l'Île-de-Montréal,OTHER / OPEN WORLD,DIRECT_NONCOMPETITIVE,1135,45603.0,54.83443171806167
Quebec,Canada - Quebec,Centre intégré universitaire de santé et de services sociaux de l'Ouest-de-l'Île-de-Montréal,OTHER / OPEN WORLD,DIRECT_NONCOMPETITIVE,1100,48317.494999999995,55.49854545454546
Quebec,Canada - Quebec,Centre intégré universitaire de santé et de services sociaux de la Mauricie-et-du-Centre-du-Québec (CIUSSS MCQ),OTHER / OPEN WORLD,DIRECT_NONCOMPETITIVE,1089,55374.0,54.72292011019284
Quebec,Canada - Quebec,Ville de Laval,OTHER / OPEN WORLD,DIRECT_NONCOMPETITIVE,1085,88977.215,56.596387096774194
TED,ESP,"Empresa de Transformación Agraria S.A.,S.M.E., M.P., (TRAGSA)",OTHER / OPEN WORLD,UNKNOWN,1081,302239.68,48.38525439407955
Canada federal,Canada,Department of National Defence (DND),OTHER / OPEN WORLD,OPEN_PUBLIC,1080,24922.79,43.631388888888885
TED,FIN,Puolustusvoimat,OTHER / OPEN WORLD,UNKNOWN,1078,1686.2,43.435250463821895
United Kingdom,United Kingdom,Milton Keynes Council,OTHER / OPEN WORLD,OPEN_PUBLIC,1077,648.83,41.47019498607242
Quebec,Canada - Quebec,Ville de Montréal - Service de l'approvisionnement,OTHER / OPEN WORLD,OPEN_PUBLIC,1059,522509.64,45.60661000944287
Germany,Germany,DB InfraGO AG – Geschäftsbereich Fahrweg (Bukr 16),OTHER / OPEN WORLD,DIRECT_NONCOMPETITIVE,1053,0.0,45.79451092117759
Quebec,Canada - Quebec,Société des traversiers du Québec,OTHER / OPEN WORLD,DIRECT_NONCOMPETITIVE,1039,54000.0,55.31668912415785
Quebec,Canada - Quebec,Université McGill,OTHER / OPEN WORLD,DIRECT_NONCOMPETITIVE,1024,43482.11,55.01013671875
TED,FIN,HUS-yhtymä,OTHER / OPEN WORLD,UNKNOWN,1015,445000.0,46.86831527093596
Germany,Germany,"Staatsbetrieb Sächsisches Immobilien- und Baumanagement, Zentrale, Zentralstelle Vergabe- und Vertragsmanagement",OTHER / OPEN WORLD,OPEN_PUBLIC,987,294829.0,53.426484295845995
Quebec,Canada - Quebec,Ministère des Transports et de la Mobilité durable (Direction de l'administration des appels d'offres publics),OTHER / OPEN WORLD,DIRECT_NONCOMPETITIVE,982,29560.0,54.500386965376784
TED,CZE,Fakultní nemocnice Olomouc,OTHER / OPEN WORLD,UNKNOWN,976,3653253.0,55.899877049180326
Belgium,BE,Infrabel - Goods & Services,OTHER / OPEN WORLD,UNKNOWN,971,,41.54148300720906
Quebec,Canada - Quebec,CHU Ste-Justine,OTHER / OPEN WORLD,DIRECT_NONCOMPETITIVE,961,50000.0,55.45290322580645
Germany,Germany,SBH | Schulbau Hamburg,OTHER / OPEN WORLD,OPEN_PUBLIC,939,263543.0,54.146879659211926
Canada federal,Canada,Department of Public Works and Government Services (PSPC),OTHER / OPEN WORLD,COMPETITIVE_OTHER,936,294849.98,46.49839743589744
Quebec,Canada - Quebec,CISSS de Chaudière-Appalaches,OTHER / OPEN WORLD,DIRECT_NONCOMPETITIVE,926,52397.75,55.17481641468682
TED,POL,Akademia Górniczo-Hutnicza im. Stanisława Staszica w Krakowie,OTHER / OPEN WORLD,UNKNOWN,923,50048.11,44.04383531960997
Quebec,Canada - Quebec,CHU de Québec-Université Laval,OTHER / OPEN WORLD,DIRECT_NONCOMPETITIVE,915,62624.87,55.26144262295082
Quebec,Canada - Quebec,Centre intégré de santé et de services sociaux de la Montérégie-Est,OTHER / OPEN WORLD,DIRECT_NONCOMPETITIVE,887,46167.015,55.84750845546787
Belgium,BE,KU Leuven,OTHER / OPEN WORLD,UNKNOWN,876,,41.31294520547945
TED,LVA,Liepājas valstspilsētas pašvaldība,OTHER / OPEN WORLD,UNKNOWN,860,36332.229999999996,45.249581395348834
United Kingdom,United Kingdom,NHS England,OTHER / OPEN WORLD,DIRECT_NONCOMPETITIVE,848,34000.0,51.95518867924528
TED,MLT,Sectoral Procurement Directorate,OTHER / OPEN WORLD,UNKNOWN,843,187000.0,48.28125741399763
United Kingdom,United Kingdom,Bristol City Council,OTHER / OPEN WORLD,DIRECT_NONCOMPETITIVE,828,90000.0,43.65601449275362
TED,POL,Polska Grupa Górnicza S.A.,OTHER / OPEN WORLD,UNKNOWN,824,2333002.5,48.929708737864075
TED,LTU,VšĮ Vilniaus universiteto ligoninė Santaros klinikos (PV),OTHER / OPEN WORLD,UNKNOWN,798,36340.0,44.96385964912281
Quebec,Canada - Quebec,Ville de Lévis.,OTHER / OPEN WORLD,DIRECT_NONCOMPETITIVE,789,50703.98,54.424182509505705
TED,BGR,СТОЛИЧНА ОБЩИНА,OTHER / OPEN WORLD,UNKNOWN,788,127822.97,50.54210659898477
TED,CZE,"Správa železnic, státní organizace",OTHER / OPEN WORLD,UNKNOWN,786,59055455.0,53.123969465648855
Belgium,BE,Aquafin NV - Directie Projectmanagement,OTHER / OPEN WORLD,UNKNOWN,786,,40.9942748091603
Quebec,Canada - Quebec,Hydro-Québec.,OTHER / OPEN WORLD,OPEN_PUBLIC,785,1786465.6800000002,52.71885350318471
Quebec,Canada - Quebec,Santé Québec - Établissement CIUSSS de l’Est-de-l’Île-de-Montréal,OTHER / OPEN WORLD,DIRECT_NONCOMPETITIVE,783,63900.0,56.45333333333333
TED,HRV,GRAD ZAGREB,OTHER / OPEN WORLD,UNKNOWN,774,377292.0,53.147131782945735
Belgium,BE,Antwerpen,OTHER / OPEN WORLD,UNKNOWN,771,,41.24466926070039
TED,BGR,"УНИВЕРСИТЕТСКА МНОГОПРОФИЛНА БОЛНИЦА ЗА АКТИВНО ЛЕЧЕНИЕ ""СВЕТИ ГЕОРГИ"" ЕАД",OTHER / OPEN WORLD,UNKNOWN,766,80977.15,49.7598955613577
TED,FIN,Sansia Oy,OTHER / OPEN WORLD,UNKNOWN,765,600000.0,49.2239477124183
Belgium,BE,Regie der Gebouwen - Vlaanderen Regio Oost,OTHER / OPEN WORLD,UNKNOWN,765,,40.98988235294118
TenderNed,Netherlands,Staatsbosbeheer,OTHER / OPEN WORLD,UNKNOWN,757,1.0,37.1287714663144
TED,SWE,Västra Götalandsregionen,OTHER / OPEN WORLD,UNKNOWN,754,12000000.0,53.323236074270554
TED,FIN,Väylävirasto,OTHER / OPEN WORLD,UNKNOWN,753,1206575.0,47.45946879150066
TenderNed,Netherlands,Gemeente Den Haag,OTHER / OPEN WORLD,UNKNOWN,751,1333333.0,44.52434087882823
Quebec,Canada - Quebec,CISSS Montérégie-Ouest,OTHER / OPEN WORLD,DIRECT_NONCOMPETITIVE,748,46212.485,55.85483957219251
TED,LTU,Lietuvos sveikatos mokslų universiteto ligoninė Kauno klinikos (PV),OTHER / OPEN WORLD,UNKNOWN,745,41487.6025,45.90553020134228
TenderNed,Netherlands,Gemeente Amsterdam,OTHER / OPEN WORLD,UNKNOWN,740,800000.0,42.91383783783784
TED,ESP,OSAKIDETZA - Servicio Vasco de Salud - Organización Central,OTHER / OPEN WORLD,UNKNOWN,735,699600.0,52.6672925170068
Quebec,Canada - Quebec,Société des établissements de plein air du Québec (Sépaq).,OTHER / OPEN WORLD,DIRECT_NONCOMPETITIVE,730,45000.0,55.316931506849315
TED,ROU,COMPANIA NATIONALA DE ADMINISTRARE A INFRASTRUCTURII RUTIERE S.A.,OTHER / OPEN WORLD,UNKNOWN,721,2005522.55,53.51583911234397
Quebec,Canada - Quebec,Centre intégré de santé et de services sociaux de Lanaudière,OTHER / OPEN WORLD,DIRECT_NONCOMPETITIVE,713,47880.0,55.448022440392705
United Kingdom,United Kingdom,"Sutton, Achieving for Children and Kingston",OTHER / OPEN WORLD,OPEN_PUBLIC,713,3454.29,35.922861150070126
Quebec,Canada - Quebec,CIUSSS du Saguenay - Lac-Saint-Jean,OTHER / OPEN WORLD,DIRECT_NONCOMPETITIVE,710,57550.0,55.128535211267604
United Kingdom,United Kingdom,Cumberland Council,OTHER / OPEN WORLD,OPEN_PUBLIC,706,869.86,47.127677053824364
United Kingdom,United Kingdom,UK Research and Innovation,OTHER / OPEN WORLD,DIRECT_NONCOMPETITIVE,706,15668.75,46.90025495750708
TED,POL,Generalna Dyrekcja Dróg Krajowych i Autostrad,OTHER / OPEN WORLD,UNKNOWN,704,4980812.0,49.07193181818182
TED,ESP,Ferrocarrils de la Generalitat de Catalunya,OTHER / OPEN WORLD,UNKNOWN,702,263814.0,52.24680911680912
Germany,Germany,DAK-Gesundheit,OTHER / OPEN WORLD,OPEN_PUBLIC,689,1.0,43.32597968069666
Quebec,Canada - Quebec,Ministère des Transports et de la Mobilité durable (Direction de l'administration des appels d'offres publics),OTHER / OPEN WORLD,LIMITED_INVITATION,687,28044.0,51.70893740902474
Quebec,Canada - Quebec,Ville de Laval,OTHER / OPEN WORLD,OPEN_PUBLIC,684,687347.385,54.08842105263158
Belgium,BE,Enabel,OTHER / OPEN WORLD,UNKNOWN,680,,41.48335294117647
TED,CYP,Υπουργείο Υγείας,OTHER / OPEN WORLD,UNKNOWN,679,371249.0,52.22780559646539
TED,PRT,Autoridade Tributária e Aduaneira,OTHER / OPEN WORLD,UNKNOWN,674,414484.0,49.50759643916914
TED,NOR,STATSBYGG,OTHER / OPEN WORLD,UNKNOWN,674,6000000.0,47.739940652818994
Quebec,Canada - Quebec,SANTÉ QUÉBEC - Centre Hospitalier de l'Université de Montréal (CHUM),OTHER / OPEN WORLD,DIRECT_NONCOMPETITIVE,668,82114.515,56.410898203592815
Belgium,BE,Universiteit Gent,OTHER / OPEN WORLD,UNKNOWN,665,,41.21058646616542
TED,CZE,Státní pozemkový úřad,OTHER / OPEN WORLD,UNKNOWN,663,2952250.0,50.98220211161387
Quebec,Canada - Quebec,Centre intégré de santé et de services sociaux (CISSS) des Laurentides,OTHER / OPEN WORLD,DIRECT_NONCOMPETITIVE,660,63912.0,55.98763636363636
TED,ROU,REGIA NATIONALA A PADURILOR - ROMSILVA RA,OTHER / OPEN WORLD,UNKNOWN,658,231889.65999999997,52.369908814589664
Canada federal,Canada,Department of National Defence (DND),OTHER / OPEN WORLD,COMPETITIVE_OTHER,658,132916.95500000002,44.92079027355623
France,France,Bordeaux Métropole,OTHER / OPEN WORLD,OPEN_PUBLIC,649,1000000.0,48.524406779661014
Quebec,Canada - Quebec,Ministère des Ressources naturelles et des Forêts,OTHER / OPEN WORLD,OPEN_PUBLIC,641,79544.2,52.57478939157566
Quebec,Canada - Quebec,Centre intégré de santé et de services sociaux de Laval,OTHER / OPEN WORLD,DIRECT_NONCOMPETITIVE,640,49818.0,55.35540625
Quebec,Canada - Quebec,Ville de Longueuil,OTHER / OPEN WORLD,DIRECT_NONCOMPETITIVE,638,54463.66,54.74025078369906
Quebec,Canada - Quebec,"Ministère de l'Environnement, de la Lutte contre les changements climatiques, de la Faune et des Parcs",OTHER / OPEN WORLD,DIRECT_NONCOMPETITIVE,629,60000.0,55.49144674085851
United Kingdom,United Kingdom,Ministry of Defence,OTHER / OPEN WORLD,DIRECT_NONCOMPETITIVE,628,857270.51,57.53815286624204
TED,CZE,Ministerstvo vnitra,OTHER / OPEN WORLD,UNKNOWN,623,7132157.5,55.49223113964687
Quebec,Canada - Quebec,Centre intégré de santé et de services sociaux de la Gaspésie.,OTHER / OPEN WORLD,DIRECT_NONCOMPETITIVE,621,38000.0,54.711497584541064
Quebec,Canada - Quebec,CIUSSS du Centre-ouest-de-l'Île-de-Montréal,OTHER / OPEN WORLD,DIRECT_NONCOMPETITIVE,615,58800.0,55.9059512195122
TED,LVA,Jelgavas valstspilsētas pašvaldība,OTHER / OPEN WORLD,UNKNOWN,615,25213.02,44.38539837398374
TED,CZE,Fakultní nemocnice Hradec Králové,OTHER / OPEN WORLD,UNKNOWN,613,5458272.0,55.6721370309951
Germany,Germany,Bundesanstalt für Immobilienaufgaben,OTHER / OPEN WORLD,OPEN_PUBLIC,613,111106.53,46.77905383360522
Quebec,Canada - Quebec,Ville de Montréal - Service du développement économique,OTHER / OPEN WORLD,DIRECT_NONCOMPETITIVE,609,76095.97,56.24387520525452
Germany,Germany,"Bundesrepublik Deutschland, vertreten durch das Bundesministerium des Innern und für Heimat, vertreten durch das Beschaffungsamt des BMI",OTHER / OPEN WORLD,OPEN_PUBLIC,609,1900840.3,55.38144499178982
TenderNed,Netherlands,VNG Realisatie,OTHER / OPEN WORLD,UNKNOWN,608,1234.56,38.209802631578945
TED,CZE,"ČEZ, a. s.",OTHER / OPEN WORLD,UNKNOWN,604,17634480.5,51.896390728476824
TED,LVA,Rīgas Stradiņa universitāte,OTHER / OPEN WORLD,UNKNOWN,599,35550.0,44.36721202003339
United Kingdom,United Kingdom,NHS South Yorkshire Integrated Care Board,OTHER / OPEN WORLD,DIRECT_NONCOMPETITIVE,596,1.0,47.71711409395973
TED,POL,Wojewódzkie Wielospecjalistyczne Centrum Onkologii i Traumatologii im. M. Kopernika w Łodzi,OTHER / OPEN WORLD,UNKNOWN,593,555767.5,49.88964586846543
TED,POL,Bank Gospodarstwa Krajowego,OTHER / OPEN WORLD,UNKNOWN,588,2467500.0,51.66663265306122
TED,POL,Uniwersyteckie Centrum Kliniczne Warszawskiego Uniwersytetu Medycznego,OTHER / OPEN WORLD,UNKNOWN,588,327545.33999999997,50.150884353741496
TED,PRT,Infraestruturas de Portugal S.A.,OTHER / OPEN WORLD,UNKNOWN,585,999999.99,49.641162393162396
Quebec,Canada - Quebec,Centre intégré universitaire de santé et de services sociaux de la Capitale-Nationale 1,OTHER / OPEN WORLD,DIRECT_NONCOMPETITIVE,584,63705.0,56.21345890410959
Quebec,Canada - Quebec,Université de Sherbrooke -Service des ressources financières- Section de l'approvisionnement,OTHER / OPEN WORLD,DIRECT_NONCOMPETITIVE,584,50742.66,55.00996575342466
Quebec,Canada - Quebec,Université du Québec à Montréal,OTHER / OPEN WORLD,DIRECT_NONCOMPETITIVE,578,45238.130000000005,54.89795847750865
Canada federal,Canada,Shared Services Canada,OTHER / OPEN WORLD,OPEN_PUBLIC,577,76713.455,52.92221837088388
TED,LVA,Rīgas valstspilsētas pašvaldības Centrālās administrācijas Iepirkumu pārvalde,OTHER / OPEN WORLD,UNKNOWN,570,331573.6375,46.39989473684211
Quebec,Canada - Quebec,Ville de Gatineau.,OTHER / OPEN WORLD,OPEN_PUBLIC,564,328919.515,54.699503546099294
TED,POL,SZPITAL UNIWERSYTECKI W KRAKOWIE,OTHER / OPEN WORLD,UNKNOWN,564,513702.5,54.4954609929078
TED,AUT,Autobahnen- und Schnellstraßen- Finanzierungs-Aktiengesellschaft,OTHER / OPEN WORLD,UNKNOWN,564,853355.0,50.81354609929078
TED,AUT,Stadt Wien - Wiener Wohnen,OTHER / OPEN WORLD,UNKNOWN,562,447574.655,48.09825622775801
TED,EST,Riigi Tugiteenuste Keskus,OTHER / OPEN WORLD,UNKNOWN,561,160000.0,51.6751871657754
United Kingdom,United Kingdom,Westmorland and Furness Council,OTHER / OPEN WORLD,OPEN_PUBLIC,560,1284.8,47.365
TED,DNK,Amgros I/S,OTHER / OPEN WORLD,UNKNOWN,559,2012500.0,50.37309481216458
United Kingdom,United Kingdom,London Borough of Haringey - Passenger Transport Services,OTHER / OPEN WORLD,OPEN_PUBLIC,559,32.14,40.98032200357782
Quebec,Canada - Quebec,École de technologie supérieure,OTHER / OPEN WORLD,DIRECT_NONCOMPETITIVE,556,43493.5,55.013273381294965
TED,CZE,Fakultní nemocnice Brno,OTHER / OPEN WORLD,UNKNOWN,556,10773882.85,52.9713309352518
France,France,Nantes Métropole,OTHER / OPEN WORLD,OPEN_PUBLIC,554,400000.0,47.2959927797834
Germany,Germany,HIL Heeresinstandsetzungslogistik GmbH,OTHER / OPEN WORLD,COMPETITIVE_OTHER,553,1998000.0,45.01533453887884
TED,POL,Agencja Mienia Wojskowego,OTHER / OPEN WORLD,UNKNOWN,552,89164.8,46.66304347826087
Ireland,Ireland,Health Service Executive (HSE),OTHER / OPEN WORLD,OPEN_PUBLIC,548,800000.0,50.09554744525548
TED,LTU,UAB Ignitis grupės paslaugų centras (PV),OTHER / OPEN WORLD,UNKNOWN,539,119325.0,47.565417439703154
Belgium,BE,Vrije Universiteit Brussel,OTHER / OPEN WORLD,UNKNOWN,539,,41.54033395176252
United Kingdom,United Kingdom,UK Research and Innovation,OTHER / OPEN WORLD,COMPETITIVE_OTHER,532,23626.02,46.7868045112782
Quebec,Canada - Quebec,Centre Intégré de Santé et de Services Sociaux de l'Outaouais,OTHER / OPEN WORLD,DIRECT_NONCOMPETITIVE,530,56565.42,55.35796226415094
TED,BGR,ЕЛЕКТРОЕНЕРГИЕН СИСТЕМЕН ОПЕРАТОР ЕАД,OTHER / OPEN WORLD,UNKNOWN,530,261854.83000000002,51.835811320754715
TED,BGR,Електроразпределение Юг ЕАД,OTHER / OPEN WORLD,UNKNOWN,530,214961.71500000003,51.63441509433962
TED,LTU,Nacionalinis maisto ir veterinarijos rizikos vertinimo institutas (PV),OTHER / OPEN WORLD,UNKNOWN,527,1188.0,38.235673624288424
Quebec,Canada - Quebec,Université Concordia,OTHER / OPEN WORLD,DIRECT_NONCOMPETITIVE,526,54250.5,56.064144486692015
TED,LVA,Valsts aizsardzības loģistikas un iepirkumu centrs,OTHER / OPEN WORLD,UNKNOWN,521,371900.83,44.57078694817658
Belgium,BE,Université de Liège (3P),OTHER / OPEN WORLD,UNKNOWN,521,,40.728790786948174
Quebec,Canada - Quebec,Ville de Saguenay,OTHER / OPEN WORLD,OPEN_PUBLIC,520,244219.16499999998,54.02146153846154
TED,LTU,VILNIAUS MIESTO SAVIVALDYBĖS ADMINISTRACIJA,OTHER / OPEN WORLD,UNKNOWN,518,28935.36,47.77976833976834
France,France,Ville de Lyon,OTHER / OPEN WORLD,OPEN_PUBLIC,518,800000.0,46.096177606177605
TED,LVA,Bauskas novada pašvaldība,OTHER / OPEN WORLD,UNKNOWN,517,30032.84,44.472998065764024
Belgium,BE,Infrabel Projects South,OTHER / OPEN WORLD,UNKNOWN,515,,40.4547572815534
Quebec,Canada - Quebec,Ville de Montréal - Service de l'approvisionnement,OTHER / OPEN WORLD,DIRECT_NONCOMPETITIVE,511,68354.395,56.16148727984344
TED,ESP,"Metro de Madrid, S.A.",OTHER / OPEN WORLD,UNKNOWN,510,1000000.0,52.606
Quebec,Canada - Quebec,Réseau de Transport Métropolitain (EXO),OTHER / OPEN WORLD,DIRECT_NONCOMPETITIVE,509,76515.86,55.690962671905694
Quebec,Canada - Quebec,Centre de services scolaire des Affluents,OTHER / OPEN WORLD,DIRECT_NONCOMPETITIVE,509,38490.0,54.77237721021611
TED,SWE,"Region Skåne, Koncernstab inköp och ekonomistyrning",OTHER / OPEN WORLD,UNKNOWN,508,11000000.0,53.54011811023622
Germany,Germany,"Bundesagentur für Arbeit, Regionales Einkaufszentrum Südwest",OTHER / OPEN WORLD,OPEN_PUBLIC,507,0.01,45.31222879684418
Germany,Germany,"Bundesagentur für Arbeit, Regionales Einkaufszentrum NRW",OTHER / OPEN WORLD,OPEN_PUBLIC,506,0.01,45.35276679841897
France,France,Toulouse Métropole,OTHER / OPEN WORLD,OPEN_PUBLIC,503,364557.2,46.978290258449306
TED,FIN,Varsinais-Suomen hyvinvointialue,OTHER / OPEN WORLD,UNKNOWN,502,556000.0,47.58207171314741
Germany,Germany,"Bundesagentur für Arbeit, Regionales Einkaufszentrum Nord",OTHER / OPEN WORLD,OPEN_PUBLIC,502,0.01,45.94342629482072
United Kingdom,United Kingdom,West Northamptonshire Council,OTHER / OPEN WORLD,OPEN_PUBLIC,502,490.0,36.110478087649405
TED,DNK,Banedanmark,OTHER / OPEN WORLD,UNKNOWN,500,3824912.0,51.68452
TED,POL,PGE Energia Ciepła S.A.,OTHER / OPEN WORLD,UNKNOWN,500,1234745.25,50.2018
TED,POL,KOMENDA GŁÓWNA POLICJI,OTHER / OPEN WORLD,UNKNOWN,497,469070.34,46.668008048289735
TED,CZE,Institut klinické a experimentální medicíny,OTHER / OPEN WORLD,UNKNOWN,496,4040500.0,55.27092741935484
TenderNed,Netherlands,ProRail B.V.,OTHER / OPEN WORLD,UNKNOWN,493,3536640.0,46.88839756592292
Quebec,Canada - Quebec,Centre intégré de santé et de services sociaux de la Montérégie-Centre (CISSS de la Montérégie-Centre),OTHER / OPEN WORLD,DIRECT_NONCOMPETITIVE,492,80286.245,56.875
TED,LTU,LTG Kompetencijų centras UAB (PV),OTHER / OPEN WORLD,UNKNOWN,490,121720.0,46.697428571428574
TED,CZE,Nemocnice Na Homolce,OTHER / OPEN WORLD,UNKNOWN,489,945249.7475,53.2559918200409
TED,HUN,Építési és Közlekedési Minisztérium,OTHER / OPEN WORLD,UNKNOWN,487,1104625000.0,50.624722792607805
Belgium,BE,KU Leuven (universiteit),OTHER / OPEN WORLD,UNKNOWN,484,,41.31574380165289
TED,BGR,ОБЩИНА БУРГАС,OTHER / OPEN WORLD,UNKNOWN,482,192241.63,50.77033195020747
TED,PRT,"SPMS - Serviços Partilhados do Ministério da Saúde, E. P. E.",OTHER / OPEN WORLD,UNKNOWN,482,315800.0,49.26286307053942
TED,POL,"Jastrzębska Spółka Węglowa S.A. z siedzibą w Jastrzębiu Zdroju, Zakład Wsparcia Produkcji",OTHER / OPEN WORLD,UNKNOWN,480,9900000.0,45.51529166666667
TED,LVA,Daugavpils valstspilsētas pašvaldība,OTHER / OPEN WORLD,UNKNOWN,480,80210.08,44.814375
TED,SVN,MINISTRSTVO ZA OBRAMBO,OTHER / OPEN WORLD,UNKNOWN,479,388246.575,52.72830897703549
Quebec,Canada - Quebec,Ministère des Transports et de la Mobilité durable (Direction générale de la gestion contractuelle),OTHER / OPEN WORLD,DIRECT_NONCOMPETITIVE,476,27593.980000000003,54.44172268907563
TED,POL,PKP Polskie Linie Kolejowe S.A.,OTHER / OPEN WORLD,UNKNOWN,472,11241647.055,49.95690677966102
Quebec,Canada - Quebec,Ville de Longueuil,OTHER / OPEN WORLD,OPEN_PUBLIC,470,437698.33,53.243148936170215
Germany,Germany,Deutsche Gesellschaft für Internationale Zusammenarbeit (GIZ) GmbH,OTHER / OPEN WORLD,OPEN_PUBLIC,470,471000.0,52.35668085106383
Germany,Germany,"Bundesamt für Ausrüstung, Informationstechnik und Nutzung der Bundeswehr",OTHER / OPEN WORLD,DIRECT_NONCOMPETITIVE,470,443040.965,50.560978723404254
TED,CZE,"Krajská zdravotní, a.s.",OTHER / OPEN WORLD,UNKNOWN,469,3132811.0,51.92597014925373
Quebec,Canada - Quebec,Ville de Saguenay,OTHER / OPEN WORLD,LIMITED_INVITATION,468,46044.615,50.91089743589744
France,France,Eurométropole de Strasbourg,OTHER / OPEN WORLD,OPEN_PUBLIC,468,583780.0,46.97948717948718
TED,ESP,"CANAL DE ISABEL II, S.A., M.P.",OTHER / OPEN WORLD,UNKNOWN,466,1765000.0,52.1450643776824
United Kingdom,United Kingdom,CAMBRIDGE UNIVERSITY HOSPITALS NHS FOUNDATION TRUST,OTHER / OPEN WORLD,UNKNOWN,466,23415.36,44.62394849785408
TED,FIN,"Helsingin kaupunki, kaupunkiympäristön toimiala",OTHER / OPEN WORLD,UNKNOWN,464,4439117.0,48.04905172413793
TED,ESP,Centre de Telecomunicacions i Tecnologies de la Informació de la Generalitat de Catalunya,OTHER / OPEN WORLD,UNKNOWN,462,1319961.855,57.31393939393939
TED,LVA,SIA „Rīgas Austrumu klīniskā universitātes slimnīca”,OTHER / OPEN WORLD,UNKNOWN,461,149450.0,45.93930585683297
TED,POL,Województwo Małopolskie,OTHER / OPEN WORLD,UNKNOWN,460,205353.54,47.30021739130435
TenderNed,Netherlands,Politie,OTHER / OPEN WORLD,UNKNOWN,460,1200000.0,43.272695652173915
Belgium,BE,Fluvius System Operator cv (Speziale Sektoren),OTHER / OPEN WORLD,UNKNOWN,460,,41.106434782608694
TED,ESP,Dirección General de Carreteras,OTHER / OPEN WORLD,UNKNOWN,458,4768955.97,51.017379912663756
Quebec,Canada - Quebec,"Ministère de l'Immigration, de la Francisation et de l'Intégration",OTHER / OPEN WORLD,DIRECT_NONCOMPETITIVE,454,65459.15,56.03678414096916
TenderNed,Netherlands,Commando Materieel en iT (COMMIT),OTHER / OPEN WORLD,UNKNOWN,454,402725.0,42.620396475770924
TED,BGR,ОБЩИНА ВАРНА,OTHER / OPEN WORLD,UNKNOWN,453,110700.0,50.38083885209713
TED,LTU,Lietuvos sveikatos mokslų universiteto ligoninė Kauno klinikos,OTHER / OPEN WORLD,UNKNOWN,453,39600.0,44.51359823399559
TED,ESP,Comité Ejecutivo de la Mancomunidad de los Canales del Taibilla,OTHER / OPEN WORLD,UNKNOWN,451,402564.0,46.16421286031042
TED,CZE,Všeobecná fakultní nemocnice v Praze,OTHER / OPEN WORLD,UNKNOWN,449,1980000.0,54.64209354120267
TED,POL,Centrum Informatyki Resortu Finansów,OTHER / OPEN WORLD,UNKNOWN,448,4999920.0,51.71075892857143
Quebec,Canada - Quebec,Ville de Saint-Jean-sur-Richelieu.,OTHER / OPEN WORLD,DIRECT_NONCOMPETITIVE,446,51255.125,55.23354260089686
TenderNed,Netherlands,Gemeente Utrecht,OTHER / OPEN WORLD,UNKNOWN,446,987500.0,45.2877130044843
Quebec,Canada - Quebec,Ville de Granby,OTHER / OPEN WORLD,DIRECT_NONCOMPETITIVE,445,42861.04,54.129393258426965
TenderNed,Netherlands,Gemeente 's-Hertogenbosch,OTHER / OPEN WORLD,UNKNOWN,445,100.0,41.26103370786517
TED,EST,sihtasutus Põhja-Eesti Regionaalhaigla,OTHER / OPEN WORLD,UNKNOWN,444,300000.0,53.38099099099099
Germany,Germany,Stadt Leipzig,OTHER / OPEN WORLD,OPEN_PUBLIC,444,0.01,46.86436936936937
Germany,Germany,Vergabe und Beschaffungszentrum Dortmund,OTHER / OPEN WORLD,OPEN_PUBLIC,443,328844.47,46.78352144469526
United Kingdom,United Kingdom,NHS Wales Shared Services Partnership-Procurement Services (hosted by Velindre University NHS Trust),OTHER / OPEN WORLD,OPEN_PUBLIC,441,201854.2,55.2604081632653
Quebec,Canada - Quebec,Ville de Sherbrooke,OTHER / OPEN WORLD,OPEN_PUBLIC,439,335325.31,54.838952164009115
TED,POL,Miejskie Przedsiębiorstwo Wodociągów i Kanalizacji w m. st. Warszawie S.A.,OTHER / OPEN WORLD,UNKNOWN,438,972500.0,48.68840182648402
TED,POL,Południowy Koncern Węglowy S.A.,OTHER / OPEN WORLD,UNKNOWN,435,5600000.0,51.26749425287356
Belgium,BE,"Mobiliteit en Openbare Werken, Agentschap Wegen en Verkeer",OTHER / OPEN WORLD,UNKNOWN,435,,41.01448275862069
Quebec,Canada - Quebec,DGCGER (Ministère des transports),OTHER / OPEN WORLD,DIRECT_NONCOMPETITIVE,434,15157.21,50.536635944700464
Belgium,BE,Université Catholique de Louvain - Service des Achats,OTHER / OPEN WORLD,UNKNOWN,434,,40.84488479262673
TED,ESP,DIPUTACIÓN DE BARCELONA,OTHER / OPEN WORLD,UNKNOWN,432,424750.0,50.942314814814814
TED,POL,Uniwersytet Warszawski,OTHER / OPEN WORLD,UNKNOWN,432,227630.24,48.41833333333334
TED,AUT,Gemeinnützige Salzburger Landeskliniken Betriebsgesellschaft mbH,OTHER / OPEN WORLD,UNKNOWN,432,497620.0,46.5462037037037
France,France,Collectivité européenne d'Alsace,OTHER / OPEN WORLD,OPEN_PUBLIC,432,414459.79500000004,46.187222222222225
TED,ESP,"Infraestructures de la Generalitat de Catalunya, SAU",OTHER / OPEN WORLD,UNKNOWN,431,483928.75,50.10858468677494
TED,ESP,"Servicio Madrileno de Salud, Hospital Universitario La Paz",OTHER / OPEN WORLD,UNKNOWN,430,204121.01,53.42553488372093
TED,ESP,Director Gerente de FREMAP,OTHER / OPEN WORLD,UNKNOWN,430,294183.0,52.52274418604651
TED,POL,UNIWERSYTECKI SZPITAL KLINICZNY IM JANA MIKULICZA - RADECKIEGO WE WROCŁAWIU,OTHER / OPEN WORLD,UNKNOWN,430,430272.0,48.70632558139535
Quebec,Canada - Quebec,Ville de Salaberry-de-Valleyfield,OTHER / OPEN WORLD,DIRECT_NONCOMPETITIVE,429,43719.244999999995,55.06475524475525
United Kingdom,United Kingdom,Midlands and Lancashire Commissioning Support Unit,OTHER / OPEN WORLD,OPEN_PUBLIC,425,4317.68,47.216
TED,LTU,Kauno miesto savivaldybės administracija,OTHER / OPEN WORLD,UNKNOWN,423,125000.0,46.93565011820331
France,France,Ville de Marseille,OTHER / OPEN WORLD,OPEN_PUBLIC,423,840000.0,45.620283687943264
TED,LVA,VSIA „Paula Stradiņa klīniskā universitātes slimnīca”,OTHER / OPEN WORLD,UNKNOWN,423,250000.0,44.91342789598109
Germany,Germany,"Bundesamt für Infrastruktur, Umweltschutz und Dienstleistungen der Bundeswehr",OTHER / OPEN WORLD,OPEN_PUBLIC,422,415200.0,49.335734597156396
TED,LTU,"AB ""Lietuvos geležinkeliai""",OTHER / OPEN WORLD,UNKNOWN,421,158370.0,47.32384798099763
United Kingdom,United Kingdom,UK Research & Innovation (UKRI),OTHER / OPEN WORLD,DIRECT_NONCOMPETITIVE,420,69835.64,52.078857142857146
Germany,Germany,DEGES Deutsche Einheit Fernstraßenplanungs- und -bau GmbH,OTHER / OPEN WORLD,OPEN_PUBLIC,420,373785.83,48.30142857142857
Quebec,Canada - Quebec,Ministère de la Justice,OTHER / OPEN WORLD,DIRECT_NONCOMPETITIVE,418,50000.0,56.15177033492823
Quebec,Canada - Quebec,Université de Sherbrooke -Service des ressources financières- Section de l'approvisionnement,OTHER / OPEN WORLD,LIMITED_INVITATION,418,46785.24,52.74272727272727
TED,ESP,"Consejero Delegado de Ingeniería de Sistemas para la Defensa de España S.A., S.M.E. y M.P.",OTHER / OPEN WORLD,UNKNOWN,417,138570.56,52.17002398081535
Belgium,BE,Fluvius System Operator cv (Traditionellen Sektoren),OTHER / OPEN WORLD,UNKNOWN,417,,41.01597122302158
TED,FIN,Pohjois-Karjalan hankintatoimi,OTHER / OPEN WORLD,UNKNOWN,416,400000.0,47.309375
TED,SVN,DRUŽBA ZA AVTOCESTE V REPUBLIKI SLOVENIJI D.D.,OTHER / OPEN WORLD,UNKNOWN,415,508865.0,52.889253012048194
TenderNed,Netherlands,"Ministerie van Defensie, Defensie Ondersteuningscommando (DOSCO)",OTHER / OPEN WORLD,UNKNOWN,414,2000000.0,44.79724637681159
Belgium,BE,Universitaire Ziekenhuizen Leuven,OTHER / OPEN WORLD,UNKNOWN,414,,41.42
Germany,Germany,Die Autobahn GmbH des Bundes - NL Ost,OTHER / OPEN WORLD,OPEN_PUBLIC,413,477991.375,56.412687651331716
TED,CZE,"České dráhy, a.s.",OTHER / OPEN WORLD,UNKNOWN,413,9312801.125,53.266198547215495
TED,ESP,Jefatura de Asuntos Económicos del Mando de Apoyo Logístico,OTHER / OPEN WORLD,UNKNOWN,413,1115600.745,52.874624697336564
TED,BGR,ТЕЦ МАРИЦА ИЗТОК 2 ЕАД,OTHER / OPEN WORLD,UNKNOWN,413,250000.0,52.13820823244552
Quebec,Canada - Quebec,Ville de Boucherville,OTHER / OPEN WORLD,DIRECT_NONCOMPETITIVE,412,47140.0,54.9602427184466
Quebec,Canada - Quebec,CENTRE INTÉGRÉ DE SANTÉ ET DE SERVICES SOCIAUX DU BAS-SAINT-LAURENT,OTHER / OPEN WORLD,DIRECT_NONCOMPETITIVE,411,70000.0,56.65883211678832
United Kingdom,United Kingdom,NHS Cheshire and Merseyside ICB,OTHER / OPEN WORLD,OPEN_PUBLIC,411,4842.8,46.59119221411192
Belgium,BE,De Vlaamse Waterweg nv,OTHER / OPEN WORLD,UNKNOWN,411,,40.973284671532845
TED,FIN,Pohjois-Pohjanmaan hyvinvointialue,OTHER / OPEN WORLD,UNKNOWN,410,600000.0,45.753756097560974
Germany,Germany,Immobilien Bremen - Eigenbetrieb der Stadtgemeinde Bremen,OTHER / OPEN WORLD,OPEN_PUBLIC,410,0.01,44.93526829268293
Belgium,BE,Haven van Antwerpen-Brugge NV van publiek recht,OTHER / OPEN WORLD,UNKNOWN,410,,41.32970731707317
Quebec,Canada - Quebec,Ville de Repentigny.,OTHER / OPEN WORLD,DIRECT_NONCOMPETITIVE,409,47500.0,55.37393643031785
TED,CZE,HLAVNÍ MĚSTO PRAHA,OTHER / OPEN WORLD,UNKNOWN,409,12372900.0,52.77354523227384
Quebec,Canada - Quebec,Ville de Saint-Jérôme.,OTHER / OPEN WORLD,DIRECT_NONCOMPETITIVE,407,44409.67,55.37179361179361
TED,POL,Operator Gazociągów Przesyłowych GAZ-SYSTEM S.A.,OTHER / OPEN WORLD,UNKNOWN,406,625209.0,48.604827586206895
TenderNed,Netherlands,"Rijkswaterstaat Programma's, Projecten en Onderhoud",OTHER / OPEN WORLD,UNKNOWN,406,1148176.4849999999,45.531625615763545
Belgium,BE,SNCB-Procurement,OTHER / OPEN WORLD,UNKNOWN,406,,41.243399014778326
TED,BGR,АЕЦ КОЗЛОДУЙ ЕАД,OTHER / OPEN WORLD,UNKNOWN,405,498400.0,52.65283950617284
France,France,Ville de Paris,OTHER / OPEN WORLD,OPEN_PUBLIC,405,2162028.8049999997,46.09866666666667
TenderNed,Netherlands,"Ministerie van Defensie, Commando Landstrijdkrachten (MatlogCo)",OTHER / OPEN WORLD,UNKNOWN,405,2375353.0,44.803703703703704
TED,FIN,Kansaneläkelaitos,OTHER / OPEN WORLD,UNKNOWN,404,2300000.0,48.45247524752475
TED,NOR,Statens vegvesen,OTHER / OPEN WORLD,UNKNOWN,403,33287188.0,51.977320099255586
TenderNed,Netherlands,Gemeente Maastricht,OTHER / OPEN WORLD,UNKNOWN,403,500000.0,44.037667493796526
TED,CZ,Ředitelství silnic a dálnic ČR,OTHER / OPEN WORLD,UNKNOWN,402,4422726.73,55.25995024875622
Quebec,Canada - Quebec,Centre de services scolaire de Montréal / BDA,OTHER / OPEN WORLD,DIRECT_NONCOMPETITIVE,401,38836.0,53.60847880299252
TED,DNK,Danish Ministry of Defence Acquisition and Logistics Organisation,OTHER / OPEN WORLD,UNKNOWN,401,11900000.0,51.680149625935165
TED,LUX,Fonds du Logement,OTHER / OPEN WORLD,UNKNOWN,401,333344.385,41.893915211970075
Belgium,BE,Université Libre de Bruxelles,OTHER / OPEN WORLD,UNKNOWN,401,,41.04354114713217
Quebec,Canada - Quebec,Institut de Cardiologie de Montréal.,OTHER / OPEN WORLD,DIRECT_NONCOMPETITIVE,400,69643.685,55.9273
TED,LTU,AB „Kelių priežiūra“ (PV),OTHER / OPEN WORLD,UNKNOWN,400,32200.0,45.5886
TED,ESP,Dirección de Compras de la Corporación de Radio y Televisión Española S.A.,OTHER / OPEN WORLD,UNKNOWN,399,388988.6,53.83568922305764
TED,NOR,Forsvarsbygg,OTHER / OPEN WORLD,UNKNOWN,398,25000000.0,47.973115577889445
TED,LTU,AB Via Lietuva,OTHER / OPEN WORLD,UNKNOWN,398,92050.65,47.15964824120603
TED,POL,POLREGIO S.A.,OTHER / OPEN WORLD,UNKNOWN,397,1016000.0,49.62544080604534
Germany,Germany,"Bundesamt für Ausrüstung, Informationstechnik und Nutzung der Bundeswehr",OTHER / OPEN WORLD,COMPETITIVE_OTHER,396,549856.9,44.45227272727273
Belgium,BE,Regie der Gebouwen - Vlaanderen Regio Noord,OTHER / OPEN WORLD,UNKNOWN,395,,40.97037974683544
Quebec,Canada - Quebec,Ville de Baie-Comeau,OTHER / OPEN WORLD,DIRECT_NONCOMPETITIVE,392,39887.13,54.71637755102041
Belgium,BE,Leuven,OTHER / OPEN WORLD,UNKNOWN,392,,41.29984693877551
Quebec,Canada - Quebec,Centre de santé Tulattavik de l'Ungava,OTHER / OPEN WORLD,DIRECT_NONCOMPETITIVE,390,38714.0,54.68338461538462
TED,CZE,"ČEZ Distribuce, a. s.",OTHER / OPEN WORLD,UNKNOWN,388,2645246.33,53.155773195876286
United Kingdom,United Kingdom,NHS England,OTHER / OPEN WORLD,UNKNOWN,388,5223180.0,51.67835051546392
Quebec,Canada - Quebec,Société de transport de Montréal,OTHER / OPEN WORLD,OPEN_PUBLIC,387,607205.97,52.55937984496124
TED,POL,Narodowy Instytut Onkologii im. Marii Skłodowskiej-Curie - Państwowy Instytut Badawczy,OTHER / OPEN WORLD,UNKNOWN,387,260098.15,48.60811369509044
TED,POL,"Jastrzębska Spółka Węglowa S.A. z siedzibą w Jastrzębiu-Zdroju, Zakład Wsparcia Produkcji",OTHER / OPEN WORLD,UNKNOWN,387,928960.7975,46.542325581395346
Germany,Germany,DB InfraGO AG – Geschäftsbereich Personenbahnhöfe (Bukr 11),OTHER / OPEN WORLD,COMPETITIVE_OTHER,387,0.0,43.04315245478036
TED,CHE,HBD - Amt für Hochbauten (AHB),OTHER / OPEN WORLD,UNKNOWN,386,590622.825,50.556943005181346
France,France,Département de l'Isère,OTHER / OPEN WORLD,OPEN_PUBLIC,386,650000.0,46.50772020725389
United Kingdom,United Kingdom,NHS NORTH EAST AND NORTH CUMBRIA INTEGRATED CARE BOARD,OTHER / OPEN WORLD,DIRECT_NONCOMPETITIVE,385,0.01,51.804779220779224
TED,EST,sihtasutus Tartu Ülikooli Kliinikum,OTHER / OPEN WORLD,UNKNOWN,385,224546.0,51.357922077922076
Belgium,BE,Agentschap voor Natuur en Bos,OTHER / OPEN WORLD,UNKNOWN,385,,41.131376623376624
TED,SWE,Uppsala kommun,OTHER / OPEN WORLD,UNKNOWN,384,8000000.0,52.69895833333333
France,France,Métropole de Lyon,OTHER / OPEN WORLD,OPEN_PUBLIC,384,800000.0,47.5728125
TED,LVA,Aizkraukles novada pašvaldība,OTHER / OPEN WORLD,UNKNOWN,382,24000.0,44.0186387434555
TED,BGR,Електроразпределителни мрежи Запад ЕАД,OTHER / OPEN WORLD,UNKNOWN,381,761360.0,53.35018372703412
Germany,Germany,AOK Rheinland-Pfalz/Saarland - Die Gesundheitskasse,OTHER / OPEN WORLD,OPEN_PUBLIC,381,215300.525,45.025879265091866
France,France,Rennes Métropole,OTHER / OPEN WORLD,OPEN_PUBLIC,380,600000.0,46.33636842105263
Quebec,Canada - Quebec,Centre de services scolaires de la Capitale,OTHER / OPEN WORLD,DIRECT_NONCOMPETITIVE,379,43419.78,54.62970976253298
Germany,Germany,Bau- und Liegenschaftsbetrieb NRW Zentrale,OTHER / OPEN WORLD,OPEN_PUBLIC,377,362022.0,53.20238726790451
Germany,Germany,"Bundesagentur für Arbeit, Regionales Einkaufszentrum Bayern, (mit Zuständigkeit für Bayern und Sachsen)",OTHER / OPEN WORLD,OPEN_PUBLIC,377,0.01,46.270822281167106
Quebec,Canada - Quebec,Autorité régionale de transport métropolitain (ARTM),OTHER / OPEN WORLD,DIRECT_NONCOMPETITIVE,376,62770.93,57.640159574468086
Germany,Germany,Fraunhofer-Gesellschaft - Einkauf B12,OTHER / OPEN WORLD,OPEN_PUBLIC,375,0.01,48.21429333333333
Germany,Germany,DB Netz AG (Bukr 16),OTHER / OPEN WORLD,COMPETITIVE_OTHER,375,1.0,47.18533333333333
TED,CZE,"Dopravní podnik hl. m. Prahy, akciová společnost",OTHER / OPEN WORLD,UNKNOWN,374,21781483.045,55.13652406417112
Germany,Germany,"Landeshauptstadt Düsseldorf, Der Oberbürgermeister, Amt für Recht, Vergabe und Versicherungen, Zentrale Vergabestelle",OTHER / OPEN WORLD,OPEN_PUBLIC,374,0.01,47.210267379679145
TED,ESP,Servicio de Salud de las Illes Balears,OTHER / OPEN WORLD,UNKNOWN,373,427088.7,53.725308310991956
Germany,Germany,Land Niedersachsen vertreten durch das Staatliche Baumanagement Niedersachsen,OTHER / OPEN WORLD,OPEN_PUBLIC,372,313316.8,54.721559139784944
Belgium,BE,Farys,OTHER / OPEN WORLD,UNKNOWN,372,,41.06290322580645
TED,BGR,"АГЕНЦИЯ ""ПЪТНА ИНФРАСТРУКТУРА""",OTHER / OPEN WORLD,UNKNOWN,371,205700.0,49.97757412398922
TED,CZE,Fakultní nemocnice Bulovka,OTHER / OPEN WORLD,UNKNOWN,370,2564259.0,54.42254054054054
Belgium,BE,Provincie West-Vlaanderen,OTHER / OPEN WORLD,UNKNOWN,370,,41.177081081081084
Quebec,Canada - Quebec,Ministère de l'Éducation,OTHER / OPEN WORLD,DIRECT_NONCOMPETITIVE,369,69950.76,58.02130081300813
TED,BGR,"НАЦИОНАЛНА КОМПАНИЯ ""ЖЕЛЕЗОПЪТНА ИНФРАСТРУКТУРА"" ДП",OTHER / OPEN WORLD,UNKNOWN,368,745438.3200000001,52.47695652173913
TED,ESP,Dirección General de Planificación Económica,OTHER / OPEN WORLD,UNKNOWN,367,750763.3,57.06179836512261
TED,ESP,"Dirección General de Renfe Ingeniería y Mantenimiento Sociedad Mercantil Estatal, S.A.",OTHER / OPEN WORLD,UNKNOWN,367,835862.56,56.18141689373297
TED,ROU,Spitalul Clinic de Urgenta Bucuresti,OTHER / OPEN WORLD,UNKNOWN,367,2592000.0,51.34523160762943
Quebec,Canada - Quebec,Ministère des Transports et de la Mobilité durable (Direction générale de la gestion contractuelle),OTHER / OPEN WORLD,LIMITED_INVITATION,366,33273.905,51.78551912568306
TED,CZE,Fakultní nemocnice v Motole,OTHER / OPEN WORLD,UNKNOWN,365,5075200.0,56.12323287671233
Quebec,Canada - Quebec,Ville de Saint-Eustache.,OTHER / OPEN WORLD,DIRECT_NONCOMPETITIVE,365,46219.95,54.34575342465754
TED,LVA,"Valsts akciju sabiedrība ""Valsts nekustamie īpašumi""",OTHER / OPEN WORLD,UNKNOWN,365,250000.0,45.931780821917805
Belgium,BE,Openbare Vlaamse Afvalstoffenmaatschappij,OTHER / OPEN WORLD,UNKNOWN,365,,40.98569863013699
TED,AUT,Bundesimmobiliengesellschaft m.b.H.,OTHER / OPEN WORLD,UNKNOWN,364,720073.17,49.33483516483516
Belgium,BE,Regie der Gebouwen - Regio Brussel,OTHER / OPEN WORLD,UNKNOWN,364,,40.89269230769231
Quebec,Canada - Quebec,Ville de Montréal,OTHER / OPEN WORLD,DIRECT_NONCOMPETITIVE,363,47325.9,55.625454545454545
Germany,Germany,GMH | Gebäudemanagement Hamburg GmbH,OTHER / OPEN WORLD,OPEN_PUBLIC,363,146341.44,53.38749311294766
France,France,Collectivité de Corse,OTHER / OPEN WORLD,OPEN_PUBLIC,363,500000.0,46.17322314049587
TED,LTU,Nacionalinė švietimo agentūra,OTHER / OPEN WORLD,UNKNOWN,363,9212.0,42.42606060606061
TED,SVK,Ministerstvo vnútra Slovenskej republiky,OTHER / OPEN WORLD,UNKNOWN,361,548750.0,52.92609418282549
France,France,Métropole Nice Côte d'Azur (06),OTHER / OPEN WORLD,OPEN_PUBLIC,360,204400.0,46.56316666666667
Germany,Germany,AOK Bayern - Die Gesundheitskasse,OTHER / OPEN WORLD,OPEN_PUBLIC,359,0.01,52.418997214484676
Quebec,Canada - Quebec,Ville de Rimouski.,OTHER / OPEN WORLD,DIRECT_NONCOMPETITIVE,358,40093.649999999994,54.963631284916204
TenderNed,Netherlands,Gemeente Land van Cuijk,OTHER / OPEN WORLD,UNKNOWN,358,94.0,40.06279329608939
TED,BG,"НАЦИОНАЛНА КОМПАНИЯ ""ЖЕЛЕЗОПЪТНА ИНФРАСТРУКТУРА"" ДП",OTHER / OPEN WORLD,UNKNOWN,357,464000.0,50.85294117647059
United Kingdom,United Kingdom,North East and North Cumbria Integrated Care Board,OTHER / OPEN WORLD,UNKNOWN,357,1.0,50.11719887955182
TED,LTU,VĮ Turto bankas,OTHER / OPEN WORLD,UNKNOWN,356,17649.45,45.16095505617977
United Kingdom,United Kingdom,Norfolk County Council,OTHER / OPEN WORLD,UNKNOWN,355,60000.0,48.11081690140845
TED,HUN,Budapesti Közlekedési Zártkörűen Működő Részvénytársaság,OTHER / OPEN WORLD,UNKNOWN,354,75786889.5,52.77621468926554
Germany,Germany,KWL mbH,OTHER / OPEN WORLD,OPEN_PUBLIC,354,,43.89576271186441
Quebec,Canada - Quebec,Institut universitaire de cardiologie et de pneumologie de Québec-Université Laval,OTHER / OPEN WORLD,DIRECT_NONCOMPETITIVE,353,53640.0,55.42135977337111
TED,ESP,Banco de España,OTHER / OPEN WORLD,UNKNOWN,353,696988.25,53.778186968838526
TED,PRT,"Infraestruturas de Portugal, S. A.",OTHER / OPEN WORLD,UNKNOWN,353,1002230.41,53.52169971671388
TED,AUT,WIENER LINIEN GmbH & Co KG,OTHER / OPEN WORLD,UNKNOWN,353,1620968.1600000001,50.69682719546742
TED,DNK,Region Hovedstaden,OTHER / OPEN WORLD,UNKNOWN,352,11963316.25,50.274375
Quebec,Canada - Quebec,Ville de Terrebonne,OTHER / OPEN WORLD,OPEN_PUBLIC,351,273577.28,53.29094017094017
TenderNed,Netherlands,"Ministerie van Economische Zaken, Rijksdienst voor Ondernemend Nederland (RVO)",OTHER / OPEN WORLD,UNKNOWN,351,600000.0,45.634529914529914
TenderNed,Netherlands,Gemeente Breda,OTHER / OPEN WORLD,UNKNOWN,351,700000.0,43.43299145299145
Quebec,Canada - Quebec,Cégep de Rosemont,OTHER / OPEN WORLD,DIRECT_NONCOMPETITIVE,350,45000.0,55.289028571428574
Germany,Germany,"Land Hessen, vertreten durch das Hessische Competence Center -Zentrale Beschaffung-",OTHER / OPEN WORLD,OPEN_PUBLIC,350,139420.0,47.94074285714286
United Kingdom,United Kingdom,NHS Coventry and Warwickshire ICB,OTHER / OPEN WORLD,DIRECT_NONCOMPETITIVE,350,1.0,47.02257142857143
Quebec,Canada - Quebec,Ville de Trois-Rivières,OTHER / OPEN WORLD,DIRECT_NONCOMPETITIVE,349,69444.9,55.42515759312321
TED,LVA,"AS ""Latvijas valsts meži""",OTHER / OPEN WORLD,UNKNOWN,349,121084.16500000001,44.71467048710602
TED,SVN,UNIVERZITETNI KLINIČNI CENTER MARIBOR,OTHER / OPEN WORLD,UNKNOWN,348,178168.9325,51.583275862068966
Germany,Germany,Fraunhofer-Gesellschaft zur Förderung der angewandten Forschung e.V. - Einkauf B12 - Vergabestelle Bau,OTHER / OPEN WORLD,OPEN_PUBLIC,348,173043.38,48.042701149425284
Germany,Germany,Stadt Wuppertal,OTHER / OPEN WORLD,OPEN_PUBLIC,348,258746.64,47.517758620689655
Belgium,BE,Universitair Ziekenhuis Gent,OTHER / OPEN WORLD,UNKNOWN,348,,41.681724137931035
Belgium,BE,Agentschap Facilitair Bedrijf,OTHER / OPEN WORLD,UNKNOWN,348,,41.28551724137931
Germany,Germany,Stadt Münster - Zentrale Rechtsdienstleistungen und Vergabemanagement,OTHER / OPEN WORLD,OPEN_PUBLIC,347,193424.885,52.12587896253602
TED,LVA,Gulbenes novada pašvaldība,OTHER / OPEN WORLD,UNKNOWN,347,50366.520000000004,44.441210374639766
France,France,Collectivité territoriale,OTHER / OPEN WORLD,OPEN_PUBLIC,347,,44.075734870317
TED,BGR,ТЕХНИЧЕСКИ УНИВЕРСИТЕТ,OTHER / OPEN WORLD,UNKNOWN,346,27743.825,46.87150289017341
United Kingdom,United Kingdom,NHS England,OTHER / OPEN WORLD,OPEN_PUBLIC,345,744000.0,56.24185507246377
TED,CZE,Královéhradecký kraj,OTHER / OPEN WORLD,UNKNOWN,345,4375359.5,53.571652173913044
Quebec,Canada - Quebec,École Polytechnique,OTHER / OPEN WORLD,DIRECT_NONCOMPETITIVE,344,50628.61925,55.98459302325581
TED,ROU,Spitalul Clinic Judetean de Urgenta Targu.Mures,OTHER / OPEN WORLD,UNKNOWN,344,1162044.0,54.23011627906977
TED,POL,Uniwersytecki Szpital Kliniczny w Białymstoku,OTHER / OPEN WORLD,UNKNOWN,344,266585.0,49.44703488372093
Quebec,Canada - Quebec,Ville de Montréal - Service de la diversité et de l'inclusion sociale,OTHER / OPEN WORLD,DIRECT_NONCOMPETITIVE,343,100000.0,56.25772594752186
TED,ITA,Trenitalia S.p.A. Direzione Logistica Industriale Acquisti Tecnici,OTHER / OPEN WORLD,UNKNOWN,343,1568400.0,50.965714285714284
TED,CZE,"Nemocnice Pardubického kraje, a.s.",OTHER / OPEN WORLD,UNKNOWN,342,3000000.0,55.34982456140351
TED,FIN,Puolustusvoimien logistiikkalaitos,OTHER / OPEN WORLD,UNKNOWN,342,750000.0,50.08543859649123
France,France,Région Grand Est,OTHER / OPEN WORLD,OPEN_PUBLIC,342,326782.5,46.28701754385965
TED,LVA,"VSIA ""Bērnu klīniskā universitātes slimnīca""",OTHER / OPEN WORLD,UNKNOWN,342,143798.0,44.96637426900585
Belgium,BE,Mons,OTHER / OPEN WORLD,UNKNOWN,342,,40.823157894736845
Quebec,Canada - Quebec,Revenu Québec,OTHER / OPEN WORLD,DIRECT_NONCOMPETITIVE,340,60000.0,57.47394117647059
TED,CZE,Ústřední vojenská nemocnice - Vojenská fakultní nemocnice Praha,OTHER / OPEN WORLD,UNKNOWN,340,5994686.775,55.72129411764706
France,France,Communauté Urbaine de Dunkerque,OTHER / OPEN WORLD,OPEN_PUBLIC,340,500000.0,44.67958823529412
Belgium,BE,Opérateur de Transport de Wallonie,OTHER / OPEN WORLD,UNKNOWN,340,,40.21752941176471
TED,LTU,VšĮ Vilniaus universiteto ligoninė Santaros klinikos,OTHER / OPEN WORLD,UNKNOWN,339,38332.8,44.379351032448376
Quebec,Canada - Quebec,Institut national de la recherche scientifique (INRS),OTHER / OPEN WORLD,DIRECT_NONCOMPETITIVE,338,46687.935,55.40508875739645
Germany,Germany,Berliner Wasserbetriebe,OTHER / OPEN WORLD,OPEN_PUBLIC,338,501205.34,52.710295857988164
Quebec,Canada - Quebec,Ville de Terrebonne,OTHER / OPEN WORLD,DIRECT_NONCOMPETITIVE,337,55961.16,55.19204747774481
Quebec,Canada - Quebec,Ville de Trois-Rivières,OTHER / OPEN WORLD,OPEN_PUBLIC,337,251835.75,53.79406528189911
TED,POL,Narodowy Instytut Onkologii im. Marii Skłodowskiej-Curie - Państwowy Instytut Badawczy Oddział w Gliwicach,OTHER / OPEN WORLD,UNKNOWN,337,601420.0,52.800712166172104
Quebec,Canada - Quebec,Ministère de la Justice,OTHER / OPEN WORLD,LIMITED_INVITATION,337,53000.0,52.596913946587534
Germany,Germany,Land Berlin – Sondervermögen Immobilien des Landes Berlin (SILB) c/o BIM Berliner Immobilienmanagement GmbH,OTHER / OPEN WORLD,OPEN_PUBLIC,337,426565.995,50.84557863501484
Quebec,Canada - Quebec,Parc olympique,OTHER / OPEN WORLD,DIRECT_NONCOMPETITIVE,336,40510.5,56.073392857142856
TED,LTU,Vilniaus universitetas (PV),OTHER / OPEN WORLD,UNKNOWN,336,35090.0,45.17107142857143
Belgium,BE,bpost,OTHER / OPEN WORLD,UNKNOWN,336,,41.3075
TED,SWE,Region Östergötland,OTHER / OPEN WORLD,UNKNOWN,334,8000000.0,53.76532934131737
TED,BGR,ИНФОРМАЦИОННО ОБСЛУЖВАНЕ АД,OTHER / OPEN WORLD,UNKNOWN,334,132996.0,51.61065868263473
Germany,Germany,Vergabestelle Landeshauptstadt Stuttgart,OTHER / OPEN WORLD,OPEN_PUBLIC,334,337457.0,51.16706586826347
Quebec,Canada - Quebec,Ville de Montréal - Arrondissement de Ville-Marie,OTHER / OPEN WORLD,DIRECT_NONCOMPETITIVE,333,60905.71,55.50342342342342
TED,ESP,Aena. Dirección de Contratación,OTHER / OPEN WORLD,UNKNOWN,333,730642.0,54.76984984984985
TED,CZE,Univerzita Palackého v Olomouci,OTHER / OPEN WORLD,UNKNOWN,333,928890.0,54.76468468468468
Germany,Germany,Landeshauptstadt Hannover - Fachbereich Gebäudemanagement,OTHER / OPEN WORLD,OPEN_PUBLIC,333,258033.59,47.25387387387387
TED,POL,Centrum Onkologii Ziemi Lubelskiej im. św. Jana z Dukli,OTHER / OPEN WORLD,UNKNOWN,332,248800.0,48.770722891566265
TED,SWE,Telge Inköp AB,OTHER / OPEN WORLD,UNKNOWN,331,10000000.0,53.37450151057402
Quebec,Canada - Quebec,Centre de services scolaire Marguerite-Bourgeoys,OTHER / OPEN WORLD,OPEN_PUBLIC,330,320977.5,52.102969696969694
France,France,Région Provence-Alpes-Côte d'Azur,OTHER / OPEN WORLD,OPEN_PUBLIC,330,153790.0,47.879636363636365
TED,LVA,Nodrošinājuma valsts aģentūra,OTHER / OPEN WORLD,UNKNOWN,330,123188.08,45.147333333333336
TED,HUN,Semmelweis Egyetem,OTHER / OPEN WORLD,UNKNOWN,329,97500000.0,54.36796352583587
Quebec,Canada - Quebec,Ville de Lévis.,OTHER / OPEN WORLD,OPEN_PUBLIC,329,332999.79,53.9868085106383
TenderNed,Netherlands,Rijksvastgoedbedrijf,OTHER / OPEN WORLD,UNKNOWN,329,2322460.0,46.779148936170216
TenderNed,Netherlands,Gemeente Haarlemmermeer,OTHER / OPEN WORLD,UNKNOWN,329,110.0,41.16559270516717
Ireland,Ireland,Education Procurement Service (EPS),OTHER / OPEN WORLD,OPEN_PUBLIC,327,270750.0,57.98012232415902
Quebec,Canada - Quebec,Centre universitaire de santé McGill.,OTHER / OPEN WORLD,DIRECT_NONCOMPETITIVE,327,109030.0,56.75834862385321
Quebec,Canada - Quebec,Ville de Saguenay,OTHER / OPEN WORLD,DIRECT_NONCOMPETITIVE,326,43143.9,55.14705521472393
TED,ROU,"Spitalul Universitar de Urgenta Militar Central ""Dr. Carol Davila""",OTHER / OPEN WORLD,UNKNOWN,326,298943.0,53.654539877300614
TED,SWE,Region Uppsala,OTHER / OPEN WORLD,UNKNOWN,326,7000000.0,52.20533742331288
TED,SWE,Region Stockholm - Serviceförvaltningen,OTHER / OPEN WORLD,UNKNOWN,325,6000000.0,51.57286153846154
TED,POL,Uniwersytecki Szpital Kliniczny w Poznaniu,OTHER / OPEN WORLD,UNKNOWN,325,469754.305,50.49255384615385
TenderNed,Netherlands,Gemeente Amstelveen,OTHER / OPEN WORLD,UNKNOWN,325,100.0,40.88276923076923
Quebec,Canada - Quebec,Société des établissements de plein air du Québec (Sépaq).,OTHER / OPEN WORLD,OPEN_PUBLIC,324,171070.0,53.01117283950617
Quebec,Canada - Quebec,Université McGill,OTHER / OPEN WORLD,OPEN_PUBLIC,323,419210.0,54.15448916408669
TED,HRV,MINISTARSTVO UNUTARNJIH POSLOVA,OTHER / OPEN WORLD,UNKNOWN,323,443258.98,53.948854489164084
TED,PL,Polska Grupa Górnicza S.A.,OTHER / OPEN WORLD,UNKNOWN,323,2588750.0,51.40476780185759
TED,POL,Śląski Uniwersytet Medyczny w Katowicach,OTHER / OPEN WORLD,UNKNOWN,323,472567.29000000004,47.65801857585139
TED,ESP,Subdirección General de Planificación y Gestión Económica,OTHER / OPEN WORLD,UNKNOWN,323,620580.665,47.5840866873065
Quebec,Canada - Quebec,Ministère de la Cybersécurité et du Numérique - Direction générale des services contractuels,OTHER / OPEN WORLD,DIRECT_NONCOMPETITIVE,322,108900.0,57.6211801242236
Belgium,BE,Office Wallon de la formation professionnelle et de l'emploi,OTHER / OPEN WORLD,UNKNOWN,322,,42.44447204968944
Germany,Germany,Techniker Krankenkasse,OTHER / OPEN WORLD,OPEN_PUBLIC,321,1.0,49.97844236760125
Quebec,Canada - Quebec,Collecto Services regroupés en éducation,OTHER / OPEN WORLD,DIRECT_NONCOMPETITIVE,320,40700.0,61.6024375
Belgium,BE,Vivalia,OTHER / OPEN WORLD,UNKNOWN,320,,39.7180625
TED,ROU,"SNTFC ""CFR CALATORI"" S.A.",OTHER / OPEN WORLD,UNKNOWN,319,971190.0,53.565203761755484
TED,ITA,INVITALIA,OTHER / OPEN WORLD,UNKNOWN,318,2680927.0,53.00911949685535
TED,ITA,Federazione dei Comuni del Camposampierese,OTHER / OPEN WORLD,UNKNOWN,318,647515.505,49.84358490566038
TED,BGR,МЕДИЦИНСКИ УНИВЕРСИТЕТ,OTHER / OPEN WORLD,UNKNOWN,318,30114.32,48.25094339622642
France,France,Metropole Toulon-Provence-Mediterranee,OTHER / OPEN WORLD,OPEN_PUBLIC,318,242683.0,48.0322641509434
Quebec,Canada - Quebec,Ville de Boisbriand.,OTHER / OPEN WORLD,DIRECT_NONCOMPETITIVE,317,43811.9,54.84044164037855
TED,BGR,"СОФИЙСКИ УНИВЕРСИТЕТ ""СВ.КЛИМЕНТ ОХРИДСКИ""",OTHER / OPEN WORLD,UNKNOWN,317,11804.0,46.38119873817035
Quebec,Canada - Quebec,Ville de Shawinigan,OTHER / OPEN WORLD,DIRECT_NONCOMPETITIVE,316,46861.47,55.152848101265825
Germany,Germany,"Berliner Verkehrsbetriebe, Bereich Einkauf/ Materialwirtschaft",OTHER / OPEN WORLD,COMPETITIVE_OTHER,316,1632577.8050000002,46.63316455696202
TED,POL,Politechnika Warszawska,OTHER / OPEN WORLD,UNKNOWN,316,45000.01,45.87525316455696
Quebec,Canada - Quebec,Centre de services scolaire de la Pointe-de-l'Île,OTHER / OPEN WORLD,DIRECT_NONCOMPETITIVE,315,48506.0,55.06152380952381
TED,POL,Szpitale Pomorskie Sp. z o.o.,OTHER / OPEN WORLD,UNKNOWN,315,276537.5,52.232190476190475
TED,LVA,Jēkabpils novada pašvaldība,OTHER / OPEN WORLD,UNKNOWN,315,24783.0,44.78793650793651
United Kingdom,United Kingdom,NHS Wales Shared Services Partnership-Procurement Services (hosted by Velindre University NHS Trust),OTHER / OPEN WORLD,DIRECT_NONCOMPETITIVE,314,159242.91999999998,55.777452229299364
TED,EST,Riigi Kaitseinvesteeringute Keskus,OTHER / OPEN WORLD,UNKNOWN,314,1339340.8,52.749299363057325
Quebec,Canada - Quebec,DGCGER (Ministère des transports),OTHER / OPEN WORLD,OPEN_PUBLIC,313,204950.0,53.91047923322684
Quebec,Canada - Quebec,"Ministère de l'Environnement, de la Lutte contre les changements climatiques, de la Faune et des Parcs",OTHER / OPEN WORLD,OPEN_PUBLIC,313,230447.99,53.79623003194888
TED,ESP,"EJIE, S.A. - Sociedad Informática del Gobierno Vasco - EJIE-Sociedad Informática del Gobierno Vasco",OTHER / OPEN WORLD,UNKNOWN,313,601415.0,52.54242811501597
TED,POL,Samodzielny Publiczny Szpital Kliniczny im. A.Mielęckiego Śląskiego Uniwersytetu Medycznego w Katowicach,OTHER / OPEN WORLD,UNKNOWN,313,187705.5,49.16907348242812
Germany,Germany,Staatliches Bauamt München 2,OTHER / OPEN WORLD,OPEN_PUBLIC,312,459512.0,52.29692307692308
United Kingdom,United Kingdom,Ministry of Defence,OTHER / OPEN WORLD,UNKNOWN,312,3050000.0,50.031666666666666
TED,CZE,Fakultní nemocnice Ostrava,OTHER / OPEN WORLD,UNKNOWN,311,3943231.0,55.360964630225084
TED,POL,Samodzielny Publiczny Wojewódzki Szpital Zespolony w Szczecinie,OTHER / OPEN WORLD,UNKNOWN,311,165426.83000000002,48.6963344051447
Ireland,Ireland,Office of Public Works (OPW),OTHER / OPEN WORLD,OPEN_PUBLIC,310,167600.0,51.904709677419355
TED,LT,Lietuvos sveikatos mokslų universiteto ligoninė Kauno klinikos,OTHER / OPEN WORLD,UNKNOWN,310,54000.0,46.010774193548386
TED,LVA,Limbažu novada pašvaldība,OTHER / OPEN WORLD,UNKNOWN,310,32754.245000000003,43.99503225806452
TenderNed,Netherlands,Kamer van Koophandel,OTHER / OPEN WORLD,UNKNOWN,310,90.0,40.85348387096774
TED,SVN,UNIVERZITETNI KLINIČNI CENTER LJUBLJANA,OTHER / OPEN WORLD,UNKNOWN,309,222510.0,50.620970873786405
Belgium,BE,Universiteit Antwerpen,OTHER / OPEN WORLD,UNKNOWN,309,,41.61689320388349
TED,ROU,SPITALUL CLINIC JUDETEAN MURES,OTHER / OPEN WORLD,UNKNOWN,308,56358.8025,49.93662337662337
TED,PRT,"Serviços Partilhados do Ministério da Saúde, EPE",OTHER / OPEN WORLD,UNKNOWN,308,299376.0,49.316428571428574
TED,LVA,"SIA ""Rīgas ūdens""",OTHER / OPEN WORLD,UNKNOWN,308,442717.86,46.09993506493507
TED,MT,Department of Contracts,OTHER / OPEN WORLD,UNKNOWN,308,464832.0,45.835064935064935
Ireland,Ireland,Health Service Executive (HSE),OTHER / OPEN WORLD,COMPETITIVE_OTHER,308,1200000.0,43.202922077922075
TED,SWE,Polismyndigheten,OTHER / OPEN WORLD,UNKNOWN,307,15000000.0,52.41348534201954
Quebec,Canada - Quebec,Université Concordia,OTHER / OPEN WORLD,LIMITED_INVITATION,307,47607.545,51.41068403908795
TED,HRV,Hrvatske autoceste d.o.o.,OTHER / OPEN WORLD,UNKNOWN,306,310584.735,52.669477124183004
TED,BGR,"МЕДИЦИНСКИ УНИВЕРСИТЕТ-ВАРНА ""ПРОФ. Д-Р ПАРАСКЕВ ИВ.СТОЯНОВ""",OTHER / OPEN WORLD,UNKNOWN,306,53400.0,49.60915032679738
Germany,Germany,Bundesstadt Bonn - Referat Vergabedienste,OTHER / OPEN WORLD,OPEN_PUBLIC,306,261390.975,46.05562091503268
TED,POL,"Instytut Zootechniki - Państwowy Instytut Badawczy 31-047 Kraków, ul. Sarego 2 Zakład Doświadczalny Pawłowice",OTHER / OPEN WORLD,UNKNOWN,306,14325.0,43.62601307189542
TED,BGR,УНИВЕРСИТЕТСКА МНОГОПРОФИЛНА БОЛНИЦА ЗА АКТИВНО ЛЕЧЕНИЕ И СПЕШНА МЕДИЦИНА Н.И. ПИРОГОВ ЕАД,OTHER / OPEN WORLD,UNKNOWN,305,183330.0,51.56708196721311
Belgium,BE,De Vlaamse Radio en Televisieomroep,OTHER / OPEN WORLD,UNKNOWN,305,,41.790229508196724
TED,POL,3 Regionalna Baza Logistyczna,OTHER / OPEN WORLD,UNKNOWN,304,1085674.5,49.75394736842105
TED,HUN,BKM Budapesti Közművek Nonprofit Zártkörűen Működő Részvénytársaság,OTHER / OPEN WORLD,UNKNOWN,303,49998340.0,53.45663366336634
TED,POL,2. Regionalna Baza Logistyczna,OTHER / OPEN WORLD,UNKNOWN,303,777817.25,50.593993399339936
TED,CYP,Οργανισμός Κρατικών Υπηρεσιών Υγείας,OTHER / OPEN WORLD,UNKNOWN,303,250200.0,50.17669966996699
TED,LVA,Latvijas Investīciju un attīstības aģentūra,OTHER / OPEN WORLD,UNKNOWN,303,56200.0,45.64554455445545
Quebec,Canada - Quebec,Société de l'assurance automobile du Québec .,OTHER / OPEN WORLD,OPEN_PUBLIC,301,227592.2,51.34345514950166
France,France,Ville d'Antibes (06),OTHER / OPEN WORLD,OPEN_PUBLIC,301,200000.0,45.75853820598007
TED,ESP,Institut Català de la Salut (ICS),OTHER / OPEN WORLD,UNKNOWN,300,2974178.14,51.47553333333333
TED,ESP,"Barcelona d'Infraestructures Municipals, SA",OTHER / OPEN WORLD,UNKNOWN,300,425295.33,50.53386666666667
TED,LVA,Tukuma novada pašvaldība,OTHER / OPEN WORLD,UNKNOWN,299,69998.5,44.23632107023411
France,France,Conseil Départemental des Ardennes,OTHER / OPEN WORLD,OPEN_PUBLIC,298,291247.5,48.35161073825503
France,France,Ville de Strasbourg,OTHER / OPEN WORLD,OPEN_PUBLIC,298,670000.0,45.17181208053691
TenderNed,Netherlands,provincie Zuid-Holland,OTHER / OPEN WORLD,UNKNOWN,298,134160.0,43.84557046979866
Quebec,Canada - Quebec,Centre d'acquisitions gouvernementales,OTHER / OPEN WORLD,OPEN_PUBLIC,297,1336718.0699999998,53.16639730639731
TED,NOR,FORSVARSMATERIELL,OTHER / OPEN WORLD,UNKNOWN,297,40000000.0,48.73037037037037
TED,BGR,Военномедицинска академия,OTHER / OPEN WORLD,UNKNOWN,296,461703.5,53.33918918918919
TED,BGR,ЮЖНОЦЕНТРАЛНО ДЪРЖАВНО ПРЕДПРИЯТИЕ ДП,OTHER / OPEN WORLD,UNKNOWN,296,30000.0,48.27081081081081
TED,BGR,"ДЪРЖАВНО ПРЕДПРИЯТИЕ ""РЪКОВОДСТВО НА ВЪЗДУШНОТО ДВИЖЕНИЕ"" ТПП",OTHER / OPEN WORLD,UNKNOWN,295,180000.0,52.97057627118644
TED,CZE,Vysoká škola báňská - Technická univerzita Ostrava,OTHER / OPEN WORLD,UNKNOWN,294,2286250.0,56.34034013605442
TED,POL,WIELKOPOLSKIE CENTRUM ONKOLOGII IM. MARII SKŁODOWSKIEJ-CURIE,OTHER / OPEN WORLD,UNKNOWN,294,330350.01,49.621972789115645
TED,ESP,Dirección de Gestión Económica de la Jefatura de Apoyo Logístico de la Armada,OTHER / OPEN WORLD,UNKNOWN,293,682645.62,53.655358361774745
Germany,Germany,"Bundesagentur für Arbeit (BA), vertreten durch den Vorstand, hier vertreten durch die Leitung des Geschäftsbereiches Einkauf im BA-Service-Haus",OTHER / OPEN WORLD,OPEN_PUBLIC,293,0.01,45.56532423208191
Quebec,Canada - Quebec,Université de Montréal - Direction des immeubles,OTHER / OPEN WORLD,DIRECT_NONCOMPETITIVE,292,42411.729999999996,54.25410958904109
Quebec,Canada - Quebec,Ville de Laval,OTHER / OPEN WORLD,LIMITED_INVITATION,292,86001.75,53.5936301369863
TED,SWE,Upphandlingscenter Falun Borlänge-regionen,OTHER / OPEN WORLD,UNKNOWN,292,8000000.0,53.18835616438356
TED,BGR,Министерство на вътрешните работи,OTHER / OPEN WORLD,UNKNOWN,292,128241.45,49.41054794520548
Quebec,Canada - Quebec,Santé Québec Estrie - Centre hospitalier universitaire de Sherbrooke,OTHER / OPEN WORLD,DIRECT_NONCOMPETITIVE,291,81900.0,55.414226804123714
Ireland,Ireland,Department of Housing Local Government and Heritage,OTHER / OPEN WORLD,OPEN_PUBLIC,291,108000.0,53.29848797250859
Germany,Germany,Stadt Nürnberg Hochbauamt,OTHER / OPEN WORLD,OPEN_PUBLIC,291,187276.14,50.87305841924399
Belgium,BE,Igretec,OTHER / OPEN WORLD,UNKNOWN,291,,40.48288659793815
TED,SWE,Luleå kommun,OTHER / OPEN WORLD,UNKNOWN,290,6000000.0,53.86724137931034
TED,BG,СТОЛИЧНА ОБЩИНА,OTHER / OPEN WORLD,UNKNOWN,290,120000.0,49.77448275862069
France,France,Conseil départemental de l'Hérault,OTHER / OPEN WORLD,OPEN_PUBLIC,290,585000.0,48.666137931034484
Belgium,BE,Regie der Gebouwen - Vlaanderen Regio West,OTHER / OPEN WORLD,UNKNOWN,290,,41.0
Quebec,Canada - Quebec,Commission scolaire Kativik..,OTHER / OPEN WORLD,DIRECT_NONCOMPETITIVE,289,54936.465,54.952456747404845
TED,ESP,Servicio Madrileño de Salud - Hospital Universitario La Paz,OTHER / OPEN WORLD,UNKNOWN,289,294030.0,52.19743944636678
TED,AUT,ÖBB-Technische Services-GmbH,OTHER / OPEN WORLD,UNKNOWN,289,1328649.47,50.49536332179931
United Kingdom,United Kingdom,Ministry of Defence,OTHER / OPEN WORLD,COMPETITIVE_OTHER,287,5000000.0,55.3611149825784
TED,ESP,"Empresa Municipal de Transportes de Madrid, S.A.",OTHER / OPEN WORLD,UNKNOWN,287,121000.0,47.614912891986066
TED,POL,Narodowy Bank Polski,OTHER / OPEN WORLD,UNKNOWN,287,1796933.4,46.884320557491286
Germany,Germany,Fraport AG,OTHER / OPEN WORLD,COMPETITIVE_OTHER,286,0.01,44.36622377622378
Germany,Germany,Landesbetrieb Bau und Immobilien Hessen Niederlassung Mitte Zentrale Vergabe,OTHER / OPEN WORLD,OPEN_PUBLIC,285,411554.01,54.326385964912284
Germany,Germany,AOK PLUS - Die Gesundheitskasse für Sachsen und Thüringen,OTHER / OPEN WORLD,OPEN_PUBLIC,285,0.01,53.22631578947368
United Kingdom,United Kingdom,NHS Property Services Limited,OTHER / OPEN WORLD,COMPETITIVE_OTHER,285,101815.0,47.85305263157895
TED,AUT,Steiermärkische Krankenanstaltengesellschaft m.b.H.,OTHER / OPEN WORLD,UNKNOWN,285,576585.77,45.13228070175439
TenderNed,Netherlands,Provincie Noord-Brabant,OTHER / OPEN WORLD,UNKNOWN,285,150750.0,43.08336842105263
Germany,Germany,Münchner Wohnen GmbH,OTHER / OPEN WORLD,OPEN_PUBLIC,285,0.01,42.946245614035085
TED,POL,"Instytut ""Pomnik-Centrum Zdrowia Dziecka""",OTHER / OPEN WORLD,UNKNOWN,284,308821.5,53.21295774647887
Quebec,Canada - Quebec,Société québécoise des infrastructures,OTHER / OPEN WORLD,OPEN_PUBLIC,284,591043.8049999999,52.61683098591549
TED,DNK,Region Nordjylland,OTHER / OPEN WORLD,UNKNOWN,284,2858639.0,46.43887323943662
TenderNed,Netherlands,Meerinzicht,OTHER / OPEN WORLD,UNKNOWN,284,166400.0,45.26781690140845
TED,EST,Tartu Ülikool,OTHER / OPEN WORLD,UNKNOWN,283,84636.0,51.186219081272085
TED,POL,Uniwersytecki Szpital Kliniczny Nr 1 w Lublinie,OTHER / OPEN WORLD,UNKNOWN,283,258070.54,48.47639575971731
TenderNed,Netherlands,Gemeente Amersfoort,OTHER / OPEN WORLD,UNKNOWN,283,1.0,42.376819787985866
Quebec,Canada - Quebec,Réseau de transport de la Capitale.,OTHER / OPEN WORLD,DIRECT_NONCOMPETITIVE,282,50626.695,55.78978723404256
TED,DNK,Region Midtjylland,OTHER / OPEN WORLD,UNKNOWN,282,9245000.0,49.09113475177305
TED,LTU,UAB „Ignitis grupės paslaugų centras“,OTHER / OPEN WORLD,UNKNOWN,282,150000.0,46.778936170212766
TenderNed,Netherlands,Ministerie van Justitie en Veiligheid,OTHER / OPEN WORLD,UNKNOWN,282,182525.0,46.29914893617021
United Kingdom,United Kingdom,Transport for London,OTHER / OPEN WORLD,UNKNOWN,281,5000000.0,44.807544483985765
Quebec,Canada - Quebec,Université Laval,OTHER / OPEN WORLD,OPEN_PUBLIC,280,224863.585,54.26
TED,DNK,Region Syddanmark,OTHER / OPEN WORLD,UNKNOWN,280,11790652.25,49.582857142857144
TED,FIN,Tuomi Logistiikka Oy,OTHER / OPEN WORLD,UNKNOWN,280,1340000.0,47.825428571428574
Ireland,Ireland,Donegal County Council,OTHER / OPEN WORLD,OPEN_PUBLIC,279,154100.0,49.656344086021505
TED,CZ,Česká republika - Ministerstvo vnitra,OTHER / OPEN WORLD,UNKNOWN,278,576000.0,54.35935251798561
Quebec,Canada - Quebec,OMH de Montréal (OMHM),OTHER / OPEN WORLD,OPEN_PUBLIC,278,440196.51,52.48496402877698
Quebec,Canada - Quebec,Centre de services scolaire des Patriotes,OTHER / OPEN WORLD,OPEN_PUBLIC,277,199999.0,53.50166064981949
TED,POL,Uniwersytecki Szpital Dziecięcy w Krakowie,OTHER / OPEN WORLD,UNKNOWN,277,830716.075,52.58808664259928
TED,CZ,Ministerstvo obrany,OTHER / OPEN WORLD,UNKNOWN,277,2895000.0,51.49898916967509
TED,POL,Szpital Powiatowy w Zawierciu,OTHER / OPEN WORLD,UNKNOWN,277,80770.0,46.35501805054152
Belgium,BE,Vlaamse Milieumaatschappij,OTHER / OPEN WORLD,UNKNOWN,276,,41.001304347826085
Quebec,Canada - Quebec,Ville de Mascouche.,OTHER / OPEN WORLD,DIRECT_NONCOMPETITIVE,275,47000.0,55.051272727272725
Germany,Germany,Deutsche Gesellschaft für Internationale Zusammenarbeit (GIZ) GmbH,OTHER / OPEN WORLD,COMPETITIVE_OTHER,275,683785.0,50.013090909090906
TED,POL,4 Regionalna Baza Logistyczna we Wrocławiu,OTHER / OPEN WORLD,UNKNOWN,275,360937.0,48.292654545454546
Belgium,BE,Aquafin (3p),OTHER / OPEN WORLD,UNKNOWN,275,,41.320727272727275
Quebec,Canada - Quebec,"MTQ - Direction de la qualification des produits, de l'approvisionnement et des opérations contractuelles centralisées",OTHER / OPEN WORLD,OPEN_PUBLIC,274,79540.0,52.90459854014598
TED,SE,Trafikverket Myndighet,OTHER / OPEN WORLD,UNKNOWN,274,5500000.0,49.34087591240876
TED,LTU,Valstybės įmonė Valstybinių miškų urėdija (PV),OTHER / OPEN WORLD,UNKNOWN,273,29673.75,43.64014652014652
Belgium,BE,La Louvière,OTHER / OPEN WORLD,UNKNOWN,273,,40.91362637362637
TED,ESP,Dirección Económico-Financiera de ENAIRE,OTHER / OPEN WORLD,UNKNOWN,272,1204157.0,54.430220588235294
TED,BGR,ОБЩИНА БЛАГОЕВГРАД,OTHER / OPEN WORLD,UNKNOWN,272,102760.0,51.5277205882353
TED,POL,Uniwersytet Rzeszowski,OTHER / OPEN WORLD,UNKNOWN,272,24694.31,44.55227941176471
Belgium,BE,Ville de Bruxelles - Achats & Facilities,OTHER / OPEN WORLD,UNKNOWN,272,,40.99205882352941
United Kingdom,United Kingdom,Ministry of Defence,OTHER / OPEN WORLD,OPEN_PUBLIC,271,656880.0,57.21129151291513
Quebec,Canada - Quebec,Ville de Blainville,OTHER / OPEN WORLD,DIRECT_NONCOMPETITIVE,271,41689.48,54.310553505535054
Germany,Germany,"Land Hessen, vertreten durch den Landesbetrieb Bau und Immobilien Hessen, Zentrale Vergabe",OTHER / OPEN WORLD,OPEN_PUBLIC,271,263906.18,53.464501845018454
TenderNed,Netherlands,Provincie Gelderland,OTHER / OPEN WORLD,UNKNOWN,271,929250.0,44.43638376383764
Quebec,Canada - Quebec,Ville de Gatineau.,OTHER / OPEN WORLD,DIRECT_NONCOMPETITIVE,270,50000.0,55.84977777777778
TenderNed,Netherlands,Technische Universiteit Delft,OTHER / OPEN WORLD,UNKNOWN,270,610000.0,45.43
Belgium,BE,Intercommunale de Gestion de l'Environnement,OTHER / OPEN WORLD,UNKNOWN,270,,39.40266666666667
TED,CZE,"Česká pošta, s.p.",OTHER / OPEN WORLD,UNKNOWN,269,4015687.5,55.46698884758364
TED,BGR,ВОДОСНАБДЯВАНЕ И КАНАЛИЗАЦИЯ ЕООД,OTHER / OPEN WORLD,UNKNOWN,269,556344.835,52.82565055762082
France,France,Métropole Aix Marseille Provence,OTHER / OPEN WORLD,OPEN_PUBLIC,269,262500.0,46.95182156133829
United Kingdom,United Kingdom,Portsmouth City Council,OTHER / OPEN WORLD,UNKNOWN,269,589000.0,43.58275092936803
TED,POL,Miasto Stołeczne Warszawa,OTHER / OPEN WORLD,UNKNOWN,268,1598688.0,53.59268656716418
Germany,Germany,Generalzolldirektion Zentrale Beschaffungsstelle der Bundesfinanzverwaltung,OTHER / OPEN WORLD,OPEN_PUBLIC,268,2402656.3,50.03059701492537
TED,EST,Aktsiaselts Lääne-Tallinna Keskhaigla,OTHER / OPEN WORLD,UNKNOWN,267,114750.0,52.337378277153555
Quebec,Canada - Quebec,Centre de services scolaire de la Rivière-du-Nord,OTHER / OPEN WORLD,DIRECT_NONCOMPETITIVE,266,42613.4,54.90187969924812
Germany,Germany,Bayerische Staatsforsten AöR,OTHER / OPEN WORLD,OPEN_PUBLIC,266,334046.25,53.9909022556391
TED,POL,Uniwersytet Gdański,OTHER / OPEN WORLD,UNKNOWN,265,54799.0,45.76671698113208
TenderNed,Netherlands,Universitair Medisch Centrum Groningen (UMCG),OTHER / OPEN WORLD,UNKNOWN,265,406117.75,42.703320754716984
Quebec,Canada - Quebec,Centre intégré universitaire de santé et de services sociaux de la Mauricie-et-du-Centre-du-Québec (CIUSSS MCQ),OTHER / OPEN WORLD,OPEN_PUBLIC,264,272228.46,52.84469696969697
TED,SVN,"MINISTRSTVO ZA INFRASTRUKTURO, DIREKCIJA REPUBLIKE SLOVENIJE ZA INFRASTRUKTURO",OTHER / OPEN WORLD,UNKNOWN,264,413011.5,50.91439393939394
TED,LVA,VSIA Latvijas Valsts ceļi,OTHER / OPEN WORLD,UNKNOWN,264,118910.0,46.55128787878788
TED,LVA,Valsts izglītības attīstības aģentūra,OTHER / OPEN WORLD,UNKNOWN,264,15170.5,43.66462121212121
TED,HRV,Klinički bolnički centar Zagreb,OTHER / OPEN WORLD,UNKNOWN,263,85477.0,50.22904942965779
United Kingdom,United Kingdom,The Mayor's Office for Policing And Crime,OTHER / OPEN WORLD,UNKNOWN,263,1030011.0,48.554068441064636
TED,SWE,FMV,OTHER / OPEN WORLD,UNKNOWN,262,40000000.0,52.34114503816794
Quebec,Canada - Quebec,Ville de Drummondville.,OTHER / OPEN WORLD,LIMITED_INVITATION,262,56054.74,51.97129770992366
TED,ITA,Provincia di Monza e della Brianza,OTHER / OPEN WORLD,UNKNOWN,262,941468.68,51.35824427480916
TED,ITA,Azienda Sanitaria dell’Alto Adige - Ripartizione acquisti,OTHER / OPEN WORLD,UNKNOWN,262,975840.0,50.8012213740458
TED,FIN,Espoon kaupunki,OTHER / OPEN WORLD,UNKNOWN,262,1300000.0,49.74412213740458
TED,ESP,Gerencia Sector Sanitario de Zaragoza 2,OTHER / OPEN WORLD,UNKNOWN,261,239114.0,52.037854406130265
Germany,Germany,Landesbetrieb Bau- und Liegenschaftsmanagement Sachsen-Anhalt (BLSA),OTHER / OPEN WORLD,OPEN_PUBLIC,261,304448.25,45.92199233716475
TED,POL,COPERNICUS PODMIOT LECZNICZY SPÓŁKA Z OGRANICZONĄ ODPOWIEDZIALNOŚCIĄ,OTHER / OPEN WORLD,UNKNOWN,260,213654.875,48.884076923076925
TED,ESP,Presidencia del Consejo de Administración de la Autoridad Portuaria de Barcelona (PORT DE BARCELONA),OTHER / OPEN WORLD,UNKNOWN,259,440894.97,55.07366795366795
TED,HUN,Magyar Közút Nonprofit Zártkörűen Működő Részvénytársaság,OTHER / OPEN WORLD,UNKNOWN,259,112000000.0,53.03150579150579
TED,NOR,ARBEIDS- OG VELFERDSETATEN,OTHER / OPEN WORLD,UNKNOWN,259,34900000.0,51.738301158301155
Germany,Germany,Stadt Regensburg,OTHER / OPEN WORLD,OPEN_PUBLIC,259,257539.595,51.011583011583014
TED,PRT,"SPMS, EPE - Serviços Partilhados do Ministério da Saúde, EPE",OTHER / OPEN WORLD,UNKNOWN,259,344128.44,49.99027027027027
TED,NOR,Trondheim kommune,OTHER / OPEN WORLD,UNKNOWN,259,10690280.0,49.175984555984556
France,France,Département de l'Eure,OTHER / OPEN WORLD,OPEN_PUBLIC,259,250000.0,46.325405405405405
TED,LVA,Ogres novada pašvaldība,OTHER / OPEN WORLD,UNKNOWN,259,106500.0,45.31745173745174
Quebec,Canada - Quebec,Ville de Drummondville.,OTHER / OPEN WORLD,OPEN_PUBLIC,258,304128.995,54.41434108527132
Ireland,Ireland,Iarnród Eireann-Irish Rail,OTHER / OPEN WORLD,COMPETITIVE_OTHER,258,753000.0,48.26255813953488
TED,POL,Województwo Warmińsko – Mazurskie – Zarząd Dróg Wojewódzkich,OTHER / OPEN WORLD,UNKNOWN,258,805000.0,47.65186046511628
TED,PRT,"Unidade Local de Saúde do Algarve, EPE",OTHER / OPEN WORLD,UNKNOWN,258,301950.0,44.96387596899225
Belgium,BE,SCK CEN,OTHER / OPEN WORLD,UNKNOWN,258,,41.176511627906976
Germany,Germany,Immobilien Bremen - Eigenbetrieb der Stadtgemeinde Bremen,OTHER / OPEN WORLD,UNKNOWN,258,,40.96860465116279
TED,POL,Warmińsko-Mazurski Oddział Wojewódzki Narodowego Funduszu Zdrowia,OTHER / OPEN WORLD,UNKNOWN,257,1198566.8,58.05984435797665
Quebec,Canada - Quebec,Ville de Sorel-Tracy (approvisionnement),OTHER / OPEN WORLD,DIRECT_NONCOMPETITIVE,257,50912.65,55.43073929961089
TED,ESP,Servicio Cántabro de Salud,OTHER / OPEN WORLD,UNKNOWN,257,254949.9,53.31058365758755
Germany,Germany,Stadt Augsburg,OTHER / OPEN WORLD,OPEN_PUBLIC,257,389504.98,49.519066147859924
Germany,Germany,"Amt für Recht, Vergabe und Versicherungen",OTHER / OPEN WORLD,OPEN_PUBLIC,257,368000.0,48.611439688715954
France,France,Département des Hauts-de-Seine,OTHER / OPEN WORLD,OPEN_PUBLIC,257,800000.0,48.06272373540856
TenderNed,Netherlands,Gemeente Almere,OTHER / OPEN WORLD,UNKNOWN,257,1423402.5,45.04894941634241
United Kingdom,United Kingdom,The North Yorkshire Council,OTHER / OPEN WORLD,COMPETITIVE_OTHER,257,73750.0,42.84677042801557
Quebec,Canada - Quebec,Ville de Montréal - Arrondissement de Mercier–Hochelaga-Maisonneuve,OTHER / OPEN WORLD,DIRECT_NONCOMPETITIVE,256,60000.0,55.920625
Quebec,Canada - Quebec,Ville de Sherbrooke,OTHER / OPEN WORLD,LIMITED_INVITATION,256,66488.32,51.410546875
TED,POL,UNIWERSYTECKI SZPITAL KLINICZNY NR 2 PUM W SZCZECINIE,OTHER / OPEN WORLD,UNKNOWN,255,572535.0,52.02462745098039
TED,POL,Województwo Mazowieckie,OTHER / OPEN WORLD,UNKNOWN,255,595870.75,47.10988235294118
TED,LVA,Latvijas Biozinātņu un tehnoloģiju universitāte,OTHER / OPEN WORLD,UNKNOWN,255,11000.0,45.02047058823529
France,France,Conseil Départemental du Pas-de-Calais,OTHER / OPEN WORLD,OPEN_PUBLIC,255,234313.66499999998,44.80047058823529
TED,LUX,Administration des bâtiments publics,OTHER / OPEN WORLD,UNKNOWN,255,471961.71,42.270117647058825
TED,CZ,"ČEZ, a. s.",OTHER / OPEN WORLD,UNKNOWN,254,5812334.0,52.236850393700784
TED,EST,Eesti Töötukassa,OTHER / OPEN WORLD,UNKNOWN,254,39195.0,48.0796062992126
France,France,Conseil Départemental du Nord,OTHER / OPEN WORLD,OPEN_PUBLIC,254,266585.0,46.625590551181105
TenderNed,Netherlands,Erasmus MC,OTHER / OPEN WORLD,UNKNOWN,254,100.0,41.944409448818895
Belgium,BE,Office Central des Achats,OTHER / OPEN WORLD,UNKNOWN,254,,41.09779527559055
Belgium,BE,Société wallonne des eaux,OTHER / OPEN WORLD,UNKNOWN,254,,40.02984251968504
Quebec,Canada - Quebec,Centre de services scolaire des Bois-Francs,OTHER / OPEN WORLD,DIRECT_NONCOMPETITIVE,253,45000.0,53.31169960474308
TED,CZE,Úřad práce České republiky,OTHER / OPEN WORLD,UNKNOWN,253,315536.46499999997,50.69928853754941
Germany,Germany,Die Autobahn GmbH des Bundes - NL Nordbayern,OTHER / OPEN WORLD,OPEN_PUBLIC,253,490000.0,48.02529644268775
TED,FIN,Etelä-Savon hyvinvointialue,OTHER / OPEN WORLD,UNKNOWN,253,63378.0,46.06648221343873
Belgium,BE,Chaudfontaine,OTHER / OPEN WORLD,UNKNOWN,253,,40.810750988142296
TED,ESP,"Dirección General de Gestión Económica, Contratación e Infraestructuras de la Conselleria de Sanidad",OTHER / OPEN WORLD,UNKNOWN,252,989162.485,53.998492063492066
United Kingdom,United Kingdom,Surrey County Council,OTHER / OPEN WORLD,COMPETITIVE_OTHER,252,4679839.0,48.13634920634921
TED,POL,UNIWERSYTET WARMIŃSKO-MAZURSKI W OLSZTYNIE,OTHER / OPEN WORLD,UNKNOWN,252,280000.0,47.51420634920635
Canada federal,Canada,Department of National Defence,OTHER / OPEN WORLD,OPEN_PUBLIC,252,46168.82,45.72976190476191
France,France,Ville de Rennes,OTHER / OPEN WORLD,OPEN_PUBLIC,252,592000.0,45.054047619047616
TED,LTU,Policijos departamentas prie Lietuvos Respublikos vidaus reikalų ministerijos,OTHER / OPEN WORLD,UNKNOWN,252,83225.825,44.745714285714286
Belgium,BE,VITO,OTHER / OPEN WORLD,UNKNOWN,252,,41.17142857142857
TED,ESP,"Transports de Barcelona, SA",OTHER / OPEN WORLD,UNKNOWN,251,253456.035,42.02215139442231
Belgium,BE,skeyes,OTHER / OPEN WORLD,UNKNOWN,251,,41.87203187250996
TED,HUN,Pécsi Tudományegyetem,OTHER / OPEN WORLD,UNKNOWN,250,40260000.0,52.80504
TED,ESP,"Gerencia umivale Activa, Mutua Colaboradora con la Seguridad Social número 3",OTHER / OPEN WORLD,UNKNOWN,250,333260.0,52.5324
Germany,Germany,DB Netz AG (Bukr 16),OTHER / OPEN WORLD,OPEN_PUBLIC,250,1199438.0,50.47216
TED,POL,4. Wojskowy Szpital Kliniczny z Polikliniką Samodzielny Publiczny Zakład Opieki Zdrowotnej we Wrocławiu,OTHER / OPEN WORLD,UNKNOWN,250,415796.99,50.26056
Germany,Germany,Die Autobahn GmbH des Bundes - NL Rheinland,OTHER / OPEN WORLD,OPEN_PUBLIC,250,685000.0,47.75056
TED,FIN,Lapin hyvinvointialue,OTHER / OPEN WORLD,UNKNOWN,250,750000.0,46.94984
Belgium,BE,SPF Santé Publique Sécurité de la Chaîne Alimentaire et Environnement,OTHER / OPEN WORLD,UNKNOWN,250,,42.2924
TED,ESP,"Tecnologías y Servicios Agrarios S.A.,S.M.E., M.P., (TRAGSATEC)",OTHER / OPEN WORLD,UNKNOWN,249,300172.5,49.05301204819277
TenderNed,Netherlands,Wageningen University & Research,OTHER / OPEN WORLD,UNKNOWN,249,542080.0,43.9455421686747
TED,LVA,Neatliekamās medicīniskās palīdzības dienests,OTHER / OPEN WORLD,UNKNOWN,249,195000.0,43.471967871485944
Belgium,BE,Universiteit Hasselt,OTHER / OPEN WORLD,UNKNOWN,249,,41.35855421686747
Belgium,BE,Kortrijk,OTHER / OPEN WORLD,UNKNOWN,249,,41.2110843373494
Belgium,BE,Tournai,OTHER / OPEN WORLD,UNKNOWN,249,,40.611084337349396
Quebec,Canada - Quebec,Université de Montréal.,OTHER / OPEN WORLD,DIRECT_NONCOMPETITIVE,248,47996.455,55.43814516129032
Quebec,Canada - Quebec,HEC Montréal,OTHER / OPEN WORLD,DIRECT_NONCOMPETITIVE,248,45388.08,55.25427419354839
TED,BGR,Специализирана болница за активно лечение по детски болести – проф.Иван Митев ЕАД,OTHER / OPEN WORLD,UNKNOWN,248,54672.795,50.06161290322581
TenderNed,Netherlands,Gemeente Leiden,OTHER / OPEN WORLD,UNKNOWN,248,545000.0,46.233306451612904
TED,CZE,Fakultní nemocnice u sv. Anny v Brně,OTHER / OPEN WORLD,UNKNOWN,247,3994737.78,56.43214574898786
Quebec,Canada - Quebec,Ville de Gatineau.,OTHER / OPEN WORLD,LIMITED_INVITATION,247,55297.87,52.856599190283404
TED,ROU,Municipiul Cluj-Napoca,OTHER / OPEN WORLD,UNKNOWN,247,3852788.455,48.66315789473684
TED,POL,Warszawski Uniwersytet Medyczny,OTHER / OPEN WORLD,UNKNOWN,247,55350.0,47.80607287449393
TED,POL,Szpital Wojewódzki im. Jana Pawła II w Bełchatowie,OTHER / OPEN WORLD,UNKNOWN,247,262251.83999999997,47.52145748987854
TED,LTU,AB „Kelių priežiūra“,OTHER / OPEN WORLD,UNKNOWN,247,28486.4,43.75157894736842
TED,CZE,Masarykova univerzita,OTHER / OPEN WORLD,UNKNOWN,246,5450000.0,55.22284552845529
Quebec,Canada - Quebec,Centre de services scolaire de Laval.,OTHER / OPEN WORLD,DIRECT_NONCOMPETITIVE,246,45812.9,54.814878048780486
TED,HUN,Debreceni Egyetem,OTHER / OPEN WORLD,UNKNOWN,246,53864000.0,53.812439024390244
TED,HUN,Nemzeti Kommunikációs Hivatal,OTHER / OPEN WORLD,UNKNOWN,246,95000000.0,52.391869918699186
TED,POL,Uniwersytecki Szpital Kliniczny w Opolu,OTHER / OPEN WORLD,UNKNOWN,246,212097.24,48.44447154471545
United Kingdom,United Kingdom,NHS Wales Shared Services Partnership-Procurement Services (hosted by Velindre University NHS Trust),OTHER / OPEN WORLD,UNKNOWN,246,72907.5,47.04373983739838
TED,POL,Wojewódzki Szpital Specjalistyczny w Legnicy,OTHER / OPEN WORLD,UNKNOWN,245,218428.2,49.004
TenderNed,Netherlands,Gemeente Eindhoven,OTHER / OPEN WORLD,UNKNOWN,245,1000300.0,44.77534693877551
Germany,Germany,Stadtwerke München GmbH,OTHER / OPEN WORLD,OPEN_PUBLIC,245,0.0,43.75502040816327
TED,ITA,Agenzia Locale di Sviluppo dei Comuni dell'Area Nolana S.C.P.A.,OTHER / OPEN WORLD,UNKNOWN,244,1108543.1949999998,51.84762295081967
TED,POL,Śląskie Centrum Chorób Serca w Zabrzu,OTHER / OPEN WORLD,UNKNOWN,244,630000.0,49.76680327868853
France,France,Commune,OTHER / OPEN WORLD,OPEN_PUBLIC,244,55898.64,43.612459016393444
Belgium,BE,Vlaamse Dienst voor Arbeidsbemiddeling en Beroepsopleiding - Extern Verzelfstandigd Agentschap,OTHER / OPEN WORLD,UNKNOWN,244,,41.424918032786884
Belgium,BE,Mouscron,OTHER / OPEN WORLD,UNKNOWN,244,,40.271147540983605
TED,SWE,Helsingborgs stad,OTHER / OPEN WORLD,UNKNOWN,243,8500000.0,53.71251028806584
TED,ESP,"Mutua Universal Mugenat, Mutua Colaboradora con la Seguridad Social nº 10",OTHER / OPEN WORLD,UNKNOWN,243,346805.0,52.63753086419753
TED,ITA,IN.VA. S.P.A.,OTHER / OPEN WORLD,UNKNOWN,243,388125.0,50.242716049382715
France,France,Département de la Haute-Savoie,OTHER / OPEN WORLD,OPEN_PUBLIC,243,200000.0,46.75925925925926
Quebec,Canada - Quebec,Centre de services scolaire des Laurentides.,OTHER / OPEN WORLD,DIRECT_NONCOMPETITIVE,242,47418.82,55.01933884297521
TED,FIN,Turun kaupunki,OTHER / OPEN WORLD,UNKNOWN,242,490000.0,47.07545454545455
Belgium,BE,FEDASIL_AMC_Petit château,OTHER / OPEN WORLD,UNKNOWN,242,,40.9404958677686
Quebec,Canada - Quebec,Ministère de la Justice,Translation,DIRECT_NONCOMPETITIVE,241,50000.0,84.6833195020747
TED,BGR,НАЦИОНАЛНА ЕЛЕКТРИЧЕСКА КОМПАНИЯ ЕАД,OTHER / OPEN WORLD,UNKNOWN,241,109415.0,50.70605809128631
TED,POL,Państwowy Instytut Medyczny Ministerstwa Spraw Wewnętrznych i Administracji,OTHER / OPEN WORLD,UNKNOWN,241,414054.66,49.11958506224067
France,France,Département de Mayotte,OTHER / OPEN WORLD,OPEN_PUBLIC,241,498350.0,46.47966804979253
Belgium,BE,I.S.P.P.C,OTHER / OPEN WORLD,UNKNOWN,241,,40.82298755186722
France,France,Département de la Manche,OTHER / OPEN WORLD,OPEN_PUBLIC,240,525842.98,48.05375
TED,SVN,MINISTRSTVO ZA NOTRANJE ZADEVE,OTHER / OPEN WORLD,UNKNOWN,239,181300.935,52.08242677824268
Germany,Germany,Stadt Freiburg i. Br. - Vergabemanagement,OTHER / OPEN WORLD,OPEN_PUBLIC,239,149179.0,50.92820083682008
Germany,Germany,Universitätsklinikum Düsseldorf,OTHER / OPEN WORLD,OPEN_PUBLIC,239,159141.92,50.864937238493724
TED,CZE,"Pražské služby, a.s.",OTHER / OPEN WORLD,UNKNOWN,238,6000000.0,55.372773109243695
Germany,Germany,Universität Stuttgart,OTHER / OPEN WORLD,OPEN_PUBLIC,238,109500.0,54.15268907563025
United Kingdom,United Kingdom,British Council,OTHER / OPEN WORLD,OPEN_PUBLIC,238,117500.0,52.885378151260504
TED,POL,Wojewódzki Szpital Specjalistyczny w Białej Podlaskiej,OTHER / OPEN WORLD,UNKNOWN,238,342928.6,51.93983193277311
TED,POL,Polska Agencja Żeglugi Powietrznej,OTHER / OPEN WORLD,UNKNOWN,238,1387440.0,49.58588235294118
TED,POL,Regionalny Szpital Specjalistyczny im. dr Władysława Biegańskiego,OTHER / OPEN WORLD,UNKNOWN,238,205479.68,49.36672268907563
Belgium,BE,Gent,OTHER / OPEN WORLD,UNKNOWN,238,,40.95235294117647
Quebec,Canada - Quebec,Centre intégré de santé et de services sociaux de l'Abitibi-Témiscamingue,OTHER / OPEN WORLD,DIRECT_NONCOMPETITIVE,237,49661.0,55.67569620253165
TED,SWE,Lunds universitet,OTHER / OPEN WORLD,UNKNOWN,237,4000000.0,54.74860759493671
Quebec,Canada - Quebec,Centre de services scolaire Marguerite-Bourgeoys,OTHER / OPEN WORLD,DIRECT_NONCOMPETITIVE,237,41419.08,54.486835443037975
TED,EST,Aktsiaselts Ida-Tallinna Keskhaigla,OTHER / OPEN WORLD,UNKNOWN,237,174000.0,51.70025316455696
TED,ITA,AZIENDA USL DI BOLOGNA,OTHER / OPEN WORLD,UNKNOWN,237,731850.0,50.77721518987342
TED,POL,Uniwersyteckie Centrum Kliniczne im. prof. K. Gibińskiego Śląskiego Uniwersytetu Medycznego w Katowicach,OTHER / OPEN WORLD,UNKNOWN,237,207592.4,49.10708860759494
TED,FIN,Hansel Oy,OTHER / OPEN WORLD,UNKNOWN,237,16322800.0,46.67248945147679
Quebec,Canada - Quebec,CISSS de la Côte-Nord.,OTHER / OPEN WORLD,DIRECT_NONCOMPETITIVE,236,60694.380000000005,55.45076271186441
TED,ESP,"Presidencia de la Agencia Estatal Consejo Superior de Investigaciones Científicas, M.P.",OTHER / OPEN WORLD,UNKNOWN,236,268002.9,53.24762711864407
Quebec,Canada - Quebec,"SQI - Direction des contrats de construction, soutien à l’exploitation, services professionnels et modes alternatifs",OTHER / OPEN WORLD,OPEN_PUBLIC,236,1374091.425,48.272118644067795
TenderNed,Netherlands,Radboud universitair medisch centrum,OTHER / OPEN WORLD,UNKNOWN,236,480000.0,42.55084745762712
Quebec,Canada - Quebec,Société du Palais des Congrès de Montréal,OTHER / OPEN WORLD,DIRECT_NONCOMPETITIVE,235,42350.0,55.00229787234043
TED,ESP,CONSORCI HOSPITAL CLÍNIC DE BARCELONA (HCB),OTHER / OPEN WORLD,UNKNOWN,235,336173.59,53.412510638297874
TED,FIN,Keski-Suomen hyvinvointialue,OTHER / OPEN WORLD,UNKNOWN,235,550026.0,48.16672340425532
Belgium,BE,Vlaamse Maatschappij voor Watervoorziening CV (De Watergroep),OTHER / OPEN WORLD,UNKNOWN,235,,41.31710638297872
Quebec,Canada - Quebec,Ville de Pointe-Claire.,OTHER / OPEN WORLD,OPEN_PUBLIC,234,136090.285,53.135555555555555
Germany,Germany,Brandenburgischer Landesbetrieb für Liegenschaften und Bauen (BLB) - Zentrale Vergabestelle,OTHER / OPEN WORLD,OPEN_PUBLIC,234,252472.655,52.2691452991453
TED,ESP,Gerencia de Fraternidad Muprespa - Mútua Colaboradora con la Seguridad Social nº 275,OTHER / OPEN WORLD,UNKNOWN,234,360000.0,51.97854700854701
TED,POL,Szpital Specjalistyczny im. Ludwika Rydygiera w Krakowie Sp. z o.o.,OTHER / OPEN WORLD,UNKNOWN,234,156931.515,51.3331623931624
TED,ESP,"Área de Gobierno de Vicealcaldía, Portavoz, Seguridad y Emergencias del Ayuntamiento de Madrid",OTHER / OPEN WORLD,UNKNOWN,234,600000.0,51.275299145299144
Germany,Germany,"Bundesagentur für Arbeit, Regionales Einkaufszentrum BB/SAT",OTHER / OPEN WORLD,OPEN_PUBLIC,234,0.01,45.37905982905983
Germany,Germany,Deutsche Bahn AG Konzernleitung (Bukr 10),OTHER / OPEN WORLD,COMPETITIVE_OTHER,233,1500000.0,47.62394849785408
TED,BG,ТЕХНИЧЕСКИ УНИВЕРСИТЕТ,OTHER / OPEN WORLD,UNKNOWN,233,58999.0,46.62042918454936
TED,LVA,Cēsu novada pašvaldība,OTHER / OPEN WORLD,UNKNOWN,233,109416.6875,44.596909871244634
United Kingdom,United Kingdom,UK Research & Innovation,OTHER / OPEN WORLD,DIRECT_NONCOMPETITIVE,232,180000.0,60.164310344827584
TED,DNK,Danmarks Tekniske Universitet - DTU,OTHER / OPEN WORLD,UNKNOWN,232,2000000.0,53.20784482758621
TED,PRT,"Unidade Local de Saúde de São José, EPE",OTHER / OPEN WORLD,UNKNOWN,232,462240.0,50.912844827586206
Germany,Germany,Thüringer Landesamt für Bau und Verkehr,OTHER / OPEN WORLD,OPEN_PUBLIC,232,223560.72,50.85008620689655
Germany,Germany,Kerntechnische Entsorgung Karlsruhe GmbH,OTHER / OPEN WORLD,OPEN_PUBLIC,232,1.0,47.401637931034486
Belgium,BE,SPI(3p),OTHER / OPEN WORLD,UNKNOWN,232,,39.811379310344826
Germany,Germany,"Vermögen und Bau Baden-Württemberg, Amt Konstanz",OTHER / OPEN WORLD,OPEN_PUBLIC,231,337689.27,55.63627705627706
TED,ES,Dirección General de Racionalización y Centralización de la Contratación-Junta de Contratación Centralizada,OTHER / OPEN WORLD,UNKNOWN,231,324646.3,54.45367965367965
TED,ESP,Gobierno de La Rioja,OTHER / OPEN WORLD,UNKNOWN,231,450000.0,50.8208658008658
United Kingdom,United Kingdom,Somerset Council,OTHER / OPEN WORLD,DIRECT_NONCOMPETITIVE,231,60000.0,50.53558441558442
TED,POL,Naukowa i Akademicka Sieć Komputerowa - Państwowy Instytut Badawczy,OTHER / OPEN WORLD,UNKNOWN,231,348384.0,50.49497835497836
Germany,Germany,Stadt Fürth,OTHER / OPEN WORLD,OPEN_PUBLIC,231,189777.7,50.11878787878788
United Kingdom,United Kingdom,NPL Management Limited,OTHER / OPEN WORLD,UNKNOWN,231,46500.0,49.804155844155844
Germany,Germany,Fraunhofer-Gesellschaft - Einkauf B12,OTHER / OPEN WORLD,DIRECT_NONCOMPETITIVE,231,0.01,48.64077922077922
Germany,Germany,"Bundesamt für Ausrüstung, Informationstechnik und Nutzung der Bundeswehr",OTHER / OPEN WORLD,OPEN_PUBLIC,231,864661.6549999999,48.28034632034632
TED,FIN,Oulun kaupunki,OTHER / OPEN WORLD,UNKNOWN,231,661000.0,46.54493506493507
Quebec,Canada - Quebec,Centre de services scolaire des Samares.,OTHER / OPEN WORLD,DIRECT_NONCOMPETITIVE,230,44729.575,54.316782608695654
Germany,Germany,"Landeshauptstadt Stuttgart, Haupt- und Personalamt, Abt. Allgemeiner Service, Zentraler Einkauf",OTHER / OPEN WORLD,OPEN_PUBLIC,230,517500.0,51.33939130434783
TED,POL,Wojewódzki Szpital Zespolony im. L. Rydygiera w Toruniu,OTHER / OPEN WORLD,UNKNOWN,230,325183.0,51.197478260869566
Ireland,Ireland,Mayo County Council,OTHER / OPEN WORLD,OPEN_PUBLIC,230,64925.0,49.98608695652174
TED,FIN,Senaatti-kiinteistöt,OTHER / OPEN WORLD,UNKNOWN,230,1600000.0,48.35669565217391
TED,FIN,Vantaan kaupunki,OTHER / OPEN WORLD,UNKNOWN,230,933000.0,47.28982608695652
TED,POL,Uniwersytecki Szpital Dziecięcy w Lublinie,OTHER / OPEN WORLD,UNKNOWN,230,38546.6,45.83904347826087
TED,RO,COMPANIA NATIONALA DE ADMINISTRARE A INFRASTRUCTURII RUTIERE S.A.,OTHER / OPEN WORLD,UNKNOWN,229,1989655.4100000001,53.81930131004367
TED,CZ,"ČEZ Distribuce, a. s.",OTHER / OPEN WORLD,UNKNOWN,229,2171779.13,52.75676855895197
TED,BGR,ОБЩИНА ПЛОВДИВ,OTHER / OPEN WORLD,UNKNOWN,229,124378.3325,50.06192139737991
TED,LVA,Valmieras novada pašvaldība,OTHER / OPEN WORLD,UNKNOWN,229,60981.0,45.04148471615721
United Kingdom,United Kingdom,London Borough of Haringey,OTHER / OPEN WORLD,COMPETITIVE_OTHER,229,78426.24,44.23362445414847
Quebec,Canada - Quebec,Ville de Vaudreuil-Dorion.,OTHER / OPEN WORLD,DIRECT_NONCOMPETITIVE,228,45990.0,53.98736842105263
TED,SVN,NUKLEARNA ELEKTRARNA KRŠKO d.o.o.,OTHER / OPEN WORLD,UNKNOWN,228,660172.5,52.27701754385965
TED,CZE,Univerzita Jana Evangelisty Purkyně v Ústí nad Labem,OTHER / OPEN WORLD,UNKNOWN,228,119000.0,51.70666666666666
TED,POL,Szpital Uniwersytecki im. K.Marcinkowskiego w Zielonej Górze sp. z o.o.,OTHER / OPEN WORLD,UNKNOWN,228,399600.0,50.729122807017546
TED,POL,Zakład Ubezpieczeń Społecznych,OTHER / OPEN WORLD,UNKNOWN,228,3018400.0,50.26491228070176
TED,POL,Centrum Zasobów Cyberprzestrzeni Sił Zbrojnych,OTHER / OPEN WORLD,UNKNOWN,228,3613634.1725000003,50.212105263157895
United Kingdom,United Kingdom,Derbyshire County Council,OTHER / OPEN WORLD,UNKNOWN,228,3000000.0,49.03236842105263
France,France,Ville de Nantes,OTHER / OPEN WORLD,OPEN_PUBLIC,228,961000.0,45.141052631578944
Belgium,BE,Charleroi,OTHER / OPEN WORLD,UNKNOWN,228,,40.52315789473684
TED,SWE,Swedavia AB,OTHER / OPEN WORLD,UNKNOWN,227,19090909.0,54.97709251101322
TED,DK,Amgros I/S,OTHER / OPEN WORLD,UNKNOWN,227,6620000.0,52.621850220264314
Germany,Germany,Die Autobahn GmbH des Bundes - NL Südbayern,OTHER / OPEN WORLD,OPEN_PUBLIC,227,385603.605,48.2320704845815
TED,POL,Szpital Kliniczny im. ks. Anny Mazowieckiej,OTHER / OPEN WORLD,UNKNOWN,227,48601.0,47.220616740088104
Germany,Germany,AOK Sachsen - Anhalt,OTHER / OPEN WORLD,OPEN_PUBLIC,227,221000.0,44.94264317180617
Belgium,BE,Knokke-Heist,OTHER / OPEN WORLD,UNKNOWN,227,,41.13004405286344
Belgium,BE,SOWAER Service technique - Secteurs spéciaux,OTHER / OPEN WORLD,UNKNOWN,227,,40.68281938325991
TenderNed,Netherlands,Gemeente Veldhoven,OTHER / OPEN WORLD,UNKNOWN,227,105.0,40.05242290748899
TED,BGR,ОБЩИНА ВЕЛИКО ТЪРНОВО,OTHER / OPEN WORLD,UNKNOWN,226,409960.615,53.189115044247785
TED,PRT,Município de Loulé,OTHER / OPEN WORLD,UNKNOWN,226,117971.0,48.47451327433628
France,France,Le Mans Métropole,OTHER / OPEN WORLD,OPEN_PUBLIC,226,139397.0,47.26176991150442
TED,AUT,Tirol Kliniken GmbH,OTHER / OPEN WORLD,UNKNOWN,226,425949.99,46.94486725663717
TED,ESP,"Sociedad Andaluza para el Desarrollo de las Telecomunicaciones, S.A.",OTHER / OPEN WORLD,UNKNOWN,225,645833.94,51.605244444444445
TED,ESP,Gerencia del Área Sanitaria IV del Servicio de Salud del Principado de Asturias,OTHER / OPEN WORLD,UNKNOWN,225,646867.2,50.97848888888889
TED,POL,Politechnika Wrocławska,OTHER / OPEN WORLD,UNKNOWN,225,799500.0,50.611022222222225
TED,POL,Uniwersytecki Szpital Kliniczny nr 1 im. prof. Tadeusza Sokołowskiego PUM w Szczecinie,OTHER / OPEN WORLD,UNKNOWN,225,252550.875,49.885777777777776
TED,POL,10 Wojskowy Szpital Kliniczny z Polikliniką Samodzielny Publiczny Zakład Opieki Zdrowotnej,OTHER / OPEN WORLD,UNKNOWN,225,82175.0,47.41857777777778
France,France,Département de la Somme,OTHER / OPEN WORLD,OPEN_PUBLIC,225,1300799.2,46.03093333333333
TenderNed,Netherlands,"Belastingdienst, IUC Belastingdienst",OTHER / OPEN WORLD,UNKNOWN,225,520600.0,44.52186666666667
Belgium,BE,SNCB-Stations Commercialisation,OTHER / OPEN WORLD,UNKNOWN,225,,41.1696
Belgium,BE,Pidpa,OTHER / OPEN WORLD,UNKNOWN,225,,41.0
Quebec,Canada - Quebec,Société de télédiffusion du Québec.,OTHER / OPEN WORLD,DIRECT_NONCOMPETITIVE,224,55511.5,55.909107142857145
TED,SWE,Adda Inköpscentral AB,OTHER / OPEN WORLD,UNKNOWN,224,71000000.0,51.13526785714286
TenderNed,Netherlands,Universiteit Utrecht,OTHER / OPEN WORLD,UNKNOWN,224,750000.0,46.793482142857144
Germany,Germany,DB InfraGO AG – Geschäftsbereich Personenbahnhöfe (Bukr 11),OTHER / OPEN WORLD,OPEN_PUBLIC,224,0.0,45.135625
Germany,Germany,Stadt Braunschweig Fachbereich Bauordnung und Zentrale Vergabestelle,OTHER / OPEN WORLD,OPEN_PUBLIC,224,1.0,42.75946428571429
Belgium,BE,Ziekenhuisnetwerk Antwerpen,OTHER / OPEN WORLD,UNKNOWN,224,,41.36
Belgium,BE,Genk,OTHER / OPEN WORLD,UNKNOWN,224,,41.29169642857143
TenderNed,Netherlands,Gemeente Delft (en de aan de gemeente Delft gelieerde ondernemingen),OTHER / OPEN WORLD,UNKNOWN,224,120.0,41.24857142857143
Quebec,Canada - Quebec,Ville De Montréal - Arrondissement du Sud-Ouest,OTHER / OPEN WORLD,DIRECT_NONCOMPETITIVE,223,49835.91,54.50385650224215
TED,DNK,Vejdirektoratet,OTHER / OPEN WORLD,UNKNOWN,223,12929270.0,53.9752466367713
TED,FIN,Fingrid Oyj,OTHER / OPEN WORLD,UNKNOWN,223,1950000.0,47.69569506726457
France,France,VILLE de PARIS - DFA - SDA,OTHER / OPEN WORLD,OPEN_PUBLIC,223,1000000.0,47.002690582959644
Belgium,BE,STIB - Société des Transports Intercommunaux de Bruxelles / MIVB - Maatschappij voor het Intercommunaal vervoer,OTHER / OPEN WORLD,UNKNOWN,223,,40.9047533632287
Quebec,Canada - Quebec,Ville de Montréal - Service de la Gestion et de la Planification des Immeubles,OTHER / OPEN WORLD,DIRECT_NONCOMPETITIVE,222,54524.075,55.17189189189189
Quebec,Canada - Quebec,Ville de Montréal - Arrondissement ---- Rosemont ---- La Petite-Patrie,OTHER / OPEN WORLD,DIRECT_NONCOMPETITIVE,222,49883.630000000005,55.04891891891892
TED,SWE,Karolinska Universitetssjukhuset,OTHER / OPEN WORLD,UNKNOWN,222,10735387.5,53.965585585585586
TED,ESP,Secretaría General de la Agencia Estatal Consejo Superior de Investigaciones Científicas,OTHER / OPEN WORLD,UNKNOWN,222,359135.0,53.961711711711715
United Kingdom,United Kingdom,The Mayor and Commonalty and Citizens of the City of London,OTHER / OPEN WORLD,DIRECT_NONCOMPETITIVE,222,50450.0,47.76108108108108
Quebec,Canada - Quebec,Centre de services scolaire de la Pointe-de-l'Île,OTHER / OPEN WORLD,OPEN_PUBLIC,221,250221.5,54.46
TED,SVK,Ministerstvo obrany Slovenskej republiky,OTHER / OPEN WORLD,UNKNOWN,221,667214.0,51.608778280542985
TED,ESP,SERVICIO NAVARRO DE SALUD-OSASUNBIDEA,OTHER / OPEN WORLD,UNKNOWN,221,375375.0,50.1979185520362
France,France,Orléans Métropole,OTHER / OPEN WORLD,OPEN_PUBLIC,221,366000.0,47.06570135746606
TED,POL,Samodzielny Publiczny Zakład Opieki Zdrowotnej Centralny Szpital Kliniczny Uniwersytetu Medycznego w Łodzi,OTHER / OPEN WORLD,UNKNOWN,221,202556.16,45.631674208144794
TED,LTU,VšĮ Respublikinė Vilniaus universitetinė ligoninė (PV),OTHER / OPEN WORLD,UNKNOWN,221,6457.5,41.18660633484163
Belgium,BE,RESA Innovation et Technologie SA en son nom et pour compte de RESA SA Intercommunale,OTHER / OPEN WORLD,UNKNOWN,221,,40.62778280542987
TED,ROU,MUNICIPIUL ORADEA,OTHER / OPEN WORLD,UNKNOWN,220,3390294.69,53.97427272727273
Germany,Germany,DB Netz AG (Bukr 16),OTHER / OPEN WORLD,DIRECT_NONCOMPETITIVE,220,1.0,49.39154545454546
TED,NOR,Vestland fylkeskommune,OTHER / OPEN WORLD,UNKNOWN,220,15000000.0,47.820727272727275
TED,FIN,Länsi-Uudenmaan hyvinvointialue,OTHER / OPEN WORLD,UNKNOWN,220,1876763.0,46.32327272727273
TED,CZE,Fakultní Thomayerova nemocnice,OTHER / OPEN WORLD,UNKNOWN,219,17199000.0,56.55872146118721
TED,SWE,Norrköpings kommun,OTHER / OPEN WORLD,UNKNOWN,219,9813000.0,53.959817351598176
Quebec,Canada - Quebec,Université McGill,OTHER / OPEN WORLD,LIMITED_INVITATION,219,55000.0,52.21506849315068
TED,ITA,Rete Ferroviaria Italiana S.p.A.,OTHER / OPEN WORLD,UNKNOWN,219,3137227.945,51.621826484018264
Germany,Germany,Charité - Universitätsmedizin Berlin,OTHER / OPEN WORLD,OPEN_PUBLIC,219,0.01,51.02200913242009
Germany,Germany,Stadt Solingen,OTHER / OPEN WORLD,OPEN_PUBLIC,219,160000.0,48.94365296803653
Germany,Germany,"Deutsche Bundesbank, Zentralbereich Beschaffungen",OTHER / OPEN WORLD,OPEN_PUBLIC,219,0.01,45.616255707762555
Germany,Germany,Stadtwerke München GmbH,OTHER / OPEN WORLD,COMPETITIVE_OTHER,219,0.0,44.140913242009134
Belgium,BE,Leefmilieu Brussel,OTHER / OPEN WORLD,UNKNOWN,219,,41.24246575342466
TED,SWE,Jönköpings kommun,OTHER / OPEN WORLD,UNKNOWN,218,8000000.0,53.415045871559634
TED,SVN,"LUKA KOPER, pristaniški in logistični sistem, delniška družba",OTHER / OPEN WORLD,UNKNOWN,218,189912.39750000002,51.13981651376147
TED,LTU,"Akcinė bendrovė ""Via Lietuva""",OTHER / OPEN WORLD,UNKNOWN,218,23760.0,43.541009174311924
TED,EST,Tallinna Tehnikaülikool,OTHER / OPEN WORLD,UNKNOWN,217,120000.0,52.64820276497696
Germany,Germany,Stadt Gütersloh,OTHER / OPEN WORLD,OPEN_PUBLIC,217,97260.0275,52.25391705069124
United Kingdom,United Kingdom,City of Bradford Metropolitan District Council,OTHER / OPEN WORLD,DIRECT_NONCOMPETITIVE,217,65506.0,50.74912442396313
TED,POL,1 REGIONALNA BAZA LOGISTYCZNA,OTHER / OPEN WORLD,UNKNOWN,217,1242640.0,50.07981566820276
TED,AUT,Magistrat der Stadt Wien - Magistratsabteilung 34,OTHER / OPEN WORLD,UNKNOWN,217,168590.0,49.092442396313366
TED,LVA,"AS ""Sadales tīkls""",OTHER / OPEN WORLD,UNKNOWN,217,174174.85,45.215760368663595
TED,ROU,Societatea Nationala de Gaze Naturale Romgaz S.A.,OTHER / OPEN WORLD,UNKNOWN,216,3492020.0,55.45583333333333
TED,CZE,"Povodí Moravy, s.p.",OTHER / OPEN WORLD,UNKNOWN,216,590000.0,54.387685185185184
TED,SVK,"Slovenské elektrárne, a.s.",OTHER / OPEN WORLD,UNKNOWN,216,1800000.0,54.19592592592593
TED,CZ,"Krajská zdravotní, a.s.",OTHER / OPEN WORLD,UNKNOWN,216,2948850.005,53.4612962962963
TED,ROU,SPITAL CLINIC JUDETEAN DE URGENTA BIHOR,OTHER / OPEN WORLD,UNKNOWN,216,308517.0,52.90157407407408
Germany,Germany,Hamburger Hochbahn AG,OTHER / OPEN WORLD,COMPETITIVE_OTHER,216,1500000.0,45.24509259259259
TenderNed,Netherlands,NS Groep N.V.,OTHER / OPEN WORLD,UNKNOWN,216,1737500.0,43.956944444444446
TenderNed,Netherlands,Gemeente Midden-Groningen,OTHER / OPEN WORLD,UNKNOWN,216,115.0,41.59
TED,CZE,Správa státních hmotných rezerv,OTHER / OPEN WORLD,UNKNOWN,215,16416000.0,54.662232558139536
Quebec,Canada - Quebec,Ville de Montréal - Arrondissement Rivière-des-Prairies- Pointe-aux-Trembles,OTHER / OPEN WORLD,DIRECT_NONCOMPETITIVE,215,49473.74,54.493488372093026
TED,SWE,Region Örebro Län,OTHER / OPEN WORLD,UNKNOWN,215,7780000.0,53.00688372093023
TED,CHE,"Unité soumissions - Département de l'aménagement, des constructions et de la mobilité (DACM) de la Ville de Genève",OTHER / OPEN WORLD,UNKNOWN,215,554497.785,50.15972093023256
TED,POL,Narodowy Instytut Kardiologii Stefana Kardynała Wyszyńskiego - Państwowy Instytut Badawczy,OTHER / OPEN WORLD,UNKNOWN,215,387986.0,49.486232558139534
France,France,Métropole européenne de Lille,OTHER / OPEN WORLD,OPEN_PUBLIC,215,1000000.0,47.371720930232556
TED,LVA,Valsts sabiedrība ar ierobežotu atbildību “Traumatoloģijas un ortopēdijas slimnīca”,OTHER / OPEN WORLD,UNKNOWN,215,69077.725,45.212930232558136
Belgium,BE,Régie des Bâtiments - Wallonie Région Est,OTHER / OPEN WORLD,UNKNOWN,215,,41.1506976744186
United Kingdom,United Kingdom,NHS COVENTRY AND WARWICKSHIRE INTEGRATED CARE BOARD,OTHER / OPEN WORLD,DIRECT_NONCOMPETITIVE,214,74000.0,56.06485981308411
Quebec,Canada - Quebec,SQI-Direction immobilière Sud de Québec,OTHER / OPEN WORLD,DIRECT_NONCOMPETITIVE,214,45860.7,54.30747663551402
TED,BGR,"УНИВЕРСИТЕТСКА МНОГОПРОФИЛНА БОЛНИЦА ЗА АКТИВНО ЛЕЧЕНИЕ ""АЛЕКСАНДРОВСКА"" ЕАД",OTHER / OPEN WORLD,UNKNOWN,214,82509.875,51.15635514018692
TED,ESP,Agencia Digital de Andalucía,OTHER / OPEN WORLD,UNKNOWN,214,987398.245,50.8788785046729
TED,FIN,Pohjois-Karjalan hyvinvointialue,OTHER / OPEN WORLD,UNKNOWN,214,605900.0,49.015140186915886
France,France,Metropole Rouen Normandie,OTHER / OPEN WORLD,OPEN_PUBLIC,214,800000.0,48.130467289719626
United Kingdom,United Kingdom,London Borough of Lewisham,OTHER / OPEN WORLD,OPEN_PUBLIC,214,30750.0,46.32943925233645
Germany,Germany,Fraunhofer-Gesellschaft - Einkauf B12,OTHER / OPEN WORLD,COMPETITIVE_OTHER,214,0.01,45.48242990654206
TED,LTU,Valstybės įmonė Ignalinos atominė elektrinė,OTHER / OPEN WORLD,UNKNOWN,214,41210.42,44.04373831775701
Quebec,Canada - Quebec,Conseil Cri de la santé et des services sociaux de la Baie James,OTHER / OPEN WORLD,DIRECT_NONCOMPETITIVE,213,131925.0,56.8569014084507
Germany,Germany,Deutsches Zentrum für Luft- und Raumfahrt e.V. (DLR),OTHER / OPEN WORLD,OPEN_PUBLIC,213,1001.0,48.989107981220656
France,France,Grand Besançon Métropole,OTHER / OPEN WORLD,OPEN_PUBLIC,213,528000.0,45.876901408450706
TenderNed,Netherlands,Waterschap Rivierenland,OTHER / OPEN WORLD,UNKNOWN,213,400000.0,45.510140845070424
Belgium,BE,Police Fédérale,OTHER / OPEN WORLD,UNKNOWN,213,,40.907042253521126
Quebec,Canada - Quebec,Santé Québec,OTHER / OPEN WORLD,DIRECT_NONCOMPETITIVE,212,115885.0,58.202924528301885
TED,CZ,Fakultní nemocnice Olomouc,OTHER / OPEN WORLD,UNKNOWN,212,6138063.0,53.90103773584906
TED,EST,Politsei- ja Piirivalveamet,OTHER / OPEN WORLD,UNKNOWN,212,400000.0,53.24122641509434
TED,ES,"AENA, S.M.E., S.A.",OTHER / OPEN WORLD,UNKNOWN,212,1011530.0,52.270094339622645
TED,MLT,Central Procurement and Supplies Unit (MFH),OTHER / OPEN WORLD,UNKNOWN,212,367763.01,49.29622641509434
Germany,Germany,Stadt Ingolstadt,OTHER / OPEN WORLD,OPEN_PUBLIC,212,100629.08,48.853018867924526
TED,PRT,"Unidade Local de Saúde de São José, E. P. E.",OTHER / OPEN WORLD,UNKNOWN,212,477695.0,48.149811320754715
TED,NOR,Tromsø kommune,OTHER / OPEN WORLD,UNKNOWN,212,5000000.0,48.12641509433962
Germany,Germany,Die Autobahn GmbH des Bundes - NL West,OTHER / OPEN WORLD,OPEN_PUBLIC,212,403967.32999999996,47.80075471698113
TenderNed,Netherlands,N.V. Nederlandse Gasunie,OTHER / OPEN WORLD,UNKNOWN,212,4000000.0,43.811509433962264
Germany,Germany,Klinikum Nürnberg,OTHER / OPEN WORLD,OPEN_PUBLIC,212,1.0,42.68452830188679
Quebec,Canada - Quebec,Ville de Saint-Jean-sur-Richelieu.,OTHER / OPEN WORLD,OPEN_PUBLIC,211,291538.09,53.72018957345971
TED,CHE,Tiefbauamt Graubünden,OTHER / OPEN WORLD,UNKNOWN,211,1257686.025,44.36919431279621
TED,POL,Regionalny Szpital w Kołobrzegu,OTHER / OPEN WORLD,UNKNOWN,211,5650.56,41.98995260663507
Quebec,Canada - Quebec,Centre de services scolaire de Montréal,OTHER / OPEN WORLD,DIRECT_NONCOMPETITIVE,210,44260.0,56.478857142857144
Quebec,Canada - Quebec,Ministère des Ressources naturelles et des Forêts,OTHER / OPEN WORLD,DIRECT_NONCOMPETITIVE,210,94683.79000000001,56.154857142857146
TED,SWE,Region Gotland,OTHER / OPEN WORLD,UNKNOWN,210,7000000.0,54.70609523809524
TED,ESP,"ENDESA, S.A.",OTHER / OPEN WORLD,UNKNOWN,210,853475.49,54.53780952380952
TED,ESP,Agencia para la Modernización Tecnológica de Galicia,OTHER / OPEN WORLD,UNKNOWN,210,1000000.0,53.15133333333333
TED,NOR,Politiets fellestjenester,OTHER / OPEN WORLD,UNKNOWN,210,13500000.0,50.967333333333336
Germany,Germany,Stadt Koblenz,OTHER / OPEN WORLD,OPEN_PUBLIC,210,248735.0,45.88314285714286
TenderNed,Netherlands,TenneT TSO,OTHER / OPEN WORLD,UNKNOWN,210,8307927.0,43.71771428571429
Belgium,BE,Vivaqua,OTHER / OPEN WORLD,UNKNOWN,210,,41.18685714285714
TED,ESP,Junta de Gobierno del Ayuntamiento de Sevilla,OTHER / OPEN WORLD,UNKNOWN,209,705454.0,52.305645933014354
TED,PT,"SPMS - Serviços Partilhados do Ministério da Saúde, E. P. E.",OTHER / OPEN WORLD,UNKNOWN,209,244900.0,50.72468899521531
France,France,Conseil départemental du Gard,OTHER / OPEN WORLD,OPEN_PUBLIC,209,300954.675,46.80909090909091
TenderNed,Netherlands,gemeente Nijmegen,OTHER / OPEN WORLD,UNKNOWN,209,1.0,40.92966507177034
United Kingdom,United Kingdom,NHS CHESHIRE AND MERSEYSIDE INTEGRATED CARE BOARD,OTHER / OPEN WORLD,DIRECT_NONCOMPETITIVE,208,65161.0,54.87048076923077
TED,POL,Wojskowy Instytut Medyczny - Państwowy Instytut Badawczy,OTHER / OPEN WORLD,UNKNOWN,208,1200000.0,54.62509615384615
Ireland,Ireland,Limerick City and County Council,OTHER / OPEN WORLD,OPEN_PUBLIC,208,300793.29500000004,52.41615384615385
TED,ESP,"Área de Gobierno de Políticas Sociales, Familia e Igualdad del Ayuntamiento de Madrid",OTHER / OPEN WORLD,UNKNOWN,208,2101234.45,51.71346153846154
TED,BGR,"УНИВЕРСИТЕТСКА МНОГОПРОФИЛНА БОЛНИЦА ЗА АКТИВНО ЛЕЧЕНИЕ ""СВ. ИВАН РИЛСКИ"" ЕАД",OTHER / OPEN WORLD,UNKNOWN,208,87254.33499999999,49.86884615384616
TED,FIN,Istekki Oy,OTHER / OPEN WORLD,UNKNOWN,208,2500000.0,46.61471153846154
Belgium,BE,Natuurpunt Beheer vzw,OTHER / OPEN WORLD,UNKNOWN,208,,41.03894230769231
Belgium,BE,Koksijde,OTHER / OPEN WORLD,UNKNOWN,208,,41.03201923076923
TED,POL,Narodowy Fundusz Zdrowia,OTHER / OPEN WORLD,UNKNOWN,207,1296372.0,55.529082125603864
TED,SVK,"Národná diaľničná spoločnosť, a.s.",OTHER / OPEN WORLD,UNKNOWN,207,2766901.45,52.91400966183575
TED,NOR,NTNU,OTHER / OPEN WORLD,UNKNOWN,207,3549132.5,48.55381642512077
TED,POL,Polskie Sieci Elektroenergetyczne Spółka Akcyjna,OTHER / OPEN WORLD,UNKNOWN,207,10421452.5,48.237004830917876
TenderNed,Netherlands,Stichting Waternet,OTHER / OPEN WORLD,UNKNOWN,207,1350000.0,42.59101449275362
Belgium,BE,Wonen in Limburg,OTHER / OPEN WORLD,UNKNOWN,207,,41.071304347826086
Germany,Germany,Sprinkenhof GmbH,OTHER / OPEN WORLD,OPEN_PUBLIC,206,712960.0,54.03165048543689
TED,ROU,Universitatea Nationala de Stiinta si Tehnologie Politehnica Bucuresti,OTHER / OPEN WORLD,UNKNOWN,206,415111.0,52.08679611650486
Germany,Germany,Universitätsklinikum Münster,OTHER / OPEN WORLD,OPEN_PUBLIC,206,161378.1,51.165631067961165
TED,ESP,Dirección General de Tráfico,OTHER / OPEN WORLD,UNKNOWN,206,583306.1699999999,51.03883495145631
United Kingdom,United Kingdom,Nuclear Restoration Services Limited,OTHER / OPEN WORLD,DIRECT_NONCOMPETITIVE,206,96375.42,50.72174757281553
United Kingdom,United Kingdom,University of the West of England,OTHER / OPEN WORLD,DIRECT_NONCOMPETITIVE,206,36010.055,49.02592233009709
Germany,Germany,Landeshauptstadt Kiel - Der Oberbürgermeister,OTHER / OPEN WORLD,OPEN_PUBLIC,206,204839.45,48.52864077669903
TED,FIN,Pirkanmaan hyvinvointialue,OTHER / OPEN WORLD,UNKNOWN,206,607423.0,47.364854368932036
TED,LTU,Klaipėdos miesto savivaldybės administracija,OTHER / OPEN WORLD,UNKNOWN,206,95183.88500000001,45.59640776699029
Quebec,Canada - Quebec,Ministère de la Justice,Transcription / captioning,DIRECT_NONCOMPETITIVE,205,65000.0,86.07268292682927
Germany,Germany,"Vermögen und Bau Baden-Württemberg, Amt Tübingen",OTHER / OPEN WORLD,OPEN_PUBLIC,205,455542.96,56.06819512195122
Quebec,Canada - Quebec,Ville de Brossard,OTHER / OPEN WORLD,OPEN_PUBLIC,205,415941.03,53.79375609756097
Quebec,Canada - Quebec,CHU de Québec-Université Laval,OTHER / OPEN WORLD,OPEN_PUBLIC,205,210771.59750000003,53.24946341463415
TED,SWE,Umeå kommun,OTHER / OPEN WORLD,UNKNOWN,205,10000000.0,52.720975609756096
TED,ESP,Jefatura de Asuntos Económicos de la Guardia Civil,OTHER / OPEN WORLD,UNKNOWN,205,439753.7,52.53404878048781
France,France,Conseil Départemental des Vosges,OTHER / OPEN WORLD,OPEN_PUBLIC,205,314477.0,48.04253658536585
TED,POL,AMW SINEVIA Sp. z o.o.,OTHER / OPEN WORLD,UNKNOWN,205,619963.2,46.202536585365856
TenderNed,Netherlands,Gemeente Groningen,OTHER / OPEN WORLD,UNKNOWN,205,1296201.0,45.84829268292683
TED,CZE,Univerzita Karlova,OTHER / OPEN WORLD,UNKNOWN,204,4860990.0,54.63460784313725
TED,ESP,Euskal Trenbide Sarea - ETS - Euskal Trenbide Sarea,OTHER / OPEN WORLD,UNKNOWN,204,490475.0,52.310196078431375
TED,ESP,Ayuntamiento de Donostia/San Sebastián - Ayuntamiento de Donostia/San Sebastián,OTHER / OPEN WORLD,UNKNOWN,204,750463.0549999999,51.74009803921569
TED,POL,Wojskowy Instytut Medyczny – Państwowy Instytut Badawczy,OTHER / OPEN WORLD,UNKNOWN,204,701976.015,49.37362745098039
Germany,Germany,Die Autobahn GmbH des Bundes - NL Nordost,OTHER / OPEN WORLD,OPEN_PUBLIC,204,121128.04,47.51078431372549
France,France,Communauté d'Agglomération de La Rochelle,OTHER / OPEN WORLD,OPEN_PUBLIC,204,445000.0,46.996764705882356
TED,POL,Komenda Stołeczna Policji,OTHER / OPEN WORLD,UNKNOWN,203,1002142.5,53.53487684729064
TED,SWE,Akademiska Hus Aktiebolag,OTHER / OPEN WORLD,UNKNOWN,203,30000000.0,52.66886699507389
Germany,Germany,"Bundesrepublik Deutschland, vertreten durch das Bundesministerium des Innern, vertreten durch das Beschaffungsamt des BMI",OTHER / OPEN WORLD,OPEN_PUBLIC,203,971942.8,50.92068965517242
United Kingdom,United Kingdom,City & County of Swansea,OTHER / OPEN WORLD,OPEN_PUBLIC,203,119548.75,50.316847290640396
France,France,Communauté d'agglomération du Cotentin,OTHER / OPEN WORLD,OPEN_PUBLIC,203,455420.0,46.06039408866995
Quebec,Canada - Quebec,Université du Québec à Rimouski.,OTHER / OPEN WORLD,DIRECT_NONCOMPETITIVE,202,45000.0,55.29732673267327
Quebec,Canada - Quebec,Centre de services scolaire des Premières Seigneuries,OTHER / OPEN WORLD,DIRECT_NONCOMPETITIVE,202,41588.0,54.802772277227724
Quebec,Canada - Quebec,Santé Québec Nord-de-l'Île-de-Montréal-Universitaire,OTHER / OPEN WORLD,DIRECT_NONCOMPETITIVE,202,46745.0,54.349801980198016
Germany,Germany,Die Autobahn GmbH des Bundes - NL Westfalen,OTHER / OPEN WORLD,OPEN_PUBLIC,202,465780.75,47.957524752475244
France,France,Département de la Seine-Maritime,OTHER / OPEN WORLD,OPEN_PUBLIC,202,165725.0,46.42613861386138
TED,LTU,Valstybės įmonė Turto bankas,OTHER / OPEN WORLD,UNKNOWN,202,28820.0,45.83792079207921
TED,LVA,Latvijas Universitāte,OTHER / OPEN WORLD,UNKNOWN,202,160525.0,45.23514851485149
TED,SWE,Örebro kommun,OTHER / OPEN WORLD,UNKNOWN,201,10000000.0,53.92766169154229
France,France,ASSISTANCE PUBLIQUE HOPITAUX DE PARIS,OTHER / OPEN WORLD,OPEN_PUBLIC,201,777740.0,44.8355223880597
Belgium,BE,INASEP,OTHER / OPEN WORLD,UNKNOWN,201,,40.570149253731344
TenderNed,Netherlands,Gemeente Den Helder,OTHER / OPEN WORLD,UNKNOWN,201,97.0,38.60776119402985
TED,SWE,Sjöfartsverket,OTHER / OPEN WORLD,UNKNOWN,200,3523632.0,54.2942
TED,POL,PGE Górnictwo i Energetyka Konwencjonalna S.A.,OTHER / OPEN WORLD,UNKNOWN,200,5039986.8,50.3609
TED,LVA,Rīgas Tehniskā universitāte,OTHER / OPEN WORLD,UNKNOWN,200,74800.0,45.4686
TenderNed,Netherlands,Enexis Netbeheer BV/Enexis Personeel BV,OTHER / OPEN WORLD,UNKNOWN,200,8300000.0,43.2005
Quebec,Canada - Quebec,Centre d'acquisitions gouvernementales,OTHER / OPEN WORLD,DIRECT_NONCOMPETITIVE,199,974438.89,57.96482412060301
TED,ITA,CONSIP S.p.A.,OTHER / OPEN WORLD,UNKNOWN,199,12000000.0,54.330854271356785
TED,BGR,ОБЩИНА ХАСКОВО,OTHER / OPEN WORLD,UNKNOWN,199,54000.0,49.310150753768845
France,France,Département du Var,OTHER / OPEN WORLD,OPEN_PUBLIC,199,290396.52,47.15165829145729
Germany,Germany,Universitätsklinikum Bonn AöR,OTHER / OPEN WORLD,OPEN_PUBLIC,199,1.0,46.916984924623115
Belgium,BE,Aankopen en overheidsopdrachten,OTHER / OPEN WORLD,UNKNOWN,199,,41.979597989949745
Belgium,BE,Anderlecht,OTHER / OPEN WORLD,UNKNOWN,199,,40.492562814070354
Belgium,BE,Intercommunale de Soins Spécialisés de Liège,OTHER / OPEN WORLD,UNKNOWN,199,,39.36643216080402
TED,ROU,"SPITALUL CLINIC JUDETEAN DE URGENTA""SFANTUL IOAN CEL NOU""SUCEAVA",OTHER / OPEN WORLD,UNKNOWN,198,1123000.0,51.54070707070707
Quebec,Canada - Quebec,Sûreté du Québec,OTHER / OPEN WORLD,OPEN_PUBLIC,198,118890.78,50.45090909090909
TED,ESP,Gerencia de MAZ Mútua de Accidentes de Trabajo y Enfermedades Profesionales de la Seguridad Social nº 11,OTHER / OPEN WORLD,UNKNOWN,198,204661.99,49.3350505050505
France,France,Département de la Loire,OTHER / OPEN WORLD,OPEN_PUBLIC,198,227669.6,46.68848484848485
France,France,Angers Loire Metropole (49),OTHER / OPEN WORLD,OPEN_PUBLIC,198,415000.0,45.53151515151515
TenderNed,Netherlands,Gemeente Meierijstad,OTHER / OPEN WORLD,UNKNOWN,198,130.0,42.089393939393936
TED,DNK,Aarhus Kommune,OTHER / OPEN WORLD,UNKNOWN,197,8590000.0,53.78670050761421
Germany,Germany,Stadt Münster,OTHER / OPEN WORLD,OPEN_PUBLIC,197,223798.03,52.07472081218274
United Kingdom,United Kingdom,Transport for London,OTHER / OPEN WORLD,COMPETITIVE_OTHER,197,4620437.34,52.04751269035533
TED,ITA,ESTAR - Ente di Supporto Tecnico Amministrativo Regionale,OTHER / OPEN WORLD,UNKNOWN,197,2249995.0,51.544060913705586
Belgium,BE,Stad Hasselt,OTHER / OPEN WORLD,UNKNOWN,197,,41.20010152284264
TED,SWE,Region Värmland,OTHER / OPEN WORLD,UNKNOWN,196,9000000.0,54.763775510204084
Quebec,Canada - Quebec,Ville de Salaberry-de-Valleyfield,OTHER / OPEN WORLD,OPEN_PUBLIC,196,446608.89,54.00938775510204
Quebec,Canada - Quebec,Centre de services scolaire de la Vallée-des-Tisserands,OTHER / OPEN WORLD,DIRECT_NONCOMPETITIVE,196,40586.0,53.12897959183673
France,France,Ville de Mamoudzou (976),OTHER / OPEN WORLD,OPEN_PUBLIC,196,559940.0,43.786632653061226
TenderNed,Netherlands,Alliander N.V.,OTHER / OPEN WORLD,UNKNOWN,196,11000000.0,43.54969387755102
TenderNed,Netherlands,Gemeente Waalwijk,OTHER / OPEN WORLD,UNKNOWN,196,100.0,39.98887755102041
TED,CZ,"Správa železnic, státní organizace",OTHER / OPEN WORLD,UNKNOWN,195,33991184.7,53.85948717948718
TED,ITA,Azienda Trasporti Milanesi,OTHER / OPEN WORLD,UNKNOWN,195,2400000.0,53.694153846153846
TED,ESP,ADIF-AltaVelocidad,OTHER / OPEN WORLD,UNKNOWN,195,1879509.51,52.75866666666667
TED,ESP,ADMINISTRADOR DE INFRAESTRUCTURAS FERROVIARIAS,OTHER / OPEN WORLD,UNKNOWN,195,2943102.74,52.024307692307694
TED,POL,Wojewódzki Szpital Specjalistyczny we Wrocławiu,OTHER / OPEN WORLD,UNKNOWN,195,336302.45,48.84102564102564
TED,NOR,Bane NOR SF,OTHER / OPEN WORLD,UNKNOWN,195,60000000.0,48.22553846153846
France,France,Conseil départemental Meurthe et Moselle,OTHER / OPEN WORLD,OPEN_PUBLIC,195,290268.4,47.352
France,France,Département du Finistère,OTHER / OPEN WORLD,OPEN_PUBLIC,195,500000.0,46.60523076923077
TED,NOR,Sykehusbygg HF,OTHER / OPEN WORLD,UNKNOWN,195,4080454.5,44.401435897435896
TenderNed,Netherlands,Provincie Limburg,OTHER / OPEN WORLD,UNKNOWN,195,325810.0,44.15169230769231
Belgium,BE,AG Digipolis Antwerpen,OTHER / OPEN WORLD,UNKNOWN,195,,41.39692307692307
Quebec,Canada - Quebec,Centre de services scolaire de la Rivière-du-Nord,OTHER / OPEN WORLD,OPEN_PUBLIC,194,100668.5,54.31556701030928
TED,ITA,RAI - Radiotelevisione Italiana S.p.A.,OTHER / OPEN WORLD,UNKNOWN,194,978900.74,54.09835051546392
TED,SWE,Linköpings kommun,OTHER / OPEN WORLD,UNKNOWN,194,8000000.0,53.59948453608247
TED,HR,Grad Zagreb,OTHER / OPEN WORLD,UNKNOWN,194,400000.0,53.21628865979381
TED,ESP,"Dirección General de la Mutual Midat Cyclops, Mutua Colaboradora con la Seguridad Social, nº 1",OTHER / OPEN WORLD,UNKNOWN,194,297741.31,53.05762886597938
TED,NO,SYKEHUSINNKJØP HF,OTHER / OPEN WORLD,UNKNOWN,194,10500000.0,52.28020618556701
TED,ESP,Junta de Gobierno del Ayuntamiento de Málaga,OTHER / OPEN WORLD,UNKNOWN,194,358660.42500000005,52.252680412371134
United Kingdom,United Kingdom,Leeds Teaching Hospitals NHS Trust,OTHER / OPEN WORLD,DIRECT_NONCOMPETITIVE,194,24079.43,46.38505154639175
TenderNed,Netherlands,Ministerie van Binnenlandse Zaken en Koninkrijksrelaties,OTHER / OPEN WORLD,UNKNOWN,194,1700000.0,45.41525773195876
TED,ROU,DISTRIBUȚIE ENERGIE ELECTRICĂ ROMANIA S.A.,OTHER / OPEN WORLD,UNKNOWN,193,3371339.0,55.244455958549224
TED,ESP,Administración de Infraestructuras Ferroviarias,OTHER / OPEN WORLD,UNKNOWN,193,2000000.0,51.19979274611399
TED,PRT,Município de Sintra,OTHER / OPEN WORLD,UNKNOWN,193,300000.0,49.90020725388601
Germany,Germany,Die Autobahn GmbH des Bundes - NL Nordwest,OTHER / OPEN WORLD,OPEN_PUBLIC,193,568009.0800000001,48.96362694300518
France,France,Union des Groupements d'Achats Publics,OTHER / OPEN WORLD,OPEN_PUBLIC,193,8000000.0,47.9139896373057
TED,LTU,LITGRID AB,OTHER / OPEN WORLD,UNKNOWN,193,221533.5,47.857720207253884
TED,LVA,Akciju sabiedrība “Latvenergo”,OTHER / OPEN WORLD,UNKNOWN,193,970193.8,46.57046632124352
TED,ESP,Ayuntamiento de Granada,OTHER / OPEN WORLD,UNKNOWN,193,73322.31,46.48455958549223
TED,CZ,"Česká pošta, s.p.",OTHER / OPEN WORLD,UNKNOWN,192,2641600.0,54.443645833333335
Quebec,Canada - Quebec,Ville de Rouyn-Noranda / Service des acquisitions,OTHER / OPEN WORLD,OPEN_PUBLIC,192,236408.15,54.13427083333333
France,France,Metz Métropole,OTHER / OPEN WORLD,OPEN_PUBLIC,192,775000.0,48.0978125
France,France,Voies navigables de France,OTHER / OPEN WORLD,OPEN_PUBLIC,192,425335.0,47.48625
France,France,Département des Alpes de Haute Provence,OTHER / OPEN WORLD,OPEN_PUBLIC,192,299700.0,44.4415625
Quebec,Canada - Quebec,Ville de Montréal - Arrondissement de Villeray—Saint-Michel—Parc-Extension,OTHER / OPEN WORLD,DIRECT_NONCOMPETITIVE,191,65305.8,55.44607329842932
Quebec,Canada - Quebec,Centre de services scolaire Marie-Victorin,OTHER / OPEN WORLD,OPEN_PUBLIC,191,359925.0,54.200523560209426
TED,ESP,Presidencia de la Autoridad Portuaria de Baleares,OTHER / OPEN WORLD,UNKNOWN,191,362957.82,53.01130890052356
TED,DNK,Aarhus Universitet,OTHER / OPEN WORLD,UNKNOWN,191,1912180.1099999999,52.74764397905759
TED,BGR,Министерство на отбраната,OTHER / OPEN WORLD,UNKNOWN,191,516666.67,52.6855497382199
Quebec,Canada - Quebec,Centre de services scolaire de Laval.,OTHER / OPEN WORLD,OPEN_PUBLIC,191,287765.5,52.53717277486911
TED,SWE,Region Kalmar Län,OTHER / OPEN WORLD,UNKNOWN,191,8463600.0,51.17801047120419
TED,POL,Samodzielny Publiczny Zakład Opieki Zdrowotnej - Szpital Uniwersytecki nr 2 im. dr Jana Biziela w Bydgoszczy,OTHER / OPEN WORLD,UNKNOWN,191,186844.45,48.29696335078534
France,France,Département de la Savoie,OTHER / OPEN WORLD,OPEN_PUBLIC,191,392294.7,47.00816753926701
TED,ESP,HOSPITAL UNIVERSITARIO DE GETAFE,OTHER / OPEN WORLD,UNKNOWN,191,65184.485,45.052879581151835
France,France,Ville de Nîmes (30),OTHER / OPEN WORLD,OPEN_PUBLIC,191,119342.5,44.377277486911
Germany,Germany,BayernGrund Grundstücksbeschaffungs- und -erschließungs-GmbH,OTHER / OPEN WORLD,OPEN_PUBLIC,190,187770.5,53.60621052631579
Germany,Germany,"Bundesrepublik Deutschland, vertreten durch das Bundesministerium des Innern und für Heimat, vertreten durch das Beschaffungsamt des BMI",OTHER / OPEN WORLD,DIRECT_NONCOMPETITIVE,190,159391.33500000002,53.050105263157896
TED,POL,Centrum Onkologii im. Franciszka Łukaszczyka w Bydgoszczy,OTHER / OPEN WORLD,UNKNOWN,190,2151720.0,52.26252631578947
United Kingdom,United Kingdom,Sellafield Limited,OTHER / OPEN WORLD,DIRECT_NONCOMPETITIVE,190,116795.0,50.59294736842105
Germany,Germany,Landratsamt Bautzen,OTHER / OPEN WORLD,OPEN_PUBLIC,190,188818.0,47.99421052631579
TED,AUT,.,OTHER / OPEN WORLD,UNKNOWN,190,703610.0,44.03505263157895
Belgium,BE,Mechelen,OTHER / OPEN WORLD,UNKNOWN,190,,41.346736842105265
Quebec,Canada - Quebec,Université du Québec à Trois-Rivières,OTHER / OPEN WORLD,DIRECT_NONCOMPETITIVE,189,40489.89,55.14476190476191
TED,CZE,"Lesy České republiky, s.p.",OTHER / OPEN WORLD,UNKNOWN,189,2290617.5,54.76148148148148
Quebec,Canada - Quebec,Cégep Édouard-Montpetit,OTHER / OPEN WORLD,DIRECT_NONCOMPETITIVE,189,36400.0,54.42095238095238
Ireland,Ireland,Irish Defence Forces,OTHER / OPEN WORLD,OPEN_PUBLIC,189,290000.0,54.187407407407406
Germany,Germany,"Stadt Halle (Saale), Fachbereich Recht, Team Vergabe Bauleistungen/Bauplanungen",OTHER / OPEN WORLD,OPEN_PUBLIC,189,175185.37,52.01269841269841
Germany,Germany,Staatliches Bauamt Würzburg,OTHER / OPEN WORLD,OPEN_PUBLIC,189,379431.38,49.40507936507937
TED,POL,Narodowe Centrum Krwi,OTHER / OPEN WORLD,UNKNOWN,189,307525.065,48.278201058201056
TED,NOR,AVINOR AS,OTHER / OPEN WORLD,UNKNOWN,189,54500000.0,47.05767195767196
TED,LTU,Lietuvos sveikatos mokslų universitetas (PV),OTHER / OPEN WORLD,UNKNOWN,189,16346.0,43.696296296296296
Quebec,Canada - Quebec,Ville de Montréal / SIRR - Service des infrastructures du réseau routier,OTHER / OPEN WORLD,OPEN_PUBLIC,188,5646762.470000001,55.74904255319149
TED,POL,Szpital Grochowski im. dr med. Rafała Masztaka spółka z ograniczoną odpowiedzialnością,OTHER / OPEN WORLD,UNKNOWN,188,189000.0,53.58244680851064
United Kingdom,United Kingdom,Derry City and Strabane District Council,OTHER / OPEN WORLD,OPEN_PUBLIC,188,95730.0,52.43053191489361
Germany,Germany,Stiftung Preußische Schlösser und Gärten Berlin-Brandenburg,OTHER / OPEN WORLD,OPEN_PUBLIC,188,139238.04,52.15127659574468
TED,POL,Samodzielny Publiczny Zakład Opieki Zdrowotnej Uniwersytecki Szpital Kliniczny Nr 1 im. Norberta Barlickiego Uniwersytetu Medycznego w Łodzi,OTHER / OPEN WORLD,UNKNOWN,188,155266.685,51.00627659574468
France,France,GIP RESAH,OTHER / OPEN WORLD,OPEN_PUBLIC,188,10000000.0,45.77606382978723
TenderNed,Netherlands,Universitair Medisch Centrum Utrecht,OTHER / OPEN WORLD,UNKNOWN,188,800000.0,42.47191489361702
Belgium,BE,l'Association Intercommunale pour le Démergement et l'Epuration,OTHER / OPEN WORLD,UNKNOWN,188,,40.51648936170213
TED,DNK,Københavns Kommune,OTHER / OPEN WORLD,UNKNOWN,187,82388.25,50.6151871657754
TED,BGR,ОБЩИНА СИЛИСТРА,OTHER / OPEN WORLD,UNKNOWN,187,83244.51999999999,50.13026737967915
United Kingdom,United Kingdom,Kent County Council,OTHER / OPEN WORLD,UNKNOWN,187,103516.04000000001,49.30374331550802
TED,FIN,Etelä-Pohjanmaan hyvinvointialue,OTHER / OPEN WORLD,UNKNOWN,187,937000.0,45.68791443850267
TED,LTU,Priešgaisrinės apsaugos ir gelbėjimo departamentas prie Vidaus reikalų ministerijos,OTHER / OPEN WORLD,UNKNOWN,187,24560.0,44.7868449197861
TED,LTU,VšĮ Klaipėdos universiteto ligoninė (Perkančioji organizacija),OTHER / OPEN WORLD,UNKNOWN,187,32400.0,44.043208556149736
TenderNed,Netherlands,Rijksinstituut voor Volksgezondheid en Milieu (RIVM),OTHER / OPEN WORLD,UNKNOWN,187,399688.4,43.595401069518715
France,France,Hôpitaux Civils de Colmar (68),OTHER / OPEN WORLD,OPEN_PUBLIC,187,440000.0,43.406417112299465
Quebec,Canada - Quebec,Sûreté du Québec,OTHER / OPEN WORLD,DIRECT_NONCOMPETITIVE,186,58313.9,56.43451612903226
Ireland,Ireland,Cork County Council,OTHER / OPEN WORLD,OPEN_PUBLIC,186,193725.0,52.649139784946236
TED,CHE,Fachstelle Beschaffungswesen Stadt Bern,OTHER / OPEN WORLD,UNKNOWN,186,651517.35,51.36032258064516
Belgium,BE,AZ DELTA,OTHER / OPEN WORLD,UNKNOWN,186,,41.06483870967742
Belgium,BE,Direction générale des Infrastructures et du Développement Durable,OTHER / OPEN WORLD,UNKNOWN,186,,40.351612903225806
Quebec,Canada - Quebec,CENTRE INTÉGRÉ DE SERVICE SANTÉ ET SOCIAUX DU BAS-ST-LAURENT,OTHER / OPEN WORLD,DIRECT_NONCOMPETITIVE,185,65000.0,56.43545945945946
TED,CZE,Česká zemědělská univerzita v Praze,OTHER / OPEN WORLD,UNKNOWN,185,2700000.0,55.9107027027027
TED,POL,Uniwersytet Jagielloński,OTHER / OPEN WORLD,UNKNOWN,185,779998.37,51.41827027027027
TED,POL,Wojewódzki Szpital Specjalistyczny w Olsztynie,OTHER / OPEN WORLD,UNKNOWN,185,675775.2,50.07416216216216
TED,FIN,Rajavartiolaitos,OTHER / OPEN WORLD,UNKNOWN,185,2680.0,44.759567567567565
Germany,Germany,Freistaat Bayern vertreten durch das Bayerische Landesamt für Steuern - Zentrale Vergabestelle -,OTHER / OPEN WORLD,OPEN_PUBLIC,185,0.0,44.18562162162162
Quebec,Canada - Quebec,Ville de Montréal - Arrondissement CDN-NDG - SDF590204,OTHER / OPEN WORLD,DIRECT_NONCOMPETITIVE,184,60000.0,55.82695652173913
TED,CZE,"Letiště Praha, a. s.",OTHER / OPEN WORLD,UNKNOWN,184,25157684.5,55.04902173913043
TED,EST,Riigi Kinnisvara Aktsiaselts,OTHER / OPEN WORLD,UNKNOWN,184,592829.115,51.9325
TED,BGR,МЕДИЦИНСКИ УНИВЕРСИТЕТ - ПЛОВДИВ,OTHER / OPEN WORLD,UNKNOWN,184,132156.3525,51.377391304347825
TED,PRT,Ministério da Defesa Nacional - Marinha,OTHER / OPEN WORLD,UNKNOWN,184,355000.0,50.62663043478261
TED,POL,PGE Dystrybucja S.A.,OTHER / OPEN WORLD,UNKNOWN,184,2173000.0,50.16010869565218
TED,POL,POŁUDNIOWY KONCERN WĘGLOWY S.A.,OTHER / OPEN WORLD,UNKNOWN,184,1925345.225,49.08608695652174
France,France,Région Occitanie,OTHER / OPEN WORLD,OPEN_PUBLIC,184,310916.0,48.328804347826086
France,France,Département de la Réunion,OTHER / OPEN WORLD,OPEN_PUBLIC,184,178132.5,47.99554347826087
TED,BGR,ОБЩИНА РУСЕ,OTHER / OPEN WORLD,UNKNOWN,184,33685.68,47.655869565217394
France,France,Département de la Drôme,OTHER / OPEN WORLD,OPEN_PUBLIC,184,333462.225,46.040978260869565
Belgium,BE,AZ Sint-Jan Brugge-Oostende AV,OTHER / OPEN WORLD,UNKNOWN,184,,41.439239130434785
Quebec,Canada - Quebec,Santé Québec Mauricie-et-Centre-du-Québec – Universitaire,OTHER / OPEN WORLD,DIRECT_NONCOMPETITIVE,183,56600.0,54.6055737704918
TED,SWE,Lunds kommun,OTHER / OPEN WORLD,UNKNOWN,183,6200000.0,53.87868852459017
Quebec,Canada - Quebec,"SQI-Direction immobilière Saguenay-Lac-Saint-Jean, Côte-Nord",OTHER / OPEN WORLD,DIRECT_NONCOMPETITIVE,183,46604.0,53.73770491803279
TED,POL,Świętokrzyskie Centrum Onkologii Samodzielny Publiczny Zakład Opieki Zdrowotnej w Kielcach,OTHER / OPEN WORLD,UNKNOWN,183,638000.0,50.79748633879782
TED,BGR,ОБЩИНА - СТАРА ЗАГОРА,OTHER / OPEN WORLD,UNKNOWN,183,64787.84,49.474754098360656
TenderNed,Netherlands,"Gemeente Apeldoorn, team Inkoop",OTHER / OPEN WORLD,UNKNOWN,183,990000.0,45.46098360655738
United Kingdom,United Kingdom,"Foreign, Commonwealth and Development Office",OTHER / OPEN WORLD,COMPETITIVE_OTHER,183,47897.11,44.8103825136612
France,France,Mairie,OTHER / OPEN WORLD,OPEN_PUBLIC,183,278000.0,44.474754098360656
Belgium,BE,Infrabel Projects North,OTHER / OPEN WORLD,UNKNOWN,183,,40.86229508196721
Belgium,BE,in BW Association Intercommunale,OTHER / OPEN WORLD,UNKNOWN,183,,39.67704918032787
TED,ITA,Banca d'Italia,OTHER / OPEN WORLD,UNKNOWN,182,1213700.0,53.44802197802198
TED,ROU,COMPANIA NATIONALA DE INVESTITII SA,OTHER / OPEN WORLD,UNKNOWN,182,37426879.945,53.378901098901096
TED,CZE,Kraj Vysočina,OTHER / OPEN WORLD,UNKNOWN,182,5802556.0,52.43054945054945
TED,POL,"""PKP Intercity"" S.A.",OTHER / OPEN WORLD,UNKNOWN,182,4804476.0,49.22483516483516
France,France,Département de la Seine-Saint-Denis,OTHER / OPEN WORLD,OPEN_PUBLIC,182,2250000.0,48.035824175824175
TED,NOR,Helse Sør-Øst RHF,OTHER / OPEN WORLD,UNKNOWN,182,113048655.0,47.08076923076923
France,France,Troyes Champagne Metropole,OTHER / OPEN WORLD,OPEN_PUBLIC,182,400000.0,46.41318681318681
Belgium,BE,Seraing,OTHER / OPEN WORLD,UNKNOWN,182,,40.21868131868132
TED,CZE,Fakultní nemocnice Plzeň,OTHER / OPEN WORLD,UNKNOWN,181,8985960.0,56.05602209944752
Quebec,Canada - Quebec,Ville de Saint-Hyacinthe .,OTHER / OPEN WORLD,DIRECT_NONCOMPETITIVE,181,49965.49,54.120883977900554
TED,CZ,"Dopravní podnik hl. m. Prahy, akciová společnost",OTHER / OPEN WORLD,UNKNOWN,181,4975000.0,53.72983425414365
TED,SWE,Region Dalarna,OTHER / OPEN WORLD,UNKNOWN,181,10000000.0,52.785303867403314
TED,POL,Województwo Łódzkie,OTHER / OPEN WORLD,UNKNOWN,181,391618.0,49.3153591160221
France,France,Conseil Départemental d'Ille et Vilaine,OTHER / OPEN WORLD,OPEN_PUBLIC,181,997120.0,48.38961325966851
France,France,Conseil Départemental de Côte d'Or (21),OTHER / OPEN WORLD,OPEN_PUBLIC,181,501879.0,47.7107182320442
Germany,Germany,Die Autobahn GmbH des Bundes - NL Südwest,OTHER / OPEN WORLD,OPEN_PUBLIC,181,220294.0,47.527513812154695
TED,LVA,Valsts aizsardzības militāro objektu un iepirkumu centrs,OTHER / OPEN WORLD,UNKNOWN,181,349894.01,47.07889502762431
France,France,Ville de Bordeaux,OTHER / OPEN WORLD,OPEN_PUBLIC,181,600000.0,46.37944751381215
TED,LVA,Latvijas Republikas Labklājības ministrija,OTHER / OPEN WORLD,UNKNOWN,181,72550.0,45.87546961325967
France,France,Ville de Toulouse,OTHER / OPEN WORLD,OPEN_PUBLIC,181,261750.0,44.569502762430936
Quebec,Canada - Quebec,"Commission des normes, de l'équité, de la santé et de la sécurité du travail",OTHER / OPEN WORLD,DIRECT_NONCOMPETITIVE,180,62320.0,56.467
TED,SWE,Halmstads kommun,OTHER / OPEN WORLD,UNKNOWN,180,10000000.0,54.02066666666666
TED,HRV,HEP-Operator distribucijskog sustava d.o.o.,OTHER / OPEN WORLD,UNKNOWN,180,350233.775,53.55088888888889
TED,SWE,Västerås stad,OTHER / OPEN WORLD,UNKNOWN,180,10000000.0,53.208555555555556
Germany,Germany,Bau- und Liegenschaftsbetrieb NRW Aachen,OTHER / OPEN WORLD,OPEN_PUBLIC,180,248071.33,52.26477777777778
TED,ESP,SERVICIO MADRILEÑO DE SALUD - HOSPITAL UNIVERSITARIO 12 DE OCTUBRE,OTHER / OPEN WORLD,UNKNOWN,180,218469.0,49.36677777777778
TED,FIN,"Elinkeino-, liikenne- ja ympäristökeskus",OTHER / OPEN WORLD,UNKNOWN,180,1719240.0,48.937444444444445
France,France,Ville du Havre,OTHER / OPEN WORLD,OPEN_PUBLIC,180,116881.85,44.971666666666664
Belgium,BE,Aalst,OTHER / OPEN WORLD,UNKNOWN,180,,41.313
TenderNed,Netherlands,Gemeente Schagen,OTHER / OPEN WORLD,UNKNOWN,180,109.0,40.58
Quebec,Canada - Quebec,Centre intégré universitaire de santé et de services sociaux de la Capitale-Nationale 1,OTHER / OPEN WORLD,OPEN_PUBLIC,179,245044.32,53.63296089385475
TED,HUN,Védelmi Beszerzési Ügynökség Zártkörűen Működő Részvénytársaság,OTHER / OPEN WORLD,UNKNOWN,179,133858267.0,53.07195530726257
TED,CY,Υπουργείο Υγείας,OTHER / OPEN WORLD,UNKNOWN,179,370560.0,52.601675977653635
TED,ESP,OSAKIDETZA - Servicio Vasco de Salud - Hospital Universitario Cruces (Impulsora),OTHER / OPEN WORLD,UNKNOWN,179,152750.58,48.91541899441341
France,France,Département de Vaucluse,OTHER / OPEN WORLD,OPEN_PUBLIC,179,263572.5,47.322458100558656
France,France,Conseil Départemental de la Gironde,OTHER / OPEN WORLD,OPEN_PUBLIC,179,300000.0,45.77553072625698
TED,AUT,Landeskrankenanstalten-Betriebsgesellschaft - KABEG,OTHER / OPEN WORLD,UNKNOWN,179,593412.77,44.726703910614525
Quebec,Canada - Quebec,"Ministère de l'Agriculture, des Pêcheries et de l'Alimentation",OTHER / OPEN WORLD,DIRECT_NONCOMPETITIVE,178,48186.490000000005,55.44258426966292
TED,LUX,European Investment Bank,OTHER / OPEN WORLD,UNKNOWN,178,5000000.0,55.117303370786516
Germany,Germany,Bau- und Liegenschaftsbetrieb NRW Dortmund,OTHER / OPEN WORLD,OPEN_PUBLIC,178,352867.51,53.940224719101124
TED,ESP,"Empresa Nacional de Residuos Radiactivos, S.A., S.M.E. (ENRESA)",OTHER / OPEN WORLD,UNKNOWN,178,519867.435,53.834719101123596
TED,ESP,Subdirección General de Análisis Presupuestario y Gestión Financiera del Instituto de Mayores y Servicios Sociales,OTHER / OPEN WORLD,UNKNOWN,178,227101.88,51.97943820224719
Germany,Germany,"Bundesamt für Bauwesen und Raumordnung, in Vertretung der Bundesanstalt für Immobilienaufgaben",OTHER / OPEN WORLD,OPEN_PUBLIC,178,729890.175,50.53191011235955
TED,CZ,Fakultní nemocnice Brno,OTHER / OPEN WORLD,UNKNOWN,178,4960000.0,50.16808988764045
TED,POL,Komenda Wojewódzka Policji we Wrocławiu,OTHER / OPEN WORLD,UNKNOWN,178,236744.60499999998,48.2791011235955
France,France,Département du Puy-de-Dôme,OTHER / OPEN WORLD,OPEN_PUBLIC,178,600000.0,47.506966292134834
Belgium,BE,Emmaüs vzw,OTHER / OPEN WORLD,UNKNOWN,178,,41.34786516853933
TED,ESP,"Área de Gobierno de Urbanismo, Medio Ambiente y Movilidad del Ayuntamiento de Madrid",OTHER / OPEN WORLD,UNKNOWN,177,1790134.05,52.16316384180791
Germany,Germany,Universitätsstadt Tübingen - Zentrale Vergabestelle,OTHER / OPEN WORLD,OPEN_PUBLIC,177,158386.68,50.99853107344633
Quebec,Canada - Quebec,Centre intégré universitaire de santé et de services sociaux de la Capitale-Nationale 1,OTHER / OPEN WORLD,LIMITED_INVITATION,177,42090.0,50.69141242937853
TED,AUT,WIEN ENERGIE GmbH,OTHER / OPEN WORLD,UNKNOWN,177,1423742.0,47.49672316384181
TED,POL,Wojewódzki Szpital Specjalistyczny Im. Najświętszej Maryi Panny,OTHER / OPEN WORLD,UNKNOWN,177,174457.125,47.44632768361582
TED,LTU,Valstybės sienos apsaugos tarnyba prie Lietuvos Respublikos vidaus reikalų ministerijos,OTHER / OPEN WORLD,UNKNOWN,177,196137.0,46.93435028248587
TenderNed,Netherlands,Gemeente Eemsdelta,OTHER / OPEN WORLD,UNKNOWN,177,105.0,41.24406779661017
Quebec,Canada - Quebec,Ville de Rivière-du-Loup.,OTHER / OPEN WORLD,DIRECT_NONCOMPETITIVE,176,47625.825,55.05113636363637
Quebec,Canada - Quebec,Cégep de l'Outaouais...,OTHER / OPEN WORLD,DIRECT_NONCOMPETITIVE,176,40965.619999999995,54.765795454545454
TED,CZE,ČESKÁ TELEVIZE,OTHER / OPEN WORLD,UNKNOWN,176,4554534.0,52.776931818181815
Canada federal,Canada,National Research Council of Canada (NRC),OTHER / OPEN WORLD,OPEN_PUBLIC,176,180180.0,52.29806818181818
Germany,Germany,"Senatsverwaltung für Stadtentwicklung, Bauen und Wohnen, V M 1 - Vergabestelle für den Öffentlichen Hochbau",OTHER / OPEN WORLD,OPEN_PUBLIC,176,376214.67,49.97375
TED,ESP,Consejo de Administración de la Compañía para la Gestión de Residuos Sólidos en Asturias S.A.,OTHER / OPEN WORLD,UNKNOWN,176,210412.95,47.90534090909091
TenderNed,Netherlands,Gemeente Tilburg,OTHER / OPEN WORLD,UNKNOWN,176,765000.0,46.37375
France,France,Métropole du Grand Nancy,OTHER / OPEN WORLD,OPEN_PUBLIC,176,400000.0,46.08022727272727
Belgium,BE,FEDASIL_POELKAPELLE,OTHER / OPEN WORLD,UNKNOWN,176,,41.0
Quebec,Canada - Quebec,Société de l'assurance automobile du Québec .,OTHER / OPEN WORLD,DIRECT_NONCOMPETITIVE,175,69397.44,57.2584
Quebec,Canada - Quebec,Centre de Santé Inuulitsivik.,OTHER / OPEN WORLD,DIRECT_NONCOMPETITIVE,175,61641.46,56.19965714285714
Quebec,Canada - Quebec,Centre de services scolaire de Montréal / BDA,OTHER / OPEN WORLD,OPEN_PUBLIC,175,643247.505,53.59554285714286
Germany,Germany,"Landeshauptstadt Dresden, GB Stadtentwicklung, Bau, Verkehr und Liegenschaften, Amt f. Hochbau u. Immobilienverwaltung",OTHER / OPEN WORLD,OPEN_PUBLIC,175,210256.91999999998,52.8528
United Kingdom,United Kingdom,NETWORK RAIL INFRASTRUCTURE LIMITED,OTHER / OPEN WORLD,UNKNOWN,175,15000000.0,52.81897142857143
Germany,Germany,Bau- und Liegenschaftsbetrieb NRW Köln,OTHER / OPEN WORLD,OPEN_PUBLIC,175,380569.62,51.18022857142857
TED,POL,Komenda Wojewódzka Policji w Krakowie,OTHER / OPEN WORLD,UNKNOWN,175,271585.0,50.10514285714286
Germany,Germany,"Berliner Verkehrsbetriebe, Bereich Einkauf/ Materialwirtschaft",OTHER / OPEN WORLD,OPEN_PUBLIC,175,726009.96,49.512685714285716
Canada federal,Canada,Fisheries and Oceans Canada,OTHER / OPEN WORLD,OPEN_PUBLIC,175,211829.26,47.804
TED,LT,VšĮ Vilniaus universiteto ligoninė Santaros klinikos,OTHER / OPEN WORLD,UNKNOWN,175,45397.5,46.892114285714285
France,France,Département de l'Ardèche,OTHER / OPEN WORLD,OPEN_PUBLIC,175,300980.0,46.293371428571426
TED,LTU,GYNYBOS RESURSŲ AGENTŪRA PRIE KAM,OTHER / OPEN WORLD,UNKNOWN,175,102251.5175,46.03554285714286
Belgium,BE,VVM De Lijn - Techniek,OTHER / OPEN WORLD,UNKNOWN,175,,41.00514285714286
TED,ESP,Subdirección General Sanitaria de ASEPEYO. Mutua Colaboradora con la Seguridad Social. num. 151,OTHER / OPEN WORLD,UNKNOWN,174,236262.0,51.877931034482756
Germany,Germany,Stadt Osnabrück - FD Öffentliche Aufträge,OTHER / OPEN WORLD,OPEN_PUBLIC,174,252385.74,51.510919540229885
TED,ESP,"Barcelona d’Infraestructures Municipals, SA",OTHER / OPEN WORLD,UNKNOWN,174,338886.66,51.19252873563219
United Kingdom,United Kingdom,Greater Manchester Combined Authority,OTHER / OPEN WORLD,DIRECT_NONCOMPETITIVE,174,42465.0,50.49310344827586
France,France,Conseil Départemental de la Charente,OTHER / OPEN WORLD,OPEN_PUBLIC,174,206958.64,45.80862068965517
Belgium,BE,Nationaal Instituut voor Radio-elementen,OTHER / OPEN WORLD,UNKNOWN,174,,40.92448275862069
TED,CZE,České vysoké učení technické v Praze,OTHER / OPEN WORLD,UNKNOWN,173,3561855.95,54.75202312138728
TED,ITA,Comune di Genova,OTHER / OPEN WORLD,UNKNOWN,173,1188560.0,53.11953757225434
TED,POL,"AMW Towarzystwo Budownictwa Społecznego ""KWATERA"" Sp. z o.o.",OTHER / OPEN WORLD,UNKNOWN,173,196344.0,48.503699421965315
TED,NOR,INNLANDET FYLKESKOMMUNE,OTHER / OPEN WORLD,UNKNOWN,173,16000000.0,48.005549132947976
Germany,Germany,Landesbetrieb für Hochwasserschutz und Wasserwirtschaft Sachsen-Anhalt,OTHER / OPEN WORLD,OPEN_PUBLIC,173,37890.104999999996,48.00543352601156
TenderNed,Netherlands,SURF B.V.,OTHER / OPEN WORLD,UNKNOWN,173,1100000.0,47.7314450867052
Quebec,Canada - Quebec,Centre de services scolaire des Grandes Seigneuries,OTHER / OPEN WORLD,DIRECT_NONCOMPETITIVE,172,48865.465,54.993372093023254
Quebec,Canada - Quebec,"SQI-Direction immobilière de Laval, des Laurentides et de Lanaudière",OTHER / OPEN WORLD,DIRECT_NONCOMPETITIVE,172,40784.25,54.443953488372095
Quebec,Canada - Quebec,Centre de services scolaire Marie-Victorin,OTHER / OPEN WORLD,DIRECT_NONCOMPETITIVE,172,43843.72,54.443604651162794
Quebec,Canada - Quebec,Centre intégré de santé et de services sociaux de la Montérégie-Centre (CISSS de la Montérégie-Centre),OTHER / OPEN WORLD,OPEN_PUBLIC,172,361505.155,52.78790697674419
TED,SWE,Statens fastighetsverk,OTHER / OPEN WORLD,UNKNOWN,172,5000000.0,52.03337209302325
TED,SVN,SPLOŠNA BOLNIŠNICA DR. FRANCA DERGANCA Nova Gorica,OTHER / OPEN WORLD,UNKNOWN,172,135201.6,49.84313953488372
France,France,GRANDLYON Métropole,OTHER / OPEN WORLD,OPEN_PUBLIC,172,840000.0,49.66860465116279
TED,POL,Enea Operator sp. z o.o.,OTHER / OPEN WORLD,UNKNOWN,172,2999920.0,49.18488372093023
TED,LIE,Stabsstelle für staatliche Liegenschaften (SSL),OTHER / OPEN WORLD,UNKNOWN,172,261159.925,46.95604651162791
France,France,Montpellier Méditerranée Métropole,OTHER / OPEN WORLD,OPEN_PUBLIC,172,1017210.0,46.27406976744186
TED,CZE,Generální ředitelství cel,OTHER / OPEN WORLD,UNKNOWN,171,3376525.0,55.27134502923977
TED,CZ,"České dráhy, a.s.",OTHER / OPEN WORLD,UNKNOWN,171,8473345.0,53.05134502923977
TED,BGR,МИНИСТЕРСТВО НА ЗДРАВЕОПАЗВАНЕТО,OTHER / OPEN WORLD,UNKNOWN,171,269625.51,52.0012865497076
TED,ESP,Ayuntamiento de Vitoria-Gasteiz - Ayuntamiento de Vitoria-Gasteiz,OTHER / OPEN WORLD,UNKNOWN,171,511768.52,51.95614035087719
TED,POL,Województwo Śląskie,OTHER / OPEN WORLD,UNKNOWN,171,188990.0,51.30701754385965
France,France,Département de l'Ain,OTHER / OPEN WORLD,OPEN_PUBLIC,171,675036.0,49.46912280701754
France,France,Région Hauts-de-France,OTHER / OPEN WORLD,OPEN_PUBLIC,171,300000.0,49.3421052631579
TED,POL,Uniwersytecki Szpital Kliniczny nr 4 w Lublinie,OTHER / OPEN WORLD,UNKNOWN,171,215102.0475,49.01941520467836
TED,ROU,Municipiul Timisoara,OTHER / OPEN WORLD,UNKNOWN,171,6397998.3100000005,48.60023391812865
Belgium,BE,Direction régionale de Liège,OTHER / OPEN WORLD,UNKNOWN,171,,39.76842105263158
Canada federal,Canada,Department of Public Works and Government Services (PSPC),Hardware / AV resale,OPEN_PUBLIC,170,285165.5,67.51917647058823
Quebec,Canada - Quebec,Ministère de la Sécurité publique,OTHER / OPEN WORLD,DIRECT_NONCOMPETITIVE,170,100033.0,57.31388235294118
TED,HUN,Fővárosi Vízművek Zártkörűen Működő Részvénytársaság,OTHER / OPEN WORLD,UNKNOWN,170,42500000.0,54.498
TED,SWE,Inköpssamverkan Motala,OTHER / OPEN WORLD,UNKNOWN,170,6000000.0,54.14341176470588
Quebec,Canada - Quebec,CISSS de Chaudière-Appalaches,OTHER / OPEN WORLD,OPEN_PUBLIC,170,265116.0,52.946705882352944
Quebec,Canada - Quebec,Réseau de Transport Métropolitain (EXO),OTHER / OPEN WORLD,OPEN_PUBLIC,170,429896.355,52.68341176470588
TED,ESP,Hospital Universitario Ramón y Cajal,OTHER / OPEN WORLD,UNKNOWN,170,310196.57,49.72870588235294
France,France,REGION CENTRE VAL DE LOIRE,OTHER / OPEN WORLD,OPEN_PUBLIC,170,400000.0,48.943294117647056
United Kingdom,United Kingdom,Birmingham Women's and Children's NHS Foundation Trust,OTHER / OPEN WORLD,DIRECT_NONCOMPETITIVE,170,28303.35,47.051764705882356
Quebec,Canada - Quebec,SQI-Direction immobilière Centre-ville de Québec,OTHER / OPEN WORLD,DIRECT_NONCOMPETITIVE,169,42347.0,54.37905325443787
Germany,Germany,Bundesrepublik Deutschland vertreten durch das Staatliche Baumanagement Niedersachsen,OTHER / OPEN WORLD,OPEN_PUBLIC,169,444931.0,54.14248520710059
TED,ITA,Consip S.p.A.,OTHER / OPEN WORLD,UNKNOWN,169,79924366.26,53.72792899408284
TED,ESP,Dirección Gerencia Hospital Universitario de Gran Canaria Doctor Negrín,OTHER / OPEN WORLD,UNKNOWN,169,140396.7375,53.55313609467456
TED,GRC,ΕΤΑΙΡΙΑ ΥΔΡΕΥΣΕΩΣ ΚΑΙ ΑΠΟΧΕΤΕΥΣΕΩΣ ΠΡΩΤΕΥΟΥΣΗΣ Α.Ε. (Ε.ΥΔ.Α.Π. Α.Ε.),OTHER / OPEN WORLD,UNKNOWN,169,440000.0,53.283313609467456
TED,SWE,Region Gävleborg,OTHER / OPEN WORLD,UNKNOWN,169,10000000.0,53.26615384615385
TED,SVN,"Javni holding Maribor, družba za izvajanje strokovnih in razvojnih nalog na področju gospodarskih javnih služb d.o.o.",OTHER / OPEN WORLD,UNKNOWN,169,99417.655,50.2214201183432
TED,ESP,ADIF-ALTA VELOCIDAD,OTHER / OPEN WORLD,UNKNOWN,169,5362907.42,49.721775147928994
Germany,Germany,Magistrat der Stadt Kassel,OTHER / OPEN WORLD,OPEN_PUBLIC,169,214056.51,49.28142011834319
TED,NOR,Bærum kommune,OTHER / OPEN WORLD,UNKNOWN,169,17014000.0,47.92260355029586
France,France,Communauté Urbaine Caen La Mer,OTHER / OPEN WORLD,OPEN_PUBLIC,169,537500.0,46.02224852071006
France,France,Ville de Lille,OTHER / OPEN WORLD,OPEN_PUBLIC,169,137277.5,43.865798816568045
Belgium,BE,RADIO-TELEVISION BELGE DE LA COMMUNAUTE FRANCAISE,OTHER / OPEN WORLD,UNKNOWN,169,,41.332307692307694
Belgium,BE,Roeselare,OTHER / OPEN WORLD,UNKNOWN,169,,41.04792899408284
Quebec,Canada - Quebec,Ville de Repentigny.,OTHER / OPEN WORLD,OPEN_PUBLIC,168,371706.12,53.97666666666667
TED,ESP,Consorci Sanitari Integral,OTHER / OPEN WORLD,UNKNOWN,168,392035.365,52.972142857142856
Canada federal,Canada,Department of Public Works and Government Services (PSPC),OTHER / OPEN WORLD,DIRECT_NONCOMPETITIVE,168,314384.66000000003,49.378214285714286
TED,POL,UNIWERSYTET MEDYCZNY W BIAŁYMSTOKU,OTHER / OPEN WORLD,UNKNOWN,168,125000.0,46.8825
TED,FI,Puolustusvoimat,OTHER / OPEN WORLD,UNKNOWN,168,995.0,41.17190476190476
TED,CZE,Univerzita Tomáše Bati ve Zlíně,OTHER / OPEN WORLD,UNKNOWN,167,995960.0,55.66047904191617
TED,ESP,Gerencia Regional de Salud de Castilla y León,OTHER / OPEN WORLD,UNKNOWN,167,789599.0,54.8711377245509
Quebec,Canada - Quebec,Université du Québec à Montréal,OTHER / OPEN WORLD,OPEN_PUBLIC,167,308121.5,54.79329341317365
TED,BGR,"МНОГОПРОФИЛНА БОЛНИЦА ЗА АКТИВНО ЛЕЧЕНИЕ ""СВЕТА АННА"" СОФИЯ АД",OTHER / OPEN WORLD,UNKNOWN,167,326793.14,53.84766467065868
TED,ESP,División Económica y Técnica (Cuerpo Nacional de Policía),OTHER / OPEN WORLD,UNKNOWN,167,371247.1325,52.77161676646707
TED,EST,Transpordiamet,OTHER / OPEN WORLD,UNKNOWN,167,408350.5,52.64431137724551
TED,ESP,"Consejería de Familia, Juventud y Asuntos Sociales",OTHER / OPEN WORLD,UNKNOWN,167,1672632.81,51.2497005988024
TED,ESP,"Gerencia de la Entidad Estatal de Derecho Público Trabajo Penitenciario y Formación para el Empleo, M.P.",OTHER / OPEN WORLD,UNKNOWN,167,234253.215,50.95125748502994
Germany,Germany,GWQ ServicePlus AG,OTHER / OPEN WORLD,OPEN_PUBLIC,167,0.0,46.94826347305389
France,France,Mairie de Perpignan,OTHER / OPEN WORLD,OPEN_PUBLIC,167,464416.52,46.769700598802395
TED,FIN,Satakunnan hyvinvointialue,OTHER / OPEN WORLD,UNKNOWN,167,649000.0,45.82203592814371
TED,NOR,Oslo Universitetssykehus HF (hovedenhet),OTHER / OPEN WORLD,UNKNOWN,167,5600000.0,45.193652694610776
France,France,Mairie de Metz,OTHER / OPEN WORLD,OPEN_PUBLIC,167,500000.0,44.296407185628745
TED,ESP,"BARCELONA DE SERVEIS MUNICIPALS, S.A.",OTHER / OPEN WORLD,UNKNOWN,166,505800.0,52.75493975903615
Belgium,BE,Provincie Limburg,OTHER / OPEN WORLD,UNKNOWN,166,,41.14096385542169
TenderNed,Netherlands,Gemeente Oldambt,OTHER / OPEN WORLD,UNKNOWN,166,87.5,38.76481927710844
Quebec,Canada - Quebec,Ministère de la Cybersécurité et du Numérique - Direction générale des services contractuels,OTHER / OPEN WORLD,OPEN_PUBLIC,165,1242549.0,55.65054545454545
TED,POL,Centrum Zakupów dla Sądownictwa Instytucja Gospodarki Budżetowej reprezentująca Sąd Apelacyjny w Krakowie,OTHER / OPEN WORLD,UNKNOWN,165,928596.48,55.04606060606061
TED,HUN,Szegedi Tudományegyetem,OTHER / OPEN WORLD,UNKNOWN,165,70530000.0,53.615878787878785
Quebec,Canada - Quebec,Ville de Granby,OTHER / OPEN WORLD,OPEN_PUBLIC,165,431166.14,53.2590303030303
TED,BGR,"УНИВЕРСИТЕТСКА МНОГОПРОФИЛНА БОЛНИЦА ЗА АКТИВНО ЛЕЧЕНИЕ ""ЦАРИЦА ЙОАННА-ИСУЛ"" ЕАД",OTHER / OPEN WORLD,UNKNOWN,165,101186.16,51.37745454545455
TED,POL,Agencja Restrukturyzacji i Modernizacji Rolnictwa,OTHER / OPEN WORLD,UNKNOWN,165,977119.38,50.40775757575758
Germany,Germany,"Landeshauptstadt Magdeburg, Die Oberbürgermeisterin",OTHER / OPEN WORLD,OPEN_PUBLIC,165,239409.275,48.67757575757576
TenderNed,Netherlands,Zorginstituut Nederland,OTHER / OPEN WORLD,UNKNOWN,165,212000.0,46.81272727272727
France,France,Département de la Sarthe,OTHER / OPEN WORLD,OPEN_PUBLIC,165,531465.36,46.77163636363636
TED,POL,Skarb Państwa - 2. Wojskowy Oddział Gospodarczy,OTHER / OPEN WORLD,UNKNOWN,165,939316.0,46.570181818181815
France,France,Mairie de Cannes,OTHER / OPEN WORLD,OPEN_PUBLIC,165,96510.0,46.18545454545455
France,France,Lorient Agglomération,OTHER / OPEN WORLD,OPEN_PUBLIC,165,400000.0,46.17527272727273
United Kingdom,United Kingdom,MEDWAY NHS FOUNDATION TRUST,OTHER / OPEN WORLD,DIRECT_NONCOMPETITIVE,165,20560.0,46.155272727272724
Belgium,BE,Central Office of Sociale and Cultural Action of the Ministry of Defense,OTHER / OPEN WORLD,UNKNOWN,165,,40.694545454545455
Quebec,Canada - Quebec,SQI - Gestion de projets,OTHER / OPEN WORLD,DIRECT_NONCOMPETITIVE,164,41518.0,55.606219512195125
Quebec,Canada - Quebec,Centre de services scolaire des Trois-Lacs,OTHER / OPEN WORLD,OPEN_PUBLIC,164,255135.0,53.057073170731705
TED,SVK,"LESY Slovenskej republiky, štátny podnik",OTHER / OPEN WORLD,UNKNOWN,164,552740.715,52.229878048780485
TED,EST,Riigimetsa Majandamise Keskus,OTHER / OPEN WORLD,UNKNOWN,164,300000.0,51.98268292682927
Germany,Germany,Kommunaler Immobilien Service Potsdam (KIS) Eigenbetrieb der Landeshauptstadt Potsdam,OTHER / OPEN WORLD,OPEN_PUBLIC,164,279970.0,51.44621951219512
TED,LVA,Augšdaugavas novada pašvaldības Centrālā pārvalde,OTHER / OPEN WORLD,UNKNOWN,164,37582.5575,44.08048780487805
Germany,Germany,"Land Hessen, vertreten durch die Hessische Zentrale für Datenverarbeitung",OTHER / OPEN WORLD,OPEN_PUBLIC,163,2893440.0,61.0439263803681
Quebec,Canada - Quebec,"SQI-Direction immobilière Mauricie, Centre-du-Québec",OTHER / OPEN WORLD,DIRECT_NONCOMPETITIVE,163,44710.51,54.518159509202455
TED,ESP,Consejería de Hacienda de la Ciudad Autónoma de Melilla,OTHER / OPEN WORLD,UNKNOWN,163,878544.46,50.855828220858896
TED,LT,Viešoji įstaiga CPO LT,OTHER / OPEN WORLD,UNKNOWN,163,79338.84,47.190306748466256
TED,POL,Instytut Hodowli i Aklimatyzacji Roślin - Państwowy Instytut Badawczy,OTHER / OPEN WORLD,UNKNOWN,163,139359.0,47.14441717791411
Belgium,BE,Namur,OTHER / OPEN WORLD,UNKNOWN,163,,40.89398773006135
TenderNed,Netherlands,Gemeente Maashorst,OTHER / OPEN WORLD,UNKNOWN,163,110.0,40.39447852760736
TED,BGR,ВОДОСНАБДЯВАНЕ И КАНАЛИЗАЦИЯ ЕАД,OTHER / OPEN WORLD,UNKNOWN,162,549943.76,52.837283950617284
Quebec,Canada - Quebec,Ville de Westmount,OTHER / OPEN WORLD,OPEN_PUBLIC,162,337607.99,51.32567901234568
United Kingdom,United Kingdom,University Hospitals Birmingham NHS Foundation Trust,OTHER / OPEN WORLD,DIRECT_NONCOMPETITIVE,162,28000.0,48.42654320987654
TED,LTU,Vilniaus rajono savivaldybės administracija,OTHER / OPEN WORLD,UNKNOWN,162,78192.775,47.577530864197534
TED,LVA,Valsts ieņēmumu dienests,OTHER / OPEN WORLD,UNKNOWN,162,423603.0,47.01530864197531
TED,FIN,Jyväskylän kaupunki,OTHER / OPEN WORLD,UNKNOWN,162,529000.0,46.471358024691355
Germany,Germany,Emschergenossenschaft,OTHER / OPEN WORLD,OPEN_PUBLIC,162,1385616.8399999999,46.376296296296296
Belgium,BE,Centre Hospitalier Universitaire de Liège,OTHER / OPEN WORLD,UNKNOWN,162,,39.986666666666665
Quebec,Canada - Quebec,Institut de recherche du centre Universitaire de santé McGill.,OTHER / OPEN WORLD,DIRECT_NONCOMPETITIVE,161,64732.0,55.96074534161491
TED,ESP,"Dirección General de IBERMUTUA, Mutua Colaboradora con la Seguridad Social nº 274",OTHER / OPEN WORLD,UNKNOWN,161,320954.38,53.270434782608696
TED,SWE,Skellefteå kommun,OTHER / OPEN WORLD,UNKNOWN,161,6500000.0,53.036149068322985
TED,CHE,"Office fédéral des routes OFROU, Division Infrastructure routière Ouest, filiale Estavayer-le-Lac",OTHER / OPEN WORLD,UNKNOWN,161,1880291.4,51.93366459627329
TED,CZE,"ČEPS, a.s.",OTHER / OPEN WORLD,UNKNOWN,161,63844537.0,50.77428571428572
Germany,Germany,Stadt Kaufbeuren,OTHER / OPEN WORLD,OPEN_PUBLIC,161,103290.39,48.89565217391304
TED,POL,Uniwersytet Jana Kochanowskiego w Kielcach,OTHER / OPEN WORLD,UNKNOWN,161,50282.4,45.75254658385093
Canada federal,Canada,Department of National Defence,OTHER / OPEN WORLD,COMPETITIVE_OTHER,161,124114.68,44.45465838509317
Ireland,Ireland,Munster Technological University.,OTHER / OPEN WORLD,OPEN_PUBLIC,160,138120.0,54.09925
TED,SWE,Växjö kommun,OTHER / OPEN WORLD,UNKNOWN,160,6000000.0,53.464125
Quebec,Canada - Quebec,Ville de Saint-Hyacinthe .,OTHER / OPEN WORLD,OPEN_PUBLIC,160,351383.725,52.998375
TED,BGR,ОБЩИНА ЯМБОЛ,OTHER / OPEN WORLD,UNKNOWN,160,90464.38500000001,51.16575
TED,PL,Górnośląskie Centrum Medyczne im. prof. Leszka Gieca Śląskiego Uniwersytetu Medycznego w Katowicach,OTHER / OPEN WORLD,UNKNOWN,160,87987.5,50.624625
TED,ESP,Agencia Madrileña de Atención Social,OTHER / OPEN WORLD,UNKNOWN,160,750268.0,50.117375
TED,ESP,"Secretaría General de la Consejería de Hacienda, Administraciones Públicas y Transformación Digital de la Junta de Comunidades de Castilla-La Mancha",OTHER / OPEN WORLD,UNKNOWN,160,916598.3500000001,49.118125
TED,PRT,Município de Lisboa,OTHER / OPEN WORLD,UNKNOWN,160,605409.9550000001,48.448875
TED,POL,Politechnika Śląska,OTHER / OPEN WORLD,UNKNOWN,160,290080.2,47.747125
France,France,Tours métropole Val de Loire,OTHER / OPEN WORLD,OPEN_PUBLIC,160,699900.0,46.751
TenderNed,Netherlands,Universiteit Leiden,OTHER / OPEN WORLD,UNKNOWN,160,412476.0,45.7775
TED,NOR,Øvre Romerike Innkjøpssamarbeid,OTHER / OPEN WORLD,UNKNOWN,160,13500000.0,44.059875
Belgium,BE,Turnhout,OTHER / OPEN WORLD,UNKNOWN,160,,41.356625
Belgium,BE,Saint-Ghislain,OTHER / OPEN WORLD,UNKNOWN,160,,40.5185
United Kingdom,United Kingdom,Scottish Government,OTHER / OPEN WORLD,OPEN_PUBLIC,159,500000.0,59.042264150943396
TED,CZE,"Technologie hlavního města Prahy, a.s.",OTHER / OPEN WORLD,UNKNOWN,159,2164227.145,55.08641509433962
TED,CZE,Olomoucký kraj,OTHER / OPEN WORLD,UNKNOWN,159,4318500.0,53.7051572327044
TED,SWE,Fortifikationsverket,OTHER / OPEN WORLD,UNKNOWN,159,70000000.0,52.450440251572324
Germany,Germany,Technische Universität Darmstadt,OTHER / OPEN WORLD,OPEN_PUBLIC,159,336640.0,51.92603773584906
TED,BGR,ОБЩИНА ШУМЕН,OTHER / OPEN WORLD,UNKNOWN,159,179083.33,51.518490566037734
TED,NOR,Miljødirektoratet,OTHER / OPEN WORLD,UNKNOWN,159,4618500.0,51.18867924528302
TED,POL,Szpital Uniwersytecki nr 1 im. dr. A. Jurasza w Bydgoszczy,OTHER / OPEN WORLD,UNKNOWN,159,190680.0,49.768050314465405
TED,POL,Samodzielny Publiczny Szpital Kliniczny Nr 1 im. prof. S. Szyszko SUM w Katowicach,OTHER / OPEN WORLD,UNKNOWN,159,317196.0,49.7388679245283
TED,LT,"AB ""Lietuvos geležinkeliai""",OTHER / OPEN WORLD,UNKNOWN,159,140000.0,49.33459119496855
France,France,Conseil Départemental de l'Essonne,OTHER / OPEN WORLD,OPEN_PUBLIC,159,1200000.0,49.287924528301886
TED,ESP,Junta de Gobierno del Ayuntamiento de Vigo,OTHER / OPEN WORLD,UNKNOWN,159,661634.73,48.2788679245283
Quebec,Canada - Quebec,Centre de services scolaire Marguerite-Bourgeoys,OTHER / OPEN WORLD,LIMITED_INVITATION,159,41166.5,47.98490566037736
France,France,Communauté Urbaine d'Arras,OTHER / OPEN WORLD,OPEN_PUBLIC,159,600000.0,47.56037735849057
TED,FIN,Tampereen kaupunki,OTHER / OPEN WORLD,UNKNOWN,159,1000000.0,47.276352201257865
France,France,Ville de Toulon,OTHER / OPEN WORLD,OPEN_PUBLIC,159,114590.0,46.56792452830189
Canada federal,Canada,Department of Fisheries and Oceans (DFO),OTHER / OPEN WORLD,OPEN_PUBLIC,159,234482.375,45.817358490566036
TED,LVA,Jelgavas novada pašvaldība,OTHER / OPEN WORLD,UNKNOWN,159,212922.32,45.628553459119495
France,France,CHU AMIENS PICARDIE,OTHER / OPEN WORLD,OPEN_PUBLIC,159,85620.0,43.988301886792456
Quebec,Canada - Quebec,Ville de Montréal - Service du matériel roulant et des ateliers,OTHER / OPEN WORLD,UNKNOWN,158,403010.37,55.02493670886076
TED,SWE,Eskilstuna kommun,OTHER / OPEN WORLD,UNKNOWN,158,6229500.0,53.5606329113924
TED,BGR,СОФИЙСКА ВОДА АД,OTHER / OPEN WORLD,UNKNOWN,158,435000.0,53.06936708860759
Quebec,Canada - Quebec,Université de Sherbrooke -Service des ressources financières- Section de l'approvisionnement,OTHER / OPEN WORLD,OPEN_PUBLIC,158,262174.32,52.20278481012658
TED,BG,Електроразпределение Юг ЕАД,OTHER / OPEN WORLD,UNKNOWN,158,311552.96499999997,51.91632911392405
TED,ITA,A.S.L. NAPOLI 1 CENTRO,OTHER / OPEN WORLD,UNKNOWN,158,448950.66000000003,49.44253164556962
TED,POL,1 Wojskowy Szpital Kliniczny z Polikliniką SPZOZ w Lublinie,OTHER / OPEN WORLD,UNKNOWN,158,138885.4,47.933164556962026
TED,NOR,Stavanger kommune,OTHER / OPEN WORLD,UNKNOWN,158,20000000.0,47.83113924050633
TenderNed,Netherlands,Bizob,OTHER / OPEN WORLD,UNKNOWN,158,1104580.0,45.129746835443036
Belgium,BE,Openbaar Domein,OTHER / OPEN WORLD,UNKNOWN,158,,40.971518987341774
United Kingdom,United Kingdom,NHS Lincolnshire Integrated Care Board,Hardware / AV resale,DIRECT_NONCOMPETITIVE,157,65955.0,71.47375796178343
Quebec,Canada - Quebec,Centre de services scolaire des Patriotes,OTHER / OPEN WORLD,DIRECT_NONCOMPETITIVE,157,44054.72,54.88458598726115
TED,HUN,MÁV Szolgáltató Központ Zártkörűen Működő Részvénytársaság,OTHER / OPEN WORLD,UNKNOWN,157,92200000.0,54.720636942675156
TED,ESP,"Dirección General de Renfe Viajeros Sociedad Mercantil Estatal, S.A.",OTHER / OPEN WORLD,UNKNOWN,157,1622868.27,54.19923566878981
TED,ITA,Comune di Milano,OTHER / OPEN WORLD,UNKNOWN,157,1931310.12,53.59210191082803
TED,SWE,Region Kronoberg,OTHER / OPEN WORLD,UNKNOWN,157,8000000.0,52.704331210191086
Germany,Germany,WiBau Gesellschaft mbH,OTHER / OPEN WORLD,OPEN_PUBLIC,157,352776.27,52.434012738853504
TED,DNK,Energinet Eltransmission A/S,OTHER / OPEN WORLD,UNKNOWN,157,12900000.0,52.40522292993631
TED,POL,Mazowiecki Szpital Specjalistyczny Sp. z o. o.,OTHER / OPEN WORLD,UNKNOWN,157,153988.13,51.594140127388535
Germany,Germany,LWL - Bau- und Liegenschaftsbetrieb (LWL-BLB),OTHER / OPEN WORLD,OPEN_PUBLIC,157,244721.0,50.6915923566879
United Kingdom,United Kingdom,Met Office,OTHER / OPEN WORLD,DIRECT_NONCOMPETITIVE,157,34400.0,50.03592356687898
TED,ESP,Rectorado de la Universidad de Sevilla,OTHER / OPEN WORLD,UNKNOWN,157,168304.005,48.2852229299363
France,France,COLLECTIVITE TERRITORIALE DE GUYANE,OTHER / OPEN WORLD,OPEN_PUBLIC,157,500000.0,46.84063694267516
Germany,Germany,Landkreis Ludwigslust-Parchim - Der Landrat,OTHER / OPEN WORLD,OPEN_PUBLIC,157,829440.0,46.31006369426752
TED,LTU,Išteklių agentūra prie Lietuvos Respublikos vidaus reikalų ministerijos,OTHER / OPEN WORLD,UNKNOWN,157,98520.0,45.9628025477707
TenderNed,Netherlands,Inkoop Uitvoeringscentrum Dienst Justitiële Inrichtingen (IUC DJI),OTHER / OPEN WORLD,UNKNOWN,157,2125000.0,45.40331210191083
France,France,Collectivite Territoriale De Guyane,OTHER / OPEN WORLD,OPEN_PUBLIC,157,,44.65464968152866
TenderNed,Netherlands,Leids Universitair Medisch Centrum (LUMC),OTHER / OPEN WORLD,UNKNOWN,157,78000.0,42.583694267515924
Quebec,Canada - Quebec,Ville de Matane,OTHER / OPEN WORLD,DIRECT_NONCOMPETITIVE,156,49390.965,54.41615384615385
TED,SWE,"Region Stockholm, Trafiknämnden",OTHER / OPEN WORLD,UNKNOWN,156,48000000.0,53.53076923076923
TED,SVN,"ELES, d. o. o., operater kombiniranega prenosnega in distribucijskega elektroenergetskega omrežja",OTHER / OPEN WORLD,UNKNOWN,156,500000.0,52.963076923076926
TED,HUN,MVM Démász Áramhálózati Kft.,OTHER / OPEN WORLD,UNKNOWN,156,50573250.0,52.758974358974356
TED,PL,Państwowe Gospodarstwo Wodne Wody Polskie,OTHER / OPEN WORLD,UNKNOWN,156,96529.445,50.43615384615384
TED,POL,Wojewódzki Szpital Zespolony w Kielcach,OTHER / OPEN WORLD,UNKNOWN,156,338285.21,50.248333333333335
Germany,Germany,Stadt Leverkusen - Fachbereich Recht und Vergabestelle,OTHER / OPEN WORLD,OPEN_PUBLIC,156,231010.44,50.156410256410254
Germany,Germany,Stuttgarter Straßenbahnen AG,OTHER / OPEN WORLD,OPEN_PUBLIC,156,855711.7050000001,48.31717948717949
TED,AUT,NÖ Landesgesundheitsagentur,OTHER / OPEN WORLD,UNKNOWN,156,412000.0,47.929358974358976
TED,ESP,Centro de Gestion Integrada y Proyectos Corporativos,OTHER / OPEN WORLD,UNKNOWN,156,159898.34,47.07397435897436
France,France,VILLE DE NICE,OTHER / OPEN WORLD,OPEN_PUBLIC,156,140202.35,46.82846153846154
TenderNed,Netherlands,Provincie Utrecht,OTHER / OPEN WORLD,UNKNOWN,156,522095.14,46.04076923076923
TenderNed,Netherlands,Havenbedrijf Rotterdam NV,OTHER / OPEN WORLD,UNKNOWN,156,1700000.0,42.65769230769231
Belgium,BE,Beringen,OTHER / OPEN WORLD,UNKNOWN,156,,41.25038461538462
Quebec,Canada - Quebec,SQI-Direction immobilière Sud de Montréal,OTHER / OPEN WORLD,DIRECT_NONCOMPETITIVE,155,41800.0,54.44064516129032
TED,SWE,Region Halland,OTHER / OPEN WORLD,UNKNOWN,155,10000000.0,53.62722580645161
Quebec,Canada - Quebec,CIUSSS du Centre-Sud-de-l'Île-de-Montréal,OTHER / OPEN WORLD,OPEN_PUBLIC,155,373016.175,53.605548387096775
TED,SVN,MINISTRSTVO ZA JAVNO UPRAVO,OTHER / OPEN WORLD,UNKNOWN,155,664084.04,52.26412903225806
TED,BGR,Дирекция Управление на собствеността и социални дейности /ДУССД/ към Министерство на вътрешните работи - МВР,OTHER / OPEN WORLD,UNKNOWN,155,293277.0,51.28348387096774
Germany,Germany,Stadt Aschaffenburg,OTHER / OPEN WORLD,OPEN_PUBLIC,155,197754.2,47.624
TED,POL,Samodzielny Publiczny Szpital Wojewódzki im. Papieża Jana Pawła II w Zamościu,OTHER / OPEN WORLD,UNKNOWN,155,115000.0,47.286967741935484
United Kingdom,United Kingdom,West Northamptonshire Council,OTHER / OPEN WORLD,COMPETITIVE_OTHER,155,54611.0,43.75845161290322
TED,CZ,Všeobecná fakultní nemocnice v Praze,OTHER / OPEN WORLD,UNKNOWN,154,2993288.0,54.7774025974026
Quebec,Canada - Quebec,Ville de Saint-Eustache.,OTHER / OPEN WORLD,OPEN_PUBLIC,154,271953.82,53.25363636363636
TED,PRT,Estado Maior da Força Aérea,OTHER / OPEN WORLD,UNKNOWN,154,400000.0,52.18844155844156
Germany,Germany,Stadt Trier,OTHER / OPEN WORLD,OPEN_PUBLIC,154,132354.35499999998,51.44376623376623
United Kingdom,United Kingdom,Leeds City Council,OTHER / OPEN WORLD,OPEN_PUBLIC,154,120000.0,51.34324675324675
TED,POL,Uniwersytecki Szpital Kliniczny im. Fryderyka Chopina w Rzeszowie,OTHER / OPEN WORLD,UNKNOWN,154,593754.56,50.58961038961039
TED,BGR,ОБЩИНА ПЕРНИК,OTHER / OPEN WORLD,UNKNOWN,154,188963.015,50.252857142857145
Germany,Germany,Staatliches Bauamt Bayreuth,OTHER / OPEN WORLD,OPEN_PUBLIC,154,251789.11,50.146493506493506
TED,POL,Samodzielny Publiczny Zakład Opieki Zdrowotnej Wojewódzki Szpital Specjalistyczny Nr 3 w Rybniku,OTHER / OPEN WORLD,UNKNOWN,154,209940.0,49.63233766233766
TED,PL,Akademia Górniczo - Hutnicza im. Stanisława Staszica w Krakowie,OTHER / OPEN WORLD,UNKNOWN,154,62818.0,49.59103896103896
TED,DNK,Region Sjælland,OTHER / OPEN WORLD,UNKNOWN,154,19000000.0,49.50688311688312
France,France,HUS-Etablissement support du GHT 10,OTHER / OPEN WORLD,OPEN_PUBLIC,154,316000.0,44.748441558441556
Belgium,BE,"SPF Economie, PME, Classes moyennes et Energie",OTHER / OPEN WORLD,UNKNOWN,154,,42.094025974025975
Belgium,BE,Torhout,OTHER / OPEN WORLD,UNKNOWN,154,,41.0525974025974
Quebec,Canada - Quebec,Ville de La Prairie,OTHER / OPEN WORLD,DIRECT_NONCOMPETITIVE,153,45702.58,54.72
Quebec,Canada - Quebec,Ville de Saint-Jérôme.,OTHER / OPEN WORLD,OPEN_PUBLIC,153,391259.33,54.46156862745098
TED,SWE,Karlstads kommun,OTHER / OPEN WORLD,UNKNOWN,153,10000000.0,53.96326797385621
Germany,Germany,"Landesamt für innere Verwaltung M-V, Abteilung Beschaffung/Dienstleistungen",OTHER / OPEN WORLD,OPEN_PUBLIC,153,302930.53,53.38183006535948
TED,ITA,PROVINCIA DI PISTOIA - STAZIONE UNICA APPALTANTE,OTHER / OPEN WORLD,UNKNOWN,153,1159970.0,53.36705882352941
Germany,Germany,"Staatliches Bauamt Erlangen-Nürnberg, Technische Geschäftsleitung, SG Bau",OTHER / OPEN WORLD,OPEN_PUBLIC,153,559544.905,52.448235294117644
TED,CZE,VŠEOBECNÁ ZDRAVOTNÍ POJIŠŤOVNA ČESKÉ REPUBLIKY,OTHER / OPEN WORLD,UNKNOWN,153,3708430.69,52.22575163398693
Quebec,Canada - Quebec,CIUSSS du Saguenay - Lac-Saint-Jean,OTHER / OPEN WORLD,OPEN_PUBLIC,153,380000.0,52.097908496732025
TED,PRT,Secretaria-Geral do Ministério da Administração Interna,OTHER / OPEN WORLD,UNKNOWN,153,528893.0,51.735424836601304
United Kingdom,United Kingdom,Middlesbrough Council,OTHER / OPEN WORLD,DIRECT_NONCOMPETITIVE,153,83333.33,51.329019607843136
TED,ESP,Presidencia de la Diputación Provincial de Alicante,OTHER / OPEN WORLD,UNKNOWN,153,142424.4,50.58549019607843
TED,POL,Instytut „Centrum Zdrowia Matki Polki”,OTHER / OPEN WORLD,UNKNOWN,153,310200.0,49.402091503267975
TED,AUT,Stadt Wien - Wiener Gesundheitsverbund,OTHER / OPEN WORLD,UNKNOWN,153,599994.73,48.30444444444444
TED,POL,Szpital Wojewódzki w Bielsku-Białej,OTHER / OPEN WORLD,UNKNOWN,153,219197.16,48.18274509803921
TED,FIN,Vantaan ja Keravan hyvinvointialue,OTHER / OPEN WORLD,UNKNOWN,153,1350000.0,46.62901960784314
United Kingdom,United Kingdom,The Mayor and Commonalty and Citizens of the City of London,OTHER / OPEN WORLD,COMPETITIVE_OTHER,153,51711.86,46.26562091503268
Belgium,BE,Uccle,OTHER / OPEN WORLD,UNKNOWN,153,,40.81411764705882
TED,ESP,NATURGY ENERGY GROUP,OTHER / OPEN WORLD,UNKNOWN,152,1041923.55,57.216842105263154
TED,ESP,Gerencia de Ferrocarrils de la Generalitat Valenciana,OTHER / OPEN WORLD,UNKNOWN,152,1009987.03,55.62315789473684
TED,CZE,"ČEPRO, a.s.",OTHER / OPEN WORLD,UNKNOWN,152,6687769.0,54.573815789473684
Quebec,Canada - Quebec,CISSS Montérégie-Ouest,OTHER / OPEN WORLD,OPEN_PUBLIC,152,424985.0,53.04223684210526
TED,CZE,"Ústav organické chemie a biochemie AV ČR, v. v. i.",OTHER / OPEN WORLD,UNKNOWN,152,608819.0,52.46631578947368
TED,ROU,"Universitatea de Medicina si Farmacie ""Iuliu Hatieganu"" Cluj-Napoca",OTHER / OPEN WORLD,UNKNOWN,152,50000.0,51.865526315789474
TED,ITA,COMUNE DI LIVORNO - Ufficio Gare e Contratti,OTHER / OPEN WORLD,UNKNOWN,152,472376.385,50.84710526315789
TED,POL,Wojewódzki Szpital Specjalistyczny im. Janusza Korczaka w Słupsku Sp. z o. o.,OTHER / OPEN WORLD,UNKNOWN,152,240427.0,50.418684210526315
TED,ESP,Institut Català de la Salut,OTHER / OPEN WORLD,UNKNOWN,152,1407978.7650000001,50.2225
TED,FIN,"Helsingin kaupungin sosiaali-, terveys- ja pelastustoimiala",OTHER / OPEN WORLD,UNKNOWN,152,2000000.0,50.102105263157895
TED,POL,Mazowiecki Szpital Bródnowski Spółka z ograniczoną odpowiedzialnością,OTHER / OPEN WORLD,UNKNOWN,152,398871.8125,49.73144736842105
Germany,Germany,Universitätsklinikum Köln AöR,OTHER / OPEN WORLD,OPEN_PUBLIC,152,344714.36,45.566842105263156
France,France,REGION AUVERGNE RHONE ALPES,OTHER / OPEN WORLD,OPEN_PUBLIC,152,840000.0,45.366578947368424
TED,AUT,Austrian Power Grid AG,OTHER / OPEN WORLD,UNKNOWN,152,2125530.0,44.30736842105263
Belgium,BE,Provincie Vlaams-Brabant,OTHER / OPEN WORLD,UNKNOWN,152,,41.23921052631579
United Kingdom,United Kingdom,Nottingham City Council,OTHER / OPEN WORLD,OPEN_PUBLIC,151,1502000.0,55.40781456953643
Quebec,Canada - Quebec,SQI-Direction immobilière Nord de Montréal,OTHER / OPEN WORLD,DIRECT_NONCOMPETITIVE,151,50000.0,54.6364238410596
TED,CZ,Fakultní nemocnice Hradec Králové,OTHER / OPEN WORLD,UNKNOWN,151,7717802.5,54.307814569536426
TED,SWE,Försvarsmakten,OTHER / OPEN WORLD,UNKNOWN,151,40000000.0,53.07880794701987
Quebec,Canada - Quebec,Ville de Châteauguay.,OTHER / OPEN WORLD,OPEN_PUBLIC,151,369710.735,52.7394701986755
TED,SWE,VA SYD,OTHER / OPEN WORLD,UNKNOWN,151,12500000.0,52.40728476821192
Ireland,Ireland,Cork City Council,OTHER / OPEN WORLD,OPEN_PUBLIC,151,250000.0,51.62185430463576
TED,AUT,Österreichische Gesundheitskasse - ÖGK,OTHER / OPEN WORLD,UNKNOWN,151,321111.26,51.306225165562914
TED,POL,UNIWERSYTECKI SZPITAL KLINICZNY W POZNANIU,OTHER / OPEN WORLD,UNKNOWN,151,697500.3200000001,51.25086092715232
TED,POL,Warszawski Szpital Południowy spółka z ograniczoną odpowiedzialnością,OTHER / OPEN WORLD,UNKNOWN,151,144434.34,50.35072847682119
Germany,Germany,TenneT TSO GmbH,OTHER / OPEN WORLD,COMPETITIVE_OTHER,151,475000.0,48.797350993377485
TED,FIN,Helsingin kaupunki,OTHER / OPEN WORLD,UNKNOWN,151,1500000.0,48.07046357615894
France,France,Département de la Vendée,OTHER / OPEN WORLD,OPEN_PUBLIC,151,330000.0,48.01245033112583
TED,ITA,Città metropolitana di Genova,OTHER / OPEN WORLD,UNKNOWN,151,377151.84,47.327019867549666
France,France,Région des Pays de la Loire,OTHER / OPEN WORLD,OPEN_PUBLIC,151,678000.0,46.47390728476821
TED,ESP,Dirección de Adquisiciones del Mando de Apoyo Logístico del Ejército del Aire y del Espacio,OTHER / OPEN WORLD,UNKNOWN,150,795374.81,55.11346666666667
TED,BGR,ПРИСТАНИЩЕ ВАРНА ЕАД,OTHER / OPEN WORLD,UNKNOWN,150,150000.0,54.382933333333334
Quebec,Canada - Quebec,Centre de services scolaire du Val-des-Cerfs.,OTHER / OPEN WORLD,OPEN_PUBLIC,150,286455.0,53.28973333333333
TED,CZE,"Technická správa komunikací hl. m. Prahy, a.s.",OTHER / OPEN WORLD,UNKNOWN,150,15243315.33,53.1168
TED,SWE,Kriminalvården,OTHER / OPEN WORLD,UNKNOWN,150,25000000.0,53.05506666666667
Germany,Germany,Bau- und Liegenschaftsbetrieb NRW Düsseldorf,OTHER / OPEN WORLD,OPEN_PUBLIC,150,467709.935,51.547466666666665
TED,BG,ОБЩИНА ВАРНА,OTHER / OPEN WORLD,UNKNOWN,150,79341.16500000001,48.9664
TED,FIN,Veikkaus Oy,OTHER / OPEN WORLD,UNKNOWN,150,500000.0,47.044533333333334
Germany,Germany,Stadt Frankfurt am Main - Amt für Bau und Immobilien,OTHER / OPEN WORLD,OPEN_PUBLIC,150,0.01,45.3244
France,France,Commune de Cherbourg-en-Cotentin,OTHER / OPEN WORLD,OPEN_PUBLIC,150,110000.0,44.2
TenderNed,Netherlands,Gemeente Dordrecht | Bedrijfsvoering Drechtsteden,OTHER / OPEN WORLD,UNKNOWN,150,450000.0,44.0244
TenderNed,Netherlands,Gemeente Zaanstad,OTHER / OPEN WORLD,UNKNOWN,150,25000.5,42.8896
Belgium,BE,Hainaut Gestion du Patrimoine,OTHER / OPEN WORLD,UNKNOWN,150,,40.826
Ireland,Ireland,Dublin City Council,OTHER / OPEN WORLD,OPEN_PUBLIC,149,923829.0,56.56671140939597
TED,SWE,Försäkringskassan,OTHER / OPEN WORLD,UNKNOWN,149,7000000.0,55.75046979865772
Quebec,Canada - Quebec,Institut national de santé publique du Québec.,OTHER / OPEN WORLD,DIRECT_NONCOMPETITIVE,149,52999.0,55.10912751677852
TED,AUT,"Monopolverwaltung für Wien, Niederösterreich und Burgenland",OTHER / OPEN WORLD,UNKNOWN,149,34469350.894999996,54.122953020134226
TED,ESP,HOSPITAL CLINICO SAN CARLOS DE MADRID,OTHER / OPEN WORLD,UNKNOWN,149,158008.0,53.73395973154362
TED,ITA,Agenzia per i contratti pubblici – ACP - Stazione unica appaltante Servizi e forniture,OTHER / OPEN WORLD,UNKNOWN,149,2269165.855,52.00456375838926
TED,SWE,Region Norrbotten,OTHER / OPEN WORLD,UNKNOWN,149,10000000.0,51.13718120805369
Germany,Germany,Deutsches Elektronen-Synchrotron DESY,OTHER / OPEN WORLD,OPEN_PUBLIC,149,800000.0,48.23422818791946
France,France,Commune de Saint-Denis,OTHER / OPEN WORLD,OPEN_PUBLIC,149,568072.0,46.793825503355706
France,France,Ville d'Hénin-Beaumont (62),OTHER / OPEN WORLD,OPEN_PUBLIC,149,730000.0,44.54120805369128
TED,LVA,Smiltenes novada pašvaldība,OTHER / OPEN WORLD,UNKNOWN,149,13234.25,44.224161073825506
TenderNed,Netherlands,Maastricht UMC+,OTHER / OPEN WORLD,UNKNOWN,149,1.0,40.98993288590604
Belgium,BE,Belfius Bank NV,OTHER / OPEN WORLD,UNKNOWN,149,,40.972214765100674
Belgium,BE,Vlaamse Landmaatschappij,OTHER / OPEN WORLD,UNKNOWN,149,,40.95771812080537
Quebec,Canada - Quebec,Ville de Montréal - Service du matériel roulant et des ateliers,OTHER / OPEN WORLD,DIRECT_NONCOMPETITIVE,148,56252.445,56.5154054054054
TED,ESP,Consejería de Sanidad del Gobierno de Canarias,OTHER / OPEN WORLD,UNKNOWN,148,1613030.0,56.277432432432434
TED,ESP,Aena. Presidencia. Consejero Delegado,OTHER / OPEN WORLD,UNKNOWN,148,5962808.635,55.34
Quebec,Canada - Quebec,Ville de Saint-Constant.,OTHER / OPEN WORLD,DIRECT_NONCOMPETITIVE,148,54848.37,55.0004054054054
Quebec,Canada - Quebec,Partenariat du Quartier des spectacles,OTHER / OPEN WORLD,DIRECT_NONCOMPETITIVE,148,50035.805,54.7822972972973
TED,CZE,Statutární město Brno,OTHER / OPEN WORLD,UNKNOWN,148,9955700.0,53.26162162162162
United Kingdom,United Kingdom,Newcastle City Council,OTHER / OPEN WORLD,OPEN_PUBLIC,148,561435.74,52.752027027027026
Germany,Germany,Logistik Zentrum Niedersachsen Landesbetrieb - Außenstelle Hannover,OTHER / OPEN WORLD,OPEN_PUBLIC,148,371560.39,50.90310810810811
TED,POL,Samodzielny Publiczny Szpital Kliniczny im. Prof. A. Grucy CMKP,OTHER / OPEN WORLD,UNKNOWN,148,183438.0,50.1327027027027
TED,POL,Uniwersytet im. Adama Mickiewicza w Poznaniu,OTHER / OPEN WORLD,UNKNOWN,148,398350.0,47.0777027027027
Germany,Germany,Staatliches Bau- und Liegenschaftsamt Greifswald,OTHER / OPEN WORLD,OPEN_PUBLIC,148,288673.5,46.80094594594595
TED,POL,Wojewódzkie Centrum Szpitalne Kotliny Jeleniogórskiej,OTHER / OPEN WORLD,UNKNOWN,148,122603.35,46.736486486486484
France,France,Conseil Départemental Haute-Vienne,OTHER / OPEN WORLD,OPEN_PUBLIC,148,390000.0,46.2504054054054
Germany,Germany,DB InfraGO AG – Geschäftsbereich Fahrweg (Bukr 16),OTHER / OPEN WORLD,UNKNOWN,148,1.0,42.84256756756757
Quebec,Canada - Quebec,Revenu Québec,OTHER / OPEN WORLD,OPEN_PUBLIC,147,1179675.0,55.52748299319728
TED,ROU,SPEEH HIDROELECTRICA SA,OTHER / OPEN WORLD,UNKNOWN,147,4581425.0,55.14639455782313
TED,ROU,Compania Nationala Aeroporturi Bucuresti SA,OTHER / OPEN WORLD,UNKNOWN,147,1925525.6949999998,55.119455782312926
Quebec,Canada - Quebec,Ville de Rimouski.,OTHER / OPEN WORLD,OPEN_PUBLIC,147,340527.5,55.03278911564626
Quebec,Canada - Quebec,Municipalité de Saint-Adolphe-d'Howard.,OTHER / OPEN WORLD,DIRECT_NONCOMPETITIVE,147,41269.024999999994,54.96734693877551
Quebec,Canada - Quebec,Centre de services scolaires de la Capitale,OTHER / OPEN WORLD,OPEN_PUBLIC,147,613613.0,54.598775510204085
TED,ITA,Provincia di Macerata,OTHER / OPEN WORLD,UNKNOWN,147,896062.4,53.25224489795919
TED,POL,Miasto Łódź-Urząd Miasta Łodzi,OTHER / OPEN WORLD,UNKNOWN,147,1527701.1600000001,52.932108843537414
TED,ESP,Junta de Gobierno Local del Ayuntamiento de Fuenlabrada,OTHER / OPEN WORLD,UNKNOWN,147,618600.3,52.56
TED,SWE,Sundsvalls kommun,OTHER / OPEN WORLD,UNKNOWN,147,6900000.0,51.93891156462585
United Kingdom,United Kingdom,Durham County Council,OTHER / OPEN WORLD,DIRECT_NONCOMPETITIVE,147,50000.0,51.4352380952381
TED,BGR,ОБЩИНА СВИЩОВ,OTHER / OPEN WORLD,UNKNOWN,147,77699.575,50.16244897959184
TED,ESP,OSAKIDETZA - Servicio Vasco de Salud - Hospital Universitario Araba,OTHER / OPEN WORLD,UNKNOWN,147,130000.0,49.39197278911565
TED,AUT,Oberösterreichische Gesundheitsholding GmbH,OTHER / OPEN WORLD,UNKNOWN,147,747932.0,47.277142857142856
TED,POL,Poczta Polska S.A.,OTHER / OPEN WORLD,UNKNOWN,147,791060.82,46.915510204081635
TED,BGR,МРЕЖОВИ ЕКСПЛОАТАЦИОНЕН РАЙОН - ПЛОВДИВ,OTHER / OPEN WORLD,UNKNOWN,147,16658.34,43.778231292517006
France,France,SEMSAMAR (973),OTHER / OPEN WORLD,OPEN_PUBLIC,147,732530.0,42.42081632653061
TED,AUT,Österreichische Bundesforste AG,OTHER / OPEN WORLD,UNKNOWN,147,235368.0,42.26897959183673
TED,ESP,"Ferrocarril Metropolita de Barcelona, SA",OTHER / OPEN WORLD,UNKNOWN,147,2110323.6,41.212653061224486
Belgium,BE,DGT - Marchés publics,OTHER / OPEN WORLD,UNKNOWN,147,,41.08938775510204
Belgium,BE,Province du Brabant wallon,OTHER / OPEN WORLD,UNKNOWN,147,,40.608163265306125
TED,ESP,Dirección General de Telecomunicaciones y Digitalización,OTHER / OPEN WORLD,UNKNOWN,146,503018.235,53.88315068493151
TED,ITA,AMA S.p.A.,OTHER / OPEN WORLD,UNKNOWN,146,2318032.1,53.20849315068493
TED,ITA,MM S.p.A.,OTHER / OPEN WORLD,UNKNOWN,146,2377614.3899999997,53.12150684931507
TED,SWE,Region Jönköpings Län,OTHER / OPEN WORLD,UNKNOWN,146,10000000.0,52.4972602739726
Germany,Germany,Land Schleswig-Holstein endvertreten durch Gebäudemanagement Schleswig-Holstein AöR,OTHER / OPEN WORLD,OPEN_PUBLIC,146,431440.315,51.363287671232875
TED,PRT,Município de Cascais,OTHER / OPEN WORLD,UNKNOWN,146,517590.3,50.72424657534246
United Kingdom,United Kingdom,"Newry, Mourne and Down District Council (NMD)",OTHER / OPEN WORLD,OPEN_PUBLIC,146,29000.0,49.771369863013696
Germany,Germany,Deutsche Gesetzliche Unfallversicherung e.V.,OTHER / OPEN WORLD,OPEN_PUBLIC,146,215985.44,49.70041095890411
TED,POL,Województwo Dolnośląskie - Urząd Marszałkowski Województwa Dolnośląskiego,OTHER / OPEN WORLD,UNKNOWN,146,224881.14,48.54904109589041
Germany,Germany,Staatliches Bau- und Liegenschaftsamt Schwerin,OTHER / OPEN WORLD,OPEN_PUBLIC,146,214028.76,48.42520547945205
TED,BG,"СОФИЙСКИ УНИВЕРСИТЕТ ""СВ.КЛИМЕНТ ОХРИДСКИ""",OTHER / OPEN WORLD,UNKNOWN,146,63900.0,48.285753424657536
TED,LTU,Viešoji įstaiga Centrinė projektų valdymo agentūra,OTHER / OPEN WORLD,UNKNOWN,146,244800.0,46.95219178082192
France,France,Mairie de Tarbes,OTHER / OPEN WORLD,OPEN_PUBLIC,146,261834.0,46.45178082191781
TenderNed,Netherlands,Waterschap Scheldestromen,OTHER / OPEN WORLD,UNKNOWN,146,600000.0,43.675342465753424
Belgium,BE,AG VESPA,OTHER / OPEN WORLD,UNKNOWN,146,,41.140547945205476
Belgium,BE,Verviers,OTHER / OPEN WORLD,UNKNOWN,146,,40.583287671232874
TED,HRV,HŽ INFRASTRUKTURA d.o.o.,OTHER / OPEN WORLD,UNKNOWN,145,1152515.0,54.44193103448276
TED,IT,INVITALIA,OTHER / OPEN WORLD,UNKNOWN,145,1632228.46,53.25241379310345
TED,CHE,Bundesamt für Bauten und Logistik BBL,OTHER / OPEN WORLD,UNKNOWN,145,5951494.91,52.52593103448276
Germany,Germany,Landkreis Schaumburg - Vergabestelle,OTHER / OPEN WORLD,OPEN_PUBLIC,145,180616.93,51.91158620689655
United Kingdom,United Kingdom,Darlington Borough Council,OTHER / OPEN WORLD,DIRECT_NONCOMPETITIVE,145,103433.0,50.11406896551724
United Kingdom,United Kingdom,Ministry of Justice,OTHER / OPEN WORLD,UNKNOWN,145,6000000.0,50.090758620689655
TED,POL,Uniwersytet Medyczny im. Karola Marcinkowskiego w Poznaniu,OTHER / OPEN WORLD,UNKNOWN,145,261611.18,48.910620689655175
TED,ISL,Fjársýsla ríkisins,OTHER / OPEN WORLD,UNKNOWN,145,60939000.0,48.60524137931034
TED,ESP,Rectorado de la Universidad Miguel Hernández de Elche,OTHER / OPEN WORLD,UNKNOWN,145,167540.815,46.584
TED,FIN,HSY Helsingin seudun ympäristöpalvelut -kuntayhtymä,OTHER / OPEN WORLD,UNKNOWN,145,1456750.0,46.504137931034485
TED,LTU,Vilniaus miesto savivaldybės administracija,OTHER / OPEN WORLD,UNKNOWN,145,102995.3275,46.29765517241379
TenderNed,Netherlands,Gemeente Enschede,OTHER / OPEN WORLD,UNKNOWN,145,1179180.0,44.31820689655172
Belgium,BE,UMONS,OTHER / OPEN WORLD,UNKNOWN,145,,40.77531034482759
Quebec,Canada - Quebec,Ministère des Relations internationales et de la Francophonie,OTHER / OPEN WORLD,DIRECT_NONCOMPETITIVE,144,50477.634999999995,55.3
TED,CZE,"DIAMO, státní podnik",OTHER / OPEN WORLD,UNKNOWN,144,3163664.0,54.10208333333333
Quebec,Canada - Quebec,Ville de Sept-Îles,OTHER / OPEN WORLD,OPEN_PUBLIC,144,344667.94,53.344166666666666
TED,ESP,Sociedad Pública de Infraestructuras y Medio Ambiente de Castilla y León S.A.,OTHER / OPEN WORLD,UNKNOWN,144,784692.45,53.33291666666667
United Kingdom,United Kingdom,"Foreign, Commonwealth and Development Office",OTHER / OPEN WORLD,OPEN_PUBLIC,144,265899.3,52.35138888888889
TED,POL,Szpital Specjalistyczny w Brzozowie Podkarpacki Ośrodek Onkologiczny im.Ks. B.Markiewicza,OTHER / OPEN WORLD,UNKNOWN,144,324442.8,51.10861111111111
Germany,Germany,Friedrich-Schiller-Universität Jena,OTHER / OPEN WORLD,OPEN_PUBLIC,144,190785.0,50.0575
TED,BGR,ОБЩИНА САМОКОВ,OTHER / OPEN WORLD,UNKNOWN,144,97500.0,48.85055555555556
TED,BGR,УНИВЕРСИТЕТ ЗА НАЦИОНАЛНО И СВЕТОВНО СТОПАНСТВО,OTHER / OPEN WORLD,UNKNOWN,144,35653.0,48.567083333333336
France,France,Métropole Aix-Marseille-Provence,OTHER / OPEN WORLD,OPEN_PUBLIC,144,770276.2050000001,47.94916666666666
France,France,Conseil départemental de la Haute-Garonne,OTHER / OPEN WORLD,OPEN_PUBLIC,144,850000.0,47.84041666666667
France,France,LE HAVRE SEINE METROPOLE,OTHER / OPEN WORLD,OPEN_PUBLIC,144,269320.0,46.745
France,France,Mairie d'Aix-en-Provence,OTHER / OPEN WORLD,OPEN_PUBLIC,144,404031.07999999996,46.336666666666666
Germany,Germany,Zweckverband Abfallwirtschaft Region Hannover,OTHER / OPEN WORLD,OPEN_PUBLIC,144,,43.81666666666667
Belgium,BE,VZW VITAZ,OTHER / OPEN WORLD,UNKNOWN,144,,40.9625
Belgium,BE,Administration Communale de la Ville d'Arlon,OTHER / OPEN WORLD,UNKNOWN,144,,40.575
Canada federal,Canada,Parks Canada,Courier / mail fulfilment,OPEN_PUBLIC,143,257364.74,62.65552447552447
TED,PRT,"Instituto de Informática, I.P.",OTHER / OPEN WORLD,UNKNOWN,143,632675.0,59.8406993006993
TED,ESP,Gerencia de Servicios Sanitarios del Área de Salud de Lanzarote,OTHER / OPEN WORLD,UNKNOWN,143,609655.02,58.874405594405594
TED,CZ,"EG.D, a.s.",OTHER / OPEN WORLD,UNKNOWN,143,4281490.0,54.97874125874126
Quebec,Canada - Quebec,Université du Québec à Chicoutimi .,OTHER / OPEN WORLD,DIRECT_NONCOMPETITIVE,143,42474.75,54.945454545454545
Quebec,Canada - Quebec,Commission de la capitale nationale du Québec .,OTHER / OPEN WORLD,DIRECT_NONCOMPETITIVE,143,40875.0,54.63958041958042
TED,ROU,DELGAZ GRID S.A.,OTHER / OPEN WORLD,UNKNOWN,143,9169739.675,54.60895104895105
Quebec,Canada - Quebec,Collège Ahuntsic,OTHER / OPEN WORLD,DIRECT_NONCOMPETITIVE,143,40622.96,54.478041958041956
TED,PRT,"Infraestruturas de Portugal, SA",OTHER / OPEN WORLD,UNKNOWN,143,1000000.0,53.11706293706294
Quebec,Canada - Quebec,Ville de Joliette - Approvisionnement,OTHER / OPEN WORLD,OPEN_PUBLIC,143,171397.83000000002,52.99846153846154
TED,DNK,Københavns Kommune - Økonomiforvaltningen,OTHER / OPEN WORLD,UNKNOWN,143,17000000.0,52.207972027972026
Quebec,Canada - Quebec,Ville de Rouyn-Noranda / Service des acquisitions,OTHER / OPEN WORLD,LIMITED_INVITATION,143,46219.95,51.33356643356643
Canada federal,Canada,Department of National Defense,OTHER / OPEN WORLD,COMPETITIVE_OTHER,143,250359.98,50.04573426573427
United Kingdom,United Kingdom,Secretary of State for Health and Social Care acting as part of the Crown through UK Health Security Agency,OTHER / OPEN WORLD,DIRECT_NONCOMPETITIVE,143,47079.0,49.32713286713287
France,France,Conseil départemental Loire Atlantique,OTHER / OPEN WORLD,OPEN_PUBLIC,143,917781.2,47.89454545454546
France,France,Région Nouvelle-Aquitaine,OTHER / OPEN WORLD,OPEN_PUBLIC,143,454074.0,47.84083916083916
Germany,Germany,Stadt Nürnberg vertreten durch WBG KOMMUNAL GmbH,OTHER / OPEN WORLD,OPEN_PUBLIC,143,53565.91,46.77734265734266
TED,AUT,ÖBB-Holding AG mit allen verbundenen Unternehmen,OTHER / OPEN WORLD,UNKNOWN,143,1083330.525,46.17426573426573
TenderNed,Netherlands,Gemeente Venlo,OTHER / OPEN WORLD,UNKNOWN,143,725000.0,45.035524475524475
TenderNed,Netherlands,Gemeente Leeuwarden,OTHER / OPEN WORLD,UNKNOWN,143,1012500.0,43.98783216783217
Belgium,BE,CHU Brugmann - Association Hospitalière de Bruxelles et de Schaerbeek,OTHER / OPEN WORLD,UNKNOWN,143,,40.53300699300699
TED,AUT,International Centre for Migration Policy Development (ICMPD),OTHER / OPEN WORLD,UNKNOWN,143,0.0,37.56937062937063
Germany,Germany,Lausitzer und Mitteldeutsche Bergbau-Verwaltungsgesellschaft mbH,OTHER / OPEN WORLD,OPEN_PUBLIC,142,667000.0,56.136338028169014
TED,ROU,"Compania Nationala de Cai Ferate ""CFR"" - SA",OTHER / OPEN WORLD,UNKNOWN,142,15000000.0,54.581408450704224
TED,NOR,Sandnes kommune,OTHER / OPEN WORLD,UNKNOWN,142,8800000.0,52.89281690140845
Germany,Germany,Stadt Wolfsburg,OTHER / OPEN WORLD,OPEN_PUBLIC,142,305378.75,52.38070422535211
TED,ESP,"Empresa Pública para la Gestión del Turismo y del Deporte de Andalucía, S.A.",OTHER / OPEN WORLD,UNKNOWN,142,505944.0,51.45169014084507
TED,PL,PGE Energia Ciepła S.A.,OTHER / OPEN WORLD,UNKNOWN,142,807180.0,51.305211267605635
TED,POL,Jednostka Wojskowa Nr 6021,OTHER / OPEN WORLD,UNKNOWN,142,552708.4750000001,50.75352112676056
TED,LTU,AB Via Lietuva (PV),OTHER / OPEN WORLD,UNKNOWN,142,86020.0,46.82816901408451
France,France,Conseil départemental du Cantal,OTHER / OPEN WORLD,OPEN_PUBLIC,142,132287.875,45.91112676056338
France,France,VILLE DE PARIS,OTHER / OPEN WORLD,OPEN_PUBLIC,142,1550000.0,45.527464788732395
TED,AUT,HOLDING GRAZ - KOMMUNALE DIENSTLEISTUNGEN GMBH,OTHER / OPEN WORLD,UNKNOWN,142,817196.94,45.3512676056338
TED,LUX,Société Nationale des Chemins de Fer Luxembourgeois,OTHER / OPEN WORLD,UNKNOWN,142,2359800.0,44.95112676056338
TED,CZE,Masarykův onkologický ústav,OTHER / OPEN WORLD,UNKNOWN,141,7077201.75,56.053617021276594
TED,CZE,"Správa silnic Moravskoslezského kraje, příspěvková organizace",OTHER / OPEN WORLD,UNKNOWN,141,6150000.0,53.67078014184397
TED,ROU,UM 0929 Bucuresti,OTHER / OPEN WORLD,UNKNOWN,141,454665.5,53.153617021276595
TED,POL,Centrum e-Zdrowia,OTHER / OPEN WORLD,UNKNOWN,141,3905407.88,50.90425531914894
TED,POL,Aquanet S.A.,OTHER / OPEN WORLD,UNKNOWN,141,357500.0,50.292198581560285
France,France,GRENOBLE ALPES METROPOLE,OTHER / OPEN WORLD,OPEN_PUBLIC,141,510200.0,48.13489361702128
France,France,Conseil Départemental de la Mayenne,OTHER / OPEN WORLD,OPEN_PUBLIC,141,676465.0,48.04723404255319
United Kingdom,United Kingdom,University of the West of England,OTHER / OPEN WORLD,UNKNOWN,141,40227.55,47.473617021276596
France,France,Communauté d'Agglomération des Pays de Lérins (06),OTHER / OPEN WORLD,OPEN_PUBLIC,141,485000.0,46.43191489361702
TED,PRT,"Unidade Local de Saúde do Alentejo Central, E. P. E.",OTHER / OPEN WORLD,UNKNOWN,141,139248.34,46.38808510638298
TED,POL,Spółka Restrukturyzacji Kopalń S.A.,OTHER / OPEN WORLD,UNKNOWN,141,1189500.0,46.34510638297872
TED,POL,Komenda Wojewódzka Policji w Opolu,OTHER / OPEN WORLD,UNKNOWN,141,268758.92,45.016879432624116
France,France,Ville de Gap,OTHER / OPEN WORLD,OPEN_PUBLIC,141,700000.0,44.07829787234043
France,France,Commune de Troyes,OTHER / OPEN WORLD,OPEN_PUBLIC,141,335125.0,43.10255319148936
Belgium,BE,Province de Namur - Service des marchés publics,OTHER / OPEN WORLD,UNKNOWN,141,,41.00255319148936
Quebec,Canada - Quebec,SQI-Direction immobilière Nord de Québec,OTHER / OPEN WORLD,DIRECT_NONCOMPETITIVE,140,48896.915,54.293285714285716
TED,SWE,Region Västernorrland,OTHER / OPEN WORLD,UNKNOWN,140,7000000.0,54.224714285714285
Quebec,Canada - Quebec,Direction des acquisitions stratégiques et des unités spécialisées,OTHER / OPEN WORLD,OPEN_PUBLIC,140,54731.33,53.77914285714286
TED,NOR,Norsk Helsenett SF,OTHER / OPEN WORLD,UNKNOWN,140,6000000.0,52.982285714285716
Germany,Germany,Rhein-Neckar-Verkehr GmbH,OTHER / OPEN WORLD,OPEN_PUBLIC,140,168609.31,52.613571428571426
United Kingdom,United Kingdom,Department for Business & Trade,OTHER / OPEN WORLD,DIRECT_NONCOMPETITIVE,140,45000.0,51.07557142857143
United Kingdom,United Kingdom,Westminster City Council,OTHER / OPEN WORLD,UNKNOWN,140,2404634.5,50.51914285714286
TED,SVN,SPLOŠNA BOLNIŠNICA IZOLA OSPEDALE GENERALE ISOLA,OTHER / OPEN WORLD,UNKNOWN,140,46265.6,48.83985714285714
TED,FIN,Servica Oy,OTHER / OPEN WORLD,UNKNOWN,140,849150.0800000001,48.107571428571426
France,France,Conseil Départemental du Cher,OTHER / OPEN WORLD,OPEN_PUBLIC,140,1025000.0,47.863571428571426
TenderNed,Netherlands,RDW,OTHER / OPEN WORLD,UNKNOWN,140,1065000.0,44.86485714285714
France,France,CHU BORDEAUX,OTHER / OPEN WORLD,OPEN_PUBLIC,140,525000.0,44.216
TenderNed,Netherlands,Gemeente Alphen aan den Rijn,OTHER / OPEN WORLD,UNKNOWN,140,600000.0,43.36828571428571
Belgium,BE,Direction régionale de Namur,OTHER / OPEN WORLD,UNKNOWN,140,,40.299285714285716
Germany,Germany,Informationstechnikzentrum Bund (ITZBund),OTHER / OPEN WORLD,OPEN_PUBLIC,139,8341200.0,54.45179856115108
TED,ROU,INSPECTORATUL GENERAL AL POLITIEI ROMANE,OTHER / OPEN WORLD,UNKNOWN,139,1253992.5,54.163309352517985
Quebec,Canada - Quebec,Ville de Thetford Mines.,OTHER / OPEN WORLD,OPEN_PUBLIC,139,133878.04,53.523309352517984
TED,HRV,"Hrvatske vode, pravna osoba za upravljanje vodama",OTHER / OPEN WORLD,UNKNOWN,139,508665.14,53.4305035971223
TED,SWE,Kristianstads kommun,OTHER / OPEN WORLD,UNKNOWN,139,6000000.0,53.195539568345325
TED,SWE,Exploateringskontoret,OTHER / OPEN WORLD,UNKNOWN,139,10000000.0,53.08345323741007
TED,ES,"Servicio Madrileno de Salud, Hospital Universitario La Paz",OTHER / OPEN WORLD,UNKNOWN,139,177172.31,52.94906474820144
TED,HRV,"MINISTARSTVO PROSTORNOGA UREĐENJA, GRADITELJSTVA I DRŽAVNE IMOVINE",OTHER / OPEN WORLD,UNKNOWN,139,300000.0,52.19510791366906
Quebec,Canada - Quebec,Ville de Saint-Augustin-de-Desmaures,OTHER / OPEN WORLD,OPEN_PUBLIC,139,205230.38,52.02359712230216
United Kingdom,United Kingdom,Caerphilly County Borough Council,OTHER / OPEN WORLD,OPEN_PUBLIC,139,133193.0,52.004172661870506
TED,PL,ZAKŁAD ZAMÓWIEŃ PUBLICZNYCH przy MINISTRZE ZDROWIA,OTHER / OPEN WORLD,UNKNOWN,139,235712.9625,51.06201438848921
TED,HRV,KLINIČKI BOLNIČKI CENTAR SPLIT,OTHER / OPEN WORLD,UNKNOWN,139,199800.0,51.0094964028777
TED,SWE,Karlskrona kommun,OTHER / OPEN WORLD,UNKNOWN,139,5000000.0,50.85093525179856
TED,POL,Szpital Wojewódzki w Poznaniu,OTHER / OPEN WORLD,UNKNOWN,139,401861.075,48.60791366906475
TED,FIN,Lahden kaupunki,OTHER / OPEN WORLD,UNKNOWN,139,665000.0,48.20776978417266
Germany,Germany,"LVR-Dezernat Gebäude- und Liegenschaftsmanagement, Umwelt, Energie, Bauen für Menschen GmbH",OTHER / OPEN WORLD,OPEN_PUBLIC,139,0.01,47.15151079136691
France,France,Région Auvergne-Rhône-Alpes,OTHER / OPEN WORLD,OPEN_PUBLIC,139,1600000.0,46.10517985611511
TED,NOR,Lillestrøm Kommune,OTHER / OPEN WORLD,UNKNOWN,139,17500000.0,43.59323741007194
Belgium,BE,District09,OTHER / OPEN WORLD,UNKNOWN,139,,41.56201438848921
Belgium,BE,Maasmechelen,OTHER / OPEN WORLD,UNKNOWN,139,,41.15151079136691
Belgium,BE,SPF Affaires Etrangères,OTHER / OPEN WORLD,UNKNOWN,139,,41.15021582733813
Germany,Germany,Bundesdruckerei GmbH,OTHER / OPEN WORLD,OPEN_PUBLIC,138,1550000.0,56.25260869565217
United Kingdom,United Kingdom,Leicester City Council,OTHER / OPEN WORLD,OPEN_PUBLIC,138,403570.0,55.544347826086955
Quebec,Canada - Quebec,Ville de Joliette - Approvisionnement,OTHER / OPEN WORLD,DIRECT_NONCOMPETITIVE,138,40575.82,54.917826086956524
Quebec,Canada - Quebec,Centre de services scolaire de la région de Sherbrooke.,OTHER / OPEN WORLD,DIRECT_NONCOMPETITIVE,138,40000.0,54.678260869565214
TED,CZE,Ministerstvo práce a sociálních věcí,OTHER / OPEN WORLD,UNKNOWN,138,7134000.0,54.56449275362319
TED,SWE,Kungsbacka kommun,OTHER / OPEN WORLD,UNKNOWN,138,7000000.0,53.60565217391304
Quebec,Canada - Quebec,Centre de services scolaire des Navigateurs,OTHER / OPEN WORLD,OPEN_PUBLIC,138,464750.0,52.778985507246375
TED,RO,REGIA NATIONALA A PADURILOR - ROMSILVA RA,OTHER / OPEN WORLD,UNKNOWN,138,332827.33,52.21492753623188
TED,ITA,Istituto Poligrafico e Zecca dello Stato S.p.A.,OTHER / OPEN WORLD,UNKNOWN,138,1316384.0,51.39739130434783
TED,ESP,Gerencia Sector Sanitario de Zaragoza 3,OTHER / OPEN WORLD,UNKNOWN,138,188800.0,51.28246376811594
Germany,Germany,Handwerkskammer Ostmecklenburg-Vorpommern,OTHER / OPEN WORLD,OPEN_PUBLIC,138,78889.58,50.13405797101449
TED,PRT,Santa Casa da Misericórdia de Lisboa,OTHER / OPEN WORLD,UNKNOWN,138,290762.5,49.58492753623188
France,France,COLLECTIVITE TERRITORIALE MARTINIQUE,OTHER / OPEN WORLD,OPEN_PUBLIC,138,503517.91500000004,47.67913043478261
France,France,Département du Doubs,OTHER / OPEN WORLD,OPEN_PUBLIC,138,385456.32,46.530434782608694
TenderNed,Netherlands,"Ministerie van Defensie, Commando Materieel en IT, Afdeling Inkoop IT",OTHER / OPEN WORLD,UNKNOWN,138,1871364.0,45.32782608695652
TED,LTU,Viešoji įstaiga Lietuvos sveikatos mokslų universiteto Kauno ligoninė,OTHER / OPEN WORLD,UNKNOWN,138,16739.88,42.541014492753625
TenderNed,Netherlands,Gemeente Zoetermeer,OTHER / OPEN WORLD,UNKNOWN,138,1.0,42.1
Belgium,BE,Vlaamse Maatschappij voor Sociaal Wonen,OTHER / OPEN WORLD,UNKNOWN,138,,41.0
TED,BGR,БЪЛГАРСКА НАРОДНА БАНКА,OTHER / OPEN WORLD,UNKNOWN,137,405352.2,53.52467153284672
TED,BGR,СТОЛИЧЕН АВТОТРАНСПОРТ ЕАД,OTHER / OPEN WORLD,UNKNOWN,137,280808.73,53.13941605839416
TED,ROU,"Spital Clinic Judetean de Urgenta ""Pius Brinzeu"" Timisoara",OTHER / OPEN WORLD,UNKNOWN,137,535950.0,52.92160583941606
Quebec,Canada - Quebec,École Polytechnique,OTHER / OPEN WORLD,LIMITED_INVITATION,137,46685.52,52.83138686131387
TED,ESP,Dirección General del INTA,OTHER / OPEN WORLD,UNKNOWN,137,329670.0,52.63124087591241
TED,ESP,Dirección General de Infraestructuras Educativas,OTHER / OPEN WORLD,UNKNOWN,137,843683.52,52.4843795620438
Quebec,Canada - Quebec,Centre intégré universitaire de santé et de services sociaux de l'Estrie - Centre Hospitalier Universitaire de Sherbrooke - CHUS,OTHER / OPEN WORLD,OPEN_PUBLIC,137,309578.0,52.28116788321168
TED,ESP,Consorcio de Aguas Bilbao Bizkaia - Consorcio de Aguas Bilbao Bizkaia,OTHER / OPEN WORLD,UNKNOWN,137,772200.0,51.722335766423356
TED,BGR,"АГЕНЦИЯ ""МИТНИЦИ""",OTHER / OPEN WORLD,UNKNOWN,137,202440.0,50.29051094890511
Quebec,Canada - Quebec,CÉGEP de Jonquière.,OTHER / OPEN WORLD,LIMITED_INVITATION,137,33944.5,50.128905109489054
TED,CYP,Τμήμα Ηλεκτρομηχανολογικών Υπηρεσιών,OTHER / OPEN WORLD,UNKNOWN,137,152750.0,49.973138686131385
TED,ITA,Città metropolitana di Roma Capitale,OTHER / OPEN WORLD,UNKNOWN,137,240511.5,48.89328467153285
TED,POL,Ministerstwo Finansów,OTHER / OPEN WORLD,UNKNOWN,137,2000000.0,48.19956204379562
TED,PRT,"Unidade Local de Saúde do Alto Minho, EPE",OTHER / OPEN WORLD,UNKNOWN,137,299423.3,48.167153284671535
Germany,Germany,Bw Bekleidungsmanagement GmbH,OTHER / OPEN WORLD,OPEN_PUBLIC,137,688642.51,47.973722627737224
Germany,Germany,"Landeshauptstadt Dresden, GB Bildung, Jugend und Sport, Amt für Schulen",OTHER / OPEN WORLD,OPEN_PUBLIC,137,292296.61,47.9370802919708
TED,FIN,Luonnonvarakeskus,OTHER / OPEN WORLD,UNKNOWN,137,200000.0,47.56408759124088
TED,LTU,Klaipėdos rajono savivaldybės administracija,OTHER / OPEN WORLD,UNKNOWN,137,43554.565,43.86992700729927
TED,LTU,VšĮ Respublikinė Vilniaus universitetinė ligoninė,OTHER / OPEN WORLD,UNKNOWN,137,26000.0,43.17313868613139
Germany,Germany,Vergabestelle Landeshauptstadt Stuttgart,OTHER / OPEN WORLD,COMPETITIVE_OTHER,137,0.01,40.4363503649635
Germany,Germany,"Landeshauptstadt München, Baureferat",OTHER / OPEN WORLD,COMPETITIVE_OTHER,137,0.01,40.145547445255474
Quebec,Canada - Quebec,Ministère de la Culture et des Communications,OTHER / OPEN WORLD,DIRECT_NONCOMPETITIVE,136,60000.0,56.07029411764706
TED,CZE,Česká republika - Ministerstvo obrany,OTHER / OPEN WORLD,UNKNOWN,136,25730475.0,52.645
TED,DNK,Staten og Kommunernes Indkøbsservice A/S,OTHER / OPEN WORLD,UNKNOWN,136,276750000.0,52.08970588235294
TED,ITA,Provincia Autonoma di Trento,OTHER / OPEN WORLD,UNKNOWN,136,1691926.555,51.366323529411765
TED,PRT,"Unidade Local de Saúde de Santo António, EPE",OTHER / OPEN WORLD,UNKNOWN,136,480000.0,51.095882352941175
United Kingdom,United Kingdom,Durham County Council,OTHER / OPEN WORLD,OPEN_PUBLIC,136,500000.0,50.83367647058824
TED,BGR,НАЦИОНАЛЕН ОСИГУРИТЕЛЕН ИНСТИТУТ,OTHER / OPEN WORLD,UNKNOWN,136,126872.76999999999,50.81514705882353
TED,POL,Zespół Opieki Zdrowotnej w Bolesławcu,OTHER / OPEN WORLD,UNKNOWN,136,400700.0,50.62264705882353
TED,ESP,Intendente de Rota,OTHER / OPEN WORLD,UNKNOWN,136,124673.76,49.68
TED,POL,Komenda Główna Policji,OTHER / OPEN WORLD,UNKNOWN,136,1721720.0,49.01176470588236
TED,PRT,"Águas do Norte, S. A.",OTHER / OPEN WORLD,UNKNOWN,136,1031500.0,48.942205882352944
France,France,Département de la Haute-Loire,OTHER / OPEN WORLD,OPEN_PUBLIC,136,310000.0,46.203676470588235
TED,BGR,ОБЩИНА АСЕНОВГРАД,OTHER / OPEN WORLD,UNKNOWN,136,5863.1849999999995,44.826764705882354
Germany,Germany,Kölner Verkehrs-Betriebe AG,OTHER / OPEN WORLD,OPEN_PUBLIC,136,1.0,44.58191176470588
Germany,Germany,"Stadt Frankfurt am Main, Amt für Bau und Immobilien",OTHER / OPEN WORLD,OPEN_PUBLIC,136,0.01,42.57941176470588
TenderNed,Netherlands,Waterschap Noorderzijlvest,OTHER / OPEN WORLD,UNKNOWN,136,119.5,41.451323529411766
Belgium,BE,Gemeente Beveren,OTHER / OPEN WORLD,UNKNOWN,136,,41.05294117647059
TenderNed,Netherlands,Gemeente Westerkwartier,OTHER / OPEN WORLD,UNKNOWN,136,85.0,40.455588235294115
TED,ROU,DISTRIBUTIE ENERGIE OLTENIA S.A.,OTHER / OPEN WORLD,UNKNOWN,135,5655032.275,55.955703703703705
Quebec,Canada - Quebec,Société des traversiers du Québec,OTHER / OPEN WORLD,OPEN_PUBLIC,135,334399.0,55.406962962962965
TED,CZ,Fakultní nemocnice v Motole,OTHER / OPEN WORLD,UNKNOWN,135,6217038.0,55.25259259259259
Quebec,Canada - Quebec,Centre de services scolaire des Mille-Îles,OTHER / OPEN WORLD,DIRECT_NONCOMPETITIVE,135,50713.92,54.89333333333333
Quebec,Canada - Quebec,Ville de Varennes.,OTHER / OPEN WORLD,DIRECT_NONCOMPETITIVE,135,50575.2,54.422666666666665
TED,POL,Zespół Opieki Zdrowotnej w Dębicy,OTHER / OPEN WORLD,UNKNOWN,135,195270.675,52.22577777777778
Germany,Germany,Stadtverwaltung Görlitz,OTHER / OPEN WORLD,OPEN_PUBLIC,135,333341.305,52.08637037037037
Germany,Germany,Bezirksamt Treptow-Köpenick von Berlin,OTHER / OPEN WORLD,OPEN_PUBLIC,135,304743.53500000003,51.910666666666664
Germany,Germany,Landkreis Rottal-Inn,OTHER / OPEN WORLD,OPEN_PUBLIC,135,370075.82,51.71037037037037
United Kingdom,United Kingdom,Natural England,OTHER / OPEN WORLD,OPEN_PUBLIC,135,23241.75,48.208444444444446
TED,LTU,VĮ Registrų centras (PV),OTHER / OPEN WORLD,UNKNOWN,135,164864.75,46.790962962962965
TED,AUT,Medizinische Universität Wien,OTHER / OPEN WORLD,UNKNOWN,135,339294.20999999996,44.82
TED,LVA,"Valsts sabiedrība ar ierobežotu atbildību ""Latvijas Valsts ceļi""",OTHER / OPEN WORLD,UNKNOWN,135,303141.905,44.08918518518519
TenderNed,Netherlands,Stichting Amsterdam UMC,OTHER / OPEN WORLD,UNKNOWN,135,10000.0,43.38666666666666
Quebec,Canada - Quebec,Ville de Saint-Lazare.,OTHER / OPEN WORLD,DIRECT_NONCOMPETITIVE,134,62100.0,54.858059701492536
Quebec,Canada - Quebec,SQI-Direction immobilière du Bas-Saint-Laurent et de la Gaspésie-Îles-de-la-Madeleine,OTHER / OPEN WORLD,DIRECT_NONCOMPETITIVE,134,39690.0,54.80298507462687
TED,ESP,Consejo de Administración-Comité de Inversiones de la Sociedad Estatal Correos y Telégrafos S.A,OTHER / OPEN WORLD,UNKNOWN,134,1658700.0,54.12492537313433
TED,POL,Szpital Miejski w Rudzie Śląskiej Sp. z o.o.,OTHER / OPEN WORLD,UNKNOWN,134,645983.0,54.05731343283582
Quebec,Canada - Quebec,Ville de Blainville,OTHER / OPEN WORLD,OPEN_PUBLIC,134,187466.745,52.616268656716414
Quebec,Canada - Quebec,Ville de Dollard-des-Ormeaux,OTHER / OPEN WORLD,OPEN_PUBLIC,134,173280.32,52.32641791044776
TED,POL,"""EKO-REGION"" sp. z o. o.",OTHER / OPEN WORLD,UNKNOWN,134,748000.0,49.438059701492534
TED,LTU,Muitinės departamentas prie Lietuvos Respublikos finansų ministerijos,OTHER / OPEN WORLD,UNKNOWN,134,236378.265,48.54611940298508
TED,NOR,Asker kommune,OTHER / OPEN WORLD,UNKNOWN,134,8000000.0,48.175820895522385
TED,POL,"Dolnośląskie Centrum Onkologii, Pulmonologii i Hematologii",OTHER / OPEN WORLD,UNKNOWN,134,499112.03500000003,47.58716417910448
France,France,Communauté d'Agglomération Territoire de la Côte Ouest (974),OTHER / OPEN WORLD,OPEN_PUBLIC,134,550000.0,47.108358208955224
France,France,Métropole Européenne de Lille,OTHER / OPEN WORLD,OPEN_PUBLIC,134,982000.0,47.02597014925373
TED,FIN,Päijät-Hämeen hyvinvointialue,OTHER / OPEN WORLD,UNKNOWN,134,768700.0,46.85865671641791
France,France,Ville d'Orléans,OTHER / OPEN WORLD,OPEN_PUBLIC,134,339876.355,45.95
TenderNed,Netherlands,Provincie Groningen,OTHER / OPEN WORLD,UNKNOWN,134,760000.0,44.61432835820896
Germany,Germany,Stadtreinigung Hamburg AöR,OTHER / OPEN WORLD,OPEN_PUBLIC,134,510.305,44.368507462686566
Belgium,BE,Aankoopcentrale Groep CM-MC vzw,OTHER / OPEN WORLD,UNKNOWN,134,,42.188805970149254
Belgium,BE,Brugge,OTHER / OPEN WORLD,UNKNOWN,134,,41.5789552238806
Belgium,BE,Woluwe-Saint-Lambert,OTHER / OPEN WORLD,UNKNOWN,134,,40.63597014925373
Belgium,BE,GROUPE SANTE CHC ASBL,OTHER / OPEN WORLD,UNKNOWN,134,,39.85686567164179
Quebec,Canada - Quebec,"Commission des normes, de l'équité, de la santé et de la sécurité du travail",OTHER / OPEN WORLD,OPEN_PUBLIC,133,488773.65,55.818796992481204
TED,HRV,FINA,OTHER / OPEN WORLD,UNKNOWN,133,346382.0,55.7003007518797
Quebec,Canada - Quebec,Ville de Saint-Raymond.,OTHER / OPEN WORLD,DIRECT_NONCOMPETITIVE,133,49332.32,55.166015037593986
Quebec,Canada - Quebec,Ville de Saint-Bruno-de-Montarville,OTHER / OPEN WORLD,DIRECT_NONCOMPETITIVE,133,43200.0,55.13127819548872
United Kingdom,United Kingdom,Foreign Commonwealth and Development Office,OTHER / OPEN WORLD,OPEN_PUBLIC,133,340681.0,54.72932330827068
TED,SWE,Region Västerbotten,OTHER / OPEN WORLD,UNKNOWN,133,12000000.0,54.703007518796994
Quebec,Canada - Quebec,Université du Québec en Outaouais,OTHER / OPEN WORLD,DIRECT_NONCOMPETITIVE,133,39360.0,54.68421052631579
TED,HUN,MÁV Személyszállítási Zártkörűen Működő Részvénytársaság,OTHER / OPEN WORLD,UNKNOWN,133,181827517.0,53.4390977443609
TED,ESP,Consejo de Gobierno Insular del Cabildo Insular de Tenerife,OTHER / OPEN WORLD,UNKNOWN,133,719325.5700000001,51.37263157894737
TED,LTU,Valstybinė mokesčių inspekcija prie Lietuvos Respublikos finansų ministerijos,OTHER / OPEN WORLD,UNKNOWN,133,247934.0,50.486917293233084
Quebec,Canada - Quebec,Ville de Mirabel,OTHER / OPEN WORLD,LIMITED_INVITATION,133,49439.25,50.31924812030075
United Kingdom,United Kingdom,The North Yorkshire Council,OTHER / OPEN WORLD,DIRECT_NONCOMPETITIVE,133,50000.0,50.088872180451126
United Kingdom,United Kingdom,Hampshire County Council,OTHER / OPEN WORLD,FRAMEWORK_DPS_CALLOFF,133,173339.5,49.42345864661654
TED,MLT,Water Services Corporation,OTHER / OPEN WORLD,UNKNOWN,133,732717.9,48.90496240601504
France,France,Conseil Départemental des Yvelines,OTHER / OPEN WORLD,OPEN_PUBLIC,133,562500.0,48.16075187969925
TED,LT,AB „Kelių priežiūra“,OTHER / OPEN WORLD,UNKNOWN,133,40870.765,47.74586466165414
TED,ESP,SERVICIO DE SALUD DEL PRINCIPADO DE ASTURIAS,OTHER / OPEN WORLD,UNKNOWN,133,643274.42,44.3821052631579
Belgium,BE,FEDASIL_MOUSCRON,OTHER / OPEN WORLD,UNKNOWN,133,,40.90796992481203
Belgium,BE,FEDASIL_KAPELLEN,OTHER / OPEN WORLD,UNKNOWN,133,,40.796992481203006
Belgium,BE,Université de Namur,OTHER / OPEN WORLD,UNKNOWN,133,,40.722556390977445
United Kingdom,United Kingdom,UK Research & Innovation,OTHER / OPEN WORLD,OPEN_PUBLIC,132,370167.775,60.150454545454544
TED,ES,ADMINISTRADOR DE INFRAESTRUCTURAS FERROVIARIAS,OTHER / OPEN WORLD,UNKNOWN,132,2759509.13,54.150454545454544
TED,BGR,БУЛГАРТРАНСГАЗ ЕАД,OTHER / OPEN WORLD,UNKNOWN,132,528666.665,53.51712121212121
TED,SWE,Huddinge kommun,OTHER / OPEN WORLD,UNKNOWN,132,9000000.0,53.31136363636364
TED,ESP,Servicio Andaluz de Salud. Complejo Hospitalario Torrecárdenas.,OTHER / OPEN WORLD,UNKNOWN,132,529609.85,53.13515151515151
TED,ESP,Gerencia de Informática de la Seguridad Social,OTHER / OPEN WORLD,UNKNOWN,132,1249959.6,51.36378787878788
Canada federal,Canada,National Research Council Canada,OTHER / OPEN WORLD,OPEN_PUBLIC,132,133824.6,51.28636363636364
TED,POL,Województwo Warmińsko-Mazurskie,OTHER / OPEN WORLD,UNKNOWN,132,178800.0,51.070151515151515
Germany,Germany,Stadt Bielefeld - Amt für Zentrale Leistungen,OTHER / OPEN WORLD,OPEN_PUBLIC,132,346482.27,49.77969696969697
Germany,Germany,Vivantes - Netzwerk für Gesundheit GmbH,OTHER / OPEN WORLD,OPEN_PUBLIC,132,397500.0,49.515757575757576
TED,BGR,"Главна дирекция ""Пожарна безопасност и защита на населението"" (ГДПБЗН) - МВР",OTHER / OPEN WORLD,UNKNOWN,132,83000.0,49.48
Germany,Germany,Kreis Offenbach - FD Gebäudewirtschaft,OTHER / OPEN WORLD,OPEN_PUBLIC,132,262032.74,49.401060606060604
United Kingdom,United Kingdom,UK Research & Innovation (UKRI),OTHER / OPEN WORLD,COMPETITIVE_OTHER,132,67012.0,47.941818181818185
TED,POL,Komenda Wojewódzka Policji w Bydgoszczy,OTHER / OPEN WORLD,UNKNOWN,132,139403.21000000002,47.91409090909091
TED,NOR,KRISTIANSAND KOMMUNE,OTHER / OPEN WORLD,UNKNOWN,132,10500000.0,47.86060606060606
TED,NOR,Universitetet i Oslo,OTHER / OPEN WORLD,UNKNOWN,132,4850000.0,47.666060606060604
France,France,Bordeaux Métropole,OTHER / OPEN WORLD,UNKNOWN,132,1000000.0,47.60272727272727
TED,POL,Samodzielny Publiczny Zakład Opieki Zdrowotnej w Myślenicach,OTHER / OPEN WORLD,UNKNOWN,132,119049.91,47.36621212121212
TED,LT,VĮ Turto bankas,OTHER / OPEN WORLD,UNKNOWN,132,29893.44,47.08
Germany,Germany,Stadt Aachen - Zentrale Vergabestelle FB60/300,OTHER / OPEN WORLD,OPEN_PUBLIC,132,166553.255,46.69621212121212
France,France,Grenoble Alpes Metropole,OTHER / OPEN WORLD,OPEN_PUBLIC,132,,45.982727272727274
France,France,Grand Port Maritime Guadeloupe,OTHER / OPEN WORLD,OPEN_PUBLIC,132,300000.0,45.097727272727276
Germany,Germany,Landkreis Vechta,OTHER / OPEN WORLD,OPEN_PUBLIC,132,0.01,44.818939393939395
France,France,Bureau de Recherche en Géologie Minière (Brgm),OTHER / OPEN WORLD,OPEN_PUBLIC,132,,44.63409090909091
TenderNed,Netherlands,Universiteit Maastricht,OTHER / OPEN WORLD,UNKNOWN,132,400000.0,44.338181818181816
Belgium,BE,Châtelet,OTHER / OPEN WORLD,UNKNOWN,132,,40.65772727272727
Quebec,Canada - Quebec,Société de transport de Laval,OTHER / OPEN WORLD,DIRECT_NONCOMPETITIVE,131,60634.95,57.498015267175575
Quebec,Canada - Quebec,Centre de services scolaire des Grandes Seigneuries,OTHER / OPEN WORLD,OPEN_PUBLIC,131,285247.0,55.016183206106874
United Kingdom,United Kingdom,Sheffield City Council,OTHER / OPEN WORLD,OPEN_PUBLIC,131,217416.0,53.519541984732825
TED,ESP,Junta de Gobierno del Ajuntament de València,OTHER / OPEN WORLD,UNKNOWN,131,652190.0,53.39297709923664
Germany,Germany,Staatliches Bauamt Passau,OTHER / OPEN WORLD,OPEN_PUBLIC,131,330680.87,53.001832061068704
Quebec,Canada - Quebec,Université de Montréal - Direction des immeubles,OTHER / OPEN WORLD,OPEN_PUBLIC,131,337150.0,52.38076335877862
TED,ROU,UNIVERSITATEA TEHNICA DIN CLUJ NAPOCA,OTHER / OPEN WORLD,UNKNOWN,131,150000.0,52.36687022900763
TED,SVK,Banskobystrický samosprávny kraj,OTHER / OPEN WORLD,UNKNOWN,131,204933.75,50.28167938931298
Germany,Germany,Messe Berlin GmbH,OTHER / OPEN WORLD,COMPETITIVE_OTHER,131,712372.0,47.1618320610687
TED,LVA,Ventspils valstspilsētas pašvaldības iestāde “Ventspils Komunālā pārvalde”,OTHER / OPEN WORLD,UNKNOWN,131,137965.97,46.30946564885496
TED,NOR,"Anskaffelser i Akershus, Buskerud og Østfold KO",OTHER / OPEN WORLD,UNKNOWN,131,8500000.0,46.13603053435114
Belgium,BE,Ville de Liège - Travaux - Direction de la Gestion de l'Espace public,OTHER / OPEN WORLD,UNKNOWN,131,,41.75847328244275
TED,ITA,Enel SpA,OTHER / OPEN WORLD,UNKNOWN,131,,41.221221374045804
Quebec,Canada - Quebec,Ministère de la Santé et des Services Sociaux,OTHER / OPEN WORLD,DIRECT_NONCOMPETITIVE,130,82850.0,59.12292307692308
TED,POL,Akademia Górniczo-Hutnicza im. Stanisława Staszica w Krakowie,Hardware / AV resale,UNKNOWN,130,11631.279999999999,56.77461538461539
Germany,Germany,"Vermögen und Bau Baden-Württemberg, Amt Freiburg",OTHER / OPEN WORLD,OPEN_PUBLIC,130,372213.43,55.81738461538462
Quebec,Canada - Quebec,Centre de services scolaire des Portages-de-l'Outaouais.,OTHER / OPEN WORLD,OPEN_PUBLIC,130,194245.5,54.128
TED,ROU,Banca Nationala a Romaniei,OTHER / OPEN WORLD,UNKNOWN,130,604285.06,53.55353846153846
TED,ESP,Servicio Andaluz de Salud. Hospital Universitario de Málaga,OTHER / OPEN WORLD,UNKNOWN,130,710823.9199999999,53.47123076923077
TED,HRV,Grad Zagreb,OTHER / OPEN WORLD,UNKNOWN,130,357500.0,52.89569230769231
TED,SWE,Myndigheten för Samhällsskydd och Beredskap (Msb),OTHER / OPEN WORLD,UNKNOWN,130,10000000.0,52.53353846153846
TED,ROU,SPITALUL UNIVERSITAR DE URGENTA ELIAS,OTHER / OPEN WORLD,UNKNOWN,130,465762.38,52.43923076923077
United Kingdom,United Kingdom,Department for Education,OTHER / OPEN WORLD,UNKNOWN,130,5610000.0,52.277692307692305
TED,POL,Polska Agencja Rozwoju Przedsiębiorczości,OTHER / OPEN WORLD,UNKNOWN,130,573561.3,52.027692307692305
Germany,Germany,Deutsches Museum von Meisterwerken der Naturwissenschaft und Technik (AdöR),OTHER / OPEN WORLD,OPEN_PUBLIC,130,248774.07,51.770923076923076
Quebec,Canada - Quebec,Société d'habitation et de développement de Montréal,OTHER / OPEN WORLD,OPEN_PUBLIC,130,358106.095,51.53323076923077
TED,POL,Dolnośląska Służba Dróg i Kolei we Wrocławiu,OTHER / OPEN WORLD,UNKNOWN,130,2302013.475,50.567076923076925
TED,ESP,Junta de Gobierno del Ayuntamiento de Albacete,OTHER / OPEN WORLD,UNKNOWN,130,336843.75,49.684615384615384
TED,LT,Vilniaus universitetas,OTHER / OPEN WORLD,UNKNOWN,130,57087.93,47.062769230769234
TED,AUT,Österreichische Gesundheitskasse,OTHER / OPEN WORLD,UNKNOWN,130,71400.0,45.87907692307692
TED,LVA,LR Tieslietu ministrijas Ieslodzījuma vietu pārvalde,OTHER / OPEN WORLD,UNKNOWN,130,58334.5,45.733384615384615
France,France,Communauté d'Agglomération du Centre Littoral de Matoury (973),OTHER / OPEN WORLD,OPEN_PUBLIC,130,4186127.5,45.15984615384615
France,France,Hauts-de-Seine Habitat - OPH,OTHER / OPEN WORLD,OPEN_PUBLIC,130,3000000.0,45.14738461538462
TED,POL,Polskie Sieci Elektroenergetyczne SA,OTHER / OPEN WORLD,UNKNOWN,130,412324.48,44.79430769230769
TED,LVA,"Valsts akciju sabiedrība ""Latvijas dzelzceļš""",OTHER / OPEN WORLD,UNKNOWN,130,1272351.0699999998,44.698
TED,LTU,VšĮ Vilniaus pirkimų agentūra,OTHER / OPEN WORLD,UNKNOWN,130,20000.0,43.99123076923077
Quebec,Canada - Quebec,Ministère de la Sécurité intérieure,OTHER / OPEN WORLD,DIRECT_NONCOMPETITIVE,129,82812.63,56.22837209302325
Quebec,Canada - Quebec,Société de transport de Sherbrooke,OTHER / OPEN WORLD,DIRECT_NONCOMPETITIVE,129,62960.31,55.60697674418605
Quebec,Canada - Quebec,Ville de Sainte-Julie,OTHER / OPEN WORLD,DIRECT_NONCOMPETITIVE,129,51738.75,55.29162790697674
Germany,Germany,Deutsches Zentrum für Luft- und Raumfahrt e. V.,OTHER / OPEN WORLD,OPEN_PUBLIC,129,364598.25,54.04790697674419
TED,SWE,Malmö kommun,OTHER / OPEN WORLD,UNKNOWN,129,18000000.0,53.55317829457364
Ireland,Ireland,Kerry County Council,OTHER / OPEN WORLD,OPEN_PUBLIC,129,131800.0,53.15162790697674
Germany,Germany,Wirtschaftsbetriebe Duisburg - AöR,OTHER / OPEN WORLD,OPEN_PUBLIC,129,415835.155,52.57813953488372
TED,ITA,"European Commission, DG JRC - Joint Research Centre",OTHER / OPEN WORLD,UNKNOWN,129,1000000.0,51.3015503875969
TED,CZE,Moravskoslezský kraj,OTHER / OPEN WORLD,UNKNOWN,129,15905540.0,51.12744186046512
Ireland,Ireland,Dun Laoghaire-Rathdown County Council,OTHER / OPEN WORLD,OPEN_PUBLIC,129,200000.0,49.869612403100774
TED,POL,GÓRNOŚLĄSKIE CENTRUM ZDROWIA DZIECKA im. św. JANA PAWŁA II Samodzielny Publiczny Szpital Kliniczny Nr 6 Śląskiego Uniwersytetu Medycznego w Katowicach,OTHER / OPEN WORLD,UNKNOWN,129,191272.35,48.38
Germany,Germany,EnBW Energie Baden-Württemberg AG,OTHER / OPEN WORLD,COMPETITIVE_OTHER,129,11030000.0,48.19984496124031
TED,ISL,Ríkiskaup,OTHER / OPEN WORLD,UNKNOWN,129,59205761.5,48.16682170542636
TED,FIN,Pääkaupunkiseudun Kaupunkiliikenne Oy,OTHER / OPEN WORLD,UNKNOWN,129,1824000.0,47.52046511627907
Germany,Germany,Stadt Langenhagen,OTHER / OPEN WORLD,OPEN_PUBLIC,129,298542.04500000004,47.01767441860465
TED,LTU,Kauno technologijos universitetas (PV),OTHER / OPEN WORLD,UNKNOWN,129,88274.9125,46.804186046511624
France,France,METROPOLE D AIX MARSEILLE PROVENCE,OTHER / OPEN WORLD,OPEN_PUBLIC,129,206102.5,46.68232558139535
TED,POL,Uniwersytet Śląski w Katowicach,OTHER / OPEN WORLD,UNKNOWN,129,108513.18,46.06387596899225
France,France,Conseil Départemental des Landes,OTHER / OPEN WORLD,OPEN_PUBLIC,129,362952.0,45.436279069767444
TED,POL,Pomorski Uniwersytet Medyczny w Szczecinie,OTHER / OPEN WORLD,UNKNOWN,129,39736.35,45.427131782945736
TenderNed,Netherlands,Rijkswaterstaat Grote Projecten en Onderhoud,OTHER / OPEN WORLD,UNKNOWN,129,2942990.0,45.34372093023256
TenderNed,Netherlands,Nederlandse Organisatie voor toegepast-natuurwetenschappelijk onderzoek TNO,OTHER / OPEN WORLD,UNKNOWN,129,394245.0,44.94325581395349
TenderNed,Netherlands,Waterschap Vechtstromen,OTHER / OPEN WORLD,UNKNOWN,129,1487500.0,44.49209302325581
TED,LVA,SIA “Daugavpils reģionālā slimnīca”,OTHER / OPEN WORLD,UNKNOWN,129,100625.0,44.43581395348837
France,France,CHU DE POITIERS,OTHER / OPEN WORLD,OPEN_PUBLIC,129,900000.0,44.36976744186047
Germany,Germany,Landkreis Kassel - Der Kreisausschuss -,OTHER / OPEN WORLD,OPEN_PUBLIC,129,0.01,41.58139534883721
Quebec,Canada - Quebec,Centre de services scolaire des Chênes.,OTHER / OPEN WORLD,DIRECT_NONCOMPETITIVE,128,50995.0,54.8471875
Germany,Germany,Eigenbetrieb Kommunale Objektbewirtschaftung und -entwicklung der Hanse- und Universitätsstadt Rostock,OTHER / OPEN WORLD,OPEN_PUBLIC,128,367446.055,54.83859375
Quebec,Canada - Quebec,Collège de Maisonneuve,OTHER / OPEN WORLD,DIRECT_NONCOMPETITIVE,128,39909.0,54.73046875
Ireland,Ireland,South Dublin County Council,OTHER / OPEN WORLD,OPEN_PUBLIC,128,267945.95,53.95921875
Germany,Germany,Bau- und Liegenschaftsbetrieb NRW Münster,OTHER / OPEN WORLD,OPEN_PUBLIC,128,696358.75,53.3559375
Quebec,Canada - Quebec,Centre de services scolaire des Hautes-Rivières,OTHER / OPEN WORLD,OPEN_PUBLIC,128,238035.88,53.10453125
TED,SVK,Finančné riaditeľstvo Slovenskej republiky,OTHER / OPEN WORLD,UNKNOWN,128,305040.0,52.785625
United Kingdom,United Kingdom,London Borough of Islington,OTHER / OPEN WORLD,UNKNOWN,128,1181200.0,50.74109375
Germany,Germany,Wetteraukreis - FS 1.5.1 Zentrale Vergabestelle,OTHER / OPEN WORLD,OPEN_PUBLIC,128,236304.79499999998,49.57234375
France,France,Ville d'ANNECY,OTHER / OPEN WORLD,OPEN_PUBLIC,128,406394.0,48.83375
TED,AUT,Fonds Kuratorium Wiener Pensionisten-Wohnhäuser – Häuser zum Leben,OTHER / OPEN WORLD,UNKNOWN,128,503194.0,48.39546875
France,France,Saint-Quentin-en-Yvelines - Communauté d'agglomération,OTHER / OPEN WORLD,OPEN_PUBLIC,128,1200000.0,48.2178125
France,France,Université de Lorraine,OTHER / OPEN WORLD,OPEN_PUBLIC,128,500000.0,47.47484375
TED,POL,Poczta Polska Spółka Akcyjna,OTHER / OPEN WORLD,UNKNOWN,128,391398.77,47.39578125
France,France,Ville de Nîmes,OTHER / OPEN WORLD,OPEN_PUBLIC,128,545326.4,46.45953125
France,France,Sénat,OTHER / OPEN WORLD,OPEN_PUBLIC,128,311000.0,46.4140625
Germany,Germany,Flughafen München GmbH,OTHER / OPEN WORLD,COMPETITIVE_OTHER,128,1062500.0,42.3071875
Belgium,BE,Banque nationale de Belgique,OTHER / OPEN WORLD,UNKNOWN,128,,41.71859375
Belgium,BE,Sint-Niklaas,OTHER / OPEN WORLD,UNKNOWN,128,,41.1153125
France,France,RTM - Régie des Transports Métropolitains,OTHER / OPEN WORLD,UNKNOWN,128,878960.25,40.77875
Belgium,BE,Ville de Liège - Travaux - Direction des Bâtiments Communaux,OTHER / OPEN WORLD,UNKNOWN,128,,39.81171875
TED,HUN,Magyar Földgáztároló Zártkörűen Működő Részvénytársaság,OTHER / OPEN WORLD,UNKNOWN,127,41693330.0,56.4436220472441
Germany,Germany,Stadt Bocholt,OTHER / OPEN WORLD,OPEN_PUBLIC,127,258262.2825,55.07511811023622
TED,CZE,"Krajská správa a údržba silnic Středočeského kraje, příspěvková organizace",OTHER / OPEN WORLD,UNKNOWN,127,8109340.0,54.54976377952756
TED,AUT,"Auftraggeber sind die Republik Österreich (Bund), die Bundesbeschaffung GmbH sowie alle weiteren Auftraggeber gemäß der den Ausschreibungsunterlagen beiliegenden Kundenliste.",OTHER / OPEN WORLD,UNKNOWN,127,11500000.0,54.3096062992126
TED,HRV,REPUBLIKA HRVATSKA MINISTARSTVO OBRANE,OTHER / OPEN WORLD,UNKNOWN,127,792336.0,54.16
Quebec,Canada - Quebec,CIUSSS du Centre-ouest-de-l'Île-de-Montréal,OTHER / OPEN WORLD,OPEN_PUBLIC,127,722510.8300000001,53.7103937007874
TED,HUN,Közbeszerzési és Ellátási Főigazgatóság,OTHER / OPEN WORLD,UNKNOWN,127,1000000000.0,52.9592125984252
Quebec,Canada - Quebec,Commission Scolaire English-Montreal,OTHER / OPEN WORLD,OPEN_PUBLIC,127,254963.86,52.846299212598424
TED,ROU,SPITALUL CLINIC JUDETEAN DE URGENTA CLUJ,OTHER / OPEN WORLD,UNKNOWN,127,784800.0,51.93212598425197
TED,ROU,Universitatea din Bucuresti,OTHER / OPEN WORLD,UNKNOWN,127,157313.37,51.9192125984252
TED,CHE,"Hochbauamt Kanton Zürich, Baubereich C",OTHER / OPEN WORLD,UNKNOWN,127,618766.875,51.89496062992126
Quebec,Canada - Quebec,Centre intégré universitaire de santé et de services sociaux de l'Ouest-de-l'Île-de-Montréal,OTHER / OPEN WORLD,OPEN_PUBLIC,127,537671.0,51.58566929133858
TED,CHE,"Hochbauamt, Baubereich B",OTHER / OPEN WORLD,UNKNOWN,127,650280.8,51.57417322834646
France,France,GRAND PORT MARITIME DE MARSEILLE,OTHER / OPEN WORLD,OPEN_PUBLIC,127,571060.0,50.07228346456693
TED,POL,Instytut Matki i Dziecka,OTHER / OPEN WORLD,UNKNOWN,127,420000.0,49.666299212598425
TED,POL,Szpital Kliniczny im. Karola Jonschera Uniwersytetu Medycznego im. Karola Marcinkowskiego w Poznaniu,OTHER / OPEN WORLD,UNKNOWN,127,148273.0925,49.2444094488189
Germany,Germany,"Stadt Bochum, Referat Zentraler Einkauf",OTHER / OPEN WORLD,OPEN_PUBLIC,127,1.0,46.64488188976378
France,France,Région Ile de France,OTHER / OPEN WORLD,OPEN_PUBLIC,127,5227893.75,46.13543307086614
Germany,Germany,BBS Bau- und Betriebsservice GmbH,OTHER / OPEN WORLD,OPEN_PUBLIC,127,0.01,46.125984251968504
TED,LTU,Valstybės įmonė Valstybinių miškų urėdija,OTHER / OPEN WORLD,UNKNOWN,127,129082.5,45.67086614173228
TenderNed,Netherlands,Gemeente Lelystad,OTHER / OPEN WORLD,UNKNOWN,127,916183.72,44.6155905511811
Belgium,BE,Intercommunale Ontwikkelingsorganisatie voor de Kempen,OTHER / OPEN WORLD,UNKNOWN,127,,41.12047244094488
Germany,Germany,SBH | Schulbau Hamburg,OTHER / OPEN WORLD,COMPETITIVE_OTHER,126,531738.9,57.522063492063495
Quebec,Canada - Quebec,Santé Québec Laurentides,OTHER / OPEN WORLD,DIRECT_NONCOMPETITIVE,126,40405.0,55.64809523809524
Quebec,Canada - Quebec,Ville de Chambly,OTHER / OPEN WORLD,DIRECT_NONCOMPETITIVE,126,54589.005000000005,54.69714285714286
TED,ESP,Dirección del Servicio de Gestión Económica de la Agencia Estatal de la Administración Tributaria,OTHER / OPEN WORLD,UNKNOWN,126,364693.94,54.67031746031746
TED,POL,Krakowski Szpital Specjalistyczny im. św. Jana Pawła II,OTHER / OPEN WORLD,UNKNOWN,126,878700.0,53.925873015873016
United Kingdom,United Kingdom,Lancashire County Council,OTHER / OPEN WORLD,OPEN_PUBLIC,126,1800000.0,53.76761904761905
Ireland,Ireland,Waterford City and County Council,OTHER / OPEN WORLD,OPEN_PUBLIC,126,200000.0,52.473015873015875
TED,ESP,Servicio Andaluz de Salud. Área Hospitalaria Virgen del Rocío.,OTHER / OPEN WORLD,UNKNOWN,126,1766171.23,50.5315873015873
TED,ESP,Rectorado de la Universidad de Salamanca,OTHER / OPEN WORLD,UNKNOWN,126,401687.33,50.49952380952381
TED,ITA,AZIENDA USL DELLA ROMAGNA,OTHER / OPEN WORLD,UNKNOWN,126,787160.5,50.212380952380954
Germany,Germany,Polizeiverwaltungsamt Logistikzentrum,OTHER / OPEN WORLD,OPEN_PUBLIC,126,185000.0,48.855555555555554
TED,BGR,ОБЩИНА ОМУРТАГ,OTHER / OPEN WORLD,UNKNOWN,126,42284.630000000005,48.558571428571426
France,France,Département de la Moselle,OTHER / OPEN WORLD,OPEN_PUBLIC,126,285676.925,47.30761904761905
TED,LVA,Kuldīgas novada pašvaldība,OTHER / OPEN WORLD,UNKNOWN,126,73207.3175,43.72031746031746
Germany,Germany,Umweltbetrieb Bremen,OTHER / OPEN WORLD,UNKNOWN,126,,40.878571428571426
Belgium,BE,Infrabel – South-East,OTHER / OPEN WORLD,UNKNOWN,126,,40.57857142857143
Quebec,Canada - Quebec,Université de Montréal,OTHER / OPEN WORLD,OPEN_PUBLIC,125,336938.9,55.63856
TED,CZE,"Vojenské lesy a statky ČR, s.p.",OTHER / OPEN WORLD,UNKNOWN,125,5641050.0,54.90096
TED,HUN,Dunántúli Regionális Vízmű Zártkörűen Működő Részvénytársaság,OTHER / OPEN WORLD,UNKNOWN,125,33227999.5,54.76448
TED,CZ,Nemocnice Na Homolce,OTHER / OPEN WORLD,UNKNOWN,125,4194500.0,54.21088
TED,SVK,Železnice Slovenskej republiky,OTHER / OPEN WORLD,UNKNOWN,125,6479584.24,53.80384
TED,ROU,Primaria Municipiului Targu Jiu,OTHER / OPEN WORLD,UNKNOWN,125,89745.0,53.62848
Ireland,Ireland,Louth County Council,OTHER / OPEN WORLD,OPEN_PUBLIC,125,237899.1,53.14848
TED,ROU,"Institutul National de Cercetare Dezvoltare pentru Fizica si Inginerie Nucleara ""Horia Hulubei""",OTHER / OPEN WORLD,UNKNOWN,125,368290.0,53.04608
TED,SWE,Göteborgs Stads inköps- och upphandlingsförvaltning,OTHER / OPEN WORLD,UNKNOWN,125,24500000.0,52.8088
TED,ITA,Anas S.p.A.,OTHER / OPEN WORLD,UNKNOWN,125,1680000.0,51.64528
TED,CHE,armasuisse Immobilien,OTHER / OPEN WORLD,UNKNOWN,125,831985.1375,51.24608
Quebec,Canada - Quebec,Centre de services scolaire de Montréal / BDA,OTHER / OPEN WORLD,LIMITED_INVITATION,125,39000.0,51.0008
TED,POL,Instytut Hematologii i Transfuzjologii,OTHER / OPEN WORLD,UNKNOWN,125,335398.97,50.08464
TED,POL,Komenda Główna Straży Granicznej,OTHER / OPEN WORLD,UNKNOWN,125,2132881.5,49.8168
TED,POL,Gdańskie Nieruchomości,OTHER / OPEN WORLD,UNKNOWN,125,374308.94,49.52592
Germany,Germany,Landratsamt Eichstätt,OTHER / OPEN WORLD,OPEN_PUBLIC,125,195823.82,49.03808
TED,POL,Politechnika Lubelska,OTHER / OPEN WORLD,UNKNOWN,125,239850.0,48.46992
TED,FIN,Kanta-Hämeen hyvinvointialue,OTHER / OPEN WORLD,UNKNOWN,125,850000.0,48.0936
TED,LTU,Šiaulių apskaitos centras,OTHER / OPEN WORLD,UNKNOWN,125,138700.0,47.5008
Germany,Germany,Stadt Bottrop,OTHER / OPEN WORLD,OPEN_PUBLIC,125,0.01,46.6888
TenderNed,Netherlands,"Gemeente Amsterdam, Ingenieursbureau",OTHER / OPEN WORLD,UNKNOWN,125,1793862.27,44.13968
TED,LVA,"Valsts sabiedrība ar ierobežotu atbildību ""Bērnu klīniskā universitātes slimnīca""",OTHER / OPEN WORLD,UNKNOWN,125,200620.0,43.69184
TED,RO,"MUZEUL NATIONAL AL SATULUI ""DIMITRIE GUSTI""",OTHER / OPEN WORLD,UNKNOWN,125,1320.0,42.8072
TenderNed,Netherlands,Technische Universiteit Eindhoven,OTHER / OPEN WORLD,UNKNOWN,125,1.0,41.24192
Belgium,BE,Waregem,OTHER / OPEN WORLD,UNKNOWN,125,,41.0648
Quebec,Canada - Quebec,Ville de Shawinigan,OTHER / OPEN WORLD,OPEN_PUBLIC,124,276213.13,54.321129032258064
Quebec,Canada - Quebec,Centre de services scolaire du Val-des-Cerfs.,OTHER / OPEN WORLD,DIRECT_NONCOMPETITIVE,124,42007.5,54.13629032258064
TED,SWE,Trafikkontoret,OTHER / OPEN WORLD,UNKNOWN,124,34500000.0,53.69209677419355
TED,SWE,Eskilstuna Strängnäs Energi och Miljö Aktiebolag,OTHER / OPEN WORLD,UNKNOWN,124,12000000.0,53.446290322580644
TED,ESP,Gobierno Vasco - Seguridad,OTHER / OPEN WORLD,UNKNOWN,124,415454.54500000004,51.92483870967742
Ireland,Ireland,Clare County Council,OTHER / OPEN WORLD,OPEN_PUBLIC,124,210000.0,51.32516129032258
Quebec,Canada - Quebec,Centre intégré universitaire de santé et de services sociaux de la Mauricie-et-du-Centre-du-Québec (CIUSSS MCQ),OTHER / OPEN WORLD,LIMITED_INVITATION,124,44746.0,51.01983870967742
Quebec,Canada - Quebec,Ville de Saint-Georges,OTHER / OPEN WORLD,LIMITED_INVITATION,124,47429.49,49.82822580645161
TED,POL,26. Wojskowy Oddział Gospodarczy w Zegrzu,OTHER / OPEN WORLD,UNKNOWN,124,207452.56,49.053225806451614
Germany,Germany,Landkreis Göttingen,OTHER / OPEN WORLD,OPEN_PUBLIC,124,119755.65,47.78774193548387
TED,LVA,SIA Rīgas namu pārvaldnieks,OTHER / OPEN WORLD,UNKNOWN,124,282500.0,47.50032258064516
Germany,Germany,Leipziger Wohnungs-und Baugesellschaft mbH,OTHER / OPEN WORLD,OPEN_PUBLIC,124,0.01,46.51096774193548
France,France,Département de la Haute-Marne,OTHER / OPEN WORLD,OPEN_PUBLIC,124,1500000.0,46.33467741935484
France,France,Ville de Villeurbanne,OTHER / OPEN WORLD,OPEN_PUBLIC,124,175000.0,45.347096774193545
Germany,Germany,Land Schleswig-Holstein vertreten durch Gebäudemanagement Schleswig-Holstein AöR,OTHER / OPEN WORLD,COMPETITIVE_OTHER,124,243828.95,44.769516129032255
TED,LVA,Valsts ugunsdzēsības un glābšanas dienests,OTHER / OPEN WORLD,UNKNOWN,124,66350.0,44.358870967741936
Germany,Germany,"Performa Nord - Eigenbetrieb des Landes Bremen, Geschäftsbereich Bundesbau",OTHER / OPEN WORLD,OPEN_PUBLIC,124,351905.5,44.15
France,France,Eau17 (17),OTHER / OPEN WORLD,OPEN_PUBLIC,124,,42.57306451612903
Belgium,BE,Intercommunale Idea Mons-Borinage-Centre SCRL,OTHER / OPEN WORLD,UNKNOWN,124,,41.04354838709678
United Kingdom,United Kingdom,NHS LINCOLNSHIRE INTEGRATED CARE BOARD,Hardware / AV resale,DIRECT_NONCOMPETITIVE,123,79034.0,71.91951219512195
Quebec,Canada - Quebec,Société québécoise des infrastructures,OTHER / OPEN WORLD,DIRECT_NONCOMPETITIVE,123,56540.0,56.871219512195125
Quebec,Canada - Quebec,Santé Québec Laval,OTHER / OPEN WORLD,DIRECT_NONCOMPETITIVE,123,51040.0,55.4790243902439
Quebec,Canada - Quebec,Ville de Sainte-Anne-des-Plaines.,OTHER / OPEN WORLD,DIRECT_NONCOMPETITIVE,123,50244.08,54.28048780487805
TED,SWE,Region Blekinge,OTHER / OPEN WORLD,UNKNOWN,123,14000000.0,53.935934959349595
TED,CZE,Karlovarský kraj,OTHER / OPEN WORLD,UNKNOWN,123,7000000.0,53.87349593495935
TED,CHE,Rhätische Bahn AG,OTHER / OPEN WORLD,UNKNOWN,123,962972.55,53.069430894308944
TED,BG,ЕЛЕКТРОЕНЕРГИЕН СИСТЕМЕН ОПЕРАТОР ЕАД,OTHER / OPEN WORLD,UNKNOWN,123,608228.985,53.01219512195122
TED,DNK,Forsvarsministeriets Materiel- og Indkøbsstyrelse,OTHER / OPEN WORLD,UNKNOWN,123,24500000.0,52.428943089430895
Germany,Germany,Bundesrepublik Deutschland vertreten durch das Staatliche Baumanagement Niedersachsen,OTHER / OPEN WORLD,COMPETITIVE_OTHER,123,925682.01,52.122113821138214
TED,BGR,ОБЩИНА ГОРНА ОРЯХОВИЦА,OTHER / OPEN WORLD,UNKNOWN,123,134100.0,51.802113821138214
TED,ITA,A.O. San Camillo Forlanini,OTHER / OPEN WORLD,UNKNOWN,123,902000.0,51.38390243902439
TED,POL,Narodowy Instytut Onkologii im. Marii Skłodowskiej-Curie - Państwowy Instytut Badawczy Oddział w Krakowie,OTHER / OPEN WORLD,UNKNOWN,123,425000.0,51.21121951219512
TED,SVK,Hlavné mesto Slovenskej republiky Bratislava,OTHER / OPEN WORLD,UNKNOWN,123,315938.81,51.147642276422765
TED,EST,Tallinna Linnavaraamet,OTHER / OPEN WORLD,UNKNOWN,123,614996.2,50.95788617886179
TED,ESP,The European Joint Undertaking for ITER and the Development of Fusion Energy ('Fusion for Energy'),OTHER / OPEN WORLD,UNKNOWN,123,3626916.07,50.524552845528454
TED,BG,"АГЕНЦИЯ ""ПЪТНА ИНФРАСТРУКТУРА""",OTHER / OPEN WORLD,UNKNOWN,123,400000.0,50.162439024390245
TED,POL,Gdański Uniwersytet Medyczny,OTHER / OPEN WORLD,UNKNOWN,123,357862.5,50.08390243902439
TED,BGR,ОБЩИНА ХАРМАНЛИ,OTHER / OPEN WORLD,UNKNOWN,123,155000.0,49.98682926829268
TED,PRT,Secretaria Regional de Equipamentos e Infraestruturas,OTHER / OPEN WORLD,UNKNOWN,123,1401029.995,49.93219512195122
TED,SVK,Fakultná nemocnica s poliklinikou Žilina,OTHER / OPEN WORLD,UNKNOWN,123,52891.119999999995,49.86943089430894
Germany,Germany,Universitätsklinikum Aachen AöR,OTHER / OPEN WORLD,OPEN_PUBLIC,123,416558.91,49.80178861788618
TED,POL,Miejskie Przedsiębiorstwo Komunikacyjne Sp. z o.o. we Wrocławiu,OTHER / OPEN WORLD,UNKNOWN,123,1240160.0,49.302439024390246
TED,BGR,"ПЛОВДИВСКИ УНИВЕРСИТЕТ ""ПАИСИЙ ХИЛЕНДАРСКИ""",OTHER / OPEN WORLD,UNKNOWN,123,40000.0,48.51642276422764
Germany,Germany,50Hertz Transmission GmbH,OTHER / OPEN WORLD,COMPETITIVE_OTHER,123,11800000.0,47.73268292682927
Germany,Germany,Staatliches Bau- und Liegenschaftsamt Rostock,OTHER / OPEN WORLD,OPEN_PUBLIC,123,155200.0,47.575121951219515
Germany,Germany,Deutscher Wetterdienst,OTHER / OPEN WORLD,OPEN_PUBLIC,123,52775.0,47.16341463414634
France,France,Conseil départemental d'Eure-et-Loir,OTHER / OPEN WORLD,OPEN_PUBLIC,123,664992.5,47.14585365853659
TED,LVA,"SIA ""Ziemeļkurzemes reģionālā slimnīca""",OTHER / OPEN WORLD,UNKNOWN,123,110000.0,47.103252032520324
TenderNed,Netherlands,Gemeente Ede,OTHER / OPEN WORLD,UNKNOWN,123,822400.0,45.565365853658534
France,France,Société d'Exploitation des Ports du Détroit,OTHER / OPEN WORLD,OPEN_PUBLIC,123,300000.0,45.302439024390246
Belgium,BE,GO! onderwijs van de Vlaamse Gemeenschap,OTHER / OPEN WORLD,UNKNOWN,123,,42.062439024390244
Belgium,BE,Soignies,OTHER / OPEN WORLD,UNKNOWN,123,,41.21658536585366
Belgium,BE,Bilzen,OTHER / OPEN WORLD,UNKNOWN,123,,41.19317073170732
Belgium,BE,Agence régionale pour la propreté - Bruxelles-Propreté,OTHER / OPEN WORLD,UNKNOWN,123,,41.02487804878049
Belgium,BE,Ieper,OTHER / OPEN WORLD,UNKNOWN,123,,41.0
TED,CZE,Fakultní nemocnice Motol a Homolka,OTHER / OPEN WORLD,UNKNOWN,122,7244700.0,55.46229508196721
Germany,Germany,"Vermögen und Bau Baden-Württemberg, Amt Mannheim und Heidelberg Dienstsitz Mannheim",OTHER / OPEN WORLD,OPEN_PUBLIC,122,759535.14,55.35377049180328
Quebec,Canada - Quebec,Ville de Montréal - Arrondissement d'Ahuntsic-Cartierville,OTHER / OPEN WORLD,DIRECT_NONCOMPETITIVE,122,64726.62,55.23950819672131
Quebec,Canada - Quebec,Ville de Rouyn-Noranda / Service des acquisitions,OTHER / OPEN WORLD,DIRECT_NONCOMPETITIVE,122,39148.985,54.98327868852459
TED,HRV,HRVATSKE ŠUME d.o.o.,OTHER / OPEN WORLD,UNKNOWN,122,395193.775,54.22524590163935
TED,HUN,MAVIR Magyar Villamosenergia-ipari Átviteli Rendszerirányító Zártkörűen Működő Részvénytársaság,OTHER / OPEN WORLD,UNKNOWN,122,199812690.0,54.201967213114756
TED,EST,Tallinna Strateegiakeskus,OTHER / OPEN WORLD,UNKNOWN,122,630850.0,53.98475409836065
TED,CZE,Ostravská univerzita,OTHER / OPEN WORLD,UNKNOWN,122,752900.0,53.74622950819672
TED,BGR,ЕЛЕКТРОРАЗПРЕДЕЛЕНИЕ СЕВЕР АД,OTHER / OPEN WORLD,UNKNOWN,122,750000.0,53.49147540983606
TED,CZ,Královéhradecký kraj,OTHER / OPEN WORLD,UNKNOWN,122,4491067.5,52.90081967213115
Germany,Germany,Staatliches Bauamt Amberg-Sulzbach,OTHER / OPEN WORLD,OPEN_PUBLIC,122,275983.0,51.521147540983605
France,France,Région Normandie,OTHER / OPEN WORLD,OPEN_PUBLIC,122,439418.5,50.337377049180326
TED,POL,Miejskie Przedsiębiorstwo Wodociągów i Kanalizacji Spółka Akcyjna,OTHER / OPEN WORLD,UNKNOWN,122,2573775.0,50.14360655737705
Germany,Germany,"Landeshauptstadt Erfurt, Stadtverwaltung, Stadtkämmerei-Verdingungsstelle",OTHER / OPEN WORLD,OPEN_PUBLIC,122,304964.0,49.851967213114754
Germany,Germany,SBO Servicebetriebe Oberhausen - Eigenbetrieb der Stadt Oberhausen,OTHER / OPEN WORLD,OPEN_PUBLIC,122,172037.99,49.58754098360656
France,France,CONSEIL DEPARTEMENTAL DES PYRENEES-ORIENTALES,OTHER / OPEN WORLD,OPEN_PUBLIC,122,1000000.0,49.37
Quebec,Canada - Quebec,DGCGER (Ministère des transports),OTHER / OPEN WORLD,LIMITED_INVITATION,122,17430.75,49.19426229508197
Germany,Germany,Landkreis Vorpommern-Rügen,OTHER / OPEN WORLD,OPEN_PUBLIC,122,229583.6,48.86360655737705
Germany,Germany,"Stadtverwaltung Worms, Abt. 6.4 Zentrale Ausschreibungsstelle und Dienste",OTHER / OPEN WORLD,OPEN_PUBLIC,122,200973.32,48.27032786885246
France,France,Ile de France Mobilités,OTHER / OPEN WORLD,OPEN_PUBLIC,122,900000.0,47.52475409836065
Germany,Germany,Stadt Nürnberg - Zentrale Dienste,OTHER / OPEN WORLD,OPEN_PUBLIC,122,0.0,47.379016393442626
TED,AUT,Innsbrucker Immobilien GmbH & Co KG,OTHER / OPEN WORLD,UNKNOWN,122,878125.395,47.334426229508196
United Kingdom,United Kingdom,University of Exeter,OTHER / OPEN WORLD,DIRECT_NONCOMPETITIVE,122,46133.0,47.298852459016395
France,France,"Centre Hospitalier de Cayenne ""Andrée ROSEMON""",OTHER / OPEN WORLD,OPEN_PUBLIC,122,255741.5,46.60655737704918
TED,LVA,Siguldas novada pašvaldība,OTHER / OPEN WORLD,UNKNOWN,122,168946.125,45.82081967213115
TED,AUT,KELAG-Kärntner Elektrizitäts-Aktiengesellschaft,OTHER / OPEN WORLD,UNKNOWN,122,153567.5,45.691475409836066
Germany,Germany,Stadt Delmenhorst,OTHER / OPEN WORLD,OPEN_PUBLIC,122,0.01,45.23836065573771
France,France,Ville de la Seyne sur Mer,OTHER / OPEN WORLD,OPEN_PUBLIC,122,353760.0,45.179836065573774
TED,FIN,Etelä-Karjalan hyvinvointialue,OTHER / OPEN WORLD,UNKNOWN,122,800000.0,44.95803278688525
TenderNed,Netherlands,Gemeente Oss,OTHER / OPEN WORLD,UNKNOWN,122,135.0,42.37016393442623
Belgium,BE,Grimbergen,OTHER / OPEN WORLD,UNKNOWN,122,,41.34967213114754
Belgium,BE,BELGOPROCESS NV,OTHER / OPEN WORLD,UNKNOWN,122,,41.271475409836064
Belgium,BE,Direction des Routes du Luxembourg,OTHER / OPEN WORLD,UNKNOWN,122,,41.162295081967216
Belgium,BE,Woonhaven Antwerpen cvba,OTHER / OPEN WORLD,UNKNOWN,122,,41.0
Belgium,BE,Saint-Gilles/ Sint-Gillis,OTHER / OPEN WORLD,UNKNOWN,122,,40.44229508196721
Quebec,Canada - Quebec,Ville de Saint-Lin-Laurentides.,OTHER / OPEN WORLD,DIRECT_NONCOMPETITIVE,121,49310.61,55.86380165289256
TED,CZ,Fakultní nemocnice u sv. Anny v Brně,OTHER / OPEN WORLD,UNKNOWN,121,4313763.5,55.419173553719006
TED,SVK,"Železničná spoločnosť Slovensko, a.s.",OTHER / OPEN WORLD,UNKNOWN,121,4926250.7,54.78264462809917
Quebec,Canada - Quebec,Centre de services scolaire des Découvreurs.,OTHER / OPEN WORLD,DIRECT_NONCOMPETITIVE,121,41071.28,54.29471074380165
TED,HUN,Széchenyi István Egyetem,OTHER / OPEN WORLD,UNKNOWN,121,11099720.0,54.216694214876036
TED,MDA,Instituția Publică „Agenția Servicii Publice”,OTHER / OPEN WORLD,UNKNOWN,121,2965857.5,53.18462809917355
Germany,Germany,GSI Helmholtzzentrum für Schwerionenforschung GmbH,OTHER / OPEN WORLD,OPEN_PUBLIC,121,348596.0,52.653553719008265
TED,ROU,SPITALUL JUDETEAN DE URGENTA BACAU,OTHER / OPEN WORLD,UNKNOWN,121,216100.0,52.40909090909091
United Kingdom,United Kingdom,Post Office Limited,OTHER / OPEN WORLD,OPEN_PUBLIC,121,13207821.7,51.61553719008265
TED,ITA,PROVINCIA DI MONZA E DELLA BRIANZA,OTHER / OPEN WORLD,UNKNOWN,121,786658.14,51.22429752066116
United Kingdom,United Kingdom,SOMERSET NHS FOUNDATION TRUST,OTHER / OPEN WORLD,DIRECT_NONCOMPETITIVE,121,38988.0,50.670082644628096
Germany,Germany,Bau- und Liegenschaftsbetrieb NRW Köln,OTHER / OPEN WORLD,COMPETITIVE_OTHER,121,844240.115,47.77107438016529
France,France,CA PAU BEARN PYRENEES,OTHER / OPEN WORLD,OPEN_PUBLIC,121,480000.0,47.382314049586775
France,France,Ville de Rouen,OTHER / OPEN WORLD,OPEN_PUBLIC,121,722757.0,46.127768595041324
France,France,Ville de Cagnes sur Mer (06),OTHER / OPEN WORLD,OPEN_PUBLIC,121,229404.0,46.04595041322314
Germany,Germany,"Stadt Bochum, Referat Zentraler Einkauf - VI/ZEK2",OTHER / OPEN WORLD,OPEN_PUBLIC,121,,44.53553719008264
Germany,Germany,Max-Planck-Gesellschaft Abt.III,OTHER / OPEN WORLD,OPEN_PUBLIC,121,1.0,44.094710743801656
TenderNed,Netherlands,Gemeente Haarlem,OTHER / OPEN WORLD,UNKNOWN,121,457500.0,43.430247933884296
Canada federal,Canada,National Defence,OTHER / OPEN WORLD,OPEN_PUBLIC,121,29180.135000000002,43.20661157024794
TenderNed,Netherlands,Vitens N.V.,OTHER / OPEN WORLD,UNKNOWN,121,3670000.0,42.580826446280994
TED,ESP,Agencia para la Administración Digital de la CM,OTHER / OPEN WORLD,UNKNOWN,120,1294195.1600000001,56.428666666666665
Quebec,Canada - Quebec,Bibliothèque et Archives nationales du Québec,OTHER / OPEN WORLD,DIRECT_NONCOMPETITIVE,120,68940.0,56.144
Germany,Germany,"Vermögen und Bau Baden-Württemberg, Amt Ravensburg",OTHER / OPEN WORLD,OPEN_PUBLIC,120,340250.6,55.087
TED,HUN,MÁV Magyar Államvasutak Zártkörűen Működő Részvénytársaság,OTHER / OPEN WORLD,UNKNOWN,120,243700000.0,54.904833333333336
Quebec,Canada - Quebec,Cégep régional de Lanaudière,OTHER / OPEN WORLD,DIRECT_NONCOMPETITIVE,120,34920.0,54.5775
TED,ES,SERVICIO MADRILEÑO DE SALUD - HOSPITAL UNIVERSITARIO 12 DE OCTUBRE,OTHER / OPEN WORLD,UNKNOWN,120,224400.0,54.476333333333336
TED,HUN,Magyar Nemzeti Bank,OTHER / OPEN WORLD,UNKNOWN,120,180050500.0,54.030166666666666
United Kingdom,United Kingdom,Derbyshire County Council,OTHER / OPEN WORLD,OPEN_PUBLIC,120,870000.0,52.86483333333333
Quebec,Canada - Quebec,Centre de services scolaire des Samares.,OTHER / OPEN WORLD,OPEN_PUBLIC,120,451440.0,52.17633333333333
TED,ROU,Societatea COMPLEXUL ENERGETIC OLTENIA SA,OTHER / OPEN WORLD,UNKNOWN,120,1346737.98,52.163666666666664
TED,POL,Samodzielny Publiczny ZOZ Wojewódzki Szpital Zespolony im. Jędrzeja Śniadeckiego w Białymstoku,OTHER / OPEN WORLD,UNKNOWN,120,138800.0,52.156333333333336
Germany,Germany,Staatliches Bauamt Augsburg,OTHER / OPEN WORLD,OPEN_PUBLIC,120,370894.35,52.09
TED,NOR,Møre og Romsdal Fylkeskommune,OTHER / OPEN WORLD,UNKNOWN,120,10000000.0,51.67433333333334
TED,CZE,Národní památkový ústav,OTHER / OPEN WORLD,UNKNOWN,120,2852623.0,51.4275
Germany,Germany,"Bundesrepublik Deutschland, vertreten durch das Bundesministerium des Innern, vertreten durch das Beschaffungsamt des BMI",OTHER / OPEN WORLD,DIRECT_NONCOMPETITIVE,120,227500.0,51.303666666666665
TED,POL,Zarząd Dróg Wojewódzkich w Krakowie,OTHER / OPEN WORLD,UNKNOWN,120,1494800.0,51.17
TED,SVN,ZAVOD ZA ZDRAVSTVENO ZAVAROVANJE SLOVENIJE,OTHER / OPEN WORLD,UNKNOWN,120,151000.0,50.67133333333334
TED,NOR,Nordland fylkeskommune,OTHER / OPEN WORLD,UNKNOWN,120,60000000.0,50.464333333333336
France,France,CAISSE DES DEPOTS,OTHER / OPEN WORLD,OPEN_PUBLIC,120,507735.0,50.3375
TED,POL,Gmina Miasto Rzeszów - Urząd Miasta Rzeszowa,OTHER / OPEN WORLD,UNKNOWN,120,2050700.28,50.32866666666666
Germany,Germany,BARMER Beschaffung und Vergabe,OTHER / OPEN WORLD,OPEN_PUBLIC,120,0.01,49.70366666666666
TED,POL,Zagłębiowskie Centrum Onkologii Szpital Specjalistyczny im. Sz. Starkiewicza w Dąbrowie Górniczej,OTHER / OPEN WORLD,UNKNOWN,120,92405.0,49.340666666666664
TED,NOR,Rogaland fylkeskommune,OTHER / OPEN WORLD,UNKNOWN,120,14400000.0,47.8825
France,France,Etablissement Français du Sang,OTHER / OPEN WORLD,OPEN_PUBLIC,120,500000.0,45.552
TED,ESP,Ayuntamiento de Barcelona,OTHER / OPEN WORLD,UNKNOWN,120,764694.97,44.7745
TED,LVA,Ādažu novada pašvaldība,OTHER / OPEN WORLD,UNKNOWN,120,79706.875,44.332
TenderNed,Netherlands,"Ministerie van Defensie, Koninklijke Marine",OTHER / OPEN WORLD,UNKNOWN,120,849591.5,43.7205
TenderNed,Netherlands,Waterschap Rijn en IJssel,OTHER / OPEN WORLD,UNKNOWN,120,154397.5,42.9075
Belgium,BE,Ville de Tubize,OTHER / OPEN WORLD,UNKNOWN,120,,41.7275
Belgium,BE,Scholengroep 26 - 'Mandel en Leie',OTHER / OPEN WORLD,UNKNOWN,120,,41.111
United Kingdom,United Kingdom,BELFAST HEALTH AND SOCIAL CARE TRUST,OTHER / OPEN WORLD,DIRECT_NONCOMPETITIVE,119,300000.0,58.81781512605042
TED,HRV,JADROLINIJA,OTHER / OPEN WORLD,UNKNOWN,119,416469.93,54.996638655462185
TED,CZE,Statutární město Plzeň,OTHER / OPEN WORLD,UNKNOWN,119,7843996.0,54.37596638655462
TED,HRV,HOPS d.d.,OTHER / OPEN WORLD,UNKNOWN,119,599097.17,54.3181512605042
United Kingdom,United Kingdom,NHS West Yorkshire Integrated Care Board,OTHER / OPEN WORLD,UNKNOWN,119,805662.98,54.26739495798319
TED,HRV,Hrvatske ceste d.o.o.,OTHER / OPEN WORLD,UNKNOWN,119,444798.565,53.71731092436975
TED,SWE,Region Västmanland,OTHER / OPEN WORLD,UNKNOWN,119,17000000.0,53.59529411764706
Quebec,Canada - Quebec,Ville de Boucherville,OTHER / OPEN WORLD,OPEN_PUBLIC,119,304614.65,53.45512605042017
TED,SWE,Serviceförvaltningen,OTHER / OPEN WORLD,UNKNOWN,119,20250000.0,53.15613445378151
TED,CHE,Stadt Zürich Amt für Hochbauten,OTHER / OPEN WORLD,UNKNOWN,119,696130.2,52.19966386554622
TED,DNK,I/S Vestforbrænding og datterselskaber,OTHER / OPEN WORLD,UNKNOWN,119,13067703.5,52.13949579831933
Germany,Germany,Polizei Berlin,OTHER / OPEN WORLD,OPEN_PUBLIC,119,404400.0,51.66638655462185
Germany,Germany,Staatl. Bauamt München 1,OTHER / OPEN WORLD,OPEN_PUBLIC,119,455879.03,51.248403361344536
TED,POL,Telewizja Polska S.A. w likwidacji,OTHER / OPEN WORLD,UNKNOWN,119,2816710.2199999997,51.188739495798316
TED,ESP,Dirección General - Osakidetza,OTHER / OPEN WORLD,UNKNOWN,119,760434.0,51.12386554621849
TED,ESP,"Área de Gobierno de Economía, Innovación y Hacienda del Ayuntamiento de Madrid",OTHER / OPEN WORLD,UNKNOWN,119,757236.29,50.520840336134455
TED,POL,Specjalistyczny Szpital im. E. Szczeklika w Tarnowie,OTHER / OPEN WORLD,UNKNOWN,119,134655.0,50.15075630252101
TED,ESP,"Madrid Destino Cultura Turismo y Negocio, S.A.",OTHER / OPEN WORLD,UNKNOWN,119,237000.0,50.12
TED,POL,Specjalistyczny Szpital im. dra Alfreda Sokołowskiego,OTHER / OPEN WORLD,UNKNOWN,119,193200.0,49.34016806722689
TED,POL,Wojskowa Akademia Techniczna im. Jarosława Dąbrowskiego,OTHER / OPEN WORLD,UNKNOWN,119,1477282.5,48.57848739495798
Germany,Germany,Karlsruher Institut für Technologie,OTHER / OPEN WORLD,OPEN_PUBLIC,119,745190.66,48.47075630252101
Germany,Germany,Gebäudemanagementbetrieb der Landeshauptstadt Saarbrücken - GMS,OTHER / OPEN WORLD,OPEN_PUBLIC,119,,46.60672268907563
France,France,Département de Maine-et-Loire,OTHER / OPEN WORLD,OPEN_PUBLIC,119,600000.0,46.470588235294116
France,France,Communauté d'agglomération du Boulonnais,OTHER / OPEN WORLD,OPEN_PUBLIC,119,1000000.0,46.12571428571429
Germany,Germany,DEGES Deutsche Einheit Fernstraßenplanungs- und -bau GmbH,OTHER / OPEN WORLD,COMPETITIVE_OTHER,119,3916026.365,45.8235294117647
Germany,Germany,"Bundesagentur für Arbeit, Regionales Einkaufszentrum BB/SAT, Niederlassung Halle",OTHER / OPEN WORLD,OPEN_PUBLIC,119,0.01,45.39579831932773
France,France,Département des Côtes d'Armor,OTHER / OPEN WORLD,OPEN_PUBLIC,119,357500.0,45.326050420168066
TED,LVA,Valsts SIA Nacionālais rehabilitācijas centrs Vaivari,OTHER / OPEN WORLD,UNKNOWN,119,25536.0,44.52235294117647
TenderNed,Netherlands,Gemeente Zwolle,OTHER / OPEN WORLD,UNKNOWN,119,1.0,41.10689075630252
United Kingdom,United Kingdom,NHS Lancashire and South Cumbria Integrated Care Board,OTHER / OPEN WORLD,UNKNOWN,118,124928.0,56.05542372881356
Ireland,Ireland,University College Dublin ( UCD ),OTHER / OPEN WORLD,OPEN_PUBLIC,118,200000.0,55.27186440677966
United Kingdom,United Kingdom,Coventry University,OTHER / OPEN WORLD,DIRECT_NONCOMPETITIVE,118,100000.0,54.690169491525424
Quebec,Canada - Quebec,Municipalité de Rawdon,OTHER / OPEN WORLD,DIRECT_NONCOMPETITIVE,118,47714.625,54.679661016949154
TED,CZ,HLAVNÍ MĚSTO PRAHA,OTHER / OPEN WORLD,UNKNOWN,118,4600000.0,54.539661016949154
TED,SWE,Kungliga Tekniska högskolan,OTHER / OPEN WORLD,UNKNOWN,118,4600000.0,54.32
TED,ESP,Servicio de Salud - Servicios Centrales,OTHER / OPEN WORLD,UNKNOWN,118,456278.12,53.73966101694915
TED,CZE,Ministerstvo pro místní rozvoj,OTHER / OPEN WORLD,UNKNOWN,118,2499600.0,53.533559322033895
TED,ESP,Servicio Andaluz de Salud. Hospital Universitario de Jaén,OTHER / OPEN WORLD,UNKNOWN,118,714347.07,53.26169491525424
TED,PT,Infraestruturas de Portugal S.A.,OTHER / OPEN WORLD,UNKNOWN,118,600000.0,52.61593220338983
TED,ROU,JUDETUL CLUJ (CONSILIUL JUDETEAN),OTHER / OPEN WORLD,UNKNOWN,118,1062053.5,51.96389830508475
TED,ITA,ANAS S.P.A.,OTHER / OPEN WORLD,UNKNOWN,118,8675021.73,51.65728813559322
TED,DNK,Københavns Universitet,OTHER / OPEN WORLD,UNKNOWN,118,1936275.4,51.486271186440675
TED,ROU,Spital Clinic Judetean de Urgenta Arad,OTHER / OPEN WORLD,UNKNOWN,118,118962.0,51.28983050847457
TED,AUT,Flughafen Wien AG,OTHER / OPEN WORLD,UNKNOWN,118,1199600.0,48.942033898305084
France,France,Saint-Etienne Métropole,OTHER / OPEN WORLD,OPEN_PUBLIC,118,454679.03,48.55135593220339
TED,NOR,Norsk rikskringkasting AS,OTHER / OPEN WORLD,UNKNOWN,118,5900000.0,47.36406779661017
France,France,Centre des monuments nationaux,OTHER / OPEN WORLD,OPEN_PUBLIC,118,261587.76,47.27813559322034
TED,LTU,Gynybos resursų agentūra prie Krašto apsaugos ministerijos,OTHER / OPEN WORLD,UNKNOWN,118,254847.6,46.82508474576271
TED,NOR,Fredrikstad kommune,OTHER / OPEN WORLD,UNKNOWN,118,8000000.0,45.95559322033898
France,France,Ville du Mans,OTHER / OPEN WORLD,OPEN_PUBLIC,118,139010.0,45.681525423728814
TED,ITA,Azienda Zero Passaggio Gaudenzio 1 - Padova,OTHER / OPEN WORLD,UNKNOWN,118,400000.0,41.34728813559322
Belgium,BE,Waterloo,OTHER / OPEN WORLD,UNKNOWN,118,,40.92677966101695
TED,ROU,Serviciul de Telecomunicatii Speciale,OTHER / OPEN WORLD,UNKNOWN,117,2576250.0,56.325982905982904
TED,ESP,Servicio Andaluz de Salud. Hospital Universitario Virgen de las Nieves,OTHER / OPEN WORLD,UNKNOWN,117,897729.21,55.265641025641024
Germany,Germany,"Vermögen und Bau Baden-Württemberg, Amt Karlsruhe",OTHER / OPEN WORLD,OPEN_PUBLIC,117,343195.46,54.94615384615385
TED,GRC,"ΥΠΟΥΡΓΕΙΟ ΚΛΙΜΑΤΙΚΗΣ ΚΡΙΣΗΣ ΚΑΙ ΠΟΛΙΤΙΚΗΣ ΠΡΟΣΤΑΣΙΑΣ, ΓΕΝΙΚΗ ΓΡΑΜΜΑΤΕΙΑ ΠΟΛΙΤΙΚΗΣ ΠΡΟΣΤΑΣΙΑΣ, ΓΕΝΙΚΗ ΔΙΕΥΘΥΝΣΗ ΟΙΚΟΝΟΜΙΚΩΝ ΥΠΗΡΕΣΙΩΝ /ΔΙΕΥΘΥΝΣΗ ΠΡΟΜΗΘΕΙΩΝ/ Α΄ ΤΜΗΜΑ ΔΙΕΝΕΡΓΕΙΑΣ ΔΙΑΔΙΚΑΣΙΩΝ ΔΗΜΟΣΙΩΝ ΣΥΜΒΑΣΕΩΝ",OTHER / OPEN WORLD,UNKNOWN,117,886023.5549999999,54.20957264957265
Ireland,Ireland,Raidió Teilifís Éireann ( RTÉ ),OTHER / OPEN WORLD,OPEN_PUBLIC,117,180000.0,54.0608547008547
TED,ROU,"UNIVERSITATEA ""BABES-BOLYAI""",OTHER / OPEN WORLD,UNKNOWN,117,173598.95500000002,53.635555555555555
TED,BGR,"Главна дирекция ""Гранична полиция"" /ГДГП/ към Министерство на вътрешните работи /МВР/",OTHER / OPEN WORLD,UNKNOWN,117,368185.5,53.61401709401709
TED,CZE,Liberecký kraj,OTHER / OPEN WORLD,UNKNOWN,117,5786300.6899999995,51.52564102564103
TED,ITA,ASL BA,OTHER / OPEN WORLD,UNKNOWN,117,899560.0,51.06974358974359
Ireland,Ireland,Sligo County Council,OTHER / OPEN WORLD,OPEN_PUBLIC,117,205665.0,51.03641025641026
TED,POL,Miasto Łódź - Urząd Miasta Łodzi,OTHER / OPEN WORLD,UNKNOWN,117,2032580.98,50.59076923076923
TED,BG,Министерство на вътрешните работи,OTHER / OPEN WORLD,UNKNOWN,117,200000.0,49.67025641025641
Germany,Germany,Stadt Sankt Augustin,OTHER / OPEN WORLD,OPEN_PUBLIC,117,168360.0,49.536923076923074
TED,ESP,Junta de Gobierno del Ayuntamiento de Logroño,OTHER / OPEN WORLD,UNKNOWN,117,615065.46,49.14290598290598
TED,POL,Szpital Wolski Sp. z o.o.,OTHER / OPEN WORLD,UNKNOWN,117,151200.0,48.9591452991453
France,France,Ville de Puteaux,OTHER / OPEN WORLD,OPEN_PUBLIC,117,316000.0,47.926153846153845
TED,MKD,Ministry of internal affairs,OTHER / OPEN WORLD,UNKNOWN,117,30000000.0,47.666666666666664
TED,NOR,Oslo kommune v/ Vann- og avløpsetaten,OTHER / OPEN WORLD,UNKNOWN,117,10000000.0,47.17111111111111
TED,FIN,HUS Kiinteistöt Oy,OTHER / OPEN WORLD,UNKNOWN,117,900000.0,47.017435897435895
France,France,Ville de Saint Etienne,OTHER / OPEN WORLD,OPEN_PUBLIC,117,710000.0,46.663589743589746
France,France,LIMOGES METROPOLE - Communauté urbaine,OTHER / OPEN WORLD,OPEN_PUBLIC,117,440000.0,46.27333333333333
France,France,OPPIC,OTHER / OPEN WORLD,OPEN_PUBLIC,117,417227.5,45.639487179487176
TED,LVA,"SIA ""Rīgas nami""",OTHER / OPEN WORLD,UNKNOWN,117,178953.0,45.24273504273504
France,France,Groupement Hospitalier de Territoire d'Eure-et-Loir,OTHER / OPEN WORLD,OPEN_PUBLIC,117,641430.0,44.284615384615385
TenderNed,Netherlands,Waterschap Hollandse Delta,OTHER / OPEN WORLD,UNKNOWN,117,937500.0,42.99076923076923
Belgium,BE,Stad Oostende,OTHER / OPEN WORLD,UNKNOWN,117,,41.33846153846154
Belgium,BE,Sciensano,OTHER / OPEN WORLD,UNKNOWN,117,,41.121538461538464
Belgium,BE,Sibelga,OTHER / OPEN WORLD,UNKNOWN,117,,40.926153846153845
Belgium,BE,Association Intercommunale IDELUX Eau,OTHER / OPEN WORLD,UNKNOWN,117,,40.36615384615384
Quebec,Canada - Quebec,Ville de Sainte-Agathe-des-Monts.,OTHER / OPEN WORLD,DIRECT_NONCOMPETITIVE,116,52845.39,55.258620689655174
TED,CZ,"ČEPRO, a.s.",OTHER / OPEN WORLD,UNKNOWN,116,7137055.5,54.28948275862069
TED,SWE,Botkyrka kommun,OTHER / OPEN WORLD,UNKNOWN,116,14000000.0,53.52534482758621
United Kingdom,United Kingdom,National Highways,OTHER / OPEN WORLD,DIRECT_NONCOMPETITIVE,116,95548.045,53.45793103448276
TED,DNK,DSB,OTHER / OPEN WORLD,UNKNOWN,116,40817448.0,51.958103448275864
TED,ITA,INTERCENT-ER AGENZIA REGIONALE DI SVILUPPO DEI MERCATI TELEMATICI,OTHER / OPEN WORLD,UNKNOWN,116,1607615.56,51.93931034482759
Quebec,Canada - Quebec,Centre de services scolaire des Chênes.,OTHER / OPEN WORLD,OPEN_PUBLIC,116,199542.625,51.604827586206895
TED,ROU,SPITALUL JUDETEAN SATU MARE,OTHER / OPEN WORLD,UNKNOWN,116,59329.44,51.27172413793104
TED,BGR,"УНИВЕРСИТЕТСКА МНОГОПРОФИЛНА БОЛНИЦА ЗА АКТИВНО ЛЕЧЕНИЕ ""КАНЕВ"" АД",OTHER / OPEN WORLD,UNKNOWN,116,166374.38,50.36362068965517
TED,ESP,CONSORCIO CORPORACIÓ SANITÀRIA PARC TAULÍ DE SABADELL,OTHER / OPEN WORLD,UNKNOWN,116,225827.37,49.68327586206897
TED,BGR,МИНИСТЕРСТВО НА РЕГИОНАЛНОТО РАЗВИТИЕ И БЛАГОУСТРОЙСТВОТО,OTHER / OPEN WORLD,UNKNOWN,116,89691.51000000001,49.680689655172415
TED,LU,Administration des bâtiments publics,OTHER / OPEN WORLD,UNKNOWN,116,678479.71,49.634827586206896
United Kingdom,United Kingdom,Essex County Council,OTHER / OPEN WORLD,UNKNOWN,116,3247899.0,48.81189655172414
United Kingdom,United Kingdom,Leeds City Council,OTHER / OPEN WORLD,UNKNOWN,116,2450000.0,48.34724137931035
TED,BG,МИНИСТЕРСТВО НА ЗДРАВЕОПАЗВАНЕТО,OTHER / OPEN WORLD,UNKNOWN,116,32495.44,47.502931034482756
France,France,Département de la Dordogne,OTHER / OPEN WORLD,OPEN_PUBLIC,116,450000.0,46.75844827586207
Germany,Germany,Stadt Borken,OTHER / OPEN WORLD,OPEN_PUBLIC,116,109226.36499999999,46.63103448275862
TED,POL,SPECJALISTYCZNY ZESPÓŁ OPIEKI ZDROWOTNEJ NAD MATKĄ I DZIECKIEM W POZNANIU,OTHER / OPEN WORLD,UNKNOWN,116,55201.12,46.38913793103448
TenderNed,Netherlands,Rijksinkoopsamenwerking (RIS),OTHER / OPEN WORLD,UNKNOWN,116,1439373.5,45.41620689655172
France,France,CHU SAINT ETIENNE,OTHER / OPEN WORLD,OPEN_PUBLIC,116,346545.11,45.10068965517242
TenderNed,Netherlands,Provincie Noord-Holland,OTHER / OPEN WORLD,UNKNOWN,116,715000.0,44.56637931034483
TED,NOR,Sarpsborg kommune,OTHER / OPEN WORLD,UNKNOWN,116,4608949.0,44.42189655172414
TenderNed,Netherlands,Wetterskip Fryslân,OTHER / OPEN WORLD,UNKNOWN,116,579625.0,44.30982758620689
France,France,HOPITAUX DE PROVENCE,OTHER / OPEN WORLD,OPEN_PUBLIC,116,221125.0,44.28189655172414
TenderNed,Netherlands,Provincie Overijssel,OTHER / OPEN WORLD,UNKNOWN,116,400000.0,42.92568965517241
Belgium,BE,Courcelles(3p),OTHER / OPEN WORLD,UNKNOWN,116,,41.12724137931035
France,France,Service commande publique,OTHER / OPEN WORLD,UNKNOWN,116,497850.0,40.02396551724138
Quebec,Canada - Quebec,Régie régionale de la santé et des services sociaux du Nunavik,OTHER / OPEN WORLD,DIRECT_NONCOMPETITIVE,115,55470.0,57.30869565217391
Quebec,Canada - Quebec,Santé Québec Est-de-l’Île-de-Montréal – Universitaire,OTHER / OPEN WORLD,DIRECT_NONCOMPETITIVE,115,58922.87,56.38208695652174
Quebec,Canada - Quebec,Loto-Québec .,OTHER / OPEN WORLD,OPEN_PUBLIC,115,737954.9,55.33634782608696
TED,CZE,"Národní agentura pro komunikační a informační technologie, s. p.",OTHER / OPEN WORLD,UNKNOWN,115,25500000.0,55.04695652173913
Quebec,Canada - Quebec,CÉGEP Sherbrooke,OTHER / OPEN WORLD,DIRECT_NONCOMPETITIVE,115,37000.0,54.85913043478261
TED,ROU,Universitatea Stefan cel Mare Suceava,OTHER / OPEN WORLD,UNKNOWN,115,187282.5,54.58121739130435
TED,SWE,Karolinska Institutet,OTHER / OPEN WORLD,UNKNOWN,115,3500000.0,54.49321739130435
Quebec,Canada - Quebec,Soutien aux opérations de la DST,OTHER / OPEN WORLD,DIRECT_NONCOMPETITIVE,115,44422.0,54.259130434782605
Quebec,Canada - Quebec,Ville de Bécancour.,OTHER / OPEN WORLD,OPEN_PUBLIC,115,204741.72,52.137565217391305
Quebec,Canada - Quebec,Nunavik Housing Bureau | Office d'Habitation du Nunavik,OTHER / OPEN WORLD,OPEN_PUBLIC,115,1643866.25,51.49443478260869
Quebec,Canada - Quebec,Centre de services scolaire de la Beauce-Etchemin,OTHER / OPEN WORLD,LIMITED_INVITATION,115,40394.955,50.99913043478261
TED,BGR,"Университетска многопрофилна болница за активно лечение ""Света Екатерина"" ЕАД",OTHER / OPEN WORLD,UNKNOWN,115,198000.0,50.60382608695652
Germany,Germany,Staatliches Bauamt Bamberg,OTHER / OPEN WORLD,OPEN_PUBLIC,115,265526.475,50.45965217391304
TED,SVN,SPLOŠNA BOLNIŠNICA CELJE,OTHER / OPEN WORLD,UNKNOWN,115,152544.0,49.82782608695652
TED,POL,Skarb Państwa - Jednostka Wojskowa Nr 2305,OTHER / OPEN WORLD,UNKNOWN,115,996031.1799999999,49.15339130434783
TED,AT,Autobahnen- und Schnellstraßen-Finanzierungs-Aktiengesellschaft,OTHER / OPEN WORLD,UNKNOWN,115,990034.75,46.97930434782609
TenderNed,Netherlands,Gemeente Pijnacker-Nootdorp,OTHER / OPEN WORLD,UNKNOWN,115,408096.0,46.943652173913044
France,France,Ville de Neuilly-sur-Seine,OTHER / OPEN WORLD,OPEN_PUBLIC,115,389184.0,46.827304347826086
Germany,Germany,Grün Berlin GmbH,OTHER / OPEN WORLD,OPEN_PUBLIC,115,455766.0,46.64417391304348
France,France,Ville d'Avignon,OTHER / OPEN WORLD,OPEN_PUBLIC,115,760000.0,45.60695652173913
France,France,Collectivité,OTHER / OPEN WORLD,OPEN_PUBLIC,115,187942.0,45.36121739130435
TED,LVA,Dobeles novada pašvaldība,OTHER / OPEN WORLD,UNKNOWN,115,84430.0,44.66591304347826
Belgium,BE,Poperinge,OTHER / OPEN WORLD,UNKNOWN,115,,41.16591304347826
Belgium,BE,MercurHosp ASBL,OTHER / OPEN WORLD,UNKNOWN,115,,39.47704347826087
Canada federal,Canada,Parks Canada Agency (PC),Courier / mail fulfilment,OPEN_PUBLIC,114,204630.57,60.95473684210526
Quebec,Canada - Quebec,Retraite Québec,OTHER / OPEN WORLD,DIRECT_NONCOMPETITIVE,114,66125.0,57.28
Quebec,Canada - Quebec,Autorité des marchés financiers.,OTHER / OPEN WORLD,DIRECT_NONCOMPETITIVE,114,58750.0,56.473684210526315
Ireland,Ireland,Department of Agriculture Food and the Marine,OTHER / OPEN WORLD,OPEN_PUBLIC,114,262018.0,55.81947368421053
TED,CZE,Oblastní nemocnice Náchod a.s.,OTHER / OPEN WORLD,UNKNOWN,114,965342.8,54.83263157894737
Quebec,Canada - Quebec,Centre de services scolaire des Affluents,OTHER / OPEN WORLD,OPEN_PUBLIC,114,326760.735,53.776666666666664
TED,SWE,Chalmers Tekniska Högskola Aktiebolag,OTHER / OPEN WORLD,UNKNOWN,114,4000000.0,53.65736842105263
United Kingdom,United Kingdom,NHS Cornwall and the Isles of Scilly Integrated Care Board,OTHER / OPEN WORLD,DIRECT_NONCOMPETITIVE,114,145000.0,53.63859649122807
TED,ESP,"CONSEJERÍA DE EDUCACIÓN, CIENCIA Y UNIVERSIDADES (COMUNIDAD DE MADRID)",OTHER / OPEN WORLD,UNKNOWN,114,2637082.76,53.07859649122807
TED,ITA,ROMA CAPITALE,OTHER / OPEN WORLD,UNKNOWN,114,5862040.4,53.07684210526316
Ireland,Ireland,Kildare County Council,OTHER / OPEN WORLD,OPEN_PUBLIC,114,344251.0,52.95561403508772
Germany,Germany,Stadt Salzgitter,OTHER / OPEN WORLD,OPEN_PUBLIC,114,230947.0,52.663333333333334
Quebec,Canada - Quebec,Ville de Mont-Royal.,OTHER / OPEN WORLD,OPEN_PUBLIC,114,195567.945,52.15859649122807
TED,SWE,Varuförsörjningen,OTHER / OPEN WORLD,UNKNOWN,114,36000000.0,51.65298245614035
TED,ESP,Junta de Gobierno de la Diputación Provincial de Almería,OTHER / OPEN WORLD,UNKNOWN,114,236548.99,51.6159649122807
TED,POL,Samodzielny Publiczny Zakład Opieki Zdrowotnej Uniwersytecki Szpital Kliniczny nr 2 Uniwersytetu Medycznego w Łodzi,OTHER / OPEN WORLD,UNKNOWN,114,298945.45,51.42754385964912
United Kingdom,United Kingdom,National Highways Limited,OTHER / OPEN WORLD,DIRECT_NONCOMPETITIVE,114,40000.0,51.25017543859649
TED,POL,AQUANET S.A.,OTHER / OPEN WORLD,UNKNOWN,114,560684.075,51.171052631578945
TED,POL,Komenda Portu Wojennego Gdynia,OTHER / OPEN WORLD,UNKNOWN,114,1526868.17,50.86929824561403
TED,AUT,Magistrat der Stadt Wien - Magistratsabteilung 01,OTHER / OPEN WORLD,UNKNOWN,114,644785.0,50.86210526315789
United Kingdom,United Kingdom,City of Doncaster Council,OTHER / OPEN WORLD,DIRECT_NONCOMPETITIVE,114,40000.0,50.7321052631579
TED,POL,Podlaski Zarząd Dróg Wojewódzkich w Białymstoku,OTHER / OPEN WORLD,UNKNOWN,114,225000.0,50.45894736842105
TED,POL,Polskie Koleje Państwowe S.A.,OTHER / OPEN WORLD,UNKNOWN,114,514559.32,48.81982456140351
TED,POL,Szpital Wojewódzki im. Kardynała Stefana Wyszyńskiego w Łomży,OTHER / OPEN WORLD,UNKNOWN,114,157118.5,48.72
TED,POL,Politechnika Poznańska,OTHER / OPEN WORLD,UNKNOWN,114,330963.2,48.42578947368421
TED,POL,Specjalistyczny Szpital Miejski im. M. Kopernika w Toruniu,OTHER / OPEN WORLD,UNKNOWN,114,495677.93,48.29631578947368
TED,BGR,ОБЩИНА СЕВЛИЕВО,OTHER / OPEN WORLD,UNKNOWN,114,13556.635,47.246842105263156
TED,LTU,Vilniaus universitetas,OTHER / OPEN WORLD,UNKNOWN,114,82571.0,47.03333333333333
Germany,Germany,Stadt Pforzheim - Zentrale Vergabestelle,OTHER / OPEN WORLD,OPEN_PUBLIC,114,0.005,46.48947368421052
TED,POL,Wojewódzki Szpital Podkarpacki im. Jana Pawła II w Krośnie,OTHER / OPEN WORLD,UNKNOWN,114,120884.0,46.4159649122807
TED,AT,Stadt Wien - Wiener Wohnen,OTHER / OPEN WORLD,UNKNOWN,114,291783.5,46.342456140350876
France,France,Région Bretagne,OTHER / OPEN WORLD,OPEN_PUBLIC,114,1060000.0,46.06
France,France,Dijon Métropole,OTHER / OPEN WORLD,OPEN_PUBLIC,114,719000.0,45.816315789473684
TenderNed,Netherlands,Hoogheemraadschap van Rijnland,OTHER / OPEN WORLD,UNKNOWN,114,355078.55,44.89526315789474
TED,LV,Liepājas valstspilsētas pašvaldība,OTHER / OPEN WORLD,UNKNOWN,114,29378.96,43.64438596491228
TenderNed,Netherlands,gemeente Sittard-Geleen,OTHER / OPEN WORLD,UNKNOWN,114,1.0,42.39684210526316
Belgium,BE,Wevelgem,OTHER / OPEN WORLD,UNKNOWN,114,,41.213157894736845
Belgium,BE,Jette,OTHER / OPEN WORLD,UNKNOWN,114,,40.9478947368421
Canada federal,Canada,Royal Canadian Mounted Police (RCMP),Website / CMS build or redesign,OPEN_PUBLIC,113,136394.475,74.52035398230089
Quebec,Canada - Quebec,Société de Transport de l'Outaouais.,OTHER / OPEN WORLD,DIRECT_NONCOMPETITIVE,113,55705.39,55.86017699115044
Quebec,Canada - Quebec,Centre de services Scolaire des Phares.,OTHER / OPEN WORLD,DIRECT_NONCOMPETITIVE,113,54660.0,55.55805309734513
TED,CZ,Ministerstvo vnitra,OTHER / OPEN WORLD,UNKNOWN,113,12517217.0,55.30867256637168
Quebec,Canada - Quebec,Ville de Mirabel,OTHER / OPEN WORLD,DIRECT_NONCOMPETITIVE,113,45355.63,54.54230088495575
Germany,Germany,"Stadt Essen, vertreten durch die GVE Grundstücksverwaltung Stadt Essen GmbH",OTHER / OPEN WORLD,OPEN_PUBLIC,113,161378.0,54.15256637168142
TED,ROU,"COMPANIA NATIONALA DE TRANSPORT AL ENERGIEI ELECTRICE ""TRANSELECTRICA"" S.A.",OTHER / OPEN WORLD,UNKNOWN,113,13996190.0,54.130973451327435
TED,SWE,Kalmar kommun,OTHER / OPEN WORLD,UNKNOWN,113,10000000.0,54.0975221238938
TED,POL,European Border and Coast Guard Agency (FRONTEX),OTHER / OPEN WORLD,UNKNOWN,113,3090000.0,53.72424778761062
Quebec,Canada - Quebec,Ville de Montréal - Service de la gestion et de la planification immobilière,OTHER / OPEN WORLD,DIRECT_NONCOMPETITIVE,113,45717.875,53.49256637168141
Quebec,Canada - Quebec,Université du Québec à Trois-Rivières,OTHER / OPEN WORLD,OPEN_PUBLIC,113,199176.0,53.439115044247785
TED,BGR,МИНИ МАРИЦА - ИЗТОК ЕАД,OTHER / OPEN WORLD,UNKNOWN,113,756800.0,53.11079646017699
Quebec,Canada - Quebec,Ville de Baie-Comeau,OTHER / OPEN WORLD,OPEN_PUBLIC,113,271722.38,52.50725663716814
TED,ESP,Presidencia de la Diputación de Badajoz,OTHER / OPEN WORLD,UNKNOWN,113,280991.0,52.34194690265487
TED,ROU,Spitalul Clinic Municipal de Urgenta Timisoara,OTHER / OPEN WORLD,UNKNOWN,113,154650.0,52.09504424778761
Ireland,Ireland,Health Service Executive (HSE),OTHER / OPEN WORLD,FRAMEWORK_DPS_CALLOFF,113,1722600.0,51.818230088495575
TED,ESP,Dirección General del Agua,OTHER / OPEN WORLD,UNKNOWN,113,2215161.555,51.80159292035398
Germany,Germany,"Bundesamt für Bauwesen und Raumordnung, in Vertretung der Stiftung Preußischer Kulturbesitz",OTHER / OPEN WORLD,OPEN_PUBLIC,113,328795.22,51.23929203539823
United Kingdom,United Kingdom,Home Office,OTHER / OPEN WORLD,DIRECT_NONCOMPETITIVE,113,74976.0,51.1070796460177
TED,BGR,НАЦИОНАЛНА АГЕНЦИЯ ЗА ПРИХОДИТЕ,OTHER / OPEN WORLD,UNKNOWN,113,98607.75,49.97221238938053
Germany,Germany,"Kreisausschuss Main-Taunus-Kreis, Hochbau- und Liegenschaftsamt",OTHER / OPEN WORLD,OPEN_PUBLIC,113,245373.18,49.39716814159292
TED,POL,Wojskowy Ośrodek Farmacji i Techniki Medycznej,OTHER / OPEN WORLD,UNKNOWN,113,145241.64,48.522477876106194
TED,ESP,Presidencia de la Confederación Hidrográfica del Ebro,OTHER / OPEN WORLD,UNKNOWN,113,333000.0,48.09327433628319
TED,POL,Uniwersytecki Dziecięcy Szpital Kliniczny im. L. Zamenhofa w Białymstoku,OTHER / OPEN WORLD,UNKNOWN,113,195531.2975,46.848141592920356
United Kingdom,United Kingdom,HOUSING 21,OTHER / OPEN WORLD,COMPETITIVE_OTHER,113,71918.86,46.72442477876106
TED,ESP,"Secretaría General de la Consejería de Educación, Cultura y Deportes de la Junta de Comunidades de Castilla-La Mancha",OTHER / OPEN WORLD,UNKNOWN,113,118433.7,46.17752212389381
TED,AUT,Land Tirol,OTHER / OPEN WORLD,UNKNOWN,113,230000.0,46.06159292035398
Belgium,BE,"Agence Intercommunale de Développement de Tournai, d'Ath et des communes avoisinantes IDETA scrl",OTHER / OPEN WORLD,UNKNOWN,113,,41.13380530973451
Belgium,BE,Hospilim VZW,OTHER / OPEN WORLD,UNKNOWN,113,,40.98407079646018
Belgium,BE,Tibi - Entreprise publique de gestion des déchets société coopérative - Intercommunale,OTHER / OPEN WORLD,UNKNOWN,113,,39.139469026548674
Germany,Germany,Forschungszentrum Jülich GmbH,OTHER / OPEN WORLD,DIRECT_NONCOMPETITIVE,112,221000.0,56.90482142857143
Quebec,Canada - Quebec,Ville de Montréal - Arrondissement Montréal-Nord.,OTHER / OPEN WORLD,DIRECT_NONCOMPETITIVE,112,57788.5,55.651428571428575
Quebec,Canada - Quebec,SQI-Direction immobilière de l'Estrie et de la Montérégie,OTHER / OPEN WORLD,DIRECT_NONCOMPETITIVE,112,44120.955,54.55589285714286
TED,ESP,Junta de Gobierno del Ayuntamiento de Murcia,OTHER / OPEN WORLD,UNKNOWN,112,548575.5900000001,54.42196428571429
TED,CZE,Brněnské komunikace a.s.,OTHER / OPEN WORLD,UNKNOWN,112,5561000.0,54.41446428571429
Ireland,Ireland,Cavan County Council,OTHER / OPEN WORLD,OPEN_PUBLIC,112,137250.0,54.19517857142857
Quebec,Canada - Quebec,Centre de services scolaire des Mille-Îles,OTHER / OPEN WORLD,OPEN_PUBLIC,112,371480.0,54.10321428571429
TED,CZ,"Nemocnice Pardubického kraje, a.s.",OTHER / OPEN WORLD,UNKNOWN,112,1172500.0,53.405
TED,ITA,Comune di Palermo,OTHER / OPEN WORLD,UNKNOWN,112,1260001.27,53.18821428571429
TED,ESP,Fábrica Nacional de Moneda y Timbre - Real Casa de la Moneda,OTHER / OPEN WORLD,UNKNOWN,112,229140.0,51.941607142857144
TED,ESP,"Sociedad Mercantil Estatal de Infraestructuras Agrarias, S.A. (SEIASA)",OTHER / OPEN WORLD,UNKNOWN,112,345251.3,51.036964285714284
TED,PRT,"Unidade Local de Saúde de Lisboa Ocidental, EPE",OTHER / OPEN WORLD,UNKNOWN,112,498500.0,50.909107142857145
TED,BGR,Изпълнителна агенция “Военни клубове и военно-почивно дело”,OTHER / OPEN WORLD,UNKNOWN,112,84743.89,50.19482142857143
TED,POL,Miasto Białystok,OTHER / OPEN WORLD,UNKNOWN,112,1794675.0,49.91892857142857
TED,ESP,HOSPITAL UNIVERSITARIO RAMÓN Y CAJAL,OTHER / OPEN WORLD,UNKNOWN,112,275235.0,49.667678571428574
TED,ESP,Servicio Andaluz de Salud. Hospital Universitario Reina Sofía.,OTHER / OPEN WORLD,UNKNOWN,112,535500.0,49.019285714285715
TED,ESP,Institut Municipal de Serveis Socials,OTHER / OPEN WORLD,UNKNOWN,112,2497115.705,48.556607142857146
TED,POL,Rządowa Agencja Rezerw Strategicznych,OTHER / OPEN WORLD,UNKNOWN,112,2536890.3,47.37375
TED,POL,Gmina Wrocław - Urząd Miejski Wrocławia,OTHER / OPEN WORLD,UNKNOWN,112,1794151.93,46.661071428571425
Belgium,BE,Institut bruxellois francophone pour la Formation professionnelle,OTHER / OPEN WORLD,UNKNOWN,112,,46.44660714285714
France,France,Conseil Départemental du Morbihan,OTHER / OPEN WORLD,OPEN_PUBLIC,112,387450.0,46.35392857142857
United Kingdom,United Kingdom,Rhondda Cynon Taf CBC,OTHER / OPEN WORLD,COMPETITIVE_OTHER,112,68884.8,45.986964285714286
TED,LVA,SIA “ZAAO”,OTHER / OPEN WORLD,UNKNOWN,112,92156.0,45.69732142857143
TED,LVA,SIA “Rīgas meži”,OTHER / OPEN WORLD,UNKNOWN,112,47500.0,44.730357142857144
TenderNed,Netherlands,Waterschap Hunze en Aa's,OTHER / OPEN WORLD,UNKNOWN,112,760000.0,43.8575
United Kingdom,United Kingdom,NHS West Yorkshire Integrated Care Board,OTHER / OPEN WORLD,DIRECT_NONCOMPETITIVE,111,530000.0,57.46018018018018
Quebec,Canada - Quebec,Ville de Montréal - Arrondissement de Lachine,OTHER / OPEN WORLD,DIRECT_NONCOMPETITIVE,111,53622.615,55.06540540540541
TED,EST,Siseministeeriumi infotehnoloogia- ja arenduskeskus,OTHER / OPEN WORLD,UNKNOWN,111,452680.0,54.88198198198198
Quebec,Canada - Quebec,Centre intégré de santé et de services sociaux de Lanaudière,OTHER / OPEN WORLD,OPEN_PUBLIC,111,313000.0,54.09153153153153
Germany,Germany,"Vermögen und Bau Baden-Württemberg, Amt Schwäbisch Gmünd",OTHER / OPEN WORLD,OPEN_PUBLIC,111,183828.26,53.990810810810814
Germany,Germany,Stadt Gelsenkirchen,OTHER / OPEN WORLD,OPEN_PUBLIC,111,327102.8,53.58504504504504
TED,ROU,Consiliul Judetean Arad,OTHER / OPEN WORLD,UNKNOWN,111,1653566.435,53.244144144144144
TED,ESP,Servicio Andaluz de Salud. Hospital Universitario de Jaén.,OTHER / OPEN WORLD,UNKNOWN,111,562347.635,53.218378378378375
TED,CY,Οργανισμός Κρατικών Υπηρεσιών Υγείας,OTHER / OPEN WORLD,UNKNOWN,111,650000.0,53.1536936936937
Germany,Germany,Stadt Oldenburg (Oldb),OTHER / OPEN WORLD,OPEN_PUBLIC,111,228551.845,52.82684684684685
TED,ROU,SPITALUL CLINIC JUDETEAN DE URGENTA SF. APOSTOL ANDREI,OTHER / OPEN WORLD,UNKNOWN,111,1100000.0,52.61675675675676
TED,CZE,Ministerstvo spravedlnosti,OTHER / OPEN WORLD,UNKNOWN,111,5327178.91,52.207567567567565
TED,SVN,MESTNA OBČINA LJUBLJANA,OTHER / OPEN WORLD,UNKNOWN,111,860868.56,50.810810810810814
TED,BGR,АГЕНЦИЯ ПО ЗАЕТОСТТА,OTHER / OPEN WORLD,UNKNOWN,111,78061.0,50.644864864864864
TED,SE,Västra Götalandsregionen,OTHER / OPEN WORLD,UNKNOWN,111,7200000.0,50.63531531531532
TED,POL,Radomski Szpital Specjalistyczny im. dr. Tytusa Chałubińskiego,OTHER / OPEN WORLD,UNKNOWN,111,163984.375,48.51801801801802
Germany,Germany,Landesforstanstalt Mecklenburg-Vorpommern,OTHER / OPEN WORLD,OPEN_PUBLIC,111,47252.625,48.42252252252252
France,France,TOULOUSE METROPOLE,OTHER / OPEN WORLD,OPEN_PUBLIC,111,135300.0,47.88162162162162
TenderNed,Netherlands,Hoogheemraadschap Hollands Noorderkwartier,OTHER / OPEN WORLD,UNKNOWN,111,536000.0,47.376756756756755
Germany,Germany,Klinikum Region Hannover GmbH,OTHER / OPEN WORLD,OPEN_PUBLIC,111,1000.0,46.141441441441444
TenderNed,Netherlands,Gemeente Rijswijk,OTHER / OPEN WORLD,UNKNOWN,111,336960.0,45.857837837837835
France,France,Etablissement public de santé,OTHER / OPEN WORLD,OPEN_PUBLIC,111,,43.403243243243246
TenderNed,Netherlands,Rijksuniversiteit Groningen,OTHER / OPEN WORLD,UNKNOWN,111,3100000.0,42.718378378378375
France,France,Spl Arac Occitanie,OTHER / OPEN WORLD,OPEN_PUBLIC,111,,41.42972972972973
Belgium,BE,Universitair Ziekenhuis Brussel,OTHER / OPEN WORLD,UNKNOWN,111,,41.262702702702704
Belgium,BE,SA Le Circuit de Spa-Francorchamps - le concédant,OTHER / OPEN WORLD,UNKNOWN,111,,40.427567567567564
Belgium,BE,Sambre & Biesme SCRL,OTHER / OPEN WORLD,UNKNOWN,111,,39.85675675675676
Belgium,BE,Direction régionale du Luxembourg,OTHER / OPEN WORLD,UNKNOWN,111,,37.82972972972973
TED,HUN,ÉRV. Északmagyarországi Regionális Vízművek Zártkörűen Működő Részvénytársaság,OTHER / OPEN WORLD,UNKNOWN,110,17446131.5,56.455636363636366
TED,HRV,HEP d.d.,OTHER / OPEN WORLD,UNKNOWN,110,1248475.6949999998,56.296
Quebec,Canada - Quebec,Ville de Cowansville,OTHER / OPEN WORLD,DIRECT_NONCOMPETITIVE,110,43949.585,55.05290909090909
TED,HUN,Nemzeti Adó- és Vámhivatal,OTHER / OPEN WORLD,UNKNOWN,110,89280900.0,54.772
TED,POL,Szpital Miejski w Zabrzu Sp. z o.o.,OTHER / OPEN WORLD,UNKNOWN,110,324345.0,54.734
Quebec,Canada - Quebec,Le Collège Montmorency,OTHER / OPEN WORLD,DIRECT_NONCOMPETITIVE,110,37775.0,54.372727272727275
United Kingdom,United Kingdom,Wrexham County Borough Council,OTHER / OPEN WORLD,OPEN_PUBLIC,110,375000.0,53.562363636363635
TED,PL,Uniwersyteckie Centrum Kliniczne,OTHER / OPEN WORLD,UNKNOWN,110,515836.5,53.421454545454544
Quebec,Canada - Quebec,Ville de Beaconsfield,OTHER / OPEN WORLD,DIRECT_NONCOMPETITIVE,110,43759.49,53.35272727272727
Germany,Germany,Wismut GmbH,OTHER / OPEN WORLD,OPEN_PUBLIC,110,376073.2,53.32418181818182
TED,SWE,RISE RESEARCH INSTITUTES OF SWEDEN AB,OTHER / OPEN WORLD,UNKNOWN,110,7000000.0,53.320727272727275
Germany,Germany,Zentrale Vergabestelle - Kooperation Landkreis Lüneburg - Harburg,OTHER / OPEN WORLD,OPEN_PUBLIC,110,164353.74,52.90909090909091
TED,ITA,European Food Safety Authority,OTHER / OPEN WORLD,UNKNOWN,110,814730.0,52.678363636363635
United Kingdom,United Kingdom,NHS North Central London Integrated Care Board,OTHER / OPEN WORLD,DIRECT_NONCOMPETITIVE,110,180000.0,52.22963636363637
TED,SWE,Stockholms universitet,OTHER / OPEN WORLD,UNKNOWN,110,2500000.0,51.834545454545456
TED,ROU,Institutul Oncologic Prof. Dr. I. Chiricuta Cluj-Napoca,OTHER / OPEN WORLD,UNKNOWN,110,40490.0,50.727636363636364
TED,BGR,ОБЩИНА ПЛЕВЕН,OTHER / OPEN WORLD,UNKNOWN,110,208117.5,50.12381818181818
TED,ES,"Empresa de Transformación Agraria S.A.,S.M.E., M.P., (TRAGSA)",OTHER / OPEN WORLD,UNKNOWN,110,390063.0,50.06763636363636
TED,LTU,AB Lietuvos geležinkeliai (PV),OTHER / OPEN WORLD,UNKNOWN,110,422730.0,49.762727272727275
Germany,Germany,Bundesamt für Wirtschaft und Ausfuhrkontrolle (BAFA),OTHER / OPEN WORLD,OPEN_PUBLIC,110,40796.6,49.74090909090909
TED,PT,"Centro Hospitalar Universitário de Lisboa Norte, E.P.E.",OTHER / OPEN WORLD,UNKNOWN,110,13744.494999999999,48.5
TED,AUT,Wiener Gesundheitsverbund - Universitätsklinikum AKH Wien,OTHER / OPEN WORLD,UNKNOWN,110,348232.97,47.23581818181818
Germany,Germany,Bundesanstalt für Immobilienaufgaben,OTHER / OPEN WORLD,COMPETITIVE_OTHER,110,1076048.28,46.896727272727276
France,France,Métropole Nice Côte d'Azur,OTHER / OPEN WORLD,OPEN_PUBLIC,110,153021.0,46.732727272727274
Germany,Germany,Landkreis Berchtesgadener Land,OTHER / OPEN WORLD,OPEN_PUBLIC,110,41055.0,45.65981818181818
France,France,Conseil Départemental du Calvados (14),OTHER / OPEN WORLD,OPEN_PUBLIC,110,400000.0,45.45581818181818
Belgium,BE,Smals,OTHER / OPEN WORLD,UNKNOWN,110,,41.538363636363634
TED,AUT,Vereinigte Bühnen Wien GmbH,OTHER / OPEN WORLD,UNKNOWN,110,3290.0,41.14509090909091
Belgium,BE,Sint-Truiden,OTHER / OPEN WORLD,UNKNOWN,110,,41.08181818181818
Belgium,BE,Commune d'Ixelles - Département Opérationnel,OTHER / OPEN WORLD,UNKNOWN,110,,40.87890909090909
France,France,Établissement Public Foncier de Bretagne,OTHER / OPEN WORLD,COMPETITIVE_OTHER,110,141429.0,40.153454545454544
Quebec,Canada - Quebec,Santé Québec,OTHER / OPEN WORLD,UNKNOWN,109,421176.0,57.7605504587156
Quebec,Canada - Quebec,Centre Hospitalier de l'Université de Montréal. CHUM,OTHER / OPEN WORLD,DIRECT_NONCOMPETITIVE,109,99750.0,57.2045871559633
United Kingdom,United Kingdom,Birmingham City Council,OTHER / OPEN WORLD,OPEN_PUBLIC,109,800000.0,55.95669724770642
Quebec,Canada - Quebec,Collège John Abbott,OTHER / OPEN WORLD,DIRECT_NONCOMPETITIVE,109,39969.28,55.75688073394495
Quebec,Canada - Quebec,Ville de Bromont,OTHER / OPEN WORLD,DIRECT_NONCOMPETITIVE,109,52197.15,54.934495412844036
Quebec,Canada - Quebec,Centre de services scolaire des Premières Seigneuries,OTHER / OPEN WORLD,OPEN_PUBLIC,109,366799.0,54.78917431192661
Quebec,Canada - Quebec,Société d'habitation et de développement de Montréal,OTHER / OPEN WORLD,DIRECT_NONCOMPETITIVE,109,48565.44,54.718165137614676
United Kingdom,United Kingdom,Defence Equipment and Support,OTHER / OPEN WORLD,DIRECT_NONCOMPETITIVE,109,2390645.17,53.950825688073394
Quebec,Canada - Quebec,Ville de Mascouche.,OTHER / OPEN WORLD,OPEN_PUBLIC,109,241671.70500000002,53.84440366972477
TED,HUN,MVM Paksi Atomerőmű Zártkörűen Működő Részvénytársaság,OTHER / OPEN WORLD,UNKNOWN,109,54247776.0,53.68293577981651
Quebec,Canada - Quebec,Centre universitaire de santé McGill.,OTHER / OPEN WORLD,OPEN_PUBLIC,109,530055.125,53.661651376146786
United Kingdom,United Kingdom,The Common Services Agency (more commonly known as NHS National Services Scotland) (NSS),OTHER / OPEN WORLD,OPEN_PUBLIC,109,2044863.75,53.642752293577985
Quebec,Canada - Quebec,Ville de Victoriaville.,OTHER / OPEN WORLD,OPEN_PUBLIC,109,403254.23,53.34238532110092
Germany,Germany,Rhein-Neckar-Verkehr GmbH,OTHER / OPEN WORLD,DIRECT_NONCOMPETITIVE,109,159464.58,53.2851376146789
TED,BG,ТЕЦ МАРИЦА ИЗТОК 2 ЕАД,OTHER / OPEN WORLD,UNKNOWN,109,280500.0,52.69908256880734
Germany,Germany,Landratsamt Donau-Ries,OTHER / OPEN WORLD,OPEN_PUBLIC,109,133781.0,52.51174311926606
Quebec,Canada - Quebec,Université du Québec à Trois-Rivières,OTHER / OPEN WORLD,LIMITED_INVITATION,109,46461.075,51.52440366972477
TED,HRV,Klinički bolnički centar Rijeka,OTHER / OPEN WORLD,UNKNOWN,109,83134.795,51.303302752293575
Quebec,Canada - Quebec,Centre intégré de santé et de services sociaux de la Gaspésie.,OTHER / OPEN WORLD,OPEN_PUBLIC,109,289749.58,51.295779816513765
TED,BGR,"Многопрофилна болница за активно лечение ""Национална кардиологична болница"" ЕАД",OTHER / OPEN WORLD,UNKNOWN,109,81073.0,51.12568807339449
TED,ESP,Área de Gobierno de Obras y Equipamientos,OTHER / OPEN WORLD,UNKNOWN,109,5481207.99,50.944036697247704
Ireland,Ireland,Electricity Supply Board ( ESB ),OTHER / OPEN WORLD,COMPETITIVE_OTHER,109,2250000.0,50.618715596330276
TED,NOR,Trøndelag fylkeskommune,OTHER / OPEN WORLD,UNKNOWN,109,27500000.0,49.81394495412844
TED,PRT,Universidade do Minho,OTHER / OPEN WORLD,UNKNOWN,109,239644.44,49.79211009174312
TED,PRT,Estado-Maior-General das Forças Armadas (EMGFA),OTHER / OPEN WORLD,UNKNOWN,109,288900.0,48.977064220183486
TED,POL,Szpital Bielański im. ks. Jerzego Popiełuszki Samodzielny Publiczny Zakład Opieki Zdrowotnej,OTHER / OPEN WORLD,UNKNOWN,109,269805.6,48.44348623853211
Germany,Germany,Zweites Deutsches Fernsehen,OTHER / OPEN WORLD,OPEN_PUBLIC,109,400000.0,47.942935779816516
TED,AUT,Autobahnen- und Schnellstraßen-Finanzierungs-AG vertreten durch die ASFINAG Bau Management GmbH,OTHER / OPEN WORLD,UNKNOWN,109,514128.725,46.84256880733945
TED,POL,Gmina Siemianowice Śląskie - Urząd Miasta Siemianowice Śląskie w imieniu i na rzecz której działa Miejskie Przedsiębiorstwo Gospodarki Komunalnej i Mieszkaniowej Sp. z o. o.,OTHER / OPEN WORLD,UNKNOWN,109,65788.14,46.57706422018349
France,France,Communauté d'agglomération Evreux Portes Normandie,OTHER / OPEN WORLD,OPEN_PUBLIC,109,688789.385,46.09669724770642
Germany,Germany,Landkreis Gießen - Der Kreisausschuss -,OTHER / OPEN WORLD,OPEN_PUBLIC,109,1416970.5,46.07467889908257
Germany,Germany,"Amt für Recht, Vergabe und Versicherungen",OTHER / OPEN WORLD,COMPETITIVE_OTHER,109,643000.0,45.86605504587156
France,France,Mairie de Beziers,OTHER / OPEN WORLD,OPEN_PUBLIC,109,,45.15596330275229
France,France,Région Auvergne Rhône Alpes,OTHER / OPEN WORLD,OPEN_PUBLIC,109,945080.0,44.86422018348624
France,France,Université de Rouen Normandie,OTHER / OPEN WORLD,OPEN_PUBLIC,109,0.0,42.90018348623853
TenderNed,Netherlands,Schiphol Nederland BV,OTHER / OPEN WORLD,UNKNOWN,109,6000000.0,42.490091743119265
Belgium,BE,Brussels Airport Company nv,OTHER / OPEN WORLD,UNKNOWN,109,,41.42275229357798
Belgium,BE,Vilvoorde,OTHER / OPEN WORLD,UNKNOWN,109,,41.09247706422018
Belgium,BE,Visé,OTHER / OPEN WORLD,UNKNOWN,109,,40.73412844036697
Belgium,BE,Libin,OTHER / OPEN WORLD,UNKNOWN,109,,39.62110091743119
Quebec,Canada - Quebec,Ville de Sainte-Adèle.,OTHER / OPEN WORLD,DIRECT_NONCOMPETITIVE,108,51369.375,55.52
Quebec,Canada - Quebec,Université Bishop's.,OTHER / OPEN WORLD,DIRECT_NONCOMPETITIVE,108,41127.0,54.83222222222222
TED,ESP,Junta de Gobierno del Ayuntamiento de Marbella,OTHER / OPEN WORLD,UNKNOWN,108,548847.27,54.56148148148148
TED,SVK,"Všeobecná zdravotná poisťovňa, a.s.",OTHER / OPEN WORLD,UNKNOWN,108,896397.75,54.25574074074074
Quebec,Canada - Quebec,Ville de Vaudreuil-Dorion.,OTHER / OPEN WORLD,OPEN_PUBLIC,108,277710.62,53.82277777777778
Quebec,Canada - Quebec,Cité de Dorval,OTHER / OPEN WORLD,OPEN_PUBLIC,108,345700.22,53.760925925925925
TED,CZE,Česká republika - Ministerstvo financí,OTHER / OPEN WORLD,UNKNOWN,108,9862660.0,53.37407407407407
TED,ROU,MUNICIPIUL ARAD,OTHER / OPEN WORLD,UNKNOWN,108,765741.87,53.25037037037037
Quebec,Canada - Quebec,Ville de Saint-Bruno-de-Montarville,OTHER / OPEN WORLD,OPEN_PUBLIC,108,299740.55,53.22462962962963
Germany,Germany,Stadt Göttingen,OTHER / OPEN WORLD,OPEN_PUBLIC,108,288012.175,52.14925925925926
TED,ESP,Ministerio para la Transición Ecológica y el Reto Demográfico. Dirección General del Agua. Subdirección General de Programación y Gestión Económica y Presupuestaria,OTHER / OPEN WORLD,UNKNOWN,108,2479338.84,51.59388888888889
Germany,Germany,"Kreis Pinneberg, Zentrale Vergabestelle",OTHER / OPEN WORLD,OPEN_PUBLIC,108,164895.0,51.59092592592592
Quebec,Canada - Quebec,"Assemblée nationale-Direction des ressources financières, de l'approvisionnement et de la vérification",OTHER / OPEN WORLD,OPEN_PUBLIC,108,150000.0,51.53351851851852
Germany,Germany,Stadt Ulm - Zentrale Vergabestelle VOB (ZVOB),OTHER / OPEN WORLD,OPEN_PUBLIC,108,188550.49,50.91722222222222
Germany,Germany,Universitätsklinikum Carl Gustav Carus Dresden an der Technischen Universität Dresden,OTHER / OPEN WORLD,OPEN_PUBLIC,108,163974.90000000002,50.51759259259259
TED,BGR,МИНИСТЕРСТВО НА ОКОЛНАТА СРЕДА И ВОДИТЕ,OTHER / OPEN WORLD,UNKNOWN,108,29995.0,50.45518518518519
TED,PL,Komenda Główna Policji,OTHER / OPEN WORLD,UNKNOWN,108,427975.0,50.038518518518515
TED,POL,Wielospecjalistyczny Szpital Samodzielny Publiczny Zakład Opieki Zdrowotnej,OTHER / OPEN WORLD,UNKNOWN,108,558785.0,49.7337037037037
TED,PRT,"Unidade Local de Saúde Gaia/Espinho, E.P.E.",OTHER / OPEN WORLD,UNKNOWN,108,235150.0,49.39296296296296
United Kingdom,United Kingdom,Derby City Council,OTHER / OPEN WORLD,DIRECT_NONCOMPETITIVE,108,73440.0,48.04611111111111
TED,ESP,"Dirección Gerencia de Mutualia, Mutua Colaboradora con la Seguridad Social nº 02",OTHER / OPEN WORLD,UNKNOWN,108,274905.58,47.712407407407404
France,France,Communauté urbaine du Grand Reims,OTHER / OPEN WORLD,OPEN_PUBLIC,108,850000.0,46.07222222222222
TenderNed,Netherlands,De Nederlandsche Bank N.V.,OTHER / OPEN WORLD,UNKNOWN,108,2400000.0,44.80222222222222
TED,BGR,ОБЩИНА НОВА ЗАГОРА,OTHER / OPEN WORLD,UNKNOWN,108,4490.0,44.74777777777778
France,France,Administration générale,OTHER / OPEN WORLD,OPEN_PUBLIC,108,,44.515
TED,LV,Jelgavas valstspilsētas pašvaldība,OTHER / OPEN WORLD,UNKNOWN,108,12329.439999999999,44.217777777777776
Belgium,BE,FOD FIN - Team Overheidsopdrachten,OTHER / OPEN WORLD,UNKNOWN,108,,43.00333333333333
Germany,Germany,Immobilien Bremen - Eigenbetrieb der Stadtgemeinde Bremen,OTHER / OPEN WORLD,DIRECT_NONCOMPETITIVE,108,,43.0
Belgium,BE,SPAQuE,OTHER / OPEN WORLD,UNKNOWN,108,,40.86666666666667
Belgium,BE,Ath,OTHER / OPEN WORLD,UNKNOWN,108,,40.5
TenderNed,Netherlands,Hoogheemraadschap van Delfland,OTHER / OPEN WORLD,UNKNOWN,108,115.5,40.30555555555556
Canada federal,Canada,Correctional Service of Canada (CSC),Website support / accessibility / hosting,OPEN_PUBLIC,107,261850.0,72.70186915887851
United Kingdom,United Kingdom,Norfolk County Council,OTHER / OPEN WORLD,OPEN_PUBLIC,107,880925.0,57.18803738317757
Germany,Germany,Informationstechnikzentrum Bund (ITZBund),OTHER / OPEN WORLD,DIRECT_NONCOMPETITIVE,107,710175.0,56.8811214953271
TED,POL,Małopolski Oddział Wojewódzki Narodowego Funduszu Zdrowia w Krakowie,OTHER / OPEN WORLD,UNKNOWN,107,798138.1,56.15943925233645
United Kingdom,United Kingdom,Westminster City Council,OTHER / OPEN WORLD,OPEN_PUBLIC,107,529821.12,54.56467289719626
TED,ITA,CONSIP SPA,OTHER / OPEN WORLD,UNKNOWN,107,117000000.0,54.4211214953271
TED,ESP,Fundació de Gestió Sanitària de l’Hospital de la Santa Creu i Sant Pau.,OTHER / OPEN WORLD,UNKNOWN,107,463292.04,53.86130841121496
Ireland,Ireland,Teagasc - the Agriculture and Food Development Authority,OTHER / OPEN WORLD,OPEN_PUBLIC,107,209000.0,53.79943925233645
TED,SVN,UNIVERZA V LJUBLJANI,OTHER / OPEN WORLD,UNKNOWN,107,398695.815,53.15271028037383
Quebec,Canada - Quebec,Centre intégré de santé et de services sociaux de la Montérégie-Est,OTHER / OPEN WORLD,OPEN_PUBLIC,107,486015.0,53.145981308411216
TED,BGR,ОБЩИНА КЪРДЖАЛИ,OTHER / OPEN WORLD,UNKNOWN,107,342241.74,51.710467289719624
Germany,Germany,Stadtverwaltung Cottbus,OTHER / OPEN WORLD,OPEN_PUBLIC,107,155132.5,51.246355140186914
TED,POL,Beskidzkie Centrum Onkologii- Szpital Miejski im. Jana Pawła II w Bielsku-Białej.,OTHER / OPEN WORLD,UNKNOWN,107,316305.57999999996,50.56803738317757
TED,BGR,"УНИВЕРСИТЕТСКА СПЕЦИАЛИЗИРАНА БОЛНИЦА ЗА АКТИВНО ЛЕЧЕНИЕ ПО ОНКОЛОГИЯ ""ПРОФ. ИВАН ЧЕРНОЗЕМСКИ"" ЕАД",OTHER / OPEN WORLD,UNKNOWN,107,120517.98000000001,50.14261682242991
Germany,Germany,Staatliches Bauamt Regensburg,OTHER / OPEN WORLD,OPEN_PUBLIC,107,550325.255,49.89514018691589
Germany,Germany,Staatliches Bau- und Liegenschaftsamt Neubrandenburg,OTHER / OPEN WORLD,OPEN_PUBLIC,107,185753.16999999998,48.64355140186916
TED,POL,Wojewódzki Szpital Specjalistyczny im. J. Gromkowskiego,OTHER / OPEN WORLD,UNKNOWN,107,331975.25,48.11177570093458
Germany,Germany,"Stadt Bielefeld - Amt für Organisation, IT und Zentrale Leistungen",OTHER / OPEN WORLD,OPEN_PUBLIC,107,134480.155,48.078504672897196
TED,FIN,Stara (Helsingin kaupungin rakentamispalveluliikelaitos),OTHER / OPEN WORLD,UNKNOWN,107,760442.5,47.81158878504673
TED,MT,Sectoral Procurement Directorate,OTHER / OPEN WORLD,UNKNOWN,107,148350.0,46.26785046728972
TED,POL,43 Wojskowy Oddział Gospodarczy,OTHER / OPEN WORLD,UNKNOWN,107,724201.845,46.17663551401869
Germany,Germany,DB InfraGO AG – Geschäftsbereich Personenbahnhöfe (Bukr 11),OTHER / OPEN WORLD,DIRECT_NONCOMPETITIVE,107,0.0,45.84542056074766
France,France,Mairie de Besançon,OTHER / OPEN WORLD,OPEN_PUBLIC,107,360000.0,44.21028037383178
France,France,SIAAP,OTHER / OPEN WORLD,OPEN_PUBLIC,107,37508693.0,43.010280373831776
Canada federal,Canada,Government of the Northwest Territories (GNWT),OTHER / OPEN WORLD,OPEN_PUBLIC,107,,42.797196261682245
Belgium,BE,Ministerium der Deutschsprachigen Gemeinschaft Belgiens,OTHER / OPEN WORLD,UNKNOWN,107,,41.538317757009345
Belgium,BE,Merchtem,OTHER / OPEN WORLD,UNKNOWN,107,,40.98317757009346
Belgium,BE,Nivelles,OTHER / OPEN WORLD,UNKNOWN,107,,40.25308411214953
TED,CZE,"Krajská nemocnice Liberec, a.s.",OTHER / OPEN WORLD,UNKNOWN,106,14733456.34,56.22679245283019
TED,BGR,МИНИСТЕРСТВО НА ОБРАЗОВАНИЕТО И НАУКАТА,OTHER / OPEN WORLD,UNKNOWN,106,488534.325,53.419622641509434
TED,ESP,LANTIK - LANTIK,OTHER / OPEN WORLD,UNKNOWN,106,1476750.0,53.08433962264151
Quebec,Canada - Quebec,Société de développement de la Baie-James.,OTHER / OPEN WORLD,OPEN_PUBLIC,106,707259.5,52.85603773584906
TED,CZE,Statutární město Ostrava,OTHER / OPEN WORLD,UNKNOWN,106,6548951.45,52.46320754716981
TED,SWE,Lerums kommun,OTHER / OPEN WORLD,UNKNOWN,106,6000000.0,52.38716981132075
TED,EST,Päästeamet,OTHER / OPEN WORLD,UNKNOWN,106,300000.0,52.38
United Kingdom,United Kingdom,Home Office,OTHER / OPEN WORLD,UNKNOWN,106,18000000.0,52.35622641509434
TED,HUN,MÁV Pályaműködtetési Zártkörűen Működő Részvénytársaság,OTHER / OPEN WORLD,UNKNOWN,106,339300000.0,52.01811320754717
TED,ROU,"Spitalul Clinic Judetean de Urgenta""Sfantul Apostol Andrei""",OTHER / OPEN WORLD,UNKNOWN,106,143850.0,51.79150943396226
TED,SVK,Trenčiansky samosprávny kraj,OTHER / OPEN WORLD,UNKNOWN,106,305675.33499999996,51.60849056603774
TED,POL,Stalowowolskie Centrum Usług Wspólnych,OTHER / OPEN WORLD,UNKNOWN,106,1040580.0,50.97528301886793
TED,POL,Zakład Gospodarki Odpadami Komunalnymi Spółka z ograniczoną odpowiedzialnością,OTHER / OPEN WORLD,UNKNOWN,106,1427315.0,50.8922641509434
TED,POL,Agencja Uzbrojenia,OTHER / OPEN WORLD,UNKNOWN,106,21852175.0,50.31377358490566
TED,DNK,Fællesindkøb Midt,OTHER / OPEN WORLD,UNKNOWN,106,2376445.5,50.023396226415095
TED,BGR,ОБЩИНА ПАЗАРДЖИК,OTHER / OPEN WORLD,UNKNOWN,106,150000.0,49.79867924528302
TED,POL,Urząd Komisji Nadzoru Finansowego,OTHER / OPEN WORLD,UNKNOWN,106,1764195.15,49.0211320754717
TED,POL,Centralny Port Komunikacyjny sp. z o.o.,OTHER / OPEN WORLD,UNKNOWN,106,7968750.0,48.87452830188679
United Kingdom,United Kingdom,Leicester City Council,OTHER / OPEN WORLD,UNKNOWN,106,2000000.0,47.533018867924525
Germany,Germany,Vergabe und Beschaffungszentrum Dortmund,OTHER / OPEN WORLD,COMPETITIVE_OTHER,106,580992.88,46.86566037735849
France,France,Communauté urbaine Grand Paris Seine & Oise,OTHER / OPEN WORLD,OPEN_PUBLIC,106,457240.0,46.119811320754714
Germany,Germany,"Staatliches Bau- und Liegenschaftsamt Rostock, die Bundesrepublik Deutschland vertretend",OTHER / OPEN WORLD,OPEN_PUBLIC,106,522427.41,46.06320754716981
TED,LTU,Lietuvos sveikatos mokslų universitetas,OTHER / OPEN WORLD,UNKNOWN,106,24247.5,44.585660377358494
TenderNed,Netherlands,Universiteit van Amsterdam,OTHER / OPEN WORLD,UNKNOWN,106,575000.0,43.11641509433962
Belgium,BE,Gembloux,OTHER / OPEN WORLD,UNKNOWN,106,,40.517735849056606
TED,ESP,Dirección Gerente del Hospital Universitario Nuestra Señora de Candelaria,OTHER / OPEN WORLD,UNKNOWN,105,398658.0,56.327238095238094
Ireland,Ireland,Louth and Meath Education and Training Board 1384,OTHER / OPEN WORLD,OPEN_PUBLIC,105,500000.0,56.15561904761905
TED,ROU,SC COMPANIA REGIONALA DE APA BACAU SA,OTHER / OPEN WORLD,UNKNOWN,105,1554400.0,55.37085714285714
Quebec,Canada - Quebec,Ville de Prévost.,OTHER / OPEN WORLD,DIRECT_NONCOMPETITIVE,105,52608.6,54.497142857142855
TED,CHE,Bundesamt für Strassen ASTRA - Filiale Winterthur,OTHER / OPEN WORLD,UNKNOWN,105,1602150.1,53.73504761904762
TED,ESP,Intendente de Cartagena,OTHER / OPEN WORLD,UNKNOWN,105,280962.0,53.20704761904762
Quebec,Canada - Quebec,Ville d'Alma.,OTHER / OPEN WORLD,OPEN_PUBLIC,105,252258.6,52.88914285714286
TED,FIN,Pohjois-Savon hyvinvointialue,OTHER / OPEN WORLD,UNKNOWN,105,410173.5,52.87561904761905
Quebec,Canada - Quebec,Ville de Mirabel,OTHER / OPEN WORLD,OPEN_PUBLIC,105,255629.9,52.40380952380952
TED,ES,Institut Català de la Salut. Centro corporativo,OTHER / OPEN WORLD,UNKNOWN,105,3600000.0,51.93257142857143
Germany,Germany,"Stadt Plauen, Vergabestelle",OTHER / OPEN WORLD,OPEN_PUBLIC,105,128483.83,51.198095238095235
TED,POL,16 WOJSKOWY ODDZIAŁ GOSPODARCZY,OTHER / OPEN WORLD,UNKNOWN,105,641546.89,51.06990476190476
TED,BGR,ОБЩИНА ПОМОРИЕ,OTHER / OPEN WORLD,UNKNOWN,105,198930.19,49.926476190476194
TED,ESP,"Consejo de Administración de Medio Ambiente, Agua, Residuos y Energía de Cantabria, S.A.(MARE S.A.)",OTHER / OPEN WORLD,UNKNOWN,105,385001.37,49.77504761904762
TED,LT,UAB „Ignitis grupės paslaugų centras“,OTHER / OPEN WORLD,UNKNOWN,105,250000.0,49.76304761904762
TED,BG,"УНИВЕРСИТЕТСКА МНОГОПРОФИЛНА БОЛНИЦА ЗА АКТИВНО ЛЕЧЕНИЕ ""АЛЕКСАНДРОВСКА"" ЕАД",OTHER / OPEN WORLD,UNKNOWN,105,105318.75,49.61047619047619
TED,CZ,Správa státních hmotných rezerv,OTHER / OPEN WORLD,UNKNOWN,105,13392000.0,48.744190476190475
Germany,Germany,"Fraunhofer-Gesellschaft, Einkauf B12",OTHER / OPEN WORLD,OPEN_PUBLIC,105,0.01,48.01047619047619
Germany,Germany,Zentraldienst der Polizei des Landes Brandenburg,OTHER / OPEN WORLD,OPEN_PUBLIC,105,706631.3,47.620380952380955
TED,NOR,Oslo kommune v/ Bymiljøetaten,OTHER / OPEN WORLD,UNKNOWN,105,6960000.0,47.40571428571429
France,France,CONSEIL DEPARTEMENTAL DU CALVADOS (CD 14),OTHER / OPEN WORLD,OPEN_PUBLIC,105,440000.0,47.32
TED,AUT,Pensionsversicherungsanstalt,OTHER / OPEN WORLD,UNKNOWN,105,336240.19999999995,45.95771428571429
TenderNed,Netherlands,Gemeente Assen,OTHER / OPEN WORLD,UNKNOWN,105,440000.0,45.84628571428571
TED,LVA,Ķekavas novada pašvaldība,OTHER / OPEN WORLD,UNKNOWN,105,322215.0,45.234095238095236
France,France,Société d'Aménagement de Montpellier Méditerranée Métropole,OTHER / OPEN WORLD,OPEN_PUBLIC,105,727201.0,44.26571428571429
France,France,Centre hospitalier Bretagne Atlantique,OTHER / OPEN WORLD,OPEN_PUBLIC,105,15320000.0,42.83371428571429
Belgium,BE,Universitair Ziekenhuis Antwerpen,OTHER / OPEN WORLD,UNKNOWN,105,,41.87771428571428
Belgium,BE,Associatie KU Leuven,OTHER / OPEN WORLD,UNKNOWN,105,,41.517714285714284
TenderNed,Netherlands,Gemeente Noordoostpolder,OTHER / OPEN WORLD,UNKNOWN,105,110.0,41.464
Belgium,BE,AZ Groeninge,OTHER / OPEN WORLD,UNKNOWN,105,,41.226285714285716
Germany,Germany,BG-Phoenics GmbH,OTHER / OPEN WORLD,DIRECT_NONCOMPETITIVE,104,375696.0,57.64884615384615
TED,CZE,"Nemocnice České Budějovice, a.s.",OTHER / OPEN WORLD,UNKNOWN,104,15754285.04,56.95423076923077
Quebec,Canada - Quebec,Centre de services scolaire des Rives-du-Saguenay,OTHER / OPEN WORLD,DIRECT_NONCOMPETITIVE,104,44270.335,55.75865384615385
TED,CZ,Fakultní nemocnice Bulovka,OTHER / OPEN WORLD,UNKNOWN,104,2050845.6,54.9725
United Kingdom,United Kingdom,Essex County Council,OTHER / OPEN WORLD,OPEN_PUBLIC,104,875000.0,54.800384615384615
United Kingdom,United Kingdom,Coventry City Council,OTHER / OPEN WORLD,DIRECT_NONCOMPETITIVE,104,99606.0,54.573653846153846
Quebec,Canada - Quebec,Centre de services scolaire du Chemin-du-Roy,OTHER / OPEN WORLD,OPEN_PUBLIC,104,436929.525,54.076153846153844
TED,ITA,Società Metropolitana Acque Torino S.p.A.,OTHER / OPEN WORLD,UNKNOWN,104,1800000.0,53.88596153846154
TED,ESP,"Consejo de Administración de EMAYA, Empresa Municipal d'Aigües i Clavegueram, S.A.",OTHER / OPEN WORLD,UNKNOWN,104,290236.21499999997,53.448653846153846
TED,EST,Elering AS,OTHER / OPEN WORLD,UNKNOWN,104,2332771.69,52.761730769230766
Germany,Germany,Wohn + Stadtbau Wohnungsunternehmen der Stadt Münster GmbH,OTHER / OPEN WORLD,OPEN_PUBLIC,104,262854.32,52.221923076923076
TED,NOR,Ålesund kommune,OTHER / OPEN WORLD,UNKNOWN,104,12175982.5,52.13480769230769
TED,ESP,Adif-Alta Velocidad,OTHER / OPEN WORLD,UNKNOWN,104,3144947.395,51.76307692307692
Germany,Germany,Stadt Schwerte - Zentrale Vergabestelle,OTHER / OPEN WORLD,OPEN_PUBLIC,104,208010.225,51.651538461538465
Ireland,Ireland,Carlow County Council,OTHER / OPEN WORLD,OPEN_PUBLIC,104,135435.0,51.494615384615386
Germany,Germany,IKK classic,OTHER / OPEN WORLD,OPEN_PUBLIC,104,141028.89500000002,51.075
TED,NOR,Oslo kommune v/ Renovasjons- og gjenvinningsetaten,OTHER / OPEN WORLD,UNKNOWN,104,10000000.0,49.64153846153846
TED,AUT,Land Vorarlberg,OTHER / OPEN WORLD,UNKNOWN,104,298036.14,49.61153846153846
Germany,Germany,"Stadt Remscheid, Fachdienst Recht und Vergabe, Abteilung Zentrale Vergabestelle",OTHER / OPEN WORLD,OPEN_PUBLIC,104,187230.55,49.12673076923077
TED,BGR,"УНИВЕРСИТЕТСКА МНОГОПРОФИЛНА БОЛНИЦА ЗА АКТИВНО ЛЕЧЕНИЕ - ПРОФ., Д-Р СТОЯН КИРКОВИЧ АД",OTHER / OPEN WORLD,UNKNOWN,104,28530.0,48.65
France,France,Communauté d'agglomération Bourges Plus,OTHER / OPEN WORLD,OPEN_PUBLIC,104,694086.21,46.84076923076923
France,France,Ville de Courbevoie,OTHER / OPEN WORLD,OPEN_PUBLIC,104,623778.0,46.37576923076923
France,France,Ville d'Ajaccio,OTHER / OPEN WORLD,OPEN_PUBLIC,104,170000.0,45.23923076923077
France,France,VILLE DE SAINT ANDRÉ,OTHER / OPEN WORLD,OPEN_PUBLIC,104,237584.16,45.176346153846154
Germany,Germany,Kommunale Wirtschafts- und Leistungsgesellschaft,OTHER / OPEN WORLD,OPEN_PUBLIC,104,,44.0
Germany,Germany,Hamburger Energiewerke GmbH,OTHER / OPEN WORLD,COMPETITIVE_OTHER,104,600000.0,43.793653846153845
France,France,Ville du Cannet (06),OTHER / OPEN WORLD,OPEN_PUBLIC,104,14330.0,43.42076923076923
France,France,Métropole Nice Côte d'Azur (06),OTHER / OPEN WORLD,UNKNOWN,104,162920.0,43.253461538461536
Belgium,BE,Loterie Nationale,OTHER / OPEN WORLD,UNKNOWN,104,,42.24442307692308
TED,FIN,Kajaanin kaupunki,OTHER / OPEN WORLD,UNKNOWN,104,1167.0,41.285961538461535
Belgium,BE,Diest,OTHER / OPEN WORLD,UNKNOWN,104,,40.95673076923077
Belgium,BE,Hainaut Ingénierie Technique,OTHER / OPEN WORLD,UNKNOWN,104,,40.55692307692308
Belgium,BE,ASBL CHU HELORA,OTHER / OPEN WORLD,UNKNOWN,104,,40.03076923076923
United Kingdom,United Kingdom,NHS NORTH EAST AND NORTH CUMBRIA INTEGRATED CARE BOARD,Hardware / AV resale,DIRECT_NONCOMPETITIVE,103,0.01,61.23203883495145
Quebec,Canada - Quebec,Ville de Sorel-Tracy (approvisionnement),OTHER / OPEN WORLD,OPEN_PUBLIC,103,542446.58,55.823106796116505
Quebec,Canada - Quebec,Réseau de transport de Longueuil.,OTHER / OPEN WORLD,DIRECT_NONCOMPETITIVE,103,43883.66,55.70893203883495
TED,CZE,Vysoké učení technické v Brně,OTHER / OPEN WORLD,UNKNOWN,103,3872621.23,55.51572815533981
Quebec,Canada - Quebec,Société de la Place des Arts de Montréal,OTHER / OPEN WORLD,DIRECT_NONCOMPETITIVE,103,41630.0,55.47650485436893
Quebec,Canada - Quebec,Ville de Saint-Georges,OTHER / OPEN WORLD,OPEN_PUBLIC,103,278293.9,55.34660194174757
TED,HUN,Budapest Gyógyfürdői és Hévizei Zrt.,OTHER / OPEN WORLD,UNKNOWN,103,49554065.0,54.95766990291262
Quebec,Canada - Quebec,Centre de services scolaire du Pays-des-Bleuets,OTHER / OPEN WORLD,DIRECT_NONCOMPETITIVE,103,40000.0,54.69417475728155
TED,SWE,Göteborgs universitet,OTHER / OPEN WORLD,UNKNOWN,103,3927976.5,54.65339805825243
Quebec,Canada - Quebec,Santé Québec - Établissement CIUSSS de l’Est-de-l’Île-de-Montréal,OTHER / OPEN WORLD,OPEN_PUBLIC,103,607500.0,54.59922330097088
Germany,Germany,"Landesbetrieb Bau und Immobilien Hessen, Niederlassung Mitte Zentrale Vergabe",OTHER / OPEN WORLD,OPEN_PUBLIC,103,267347.83499999996,54.28097087378641
TED,SWE,Skövde kommun,OTHER / OPEN WORLD,UNKNOWN,103,6600000.0,53.722718446601945
United Kingdom,United Kingdom,Sandwell Metropolitan Borough Council,OTHER / OPEN WORLD,OPEN_PUBLIC,103,512000.0,53.1252427184466
TED,ITA,ARCS,OTHER / OPEN WORLD,UNKNOWN,103,324627.75,52.97359223300971
Germany,Germany,Stadt Krefeld - Zentrales Gebäudemanagement,OTHER / OPEN WORLD,OPEN_PUBLIC,103,135619.695,52.94194174757281
TED,CZ,Česká republika - Ministerstvo financí,OTHER / OPEN WORLD,UNKNOWN,103,2107121.0,52.78601941747573
TED,ESP,Presidencia de la Diputación Provincial de A Coruña,OTHER / OPEN WORLD,UNKNOWN,103,534337.81,52.059029126213595
TED,POL,Miasto Katowice,OTHER / OPEN WORLD,UNKNOWN,103,2124825.0,51.828155339805825
TED,ESP,"Valenciana d'Estrategies i Recursos per a la Sostenibilitat Ambiental, Sociedad Anónima",OTHER / OPEN WORLD,UNKNOWN,103,271967.275,51.31650485436893
TED,ESP,Junta de Gobierno del Ayuntamiento de A Coruña,OTHER / OPEN WORLD,UNKNOWN,103,511743.75,51.066796116504854
Germany,Germany,"Technische Universität Braunschweig, Geschäftsbereich 3 - Gebäudemanagement",OTHER / OPEN WORLD,OPEN_PUBLIC,103,629456.4450000001,50.87864077669903
TED,SWE,Region Jönköpings län,OTHER / OPEN WORLD,UNKNOWN,103,7000000.0,50.78155339805825
TED,ESP,HOSPITAL CLINICO SAN CARLOS,OTHER / OPEN WORLD,UNKNOWN,103,237600.0,50.65495145631068
TED,ITA,Giubileo 2025 S.p.A.,OTHER / OPEN WORLD,UNKNOWN,103,902094.575,50.627184466019415
Germany,Germany,Burgenlandkreis,OTHER / OPEN WORLD,OPEN_PUBLIC,103,217270.05,50.311844660194176
TED,SE,"Region Skåne, Koncernstab inköp och ekonomistyrning",OTHER / OPEN WORLD,UNKNOWN,103,10700000.0,50.174563106796114
TED,EST,Sihtasutus Viljandi Haigla,OTHER / OPEN WORLD,UNKNOWN,103,41505.0,49.646990291262135
TED,NOR,Bergen kommune - Innkjøp konsern,OTHER / OPEN WORLD,UNKNOWN,103,25158550.0,49.46679611650485
France,France,Conseil départemental d'Indre et Loire,OTHER / OPEN WORLD,OPEN_PUBLIC,103,240000.0,49.214174757281555
TED,ESP,Junta de Gobierno del Ayuntamiento de Granada,OTHER / OPEN WORLD,UNKNOWN,103,165289.26,48.95106796116505
TED,CYP,"Υπουργείο Παιδείας, Αθλητισμού και Νεολαίας",OTHER / OPEN WORLD,UNKNOWN,103,180000.0,48.696116504854366
TED,POL,Szpital Specjalistyczny im. Stefana Żeromskiego SPZOZ w Krakowie,OTHER / OPEN WORLD,UNKNOWN,103,189479.6,48.666796116504855
TED,LV,VSIA „Paula Stradiņa klīniskā universitātes slimnīca”,OTHER / OPEN WORLD,UNKNOWN,103,161999.0,48.58679611650486
Germany,Germany,Die Autobahn GmbH des Bundes - NL Nord,OTHER / OPEN WORLD,OPEN_PUBLIC,103,948301.46,48.52970873786408
TED,POL,Lotnicze Pogotowie Ratunkowe,OTHER / OPEN WORLD,UNKNOWN,103,801108.2849999999,48.488349514563104
TED,POL,Gmina Lublin,OTHER / OPEN WORLD,UNKNOWN,103,1886953.31,48.226019417475726
TED,PL,Uniwersytet Warszawski,OTHER / OPEN WORLD,UNKNOWN,103,99672.0,47.943300970873786
France,France,Région Guadeloupe,OTHER / OPEN WORLD,OPEN_PUBLIC,103,800000.0,47.93844660194175
TED,ESP,Director Gerente de Mutua Intercomarcal MATEPSS Nº 39,OTHER / OPEN WORLD,UNKNOWN,103,142604.39,47.884466019417474
France,France,Conseil Départemental de la Guadeloupe,OTHER / OPEN WORLD,OPEN_PUBLIC,103,542050.0,47.85980582524272
Germany,Germany,Thüringer Landesamt für Bau und Verkehr,OTHER / OPEN WORLD,COMPETITIVE_OTHER,103,316645.245,47.71320388349515
TED,POL,Ortopedyczno – Rehabilitacyjny Szpital Kliniczny im. Wiktora Degi Uniwersytetu Medycznego im. Karola Marcinkowskiego w Poznaniu,OTHER / OPEN WORLD,UNKNOWN,103,195611.0,47.286990291262136
TED,ESP,Ajuntament de Barcelona,OTHER / OPEN WORLD,UNKNOWN,103,639600.0,46.90233009708738
TED,POL,43 WOG,OTHER / OPEN WORLD,UNKNOWN,103,264828.5,46.85320388349515
France,France,Conseil Départemental des Bouches du Rhône,OTHER / OPEN WORLD,OPEN_PUBLIC,103,348347.305,46.630679611650486
TED,NOR,Troms fylkeskommune,OTHER / OPEN WORLD,UNKNOWN,103,10000000.0,46.15514563106796
United Kingdom,United Kingdom,COUNTESS OF CHESTER HOSPITAL NHS FOUNDATION TRUST,OTHER / OPEN WORLD,DIRECT_NONCOMPETITIVE,103,18124.5,46.074757281553396
France,France,Service commande publique,OTHER / OPEN WORLD,OPEN_PUBLIC,103,466588.39,45.40679611650486
France,France,Collectivité de Saint Martin (978),OTHER / OPEN WORLD,OPEN_PUBLIC,103,,44.58019417475728
France,France,CCI de Corse,OTHER / OPEN WORLD,UNKNOWN,103,144921.0,44.083300970873786
TED,POL,NARODOWY BANK POLSKI,OTHER / OPEN WORLD,UNKNOWN,103,2025420.0,43.87883495145631
TenderNed,Netherlands,Gemeente Leidschendam-Voorburg,OTHER / OPEN WORLD,UNKNOWN,103,311040.0,43.610291262135924
France,France,Ville de Créteil,OTHER / OPEN WORLD,OPEN_PUBLIC,103,0.0,43.087184466019416
Germany,Germany,SWM Services GmbH,OTHER / OPEN WORLD,OPEN_PUBLIC,103,0.0,42.580970873786406
Belgium,BE,Artesis Plantijn Hogeschool Antwerpen,OTHER / OPEN WORLD,UNKNOWN,103,,41.74097087378641
Belgium,BE,Ores sc,OTHER / OPEN WORLD,UNKNOWN,103,,41.43514563106796
Ireland,Ireland,Galway City Council,OTHER / OPEN WORLD,UNKNOWN,103,,41.1747572815534
Belgium,BE,Tongeren,OTHER / OPEN WORLD,UNKNOWN,103,,41.0
Germany,Germany,Münchner Wohnen GmbH,OTHER / OPEN WORLD,COMPETITIVE_OTHER,103,0.01,40.24271844660194
Quebec,Canada - Quebec,Ville de Montréal - Service des technologies de l'information,OTHER / OPEN WORLD,UNKNOWN,102,1180843.8425,58.34235294117647
Quebec,Canada - Quebec,Commission des services électriques de Montréal,OTHER / OPEN WORLD,OPEN_PUBLIC,102,1617208.975,55.71686274509804
Quebec,Canada - Quebec,Ville de Montréal - Espace pour la vie,OTHER / OPEN WORLD,DIRECT_NONCOMPETITIVE,102,40967.755000000005,54.74058823529412
TED,ESP,"Aigües de Barcelona, Empresa Metropolitana de Gestió del Cicle Integral de l'Aigua, S.A.",OTHER / OPEN WORLD,UNKNOWN,102,645346.5,54.62549019607843
United Kingdom,United Kingdom,Northern Ireland Housing Executive,OTHER / OPEN WORLD,OPEN_PUBLIC,102,450000.0,54.59901960784314
TED,PRT,"Serviços de Saúde da Região Autónoma da Madeira, EPERAM (SESARAM; EPERAM)",OTHER / OPEN WORLD,UNKNOWN,102,406790.0,54.14431372549019
TED,SWE,Migrationsverket,OTHER / OPEN WORLD,UNKNOWN,102,8400000.0,53.32274509803921
TED,ROU,Inspectoratul General pentru Situatii de Urgenta,OTHER / OPEN WORLD,UNKNOWN,102,2236000.0,53.28980392156863
Ireland,Ireland,Meath County Council,OTHER / OPEN WORLD,OPEN_PUBLIC,102,221000.0,53.143725490196076
TED,SVN,ONKOLOŠKI INŠTITUT LJUBLJANA,OTHER / OPEN WORLD,UNKNOWN,102,439990.895,52.41882352941177
Quebec,Canada - Quebec,Agence de mobilité durable,OTHER / OPEN WORLD,DIRECT_NONCOMPETITIVE,102,48116.5,52.35294117647059
Ireland,Ireland,Tipperary County Council,OTHER / OPEN WORLD,OPEN_PUBLIC,102,243931.885,52.184705882352944
TED,BGR,ОБЩИНА ВИДИН,OTHER / OPEN WORLD,UNKNOWN,102,150860.445,51.694901960784314
TED,NOR,Oslo kommune v/ Utviklings- og kompetanseetaten,OTHER / OPEN WORLD,UNKNOWN,102,90000000.0,51.54019607843137
Germany,Germany,Staatliches Bauamt Schweinfurt,OTHER / OPEN WORLD,OPEN_PUBLIC,102,472815.115,51.40941176470588
TED,EST,Elektrilevi OÜ,OTHER / OPEN WORLD,UNKNOWN,102,929006.0,51.14431372549019
TED,ESP,"Consejo de Administración de la Sociedad Mercantil Estatal de Gestión Inmobiliaria de Patrimonio, M.P.S.A. (Segipsa)",OTHER / OPEN WORLD,UNKNOWN,102,321133.96,51.061764705882354
Ireland,Ireland,Leitrim County Council,OTHER / OPEN WORLD,OPEN_PUBLIC,102,283963.5,50.69313725490196
TED,POL,PODKARPACKI ZARZĄD DRÓG WOJEWÓDZKICH,OTHER / OPEN WORLD,UNKNOWN,102,1292558.5,49.75666666666667
TED,POL,Miejskie Przedsiębiorstwo Oczyszczania w m. st. Warszawie sp. z o.o.,OTHER / OPEN WORLD,UNKNOWN,102,2398500.0,49.653137254901964
TED,POL,Uniwersytet Wrocławski,OTHER / OPEN WORLD,UNKNOWN,102,539244.0,49.600392156862746
TED,FIN,"Elinkeino-, liikenne- ja ympäristökeskusten sekä työ- ja elinkeinotoimistojen kehittämis- ja hallintokeskus",OTHER / OPEN WORLD,UNKNOWN,102,1000000.0,48.13901960784314
TenderNed,Netherlands,Centraal Orgaan opvang asielzoekers (COA),OTHER / OPEN WORLD,UNKNOWN,102,3995250.0,47.98352941176471
TED,ESP,Consorci de Salut i d'Atenció Social de Catalunya,OTHER / OPEN WORLD,UNKNOWN,102,4630699.23,47.663333333333334
TED,NOR,UNIVERSITETET I BERGEN,OTHER / OPEN WORLD,UNKNOWN,102,2500000.0,47.571176470588235
TED,POL,Szpital Miejski Specjalistyczny im. Gabriela Narutowicza w Krakowie,OTHER / OPEN WORLD,UNKNOWN,102,60257.405,47.011372549019605
TED,LVA,Jūrmalas valstspilsētas administrācija,OTHER / OPEN WORLD,UNKNOWN,102,299590.0,46.999607843137255
France,France,Département des Hautes-Alpes,OTHER / OPEN WORLD,OPEN_PUBLIC,102,252497.5,46.60235294117647
United Kingdom,United Kingdom,Ministry of Justice,OTHER / OPEN WORLD,COMPETITIVE_OTHER,102,40000.0,45.34294117647059
France,France,Communauté d'Agglomération de Cergy-Pontoise,OTHER / OPEN WORLD,OPEN_PUBLIC,102,310000.0,45.301764705882356
France,France,Ville De Limoges,OTHER / OPEN WORLD,OPEN_PUBLIC,102,,45.24235294117647
TenderNed,Netherlands,Hogeschool Utrecht,OTHER / OPEN WORLD,UNKNOWN,102,900000.0,44.17941176470588
TenderNed,Netherlands,Gemeente Lansingerland,OTHER / OPEN WORLD,UNKNOWN,102,625000.0,44.084117647058825
Germany,Germany,Landesverwaltungsamt (LaVA) - Abteilung 4 - Staatliche Hochbaubehörde (SHB),OTHER / OPEN WORLD,OPEN_PUBLIC,102,2692876.66,44.08019607843137
France,France,SDIS du Gard (30),OTHER / OPEN WORLD,OPEN_PUBLIC,102,0.0,43.265882352941176
Belgium,BE,Erasmushogeschool Brussel,OTHER / OPEN WORLD,UNKNOWN,102,,42.47529411764706
Belgium,BE,Provinciale Ontwikkelingsmaatschappij West-Vlaanderen,OTHER / OPEN WORLD,UNKNOWN,102,,41.224117647058826
Belgium,BE,Office de la Naissance et de l'Enfance,OTHER / OPEN WORLD,UNKNOWN,102,,41.15882352941176
Belgium,BE,water-link,OTHER / OPEN WORLD,UNKNOWN,102,,41.01764705882353
Belgium,BE,Direction régionale du Hainaut,OTHER / OPEN WORLD,UNKNOWN,102,,40.1
United Kingdom,United Kingdom,Manchester City Council,OTHER / OPEN WORLD,OPEN_PUBLIC,101,1093243.55,56.48079207920792
United Kingdom,United Kingdom,East Riding of Yorkshire Council,OTHER / OPEN WORLD,OPEN_PUBLIC,101,1188000.0,55.618811881188115
Quebec,Canada - Quebec,Cégep de Saint-Laurent.,OTHER / OPEN WORLD,DIRECT_NONCOMPETITIVE,101,36915.0,54.83366336633664
TED,ROU,UNIVERSITATEA CRAIOVA,OTHER / OPEN WORLD,UNKNOWN,101,258760.0,54.28950495049505
Quebec,Canada - Quebec,Ville de Montréal - Service de la gestion et de la planification immobilière,OTHER / OPEN WORLD,UNKNOWN,101,389599.615,54.17465346534654
TED,SWE,Trelleborgs kommun,OTHER / OPEN WORLD,UNKNOWN,101,7000000.0,53.64158415841584
TED,ESP,Rectorado de la Universitat de València,OTHER / OPEN WORLD,UNKNOWN,101,442899.0,53.606534653465346
United Kingdom,United Kingdom,Ministry of Justice,OTHER / OPEN WORLD,DIRECT_NONCOMPETITIVE,101,60000.0,53.605346534653464
TED,SWE,Uddevalla kommun,OTHER / OPEN WORLD,UNKNOWN,101,6000000.0,52.996237623762376
TED,ESP,Junta de Gobierno del Ayuntamiento de Alcobendas,OTHER / OPEN WORLD,UNKNOWN,101,481745.0,52.913663366336635
Quebec,Canada - Quebec,Centre Intégré de Santé et de Services Sociaux de l'Outaouais,OTHER / OPEN WORLD,OPEN_PUBLIC,101,402700.0,52.503762376237624
TED,DNK,Energinet,OTHER / OPEN WORLD,UNKNOWN,101,8217000.0,52.45623762376238
TED,BG,АЕЦ КОЗЛОДУЙ ЕАД,OTHER / OPEN WORLD,UNKNOWN,101,1144800.0,51.82356435643565
TED,PRT,"Serviço de Saúde da Região Autónoma da Madeira, EPE-RAM",OTHER / OPEN WORLD,UNKNOWN,101,147800.0,50.235049504950496
TED,POL,Centralny Ośrodek Informatyki,OTHER / OPEN WORLD,UNKNOWN,101,2714464.5,50.05227722772277
TED,RO,SPITALUL CLINIC JUDETEAN MURES,OTHER / OPEN WORLD,UNKNOWN,101,56706.0,50.0360396039604
TED,ITA,IRCCS FONDAZIONE PASCALE,OTHER / OPEN WORLD,UNKNOWN,101,366031.4,49.505148514851484
TED,POL,Polskie Sieci Elektroenergetyczne S.A.,OTHER / OPEN WORLD,UNKNOWN,101,3484511.175,48.93980198019802
TED,BGR,МНОГОПРОФИЛНА БОЛНИЦА ЗА АКТИВНО ЛЕЧЕНИЕ - ХАСКОВО АД,OTHER / OPEN WORLD,UNKNOWN,101,49800.0,48.576831683168315
TED,POL,Zespół Opieki Zdrowotnej,OTHER / OPEN WORLD,UNKNOWN,101,272980.0,47.40257425742574
United Kingdom,United Kingdom,HUMBER TEACHING NHS FOUNDATION TRUST,OTHER / OPEN WORLD,UNKNOWN,101,27698.5,47.28336633663366
TED,LTU,Marijampolės savivaldybės administracija,OTHER / OPEN WORLD,UNKNOWN,101,57957.55,46.612673267326734
France,France,Centre Hospitalier de Lens,OTHER / OPEN WORLD,OPEN_PUBLIC,101,400000.0,46.42495049504951
TED,LVA,Dienvidkurzemes novada pašvaldība,OTHER / OPEN WORLD,UNKNOWN,101,198734.65,46.05980198019802
France,France,Département de Seine-et-Marne,OTHER / OPEN WORLD,OPEN_PUBLIC,101,334861.615,45.72455445544554
France,France,Service Achats Responsables,OTHER / OPEN WORLD,OPEN_PUBLIC,101,700000.0,45.37049504950495
TED,LVA,Alūksnes novada pašvaldība,OTHER / OPEN WORLD,UNKNOWN,101,152729.405,45.304752475247525
Germany,Germany,"Umweltbetrieb Bremen, Eigenbetrieb der Stadtgemeinde Bremen",OTHER / OPEN WORLD,OPEN_PUBLIC,101,,43.91089108910891
TenderNed,Netherlands,Waterschap Drents Overijsselse Delta,OTHER / OPEN WORLD,UNKNOWN,101,478850.28,43.544950495049505
TED,LTU,Infrastruktūros valdymo agentūra,OTHER / OPEN WORLD,UNKNOWN,101,60742.0,43.38435643564357
Germany,Germany,Stadt Karlsruhe Hauptamt,OTHER / OPEN WORLD,OPEN_PUBLIC,101,0.01,42.645742574257426
Germany,Germany,HOWOGE Wohnungsbaugesellschaft mbH,OTHER / OPEN WORLD,COMPETITIVE_OTHER,101,1.0,41.82059405940594
TenderNed,Netherlands,N.V. HVC,OTHER / OPEN WORLD,UNKNOWN,101,1277144.0,41.26910891089109
Belgium,BE,Lommel,OTHER / OPEN WORLD,UNKNOWN,101,,41.24059405940594
TenderNed,Netherlands,Gemeente Bergen op Zoom,OTHER / OPEN WORLD,UNKNOWN,101,1.0,41.19603960396039
Belgium,BE,Dison,OTHER / OPEN WORLD,UNKNOWN,101,,41.172871287128714
Belgium,BE,Libramont-Chevigny,OTHER / OPEN WORLD,UNKNOWN,101,,40.70950495049505
TED,CZE,Lesy hl. m. Prahy,OTHER / OPEN WORLD,UNKNOWN,100,2000000.0,55.2614
TED,CZE,ČESKÝ ROZHLAS,OTHER / OPEN WORLD,UNKNOWN,100,3300889.0,54.6744
Quebec,Canada - Quebec,Ville de Saint-Lambert,OTHER / OPEN WORLD,DIRECT_NONCOMPETITIVE,100,34691.49,54.673
Quebec,Canada - Quebec,Ville de Beauharnois,OTHER / OPEN WORLD,DIRECT_NONCOMPETITIVE,100,53836.845,54.6526
United Kingdom,United Kingdom,Medway Council,OTHER / OPEN WORLD,OPEN_PUBLIC,100,350000.0,54.4716
TED,RO,"SNTFC ""CFR CALATORI"" S.A.",OTHER / OPEN WORLD,UNKNOWN,100,751493.0,54.1478
Quebec,Canada - Quebec,Réseau de transport de la Capitale.,OTHER / OPEN WORLD,OPEN_PUBLIC,100,403375.99,53.9918
Quebec,Canada - Quebec,Université Concordia,OTHER / OPEN WORLD,OPEN_PUBLIC,100,366625.86,53.8584
Quebec,Canada - Quebec,Ville de Magog.,OTHER / OPEN WORLD,OPEN_PUBLIC,100,367722.245,53.4208
TED,SWE,Mölndals stad,OTHER / OPEN WORLD,UNKNOWN,100,10000000.0,53.0704
TED,POL,25. Wojskowy Oddział Gospodarczy w Białymstoku.,OTHER / OPEN WORLD,UNKNOWN,100,5456500.0,53.007
Quebec,Canada - Quebec,Ville de Repentigny.,OTHER / OPEN WORLD,LIMITED_INVITATION,100,63627.16499999999,52.5572
TED,ROU,Spitalul Clinic Judetean de Urgenta Craiova,OTHER / OPEN WORLD,UNKNOWN,100,447000.0,52.2596
TED,ROU,"Institutul de Pneumoftiziologie ""Marius Nasta""",OTHER / OPEN WORLD,UNKNOWN,100,594950.0,51.4954
TED,ITA,Trenitalia S.p.A.,OTHER / OPEN WORLD,UNKNOWN,100,4283216.3,51.4346
TED,POL,Wojewódzki Szpital Wielospecjalistyczny im. dr. Jana Jonstona w Lesznie,OTHER / OPEN WORLD,UNKNOWN,100,307407.405,51.018
TED,PRT,"Unidade Local de Saúde de Santa Maria, EPE",OTHER / OPEN WORLD,UNKNOWN,100,381164.9,50.6976
TED,ITA,"Commissione europea, Centro comune di ricerca (JRC)",OTHER / OPEN WORLD,UNKNOWN,100,600000.0,50.65
France,France,CNFPT - Direction de l'achat public,OTHER / OPEN WORLD,OPEN_PUBLIC,100,939830.5,50.4488
TED,POL,Miasto Poznań - Urząd Miasta Poznania,OTHER / OPEN WORLD,UNKNOWN,100,635543.4375,50.374
TED,POL,Uniwersytet Medyczny im. Piastów Śląskich we Wrocławiu,OTHER / OPEN WORLD,UNKNOWN,100,226160.3875,50.274
TED,POL,Samodzielny Publiczny Zakład Opieki Zdrowotnej,OTHER / OPEN WORLD,UNKNOWN,100,258563.0,49.7196
Germany,Germany,Stadt Rosenheim,OTHER / OPEN WORLD,OPEN_PUBLIC,100,194500.0,49.4848
TED,POL,Szpital Kliniczny Ministerstwa Spraw Wewnętrznych i Administracji z Warmińsko-Mazurskim Centrum Onkologii w Olsztynie,OTHER / OPEN WORLD,UNKNOWN,100,266171.4,49.174
TED,POL,Komenda Wojewódzka Policji w Katowicach,OTHER / OPEN WORLD,UNKNOWN,100,202764.325,48.6372
TED,LTU,Lietuvos kalėjimų tarnyba,OTHER / OPEN WORLD,UNKNOWN,100,66097.44,46.8966
Germany,Germany,DIAKONEO KdöR Bau- und Immobilienmanagement,OTHER / OPEN WORLD,OPEN_PUBLIC,100,174058.26,46.658
TED,LVA,Valsts robežsardze,OTHER / OPEN WORLD,UNKNOWN,100,454545.0,46.596
France,France,Clermont Auvergne Métropole,OTHER / OPEN WORLD,OPEN_PUBLIC,100,500000.0,46.1234
TenderNed,Netherlands,Ministerie van Infrastructuur en Waterstaat,OTHER / OPEN WORLD,UNKNOWN,100,1234595.0,46.0064
France,France,Centre Hospitalier de Laval (53),OTHER / OPEN WORLD,OPEN_PUBLIC,100,300000.0,45.4352
United Kingdom,United Kingdom,City of Bradford Metropolitan District Council,OTHER / OPEN WORLD,UNKNOWN,100,485275.0,45.148
TenderNed,Netherlands,"Ministerie van Volksgezondheid, Welzijn en Sport",OTHER / OPEN WORLD,UNKNOWN,100,600000.0,45.002
TED,LVA,Saldus novada pašvaldība,OTHER / OPEN WORLD,UNKNOWN,100,122300.0,44.8308
TED,LVA,Balvu novada pašvaldība,OTHER / OPEN WORLD,UNKNOWN,100,22385.15,44.056
France,France,Commune de La Hague,OTHER / OPEN WORLD,OPEN_PUBLIC,100,145000.0,43.5962
TenderNed,Netherlands,Waterschap Aa en Maas,OTHER / OPEN WORLD,UNKNOWN,100,500000.0,42.5864
TenderNed,Netherlands,GGD Zaanstreek-Waterland,OTHER / OPEN WORLD,UNKNOWN,100,90.0,41.1338
Belgium,BE,OCMW Brugge,OTHER / OPEN WORLD,UNKNOWN,100,,41.081
Quebec,Canada - Quebec,Ville de Montréal - Service des technologies de l'information,OTHER / OPEN WORLD,DIRECT_NONCOMPETITIVE,99,60000.0,55.903636363636366
United Kingdom,United Kingdom,City of Bradford Metropolitan District Council,OTHER / OPEN WORLD,OPEN_PUBLIC,99,579000.0,55.823232323232325
Quebec,Canada - Quebec,Régie de l'assurance maladie du Québec,OTHER / OPEN WORLD,DIRECT_NONCOMPETITIVE,99,70000.0,55.46060606060606
TED,ESP,Servicio Andaluz de Salud. Hospital Universitario Juan Ramón Jiménez,OTHER / OPEN WORLD,UNKNOWN,99,988815.0874999999,54.88949494949495
Quebec,Canada - Quebec,Ville de Montréal - Service de la Gestion et de la Planification des Immeubles,OTHER / OPEN WORLD,OPEN_PUBLIC,99,927954.0249999999,54.33111111111111
Quebec,Canada - Quebec,Champlain Regional College,OTHER / OPEN WORLD,DIRECT_NONCOMPETITIVE,99,37526.5,54.126060606060605
United Kingdom,United Kingdom,Leicestershire County Council,OTHER / OPEN WORLD,OPEN_PUBLIC,99,200000.0,54.11252525252525
TED,CZE,Ministerstvo zemědělství,OTHER / OPEN WORLD,UNKNOWN,99,7291152.25,54.02
TED,CHE,"Ufficio federale delle strade USTRA, divisione infrastruttura stradale Est",OTHER / OPEN WORLD,UNKNOWN,99,1911482.975,53.431111111111115
TED,SWE,Bodens kommun,OTHER / OPEN WORLD,UNKNOWN,99,6000000.0,52.96161616161616
Quebec,Canada - Quebec,Société de Transport de l'Outaouais.,OTHER / OPEN WORLD,OPEN_PUBLIC,99,222821.55,52.57090909090909
TED,HRV,Klinički bolnički centar Sestre milosrdnice,OTHER / OPEN WORLD,UNKNOWN,99,104139.0,51.95212121212121
United Kingdom,United Kingdom,Bedford Borough Council,OTHER / OPEN WORLD,DIRECT_NONCOMPETITIVE,99,87623.0,51.76646464646465
TED,BGR,ОБЩИНА ЛОВЕЧ,OTHER / OPEN WORLD,UNKNOWN,99,198117.0,51.3210101010101
Germany,Germany,Die Autobahn GmbH des Bundes,OTHER / OPEN WORLD,OPEN_PUBLIC,99,980310.0,51.11454545454546
United Kingdom,United Kingdom,Barnsley Metropolitan Borough Council,OTHER / OPEN WORLD,DIRECT_NONCOMPETITIVE,99,179384.725,50.971717171717174
TED,GRC,ΔΗΜΟΣ ΘΕΣΣΑΛΟΝΙΚΗΣ,OTHER / OPEN WORLD,UNKNOWN,99,280107.905,50.38424242424242
TED,ESP,Presidencia de la Diputación Provincial de Valencia,OTHER / OPEN WORLD,UNKNOWN,99,406500.0,50.344040404040406
TED,ROU,"Institutul de Boli Infectioase ""Prof. Dr. Matei Bals""",OTHER / OPEN WORLD,UNKNOWN,99,54000.0,49.99717171717172
TED,POL,Mazowiecki Zarząd Dróg Wojewódzkich w Warszawie,OTHER / OPEN WORLD,UNKNOWN,99,1010000.0,49.9189898989899
France,France,OFFICE FRANCAIS DE LA BIODIVERSITE,OTHER / OPEN WORLD,OPEN_PUBLIC,99,304067.62,49.45878787878788
France,France,Ministère de l'Intérieur,OTHER / OPEN WORLD,OPEN_PUBLIC,99,4221540.18,47.987272727272725
Germany,Germany,Landkreis Eichsfeld - Zentrale Vergabestelle,OTHER / OPEN WORLD,OPEN_PUBLIC,99,0.01,47.865656565656565
TED,PRT,Município de Torres Vedras,OTHER / OPEN WORLD,UNKNOWN,99,110255.0,47.56969696969697
TED,FIN,Keski-Uudenmaan hyvinvointialue,OTHER / OPEN WORLD,UNKNOWN,99,1381127.0,47.345252525252526
TED,AUT,KNG-Kärnten Netz GmbH,OTHER / OPEN WORLD,UNKNOWN,99,374625.0,46.67030303030303
Germany,Germany,Schulverband Wiesentheid,OTHER / OPEN WORLD,OPEN_PUBLIC,99,66545.0,45.776767676767676
TED,LVA,Nacionālais veselības dienests,OTHER / OPEN WORLD,UNKNOWN,99,202833.725,45.69252525252525
Germany,Germany,Deutsches Zentrum für Luft- und Raumfahrt e.V. (DLR),OTHER / OPEN WORLD,COMPETITIVE_OTHER,99,1.0,45.5660606060606
TenderNed,Netherlands,"Rijkswaterstaat Water, Verkeer en Leefomgeving",OTHER / OPEN WORLD,UNKNOWN,99,193000.0,45.04060606060606
TenderNed,Netherlands,Provincie Drenthe,OTHER / OPEN WORLD,UNKNOWN,99,1387500.0,44.69090909090909
Germany,Germany,SWM Services GmbH,OTHER / OPEN WORLD,COMPETITIVE_OTHER,99,0.0,44.6440404040404
TenderNed,Netherlands,Gemeente Hengelo,OTHER / OPEN WORLD,UNKNOWN,99,866000.0,44.266060606060606
TED,LTU,Tauragės rajono savivaldybės administracija,OTHER / OPEN WORLD,UNKNOWN,99,34998.0,44.06565656565657
France,France,Santé,OTHER / OPEN WORLD,OPEN_PUBLIC,99,,43.81636363636363
TenderNed,Netherlands,Waterschap Zuiderzeeland,OTHER / OPEN WORLD,UNKNOWN,99,500000.0,43.23878787878788
Belgium,BE,Braine-l'Alleud,OTHER / OPEN WORLD,UNKNOWN,99,,40.736363636363635
Quebec,Canada - Quebec,Université du Québec (Siège social),OTHER / OPEN WORLD,DIRECT_NONCOMPETITIVE,98,40522.5,56.16326530612245
TED,CZE,Česká národní banka,OTHER / OPEN WORLD,UNKNOWN,98,5021729.5,55.77755102040816
TED,CZ,Institut klinické a experimentální medicíny,OTHER / OPEN WORLD,UNKNOWN,98,6490789.8,55.40795918367347
Ireland,Ireland,Trinity College Dublin the University of Dublin,OTHER / OPEN WORLD,OPEN_PUBLIC,98,244000.0,54.77755102040816
TED,ITA,InfoCamere ScpA,OTHER / OPEN WORLD,UNKNOWN,98,626086.5,54.161632653061226
Quebec,Canada - Quebec,Ville de Saint-Augustin-de-Desmaures,OTHER / OPEN WORLD,DIRECT_NONCOMPETITIVE,98,44876.67,54.057755102040815
TED,PL,Uniwersyteckie Centrum Kliniczne Warszawskiego Uniwersytetu Medycznego,OTHER / OPEN WORLD,UNKNOWN,98,245000.0,53.897551020408166
TED,HRV,HEP-Proizvodnja d.o.o.,OTHER / OPEN WORLD,UNKNOWN,98,386863.85,53.870612244897956
TED,POL,MIEJSKIE PRZEDSIĘBIORSTWO KOMUNIKACYJNE SPÓŁKA AKCYJNA W KRAKOWIE,OTHER / OPEN WORLD,UNKNOWN,98,1409953.52,53.625510204081635
Quebec,Canada - Quebec,CENTRE INTÉGRÉ DE SANTÉ ET DE SERVICES SOCIAUX DU BAS-SAINT-LAURENT,OTHER / OPEN WORLD,OPEN_PUBLIC,98,374040.0,53.402244897959186
TED,ROU,R.A. ROMATSA - ADMINISTRATIA ROMANA A SERVICIILOR DE TRAFIC AERIAN,OTHER / OPEN WORLD,UNKNOWN,98,1000000.0,52.84918367346939
Ireland,Ireland,Monaghan County Council,OTHER / OPEN WORLD,OPEN_PUBLIC,98,136226.5,52.198367346938774
TED,POL,Lubelski Węgiel Bogdanka S.A. w Bogdance,OTHER / OPEN WORLD,UNKNOWN,98,7130974.2,52.14673469387755
Germany,Germany,Stadtverwaltung Gera,OTHER / OPEN WORLD,OPEN_PUBLIC,98,184786.2,51.81775510204081
TED,AUT,Bundesministerium für Inneres,OTHER / OPEN WORLD,UNKNOWN,98,709020.0,51.674285714285716
TED,AT,Bundesimmobiliengesellschaft m.b.H.,OTHER / OPEN WORLD,UNKNOWN,98,789879.105,51.248775510204084
Germany,Germany,EWN Entsorgungswerk für Nuklearanlagen GmbH,OTHER / OPEN WORLD,OPEN_PUBLIC,98,200000.0,51.200816326530614
Germany,Germany,"Land Berlin, Senatsverwaltung für Mobilität, Verkehr, Klimaschutz und Umwelt",OTHER / OPEN WORLD,OPEN_PUBLIC,98,686205.39,51.05714285714286
Germany,Germany,"Landkreis Märkisch-Oderland / Amt für Digitalisierung, Organisation und Personal",OTHER / OPEN WORLD,OPEN_PUBLIC,98,165821.9,50.437551020408165
TED,ITA,Asm Pavia Spa,OTHER / OPEN WORLD,UNKNOWN,98,465065.0,50.24795918367347
TED,SVK,Žilinský samosprávny kraj,OTHER / OPEN WORLD,UNKNOWN,98,322862.89,50.0634693877551
TED,BGR,"Многопрофилна болница за активно лечение "" Лозенец "" ЕАД",OTHER / OPEN WORLD,UNKNOWN,98,112234.225,50.005714285714284
United Kingdom,United Kingdom,Secretary of State for Health and Social Care acting as part of the Crown through UK Health Security Agency,OTHER / OPEN WORLD,UNKNOWN,98,1666666.0,49.79265306122449
France,France,DEPARTEMENT DE LA HAUTE-SAVOIE,OTHER / OPEN WORLD,OPEN_PUBLIC,98,302400.0,49.30755102040816
Germany,Germany,Stadt Kempten (Allgäu),OTHER / OPEN WORLD,OPEN_PUBLIC,98,178268.15,48.988571428571426
France,France,Grand Avignon,OTHER / OPEN WORLD,OPEN_PUBLIC,98,430646.53500000003,47.78551020408163
Germany,Germany,Landeshauptstadt Hannover - Fachbereich Personal und Organisation,OTHER / OPEN WORLD,OPEN_PUBLIC,98,310858.62,47.65326530612245
TenderNed,Netherlands,gemeente Westland,OTHER / OPEN WORLD,UNKNOWN,98,1342995.0,46.75877551020408
TED,LTU,Kauno rajono savivaldybės administracija,OTHER / OPEN WORLD,UNKNOWN,98,82000.0,46.14142857142857
France,France,Communauté d'Agglomération Béziers Méditerranée,OTHER / OPEN WORLD,OPEN_PUBLIC,98,500000.0,45.883265306122446
France,France,CHU Lyon,OTHER / OPEN WORLD,OPEN_PUBLIC,98,655279.38,45.19204081632653
TED,LVA,Rēzeknes valstspilsētas pašvaldība,OTHER / OPEN WORLD,UNKNOWN,98,37212.03999999999,44.86571428571428
TED,LVA,"Valsts sabiedrība ar ierobežotu atbildību ""Paula Stradiņa klīniskā universitātes slimnīca""",OTHER / OPEN WORLD,UNKNOWN,98,205165.29,43.78530612244898
France,France,GRAND PORT MARITIME DE MARSEILLE,OTHER / OPEN WORLD,COMPETITIVE_OTHER,98,89000.0,42.59612244897959
Belgium,BE,Buildingsagency.be - Wallonie Région Ouest,OTHER / OPEN WORLD,UNKNOWN,98,,41.58591836734694
Belgium,BE,Gemeente Puurs-Sint-Amands,OTHER / OPEN WORLD,UNKNOWN,98,,41.33061224489796
Belgium,BE,Oostende,OTHER / OPEN WORLD,UNKNOWN,98,,41.29020408163265
Belgium,BE,Brasschaat,OTHER / OPEN WORLD,UNKNOWN,98,,41.02755102040816
Belgium,BE,Forest,OTHER / OPEN WORLD,UNKNOWN,98,,40.73734693877551
Ireland,Ireland,Fáilte Ireland-National Tourism Development Authority,OTHER / OPEN WORLD,OPEN_PUBLIC,97,210000.0,60.52432989690722
TED,ESP,Jefatura de Asuntos Económicos del Estado Mayor de la Defensa,OTHER / OPEN WORLD,UNKNOWN,97,473268.175,55.004742268041234
Quebec,Canada - Quebec,Cégep Vanier College.,OTHER / OPEN WORLD,DIRECT_NONCOMPETITIVE,97,38192.99,54.72164948453608
TED,HUN,Médiaszolgáltatás - támogató és Vagyonkezelő Alap,OTHER / OPEN WORLD,UNKNOWN,97,136786574.5,54.07979381443299
TED,PL,"Jastrzębska Spółka Węglowa S.A. z siedzibą w Jastrzębiu Zdroju, Zakład Wsparcia Produkcji",OTHER / OPEN WORLD,UNKNOWN,97,9519360.0,53.42762886597938
TED,ROU,SPITALUL JUDETEAN DE URGENTA ZALAU,OTHER / OPEN WORLD,UNKNOWN,97,185418.905,52.741237113402065
Quebec,Canada - Quebec,Centre de services scolaire des Monts et Marées,OTHER / OPEN WORLD,LIMITED_INVITATION,97,42767.5,52.54536082474227
TED,ROU,UNIVERSITATEA DUNAREA DE JOS,OTHER / OPEN WORLD,UNKNOWN,97,106999.13,51.751752577319586
TED,POL,Tramwaje Warszawskie sp. z o.o.,OTHER / OPEN WORLD,UNKNOWN,97,1913427.6,51.248453608247424
TED,CHE,IWB Industrielle Werke Basel,OTHER / OPEN WORLD,UNKNOWN,97,1038605.525,50.990927835051544
Germany,Germany,Große Kreisstadt Dachau,OTHER / OPEN WORLD,OPEN_PUBLIC,97,274410.0,50.6919587628866
TED,SVK,Ústredná vojenská nemocnica SNP Ružomberok - FN,OTHER / OPEN WORLD,UNKNOWN,97,321602.0,50.53092783505155
TED,PRT,Estado-Maior do Exército,OTHER / OPEN WORLD,UNKNOWN,97,285000.0,50.295051546391754
TED,POL,Wojewódzki Szpital Specjalistyczny im. Stefana Kardynała Wyszyńskiego Samodzielny Publiczny Zakład Opieki Zdrowotnej,OTHER / OPEN WORLD,UNKNOWN,97,325385.0,50.06268041237114
Germany,Germany,Stadt Chemnitz,OTHER / OPEN WORLD,OPEN_PUBLIC,97,271559.27,48.9220618556701
TED,POL,Instytut Chemii Bioorganicznej Polskiej Akademii Nauk,OTHER / OPEN WORLD,UNKNOWN,97,40209.685,48.53649484536083
Germany,Germany,"Kreis Recklinghausen, Der Landrat",OTHER / OPEN WORLD,OPEN_PUBLIC,97,19908.25,47.90474226804124
TED,FIN,Kuntien Hankintapalvelut KuHa Oy,OTHER / OPEN WORLD,UNKNOWN,97,560000.0,45.89567010309278
Germany,Germany,Beschaffungsamt des BMI,OTHER / OPEN WORLD,DIRECT_NONCOMPETITIVE,97,60910.0,45.58309278350515
TenderNed,Netherlands,Ministerie van Buitenlandse Zaken,OTHER / OPEN WORLD,UNKNOWN,97,3100000.0,45.452371134020616
TED,BGR,ОБЩИНА ТРОЯН,OTHER / OPEN WORLD,UNKNOWN,97,7644.7,44.70701030927835
TenderNed,Netherlands,Tilburg University,OTHER / OPEN WORLD,UNKNOWN,97,150862.5,44.53938144329897
Germany,Germany,DB Fernverkehr AG (Bukr 13),OTHER / OPEN WORLD,COMPETITIVE_OTHER,97,0.0,44.10432989690722
France,France,Service Départemental d’Incendie et de Secours du Nord,OTHER / OPEN WORLD,OPEN_PUBLIC,97,0.0,43.924536082474226
TenderNed,Netherlands,Gemeente Purmerend,OTHER / OPEN WORLD,UNKNOWN,97,339819.0,43.502680412371134
TED,POL,Politechnika Białostocka,OTHER / OPEN WORLD,UNKNOWN,97,8117.5,42.52556701030928
TED,AUT,PEB – Projektentwicklung Burgenland GmbH,OTHER / OPEN WORLD,UNKNOWN,97,280000.0,41.59381443298969
Belgium,BE,De Gelukkige Haard,OTHER / OPEN WORLD,UNKNOWN,97,,41.269072164948454
Germany,Germany,Hamburg Port Authority AöR,OTHER / OPEN WORLD,COMPETITIVE_OTHER,97,0.01,41.141030927835054
Belgium,BE,Ninove,OTHER / OPEN WORLD,UNKNOWN,97,,41.09278350515464
Belgium,BE,Lanaken,OTHER / OPEN WORLD,UNKNOWN,97,,41.009278350515466
Belgium,BE,Infrabel,OTHER / OPEN WORLD,UNKNOWN,97,,40.84226804123711
Belgium,BE,Fonds du Logement de Wallonie,OTHER / OPEN WORLD,UNKNOWN,97,,39.64907216494846
Quebec,Canada - Quebec,"Assemblée nationale-Direction des ressources financières, de l'approvisionnement et de la vérification",OTHER / OPEN WORLD,DIRECT_NONCOMPETITIVE,96,65051.5,55.801875
TED,ROU,Apavital SA Iasi,OTHER / OPEN WORLD,UNKNOWN,96,2738488.94,55.629583333333336
TED,HRV,HP - Hrvatska pošta d.d.,OTHER / OPEN WORLD,UNKNOWN,96,727350.185,55.576458333333335
Quebec,Canada - Quebec,Institut national de psychiatrie légale Philippe-Pinel,OTHER / OPEN WORLD,DIRECT_NONCOMPETITIVE,96,48195.0,55.1
TED,ESP,"Endesa, S. A. y todas las sociedades y establecimientos permanentes del Grupo ENEL radicados en España y Portugal",OTHER / OPEN WORLD,UNKNOWN,96,1823314.9,54.29
TED,ESP,Servicio Murciano de Salud - Gerencia,OTHER / OPEN WORLD,UNKNOWN,96,456780.0,54.278333333333336
TED,ESP,Gobierno de Zaragoza,OTHER / OPEN WORLD,UNKNOWN,96,1922700.0,54.22625
Quebec,Canada - Quebec,"SQI-Direction immobilière Abitibi-Témiscamingue, Nord-du-Québec",OTHER / OPEN WORLD,DIRECT_NONCOMPETITIVE,96,40826.69,54.140625
TED,SWE,Haninge kommun,OTHER / OPEN WORLD,UNKNOWN,96,8000000.0,53.26708333333333
TED,ESP,Aena. Dirección del Aeropuerto Adolfo Suárez Madrid-Barajas,OTHER / OPEN WORLD,UNKNOWN,96,500125.0,53.17625
Germany,Germany,Stadt Forchheim,OTHER / OPEN WORLD,OPEN_PUBLIC,96,144414.0,52.80520833333333
TED,SWE,Region Sörmland,OTHER / OPEN WORLD,UNKNOWN,96,11500000.0,52.71791666666667
TED,SVN,"Slovenske železnice - Infrastruktura, družba za upravljanje in vzdrževanje železniške infrastrukture ter vodenje železniškega prometa, d.o.o.",OTHER / OPEN WORLD,UNKNOWN,96,1000000.0,52.67041666666667
TED,ITA,PROVINCIA DI FOGGIA,OTHER / OPEN WORLD,UNKNOWN,96,965056.15,52.62166666666667
TED,ESP,Consejo de Administración del Patrimonio Nacional,OTHER / OPEN WORLD,UNKNOWN,96,331375.0,52.29
Germany,Germany,SEG Stadtentwicklungsgesellschaft Wiesbaden mbH,OTHER / OPEN WORLD,OPEN_PUBLIC,96,723007.03,51.718125
TED,ESP,ORGANISMO AUTÓNOMO MADRID SALUD,OTHER / OPEN WORLD,UNKNOWN,96,482797.65,51.64791666666667
TED,FI,HUS-yhtymä,OTHER / OPEN WORLD,UNKNOWN,96,800000.0,50.39145833333333
Quebec,Canada - Quebec,Centre de services scolaire des Hauts-Bois-de-l'Outaouais.,OTHER / OPEN WORLD,OPEN_PUBLIC,96,18583.0,49.91041666666667
TED,ROU,Spitalul Judetean de Urgenta Tulcea,OTHER / OPEN WORLD,UNKNOWN,96,41921.44,49.54875
TED,POL,Miejski Zarząd Dróg i Komunikacji w Radomiu,OTHER / OPEN WORLD,UNKNOWN,96,636810.0,49.03791666666667
TED,PRT,"AdRA - Águas da Região de Aveiro, S. A.",OTHER / OPEN WORLD,UNKNOWN,96,307500.0,47.44416666666667
Germany,Germany,Vergabestelle der Stadt Fulda,OTHER / OPEN WORLD,OPEN_PUBLIC,96,138100.0,47.184375
Germany,Germany,DB Fahrzeuginstandhaltung GmbH (Bukr 49),OTHER / OPEN WORLD,COMPETITIVE_OTHER,96,400000.0,46.667291666666664
France,France,Loire Forez agglomération,OTHER / OPEN WORLD,OPEN_PUBLIC,96,288000.0,46.3525
TED,CHE,Services industriels de Genève (SIG) - Direction Achats,OTHER / OPEN WORLD,UNKNOWN,96,849000.0,45.80916666666667
TenderNed,Netherlands,Gemeente Gouda,OTHER / OPEN WORLD,UNKNOWN,96,715000.0,45.734375
TED,POL,Zarząd Dróg Wojewódzkich w Lublinie,OTHER / OPEN WORLD,UNKNOWN,96,783300.0,45.728541666666665
France,France,SCE DEPARTEMENTAL INCENDIE ET SECOURS,OTHER / OPEN WORLD,OPEN_PUBLIC,96,500000.0,45.238125
France,France,Museum National d'Histoire Naturelle,OTHER / OPEN WORLD,OPEN_PUBLIC,96,210000.0,44.738125
TED,LVA,Dabas aizsardzības pārvalde,OTHER / OPEN WORLD,UNKNOWN,96,60000.0,44.5375
Germany,Germany,Bw Bekleidungsmanagement GmbH,OTHER / OPEN WORLD,COMPETITIVE_OTHER,96,2453884.205,42.8675
Belgium,BE,Vrije Universiteit Brussel (3P),OTHER / OPEN WORLD,UNKNOWN,96,,41.50625
Belgium,BE,Beersel,OTHER / OPEN WORLD,UNKNOWN,96,,41.084375
Belgium,BE,Tielt-Winge,OTHER / OPEN WORLD,UNKNOWN,96,,41.01875
Germany,Germany,"Performa Nord - Eigenbetrieb des Landes Bremen, Geschäftsbereich Bundesbau",OTHER / OPEN WORLD,UNKNOWN,96,,41.0
Belgium,BE,Dilsen-Stokkem,OTHER / OPEN WORLD,UNKNOWN,96,,40.9625
Belgium,BE,IMOG,OTHER / OPEN WORLD,UNKNOWN,96,,40.803125
Belgium,BE,Patrimoine Public,OTHER / OPEN WORLD,UNKNOWN,96,,40.679375
TenderNed,Netherlands,"De Bedrijfsvoeringspartner (Barendrecht, Albrandswaard, Ridderkerk, De Bedrijfsvoeringspartner)",OTHER / OPEN WORLD,UNKNOWN,96,1.0,40.486875
Belgium,BE,Farciennes,OTHER / OPEN WORLD,UNKNOWN,96,,40.300625
Canada federal,Canada,Correctional Service Canada,Website support / accessibility / hosting,OPEN_PUBLIC,95,196333.61,70.90905263157894
United Kingdom,United Kingdom,GENOMICS ENGLAND LIMITED,OTHER / OPEN WORLD,DIRECT_NONCOMPETITIVE,95,103450.0,59.84
Quebec,Canada - Quebec,Institut de tourisme et d'hôtellerie du Québec,OTHER / OPEN WORLD,DIRECT_NONCOMPETITIVE,95,34170.0,58.59178947368421
Canada federal,Canada,Defence Construction Canada / Construction de Défense Canada,Website support / accessibility / hosting,OPEN_PUBLIC,95,,57.98
Quebec,Canada - Quebec,Corporation d'urgences-santé,OTHER / OPEN WORLD,DIRECT_NONCOMPETITIVE,95,55000.0,57.253473684210526
Quebec,Canada - Quebec,Ministère de l'Emploi et de la Solidarité sociale,OTHER / OPEN WORLD,DIRECT_NONCOMPETITIVE,95,65000.0,56.98757894736842
TED,DNK,Syddansk Universitet,OTHER / OPEN WORLD,UNKNOWN,95,3500000.0,53.95368421052632
Quebec,Canada - Quebec,Commission scolaire Sir-Wilfrid-Laurier,OTHER / OPEN WORLD,DIRECT_NONCOMPETITIVE,95,38502.0,53.36105263157895
United Kingdom,United Kingdom,Cambridgeshire County Council,OTHER / OPEN WORLD,OPEN_PUBLIC,95,164298.5,53.34884210526316
Quebec,Canada - Quebec,Corporation d'urgences-santé,OTHER / OPEN WORLD,OPEN_PUBLIC,95,147562.5,53.00610526315789
TED,BGR,"ДЪРЖАВЕН ФОНД ""ЗЕМЕДЕЛИЕ""",OTHER / OPEN WORLD,UNKNOWN,95,168000.0,52.38821052631579
TED,CYP,Αστυνομία Κύπρου,OTHER / OPEN WORLD,UNKNOWN,95,310000.0,52.200631578947366
TED,POL,Wielospecjalistyczny Szpital Miejski im.J.Strusia z Zakładem Opiekuńczo- Leczniczym SP ZOZ,OTHER / OPEN WORLD,UNKNOWN,95,2758004.57,51.39178947368421
TED,ES,"Infraestructures de la Generalitat de Catalunya, SAU",OTHER / OPEN WORLD,UNKNOWN,95,1202812.45,51.270315789473685
TED,POL,"Kopalnia Soli ""Wieliczka"" S.A.",OTHER / OPEN WORLD,UNKNOWN,95,1051650.0,50.94
United Kingdom,United Kingdom,London Borough of Enfield,OTHER / OPEN WORLD,DIRECT_NONCOMPETITIVE,95,75000.0,50.432842105263155
Germany,Germany,Dataport AöR,OTHER / OPEN WORLD,OPEN_PUBLIC,95,1.0,49.72694736842105
TED,POL,Urząd Dozoru Technicznego,OTHER / OPEN WORLD,UNKNOWN,95,1638114.0,49.52231578947369
TED,POL,Uniwersytet Medyczny w Łodzi,OTHER / OPEN WORLD,UNKNOWN,95,976988.475,49.48063157894737
Germany,Germany,Fraunhofer-Gesellschaft e.V. - Vergabestelle Bau,OTHER / OPEN WORLD,COMPETITIVE_OTHER,95,352500.0,49.16926315789474
TED,PRT,Universidade do Porto,OTHER / OPEN WORLD,UNKNOWN,95,356131.67000000004,49.14442105263158
France,France,Port autonome de Strasbourg,OTHER / OPEN WORLD,OPEN_PUBLIC,95,400000.0,48.874526315789474
TED,ITA,Provincia di Campobasso,OTHER / OPEN WORLD,UNKNOWN,95,20309.12,48.76315789473684
Germany,Germany,NRW.URBAN Kommunale Entwicklung GmbH,OTHER / OPEN WORLD,OPEN_PUBLIC,95,203935.57,47.55284210526316
TED,POL,SZPITAL PRASKI P.W. PRZEMIENIENIA PAŃSKIEGO SPÓŁKA Z OGRANICZONĄ ODPOWIEDZIALNOŚCIĄ,OTHER / OPEN WORLD,UNKNOWN,95,137704.505,47.26673684210526
TED,FIN,Poliisihallitus,OTHER / OPEN WORLD,UNKNOWN,95,800000.0,47.26294736842105
Germany,Germany,Kreis Unna - Der Landrat,OTHER / OPEN WORLD,OPEN_PUBLIC,95,139115.0625,47.15263157894737
France,France,Chartres Métropole (28),OTHER / OPEN WORLD,OPEN_PUBLIC,95,600000.0,47.118105263157894
France,France,Ville de Sanary sur Mer (83),OTHER / OPEN WORLD,OPEN_PUBLIC,95,280000.0,45.845473684210525
France,France,Vendée Eau (85),OTHER / OPEN WORLD,UNKNOWN,95,622680.0,45.50694736842105
TenderNed,Netherlands,Gemeenschappelijke Regeling Omgevingsdienst Regio Utrecht,OTHER / OPEN WORLD,UNKNOWN,95,65664.0,45.45578947368421
TED,AUT,WIENER NETZE GmbH,OTHER / OPEN WORLD,UNKNOWN,95,1055250.59,45.05663157894737
France,France,Collectivité de Saint Barthélemy (977),OTHER / OPEN WORLD,OPEN_PUBLIC,95,450000.0,44.5741052631579
France,France,Centre Hospitalier Universitaire de Nîmes,OTHER / OPEN WORLD,OPEN_PUBLIC,95,1011680.0,42.577684210526314
Germany,Germany,"Vermögen und Bau Baden-Württemberg, Universitätsbauamt Stuttgart und Hohenheim",OTHER / OPEN WORLD,OPEN_PUBLIC,94,622308.225,56.00404255319149
TED,ROU,Societatea Nationala NUCLEARELECTRICA S.A.,OTHER / OPEN WORLD,UNKNOWN,94,2936113.5,55.17808510638298
Quebec,Canada - Quebec,Ville de Pincourt.,OTHER / OPEN WORLD,DIRECT_NONCOMPETITIVE,94,55188.0,54.804042553191486
Quebec,Canada - Quebec,Centre de services scolaire de la Beauce-Etchemin,OTHER / OPEN WORLD,DIRECT_NONCOMPETITIVE,94,61029.065,54.61702127659574
TED,ITA,Gare Amiu Genova,OTHER / OPEN WORLD,UNKNOWN,94,484825.0,54.232127659574466
Germany,Germany,"Vermögen und Bau Baden-Württemberg, Amt Ludwigsburg",OTHER / OPEN WORLD,OPEN_PUBLIC,94,292764.52,53.930851063829785
Quebec,Canada - Quebec,Cégep de Lévis,OTHER / OPEN WORLD,DIRECT_NONCOMPETITIVE,94,33771.78,53.848510638297874
TED,ITA,CUC SELE PICENTINI,OTHER / OPEN WORLD,UNKNOWN,94,839186.875,53.34978723404255
TED,CHE,"Bau- und Verkehrsdepartement des Kantons Basel-Stadt, Kantonale Fachstelle für öffentliche Beschaffungen",OTHER / OPEN WORLD,UNKNOWN,94,872728.375,53.18021276595745
TED,SWE,Fastighetskontoret,OTHER / OPEN WORLD,UNKNOWN,94,54000000.0,52.717021276595744
United Kingdom,United Kingdom,Department for Transport,OTHER / OPEN WORLD,DIRECT_NONCOMPETITIVE,94,57876.0,52.36659574468085
TED,BGR,ОБЩИНА КАЗАНЛЪК,OTHER / OPEN WORLD,UNKNOWN,94,386545.385,52.33531914893617
Ireland,Ireland,IDA Ireland,OTHER / OPEN WORLD,OPEN_PUBLIC,94,264250.0,51.84468085106383
United Kingdom,United Kingdom,BANK OF ENGLAND,OTHER / OPEN WORLD,DIRECT_NONCOMPETITIVE,94,72150.0,51.78617021276596
TED,RO,"Spitalul Universitar de Urgenta Militar Central ""Dr. Carol Davila""",OTHER / OPEN WORLD,UNKNOWN,94,460064.9,51.683617021276596
TED,ESP,Agencia de Seguridad y Emergencias Madrid 112,OTHER / OPEN WORLD,UNKNOWN,94,624500.0,51.59361702127659
TED,PL,Uniwersytecki Szpital Kliniczny w Białymstoku,OTHER / OPEN WORLD,UNKNOWN,94,173900.0,50.886595744680854
TED,ITA,UNIONE VALDERA - Servizio Gare e Contratti,OTHER / OPEN WORLD,UNKNOWN,94,459468.48,50.456595744680854
United Kingdom,United Kingdom,Defence Equipment and Support,OTHER / OPEN WORLD,UNKNOWN,94,6700000.0,50.278297872340424
TED,CYP,Τμήμα Δημοσίων Έργων,OTHER / OPEN WORLD,UNKNOWN,94,199000.0,50.17212765957447
United Kingdom,United Kingdom,the Education Authority,OTHER / OPEN WORLD,UNKNOWN,94,14525000.0,49.827021276595744
TED,ESP,"Servicios de la Comarca de Pamplona , S.A.",OTHER / OPEN WORLD,UNKNOWN,94,564190.56,49.63851063829787
TED,NOR,Kristiansund kommune,OTHER / OPEN WORLD,UNKNOWN,94,35000000.0,48.7368085106383
TED,LTU,Lietuvos bankas,OTHER / OPEN WORLD,UNKNOWN,94,178534.5,47.84808510638298
TED,POL,Zakład Zamówień Publicznych przy Ministrze Zdrowia,OTHER / OPEN WORLD,UNKNOWN,94,190035.0,46.721063829787234
TED,LVA,Latvijas Banka,OTHER / OPEN WORLD,UNKNOWN,94,182500.0,46.53744680851064
United Kingdom,United Kingdom,Southend-on-Sea City Council,OTHER / OPEN WORLD,UNKNOWN,94,49629.92,46.34574468085106
Germany,Germany,Stromnetz Berlin GmbH,OTHER / OPEN WORLD,COMPETITIVE_OTHER,94,1.0,46.327446808510636
Germany,Germany,Landesbetrieb Forst Brandenburg - Vergabemanagement Standort Eberswalde,OTHER / OPEN WORLD,OPEN_PUBLIC,94,207237.45,45.67744680851064
TED,BGR,МРЕЖОВИ ЕКСПЛОАТАЦИОНЕН РАЙОН - ПЛЕВЕН,OTHER / OPEN WORLD,UNKNOWN,94,15000.0,44.95531914893617
TED,POL,Sieć Badawcza Łukasiewicz - PORT Polski Ośrodek Rozwoju Technologii,OTHER / OPEN WORLD,UNKNOWN,94,93416.5,44.48574468085106
France,France,CHU de Nantes,OTHER / OPEN WORLD,OPEN_PUBLIC,94,791099.0,44.48382978723404
Belgium,BE,Asse,OTHER / OPEN WORLD,UNKNOWN,94,,41.070851063829785
Belgium,BE,Association Intercommunale de Soins et d'Hospitalisation,OTHER / OPEN WORLD,UNKNOWN,94,,39.88744680851064
Canada federal,Canada,Defence Construction Canada / Construction de Défense Canada,Website / CMS build or redesign,OPEN_PUBLIC,93,,59.0
Quebec,Canada - Quebec,Santé Québec Outaouais,OTHER / OPEN WORLD,DIRECT_NONCOMPETITIVE,93,48960.0,56.181290322580644
TED,HUN,Digitális Kormányzati Ügynökség Zártkörűen Működő Részvénytársaság,OTHER / OPEN WORLD,UNKNOWN,93,409836676.5,56.10666666666667
Quebec,Canada - Quebec,Centre de services scolaire du Chemin-du-Roy,OTHER / OPEN WORLD,DIRECT_NONCOMPETITIVE,93,39967.78,53.847741935483874
TED,ESP,Junta de Gobierno del Ayuntamiento de Oviedo,OTHER / OPEN WORLD,UNKNOWN,93,639290.9875,53.10043010752688
Germany,Germany,"Stadt Dessau-Roßlau, Zentr. Vergabestelle",OTHER / OPEN WORLD,OPEN_PUBLIC,93,129852.0,52.785806451612906
Quebec,Canada - Quebec,Université du Québec à Chicoutimi .,OTHER / OPEN WORLD,LIMITED_INVITATION,93,44766.09,52.6952688172043
United Kingdom,United Kingdom,NHS North Central London ICB,OTHER / OPEN WORLD,DIRECT_NONCOMPETITIVE,93,32500.0,52.59483870967742
Quebec,Canada - Quebec,Corporation municipale de Piedmont.,OTHER / OPEN WORLD,DIRECT_NONCOMPETITIVE,93,47213.255,52.21720430107527
Quebec,Canada - Quebec,Centre intégré de santé et de services sociaux de Lanaudière,OTHER / OPEN WORLD,LIMITED_INVITATION,93,49323.95,51.939354838709676
TED,ESP,Secretaria General del Servicio de Salud de Castilla-La Mancha,OTHER / OPEN WORLD,UNKNOWN,93,940307.9450000001,51.913333333333334
TED,NOR,Skatteetaten,OTHER / OPEN WORLD,UNKNOWN,93,13000000.0,51.67698924731183
Quebec,Canada - Quebec,Centre de services scolaire des Draveurs,OTHER / OPEN WORLD,LIMITED_INVITATION,93,49858.384999999995,51.64301075268817
United Kingdom,United Kingdom,NHS Blood and Transplant,OTHER / OPEN WORLD,UNKNOWN,93,2000000.0,51.56967741935484
Quebec,Canada - Quebec,Centre intégré de santé et de services sociaux (CISSS) des Laurentides,OTHER / OPEN WORLD,OPEN_PUBLIC,93,422836.68,51.35655913978495
TED,CZE,"Správa a údržba silnic Jihomoravského kraje, příspěvková organizace kraje",OTHER / OPEN WORLD,UNKNOWN,93,992708.125,51.274193548387096
TED,ITA,Comune di Venezia,OTHER / OPEN WORLD,UNKNOWN,93,943935.82,51.04559139784946
TED,GRC,ΓΕΝΙΚΟ ΕΠΙΤΕΛΕΙΟ ΝΑΥΤΙΚΟΥ - ΚΕΝΤΡΟ ΕΦΟΔΙΑΣΜΟΥ ΝΑΥΤΙΚΟΥ,OTHER / OPEN WORLD,UNKNOWN,93,563000.0,50.76774193548387
TED,SVN,SPLOŠNA BOLNIŠNICA NOVO MESTO,OTHER / OPEN WORLD,UNKNOWN,93,162460.075,50.56344086021505
TED,POL,Zarząd Zasobu Komunalnego Jednostka Budżetowa Gminy Wrocław,OTHER / OPEN WORLD,UNKNOWN,93,447250.0,50.23591397849462
TED,ESP,OSAKIDETZA - Servicio Vasco de Salud - OSI Bilbao-Basurto,OTHER / OPEN WORLD,UNKNOWN,93,203679.85,49.7389247311828
Germany,Germany,Bezirksamt Pankow von Berlin,OTHER / OPEN WORLD,OPEN_PUBLIC,93,299979.84,48.91741935483871
TED,GRC,ΑΝΕΞΑΡΤΗΤΟΣ ΔΙΑΧΕΙΡΙΣΤΗΣ ΜΕΤΑΦΟΡΑΣ ΗΛΕΚΤΡΙΚΗΣ ΕΝΕΡΓΕΙΑΣ Α.Ε. (ΑΔΜΗΕ Α.Ε.),OTHER / OPEN WORLD,UNKNOWN,93,2832000.0,48.63225806451613
TED,ESP,Área Sanitaria da Coruña e Cee - Servicio Gallego de Salud,OTHER / OPEN WORLD,UNKNOWN,93,91800.0,48.508602150537634
TED,ESP,Comisión Ejecutiva de Gestion Integral del Agua de Huelva,OTHER / OPEN WORLD,UNKNOWN,93,347071.175,48.362150537634406
TED,LTU,Vilniaus Gedimino technikos universitetas (PV),OTHER / OPEN WORLD,UNKNOWN,93,104423.0,46.903440860215056
France,France,Région Bourgogne Franche-Comté,OTHER / OPEN WORLD,OPEN_PUBLIC,93,800000.0,46.89354838709677
Germany,Germany,Kreis Segeberg - Der Landrat,OTHER / OPEN WORLD,OPEN_PUBLIC,93,347186.315,46.80838709677419
TED,FIN,Metsähallitus Metsätalous Oy,OTHER / OPEN WORLD,UNKNOWN,93,467110.0,46.46236559139785
TED,AUT,"Salzburg AG für Energie, Verkehr und Telekommunikation",OTHER / OPEN WORLD,UNKNOWN,93,702118.9099999999,45.55096774193549
TED,LU,Fonds du Logement,OTHER / OPEN WORLD,UNKNOWN,93,202016.35,45.36666666666667
Germany,Germany,"Landeshauptstadt München, Direktorium, Vergabestelle 1, SG 1",OTHER / OPEN WORLD,OPEN_PUBLIC,93,452174.0,44.965376344086025
TED,LVA,"Akciju sabiedrība ""Latvijas valsts meži""",OTHER / OPEN WORLD,UNKNOWN,93,134600.0,44.48279569892473
Belgium,BE,Dilbeek,OTHER / OPEN WORLD,UNKNOWN,93,,41.681290322580644
Belgium,BE,AZ Sint Lucas Brugge,OTHER / OPEN WORLD,UNKNOWN,93,,40.903225806451616
Germany,Germany,"Max-Planck-Gesellschaft , GV-Bauabteilung",OTHER / OPEN WORLD,COMPETITIVE_OTHER,93,0.01,40.038709677419355
TED,CZE,"Městská nemocnice Ostrava, příspěvková organizace",OTHER / OPEN WORLD,UNKNOWN,92,3645725.0,55.79413043478261
TED,AUT,Monopolverwaltung für Oberösterreich und Salzburg,OTHER / OPEN WORLD,UNKNOWN,92,35665750.0,55.15304347826087
Quebec,Canada - Quebec,Société de transport de Lévis,OTHER / OPEN WORLD,DIRECT_NONCOMPETITIVE,92,58566.0,54.59173913043478
Quebec,Canada - Quebec,Centre de services scolaire René-Lévesque,OTHER / OPEN WORLD,OPEN_PUBLIC,92,310000.0,54.30130434782609
Quebec,Canada - Quebec,Ville de Montréal - Service de l'eau - Direction de la gestion stratégique des réseaux d'eau,OTHER / OPEN WORLD,DIRECT_NONCOMPETITIVE,92,48600.51,54.0595652173913
Quebec,Canada - Quebec,Ville de Mont-Tremblant.,OTHER / OPEN WORLD,OPEN_PUBLIC,92,261711.84,54.05173913043478
TED,ESP,Servicio Gallego de Salud,OTHER / OPEN WORLD,UNKNOWN,92,617441.75,53.357608695652175
TED,PRT,"Unidade Local de Saúde de Gaia/Espinho, EPE",OTHER / OPEN WORLD,UNKNOWN,92,524120.0,53.315
TED,ITA,Contarina S.p.A.,OTHER / OPEN WORLD,UNKNOWN,92,856400.0,53.255
TED,CHE,Hochbauamt Graubünden,OTHER / OPEN WORLD,UNKNOWN,92,397940.35,53.22630434782609
TED,EST,Sihtasutus Tallinna Lastehaigla,OTHER / OPEN WORLD,UNKNOWN,92,140400.0,52.38913043478261
TED,ESP,Presidencia de la Diputación Provincial de Jaén,OTHER / OPEN WORLD,UNKNOWN,92,496509.39,52.003478260869564
TED,POL,Krajowe Centrum ds. AIDS,OTHER / OPEN WORLD,UNKNOWN,92,580086.4450000001,51.46739130434783
United Kingdom,United Kingdom,Leeds City Council,OTHER / OPEN WORLD,DIRECT_NONCOMPETITIVE,92,113343.0,51.306304347826085
United Kingdom,United Kingdom,Norfolk and Norwich University Hospitals NHS Foundation Trust,OTHER / OPEN WORLD,DIRECT_NONCOMPETITIVE,92,42077.625,50.87304347826087
TED,ESP,Instituto Nacional de Estadística INE,OTHER / OPEN WORLD,UNKNOWN,92,350222.4,50.83347826086956
France,France,"Tisséo Ingénierie, agissant au nom et pour le compte de Tisséo Collectivités",OTHER / OPEN WORLD,OPEN_PUBLIC,92,1829762.9,50.76695652173913
Germany,Germany,Schulverband Margetshöchheim,OTHER / OPEN WORLD,OPEN_PUBLIC,92,90338.5,50.61630434782609
TED,PRT,"Secretaria-Geral do Ministério do Trabalho, Solidariedade e Segurança Social",OTHER / OPEN WORLD,UNKNOWN,92,221910.0,50.19717391304348
TED,POL,Uniwersytet Medyczny w Lublinie,OTHER / OPEN WORLD,UNKNOWN,92,1083577.29,49.76652173913043
TED,POL,Gmina Wałbrzych - Miasto na Prawach Powiatu,OTHER / OPEN WORLD,UNKNOWN,92,347324.88,49.12760869565217
TED,BGR,УНИВЕРСИТЕТСКА МНОГОПРОФИЛНА БОЛНИЦА ЗА АКТИВНО ЛЕЧЕНИЕ - ПРОФ. Д-Р СТОЯН КИРКОВИЧ АД,OTHER / OPEN WORLD,UNKNOWN,92,37083.932499999995,48.149565217391306
TED,BGR,УНИВЕРСИТЕТСКА МНОГОПРОФИЛНА БОЛНИЦА ЗА АКТИВНО ЛЕЧЕНИЕ - БУРГАС АД,OTHER / OPEN WORLD,UNKNOWN,92,25879.7125,48.12760869565217
TED,BG,ОБЩИНА БЛАГОЕВГРАД,OTHER / OPEN WORLD,UNKNOWN,92,26662.5,47.23434782608695
TED,POL,Skarb Państwa - 13 Wojskowy Oddział Gospodarczy (13 WOG),OTHER / OPEN WORLD,UNKNOWN,92,354433.83499999996,47.16347826086957
United Kingdom,United Kingdom,Nuclear Restoration Services Limited,OTHER / OPEN WORLD,COMPETITIVE_OTHER,92,60321.77,46.55282608695652
France,France,Vallée Sud - Grand Paris (92),OTHER / OPEN WORLD,OPEN_PUBLIC,92,287500.0,45.676086956521736
Germany,Germany,DB Energie GmbH (Bukr 31),OTHER / OPEN WORLD,COMPETITIVE_OTHER,92,0.0,44.35478260869565
Belgium,BE,Ziekenhuis Oost-Limburg (3p),OTHER / OPEN WORLD,UNKNOWN,92,,41.330652173913045
Belgium,BE,Heusden-Zolder,OTHER / OPEN WORLD,UNKNOWN,92,,41.1604347826087
Belgium,BE,Fleurus,OTHER / OPEN WORLD,UNKNOWN,92,,40.667391304347824
Belgium,BE,CUB Hôpital Erasme,OTHER / OPEN WORLD,UNKNOWN,92,,40.557826086956524
Belgium,BE,CPAS de Bruxelles,OTHER / OPEN WORLD,UNKNOWN,92,,40.444347826086954
Belgium,BE,C.H.R. de la Citadelle (3P),OTHER / OPEN WORLD,UNKNOWN,92,,39.47391304347826
United Kingdom,United Kingdom,NHS Hertfordshire and West Essex Integrated Care Board,OTHER / OPEN WORLD,DIRECT_NONCOMPETITIVE,91,2716230.0,60.95208791208791
United Kingdom,United Kingdom,Belfast City Council,OTHER / OPEN WORLD,OPEN_PUBLIC,91,450000.0,56.71736263736264
TED,CZ,Fakultní nemocnice Ostrava,OTHER / OPEN WORLD,UNKNOWN,91,5056472.6,56.67230769230769
Quebec,Canada - Quebec,Santé Québec Chaudière-Appalaches,OTHER / OPEN WORLD,DIRECT_NONCOMPETITIVE,91,59992.99,55.23538461538462
Quebec,Canada - Quebec,Ville de Pointe-Claire.,OTHER / OPEN WORLD,DIRECT_NONCOMPETITIVE,91,38133.51,54.64065934065934
TED,SVK,"Národný ústav srdcových a cievnych chorôb, a.s.",OTHER / OPEN WORLD,UNKNOWN,91,315603.0,54.63296703296703
TED,CZE,Úrazová nemocnice v Brně,OTHER / OPEN WORLD,UNKNOWN,91,636050.0,54.473406593406594
United Kingdom,United Kingdom,North Northamptonshire Council,OTHER / OPEN WORLD,OPEN_PUBLIC,91,215037.5,54.42175824175824
United Kingdom,United Kingdom,Bristol City Council,OTHER / OPEN WORLD,OPEN_PUBLIC,91,2000000.0,54.15912087912088
United Kingdom,United Kingdom,Llywodraeth Cymru / Welsh Government,OTHER / OPEN WORLD,DIRECT_NONCOMPETITIVE,91,104400.0,53.754065934065935
TED,SWE,Landskrona kommun,OTHER / OPEN WORLD,UNKNOWN,91,10000000.0,53.567472527472525
Germany,Germany,Berufsgenossenschaft Holz und Metall,OTHER / OPEN WORLD,OPEN_PUBLIC,91,376198.06,53.55208791208791
TED,BGR,ВОДОСНАБДЯВАНЕ И КАНАЛИЗАЦИЯ ООД,OTHER / OPEN WORLD,UNKNOWN,91,562200.0,53.36153846153846
TED,SWE,Region Jämtland Härjedalen,OTHER / OPEN WORLD,UNKNOWN,91,7250004.5,52.81142857142857
TED,POL,12 WOJSKOWY ODDZIAŁ GOSPODARCZY,OTHER / OPEN WORLD,UNKNOWN,91,1530000.0,52.64
TED,ES,Ferrocarrils de la Generalitat de Catalunya,OTHER / OPEN WORLD,UNKNOWN,91,367492.5,52.60835164835165
TED,SWE,Locum AB,OTHER / OPEN WORLD,UNKNOWN,91,43967512.5,52.285494505494505
TED,SVK,"Dopravný podnik Bratislava, akciová spoločnosť",OTHER / OPEN WORLD,UNKNOWN,91,513777.96,51.7745054945055
TED,ROU,SPITAL CLINIC JUDETEAN DE URGENTA ORADEA,OTHER / OPEN WORLD,UNKNOWN,91,73416.0,51.72461538461538
TED,GRC,ΣΤΑΘΕΡΕΣ ΣΥΓΚΟΙΝΩΝΙΕΣ ΜΟΝΟΠΡΟΣΩΠΗ ΑΝΩΝΥΜΗ ΕΤΑΙΡΕΙΑ,OTHER / OPEN WORLD,UNKNOWN,91,410780.0,51.36043956043956
Quebec,Canada - Quebec,Ville de Thetford Mines.,OTHER / OPEN WORLD,DIRECT_NONCOMPETITIVE,91,20431.53,51.011648351648354
United Kingdom,United Kingdom,Halton Borough Council,OTHER / OPEN WORLD,DIRECT_NONCOMPETITIVE,91,78586.5,50.59956043956044
TED,POL,28 Wojskowy Oddział Gospodarczy,OTHER / OPEN WORLD,UNKNOWN,91,377768.25,50.58747252747253
TED,PRT,Guarda Nacional Republicana,OTHER / OPEN WORLD,UNKNOWN,91,236800.78,50.01978021978022
TED,NOR,DRAMMEN KOMMUNE,OTHER / OPEN WORLD,UNKNOWN,91,9500000.0,48.815604395604396
Germany,Germany,Region Hannover,OTHER / OPEN WORLD,OPEN_PUBLIC,91,303000.0,48.52395604395604
TED,POL,Politechnika Gdańska,OTHER / OPEN WORLD,UNKNOWN,91,266430.3,48.504175824175825
Germany,Germany,Bayerischer Gemeindetag Kommunal-GmbH für Auftraggeber gemäß Leistungsverzeichnis,OTHER / OPEN WORLD,COMPETITIVE_OTHER,91,1346475.8844825095,48.424395604395606
TED,LVA,"VAS ""Starptautiskā lidosta ""Rīga""""",OTHER / OPEN WORLD,UNKNOWN,91,660000.0,47.94307692307692
TED,POL,Miasto Suwałki,OTHER / OPEN WORLD,UNKNOWN,91,377159.93,47.822637362637366
France,France,SEM SEINE OUEST HABITAT ET PATRIMOINE,OTHER / OPEN WORLD,OPEN_PUBLIC,91,1400000.0,47.73582417582418
TED,FIN,Tampereen Tilapalvelut Oy,OTHER / OPEN WORLD,UNKNOWN,91,6500000.0,47.71956043956044
TED,FIN,Yleisradio Oy,OTHER / OPEN WORLD,UNKNOWN,91,500000.0,47.61582417582417
TED,FIN,Helsingin kaupungin asunnot Oy,OTHER / OPEN WORLD,UNKNOWN,91,1000000.0,47.05692307692308
Germany,Germany,Flughafen Berlin Brandenburg GmbH,OTHER / OPEN WORLD,COMPETITIVE_OTHER,91,1641894.1,47.01714285714286
TED,PRT,Instituto Politécnico do Porto,OTHER / OPEN WORLD,UNKNOWN,91,38654.64,46.7745054945055
Germany,Germany,Stadt Kitzingen,OTHER / OPEN WORLD,OPEN_PUBLIC,91,126816.35,46.72593406593407
France,France,Université de Caen Normandie,OTHER / OPEN WORLD,OPEN_PUBLIC,91,500000.0,45.902197802197804
France,France,Ville De Montpellier,OTHER / OPEN WORLD,OPEN_PUBLIC,91,1265500.0,45.71758241758242
France,France,ENSAM,OTHER / OPEN WORLD,OPEN_PUBLIC,91,66000.0,45.497362637362635
Germany,Germany,Land Berlin – Sondervermögen Immobilien des Landes Berlin (SILB) c/o BIM Berliner Immobilienmanagement GmbH,OTHER / OPEN WORLD,COMPETITIVE_OTHER,91,2336974.79,45.472967032967034
TED,LTU,Kretingos rajono savivaldybės administracija,OTHER / OPEN WORLD,UNKNOWN,91,45604.6525,45.067032967032965
Germany,Germany,Landratsamt Bad Tölz - Wolfratshausen,OTHER / OPEN WORLD,OPEN_PUBLIC,91,147816.095,44.32637362637362
