warehouse_source,country,broad_family,code,title_signature,records,median_value,median_bidders,avg_priority
United Kingdom,United Kingdom,Language / transcription,NO_CODE,supply of a high resolution mass spectrometer,1,2000000.0,1.0,72.38
Germany,Germany,Web / digital,79970000,"medienversorgung daad-lektorate und ortslektorinnen und -lektoren, daad-langzeitdozenturen sowie das programm dhoch<n>",1,2800000.0,1.0,72.38
Germany,Germany,Web / digital,22110000,medienlieferungen zum ausbau des medienbestandes der stadtbücherei inklusive medienbearbeitungsleistungen und bereitstel,1,3673741.87,1.0,72.38
Germany,Germany,Web / digital,09300000,wärmecontracting der kreisstadt unna für zwei schulliegenschaften,1,2308572.0,1.0,72.38
United Kingdom,United Kingdom,Web / digital,66510000,insurance tender - property lot <n> award <n>-<n>,1,9071650.0,1.0,72.38
United Kingdom,United Kingdom,Web / digital,NO_CODE,fully managed energy supply service (gas and electric),1,50500000.0,1.0,72.38
United Kingdom,United Kingdom,Web / digital,63500000,corporate travel portal,1,5000000.0,1.0,72.38
United Kingdom,United Kingdom,Web / digital,85000000,tender for the provision of the integrated community equipment service (ices),1,9100000.0,1.0,72.38
United Kingdom,United Kingdom,Web / digital,NO_CODE,independent child trafficking guardianship (ictg) service,1,40000000.0,1.0,72.38
United Kingdom,United Kingdom,Web / digital,50118100,p-<n> provision of vehicle recovery services <n>,1,923100.0,1.0,71.9
United Kingdom,United Kingdom,Web / digital,NO_CODE,dbc (sf) tenants contents insurance,1,510000.0,1.0,71.9
United Kingdom,United Kingdom,Web / digital,38434510,imaging flow cytometer,1,543966.98,1.0,71.9
Germany,Germany,Web / digital,72000000,dienstleistungen im bereich portale,1,1048960.0,1.0,71.9
United Kingdom,United Kingdom,Web / digital,NO_CODE,whole life carbon planning review platform,1,583333.31,1.0,71.9
Germany,Germany,Web / digital,72000000,"""einrichtung eines patientenportals für ein digitales aufnahme-, behandlungs- sowie entlass- und überleitungsmanagement""",1,840336.14,0.0,71.9
United Kingdom,United Kingdom,Web / digital,50222000,p-<n> c<n> mpv asset renewal,1,1500000.0,1.0,71.9
United Kingdom,United Kingdom,Web / digital,50232000,"supply, installation & maintenance of traffic signals",1,654093.68,1.0,71.9
Ireland,Ireland,Document / data processing,33124100.0,"supply, delivery and installation of a transmission electron microscopy (tem) suite consisting of <n> tem tools and <n> ",1,5500000.0,1.0,71.84
United Kingdom,United Kingdom,Web / digital,50660000,repair and refurbishment of optical electrical and electronic components and associated assemblies,1,4950000.0,1.0,71.38
United Kingdom,United Kingdom,Web / digital,50630000,irm<n>/<n> - the repair of jackal assemblies and associated items,1,7763000.0,1.0,71.38
Germany,Germany,Web / digital,72000000,"abschluss eines rahmenvertrages über unterstützungsleistungen für die anwendungen vms, vms-comm, azs, iua-asservat, hwp-",1,7000000.0,1.0,71.38
Germany,Germany,Web / digital,72000000,zuschlag_digitale behandlungsinformation und aufklärungsvideos,1,4294108.0,1.0,71.38
United Kingdom,United Kingdom,Web / digital,85100000,children’s public health services (<n>-<n> years) health visiting and school nursing (psr process c),1,13892098.0,1.0,71.38
United Kingdom,United Kingdom,Web / digital,35113200,fixed portal expansion,1,8442364.25,1.0,71.38
United Kingdom,United Kingdom,Web / digital,90714100,open access landis portal,1,10342259.0,1.0,71.38
United Kingdom,United Kingdom,Web / digital,44810000,provision of a tail spend portal,1,8000000.0,1.0,71.38
United Kingdom,United Kingdom,Web / digital,33140000,the supply of intraosseous devices,1,4500000.0,1.0,71.38
United Kingdom,United Kingdom,Document / data processing,NO_CODE,procurement for national river flow archive peak flows dataset maintenance,1,508276.635,1.0,71.36
Germany,Germany,Document / data processing,38510000,anschaffung eines neuen konfokalen laser-scanning-mikroskops,1,714000.0,1.0,71.36
Germany,Germany,Document / data processing,32000000,beschaffung einer e-mail-virus-scanning-lösung für einen kunden in der hessischen landesverwaltung,1,1655947.65,1.0,71.36
Germany,Germany,Document / data processing,38510000,konfokales laserscanning-mikroskop,1,1081512.6,1.0,71.36
Quebec,Canada - Quebec,Document / data processing,41100000,scanning microscope/microscope à scan,1,575000.0,1.0,71.36
Germany,Germany,Document / data processing,38515200,konfokales fluoreszenzmikroskop,1,630000.0,1.0,71.36
Germany,Germany,Document / data processing,38636100,konfokales laser-scanning-mikroskop,1,563000.0,1.0,71.36
Germany,Germany,Document / data processing,38000000,laser-scanning-mikroskop,1,655447.93,1.0,71.36
Ireland,Ireland,Document / data processing,92510000.0,li<n>f - request for tenders to establish a single supplier framework agreement for the holdings of participating conul ,1,1540000.0,1.0,71.36
United Kingdom,United Kingdom,Web / digital,NO_CODE,street outreach settlement,1,2300000.0,2.0,70.98
United Kingdom,United Kingdom,Web / digital,85000000,nhse<n> - derwentside immigration and removal centre (irc) primary care services and dental services,1,5205720.0,3.0,70.98
Germany,Germany,Web / digital,45221240,teilerneuerung rüssdorftunnel mit gleisverschwenkung in <n> vergabelosen,1,5153000.0,2.0,70.98
Germany,Germany,Web / digital,72000000,"beschaffung von unterstützungsleistungen zur erstellung eines portals sowie zur durchführung, auswertung und weiterarbei",1,2746796.4,2.0,70.98
United Kingdom,United Kingdom,Web / digital,22000000,provision of library stock to east midlands & mid anglia library consortium,1,9138400.0,2.0,70.98
United Kingdom,United Kingdom,Web / digital,85323000,mental health sanctuaries for nhs mid and south essex integrated care board,1,6291920.0,2.0,70.98
Germany,Germany,Web / digital,72000000,it-betriebsplattorm für applikationen (schulportal hessen),1,6178266.0,2.0,70.98
United Kingdom,United Kingdom,Web / digital,09310000,rad/<n> - supply of electricity <n>/<n>,1,2350665.54,2.0,70.98
United Kingdom,United Kingdom,Web / digital,42000000,roll to roll coater and dryer,1,2049395.43,2.0,70.98
United Kingdom,United Kingdom,Web / digital,33100000,provision of equipment and consumables for the sleep apnoea service,1,5681864.13,3.0,70.98
United Kingdom,United Kingdom,Web / digital,65300000,supply of electricity,1,2600000.0,2.0,70.98
United Kingdom,United Kingdom,Web / digital,85000000,ophthalmology (cataracts and glaucoma),1,3303985.0,2.0,70.98
Germany,Germany,Web / digital,45234170,vp<n>a: fahrstromversorgung,1,7926541.05,2.0,70.98
United Kingdom,United Kingdom,Web / digital,NO_CODE,hickman avenue fleet and council service facility works,1,13195823.0,2.0,70.98
United Kingdom,United Kingdom,Web / digital,60172000,p-<n> bus substitution framework (railway closures),1,8000000.0,3.0,70.98
United Kingdom,United Kingdom,Web / digital,90650000,asbestos removal services,1,2731849.0,3.0,70.98
Germany,Germany,Web / digital,72000000,support und weiterentwicklung des informations- und bibliotheksportals des bundes (ibib),1,4080040.34,3.0,70.98
United Kingdom,United Kingdom,Web / digital,50421100,"bcu-ojeu-<n>- service, maintenance and reconditioning of wheelchairs and associated equipment within betsi cadwaladr uni",1,2279507.5,3.0,70.98
Germany,Germany,Language / transcription,38515200,lieferung eines konfokale fluoreszenz-laser-scanning-mikroskops mit integriertem flim-modul stellaris <n> falcon (leica),1,802412.0,1.0,70.9
Germany,Germany,Web / digital,72000000,systemintegrationspflege der antragsformularerstellung im elan-system,1,790336.14,1.0,70.9
United Kingdom,United Kingdom,Web / digital,85100000,provision of step <n> mental health therapy via a digital platform,1,1080000.0,1.0,70.9
Germany,Germany,Web / digital,22113000,medienerwerb sba,1,1262801.72,1.0,70.9
Germany,Germany,Web / digital,50530000,umkonstruktion fritz werner-portalfräsmaschine,1,1431239.74,1.0,70.9
United Kingdom,United Kingdom,Web / digital,73110000,journal and literature access,1,560042.47,1.0,70.9
Germany,Germany,Web / digital,72212210,cr managed care iop und patientenportal,1,1008141.28,1.0,70.9
Germany,Germany,Web / digital,48900000,beck portal,1,538880.0,1.0,70.9
United Kingdom,United Kingdom,Language / transcription,85323000,bsl services,1,1080000.0,1.0,70.9
United Kingdom,United Kingdom,Document / data processing,85150000,"bcu-fconc-<n> - modular mri scanners, staffing and ultrasound scanning",1,5419856.0,1.0,70.84
United Kingdom,United Kingdom,Document / data processing,85100000,enht - mri & ct scanning services (mvcc),1,2300000.0,1.0,70.84
United Kingdom,United Kingdom,Document / data processing,80000000,jstor archive collections,1,2500000.0,1.0,70.84
United Kingdom,United Kingdom,Document / data processing,79999100,hmcts bulk scanning and off-site mailroom service,1,9000000.0,1.0,70.84
United Kingdom,United Kingdom,Document / data processing,80000000,jstor archive collections <n>-<n>,1,5000000.0,1.0,70.84
Quebec,Canada - Quebec,Document / data processing,78131804,services d’entreposage et de destruction confidentielle des documents et des archives,1,3278259.6,1.0,70.84
United Kingdom,United Kingdom,Document / data processing,79999100,records scanning for edrms programme,1,5585843.0,1.0,70.84
United Kingdom,United Kingdom,Document / data processing,85150000,"bcu-fconc-<n> - non-obstetric, obstetric and anomaly ultrasound scanning",2,3479928.0,1.0,70.6
Quebec,Canada - Quebec,Consulting / research / audit,81102000,étude des besoins du site minier abandonné molybdénite corporation,1,4676000.0,1.0,70.58
United Kingdom,United Kingdom,Consulting / research / audit,75200000,provision of services for global mine action programme <n> (gmap<n>) - multi-country,1,11537500.0,1.0,70.58
United Kingdom,United Kingdom,Consulting / research / audit,NO_CODE,nairobi railway city ta,1,4000000.0,1.0,70.58
United Kingdom,United Kingdom,Consulting / research / audit,73110000,<n> pre-audit verification and support (risqs),1,3584095.0,1.0,70.58
Quebec,Canada - Quebec,Consulting / research / audit,80101622,plan de transformation numérique - services conseils en gestion de portefeuille de projets technologiques,1,3234000.0,1.0,70.58
United Kingdom,United Kingdom,Consulting / research / audit,50750000,ct<n> - provision of stair lift services,1,4424044.0,1.0,70.58
United Kingdom,United Kingdom,Consulting / research / audit,50750000,ct<n> - provision of vertical lift services,1,6182684.0,1.0,70.58
United Kingdom,United Kingdom,Consulting / research / audit,79418000,capability building and shared services,1,10000000.0,1.0,70.58
Quebec,Canada - Quebec,Consulting / research / audit,81100000,"services professionnels d'ingénieurs-conseils - élargissement du chemin vanier, entre les chemins pink et d'aylmer",1,2857157.49,1.0,70.58
United Kingdom,United Kingdom,Consulting / research / audit,NO_CODE,purchasing of energy,1,11852500.0,1.0,70.58
United Kingdom,United Kingdom,Consulting / research / audit,15000000,ukri-<n> framework agreement for the provision of the british antarctic survey (bas) food supplies,1,5000000.0,1.0,70.58
United Kingdom,United Kingdom,Consulting / research / audit,79200000,provision of external auditing services #<n>-<n>,1,2000000.0,1.0,70.58
United Kingdom,United Kingdom,Consulting / research / audit,79140000,provision of generalist advice services,1,3600000.0,1.0,70.58
United Kingdom,United Kingdom,Consulting / research / audit,73111000,collaborate: providing rapid solutions to cbr problems,1,3200000.0,1.0,70.58
Germany,Germany,Consulting / research / audit,32420000,beschaffung von netzwerkkomponenten samt zugehörigen dienstleistungen,1,27152000.0,1.0,70.58
United Kingdom,United Kingdom,Consulting / research / audit,71311200,parking and traffic enforcement services,1,5525000.0,1.0,70.58
United Kingdom,United Kingdom,Consulting / research / audit,60000000,national security science and research programme contract extension <n>-<n>,1,16000000.0,1.0,70.58
United Kingdom,United Kingdom,Consulting / research / audit,73110000,dhsc:ohid: brain injury reduction,1,2000000.0,1.0,70.58
Germany,Germany,Consulting / research / audit,72321000,vergabeverfahren über eine rahmenvereinbarung für leistungen im bereich research & advisory,1,5864000.0,1.0,70.58
United Kingdom,United Kingdom,Consulting / research / audit,79400000,ips expansion,1,26668022.0,1.0,70.58
Quebec,Canada - Quebec,Consulting / research / audit,80100000,<n>-<n>-zz<n> - services conseils en gestion contractuelle et rédaction de devis en ressources informationnelles (direct,1,2185260.0,1.0,70.58
Quebec,Canada - Quebec,Consulting / research / audit,81100000,services professionnels d'ingénieurs-conseils - réaménagement de la rue taylor et réhabilitation du collecteur des fées,1,3816020.25,1.0,70.58
Ireland,Ireland,Consulting / research / audit,66170000.0,delivery of disability participation and awareness fund,1,2500000.0,1.0,70.58
Ireland,Ireland,Consulting / research / audit,66171000.0,project management led multi-disciplinary project delivery team for the cork event centre,1,2381701.5,1.0,70.58
Ireland,Ireland,Consulting / research / audit,33141560.0,hse <n> - provision of quality and compliance consultancy to national organ procurement service at organ donation transp,1,2152800.0,1.0,70.58
Quebec,Canada - Quebec,Consulting / research / audit,80101507,services-conseils en solutions techniques pour les terminaux,1,8154480.36,1.0,70.58
Ireland,Ireland,Consulting / research / audit,72224000.0,provision for services to deliver the natura communities for birds pilot programme,1,7975000.0,1.0,70.58
United Kingdom,United Kingdom,Consulting / research / audit,73110000,national atmospheric emissions inventory (naei) <n> - lot <n>,1,16620886.495,1.0,70.58
Germany,Germany,Consulting / research / audit,72000000,sap spotconsulting für den abfallwirtschaftsbetrieb der landeshauptstadt münchen,1,6198490.0,1.0,70.58
Quebec,Canada - Quebec,Consulting / research / audit,84111502,services-conseils en soutien à l’organisation et en expertise comptable,1,5616000.0,1.0,70.58
Germany,Germany,Web / digital,45223210,"u-bahn nürnberg u<n> sw, ba <n>.<n>, bw <n>.<n> bf gebersdorf schlosser- u. verblechungsarbeiten, inv. auftr. e<n>u",2,755024.0449999999,2.0,70.5
United Kingdom,United Kingdom,Web / digital,85000000,children and young people prevention and treatment service,1,760000.0,2.0,70.5
United Kingdom,United Kingdom,Web / digital,77314000,"ukri-<n> landscape and grounds maintenance, reactive and remedial works at stfc",1,1371968.0,3.0,70.5
United Kingdom,United Kingdom,Web / digital,38636100,"qub/<n>/<n> contract for the supply, delivery, installation, commissioning and maintenance of a high-repetition, high-po",1,1000000.0,3.0,70.5
United Kingdom,United Kingdom,Web / digital,85200000,provision of portal official veterinarian (ov) services to the dover port health authority,1,1730000.0,2.0,70.5
Germany,Germany,Web / digital,72000000,weiterbetrieb und entwicklung des chatbot sophia,1,578000.0,2.0,70.5
Germany,Germany,Web / digital,75110000,"redaktion der internetplattform ""www.kulturkenner.de""",1,1314304.0,2.0,70.5
United Kingdom,United Kingdom,Web / digital,39711130,ukri-<n> nqcc dilution fridge systems,1,1319590.01,2.0,70.5
Germany,Germany,Web / digital,45200000,<n>. s-bahn-stammstrecke münchen ve<n>a_ve<n>b_ve<n>c,1,1595141.87,2.0,70.5
Germany,Germany,Web / digital,45331000,projekt neubau petrus-canisius-grundschule weeze lüftungs- und kältetechnik sowie gebäudeautomation,1,1079470.1,2.0,70.5
United Kingdom,United Kingdom,Web / digital,85121000,fif<n>-<n> gp services for nhs fife (park road medical practice),1,692113.0,2.0,70.5
United Kingdom,United Kingdom,Web / digital,75310000,dbc (sf) housing benefit and council tax resilience service,1,720000.0,2.0,70.5
United Kingdom,United Kingdom,Web / digital,NO_CODE,drive domestic abuse perpetrator intervention - cpa/spu/<n>p,1,1600000.0,3.0,70.5
Germany,Germany,Web / digital,72000000,unterstützungsleistung für das betriebsportal konsens,1,647680.0,2.0,70.5
United Kingdom,United Kingdom,Web / digital,NO_CODE,herne bya bandstand - structural repair works,1,670947.83,3.0,70.5
United Kingdom,United Kingdom,Web / digital,NO_CODE,building fabric services,1,1750000.0,3.0,70.5
United Kingdom,United Kingdom,Web / digital,NO_CODE,deaf outreach service,1,1504000.0,2.0,70.5
Ireland,Ireland,Web / digital,72413000.0,tc<n> tourism careers digital platform and service,1,900000.0,2.0,70.5
United Kingdom,United Kingdom,Web / digital,38433100,thermal ionisation mass spectrometer,1,625000.0,3.0,70.5
United Kingdom,United Kingdom,Web / digital,44510000,t<n>/<n>-<n> tender for the supply of general hardware materials,1,550000.0,3.0,70.5
United Kingdom,United Kingdom,Web / digital,NO_CODE,grounds maintenance for kingston university,1,860028.64,3.0,70.5
Germany,Germany,Language / transcription,45443000,<n>.<n> fassade ii,1,1374920.0,2.0,70.5
Germany,Germany,Web / digital,42341000,"pr<n> pyrolyseofen (ov, pr<n>)",1,739400.0,2.0,70.5
Ireland,Ireland,Language / transcription,79540000.0,atu request for tender for provision of sign language interpreting services for atlantic technological university,1,615000.0,2.0,70.5
Germany,Germany,Web / digital,85000000,erstuntersuchungen für asylbegehrende gem. § <n> asylgesetz (asylg) für den standort osnabrück der landesaufnahmebehörde,1,962682.33,3.0,70.5
United Kingdom,United Kingdom,Web / digital,NO_CODE,the provision of domestic abuse and violence against women and girls support services,1,1289958.0,3.0,70.5
United Kingdom,United Kingdom,Web / digital,NO_CODE,<n> - <n> - supply & installation of carpets and flooring in coventry,1,600000.0,3.0,70.5
Germany,Germany,Web / digital,72000000,"technische übernahme, betrieb und weiterentwicklung des presse- und politikportals",1,1183225.0,3.0,70.5
United Kingdom,United Kingdom,Web / digital,50000000,"lb hillingdon - supply, delivery, installation, repair and maintenance of fencing, gating and ad hoc work",1,665000.0,2.0,70.5
Germany,Germany,Web / digital,45000000,<n>-<n> zukunftsgarten duisburg iga <n> - errichtung eines pavillons aus einer holzkonstruktion als eingangsportal,1,1060697.19,2.0,70.5
United Kingdom,United Kingdom,Web / digital,85300000,south gloucestershire shared lives service,1,1575000.0,3.0,70.5
Germany,Germany,Web / digital,72000000,rahmenvereinbarung melde- und informationsportal,1,1182000.0,2.0,70.5
United Kingdom,United Kingdom,Web / digital,80512000,id <n> daera - portal imports and controls - provision of search dog for detection of illegal products at airports,1,728000.0,2.0,70.5
Germany,Germany,Web / digital,45315100,projekt neubau petrus-canisius-grundschule weeze elektro- und nachrichtentechnik,1,1733200.24,3.0,70.5
Germany,Germany,Web / digital,72200000,rahmenvertrag über externe dienst- bzw. werkleistungen im bereich von fachverfahren auf basis der steuerplattform - los ,4,58068407.480000004,2.5,70.455
United Kingdom,United Kingdom,Document / data processing,72322000,nhs privacy enhancing technology,1,28005319.0,2.0,70.44
United Kingdom,United Kingdom,Document / data processing,85121200,provision of digital autopsy services,1,2065000.0,3.0,70.44
United Kingdom,United Kingdom,Document / data processing,80000000,project academy - training and environmental service,1,16600000.0,2.0,70.44
United Kingdom,United Kingdom,Document / data processing,85150000,cross sectional post mortem imaging services - rochdale council,1,3705000.0,3.0,70.44
United Kingdom,United Kingdom,Document / data processing,92500000,provision of library and archive services,1,21577000.0,2.0,70.44
United Kingdom,United Kingdom,Document / data processing,38510000,purch<n> provision of a (scanning) transmission electron microscope,1,3920724.0,3.0,70.44
Germany,Germany,Document / data processing,30233000,dataarchive.nrw,1,2531000.0,2.0,70.44
Germany,Germany,Document / data processing,90700000,rahmenvertrag gw-modelle referat <n>,1,800000.0,1.0,70.36
United Kingdom,United Kingdom,Document / data processing,38510000,lightsheet microscope system,1,730302.66,1.0,70.36
United Kingdom,United Kingdom,Document / data processing,72317000,storage and management of lloyd george medical records,1,747084.96,1.0,70.36
United Kingdom,United Kingdom,Document / data processing,72317000,pe<n> - zutec building document management,1,560000.0,1.0,70.36
Quebec,Canada - Quebec,Document / data processing,41100000,confocal laser scanning microscope/ microscope confocal à balayage laser,1,842777.45,1.0,70.36
Germany,Germany,Document / data processing,38510000,konfokalmikroskop molekulare infektionsbiologie ii <n>,1,657310.21,1.0,70.36
Germany,Germany,Document / data processing,38510000,<n>_<n>_moge,1,952500.0,1.0,70.36
Germany,Germany,Document / data processing,38510000,beschaffung eines konfokalen laser-scanning-mikroskopie- und spektroskopiesystems,1,1071427.0,1.0,70.36
United Kingdom,United Kingdom,Document / data processing,85150000,inhealth ltd - staffed static mri - mr<n> - psr,1,508627.57,1.0,70.36
Germany,Germany,Document / data processing,31643100,linearbeschleuniger,1,693030.0,1.0,70.36
United Kingdom,United Kingdom,Document / data processing,79996100,veat- extension of electronic patient records system,1,1120419.0,1.0,70.36
Germany,Germany,Document / data processing,48820000,lieferung und integration von hardware zur teilweisen erneuerung und erweiterung der bestehenden ris/pacs/vna-infrastruk,1,840031.0,1.0,70.36
Quebec,Canada - Quebec,Document / data processing,81112000,"traitement de documents papiers (archives), réalisation de la conception d'outils documentaires et la réalisation du par",1,542911.95,1.0,70.36
Germany,Germany,Document / data processing,38510000,lsm <n>,1,724927.3,1.0,70.36
Germany,Germany,Document / data processing,38511100,high throughput scanning transmission electron microscope (stem),1,997836.0,1.0,70.36
Quebec,Canada - Quebec,Consulting / research / audit,85131701,service pour des études de profilage adme,1,1010883.96,1.0,70.1
United Kingdom,United Kingdom,Consulting / research / audit,79411000,decc - annual statutory reporting: climate change duties,1,515045.12,1.0,70.1
Ireland,Ireland,Consulting / research / audit,73000000.0,"the office of the director of the authorised intervention, tuam (odait)",1,600000.0,1.0,70.1
United Kingdom,United Kingdom,Consulting / research / audit,NO_CODE,domestic combustion tracking and evaluation,1,1640686.53,1.0,70.1
United Kingdom,United Kingdom,Consulting / research / audit,79110000,provision of professional services human rights advisor,1,999999.0,1.0,70.1
United Kingdom,United Kingdom,Consulting / research / audit,79111000,provision of the independent review mechanism (irm) for fostering and adoption <n>-<n>,1,729804.0,1.0,70.1
Quebec,Canada - Quebec,Consulting / research / audit,80171501,services conseils - clients mystères,1,557546.13,1.0,70.1
United Kingdom,United Kingdom,Consulting / research / audit,73111000,national reference laboratory for genetically modified organisms,1,613967.09,1.0,70.1
Ireland,Ireland,Consulting / research / audit,80500000.0,request for tender - investigative interviewing training and consulting services,1,675000.0,1.0,70.1
United Kingdom,United Kingdom,Consulting / research / audit,NO_CODE,ukri-<n> chillers of <n>kw capacity,1,734614.0,1.0,70.1
Quebec,Canada - Quebec,Consulting / research / audit,77000000,étude d’évaluation de risque écotoxicologique en milieu aquatique,1,594643.56,1.0,70.1
United Kingdom,United Kingdom,Consulting / research / audit,73000000,​​expert biotechnology strategic consultancy framework​,1,750000.0,1.0,70.1
United Kingdom,United Kingdom,Consulting / research / audit,79110000,additional support for learning - national advocacy service,1,1109800.0,1.0,70.1
Ireland,Ireland,Consulting / research / audit,66171000.0,ps<n>c - rft for the provision of fundraising consultancy services for university of galway,1,560000.0,1.0,70.1
United Kingdom,United Kingdom,Consulting / research / audit,33114000,"purch<n> provision of an ultra-performance, high resolution, accurate mass, liquid chromatography tandem mass spectromet",1,927000.0,1.0,70.1
United Kingdom,United Kingdom,Consulting / research / audit,80000000,t<n> peaceplus sport for peace,1,711646.0,1.0,70.1
Ireland,Ireland,Consulting / research / audit,71621000.0,seafood assurance pathway programme and framework development,1,596000.0,1.0,70.1
United Kingdom,United Kingdom,Consulting / research / audit,43329000,ees geode receiver field kits,1,619050.22,1.0,70.1
Ireland,Ireland,Consulting / research / audit,71317200.0,"establishment of a single supplier framework of health and safety consultancy services for buildings and estates office,",1,732827.5,1.0,70.1
United Kingdom,United Kingdom,Consulting / research / audit,71314300,"energy efficiency information, support and advice services",1,750000.0,1.0,70.1
United Kingdom,United Kingdom,Consulting / research / audit,85100000,"contract for provision of home energy efficiency advice, and associated support services: hitting the cold spots",1,625000.0,1.0,70.1
United Kingdom,United Kingdom,Consulting / research / audit,42000000,<n>/amrc/gm/<n> fibre reinforced thermoplastic tape development cell r<n>,1,1092590.0,1.0,70.1
Ireland,Ireland,Consulting / research / audit,71315210.0,thrive – westgate house refurbishment project,1,1208780.0,1.0,70.1
United Kingdom,United Kingdom,Consulting / research / audit,34114000,qub/<n>/<n> contract for the supply and delivery of an experimental self-driving (autonomous vehicle) research platform,1,1000000.0,1.0,70.1
Ireland,Ireland,Consulting / research / audit,72100000.0,"<n>/<n> establishment of a single framework agreement for the provision of ict consultancy, support services and trainin",1,600000.0,1.0,70.1
United Kingdom,United Kingdom,Consulting / research / audit,85120000,cfph<n> fostering and adoption medicals,1,521340.0,1.0,70.1
Ireland,Ireland,Consulting / research / audit,71356300.0,"ps<n>c - rft for the provision of a business process improvement, workflow development and scheduling consultancy (ul)",1,1100000.0,1.0,70.1
Ireland,Ireland,Consulting / research / audit,71621000.0,"provision of industry support, facilitation and engagement services for bim’s fishery improvement projects (fips) tender",1,702586.0,1.0,70.1
Quebec,Canada - Quebec,Consulting / research / audit,77110000,services professionnels - étude d’impacts environnementaux – programme de stabilisation des berges publiques de la ville,1,703145.71,1.0,70.1
Ireland,Ireland,Consulting / research / audit,92000000.0,provision of music assessment and advisory services,1,650000.0,1.0,70.1
Quebec,Canada - Quebec,Consulting / research / audit,81110000,support et services professionnels experts et conseil sur demande pour la solution planisware enterprise,1,810085.11,1.0,70.1
Ireland,Ireland,Consulting / research / audit,73110000.0,research for the health behaviour in school-aged children (<n>) collaborative study,1,897849.83,1.0,70.1
United Kingdom,United Kingdom,Consulting / research / audit,NO_CODE,public engagement and satisfaction surveys for west yorkshire police,1,584500.0,1.0,70.1
Germany,Germany,Consulting / research / audit,79310000,<n>-<n>-eith-fa-marketing,1,1850000.0,1.0,70.1
Ireland,Ireland,Consulting / research / audit,79418000.0,"procurement consultancy, support and training services for the national museum of ireland",1,500000.0,1.0,70.1
United Kingdom,United Kingdom,Consulting / research / audit,33110000,"qub/<n>/<n> supply, delivery, installation, commissioning and maintenance of two live-cell imaging systems for use in a ",1,1000000.0,1.0,70.1
Ireland,Ireland,Consulting / research / audit,72224000.0,request for tender for director of performance support,1,540800.0,1.0,70.1
Ireland,Ireland,Consulting / research / audit,73110000.0,fcc/<n>/<n> establishment of a single supplier framework for the provision of arts services to manage and deliver cultur,1,500000.0,1.0,70.1
Ireland,Ireland,Consulting / research / audit,66000000.0,<n>pr<n> request for tenders for the provision of insurance advisory services to home building finance ireland ('hbfi'),1,1025000.0,1.0,70.1
United Kingdom,United Kingdom,Consulting / research / audit,90713000,id <n> dfe invest ni - resource matching (industrial symbiosis) service,1,1643118.0,1.0,70.1
Ireland,Ireland,Consulting / research / audit,72600000.0,contract for the provision of it technical support services to kerry education and training board,1,1500000.0,1.0,70.1
United Kingdom,United Kingdom,Consulting / research / audit,38000000,laser trapping confocal microscope,1,829331.0,1.0,70.1
Quebec,Canada - Quebec,Consulting / research / audit,81100000,services professionnels d'ingénieurs-conseils - étude d'avant--projet - réfection du collecteur pluvial des fées,1,699898.82,1.0,70.1
Ireland,Ireland,Consulting / research / audit,72300000.0,ul<n> platform to access large research survey participant datasets,1,1000000.0,1.0,70.1
United Kingdom,United Kingdom,Consulting / research / audit,98000000,housing support services to women experiencing or at risk of violence,1,1599329.0,1.0,70.1
United Kingdom,United Kingdom,Consulting / research / audit,NO_CODE,imat landscaping tender,1,641905.0,1.0,70.1
United Kingdom,United Kingdom,Consulting / research / audit,NO_CODE,<n> internal audit services,1,937500.0,1.0,70.1
United Kingdom,United Kingdom,Consulting / research / audit,NO_CODE,bas - tracked mobile knuckle boom crane,1,545975.0,1.0,70.1
Ireland,Ireland,Consulting / research / audit,73110000.0,hrb <n> open research publishing,1,550000.0,1.0,70.1
Ireland,Ireland,Consulting / research / audit,73110000.0,fcc/<n>/<n> establishment of a spfa for the provision of professional services to support development and delivery of ke,1,700000.0,1.0,70.1
United Kingdom,United Kingdom,Consulting / research / audit,73000000,decovalex project - d<n>+,1,574560.0,1.0,70.1
United Kingdom,United Kingdom,Consulting / research / audit,71314300,managing agent to deliver energy efficiency scotland: area based scheme,1,1320000.0,1.0,70.1
United Kingdom,United Kingdom,Consulting / research / audit,38433100,qub/<n>/<n> a thermogravimetric analysis – mass spectrometry (tga-ms) system,1,1000000.0,1.0,70.1
United Kingdom,United Kingdom,Consulting / research / audit,79311300,tncea england ecosystem survey soil sampling and assessment survey <n>-<n>,1,1588043.57,1.0,70.1
Ireland,Ireland,Consulting / research / audit,9000000.0,the provision of fuel to geological survey ireland vessels in co. donegal,1,500000.0,1.0,70.1
Quebec,Canada - Quebec,Consulting / research / audit,70131705,"services professionnels – étude géotechnique et de caractérisation environnementale des sols, des matériaux granulaires ",1,531074.5,1.0,70.1
Quebec,Canada - Quebec,Consulting / research / audit,81100000,"étude d’opportunité, de conception et impact financier relié à la fermeture de l’intersection saint-calixte et route <n>",1,588470.79,1.0,70.1
United Kingdom,United Kingdom,Consulting / research / audit,98380000,"psni - collection, transportation and care of animals seized in the course of investigations and related activities",1,600000.0,1.0,70.1
Ireland,Ireland,Consulting / research / audit,66121000.0,request for tender for the provision of competition economics consultancy services,1,525000.0,1.0,70.1
United Kingdom,United Kingdom,Consulting / research / audit,79411100,grangemouth investor relations framework,1,1000000.0,1.0,70.1
United Kingdom,United Kingdom,Consulting / research / audit,70331000,residential property agent,1,630000.0,1.0,70.1
United Kingdom,United Kingdom,Consulting / research / audit,73110000,trends in international mathematics and science study,1,947847.76,1.0,70.1
United Kingdom,United Kingdom,Consulting / research / audit,79400000,manufacturing innovation centre moray (micm) - service operator,1,1299705.0,1.0,70.1
United Kingdom,United Kingdom,Web / digital,79996100,<n>,1,2323880.0,2.0,69.98
United Kingdom,United Kingdom,Web / digital,45261900,retrofit of mansard properties,1,8833383.84,2.0,69.98
United Kingdom,United Kingdom,Document / data processing,38000000,procurement of a cryofib sem,1,1499734.0,3.0,69.96
United Kingdom,United Kingdom,Document / data processing,22992000,archival boxboard,1,577000.0,3.0,69.96
Quebec,Canada - Quebec,Document / data processing,81112300,entretien des numériseurs de production kodak,1,740070.0,2.0,69.96
United Kingdom,United Kingdom,Document / data processing,NO_CODE,"de - council for the curriculum, examinations and assessment (ccea) - confidential typesetting services",1,583333.0,2.0,69.96
United Kingdom,United Kingdom,Document / data processing,79996100,provision of secure offsite storage and management of records,1,632679.56,2.0,69.96
United Kingdom,United Kingdom,Document / data processing,44111000,supply of building materials to various locations <n> - <n>,1,1641500.0,2.0,69.96
Germany,Germany,Document / data processing,48820000,hpc-cluster him,1,1799400.0,3.0,69.96
Quebec,Canada - Quebec,Document / data processing,41115807,préparateur et numériseur de lames ifa,1,1125414.0,2.0,69.96
Germany,Germany,IT / software / cyber,72000000,unterstützungsleistungen im bereich der künstlichen intelligenz,23,34000000.0,0.0,69.68
Germany,Germany,IT / software / cyber,48000000,"beschaffung von software, pflege, betriebsunterstützung und consulting für die dms-services",2,4670823.415,0.0,69.68
Germany,Germany,IT / software / cyber,48000000,"lieferung, aufbau und einrichtung einer server und storage infrastruktur, basierend auf der hersteller- und produktbezog",1,2628945.25,1.0,69.68
Germany,Germany,IT / software / cyber,48820000,"vergabeverfahren zum abschluss einer rahmenvereinbarung zur lieferung von cloud servern, cloud switches und storage sowi",1,10000000.0,1.0,69.68
Quebec,Canada - Quebec,IT / software / cyber,26111700,acquisition et installation d’équipements d’alimentation électrique des sites de radiocommunication pour le ministère de,1,17217890.39,1.0,69.68
Germany,Germany,IT / software / cyber,30213200,digitale einsatzdatenerfassung,1,23086083.0,1.0,69.68
Germany,Germany,IT / software / cyber,48000000,software und dienstleistungen des herstellers matrix<n>,1,49212551.04,1.0,69.68
Germany,Germany,IT / software / cyber,72000000,"beschaffung von software, software-support und dienstleistungen für it-management in <n> losen",1,6120737.72,1.0,69.68
Germany,Germany,IT / software / cyber,48000000,<n>-mb-xmatters,1,3388529.1,1.0,69.68
Ireland,Ireland,IT / software / cyber,72000000.0,it managed services for existing epbd / ber application systems,1,3213375.0,1.0,69.68
Germany,Germany,IT / software / cyber,48000000,dms-scanservices für das land hessen,1,6371054.0,1.0,69.68
Germany,Germany,IT / software / cyber,72268000,<n>-sl-ibm software,1,477000000.0,1.0,69.68
Germany,Germany,IT / software / cyber,48000000,malware-virus-scanning- und data-loss-prevention-software,1,5600000.0,1.0,69.68
Quebec,Canada - Quebec,IT / software / cyber,43200000,acquisition de composants informatiques pour serveurs hewlett packard,1,8135554.73,1.0,69.68
Germany,Germany,IT / software / cyber,48000000,beschaffung von standardsoftware (außer microsoft) für das land hessen,1,42365183.08,1.0,69.68
Germany,Germany,IT / software / cyber,30121100,"beschaffung von multifunktionsgeräten zum drucken, kopieren, scannen und faxen für den geschäftsbereich des mdjd (kopie)",1,2146211.75,1.0,69.68
United Kingdom,United Kingdom,IT / software / cyber,NO_CODE,"maintenance of street lighting, illuminated traffic signs, footway bollards and feeder pillars",1,14000000.0,1.0,69.68
Germany,Germany,IT / software / cyber,48000000,vergabeverfahren zum abschluss einer rabatt-rahmenvereinbarung zum bezug von hard- und softwareprodukten sowie dienstlei,1,4000000.0,1.0,69.68
Germany,Germany,IT / software / cyber,72000000,"beschaffung von hardware, software und dienstleistungen zur elektronischen anfertigung von aufsichtsarbeiten in der zwei",1,3986220.0,1.0,69.68
Ireland,Ireland,IT / software / cyber,35120000.0,"rft for the supply, delivery, installation, and commissioning of cctv equipment to the network of irish prisons",1,5000000.0,1.0,69.68
Germany,Germany,IT / software / cyber,48328000,erwerb von lizenzen für standardsoftware zur erstellung und bearbeitung von foto-/bild-dateien (produktneutrale ausschre,1,3763080.0,1.0,69.68
United Kingdom,United Kingdom,IT / software / cyber,85100000,"integrated sexual and reproductive health service for hips (hampshire county council, isle of wight council, portsmouth ",1,144340659.0,1.0,69.68
United Kingdom,United Kingdom,IT / software / cyber,85000000,healthwatch service,1,2325000.0,1.0,69.68
United Kingdom,United Kingdom,IT / software / cyber,72000000,id <n> - daera - livestock genetics and data branch - bovine genetics programme,1,50000000.0,1.0,69.68
Germany,Germany,IT / software / cyber,48800000,"bereitstellung, pflege und integration einer souveränen onpremise-cloud",1,35294556.21,1.0,69.68
United Kingdom,United Kingdom,IT / software / cyber,85000000,amcv <n> - floating housing support including housing advice and prevention of homelessness,1,2700000.0,1.0,69.68
Ireland,Ireland,IT / software / cyber,72000000.0,open competition for the provision of hipe data quality assessment tool hse <n>,1,5800000.0,1.0,69.68
Germany,Germany,IT / software / cyber,48310000,überlassung einer webbasierten anwendung zur kollektiven zusammenarbeit an dokumenten auf zeit (online-office),1,3400000.0,1.0,69.68
Germany,Germany,IT / software / cyber,48100000,<n>-nr-cribl,1,9626730.0,1.0,69.68
Germany,Germany,IT / software / cyber,72260000,handelspartner-rahmenvertrag microsoft-software,1,106000000.0,1.0,69.68
Germany,Germany,IT / software / cyber,64214000,"<n>-<n> bereitstellung von sprachverträgen für analoge, integrated service digital network (isdn)-, primärmultiplex (pmx",1,3048843.0,1.0,69.68
Germany,Germany,IT / software / cyber,30200000,"lieferung, installation, inbetriebnahme sowie support und wartung für die hpc-infrastruktur",1,16931349.92,1.0,69.68
Germany,Germany,IT / software / cyber,32420000,"beschaffung von f<n> loadbalancer, hardwareinstandhaltung, softwarepflege und dienstleistung für den ergänzungs- und ers",1,2100000.0,1.0,69.68
Germany,Germany,IT / software / cyber,48517000,<n>-sl-truesight server automation,1,37458000.0,1.0,69.68
United Kingdom,United Kingdom,IT / software / cyber,72261000,microsoft reseller provider (“mrp”),1,450000000.0,1.0,69.68
Germany,Germany,IT / software / cyber,72000000,sap netweaver enterprise portal (java) - betrieb und entwicklung,1,2935680.0,1.0,69.68
Germany,Germany,IT / software / cyber,48000000,rahmenvereinbarung nextcloud enterprise software,1,2188234.0,1.0,69.68
Ireland,Ireland,IT / software / cyber,48000000.0,<n>pr<n> request for tenders (rft) for the provision of vmware license and support renewals to the ntma,1,3000000.0,1.0,69.68
Germany,Germany,IT / software / cyber,48311000,pflege und einrichtung der software e<n>a,1,42500000.0,1.0,69.68
United Kingdom,United Kingdom,IT / software / cyber,66512220,provision of medical insurance services for saudi arabia network,1,5440632.0,1.0,69.68
United Kingdom,United Kingdom,IT / software / cyber,48000000,records management system,1,8130621.0,1.0,69.68
Germany,Germany,IT / software / cyber,48321000,<n>_mpg autodesk <n>,1,6500000.0,1.0,69.68
Germany,Germany,IT / software / cyber,48000000,rv microsoftprodukte,1,2000000.0,1.0,69.68
Germany,Germany,IT / software / cyber,48000000,civillent gmbh - software und supportbezug für den zentralen betrieb der zertifikatsbasierten remote access lösung des h,1,3150800.0,1.0,69.68
Germany,Germany,IT / software / cyber,48000000,<n>-jw-application packaging (ap) tools,1,5453564.0,1.0,69.68
United Kingdom,United Kingdom,IT / software / cyber,80000000,digital skills development network (dsdn),1,3000000.0,1.0,69.68
Germany,Germany,IT / software / cyber,48000000,rvad<n> - rahmenvereinbarung atlassian lizenzen und dienstleistungen <n>,1,7000000.0,1.0,69.68
Germany,Germany,IT / software / cyber,72000000,rahmenvertrag für dienstleistungen für software otobo,1,3773977.34,1.0,69.68
United Kingdom,United Kingdom,IT / software / cyber,NO_CODE,gla electronic vote counting system,1,12078080.0,1.0,69.68
United Kingdom,United Kingdom,IT / software / cyber,NO_CODE,managing agent services for the co-operative development society limited,1,800000000.0,1.0,69.68
United Kingdom,United Kingdom,IT / software / cyber,NO_CODE,"driver and vehicle agency - supply, delivery, installation, calibration, commissioning and maintenance of a vehicle test",1,46000000.0,1.0,69.68
United Kingdom,United Kingdom,IT / software / cyber,48000000,t<n>/<n> microsoft agreement,1,2400000.0,1.0,69.68
Quebec,Canada - Quebec,IT / software / cyber,81112300,services d'entretien du parc informatique,1,2241500.0,1.0,69.68
Germany,Germany,IT / software / cyber,75300000,abrechnung sonstige leistungserbringer,1,5482000.0,1.0,69.68
Germany,Germany,IT / software / cyber,48000000,test-software für schnittstellen,1,7214984.87,1.0,69.68
Ireland,Ireland,IT / software / cyber,72000000.0,provision of a managed service and helpdesk facility for the peoplesoft hrms and crm solutions,1,13000000.0,1.0,69.68
Germany,Germany,IT / software / cyber,72000000,rahmenvertrag externe unterstützung bei der softwarequalitätsanalyse los <n>,1,4611714.96,1.0,69.68
Germany,Germany,IT / software / cyber,48600000,<n>-up-mongodb,1,3198000.0,1.0,69.68
Ireland,Ireland,IT / software / cyber,72000000.0,request for tenders for the provision of ict managed service provider for infrastructure and operations services,1,28000000.0,1.0,69.68
Ireland,Ireland,IT / software / cyber,72511000.0,"the provision of meraki networking services including hardware, licencing, support and related services to cover existin",1,2500000.0,1.0,69.68
United Kingdom,United Kingdom,IT / software / cyber,09134220,supply of ground fuels to british forces cyprus,1,7845915.51,1.0,69.68
Ireland,Ireland,IT / software / cyber,72000000.0,"request for tender for the provision of sugarcrm enterprise edition licenses, support, security and future development o",1,2000000.0,1.0,69.68
Ireland,Ireland,IT / software / cyber,30210000.0,"request for tenders for the provision of printing, scanning and cloud data processing services for census <n>",1,11019427.1,1.0,69.68
United Kingdom,United Kingdom,IT / software / cyber,50232200,term contract for the supply and installation of traffic signals and associated equipment <n> - <n>,1,14000000.0,1.0,69.68
United Kingdom,United Kingdom,IT / software / cyber,NO_CODE,independent fostering agencies,1,203000000.0,1.0,69.68
Germany,Germany,IT / software / cyber,32424000,lieferung und service von adva komponenten mittels rahmenvereinbarung,1,12200488.5,1.0,69.68
Ireland,Ireland,IT / software / cyber,72710000.0,lan wan maintenance support and network upgrade,1,4011576.0,1.0,69.68
Germany,Germany,IT / software / cyber,50310000,multifunktionsgeräte,1,2140000.0,1.0,69.68
United Kingdom,United Kingdom,IT / software / cyber,33110000,qub/<n>/<n> a fully integrated small animal in-vivo ophthalmic retinal ocular imaging system,1,2000000.0,1.0,69.68
United Kingdom,United Kingdom,IT / software / cyber,NO_CODE,trafford council heat network development partner,1,1118003000.0,1.0,69.68
United Kingdom,United Kingdom,IT / software / cyber,72000000,telephone and messaging based advice & guidance service for health professionals,1,2761290.0,1.0,69.68
Germany,Germany,IT / software / cyber,48219500,rahmenvertrag cisco-komponenten inkl. wartung,1,3361344.0,1.0,69.68
Germany,Germany,IT / software / cyber,72000000,beschaffung eines zahlungsdiensteproviders für die hessische landesverwaltung nebst zugehöriger hardware und software,1,9941219.33,1.0,69.68
Ireland,Ireland,IT / software / cyber,72315000.0,provision of network services to the rehab group,1,4089691.0,1.0,69.68
United Kingdom,United Kingdom,IT / software / cyber,72000000,hscni nipims blood production and tracking system and associated services,1,12000000.0,1.0,69.68
Germany,Germany,IT / software / cyber,30000000,checkpoint rahmenvertrag,1,13800000.0,1.0,69.68
Germany,Germany,IT / software / cyber,48820000,flexpod rahmenvertrag,1,7000549.0,1.0,69.68
Quebec,Canada - Quebec,IT / software / cyber,80111610,pilotage des solutions de cyberdéfense,1,3209421.6,1.0,69.68
Germany,Germany,IT / software / cyber,48000000,artifactory enterprise,1,6300000.0,1.0,69.68
United Kingdom,United Kingdom,IT / software / cyber,85000000,integrated sexual health service,1,28406118.0,1.0,69.68
United Kingdom,United Kingdom,IT / software / cyber,72000000,computer aided dispatch system (cad) for northern ireland ambulance service (nias),1,3970172.0,1.0,69.68
Germany,Germany,IT / software / cyber,48000000,kommunale afm online dienste,1,6000000.0,1.0,69.68
Germany,Germany,IT / software / cyber,48517000,rahmenvertrag für firewallsysteme und endpointsecurity des herstellers palo alto networks sowie angrenzende it−dienstlei,1,12000000.0,1.0,69.68
Germany,Germany,IT / software / cyber,48310000,software zur erstellung und bearbeitung von pdf-dokumenten (produktneutral),1,42000000.0,1.0,69.68
Germany,Germany,IT / software / cyber,48517000,"handelspartner für den erwerb von citrix-lizenzen sowie korrespondierenden leistungen für schulen, verwaltungen und rech",1,17500000.0,1.0,69.68
Germany,Germany,IT / software / cyber,32420000,rahmenvereinbarung firewall palo alto,1,4334000.0,1.0,69.68
Germany,Germany,IT / software / cyber,72260000,microsoft handelspartner rahmenvertrag,1,114700000.0,1.0,69.68
Germany,Germany,IT / software / cyber,72220000,<n>-nr-ivanti environment manager,1,4640000.0,1.0,69.68
Ireland,Ireland,IT / software / cyber,50312610.0,provision of on-bus technology subject matter expert services,1,2000000.0,1.0,69.68
Quebec,Canada - Quebec,IT / software / cyber,81112300,service d’entretien des équipements informatiques et technologiques de la saq /sqdc,1,20376992.84,1.0,69.68
Ireland,Ireland,IT / software / cyber,30200000.0,"<n>pr<n> request for tenders (rft) for the provision of hyper-converged infrastructure (hci) hardware, software, support",1,3000000.0,1.0,69.68
Germany,Germany,IT / software / cyber,30211100,erweiterung nhr&tier<n> hpc-cluster <n>/<n> an der fau um <n> racks und optionalen nvme-storage für bayerische ki-forsch,1,14668420.0,1.0,69.68
Germany,Germany,IT / software / cyber,32424000,rahmenvertrag netzwerktechnik des herstellers lancom <n>,1,6000000.0,1.0,69.68
United Kingdom,United Kingdom,IT / software / cyber,85100000,provision of primary medical services - drybrook surgery,1,3325000.0,1.0,69.68
Germany,Germany,IT / software / cyber,72000000,beschaffung von programmier-/entwicklerleistungen sowie betriebsunterstützung für die software folia zur elektronischen ,1,2930034.0,1.0,69.68
United Kingdom,United Kingdom,IT / software / cyber,72000000,fcp: rural payments service continuity project,1,27000000.0,1.0,69.68
Germany,Germany,IT / software / cyber,72232000,it-dienstleistungen im bereich softwareentwicklung natural / adabas,1,4980080.0,1.0,69.68
Germany,Germany,IT / software / cyber,30200000,rahmenvereinbarung cisco <n> - <n>,1,3764705.88,1.0,69.68
Germany,Germany,IT / software / cyber,48000000,rahmenvertrag handelspartner für microsoft lizenzen,1,17000000.0,1.0,69.68
Germany,Germany,IT / software / cyber,30210000,rvn<n> - rahmenvertrag netapp speicher <n>,1,7300000.0,1.0,69.68
Germany,Germany,IT / software / cyber,72000000,informationssicherheitsleistungen <n>,1,25000000.0,1.0,69.68
Germany,Germany,IT / software / cyber,72000000,beschaffung eines zahlungsdiensteproviders (hmdf),1,12584079.66,1.0,69.68
Ireland,Ireland,IT / software / cyber,72000000.0,request for tender for the provision of a team of ict technical resources to provide operational support services to an ,1,200000000.0,1.0,69.68
Germany,Germany,IT / software / cyber,32500000,<n>. <n> it-technik,1,2073314.5,1.0,69.68
Germany,Germany,IT / software / cyber,72268000,rahmenvertrag handelspartner microsoft,1,7290000.0,1.0,69.68
United Kingdom,United Kingdom,IT / software / cyber,NO_CODE,public health enhanced services in primary care,1,6824000.0,1.0,69.68
Germany,Germany,IT / software / cyber,48100000,rahmenvertrag software veeam <n>,1,6379216.24,1.0,69.68
Germany,Germany,IT / software / cyber,48000000,rahmenvertrag für den bezug von tableu-softwareprodukten und dazugehörigen dienstleistungen,1,52738000.0,1.0,69.68
Ireland,Ireland,IT / software / cyber,48000000.0,request for tenders for the provision of a meteorological data visualisation and forecast production system with forecas,1,2543000.0,1.0,69.68
Germany,Germany,IT / software / cyber,30200000,bluecat ddi,1,3060000.0,1.0,69.68
United Kingdom,United Kingdom,IT / software / cyber,38000000,chromatography equipment,1,5000000.0,1.0,69.68
Germany,Germany,IT / software / cyber,48800000,produkte und dienstleistungen des herstellers extreme networks,1,61220750.0,1.0,69.68
United Kingdom,United Kingdom,IT / software / cyber,31712349,"qub/<n>/<n> contract for the supply, delivery, installation and commissioning of six vector network analyzer mm-wave ext",1,2000000.0,1.0,69.68
Germany,Germany,IT / software / cyber,48000000,rahmenvereinbarung über microsoft-softwareprodukte und leistungen gemäß bmi-enterprise agreement inkl. sce,1,100000000.0,1.0,69.68
United Kingdom,United Kingdom,IT / software / cyber,85100000,integrated sexual health services <n>-<n>,1,2493119.0,1.0,69.68
Germany,Germany,IT / software / cyber,72268000,softwarelösung für kollaborative zusammenarbeit,1,20000000.0,1.0,69.68
Germany,Germany,IT / software / cyber,48000000,"""signatur- und siegellösung"", eca-<n>-<n>",1,15000000.0,1.0,69.68
Germany,Germany,IT / software / cyber,30000000,lieferung von hard- und software von dem hersteller dell,1,66130768.29,1.0,69.68
United Kingdom,United Kingdom,IT / software / cyber,48000000,emar - electronic medication and administration records,1,2500000.0,1.0,69.68
United Kingdom,United Kingdom,IT / software / cyber,NO_CODE,the supply of specialist weapon spares and associated items,1,4000000.0,1.0,69.68
United Kingdom,United Kingdom,IT / software / cyber,72000000,ypo <n> - commissioning solutions <n>,1,50000000.0,1.0,69.68
United Kingdom,United Kingdom,IT / software / cyber,92222000,"cctv service, maintenance, repair and upgrades for the london borough of hillingdon's corporate & housing properties",1,2222679.52,1.0,69.68
Germany,Germany,IT / software / cyber,48000000,rahmenvertrag beschaffung von microsoft software produkten gemäß bmi select plus vertrag,1,3600000.0,1.0,69.68
Quebec,Canada - Quebec,Consulting / research / audit,80120000,assurer la défense des intérêts du gouvernement du québec en matière de droit commercial international et offrir un serv,2,11750000.0,1.0,69.58
United Kingdom,United Kingdom,Web / digital,85143000,was-ojeu-<n>- provision of unscheduled operational support,1,2000000.0,5.0,69.58
United Kingdom,United Kingdom,Consulting / research / audit,73200000,national diet and nutrition survey <n>-<n>,1,17568862.0,1.0,69.58
United Kingdom,United Kingdom,Consulting / research / audit,71800000,water supply & wastewater services,1,3577419.0,1.0,69.58
Germany,Germany,Web / digital,72000000,betriebsmanagement portale,1,5068800.0,4.0,69.58
Germany,Germany,Web / digital,79610000,abschluss einer rahmenvereinbarung mit einer multiposting-agentur,1,2300000.0,5.0,69.58
United Kingdom,United Kingdom,Web / digital,NO_CODE,internal audit services (apex framework),1,13500000.0,4.0,69.58
United Kingdom,United Kingdom,Web / digital,85100000,"lancashire & south cumbria adults mental health-lot <n> peer support, lot <n> ph smi",1,2384729.0,4.0,69.58
Quebec,Canada - Quebec,Consulting / research / audit,81101511,projet contrôle de train - is<n> - études et support pour l'installation du système cbtc sur le matériel roulant existan,1,16580155.56,1.0,69.58
United Kingdom,United Kingdom,Consulting / research / audit,73110000,(nu/<n>) research agreement between newcastle university and antaros medical ab,1,3576286.0,1.0,69.58
United Kingdom,United Kingdom,Consulting / research / audit,72221000,r&r client business case support,1,6600000.0,1.0,69.58
United Kingdom,United Kingdom,Consulting / research / audit,73000000,oda - gcbc - nature transition support programme - phase <n>: country assessments,1,3500000.0,1.0,69.58
United Kingdom,United Kingdom,Consulting / research / audit,79418000,step strategic procurement support,1,3200000.0,1.0,69.58
United Kingdom,United Kingdom,Web / digital,NO_CODE,"<n> - <n> - groupwide lift installation, repair, servicing and associated works",1,3200000.0,4.0,69.58
United Kingdom,United Kingdom,Consulting / research / audit,71317100,fire safety consultancy (inc. door inspections),1,18000000.0,1.0,69.58
Germany,Germany,Consulting / research / audit,72000000,misc_via digitalisierungsplattform_betrieb und entwicklung_<n> auftragsvergabe,1,13500000.0,1.0,69.58
United Kingdom,United Kingdom,Consulting / research / audit,80000000,american chemical society journals <n>-<n>,1,10591950.0,1.0,69.58
United Kingdom,United Kingdom,Consulting / research / audit,85111800,histopathology managed service contract renewal,1,2536757.66,1.0,69.58
Quebec,Canada - Quebec,Consulting / research / audit,80111503,services de négociation pour la détermination de la rémunération et services-conseils pour le régime de négociation,1,2460900.0,1.0,69.58
United Kingdom,United Kingdom,Consulting / research / audit,79400000,families first strategic delivery partner,1,7198523.0,1.0,69.58
United Kingdom,United Kingdom,Consulting / research / audit,79400000,customer transformation programme - strategic transformation delivery partner,1,6130275.0,1.0,69.58
United Kingdom,United Kingdom,Consulting / research / audit,33110000,rhul-<n>a procurement of <n> tesla mri scanner,1,2164495.0,1.0,69.58
Quebec,Canada - Quebec,Consulting / research / audit,81160000,services-conseils en sécurité de l'information,1,2887500.0,1.0,69.58
Germany,Germany,Web / digital,34430000,verfahren über eine rahmenvereinbarung über die bereitstellung von fahrrädern im wege des leasings (teilamortisierungsle,1,9170000.0,5.0,69.58
United Kingdom,United Kingdom,Consulting / research / audit,71621000,nbc technical quality assurance partner,1,18300000.0,1.0,69.58
United Kingdom,United Kingdom,Consulting / research / audit,79111000,legal advisory services for lower thames crossing,1,6000000.0,1.0,69.58
United Kingdom,United Kingdom,Consulting / research / audit,75251110,fire risk assessment consultancy,1,2226000.0,1.0,69.58
United Kingdom,United Kingdom,Consulting / research / audit,79411100,,1,9972000.0,1.0,69.58
United Kingdom,United Kingdom,Web / digital,45316212,traffic signals installation framework agreement <n>,1,60000000.0,4.0,69.58
United Kingdom,United Kingdom,Consulting / research / audit,72224000,zodiac intelligent customer team,1,3979393.25,1.0,69.58
United Kingdom,United Kingdom,Consulting / research / audit,72100000,"it hardware, peripherals and associated services contract",1,15000000.0,1.0,69.58
United Kingdom,United Kingdom,Consulting / research / audit,85100000,most suitable provider: hyperbaric oxygen therapy (hbot) services for all ages,1,6978972.5,1.0,69.58
United Kingdom,United Kingdom,Consulting / research / audit,38431000,supply of hardware as part of the ou spaceflight instrument and planetary science research,1,2450000.0,1.0,69.58
United Kingdom,United Kingdom,Consulting / research / audit,80000000,proquest one literature and lion complete <n>-<n>,1,2237546.0,1.0,69.58
Germany,Germany,Web / digital,66114000,rahmenvereinbarung über das leasing von fahrrädern für mitarbeitende der stadt oldenburg,1,3460478.4,4.0,69.58
United Kingdom,United Kingdom,Consulting / research / audit,79400000,disclosure services for the group litigation order (glo) compensation scheme,1,3700000.0,1.0,69.58
United Kingdom,United Kingdom,Consulting / research / audit,66170000,payment management system,1,3497643.0,1.0,69.58
Germany,Germany,Web / digital,45262690,ccclxviii-<n>-<n>_bm wallaustraße <n>-<n>+<n> & frauenlobstraße <n> gu,1,5406041.22,5.0,69.58
United Kingdom,United Kingdom,Consulting / research / audit,79410000,professional services support for the collective training transformation programme (cttp),1,6831000.0,1.0,69.58
Quebec,Canada - Quebec,Consulting / research / audit,81160000,services-conseils en infrastructure technologique,1,2588355.0,1.0,69.58
United Kingdom,United Kingdom,Web / digital,NO_CODE,leisure services operating contract,1,2980000.0,4.0,69.58
Germany,Germany,Consulting / research / audit,72000000,misc_via link_betrieb und entwicklung_<n>,1,13500000.0,1.0,69.58
United Kingdom,United Kingdom,Consulting / research / audit,73110000,dsit x mod neutral vendor for innovation framework agreement,1,2500000.0,1.0,69.58
United Kingdom,United Kingdom,Web / digital,73111000,<n>.<n>kv sic mosfet devices fabrication,1,204679.0,1.0,69.5
Germany,Germany,Web / digital,45422100,generalsan. rathaus forchheim holzrestaurierung instandsetzung fenster und portale rathaushalle,1,100000.0,1.0,69.5
United Kingdom,United Kingdom,Language / transcription,85000000,provision of independent professional advocacy service for adults in powys,1,477438.0,1.0,69.5
United Kingdom,United Kingdom,Web / digital,NO_CODE,ukri-<n> flexible b<n>c neutron shielding materials,1,400000.0,1.0,69.5
United Kingdom,United Kingdom,Web / digital,85000000,hac<n>: stop smoking london integrated digital smoking cessation service pilot,1,695000.0,2.0,69.5
United Kingdom,United Kingdom,Web / digital,NO_CODE,supply of summer and winter bedding plants <n>-<n>,1,106463.48,1.0,69.5
United Kingdom,United Kingdom,Web / digital,NO_CODE,bcu-itt-<n> - wmh - kitchen refurbishment,1,473947.55,1.0,69.5
Germany,Germany,Web / digital,45000000,generalsanierung der fachoberschule - ii. bauabschnitt - einrichtung der verwaltungs- und klassenräume,1,372214.0,1.0,69.5
United Kingdom,United Kingdom,Web / digital,33693200,nicotine replacement therapy (nrt) supplies and distribution,1,307907.75,1.0,69.5
United Kingdom,United Kingdom,Web / digital,33141641,fast magic angle spinning probe <n> mhz,1,100602.8,1.0,69.5
Ireland,Ireland,Language / transcription,79540000.0,ps<n>c ul – rft for the provision of irish sign language interpretation services for students registered with the disabi,1,100000.0,1.0,69.5
United Kingdom,United Kingdom,Web / digital,38636100,femtosecond laser system,1,105000.0,1.0,69.5
United Kingdom,United Kingdom,Web / digital,38000000,live-cell single cell resolution bioluminescence capable imaging system,1,124460.0,1.0,69.5
Ireland,Ireland,Web / digital,92100000.0,single party framework agreement for the provision of audio and video content for onward media distribution and digital ,1,250000.0,1.0,69.5
United Kingdom,United Kingdom,Web / digital,38540000,dynamic fatigue tester,1,159000.0,1.0,69.5
United Kingdom,United Kingdom,Web / digital,NO_CODE,supply and installation of access control and a barrier system at woodlands campus,1,207968.0,1.0,69.5
United Kingdom,United Kingdom,Web / digital,71356100,disaster charter strategic support contract,1,360638.0,1.0,69.5
United Kingdom,United Kingdom,Web / digital,73000000,"be<n> - projections of climate risks, their societal impact and cost, and the cost and effectiveness of adaptation measu",1,273520.45,1.0,69.5
United Kingdom,United Kingdom,Web / digital,42994000,high-torque internal mixer,1,192900.0,1.0,69.5
Ireland,Ireland,Language / transcription,92310000.0,ten<n> - tender for the delivery of border biennale <n> for the peaceplus programme on behalf of cavan county council,1,104959.35,1.0,69.5
United Kingdom,United Kingdom,Web / digital,85000000,north northamptonshire council - provision of independent trusted home care assessor,1,150000.0,1.0,69.5
United Kingdom,United Kingdom,Web / digital,71315410,pow-ojeu-<n>- critical ventilation contract – pthb,1,124811.88,1.0,69.5
United Kingdom,United Kingdom,Web / digital,66510000,provision of insurance and claims handling- trust,1,190000.0,1.0,69.5
Germany,Germany,Document / data processing,71000000,"vgv, preisträger",1,2476346.96,2.0,69.44
TED,ESP,Web / digital,NO_CODE,ejecución de las obras para el mantenimiento y rehabilitación del patrimonio histórico de uso turístico en determinados ,1,6438495.0,0.0,69.38
TED,AT,Web / digital,NO_CODE,a<n> niedernhart nordportal bis ast. indus... - örtliche bauaufsicht,1,7961186.0,1.0,69.38
TED,IT,Web / digital,NO_CODE,proc. <n>/<n> - lavori di completamento dei programmi di rinnovo armamento intera rete iseo - sostituzione biblocco trat,1,65026191.39,1.0,69.38
TED,SWE,Web / digital,NO_CODE,beställningsportal och affärssystem för hjälpmedel,1,98595000.0,1.0,69.38
TED,ROU,Web / digital,NO_CODE,achiziție servicii si componente necesare pentru dezvoltarea unui portal web cu funcționalități extinse www.e-consultare,1,3894970.0,1.0,69.38
TED,ESP,Web / digital,NO_CODE,construcción y explotación de los aparcamientos paseo de la castellana-bernabéu y padre damián,1,6000000.0,1.0,69.38
TED,ITA,Web / digital,NO_CODE,"procedura aperta, da espletarsi sul portale telematico net<n>market­csamed s.r.l., per l’affidamento, in un unico lotto,",1,2635131.76,0.0,69.38
TED,RO,Web / digital,NO_CODE,acord-cadru de furnizare carduri multitehnologie prox/seos cu smart card cu contacte,1,10475611.905,1.0,69.38
TED,EST,Web / digital,NO_CODE,"dokumendiskännerid, nendega seotud tarkvara litsentsid ja tootetugi",1,2000000.0,0.0,69.38
TED,IT,Web / digital,NO_CODE,servizi di architettura e di ingegneria - lavori relativamente al sotto intervento n. <n> “riorganizzazione del percorso,1,4538365.31,1.0,69.38
TED,ESP,Web / digital,NO_CODE,servicio de soporte especializado para el mantenimiento y evolución del portal acelera pyme,1,2096409.7,1.0,69.38
TED,POL,Web / digital,NO_CODE,wykonanie zmian w systemie pobyt i portalu moduł obsługi spraw,1,3675533.0,1.0,69.38
Germany,Germany,Language / transcription,71300000,fachplanung labor- und medizintechnik für die projekte helix und comet,1,2172417.47,1.0,69.38
TED,SWE,Web / digital,NO_CODE,beställningsportal för läkemedelsnära produkter,1,53363000.0,1.0,69.38
TED,NO,Web / digital,NO_CODE,procurement of optimizely dxp for upgraded operation of the information portal for altinn.,1,9700000.0,1.0,69.38
TED,ES,Web / digital,NO_CODE,trabajos de integración del sistema de gestión procesal avantius con el sistema común de notificaciones electrónicas (ci,1,2827208.75,1.0,69.38
TED,SE,Web / digital,NO_CODE,kompetensportal,1,7478452.0,1.0,69.38
TED,SWE,Web / digital,NO_CODE,"stabilitets- och hållfasthetsprovning av belysningsstolpar, master, skyltsportaler och linspännsfästen",1,8100000.0,1.0,69.38
TED,SE,Web / digital,NO_CODE,utbildningsportal,1,2400000.0,1.0,69.38
Germany,Germany,Web / digital,85145000,"knappschaft kliniken service gmbh - vergabe klinische chemie, immunchemie, hämostaseologie und urindiagnostik",1,20640000.0,1.0,69.38
TED,SWE,Web / digital,NO_CODE,dual carbon-<n> isotope analyzer for gaseous co<n> and ch<n>,1,2335000.0,1.0,69.38
TED,ITA,Web / digital,NO_CODE,gara europea a procedura telematica aperta per l’affidamento del servizio di ristorazione a favore degli ospiti del cent,1,3971996.4,1.0,69.38
TED,CZE,Web / digital,NO_CODE,rozvoj a technická podpora systému aseo_cd,1,3107960.0,1.0,69.38
TED,ESP,Web / digital,NO_CODE,"plataforma de administración electrónica para ayuntamientos menores de <n>.<n> habitantes, entidades locales menores, ma",1,2420000.0,1.0,69.38
TED,POL,Web / digital,NO_CODE,"zapewnienie utrzymania technicznego, wsparcia i rozwoju portalu mazowieckie biblioteki pedagogiczne w ramach przedsięwzi",1,3577400.0,1.0,69.38
TED,SWE,Web / digital,NO_CODE,"portal för kommunikativa tjänster – tryckeritjänster, mallade produkter och profilprodukter",1,18000000.0,1.0,69.38
TED,EST,Web / digital,NO_CODE,g-korpuse sterilisatsiooniosakonna aparatuur ja seadmete paigaldamisega seonduvad ehituslikud tööd,1,2340545.43,1.0,69.38
TED,CZE,Web / digital,NO_CODE,laboratorní stand pro konverzi syntézních plynů a katalytickou transformaci plynných směsí na vodík / laboratory stand f,1,3190000.0,1.0,69.38
TED,POL,Web / digital,NO_CODE,"sva/<n>-<n>/<n> świadczenie usług serwisu utrzymaniowego zintegrowanych systemów simple.erp, xprimer i portal raportowy ",1,6262000.0,1.0,69.38
TED,ESP,Web / digital,NO_CODE,"• contrato mixto por la revisión del proyecto ejecutivo y la posterior ejecución de las obras “rótula, red verde de movi",1,6883138.58,1.0,69.38
TED,NO,Web / digital,NO_CODE,qualification: training portal with context-sensitive help for the health trusts in the south-eastern norway regional he,1,5600000.0,1.0,69.38
TED,ROU,Web / digital,NO_CODE,"lucrari pentru realizarea modulelor de la <n> la <n>, tip macstor <n> si a macaralei portal <n>/<n>t – <n>m – sirul <n>,",1,213291791.63,1.0,69.38
TED,ITA,Web / digital,NO_CODE,procedura aperta multilotto mediante accordo quadro quadriennale con più operatori economici per la fornitura di farmaci,1,84342000.0,0.0,69.38
TED,POL,Web / digital,NO_CODE,modyfikacje systemu portal informacyjny sądów powszechnych.,1,4483350.0,1.0,69.38
TED,RO,Web / digital,NO_CODE,achiziția de servicii soluție informatică tip ”portal” pentru acordarea de finanțări nerambursabile din fonduri publice ,1,2289840.0,1.0,69.38
TED,SWE,Web / digital,NO_CODE,"konkurrensutsättning av dis konsulter förvaltning, support och utveckling av it portalen",1,6000000.0,1.0,69.38
TED,ESP,Web / digital,NO_CODE,"obras de rehabilitación parcial del complejo industrial san carlos, sito en calle san vicente <n> (a), riópar, albacete,",1,5843240.0,1.0,69.38
TED,IT,Web / digital,NO_CODE,"proc. <n>/<n> - appalto integrato di progettazione definitiva, esecutiva ed esecuzione dei lavori su opere ferroviarie i",1,7402721.5,1.0,69.38
TED,NO,Web / digital,NO_CODE,contract for a course and competence portal for work notifications and winter operations in the norwegian public roads a,1,24000000.0,1.0,69.38
United Kingdom,United Kingdom,IT / software / cyber,72000000,west yorkshire fire and rescue service - station end equipment,1,1717083.69,1.0,69.2
United Kingdom,United Kingdom,IT / software / cyber,44221111,supply of upvc profile,1,650000.0,1.0,69.2
United Kingdom,United Kingdom,IT / software / cyber,31154000,pndc propulsion & power train accelerator,1,1941975.0,1.0,69.2
Ireland,Ireland,IT / software / cyber,30000000.0,t.<n>/<n> request for tenders for the provision of a bespoke static and mobile immersive simulation exercise unit suites,1,517220.0,1.0,69.2
Germany,Germany,IT / software / cyber,79342100,pr<n> - beratungsleistungen für das projekt „ame geschäftsentwicklung audio kommunikation“,1,1064874.0,1.0,69.2
Germany,Germany,IT / software / cyber,48326000,illustrationssoftware,1,568800.0,1.0,69.2
Germany,Germany,IT / software / cyber,48773000,"miete von druckern, multifunktionsdrucksystemen, dokumentenscannern und gerätemanagementsoftware",1,551520.0,1.0,69.2
Ireland,Ireland,IT / software / cyber,72000000.0,mangoapps licence renewal,1,600000.0,1.0,69.2
Germany,Germany,IT / software / cyber,24312100,rv für die lieferung von nitratsalzlösung und dosiereinrichtungen zur geruchsvermeidung im kölner kanalnetz,1,757409.8,1.0,69.2
Germany,Germany,IT / software / cyber,48000000,lizenzbeschaffung imprivata sso und dienstleistung,1,725538.18,1.0,69.2
United Kingdom,United Kingdom,IT / software / cyber,72261000,provision of a student information management system,1,975000.0,1.0,69.2
United Kingdom,United Kingdom,IT / software / cyber,NO_CODE,provision of an online educational psychology assessment software and licences,1,800000.0,1.0,69.2
United Kingdom,United Kingdom,IT / software / cyber,24111800,supply of liquid nitrogen,1,911210.0,1.0,69.2
Germany,Germany,IT / software / cyber,30230000,"rahmenvertrag beschaffung hardware, software, zubehör",1,1850000.0,1.0,69.2
Ireland,Ireland,IT / software / cyber,72212312.0,electronic legislation publication services for the irish statute book (eisb),1,966984.0,1.0,69.2
Germany,Germany,IT / software / cyber,48218000,management software xiq-se,1,1270800.0,1.0,69.2
Germany,Germany,IT / software / cyber,72500000,landkreis northeim - fachverfahren kfz-zulassungswesen,1,884750.0,1.0,69.2
United Kingdom,United Kingdom,IT / software / cyber,48100000,asset database and fault management facility,1,926350.0,1.0,69.2
Germany,Germany,IT / software / cyber,72000000,beschaffung von forschungsleistungen in angewandter cybersicherheit für das hmdi,1,1680673.2,1.0,69.2
Germany,Germany,IT / software / cyber,48761000,lizenzverlängerung und -erweiterung trellix und skyhigh,1,902226.27,1.0,69.2
Germany,Germany,IT / software / cyber,64000000,"hybridpost - softwarelösung inkl. externer druck, kuvertierung, frankierung und versand von briefpost",1,530130.58,1.0,69.2
Germany,Germany,IT / software / cyber,38520000,hard- und software der digitalen poststelle,1,1066354.0,1.0,69.2
Germany,Germany,IT / software / cyber,38510000,kamerasystem zur direktelektronendetektion für ein transmissionselektronenmikroskop,1,1119825.0,1.0,69.2
Germany,Germany,IT / software / cyber,48517000,"microsoft-cloud-lizenzen (bereitstellung, verwaltung, abrechnung) sowie supportleistungen (evb-it rahmenvereinbarung)",1,1888331.52,1.0,69.2
United Kingdom,United Kingdom,IT / software / cyber,72222300,mini comp for proms - velindre onboarding,1,1043700.0,1.0,69.2
Germany,Germany,IT / software / cyber,73100000,"pr<n> - entwicklungsleistungen ""emergency warning functionality in drm- und dab-empfängern""",1,550100.0,1.0,69.2
Germany,Germany,IT / software / cyber,30210000,erneuerung office netzwerk,1,1989943.2,1.0,69.2
Ireland,Ireland,IT / software / cyber,72000000.0,"rft for the provision of maintenance, technical support and development for the development applications tracking system",1,559800.0,1.0,69.2
Quebec,Canada - Quebec,IT / software / cyber,43211600,"acquisition d'équipements informatiques, cartouches et imprimantes de vente et perception (lots <n> & <n>)",1,630881.68,1.0,69.2
Germany,Germany,IT / software / cyber,48000000,<n>-jr-intranet software,1,1290000.0,1.0,69.2
Germany,Germany,IT / software / cyber,48000000,backup recovery agent,1,550000.0,1.0,69.2
Germany,Germany,IT / software / cyber,48000000,<n>-nf-softwarekomponentenmanagement,1,1021153.0,1.0,69.2
Germany,Germany,IT / software / cyber,79421000,weiterführung des projekts „schnittstellenharmonisierung und austauschplattform trinkwasserhygiene“ (shapth),1,1844160.0,1.0,69.2
Ireland,Ireland,IT / software / cyber,48000000.0,"<n> / <n> establishment of a single party framework agreement for the supply and maintenance of board meetings, risk and",1,500000.0,1.0,69.2
United Kingdom,United Kingdom,IT / software / cyber,79400000,supporting local businesses with production and service innovation support,1,570000.0,1.0,69.2
United Kingdom,United Kingdom,IT / software / cyber,72000000,financial markets data platform,1,717745.67,1.0,69.2
Germany,Germany,IT / software / cyber,48732000,netzwerksegmentierung software und support für den lwv hessen,1,511907.1,1.0,69.2
Germany,Germany,IT / software / cyber,72000000,serviceleistungen für die barracuda firewalls im tfa cottbus,1,537450.0,1.0,69.2
Germany,Germany,IT / software / cyber,48000000,sonarqube-lizenzen (eca-<n>-<n>),1,908000.0,1.0,69.2
Germany,Germany,IT / software / cyber,72260000,bayerisches integriertes förder-system (bayifs),1,1092436.98,1.0,69.2
Germany,Germany,IT / software / cyber,72265000,"it-dienstleistungen im bereich open-source-software gimp zur erstellung und bearbeitung von foto-bild-dateien, hier: adm",1,1858500.0,0.0,69.2
Germany,Germany,IT / software / cyber,48731000,"beschaffung von lizenzen, support und software maintenance für die backupsoftware_commvault",1,935975.0,1.0,69.2
Germany,Germany,IT / software / cyber,48000000,"automatisierte lehrveranstaltungs-, prüfungs- und raumplanungssoftware",1,576198.0,1.0,69.2
Germany,Germany,IT / software / cyber,72260000,rahmenvereinbarung adobe handelspartner,1,1100000.0,1.0,69.2
Germany,Germany,IT / software / cyber,72000000,prozessunterstützung esm-plattform servity,1,1200000.0,1.0,69.2
Germany,Germany,IT / software / cyber,32424000,rahmenvertrag netzwerkkomponenten,1,700000.0,1.0,69.2
United Kingdom,United Kingdom,IT / software / cyber,85140000,provision of post diagnostic support for dementia,1,500000.0,1.0,69.2
Germany,Germany,IT / software / cyber,72511000,"<n>-<n> serverfarm für alle anwendungen außerhalb vom kis-system - lieferung von hardware, software, sowie dienstleistun",1,884250.0,1.0,69.2
Germany,Germany,IT / software / cyber,30000000,paper-output-management (pom) als full-service-lösung im mietmodell für oldenburger schulen,1,1726303.0,0.0,69.2
Germany,Germany,IT / software / cyber,48100000,hpe aruba networking central und clearpass,1,563784.85,1.0,69.2
United Kingdom,United Kingdom,IT / software / cyber,NO_CODE,electoral management system (ems),1,638000.0,1.0,69.2
Ireland,Ireland,IT / software / cyber,72261000.0,rft for the provision of managed support and maintenance for zovy email archive,1,697522.56,1.0,69.2
Germany,Germany,IT / software / cyber,72268000,beschaffung von bsi zugelassenen hard- und software-produkten für eine cloud-lösung sowie deren wartung/pflege,1,749718.9,1.0,69.2
Ireland,Ireland,IT / software / cyber,72300000.0,cloud provider licenses and services for the grai,1,1500000.0,1.0,69.2
United Kingdom,United Kingdom,IT / software / cyber,48000000,digital interview recording software,1,634524.0,1.0,69.2
Germany,Germany,IT / software / cyber,72000000,beschaffung softwarelösung personalbedarfsermittlung,1,501237.52,1.0,69.2
Ireland,Ireland,IT / software / cyber,48000000.0,it<n>c - request for tenders for the supply of an ict cloud system for the national university ireland nui,1,854731.92,1.0,69.2
United Kingdom,United Kingdom,IT / software / cyber,38434000,lightwave vector network analyser,1,732308.25,1.0,69.2
Germany,Germany,IT / software / cyber,72000000,service support,1,528000.0,1.0,69.2
United Kingdom,United Kingdom,IT / software / cyber,NO_CODE,terrestrial laser scanners,1,650000.0,1.0,69.2
United Kingdom,United Kingdom,IT / software / cyber,85000000,provision of adult disabilities respite service,1,1152000.0,1.0,69.2
Ireland,Ireland,IT / software / cyber,48000000.0,hyperconverged hybrid cloud infrastructure solution and associated equipment and services for galway city council,1,705783.0,1.0,69.2
Germany,Germany,IT / software / cyber,48000000,<n>-<n> neuer ea-rahmenvertrag microsoft - lieferung von standardsoftware und wartung für <n> monate mit verlängerungsop,1,1729763.0,1.0,69.2
Germany,Germany,IT / software / cyber,32424000,erneuerung der firewall-architektur mit managed service,1,1250000.0,1.0,69.2
Germany,Germany,IT / software / cyber,48000000,verlängerung subscription camunda software (abo-modell),1,1804200.16,1.0,69.2
United Kingdom,United Kingdom,IT / software / cyber,72268000,estates asset management system,1,590000.0,1.0,69.2
Germany,Germany,IT / software / cyber,73100000,medizintechnik im umweltneurowissenschaftlichen bereich,1,500000.0,1.0,69.2
Germany,Germany,IT / software / cyber,30000000,hochschule merseburg - peripherie-switche,1,724847.85,1.0,69.2
United Kingdom,United Kingdom,IT / software / cyber,79630000,qub/<n>/<n> contract for employee management operator - usa,1,800000.0,1.0,69.2
Ireland,Ireland,IT / software / cyber,50312600.0,stewarts care rft for ict and print managed services,1,1596094.0,1.0,69.2
Quebec,Canada - Quebec,IT / software / cyber,81160000,services professionnels et techniques pour le développement d'une solution informatique d'évaluation en continu des prog,1,609078.89,1.0,69.2
Germany,Germany,IT / software / cyber,72000000,rahmenvereinbarung prüfung und bewertung der digitalen barrierefreiheit,1,1222560.0,0.0,69.2
Germany,Germany,IT / software / cyber,48000000,lizenzverlängerung citrix universal hybrid multi-cloud,1,855840.0,1.0,69.2
Germany,Germany,IT / software / cyber,48000000,vergabeverfahren zum abschluss von rahmenvereinbarungen über die beschaffung von diagnoseausrüstung des herstellers wabc,1,595200.0,1.0,69.2
Germany,Germany,IT / software / cyber,72260000,<n>-e-<n>_rv videokonferenzsystem,1,1600000.0,1.0,69.2
Germany,Germany,IT / software / cyber,32424000,mhh - einführung network access control (nac),1,556409.07,1.0,69.2
Ireland,Ireland,IT / software / cyber,48517000.0,renewal of existing <n> mail manager licenses with maintenance.,1,1100000.0,1.0,69.2
United Kingdom,United Kingdom,IT / software / cyber,NO_CODE,stockton and hartlepool employment connections individual placement support (shec ips),1,1220665.0,1.0,69.2
United Kingdom,United Kingdom,IT / software / cyber,NO_CODE,supply of parallel bioreactor including maintenance and consumables,1,811075.24,1.0,69.2
Ireland,Ireland,IT / software / cyber,72000000.0,single party framework agreement for the provision of ict services and associated services for the digital hub developme,1,600000.0,1.0,69.2
United Kingdom,United Kingdom,IT / software / cyber,42965100,hive robotics tender,1,720549.0,1.0,69.2
Germany,Germany,IT / software / cyber,30210000,rahmenvertrag zur beschaffung von notebooks,1,782103.5,1.0,69.2
Germany,Germany,IT / software / cyber,48820000,backup für die üstra infrastruktur,1,511020.88,1.0,69.2
United Kingdom,United Kingdom,IT / software / cyber,NO_CODE,national clinical audit of seizures and epilepsies in children and young people,1,1051800.0,1.0,69.2
United Kingdom,United Kingdom,IT / software / cyber,33000000,optical laser fibre consumables for cyberho <n> holmium laser system (<n>),1,1552500.0,1.0,69.2
Ireland,Ireland,IT / software / cyber,72212931.0,"single party framework agreement for the provision of: licensing, support and maintenance for existing efire services el",1,800000.0,1.0,69.2
Ireland,Ireland,IT / software / cyber,32400000.0,cft for provision of a network access control solution leveraging aruba clearpass,1,1192076.0,1.0,69.2
Germany,Germany,IT / software / cyber,48000000,druckarchivierung,1,1545601.0,1.0,69.2
Germany,Germany,IT / software / cyber,48000000,tenable schwachstellenmanagementsystem,1,1373000.0,1.0,69.2
United Kingdom,United Kingdom,IT / software / cyber,NO_CODE,swtra asbestos consultancy services framework <n>,1,888756.96,1.0,69.2
Germany,Germany,IT / software / cyber,32429000,"ersatz der tk/kom-anlagen an den standorten der lz offenbach, abz hanau, lz aschaffenburg, abz erlenbach und abz hasloch",1,615683.74,1.0,69.2
Germany,Germany,IT / software / cyber,48000000,beschaffung von <n>.<n> st. vmware lizenzen vmware vsphere foundation <n>,1,634336.0,1.0,69.2
Germany,Germany,IT / software / cyber,38000000,testsystem für integrierte schaltungen,1,707904.17,1.0,69.2
Germany,Germany,IT / software / cyber,31600000,"lieferung, montage und wartung digitaler raumkonzepte für die hybride lehre",1,644599.56,1.0,69.2
Germany,Germany,IT / software / cyber,72000000,"csaf-standard: pflege, wartung und weiterentwicklung von open source software (go und typescript - los <n>)",1,1000000.0,1.0,69.2
Germany,Germany,IT / software / cyber,33110000,vollautomatisiertes und hochleistungsfähiges färbe- und bildgebungsgerät für die spatial biology,1,563000.0,1.0,69.2
Ireland,Ireland,IT / software / cyber,90500000.0,"request for tenders for the collection and processing of dry recyclable material glass bottles, steel and aluminium cans",1,621415.83,1.0,69.2
Germany,Germany,IT / software / cyber,48200000,rahmenvereinbarung über die abruflieferung von nextcloud-lizenzen,1,639236.58,1.0,69.2
Germany,Germany,IT / software / cyber,48000000,hp sureclick,1,516736.0,1.0,69.2
United Kingdom,United Kingdom,IT / software / cyber,NO_CODE,provision of the one nhs finance programme services,1,1246000.0,1.0,69.2
Ireland,Ireland,IT / software / cyber,72000000.0,the provision of level <n>/<n> citrix and microsoft products maintenance and support services and a variable commitment ,1,600000.0,1.0,69.2
Quebec,Canada - Quebec,IT / software / cyber,43230000,acquisition d’un logiciel de correction grammaticale pour le ministère de la cybersécurité et du numérique et ses client,1,1170892.34,1.0,69.2
Germany,Germany,IT / software / cyber,30232100,rahmenvereinbarung zum kauf von hardware und managementsoftware sowie bereitstellung von betriebslogistik und betrieb vo,1,1180000.0,1.0,69.2
Germany,Germany,IT / software / cyber,42000000,"eos-materialwechselkits, eos-peripherie, vcs-software",1,522555.81,1.0,69.2
Germany,Germany,IT / software / cyber,72411000,betrieb eines webservers mit bsi-software,1,776870.0,1.0,69.2
Germany,Germany,IT / software / cyber,30121000,bereitstellung von multifunktionsgeräten inkl. full- service im mietmodell,1,1350512.68,1.0,69.2
Germany,Germany,IT / software / cyber,50334400,serviceunterstützung für telekommunikations-anlagen (tk-anlagen) unify,1,600000.0,1.0,69.2
Germany,Germany,IT / software / cyber,48000000,eu-ausschreibung atlassian-software,1,707398.0,1.0,69.2
United Kingdom,United Kingdom,IT / software / cyber,38636110,"qub/<n>/<n>contract for the supply, delivery, installation and commissioning of a pcb manufacturing facility",1,1000000.0,1.0,69.2
Ireland,Ireland,IT / software / cyber,48000000.0,hybrid cloud infrastructure solution and associated equipment and services for donegal county council,1,529265.0,1.0,69.2
Germany,Germany,IT / software / cyber,48319000,schreibassistenzsoftware für die lmu münchen,1,800000.0,1.0,69.2
Germany,Germany,IT / software / cyber,72267000,"pflege-, wartungs-, support- und weiterentwicklungsleistungen für die vorhandene individualsoftware „kibig.web“",1,1609824.0,1.0,69.2
Germany,Germany,IT / software / cyber,30000000,paper-output-management (pom) als full-service-lösung,1,1864475.0,1.0,69.2
Ireland,Ireland,IT / software / cyber,32412000.0,request for tenders for the provision of maintenance and support of voice and data services,1,660000.0,1.0,69.2
Germany,Germany,IT / software / cyber,30200000,rahmenvertrag wlan-technik,1,770000.0,1.0,69.2
Ireland,Ireland,IT / software / cyber,72000000.0,"single party framework for lan and wan maintenance, support, network upgrade and it security infrastructure for kildare ",1,750000.0,1.0,69.2
Germany,Germany,IT / software / cyber,72260000,khzg integrated op nch (neurochirurgie),1,1785714.29,1.0,69.2
Germany,Germany,IT / software / cyber,72210000,dienstleistungen zur softwarepaketierung,1,1027920.0,1.0,69.2
Quebec,Canada - Quebec,IT / software / cyber,72103302,acquisition support et maintenance extreme networks,1,520413.56,1.0,69.2
United Kingdom,United Kingdom,IT / software / cyber,72000000,<n> - durham & tyne & wear utmc system refresh,1,1462465.0,1.0,69.2
Ireland,Ireland,IT / software / cyber,72222300.0,kcetb invite submissions for the provision of a framework agreement for ict infrastructure and operations support servic,1,600000.0,1.0,69.2
Germany,Germany,IT / software / cyber,42900000,lieferung eines vollautomatisierten mikrobioreaktorsystems,1,618595.0,1.0,69.2
Germany,Germany,IT / software / cyber,48180000,mhh - medikationsmanagementsystem,1,1353713.74,1.0,69.2
Germany,Germany,IT / software / cyber,48200000,rv veeam,1,1365500.0,1.0,69.2
United Kingdom,United Kingdom,IT / software / cyber,72212211,purch<n> provision of museums in the metaverse,1,517600.0,1.0,69.2
Quebec,Canada - Quebec,IT / software / cyber,43230000,solution d'analyse et d'interprétation bioinformatique des cnvs des données de séquençage de nouvelle génération de faib,1,512500.0,1.0,69.2
Germany,Germany,IT / software / cyber,48000000,subscription checkmk cloud edition + support,1,624000.0,1.0,69.2
Germany,Germany,IT / software / cyber,72000000,personalsoftware,1,1163075.0,1.0,69.2
Germany,Germany,IT / software / cyber,34970000,anmietung einer semistationären geschwindigkeitsmessanlage,1,784043.0,1.0,69.2
Ireland,Ireland,IT / software / cyber,35120000.0,"request for tenders for the provison of non-invasive signs of life technology with associated software and services, for",1,500000.0,1.0,69.2
Germany,Germany,IT / software / cyber,48000000,verlängerung microsoft lizenzen,1,787339.77,0.5,69.2
United Kingdom,United Kingdom,IT / software / cyber,48000000,gis software,1,1204557.355,1.0,69.2
Germany,Germany,IT / software / cyber,48611000,software für vertragsmanagement und qualitätsprüfungen pflege (<n>/ve/<n>),1,1400025.0,1.0,69.2
Germany,Germany,IT / software / cyber,72260000,lizenzen und support für einen sync and share-dienst für die hessischen hochschulen sowie hmwk,1,1602000.0,1.0,69.2
United Kingdom,United Kingdom,IT / software / cyber,50334400,provision of a replacement integrated communication control system and mobilising solution,1,1931000.0,1.0,69.2
Germany,Germany,IT / software / cyber,48000000,überlassung von atlassian lizenzen,1,835000.0,1.0,69.2
Germany,Germany,IT / software / cyber,72000000,rv unterstützungsleistungen betrieb,1,1947550.0,1.0,69.2
Ireland,Ireland,IT / software / cyber,31170000.0,ucdopp<n> <n>kv medium voltage network maintenance,1,1245000.0,1.0,69.2
Ireland,Ireland,IT / software / cyber,48000000.0,new and renewal of eset security licences,1,600000.0,1.0,69.2
United Kingdom,United Kingdom,IT / software / cyber,72000000,executive cpo licences,1,625042.0,1.0,69.2
Quebec,Canada - Quebec,IT / software / cyber,81112300,maintenance (mises à jour) et assistance technique d’équipements réseau et de logiciels du manufacturier cisco pour le m,1,1427132.76,1.0,69.2
Germany,Germany,IT / software / cyber,72000000,technische implementierung iam netiq,1,1289825.0,1.0,69.2
Germany,Germany,IT / software / cyber,48000000,ap <n>.<n> sw,1,1381784.5,1.0,69.2
United Kingdom,United Kingdom,IT / software / cyber,48517000,research business management platform,1,1413913.95,1.0,69.2
Germany,Germany,IT / software / cyber,30233100,network attached storage cluster,1,650579.0,1.0,69.2
Germany,Germany,IT / software / cyber,48000000,anschaffung einer ctms (clinical trial management system) software,1,530858.75,1.0,69.2
United Kingdom,United Kingdom,Consulting / research / audit,NO_CODE,statutory examination services <n>+,1,23032000.0,3.0,69.18
United Kingdom,United Kingdom,Consulting / research / audit,71314000,ch<n> - consultancy services for healthy homes ealing services,1,3022914.0,2.0,69.18
Ireland,Ireland,Consulting / research / audit,71311200.0,"provision of contract management, it and other resources",1,3774671.0,3.0,69.18
United Kingdom,United Kingdom,Consulting / research / audit,NO_CODE,nepro x innovation,1,20000000000.0,2.0,69.18
United Kingdom,United Kingdom,Consulting / research / audit,73000000,"national survey for wales, <n>-<n> to <n>/<n>",1,12487477.0,3.0,69.18
Quebec,Canada - Quebec,Consulting / research / audit,81100000,"services professionnels en contrôle des matériaux, études géotechniques et caractérisations environnementales",1,2477968.28,3.0,69.18
Ireland,Ireland,Consulting / research / audit,73000000.0,the provision of children and young people's participation support services to dcediy,1,7496145.0,3.0,69.18
United Kingdom,United Kingdom,Consulting / research / audit,71314300,financial administration and management of scottish government heat and energy efficiency grant and loan schemes,1,61500000.0,2.0,69.18
Quebec,Canada - Quebec,Consulting / research / audit,77000000,service professionnels pour la réalisation d'études de suivi de la qualité de l'eau souterraine,1,2705604.105,3.0,69.18
United Kingdom,United Kingdom,Consulting / research / audit,NO_CODE,supply chain consultancy framework,1,6415643.4,3.0,69.18
United Kingdom,United Kingdom,Consulting / research / audit,71241000,farm advisory service one to many & one to one,1,10645283.0,2.0,69.18
Ireland,Ireland,Consulting / research / audit,72220000.0,<n>pr<n> request for tenders (rft) for the provision of technology and data consultancy services to the national treasur,1,3613000.0,3.0,69.18
United Kingdom,United Kingdom,Consulting / research / audit,03325000,"ec<n> research models, re-derivation, revitalisation & related services & goods",1,2600000.0,3.0,69.18
Quebec,Canada - Quebec,Consulting / research / audit,81101514,"services professionnels en laboratoire pour la réalisation d’études, de contrôles et essais dans le domaine des sols, de",1,12203478.56,2.0,69.18
Quebec,Canada - Quebec,Consulting / research / audit,80100000,services-conseils et accompagnement en agilité,1,2426901.4,3.0,69.18
Germany,Germany,Consulting / research / audit,45221250,ve <n>-<n> lüftungstrasse süd,1,8294393.98,3.0,69.18
Ireland,Ireland,Consulting / research / audit,70000000.0,cft <n> – single party framework agreement for the provision of property advisory and valuation services for south dubli,1,4000000.0,2.0,69.18
Ireland,Ireland,Consulting / research / audit,79300000.0,cp/<n>/<n> consumer planning and strategic insights partner,1,5000000.0,3.0,69.18
United Kingdom,United Kingdom,Consulting / research / audit,73000000,con_<n> - delivery partner support contract (early years and wraparound childcare),1,6814923.0,2.0,69.18
Quebec,Canada - Quebec,Consulting / research / audit,81100000,services professionnels d’ingénieurs-conseils - remise à ciel ouvert du ruisseau wabassee - zone a,1,4742718.75,2.0,69.18
United Kingdom,United Kingdom,Consulting / research / audit,79212100,provison of financial audit services,1,2105043.0,3.0,69.18
United Kingdom,United Kingdom,Consulting / research / audit,79418000,national framework agreement for tail end management,1,15000000.0,3.0,69.18
Ireland,Ireland,Consulting / research / audit,72220000.0,provision of project reporting system (prs) support and development,1,2700000.0,3.0,69.18
United Kingdom,United Kingdom,Consulting / research / audit,71311200,south yorkshire strategic transport model <n> (systm<n>),1,4700000.0,2.0,69.18
Quebec,Canada - Quebec,Consulting / research / audit,81102000,réalisation d’études et de travaux visant à réduire les impacts et les risques dans une perspective de restauration de l,1,2545000.0,2.0,69.18
United Kingdom,United Kingdom,Consulting / research / audit,71600000,procurement of laboratory testing services for the suffolk coastal port health authority,1,5527122.35,3.0,69.18
United Kingdom,United Kingdom,Consulting / research / audit,73000000,ukri-<n> metascience: using research to transform science,1,3000000.0,2.0,69.18
United Kingdom,United Kingdom,Consulting / research / audit,79212000,civil aviation authority (caa) external audit services,1,2225000.0,3.0,69.18
United Kingdom,United Kingdom,Consulting / research / audit,75100000,health and care research funding scheme management,1,2211080.0,2.0,69.18
United Kingdom,United Kingdom,Consulting / research / audit,NO_CODE,national security science and research (nssr) successor contract,1,16000000.0,3.0,69.18
United Kingdom,United Kingdom,Consulting / research / audit,NO_CODE,procurement services,1,7700000.0,3.0,69.18
Ireland,Ireland,Consulting / research / audit,44163112.0,"ucdopp<n> drainage systems asset management, service and surveying to university college dublin",1,2100000.0,3.0,69.18
United Kingdom,United Kingdom,Consulting / research / audit,33100000,"qub/<n>/<n> contract for supply, delivery, installation, commissioning, maintenance and consumables for spatial transcri",1,2500000.0,2.0,69.18
Ireland,Ireland,Consulting / research / audit,72224000.0,request for tenders for the operation of tfi smarter travel programme and smarter travel mark,1,2288000.0,2.0,69.18
United Kingdom,United Kingdom,Consulting / research / audit,NO_CODE,<n> relocation of temporary buildings (including associated site works and services installations),1,4000000.0,3.0,69.18
United Kingdom,United Kingdom,Consulting / research / audit,79100000,legal consultancy services,1,2700000.0,2.0,69.18
Quebec,Canada - Quebec,Consulting / research / audit,81100000,"services professionnels - prestation de services de génie-conseil, travaux d’infrastructures municipales",1,13737960.33,2.0,69.18
United Kingdom,United Kingdom,Consulting / research / audit,79400000,management and commercialisation of intellectual property and related advice,1,9568476.0,3.0,69.18
United Kingdom,United Kingdom,Consulting / research / audit,NO_CODE,total body pet ct scanner,1,6500000.0,2.0,69.18
Germany,Germany,Consulting / research / audit,72200000,landeshauptstadt münchen: sap-spotconsulting für sap-business-applikation hcm,1,3340000.0,2.0,69.18
United Kingdom,United Kingdom,Consulting / research / audit,NO_CODE,lseat catering tender,1,5492092.0,3.0,69.18
Quebec,Canada - Quebec,Consulting / research / audit,80100000,<n>-s contrat de services pour les visites d’un conseiller en efficacité énergétique du programme éconologis pour les zo,1,2010269.1,3.0,69.18
United Kingdom,United Kingdom,Consulting / research / audit,79418000,sustainability and procurement shared services,1,10000000.0,3.0,69.18
Ireland,Ireland,Consulting / research / audit,79100000.0,provision of legal advisory services in support of decc’s digital connectivity office,1,2911200.0,3.0,69.18
Germany,Germany,Consulting / research / audit,71541000,bauherrenprojektmanagement im bereich technische ausrüstung und inbetriebnahmemanagement,1,30739940.0,3.0,69.18
United Kingdom,United Kingdom,Consulting / research / audit,79400000,department for business and trade- business support service (tendered as ‘business information service <n>’),1,7500000.0,2.0,69.18
Quebec,Canada - Quebec,Consulting / research / audit,81100000,"contrat ouvert de trois (<n>) ans pour des services d’évaluations environnementales, d’études géotechniques et de contrô",1,2529450.0,2.0,69.18
United Kingdom,United Kingdom,Consulting / research / audit,66131100,external audit services,1,2000000.0,3.0,69.18
United Kingdom,United Kingdom,Consulting / research / audit,63000000,ukri-<n> bas gateway agency in punta arenas,1,5500000.0,3.0,69.18
United Kingdom,United Kingdom,Consulting / research / audit,73200000,contract for the modelling of ambient air quality (maaq),1,6700000.0,2.0,69.18
United Kingdom,United Kingdom,Consulting / research / audit,NO_CODE,highways and transport services framework contract <n> lot<n> only,1,82500000.0,3.0,69.18
United Kingdom,United Kingdom,Consulting / research / audit,80400000,kinship carer training,1,2924771.02,3.0,69.18
United Kingdom,United Kingdom,Consulting / research / audit,34922100,road markings and associated services,1,13600000.0,3.0,69.18
United Kingdom,United Kingdom,Consulting / research / audit,NO_CODE,pa<n> - dstl shuttle service,1,2923221.51,3.0,69.18
United Kingdom,United Kingdom,Consulting / research / audit,77314000,contract for estate services and landscape maintenance,1,5400000.0,2.0,69.18
United Kingdom,United Kingdom,Consulting / research / audit,NO_CODE,"ukri-<n> nerc research vessels refit, upgrade and maintenance services",1,9000000.0,3.0,69.18
United Kingdom,United Kingdom,Consulting / research / audit,79212000,external auditor services,1,3350000.0,2.0,69.18
United Kingdom,United Kingdom,Consulting / research / audit,80000000,the royal society journals read & publish <n>,1,810000.0,1.0,69.1
United Kingdom,United Kingdom,Consulting / research / audit,71314300,heat and energy team consultancy,1,1000000.0,1.0,69.1
United Kingdom,United Kingdom,Consulting / research / audit,39173000,ukri-<n> dune anode plane assembly (apa) shipping frames (asfs),1,664845.65,1.0,69.1
United Kingdom,United Kingdom,Web / digital,NO_CODE,grounds maintenance,1,1050000.0,5.0,69.1
United Kingdom,United Kingdom,Consulting / research / audit,71314300,energy service delivery plan year <n>,1,1666265.0,1.0,69.1
United Kingdom,United Kingdom,Web / digital,NO_CODE,drive project for cambridgeshire and peterborough,1,1129074.97,4.0,69.1
Quebec,Canada - Quebec,Consulting / research / audit,80111503,services de négociation liés à la rémunération et services-conseils en matière de régime de négociation,1,1786200.0,1.0,69.1
United Kingdom,United Kingdom,Consulting / research / audit,80300000,academic feedback support for students,1,1451250.0,1.0,69.1
United Kingdom,United Kingdom,Consulting / research / audit,60000000,consultancy services for specialist support services in delivering send transportation,1,630000.0,1.0,69.1
United Kingdom,United Kingdom,Consulting / research / audit,80000000,springer nature lecture notes <n>-<n>,1,1200000.0,1.0,69.1
United Kingdom,United Kingdom,Consulting / research / audit,66171000,experian renewal,1,525106.8,1.0,69.1
United Kingdom,United Kingdom,Consulting / research / audit,42997300,ukaea - raico - procurement of spot quadruped robots,1,841383.5,1.0,69.1
United Kingdom,United Kingdom,Consulting / research / audit,73410000,project ventus,1,650000.0,1.0,69.1
United Kingdom,United Kingdom,Consulting / research / audit,79411000,ngh epr delivery partner,1,738000.0,1.0,69.1
United Kingdom,United Kingdom,Web / digital,NO_CODE,mc<n> winter maintenance - snow and ice clearance,1,1400000.0,5.0,69.1
United Kingdom,United Kingdom,Consulting / research / audit,73200000,a multi-drug resistant pathogen reference strain and clinical isolate collection,1,695718.0,1.0,69.1
United Kingdom,United Kingdom,Consulting / research / audit,79111000,legal due diligence advisory services,1,1120000.0,1.0,69.1
United Kingdom,United Kingdom,Consulting / research / audit,66171000,aa-<n>-<n>-tw financial and workforce efficiency delivery programmes,1,966750.0,1.0,69.1
United Kingdom,United Kingdom,Consulting / research / audit,73000000,biodiversity target delivery spatial modelling formerly mapping land use rqmts,1,643084.34,1.0,69.1
United Kingdom,United Kingdom,Consulting / research / audit,38512200,elyra <n>,1,795179.03,1.0,69.1
United Kingdom,United Kingdom,Consulting / research / audit,09000000,ukri-<n> bas f<n> aviation fuel,1,700056.0,1.0,69.1
United Kingdom,United Kingdom,Consulting / research / audit,71315000,ml<n>/<n> - fire risk assessment and consultancy,1,931301.4,1.0,69.1
Germany,Germany,Consulting / research / audit,50000000,"aufbau, betrieb, wartung und kalibrierung der prüfstände des gesamtemissionskonzepts im labor für fahrzeugantriebe",1,1100000.0,1.0,69.1
United Kingdom,United Kingdom,Consulting / research / audit,72600000,dms application support and maintenance,1,589437.0,1.0,69.1
United Kingdom,United Kingdom,Web / digital,NO_CODE,pedagogic scholarship scheme (gpeds),1,668647.0,4.0,69.1
United Kingdom,United Kingdom,Consulting / research / audit,85121270,anxiety and depression in young people research clinic,1,676792.0,1.0,69.1
Germany,Germany,Web / digital,34430000,rahmenvereinbarung zu beschaffung von dienstfahrrädern nach dem tv-fahrradleasing,1,721190.09,5.0,69.1
United Kingdom,United Kingdom,Consulting / research / audit,15000000,ukri-<n> bas food supply to research stations and ship <n>,1,1524070.41,1.0,69.1
United Kingdom,United Kingdom,Consulting / research / audit,72220000,sits development project,1,1800000.0,1.0,69.1
United Kingdom,United Kingdom,Consulting / research / audit,72150000,provision of single data centre of excellence,1,1240000.0,1.0,69.1
United Kingdom,United Kingdom,Consulting / research / audit,73000000,vcma project - warm homes: better health,1,558765.0,1.0,69.1
United Kingdom,United Kingdom,Consulting / research / audit,73210000,provision of science and technology support,1,1000000.0,1.0,69.1
United Kingdom,United Kingdom,Web / digital,70331000,"aids & adaptions, drainage and locksmith services",1,527782.0,4.0,69.1
United Kingdom,United Kingdom,Consulting / research / audit,71314300,energy consultancy,1,576000.0,1.0,69.1
United Kingdom,United Kingdom,Consulting / research / audit,79111000,gbn legal advisor (<n>),1,1000000.0,1.0,69.1
United Kingdom,United Kingdom,Consulting / research / audit,71621000,minerva programme fm asset mgmt & property technology continued support,1,875000.0,1.0,69.1
Germany,Germany,Consulting / research / audit,72260000,ti-gateway-anbindung,1,720000.0,1.0,69.1
United Kingdom,United Kingdom,Consulting / research / audit,85141220,"hcc sept <n> - community dementia support, admiral nurses",1,1900000.0,1.0,69.1
United Kingdom,United Kingdom,Web / digital,NO_CODE,imo lighting and bms upgrades <n>,1,646973.95,5.0,69.1
United Kingdom,United Kingdom,Consulting / research / audit,80000000,ukri-<n> inspiring communities and young people nationwide to celebrate uk science,1,1037787.0,1.0,69.1
United Kingdom,United Kingdom,Web / digital,NO_CODE,ddat<n> - auto-classification tool - rfp,1,1264533.0,4.0,69.1
United Kingdom,United Kingdom,Consulting / research / audit,79111000,sac legal support,1,1187500.0,1.0,69.1
Germany,Germany,Web / digital,72000000,zentraler <n>st-level-support für das verfahren „<n>:<n> ausstattung mit digitalen endgeräten“,1,1209600.0,4.0,69.1
United Kingdom,United Kingdom,Consulting / research / audit,73110000,idps data collection and outcomes surveillance service,1,1050000.0,1.0,69.1
Quebec,Canada - Quebec,Consulting / research / audit,94133100,accorder un soutien financier de <n> <n> <n> $ à l'organisme conseil du sport de montréal,1,1065000.0,1.0,69.1
United Kingdom,United Kingdom,Consulting / research / audit,79410000,ukri-<n> healthy ageing catalyst award follow on fund (round <n>),1,732400.0,1.0,69.1
United Kingdom,United Kingdom,Consulting / research / audit,73110000,awarded contract - wastewater sampling machines,1,1900000.0,1.0,69.1
United Kingdom,United Kingdom,Consulting / research / audit,73111000,outsourcing of genetic testing,1,660000.0,1.0,69.1
United Kingdom,United Kingdom,Consulting / research / audit,79411000,group corporate services strategic transformation partner,1,1152412.28,1.0,69.1
United Kingdom,United Kingdom,Consulting / research / audit,73110000,dhsc:gh: health behaviour in school-aged children (hbsc) england research study,1,684576.79,1.0,69.1
United Kingdom,United Kingdom,Consulting / research / audit,72224000,consultancy work for england,1,554000.0,1.0,69.1
United Kingdom,United Kingdom,Consulting / research / audit,38000000,ukri-<n> multi-layer dieletric crating customer-supplied ule substrate,1,558040.0,1.0,69.1
Quebec,Canada - Quebec,Consulting / research / audit,80111503,services-conseils en relations de travail dans le cadre des négociations avec les médecins,1,534950.0,1.0,69.1
United Kingdom,United Kingdom,Consulting / research / audit,72220000,charm traffic management service portfolio,1,603000.0,1.0,69.1
Germany,Germany,Consulting / research / audit,72261000,microsoft unified support,1,1079969.64,1.0,69.1
United Kingdom,United Kingdom,Consulting / research / audit,09131100,ukri-<n> bas aviation fuel for rrs sir david attenborough,1,552378.0,1.0,69.1
United Kingdom,United Kingdom,Web / digital,85000000,anti - coagulation services,1,531700.0,4.0,69.1
United Kingdom,United Kingdom,Web / digital,NO_CODE,cbc-<n>-t-ts catering services - shefford lower school,1,745118.2,5.0,69.1
United Kingdom,United Kingdom,Web / digital,39173000,"the supply, installation, management and maintenance of on street secure cycle parking",1,500000.0,4.0,69.1
Quebec,Canada - Quebec,Consulting / research / audit,NO_CODE,services-conseils spécialisés en développement économique pour la région de québec et son rayonnement national et intern,1,517387.5,1.0,69.1
United Kingdom,United Kingdom,Consulting / research / audit,79418000,call of against ccs rm<n> lot <n> – procurement and supply chain,1,550000.0,1.0,69.1
United Kingdom,United Kingdom,Consulting / research / audit,79414000,sda pdsf support can,1,597600.0,1.0,69.1
United Kingdom,United Kingdom,Consulting / research / audit,90700000,the people and nature surveys,1,1493206.68,1.0,69.1
United Kingdom,United Kingdom,Consulting / research / audit,45262660,asbestos survey and asbestos removal works at woodchurch leisure centre - phase <n>,1,641434.5,1.0,69.1
United Kingdom,United Kingdom,Consulting / research / audit,80510000,nca<n> strategic leadership in research training programmes,1,785180.0,1.0,69.1
United Kingdom,United Kingdom,Consulting / research / audit,85141220,community infection prevention and control (cipc) service,1,1088440.0,1.0,69.1
United Kingdom,United Kingdom,Consulting / research / audit,71326000,building safety consultants-ancillary services,1,1263800.0,1.0,69.1
Quebec,Canada - Quebec,Consulting / research / audit,81110000,service de soutien et conseils pour les produits microsoft,1,1463514.66,1.0,69.1
United Kingdom,United Kingdom,Consulting / research / audit,79410000,tasc<n> adult social care transformation - delivery partner,1,999975.0,1.0,69.1
Quebec,Canada - Quebec,Consulting / research / audit,NO_CODE,services-conseils en développement économique,1,517387.5,1.0,69.1
United Kingdom,United Kingdom,Consulting / research / audit,79111000,legal advice,1,1000000.0,1.0,69.1
United Kingdom,United Kingdom,Consulting / research / audit,80000000,oup evidence based acquisition <n>-<n>,1,1436040.0,1.0,69.1
United Kingdom,United Kingdom,Consulting / research / audit,71621000,minerva programme – wp<n> - building information management (bim) & property data,1,997000.0,1.0,69.1
United Kingdom,United Kingdom,Web / digital,NO_CODE,pp-<n> brunel academies trust cleaning services,1,1282140.74,4.0,69.1
Germany,Germany,Consulting / research / audit,60400000,invitation to tender - inter- and intracontinental flights nmiii,1,1483000.0,1.0,69.1
United Kingdom,United Kingdom,Web / digital,NO_CODE,pp-<n> parkfield primary school catering,1,704375.98,4.0,69.1
Germany,Germany,Web / digital,71300000,"kontrolle und prüfung generalübernehmer biberach c. west, adk c. nord, zak c.<n>, ostrach <n>, fds c.<n>",1,600000.0,4.0,69.1
United Kingdom,United Kingdom,Consulting / research / audit,72130000,<n>.<n>,1,510330.0,1.0,69.1
Quebec,Canada - Quebec,Consulting / research / audit,NO_CODE,entente de services-conseils pour le programme de suivi de la qualité et de la quantité de l'eau du haut-bassin versant ,1,746998.05,1.0,69.1
United Kingdom,United Kingdom,Consulting / research / audit,38430000,supply of hardware as part of the ou spaceflight instrument and planetary science research,1,1100000.0,1.0,69.1
United Kingdom,United Kingdom,Consulting / research / audit,09132000,ukri-<n> bas fuel uplift for halley station,1,507259.0,1.0,69.1
Quebec,Canada - Quebec,Consulting / research / audit,80101507,abonnement à un service de recherche et de conseils stratégiques en ti,1,990252.0,1.0,69.1
United Kingdom,United Kingdom,Web / digital,85000000,children’s home care provision (accommodation based residential care for young people),1,1272615.0,4.0,69.1
United Kingdom,United Kingdom,Consulting / research / audit,73210000,natural england bat advice service,1,513940.6,1.0,69.1
United Kingdom,United Kingdom,Consulting / research / audit,73000000,relativity official deployment,1,630955.0,1.0,69.1
United Kingdom,United Kingdom,Language / transcription,92310000,sbc<n> stevenage arts and heritage trail,1,800000.0,4.0,69.1
United Kingdom,United Kingdom,Consulting / research / audit,38433000,iot em<n>/sun series spectrometers,1,517965.44,1.0,69.1
United Kingdom,United Kingdom,Consulting / research / audit,73210000,biological control of invasive non-native riparian weeds,1,600000.0,1.0,69.1
United Kingdom,United Kingdom,Consulting / research / audit,73000000,plasma modelling,1,560000.0,1.0,69.1
United Kingdom,United Kingdom,Web / digital,45453100,imo lighting & bms <n>,1,570398.47,4.0,69.1
United Kingdom,United Kingdom,Consulting / research / audit,80000000,standard and poors (s&p) global market intelligence <n>-<n>,1,1251019.0,1.0,69.1
Quebec,Canada - Quebec,Consulting / research / audit,81111805,services de support et de conseil microsoft,1,509153.6,1.0,69.1
United Kingdom,United Kingdom,Consulting / research / audit,79417000,ccct/<n> provision of support for ome safety review panel (osrp),1,600000.0,1.0,69.1
United Kingdom,United Kingdom,Consulting / research / audit,72221000,ltc-investible business and transformation management office,1,1343880.0,1.0,69.1
United Kingdom,United Kingdom,Consulting / research / audit,85121270,off centre <n>-<n> talking therapies,1,1291327.0,1.0,69.1
United Kingdom,United Kingdom,Web / digital,NO_CODE,bth<n>-<n> digital by default patient experience portal and hybrid mail,1,1695913.0,4.0,69.1
United Kingdom,United Kingdom,Consulting / research / audit,79400000,sap programme resource support,1,1064574.88,1.0,69.1
United Kingdom,United Kingdom,Consulting / research / audit,72224000,consultancy work for scotland,1,1445950.0,1.0,69.1
Quebec,Canada - Quebec,Consulting / research / audit,43210000,acquisition d’équipements didactiques ainsi que les licences associées pour de la formation aux automates programmables ,1,889025.93,1.0,69.1
United Kingdom,United Kingdom,Consulting / research / audit,72600000,provision of single data centre of excellence,1,1240000.0,1.0,69.1
United Kingdom,United Kingdom,Consulting / research / audit,80000000,wolters kluwer read and publish <n>,1,1700000.0,1.0,69.1
United Kingdom,United Kingdom,Consulting / research / audit,73220000,,1,833245.0,1.0,69.1
Quebec,Canada - Quebec,Consulting / research / audit,80111503,services-conseils en relations de travail - soutien à la négociation,1,529750.0,1.0,69.1
United Kingdom,United Kingdom,Consulting / research / audit,72150000,ukri-<n> - devsecops review,1,798257.0,1.0,69.1
United Kingdom,United Kingdom,Consulting / research / audit,48820000,<n>/it/ln/<n> research data storage- net app extension,1,655061.29,1.0,69.1
United Kingdom,United Kingdom,Consulting / research / audit,70330000,property management services,1,1000000.0,1.0,69.1
Quebec,Canada - Quebec,Consulting / research / audit,80100000,abonnement gartner pour des services-conseils et des services professionnels spécialisés,1,772838.96,1.0,69.1
Quebec,Canada - Quebec,Consulting / research / audit,80111500,consulting services agreement/contrat de consultation,1,556271.01,1.0,69.1
Quebec,Canada - Quebec,Consulting / research / audit,80100000,"services d'experts-conseils en travaux après incendie, en gestion et assainissement systèmes de cvca et d'évacuation",1,655479.24,1.0,69.1
United Kingdom,United Kingdom,Consulting / research / audit,79400000,cype and asch delivery partner,1,1750840.0,1.0,69.1
United Kingdom,United Kingdom,Web / digital,09240000,"the supply of lubricants for bus, rail and support vehicles - ref: p-<n>",1,1737666.24,4.0,69.1
Ireland,Ireland,Document / data processing,60100000.0,rft for the provision of scanning services and records management for tailte éireann,1,20000000.0,4.0,69.04
United Kingdom,United Kingdom,Document / data processing,79993000,facilities management at the engine house swindon,1,2989289.35,5.0,69.04
United Kingdom,United Kingdom,Document / data processing,NO_CODE,provision of off site storage and records management,1,4000000.0,4.0,69.04
United Kingdom,United Kingdom,Document / data processing,NO_CODE,norfolk coroner postmortem ct scanning service,1,20000000.0,4.0,69.04
United Kingdom,United Kingdom,Document / data processing,90910000,building cleaning services,1,4000000.0,5.0,69.04
Ireland,Ireland,Document / data processing,3100000.0,"supply and delivery of diy artificial insemination, practical animal ultrasound scanning with and without the use of art",1,6137000.0,4.0,69.04
Germany,Germany,IT / software / cyber,48000000,"atlassian-lizenzen, eca-<n>-<n>",2,5500000.0,2.0,68.98
Quebec,Canada - Quebec,Document / data processing,80161506,services professionnels pour le traitement des fonds d’archives des ex-villes,1,214888.28,1.0,68.96
Germany,Germany,Document / data processing,38510000,konfokales laserscanning mikroskop,1,269027.21,1.0,68.96
Germany,Germany,Document / data processing,30200000,beschaffung einer e-mail-virus-scanning-lösung für einen kunden in der hessischen landesverwaltung,1,407000.0,1.0,68.96
Germany,Germany,Document / data processing,92512000,digitalisierung von amtsbüchern und akten des <n>. und <n>. jahrhunderts,1,267174.0,1.0,68.96
Ireland,Ireland,Document / data processing,3100000.0,the supply and delivery of diy artificial insemination (ai) and/or applied practical animal ultrasound scanning training,1,428000.0,1.0,68.96
Ireland,Ireland,Document / data processing,92500000.0,request for tenders for the provision of archival cataloguing and physical arrangement of historical records for the mil,1,207029.5,1.0,68.96
Germany,Germany,Document / data processing,38510000,"lieferung, installation und einweisung von einem laserscanningmikroskop",1,478886.0,1.0,68.96
Quebec,Canada - Quebec,Document / data processing,24102100,acquisition d’un systeme de rangement mobile et d’etageres fixes pour le rangement d’archives,1,160585.0,1.0,68.96
Ireland,Ireland,Document / data processing,38000000.0,"la<n>c - ucc - cft - open (national) procedure for the supply, delivery, installation, commissioning and calibration of ",1,130000.0,1.0,68.96
Quebec,Canada - Quebec,Document / data processing,41102600,acquisition d’un numériseur de lames pour la pathologie clinique,1,149339.38,1.0,68.96
United Kingdom,United Kingdom,Document / data processing,38000000,high density fnirs system,1,230117.4,1.0,68.96
United Kingdom,United Kingdom,Document / data processing,38520000,nss<n> ibml scanner,1,174000.0,1.0,68.96
Quebec,Canada - Quebec,Document / data processing,41000000,low vacuum tabletop scanning electron microscope with energy dispersive x-ray spectrometer,1,189000.0,1.0,68.96
United Kingdom,United Kingdom,Document / data processing,92500000,conservation services contract,1,186560.0,1.0,68.96
United Kingdom,United Kingdom,Document / data processing,63120000,sample archive storage,1,420000.0,1.0,68.96
United Kingdom,United Kingdom,Document / data processing,38000000,purchase of differential scanning fluorimeter,1,320000.0,1.0,68.96
TED,PL,Web / digital,NO_CODE,"utrzymanie i rozwój aplikacji i mikroserwisów w portalu eusług miasta (epodatki, epłatności, earchiwum, eodpady, efaktur",2,1241175.0,1.0,68.9
TED,FIN,Web / digital,NO_CODE,museolaatuiset suojalaatikot museoesineille,2,500000.0,0.5,68.9
TED,HRV,Web / digital,NO_CODE,"izrada i isporuka stručnih časopisa i literature instituta za javne financije, pružanje usluga održavanja i ažuriranja p",2,1115903.19,0.0,68.9
TED,PL,Web / digital,NO_CODE,dostawa i wdrożenie systemu automatyzacji zasilania (saz) danymi pzgik dla geoportalu województwa kujawsko-pomorskiego w,2,1225000.0,1.0,68.9
TED,ES,Web / digital,NO_CODE,"contratación da prestación do servizo de xestión e atención ao público da oficina municipal de turismo, das salas museís",1,555000.0,1.0,68.9
TED,ESP,Web / digital,NO_CODE,"mantenimiento, actualización y dinamización del portal de turismo de euskadi y de las redes sociales asociadas al mismo.",1,652066.11,0.0,68.9
TED,SVK,Web / digital,NO_CODE,inovácia systému seod pre se-ebo,1,939000.0,1.0,68.9
TED,PRT,Web / digital,NO_CODE,cavilhas de transporte ósseo,1,580304.0,1.0,68.9
TED,ESP,Web / digital,NO_CODE,"renovación de las licencias , evolución y soporte especializado de la historia clínica electrónica de la atención especi",1,1954104.96,1.0,68.9
TED,ESP,Web / digital,NO_CODE,emergencia de los trabajos de asistencia técnica y seguridad y salud necesarias par la reposición de elementos de seguri,1,700000.0,1.0,68.9
TED,ESP,Web / digital,NO_CODE,"suministro, mediante arrendamiento sin opción a compra, de módulos portátiles de aseos y vestuarios para el ayuntamiento",1,508494.0,1.0,68.9
TED,AUT,Web / digital,NO_CODE,promenade <n> - bautischlerarbeiten (möbel und portale),1,1500000.0,1.0,68.9
TED,ESP,Web / digital,NO_CODE,"servicios de redacción de proyecto básico, proyecto de ejecución y dirección facultativa y trabajos complementarios de l",1,1355200.0,1.0,68.9
TED,IT,Web / digital,NO_CODE,affidamento della gestione integrata dei servizi di biglietteria e portineria e pulizia dell’orto botanico e del museo p,1,924789.9,1.0,68.9
TED,ESP,Web / digital,NO_CODE,servicio de gestor naval de las embarcaciones profesionales de la flota del consorcio reales atarazanas y museo marítimo,1,1154780.0,1.0,68.9
TED,ESP,Web / digital,NO_CODE,servicios de arqueología de las obras del proyecto ejecutivo de renovación y mejora de las redes de servicios de la vía ,1,617189.3,1.0,68.9
TED,PL,Web / digital,NO_CODE,dostawa aim portal wraz z opieką techniczną,1,796431.43,1.0,68.9
TED,ES,Web / digital,NO_CODE,servicio de mantenimiento e incorporación de contenidos a los portales web municipales y de turismo dentro del ámbito de,1,1000000.0,1.0,68.9
TED,ESP,Web / digital,NO_CODE,"suministro en régimen de alquiler, instalación, mantenimiento y desmontaje de casetas modulares para aseos en las operac",1,525139.68,1.0,68.9
TED,ROU,Web / digital,NO_CODE,"extinderea actualului sistem de automatizare fluxuri de lucru digitale aflat în dezvoltare, interfațare cu portalul pmt ",1,1627569.87,1.0,68.9
TED,ESP,Web / digital,NO_CODE,"redacción de proyecto básico, proyecto de ejecución, dirección facultativa y trabajos complementarios, para la construcc",1,895763.0,1.0,68.9
TED,EST,Web / digital,NO_CODE,viljandi haigla andmesidevõrguga seotud konsultatsiooni- ja seadistamise teenused,1,500000.0,1.0,68.9
TED,ESP,Web / digital,NO_CODE,servicio de vigilancia y seguridad museo de sagunto e instalaciones en hort d'ais,1,836876.29,1.0,68.9
TED,CY,Web / digital,NO_CODE,τυπ<n>/<n>/δ/α-διαγωνισμός για την αναβάθμιση της υποδομής της διαδικτυακής πλατφόρμας dls portal του τμήματος κτηματολο,1,1095729.0,1.0,68.9
TED,ESP,Web / digital,NO_CODE,servicios para el desarrollo de portales web y de gestión documental de la dirección general de tráfico (direccion gener,1,586903.32,1.0,68.9
TED,ESP,Web / digital,NO_CODE,"contratación del suministro, transporte e instalación de elementos estructurales, mobiliario expositivo, elementos de de",1,582063.2,0.0,68.9
TED,SI,Web / digital,NO_CODE,storitve vzdrževanja vstopne točke in programskih knjižic on-line sistema ter portalov - ponovitev,1,834784.0,1.0,68.9
TED,GR,Web / digital,NO_CODE,δημιουργία πύλης ανοιχτών γεωεπιστημονικών δεδομένων (geoportal) με κωδ. οπσ: <n>,1,1698228.4,1.0,68.9
TED,ROU,Web / digital,NO_CODE,servicii de mentenanță evolutivă (adaptivă) pentru platforma dezvoltată în cadrul geoportalului mai,1,1000000.0,1.0,68.9
TED,ROU,Web / digital,NO_CODE,"servicii de asistență tehnică și mentenanță pentru sistemele informatice integrate hospital manager suite, portal medica",1,1410000.0,1.0,68.9
TED,ESP,Web / digital,NO_CODE,mantemento de zonas verdes. lote <n>. zona burgo e zona rural. lote <n>: zona paseo marítimo,1,526399.98,1.0,68.9
TED,ESP,Web / digital,NO_CODE,servicios de atención al público del museo de las ciencias de castilla-la mancha,1,1034800.0,0.0,68.9
TED,DNK,Web / digital,NO_CODE,højt specialiseret konsulentbistand til udvikling og integration af danmarks forskningsportal. (dataverz),1,750000.0,1.0,68.9
TED,ESP,Web / digital,NO_CODE,contrato del servicio de lavandería en las residencias de mayores del paseo de la cuba y de vasco núñez de balboa de alb,1,901864.03,1.0,68.9
TED,ESP,Web / digital,NO_CODE,suministro de energía eléctrica para el edificio morerías sito en paseo roma s/n de la localidad de mérida y adscrito a ,1,619834.71,1.0,68.9
TED,ESP,Web / digital,NO_CODE,servicio de estudio de muestreo intensivo de los principales contaminantes atmosféricos gaseosos que pueden provocar efe,1,574145.0,1.0,68.9
TED,ESP,Web / digital,NO_CODE,cabina de ducha: sistema tecnológico para el apoyo de aseo e higiene personal para favorecer la autonomía de personas co,1,1627060.0,1.0,68.9
TED,ESP,Web / digital,NO_CODE,"contrato basado en am-<n>-<n> para suministro de energia electrica para dependencias de la admon de la caex, sus organis",1,619834.71,1.0,68.9
TED,HRV,Web / digital,NO_CODE,sustav za evidenciju korisnika povlaštenog prijevoza (skraćeno seop) i sustava evidencije prava osoba s invaliditetom (s,1,612770.24,1.0,68.9
TED,FIN,Web / digital,NO_CODE,keskeytysilmoitus: vitriinijärjestelmä museoesineille,1,700000.0,0.0,68.9
TED,ESP,Web / digital,NO_CODE,"suministro de combustible de autobuses, locomotoras y museo del ferrocarril",1,1761189.915,1.0,68.9
TED,SI,Web / digital,NO_CODE,nadgradnja admt sistema (aim portal),1,799500.0,1.0,68.9
TED,EST,Web / digital,NO_CODE,töörõivaste üür ja sellega seonduvad teenused,1,1440000.0,1.0,68.9
TED,ESP,Web / digital,NO_CODE,desarrollo y soporte evolutivo de las aplicaciones de la subdirección de sistemas y medios operacionales bajo el framewo,1,683600.0,1.0,68.9
TED,ESP,Web / digital,NO_CODE,"subministrament de material fungible per a procediments de cirurgia d’endoscòpia raquídia biportal, amb cessió de l’equi",1,1026751.65,1.0,68.9
TED,ESP,Web / digital,NO_CODE,servicio de redacción del proyecto y dirección de obra para la rehabilitación arquitectónica y ampliación del recinto co,1,1742400.0,1.0,68.9
TED,ROU,Web / digital,NO_CODE,upgrade hardware geoportal,1,902586.7,1.0,68.9
TED,ESP,Web / digital,NO_CODE,"suministro, producción y montaje de los elementos constitutivos de la exposición permanente del museo nacional del teatr",1,509180.2,1.0,68.9
TED,ESP,Web / digital,NO_CODE,servicio de asistencia técnica para la revisión y actualización de la base de datos de ayudas e incentivos y el mantenim,1,623150.0,1.0,68.9
TED,AUT,Web / digital,NO_CODE,inserate in jobportalen,1,1350000.0,1.0,68.9
TED,SWE,Web / digital,NO_CODE,digital vårdportal och tillhörande uppföljningssystem.,1,500000.0,1.0,68.9
TED,ESP,Web / digital,NO_CODE,servicio de mantenimiento integral de los ascensores y elementos de traslación vertical de los edificios e instalaciones,1,842160.0,1.0,68.9
TED,ESP,Web / digital,NO_CODE,"contrato de limpieza de las instalaciones del museo de bellas artes de valencia, basado en el acuerdo marco <n>/<n> c se",1,608512.0,1.0,68.9
TED,ROU,Web / digital,NO_CODE,"servicii de suport tehnic asupra soluției existente la ora actuală în geoportalul inspire apia-madr, de dezvoltare de ap",1,640560.0,1.0,68.9
TED,SVN,Web / digital,NO_CODE,"nadgradnja, vzdrževanje in podpora portalu javnih naročil in portalu erevizija",1,715573.77,1.0,68.9
TED,ESP,Web / digital,NO_CODE,"servicio de alquiler de cabinas sanitarias, limpieza y vaciado de aseos no conectados a la red de alcantarillado del ayu",1,552787.6950000001,1.0,68.9
TED,ESP,Web / digital,NO_CODE,"servicio de seguridad y vigilancia del organismo autónomo de museos y centros del excmo. cabildo insular de tenerife, me",1,840449.86,1.0,68.9
TED,ESP,Web / digital,NO_CODE,contratación de los servicios de limpieza de las instalaciones del museo nacional thyssen-bornemisza.,1,515602.0,1.0,68.9
Germany,Germany,Web / digital,79400000,"wartung, betrieb, weiterentwicklung kundenportal",1,750000.0,1.0,68.9
TED,ESP,Web / digital,NO_CODE,contrato basado para el suministro de <n> portaliles con servicios de instalación por parte de la urv (bam-su<n>/<n>),1,545761.26,1.0,68.9
TED,SWE,Web / digital,NO_CODE,sk-ansökningsportal,1,620250.0,1.0,68.9
TED,ES,Web / digital,NO_CODE,servicio de manipulación y almacenamiento externo en el museo nacional centro de arte reina sofía.,1,727525.45,1.0,68.9
TED,ESP,Web / digital,NO_CODE,servicios de desarrollo de portales horizontales y administración electrónica en el ministerio de sanidad. (ministerio d,1,635288.05,1.0,68.9
TED,POL,Web / digital,NO_CODE,wykonanie oprogramowania umożliwiającego zaprojektowanie oraz wdrożenie dedykowanego dla ncbj portalu użytkownika oparte,1,1219512.19,0.0,68.9
TED,POL,Web / digital,NO_CODE,dostosowanie systemu pobyt do zmian wprowadzonych w eurodac oraz wykonanie zmian w module opiniowania zagrożeń systemu p,1,1222466.25,1.0,68.9
TED,CZE,Web / digital,NO_CODE,„rozvoj a technická podpora aplikace aseo“,1,1473750.0,1.0,68.9
TED,ESP,Document / data processing,NO_CODE,servicio consistente en la implementación de actuaciones de digitalización y metadatación masivas de documentación de va,1,2135112.91,0.0,68.84
United Kingdom,United Kingdom,Document / data processing,72512000,,1,127265533.4,1.0,68.84
TED,NOR,Document / data processing,NO_CODE,"procurement of service, alterations and moving of archive furnishing (qualification phase).",1,2385702.5,1.0,68.84
TED,SWE,Document / data processing,NO_CODE,upright confocal point-scanning microscope,1,3000000.0,1.0,68.84
TED,ROU,Document / data processing,NO_CODE,furnizare dotari- digitizare pentru consorțiul pentru învățământ dual „campus oradea”,1,3164600.0,1.0,68.84
TED,RO,Document / data processing,NO_CODE,"sistem informatic integrat de inregistrare si procesare a informatiilor receptionate, generate si transmise in cadrul fl",1,4784750.0,1.0,68.84
TED,NOR,Document / data processing,NO_CODE,scanning electron microscope with elemental analyser (sem/eds),1,6085478.0,1.0,68.84
TED,ROU,Document / data processing,NO_CODE,”platforma de digitizare” în cadrul proiectului „îmbunătățirea sistemelor informatice și a infrastructurii digitale a sp,1,3630036.08,1.0,68.84
TED,MD,Document / data processing,NO_CODE,scanning electron microscope (sem),1,3966665.0,1.0,68.84
TED,SE,Document / data processing,NO_CODE,confocal laser scanning microscope,1,4000000.0,1.0,68.84
TED,SWE,Document / data processing,NO_CODE,nanoprobe scanning auger microscope system,1,11000000.0,1.0,68.84
TED,SWE,Document / data processing,NO_CODE,systemstöd för tentascanning_rev,1,2500000.0,1.0,68.84
TED,SE,Document / data processing,NO_CODE,scanning electron microscope (sem),1,6000000.0,1.0,68.84
TED,NOR,Document / data processing,NO_CODE,procurement of a trade expert in the operation and further development of electronic case archives.,1,6520000.0,1.0,68.84
TED,SWE,Document / data processing,NO_CODE,systemstöd för tentamensscanning,1,2500000.0,0.0,68.84
TED,NO,Document / data processing,NO_CODE,(<n>) lvfesem (low vacuum field emission scanning electron microscope),1,5300000.0,1.0,68.84
TED,ROU,Document / data processing,NO_CODE,implementarea “la cheie” a platformei de digitizare în cadrul spitalului clinic de urgență pentru copii grigore alexandr,1,4821752.0,1.0,68.84
TED,SWE,Document / data processing,NO_CODE,advanced point-scanning inverted confocal microscope,1,6200000.0,1.0,68.84
TED,SWE,Document / data processing,NO_CODE,scanning transmission electron microscope (stem),1,54153000.0,1.0,68.84
TED,NO,Document / data processing,NO_CODE,case/archive system qualification phase,1,5000000.0,1.0,68.84
United Kingdom,United Kingdom,Training / education,80110000,cc<n> - early learning and childcare funded placements with private elc providers reopening of cc<n>,1,18146772.0,1.0,68.78
United Kingdom,United Kingdom,Training / education,98000000,the provision of a north yorkshire information and advice service,1,3373788.0,1.0,68.78
Ireland,Ireland,Training / education,80000000.0,the provision of a specialist level <n> special purpose award and continuing professional development (cpd) programme,1,8000000.0,1.0,68.78
United Kingdom,United Kingdom,Training / education,32343000,ukri-<n> a multi amplifier laser hilux project,1,2157030.0,1.0,68.78
United Kingdom,United Kingdom,Training / education,33140000,support of existing nhsbt owned multi-functional apheresis systems,1,5000000.0,1.0,68.78
Germany,Germany,Training / education,45311000,elektrotechnik,1,2245890.15,1.0,68.78
United Kingdom,United Kingdom,Training / education,NO_CODE,safety investigation and assurance training pipeline notice,1,2100000.0,1.0,68.78
United Kingdom,United Kingdom,Training / education,80000000,gmts finance specialism education provision,1,3024000.0,1.0,68.78
Ireland,Ireland,Training / education,80000000.0,rft for the provision of a postgraduate nfq level <n> aspiring leadership programme,1,3600000.0,1.0,68.78
United Kingdom,United Kingdom,Training / education,NO_CODE,dof – integr<n> programme – payroll administrative services (pas),1,45000000.0,1.0,68.78
Germany,Germany,Training / education,73200000,projektträgerschaft „internationales büro“,1,64042476.93,1.0,68.78
Germany,Germany,Training / education,73200000,"projektträgerschaft für das programm ""forschung für die zivile sicherheit""",1,30056107.79,1.0,68.78
United Kingdom,United Kingdom,Training / education,NO_CODE,homeless singles supported housing service,1,3597420.0,1.0,68.78
United Kingdom,United Kingdom,Training / education,90500000,kerbside collection and recycling service,1,25000000.0,1.0,68.78
Germany,Germany,Training / education,79571000,"abholung, beförderung und zustellung kundenmagazin",1,5128000.0,1.0,68.78
United Kingdom,United Kingdom,Training / education,85000000,preventative day services,1,2250000.0,1.0,68.78
United Kingdom,United Kingdom,Training / education,NO_CODE,the provision of infantry training centre (itc) functional skills and cultural awareness delivery,1,3881892.0,1.0,68.78
United Kingdom,United Kingdom,Training / education,NO_CODE,"west yorkshire victims referral, assessment and local support services",1,8400000.0,1.0,68.78
United Kingdom,United Kingdom,Training / education,85000000,tc<n> - adult integrated sexual and reproductive health service,1,7166000.0,1.0,68.78
Ireland,Ireland,Training / education,80320000.0,et<n> - provision of medical fitness to drive services,1,5000000.0,1.0,68.78
Germany,Germany,Training / education,30200000,lieferung und einbau eines gpu-clusters,1,3500000.0,1.0,68.78
United Kingdom,United Kingdom,Training / education,85000000,wirral information and advice service,1,6999925.2,1.0,68.78
Germany,Germany,Training / education,75130000,aktenerfassung inkl. aktentransport,1,2325000.0,1.0,68.78
United Kingdom,United Kingdom,Training / education,NO_CODE,pp-<n> tudor park education trust catering,1,2191809.78,1.0,68.78
Germany,Germany,Training / education,72000000,sharepoint dienstleistungen <n>,1,15870200.0,1.0,68.78
United Kingdom,United Kingdom,Training / education,35000000,explosives detection dogs (edd) training aids framework,1,4100000.0,1.0,68.78
United Kingdom,United Kingdom,Training / education,80000000,"c<n> - provision of a taught msc in psychological therapies in primary care, to meet the psychology workforce needs of t",1,2760000.0,1.0,68.78
United Kingdom,United Kingdom,Training / education,85323000,nhs sy icb - doncaster place - community therapy and support service - <n>,1,3134629.0,1.0,68.78
United Kingdom,United Kingdom,Training / education,85000000,independent sexual violence advisor (isva) for humberside,1,3400000.0,1.0,68.78
Germany,Germany,Training / education,80522000,fortbildungsmaßnahmen im bereich der bewegungsfördung für kindertageseinrichtungen in baden-württemberg für km bw,1,3595939.86,1.0,68.78
United Kingdom,United Kingdom,Training / education,85311300,independent children’s rights and advocacy services,1,7699999.0,1.0,68.78
Germany,Germany,Training / education,45315100,blb nrw münster / universität münster - ersatzneubau ig <n> / schwachstrom / fernmelde- und informationstechnische anlag,1,4648309.04,1.0,68.78
United Kingdom,United Kingdom,Training / education,NO_CODE,t<n> - collection and disposal of waste by skip and scrap metal recycling,1,4160000.0,1.0,68.78
Germany,Germany,Training / education,22000000,lieferung und bereitstellung von fachliteratur (fachinformationsdienste) für die svlfg,1,2015500.0,1.0,68.78
Quebec,Canada - Quebec,Training / education,72120000,montérégie / ca sainte-hyacinthe - travaux d'aménagement du boisé pour formation de monteurs,1,2601487.0,1.0,68.78
United Kingdom,United Kingdom,Training / education,80500000,national body for disabled facilities grants and home improvement agencies,1,2335882.85,1.0,68.78
United Kingdom,United Kingdom,Training / education,NO_CODE,provision of a mental health service to the mod,1,23120499.0,1.0,68.78
United Kingdom,United Kingdom,Training / education,85000000,provision of the <n>-<n> healthy child programme,1,35150000.0,1.0,68.78
United Kingdom,United Kingdom,Training / education,80000000,cs<n> portage service (home visiting send education service),1,3338441.0,1.0,68.78
United Kingdom,United Kingdom,Training / education,85000000,provision of <n>-<n> healthy child programme,1,35150000.0,1.0,68.78
United Kingdom,United Kingdom,Training / education,NO_CODE,"provision of polygraph training, quality control and equipment",1,8949578.0,1.0,68.78
United Kingdom,United Kingdom,Training / education,85144100,parkholme care home service in moray,1,4224870.0,1.0,68.78
United Kingdom,United Kingdom,Training / education,NO_CODE,appointment of zero emission vessels and infrastructure <n>: electric power (zevi) lead partner,1,12000000.0,1.0,68.78
Germany,Germany,Training / education,45310000,"elektro-, sicherheits- und informationstechnische anlagen - kulturschule gelsenkirchen, am schalker verein <n>+<n>, <n> ",1,3704840.35,1.0,68.78
United Kingdom,United Kingdom,Training / education,50118000,id <n> - police service of northern ireland (psni) - managed vehicle recovery service,1,2580000.0,1.0,68.78
United Kingdom,United Kingdom,Training / education,72253000,scotland wide integration support service for forced migrants.,1,14400000.0,1.0,68.78
Germany,Germany,Training / education,48000000,microsoft spla distributor,1,2750000.0,1.0,68.78
Germany,Germany,Training / education,45221250,"""instandsetzung betrieb"": schadensbedingte instandsetzungsarbeiten an beleuchtungs- und lichtsignalanlagen-masten sowie ",1,9397000.0,1.0,68.78
Germany,Germany,Training / education,30121100,"multifunktionsgeräte, drucker und plotter",1,2200000.0,1.0,68.78
United Kingdom,United Kingdom,Training / education,38000000,battery materials synthesis equipment,1,3000000.0,1.0,68.78
Germany,Germany,Training / education,72000000,refurbishment + recycling it komponenten,1,7567079.0,1.0,68.78
United Kingdom,United Kingdom,Training / education,NO_CODE,provision of provider of heating oil and delivery service,1,3600000.0,1.0,68.78
Germany,Germany,Training / education,72000000,secure hosting (eca-<n>-<n>),1,12000000.0,1.0,68.78
Ireland,Ireland,Training / education,72222000.0,single party framework agreement for the support and maintenance of the building control management system (bcms) for th,1,4500000.0,1.0,68.78
Quebec,Canada - Quebec,Training / education,43231602,"acquisition de licences, implantation et intégration d’un système d’information pour les ressources humaines (sirh) (<n>",1,10850245.22,1.0,68.78
United Kingdom,United Kingdom,Training / education,09123000,scottish procurement framework agreement for the supply of natural gas,1,1200000000.0,1.0,68.78
Germany,Germany,Training / education,30197630,rahmenvereinbarung über die lieferung von kopierpapier an die bayerische polizei,1,2235078.0,1.0,68.78
Ireland,Ireland,Training / education,85100000.0,rft for the provision of pharmacy services to the irish prison service - mountjoy prison and training unit,1,6000000.0,1.0,68.78
United Kingdom,United Kingdom,Training / education,66000000,"<n> - welfare benefits, information and debt advice services",1,2250000.0,1.0,68.78
United Kingdom,United Kingdom,Training / education,35000000,id <n> - psni - supply of method of entry equipment – framework agreement,1,2000000.0,1.0,68.78
United Kingdom,United Kingdom,Training / education,NO_CODE,the provision of adventurous training instructor (ati) support,1,2000000.0,1.0,68.78
United Kingdom,United Kingdom,Training / education,31720000,rhul-<n> - procurement of an ultra high vacuum (uhv) josephson junction fabrication tool for superconducting quantum cir,1,5000000.0,1.0,68.78
Germany,Germany,Training / education,79950000,bündnis bezahlbarer wohnraum - begleitagentur bündnis bezahlbarer wohnraum (rahmenvertrag),1,2521000.4,1.0,68.78
United Kingdom,United Kingdom,Training / education,50211100,id <n> - psni - the provision of maintenance services for fixed wing aircraft,1,3341000.0,1.0,68.78
United Kingdom,United Kingdom,Training / education,85000000,domestic abuse support services,1,10280256.0,1.0,68.78
Ireland,Ireland,Training / education,45233139.0,tii<n> road weather information services,1,13000000.0,1.0,68.78
Germany,Germany,Training / education,30121100,drucker und multifunktionsgeräte,1,2500000.0,0.0,68.78
United Kingdom,United Kingdom,Training / education,NO_CODE,"universal information, advice & guidance service",1,3800000.0,1.0,68.78
United Kingdom,United Kingdom,Consulting / research / audit,73110000,building and safety regulation - research and evaluation framework,1,800000.0,2.0,68.7
Quebec,Canada - Quebec,Consulting / research / audit,77000000,"<n>-<n>-qh<n> - contrat à exéc. sur dem. à la suite de l'avis de qualif. mtmd-<n>-environ., selon la liste en vigueur au",1,1246050.0,2.0,68.7
United Kingdom,United Kingdom,Consulting / research / audit,79410000,purch<n> provision of a contract for the employer of record,1,1800000.0,2.0,68.7
United Kingdom,United Kingdom,Consulting / research / audit,NO_CODE,road markings & associated services,1,1600000.0,3.0,68.7
Quebec,Canada - Quebec,Consulting / research / audit,81100000,services professionnels d'ingénieurs-conseils - services municipaux et réaménagement du boulevard montclair et de la rue,1,1259939.46,2.0,68.7
Quebec,Canada - Quebec,Consulting / research / audit,81100000,services professionnels d'ingénieurs-conseils - stabilisation de talus - rues georges et de la côte-des neiges,1,761203.49,2.0,68.7
Ireland,Ireland,Consulting / research / audit,66520000.0,fin-<n> - pension consultancy services to hiqa,1,500000.0,3.0,68.7
United Kingdom,United Kingdom,Consulting / research / audit,71800000,technical consultancy services,1,1200000.0,2.0,68.7
United Kingdom,United Kingdom,Consulting / research / audit,44221200,supply & installation of aluminium door sets,1,1250000.0,3.0,68.7
Ireland,Ireland,Consulting / research / audit,73000000.0,global travel insights,1,1500000.0,3.0,68.7
United Kingdom,United Kingdom,Consulting / research / audit,79212200,purch<n> framework agreement for the provision of internal audit services,1,1071577.0,3.0,68.7
Quebec,Canada - Quebec,Consulting / research / audit,77000000,services professionnels pour une étude géotechnique et une étude de caractérisation environnementale de sols et de sédim,1,586083.61,2.0,68.7
United Kingdom,United Kingdom,Consulting / research / audit,03140000,qub<n> framework for the supply and delivery of study models and specialised feed.,1,750000.0,3.0,68.7
Ireland,Ireland,Consulting / research / audit,66131100.0,provision of dc and db pensions registered administration and consultancy services,1,1900000.0,3.0,68.7
Quebec,Canada - Quebec,Consulting / research / audit,81100000,services professionnels d'ingénieurs-conseils relatifs aux campagnes de mesures de débits pour divers projets municipaux,1,1321695.11,3.0,68.7
United Kingdom,United Kingdom,Consulting / research / audit,73110000,dph: health and care experience survey <n>-<n>,1,615000.0,2.0,68.7
United Kingdom,United Kingdom,Consulting / research / audit,NO_CODE,lidar surveys - rescue project,1,536875.02,3.0,68.7
United Kingdom,United Kingdom,Consulting / research / audit,38000000,tender for the supply and installation of a high-throughput droplet-based microbial single cell screening and sorting pl,1,776949.4,2.0,68.7
United Kingdom,United Kingdom,Consulting / research / audit,42122450,ukri-<n> switchyard mirrors vacuum chamber,1,505020.0,2.0,68.7
Quebec,Canada - Quebec,Consulting / research / audit,81101508,"agrandissement de l'usine de traitement des eaux usées, secteur centre-ville - services professionnels de firmes d'ingén",1,1461861.14,2.0,68.7
United Kingdom,United Kingdom,Consulting / research / audit,50241100,refit of mrv scotia,1,838881.98,2.0,68.7
United Kingdom,United Kingdom,Consulting / research / audit,79315000,active lives adult surveys,1,1863400.0,3.0,68.7
United Kingdom,United Kingdom,Consulting / research / audit,77231000,"nematodes - survey, supply & apply framework <n>-<n>",1,1200000.0,2.0,68.7
United Kingdom,United Kingdom,Consulting / research / audit,73000000,progress in reading literacy study (pirls) <n>,1,672330.89,3.0,68.7
United Kingdom,United Kingdom,Consulting / research / audit,85323000,oral health services in oxfordshire,1,582334.08,3.0,68.7
United Kingdom,United Kingdom,Consulting / research / audit,NO_CODE,hmpps prisoner's family helpline <n> - <n>,1,659428.0,2.0,68.7
United Kingdom,United Kingdom,Consulting / research / audit,79212100,rhul-<n> delivery of external (financial) auditing services,1,1534000.0,3.0,68.7
United Kingdom,United Kingdom,Consulting / research / audit,71800000,private water supplies analysis,1,555000.0,2.0,68.7
United Kingdom,United Kingdom,Consulting / research / audit,72224000,the national library of scotland project management and professional property services,1,1500000.0,3.0,68.7
United Kingdom,United Kingdom,Consulting / research / audit,63726500,dry dock services framework agreement,1,1736715.0,2.0,68.7
Ireland,Ireland,Consulting / research / audit,71313100.0,fcc/<n>/<n> - aviation noise consultants,1,800000.0,2.0,68.7
United Kingdom,United Kingdom,Consulting / research / audit,NO_CODE,delivered in catering services - primary school,1,675000.0,2.0,68.7
Ireland,Ireland,Consulting / research / audit,79411000.0,"supply, delivery, of management consultancy services to tallaght university hospital (<n> lots)",1,1244574.0,3.0,68.7
Quebec,Canada - Quebec,Consulting / research / audit,81100000,<n>-<n>-qa<n> - ced pour effectuer des études géotechniques et de la surveillance géotechnique pour <n> aéroports et rou,1,1200000.0,2.0,68.7
Quebec,Canada - Quebec,Consulting / research / audit,81102202,études de faisabilité pour mesures préférentielles en transport en commun,1,1396946.25,3.0,68.7
United Kingdom,United Kingdom,Consulting / research / audit,NO_CODE,tree maintenance & consultancy services,1,550000.0,3.0,68.7
United Kingdom,United Kingdom,Consulting / research / audit,66170000,financial consultancy services,1,1200000.0,2.0,68.7
Ireland,Ireland,Consulting / research / audit,72600000.0,outsources it support technicians,1,1750000.0,3.0,68.7
Quebec,Canada - Quebec,Consulting / research / audit,77101805,services professionnels pour la réalisation d’études environnementales (volet contamination),1,583570.0,3.0,68.7
United Kingdom,United Kingdom,Consulting / research / audit,73110000,animal health screening,1,800000.0,2.0,68.7
United Kingdom,United Kingdom,Consulting / research / audit,79410000,ukri-<n> evaluation of convergent screen technologies and performance in realtime (costar),1,977230.0,3.0,68.7
Quebec,Canada - Quebec,Consulting / research / audit,52161500,acquisition des systèmes d’audiovisuels pour la salle du conseil et la salle d’assemblée universitaire,1,669927.0,3.0,68.7
United Kingdom,United Kingdom,Consulting / research / audit,NO_CODE,professional estates consultancy services framework,1,1500000.0,3.0,68.7
Quebec,Canada - Quebec,Consulting / research / audit,81100000,ententes-cadres pour des services professionnels d'ingénieurs-conseils relatifs aux ouvrages d'assainissement des eaux u,1,1484372.0,3.0,68.7
United Kingdom,United Kingdom,Consulting / research / audit,79212000,dlgh audit services for local authority verifiers & certification scheme providers,1,1058570.0,2.0,68.7
United Kingdom,United Kingdom,Consulting / research / audit,45223200,technical surveys and testing - structures testing - yne,1,1250000.0,3.0,68.7
Ireland,Ireland,Consulting / research / audit,73200000.0,invitation to tender for the provision of mentor support services for origin green to bord bia,1,1100000.0,3.0,68.7
United Kingdom,United Kingdom,Consulting / research / audit,73110000,curriculum for wales formative evaluation,1,1397259.85,3.0,68.7
United Kingdom,United Kingdom,Consulting / research / audit,33110000,"qub/<n>/<n> supply of high content imaging equipment, capable of temperature and humidity control using a minimum of <n>",1,1000000.0,3.0,68.7
United Kingdom,United Kingdom,Consulting / research / audit,NO_CODE,<n>-<n>- cost assessment advisors to ofto team for tender and policy,1,1666000.0,2.0,68.7
Ireland,Ireland,Consulting / research / audit,73112000.0,international programmes support services,1,1137092.0,2.0,68.7
Ireland,Ireland,Consulting / research / audit,79410000.0,provision of professional procurement support and related services,1,500000.0,3.0,68.7
Germany,Germany,Consulting / research / audit,73000000,durchführung des gles querschnitts <n>,1,525700.0,2.0,68.7
Ireland,Ireland,Consulting / research / audit,73000000.0,request for tender for proposals for a family law reporting project,1,900000.0,2.0,68.7
Quebec,Canada - Quebec,Consulting / research / audit,42295011,acquisition de solutions de lecture automatisée de plaques d'immatriculation pour la production d'études de mobilité,1,591891.3,3.0,68.7
United Kingdom,United Kingdom,Consulting / research / audit,90700000,england ecosystem surveys <n>/<n>: vegetation and landscape field data collection,1,799041.8,2.0,68.7
United Kingdom,United Kingdom,Consulting / research / audit,NO_CODE,<n>-year fellowship - endpoint toxicity for a mixture of chemicals,1,663565.0,2.0,68.7
Ireland,Ireland,Consulting / research / audit,66171000.0,ei/<n>/<n> - single party framework agreement for specialist financial advice and related studies,1,900000.0,3.0,68.7
Ireland,Ireland,Consulting / research / audit,79993000.0,tender for provision of facility management consultancy services,1,800000.0,2.0,68.7
United Kingdom,United Kingdom,Consulting / research / audit,NO_CODE,remote sensing aerial acquisition framework <n>,1,800000.0,2.0,68.7
United Kingdom,United Kingdom,Consulting / research / audit,31174000,ukri-<n> pulse slicer power supply,1,1169995.0,2.0,68.7
United Kingdom,United Kingdom,Consulting / research / audit,NO_CODE,pickering park paddling pool refurbishment works,1,549507.73,2.0,68.7
United Kingdom,United Kingdom,Consulting / research / audit,31712330,"supply, delivery, installation & commissioning of a wafer thinning turnkey itt",1,1005000.0,2.0,68.7
United Kingdom,United Kingdom,Consulting / research / audit,79410000,social enterprise development framework services,1,1500000.0,3.0,68.7
Ireland,Ireland,Consulting / research / audit,73112000.0,provision of education services for the marine institute’s primary school education programme,1,1138704.0,3.0,68.7
United Kingdom,United Kingdom,Consulting / research / audit,NO_CODE,id <n> - de - statistics and research - the trends in international mathematics and science study (timss) <n>,1,766299.93,2.0,68.7
Quebec,Canada - Quebec,Consulting / research / audit,81100000,"services professionnels multidisciplinaires pour la préparation des études, des plans et devis ainsi que les services du",1,892722.25,2.0,68.7
Quebec,Canada - Quebec,Consulting / research / audit,77101500,caractérisation environnementale de site phase ii et étude géotechnique dans le cadre du projet de nouvelle piste cyclab,1,967179.0,3.0,68.7
United Kingdom,United Kingdom,Consulting / research / audit,38636100,infrared femtosecond laser system,1,759330.0,3.0,68.7
Quebec,Canada - Quebec,Consulting / research / audit,81100000,"services professionnels – entente-cadre – contrôle de la qualité des matériaux, études géotechniques et caractérisations",1,1335722.31,3.0,68.7
Quebec,Canada - Quebec,Consulting / research / audit,81100000,étude d'avant-projet pour la réfection et mise aux normes des procédés de la spe,1,562802.63,3.0,68.7
United Kingdom,United Kingdom,Consulting / research / audit,NO_CODE,fire & rescue station end equipment,1,1330793.28,2.0,68.7
United Kingdom,United Kingdom,Consulting / research / audit,73200000,offshore wind turbine blade painting pilot,1,1367877.04,2.0,68.7
United Kingdom,United Kingdom,Consulting / research / audit,72314000,t<n> - event triggered data collection,1,1500447.0,3.0,68.7
Quebec,Canada - Quebec,Consulting / research / audit,86132102,contrat pour services-conseils en transformation et accompagnement en gestion du changement,1,951720.0,3.0,68.7
United Kingdom,United Kingdom,Consulting / research / audit,NO_CODE,audit and advisory services - external audit,1,540000.0,2.0,68.7
Quebec,Canada - Quebec,Consulting / research / audit,81100000,"services professionnels d'ingénieurs-conseils pour la préparation des études, des plans et devis ainsi que les services ",1,707628.01,3.0,68.7
United Kingdom,United Kingdom,Consulting / research / audit,NO_CODE,stratford school academy catering tender <n>,1,1869995.0,3.0,68.7
United Kingdom,United Kingdom,Consulting / research / audit,79212000,the provision of external audit,1,550000.0,3.0,68.7
Germany,Germany,Consulting / research / audit,45247110,ve <n>-<n> schmutzwasserdruckleitung,1,1298381.87,3.0,68.7
Ireland,Ireland,Consulting / research / audit,30210000.0,supply and operation of geophysical survey equipment and data qc and onboard processing services,1,1500000.0,3.0,68.7
Germany,Germany,Consulting / research / audit,72000000,it consulting für die münchner volkshochschule,1,1298219.6,3.0,68.7
United Kingdom,United Kingdom,Consulting / research / audit,73110000,health and care experience survey (<n>-<n>),1,583389.0,2.0,68.7
United Kingdom,United Kingdom,Consulting / research / audit,80300000,for the provision of an embedded college offering integrated courses ecic,1,1500000.0,2.0,68.7
Ireland,Ireland,Consulting / research / audit,72224000.0,aquatech programme and the associated supply of business acumen,1,1240000.0,2.0,68.7
United Kingdom,United Kingdom,Consulting / research / audit,38511200,procurement of a transmission electron microscope,1,697686.0,2.0,68.7
Quebec,Canada - Quebec,Consulting / research / audit,81141500,"services professionnels pour études géotechniques, caractérisations environnementales et contrôle de la qualité des maté",1,773691.78,3.0,68.7
United Kingdom,United Kingdom,Consulting / research / audit,79120000,provision of patent renewals,1,500000.0,3.0,68.7
Ireland,Ireland,Consulting / research / audit,71356300.0,"single party framework agreement for development, maintenance, upgrades, consultancy and technical support for pemac car",1,850000.0,2.0,68.7
United Kingdom,United Kingdom,Consulting / research / audit,79110000,this is a contract award notice for the provision of defence business services (dbs) debt management legal support and t,1,650000.0,2.0,68.7
United Kingdom,United Kingdom,Consulting / research / audit,73112000,framework contract for marine phytoplankton sample analysis.,1,755000.0,3.0,68.7
Ireland,Ireland,Consulting / research / audit,66131100.0,"pension scheme administration, actuarial and consultancy services",1,761500.0,2.0,68.7
Ireland,Ireland,Consulting / research / audit,71351000.0,the provision of geothermal technical services to geological survey ireland for the gemini project,1,660000.0,3.0,68.7
United Kingdom,United Kingdom,Consulting / research / audit,66000000,co<n> business support services future growth programme <n>,1,1146636.0,2.0,68.7
United Kingdom,United Kingdom,Consulting / research / audit,75131100,contract for the provision of windrush compensation scheme claims assistance service,1,1264993.89,2.0,68.7
Quebec,Canada - Quebec,Consulting / research / audit,81100000,services professionnels - étude de circulation divers secteurs <n>-<n>,1,999079.51,2.0,68.7
Quebec,Canada - Quebec,Consulting / research / audit,70131705,services professionnels pour la réalisation d'études géotechniques,1,1762785.2,3.0,68.7
Quebec,Canada - Quebec,Consulting / research / audit,81100000,contrat à exécution sur demande de services professionnels d'ingénieurs-conseils relatifs aux ouvrages d'assainissement ,1,1149750.0,3.0,68.7
Ireland,Ireland,Consulting / research / audit,77211500.0,single supplier framework agreement for provision for an arboricultural tree assessments and tree surveys service to tri,1,500000.0,2.0,68.7
United Kingdom,United Kingdom,Consulting / research / audit,45223200,technical surveys and testing - structures testing - southeast region,1,1250000.0,3.0,68.7
United Kingdom,United Kingdom,Consulting / research / audit,73000000,aisi chembio - llm benchmarking (chem),1,950000.0,3.0,68.7
Quebec,Canada - Quebec,Consulting / research / audit,81100000,services professionnels - étude d'avant-projet définitif - mise à niveau et augmentation de la capacité de l'usine de fi,1,788211.11,2.0,68.7
Germany,Germany,Consulting / research / audit,85140000,"<n>-élaboration et mise en ?uvre d'un mécanisme de maintenance des régions sanitaires de kara, centrale et savanes au to",1,1410630.0,2.0,68.7
United Kingdom,United Kingdom,Consulting / research / audit,72220000,appointment of a business world specialist,1,800000.0,2.0,68.7
United Kingdom,United Kingdom,Consulting / research / audit,71311210,traffic management order making services,1,600000.0,3.0,68.7
Ireland,Ireland,Consulting / research / audit,63710000.0,provision of the annual national household travel survey,1,1355635.0,2.0,68.7
United Kingdom,United Kingdom,Consulting / research / audit,60610000,provision of consultancy and technical services for the orkney ferry replacement programme and orkney harbours masterpla,1,1385128.0,2.0,68.7
United Kingdom,United Kingdom,Consulting / research / audit,71314300,gloucestershire & south gloucestershire warm & well scheme <n> - <n>,1,735000.0,3.0,68.7
Ireland,Ireland,Consulting / research / audit,73000000.0,provision of consumer research services,1,1355750.0,3.0,68.7
Ireland,Ireland,Consulting / research / audit,73200000.0,wa/<n>/<n> - wild atlantic way coastal trails scheme,1,600000.0,3.0,68.7
United Kingdom,United Kingdom,Consulting / research / audit,79311400,extending the transforming towns smart towns programme,1,520000.0,2.0,68.7
United Kingdom,United Kingdom,Consulting / research / audit,73200000,essex renewal fund services - fund and asset management,1,1350406.3,2.0,68.7
Ireland,Ireland,Consulting / research / audit,79210000.0,rté external audit services,1,990000.0,2.0,68.7
Germany,Germany,Consulting / research / audit,79411100,<n>-appui-conseil et accompagnement au développement urbain inclusif de l'agglomération d'antananarivo,1,536940.0,3.0,68.7
Quebec,Canada - Quebec,Consulting / research / audit,77000000,"<n>-<n>-qa<n> - études géotechniques, pédologiques et caractérisations environnementales, sur l'autoroute <n> (québec)",1,887226.32,3.0,68.7
Ireland,Ireland,Consulting / research / audit,72224000.0,cft for a single supplier framework for the provision of embedded project manager services to mtu,1,1200000.0,3.0,68.7
Quebec,Canada - Quebec,Consulting / research / audit,80101601,serv.prof.pour la réalisation d’études et d’analyses tech.nécessaires à l’élabor.d’un dossier d’opportunité en vue de l’,1,1667137.5,3.0,68.7
United Kingdom,United Kingdom,IT / software / cyber,85111800,pathology managed service for midlands & east <n> network,6,32000000.0,1.0,68.68
United Kingdom,United Kingdom,IT / software / cyber,32400000,provision of hscn connection and access circuits,1,2372000.0,1.0,68.68
United Kingdom,United Kingdom,IT / software / cyber,71356300,r&d enterprise agreement lite,1,2000000.0,1.0,68.68
United Kingdom,United Kingdom,IT / software / cyber,48200000,contract award notice for control rooms mobilisation softcat,1,5984392.0,1.0,68.68
United Kingdom,United Kingdom,IT / software / cyber,72700000,"<n> - in service support for combat management systems (cms), shared infrastructure (si) and networks",1,1381101108.0,1.0,68.68
United Kingdom,United Kingdom,IT / software / cyber,72000000,soc,1,3369488.63,1.0,68.68
United Kingdom,United Kingdom,IT / software / cyber,72000000,lpp im&t it managed service (lot <n>) further competition: provision of it services,1,16549132.78,1.0,68.68
United Kingdom,United Kingdom,IT / software / cyber,48000000,microsoft azure,1,4918864.51,1.0,68.68
Germany,Germany,IT / software / cyber,72260000,<n>-nf-software trados/lw/kalcium,1,8806596.9,1.0,68.68
Germany,Germany,IT / software / cyber,48000000,invaris unternehmenslizenz pflege,1,6896520.0,1.0,68.68
United Kingdom,United Kingdom,IT / software / cyber,72000000,acbs commercial loan servicing,1,3512385.0,1.0,68.68
Quebec,Canada - Quebec,IT / software / cyber,81160000,services professionnels pour l’intégration de clients aux zones d’accueil du ministère de la cybersécurité et du numériq,1,5246185.0,1.0,68.68
United Kingdom,United Kingdom,IT / software / cyber,72000000,digital asset management solution,1,10812672.0,1.0,68.68
United Kingdom,United Kingdom,IT / software / cyber,60445000,"ministry or any other national or federal authority, including their regional or local subdivisions",1,9050000.0,1.0,68.68
United Kingdom,United Kingdom,IT / software / cyber,72260000,blackboard digital workplace solutions,1,3144588.35,1.0,68.68
United Kingdom,United Kingdom,IT / software / cyber,72200000,enterprise data warehouse service (edws),1,2047082.0,1.0,68.68
Germany,Germany,IT / software / cyber,48000000,softwaremiete confluent,1,2191524.7,1.0,68.68
United Kingdom,United Kingdom,IT / software / cyber,75230000,legal on-line research services,1,2500000.0,1.0,68.68
United Kingdom,United Kingdom,IT / software / cyber,72260000,provision of research and transformation projects and associated services,1,8000000.0,1.0,68.68
Germany,Germany,IT / software / cyber,30211100,dkrz hlre <n>_erweiterung,1,5000000.0,1.0,68.68
United Kingdom,United Kingdom,IT / software / cyber,72000000,cloud software e-discovery,1,12577000.0,1.0,68.68
Quebec,Canada - Quebec,IT / software / cyber,81160000,service d’assistance à la configuration ou de configuration pour la migration des services de téléphonie actuels du mini,1,3863160.0,1.0,68.68
United Kingdom,United Kingdom,IT / software / cyber,72267100,the provision of source to contract platform,1,3045000.0,1.0,68.68
United Kingdom,United Kingdom,IT / software / cyber,72212517,application development services for fish export service,1,9750000.0,1.0,68.68
United Kingdom,United Kingdom,IT / software / cyber,48000000,provision of an enterprise resource planning (erp) system,1,9246883.0,1.0,68.68
United Kingdom,United Kingdom,IT / software / cyber,73400000,management of the uk telecommunications laboratory,1,18380000.0,1.0,68.68
Germany,Germany,IT / software / cyber,48000000,"fortsetzung pflege, wartung und subscription der coremedia bundeslizenz für den gsb <n>",1,6716900.0,1.0,68.68
Germany,Germany,IT / software / cyber,72000000,rahmenvertrag für den bezug von softwareprodukten rmdata inventory manager und dazugehörigen dienstleistungen,1,2301540.0,1.0,68.68
United Kingdom,United Kingdom,IT / software / cyber,48000000,unit <n> erp,1,5820988.35,1.0,68.68
Quebec,Canada - Quebec,IT / software / cyber,43230000,location des logiciels de la firme ibm canada limitée installés sur les ordinateurs centraux pour un client (cnesst) du ,1,6480000.0,1.0,68.68
Germany,Germany,IT / software / cyber,85150000,(vb) ukb - vertragsverlängerung philips pacs,1,4480000.0,1.0,68.68
United Kingdom,United Kingdom,IT / software / cyber,48000000,various salesforce license's,1,3560000.0,1.0,68.68
Quebec,Canada - Quebec,IT / software / cyber,81111805,assistance technique des logiciels microsoft pour le ministère de la cybersécurité et du numérique et ses clients,1,3505647.51,1.0,68.68
Germany,Germany,IT / software / cyber,72263000,rv advis upgrade vois,1,4157667.53,1.0,68.68
Quebec,Canada - Quebec,IT / software / cyber,43230000,offres infonuagiques de gestion des services d'entreprise - acquisition de la solution de gestion des services d’entrepr,1,13538036.7,1.0,68.68
United Kingdom,United Kingdom,IT / software / cyber,48200000,contract award notice for control rooms mobilisation sss public safety limited,1,6588073.86,1.0,68.68
United Kingdom,United Kingdom,IT / software / cyber,30000000,managed print service,1,2929000.0,1.0,68.68
Germany,Germany,IT / software / cyber,48610000,<n>-up-rechtsgrundlagendatenbank weka,1,2623000.0,1.0,68.68
United Kingdom,United Kingdom,IT / software / cyber,09323000,bradford heat network - magistrates court - supply agreement,1,3100000.0,1.0,68.68
Germany,Germany,IT / software / cyber,48100000,computergestützte rechnungsprüfung (crp) in der beihilfe; verlängerung sowie beschaffung von weiteren lizenzen der prüfs,1,6149564.15,1.0,68.68
Germany,Germany,IT / software / cyber,44421600,"aufbau, anschluss, inbetriebnahme, abbau von schlüsseltresoren inklusive wartung und technischer service sowie weiterent",1,3916128.0,1.0,68.68
United Kingdom,United Kingdom,IT / software / cyber,72261000,ibm passport renewal <n>,1,7130000.0,1.0,68.68
United Kingdom,United Kingdom,IT / software / cyber,09323000,bradford heat network - combined court - supply agreement,1,3300000.0,1.0,68.68
United Kingdom,United Kingdom,IT / software / cyber,71314000,uk manufacturing technology for next generation wind turbines: composites phase <n>b,1,4700000.0,1.0,68.68
Germany,Germany,IT / software / cyber,72267000,<n>-cs-bi-tool microstrategy,1,2622000.0,1.0,68.68
United Kingdom,United Kingdom,IT / software / cyber,48311000,electronic document and records management solution (edrms),1,3200000.0,1.0,68.68
Quebec,Canada - Quebec,IT / software / cyber,43232806,"solutions de logiciels-service reliées (iaas-paas), souscription de services infonuagiques microsoft via le ministère de",1,11832077.25,1.0,68.68
Germany,Germany,IT / software / cyber,72260000,leistungsgegenstand ist die technisch-logistische betreuung (tlb) für die aufrechterhaltung der einsatzreife im projekt ,1,3341760.0,1.0,68.68
Germany,Germany,IT / software / cyber,48440000,sap cloud/rise lizenzen,1,2515827.55,1.0,68.68
Germany,Germany,IT / software / cyber,72000000,support- und pflegeleistungen für eine bereits vorhandene software,1,3331200.0,1.0,68.68
United Kingdom,United Kingdom,IT / software / cyber,76000000,"gp out of hours ict management, maintenance, and support",1,3985063.0,1.0,68.68
United Kingdom,United Kingdom,IT / software / cyber,72231000,<n> - autonomy software development and maintenance,1,50000000.0,1.0,68.68
Germany,Germany,IT / software / cyber,48400000,sap analytics cloud (sac) erhöhung lizenzvolumen durch vertragsneuabschluss,1,5966572.27,1.0,68.68
United Kingdom,United Kingdom,IT / software / cyber,72200000,award of contract for an integrated repairs and investment it platform,1,7864000.0,1.0,68.68
United Kingdom,United Kingdom,IT / software / cyber,09300000,building energy management system upgrade,1,10000000.0,1.0,68.68
United Kingdom,United Kingdom,IT / software / cyber,72500000,extension of agreement for the management of an informatics platform which allows access to uk biobank data,1,5500000.0,1.0,68.68
Germany,Germany,IT / software / cyber,72268000,lizenzen zur nutzung einer cloudlösung im bereich forensischer it,1,2638329.32,1.0,68.68
Germany,Germany,IT / software / cyber,72260000,pflege für inspiration <n>-<n>,1,6600487.0,1.0,68.68
United Kingdom,United Kingdom,IT / software / cyber,72000000,e<n> finance system,1,377678593.0,1.0,68.68
United Kingdom,United Kingdom,IT / software / cyber,72222300,provision of cctv network upgrade,1,2063365.98,1.0,68.68
Germany,Germany,IT / software / cyber,72267000,pflege und wartung dms/vbs <n>,1,12230000.0,1.0,68.68
United Kingdom,United Kingdom,IT / software / cyber,35722000,giraffe agile-multi beam radar (g-amb) and contractor logistic support (cls) contract,1,18000000.0,1.0,68.68
United Kingdom,United Kingdom,IT / software / cyber,63712400,direct award via g-cloud <n>: for pay-to-park service with in royal borough of kensington and chelsea,1,3205660.0,1.0,68.68
United Kingdom,United Kingdom,IT / software / cyber,72000000,revenues and benefit system and ondemand services,1,2533884.0,1.0,68.68
Germany,Germany,IT / software / cyber,48000000,direktvergabe mit ex-post-transparenzbekanntmachung zur beschaffung von sap s/<n> hana utilities als nachfolgelösung der,1,7812978.85,1.0,68.68
United Kingdom,United Kingdom,IT / software / cyber,72000000,technology software var,1,13315376.0,1.0,68.68
United Kingdom,United Kingdom,IT / software / cyber,98392000,migration of data centre servers,1,2326764.2,1.0,68.68
United Kingdom,United Kingdom,IT / software / cyber,85121100,chalfont surgery f<n> - apms contract,1,5312414.66,1.0,68.68
United Kingdom,United Kingdom,IT / software / cyber,72000000,battlelab experimental digital environment (bede),1,2500000.0,1.0,68.68
Germany,Germany,IT / software / cyber,75131100,technisch-logistische betreuung von maritimem gerät tkms atlas elektronik gmbh,1,16000000.0,1.0,68.68
United Kingdom,United Kingdom,IT / software / cyber,72222300,microsoft azure cloud shell,1,2100000.0,1.0,68.68
Germany,Germany,IT / software / cyber,72263000,rv ordnungswidrigkeiten (winowig),1,3795915.0,1.0,68.68
United Kingdom,United Kingdom,IT / software / cyber,72000000,laboratory information management system services,1,24568627.0,1.0,68.68
Germany,Germany,IT / software / cyber,48900000,<n>-cm-elektronisches fahrtenbuch & poolfahrzeugkalender,1,4164000.0,1.0,68.68
United Kingdom,United Kingdom,IT / software / cyber,72000000,ict-<n>-<n> psep online portal phase <n>,1,3200000.0,1.0,68.68
Germany,Germany,IT / software / cyber,38221000,ablösung und umstellung einer softwarekomponente für alkis,1,2296700.0,1.0,68.68
United Kingdom,United Kingdom,IT / software / cyber,72212920,<n> automation garage - professional services support and delivery utilising framework rm<n>,1,18000000.0,1.0,68.68
United Kingdom,United Kingdom,IT / software / cyber,72000000,dof land and property services abbacus extension dac <n>/<n>,1,20253000.0,1.0,68.68
United Kingdom,United Kingdom,IT / software / cyber,72212218,foreseen <n> month contract extension - digital forensic investigative unlocking tool type <n> (cellebrite),1,2472654.0,1.0,68.68
Germany,Germany,IT / software / cyber,50333000,wartungsvertrag digitalfunk <n>-<n>,1,4636000.0,1.0,68.68
Germany,Germany,IT / software / cyber,48000000,"software zur datenanalyse, hier: idea",1,16511949.0,1.0,68.68
United Kingdom,United Kingdom,IT / software / cyber,45300000,deed of variation in relation to repairs and maintenance of building installations,1,12000000.0,1.0,68.68
Germany,Germany,IT / software / cyber,72000000,wartung ias standard-softwareprodukt,1,6500000.0,1.0,68.68
Quebec,Canada - Quebec,IT / software / cyber,80111801,entente de partenariat pour le codéveloppement d'un logiciel de gestion de cour municipale à intervenir entre ville de l,1,4472069.95,1.0,68.68
United Kingdom,United Kingdom,IT / software / cyber,85100000,apms contracts in mid and south essex,1,8233964.42,1.0,68.68
Germany,Germany,IT / software / cyber,72000000,beschaffung von hard- und software für die fotooptische messung von holzvolumen,1,9000000.0,1.0,68.68
United Kingdom,United Kingdom,IT / software / cyber,72212150,"framework for the provision of siemens, equipment, software and other services",1,20000000.0,1.0,68.68
Germany,Germany,IT / software / cyber,48000000,beschaffung von softwarepflege für oracle lizenzen bzw. software,1,2436463.96,1.0,68.68
United Kingdom,United Kingdom,IT / software / cyber,72511000,ukri <n> - stfc firewall refresh <n>,1,7228047.54,1.0,68.68
Germany,Germany,IT / software / cyber,48821000,primeflex<n>sap techrefresh <n>,1,4187543.19,1.0,68.68
United Kingdom,United Kingdom,IT / software / cyber,72000000,microsoft enterprise agreement,1,2563312.53,1.0,68.68
United Kingdom,United Kingdom,IT / software / cyber,48517000,rms software (niche),1,4397251.0,1.0,68.68
United Kingdom,United Kingdom,IT / software / cyber,72212100,plutus <n>,1,3730250.0,1.0,68.68
United Kingdom,United Kingdom,IT / software / cyber,72261000,support to mission planning environment (mpe) trials,1,2545000.0,1.0,68.68
United Kingdom,United Kingdom,IT / software / cyber,72000000,procad support and maintenance,1,8900000.0,1.0,68.68
Germany,Germany,IT / software / cyber,48100000,sap-lizenzen für das projekt contor,1,9890225.0,1.0,68.68
United Kingdom,United Kingdom,IT / software / cyber,80000000,clarivate endnote <n>-<n>,1,2700000.0,1.0,68.68
United Kingdom,United Kingdom,IT / software / cyber,72000000,n/a,1,60340000.0,1.0,68.68
Germany,Germany,IT / software / cyber,48000000,<n>-nr-lizenzmanagement-tool,1,2512500.0,1.0,68.68
United Kingdom,United Kingdom,IT / software / cyber,72000000,pj mcbride - operational capability demonstrator,1,2765902.66,1.0,68.68
Germany,Germany,IT / software / cyber,48100000,finanzsoftware,1,4000000.0,1.0,68.68
United Kingdom,United Kingdom,IT / software / cyber,48000000,plant lifecycle management licences - <n>dexperience award,1,16926920.0,1.0,68.68
Quebec,Canada - Quebec,IT / software / cyber,81111805,maintenance (mises à jour) et assistance technique du logiciel oracle database enterprise edition pour le mcn et ses cli,1,15547170.34,1.0,68.68
United Kingdom,United Kingdom,IT / software / cyber,72000000,dartford & hindhead hatms tunnel systems,1,3286750.66,1.0,68.68
United Kingdom,United Kingdom,IT / software / cyber,80000000,elsevier <n>- <n>,1,17000000.0,1.0,68.68
United Kingdom,United Kingdom,IT / software / cyber,72000000,np<n> diabetic eye screening (des) support system,1,3214022.0,1.0,68.68
Germany,Germany,IT / software / cyber,72230000,herstellung von lefis <n>.<n> auf basis von lm,1,2452142.0,1.0,68.68
United Kingdom,United Kingdom,IT / software / cyber,72000000,plant lifecycle management licences - support services,1,18320000.0,1.0,68.68
Germany,Germany,IT / software / cyber,48000000,nutanix lizenzkonsolidierung,1,4877593.08,1.0,68.68
Germany,Germany,IT / software / cyber,72267000,bibliothekmanagementsystem,1,2833633.2,1.0,68.68
United Kingdom,United Kingdom,IT / software / cyber,72212730,govpass transition services,1,3554285.55,1.0,68.68
United Kingdom,United Kingdom,IT / software / cyber,72000000,gp it document management,1,15000000.0,1.0,68.68
Germany,Germany,IT / software / cyber,45443000,"tübingen, uni, innovationscampus cyber valley <n>. ba\n\nbipv-fassade",1,2036934.16,1.0,68.68
Germany,Germany,IT / software / cyber,48620000,subscriptions und dienstleistungen für softwareprodukte des herstellers suse,1,17000000.0,1.0,68.68
Germany,Germany,IT / software / cyber,48730000,"erneuerung subscription, wartung und support für trellix / skyhigh networks produkte",1,3581000.0,1.0,68.68
United Kingdom,United Kingdom,IT / software / cyber,72000000,lgfl applications and support services (lass) contract,1,21800000.0,1.0,68.68
Germany,Germany,IT / software / cyber,48820000,serversysteme des herstellers fujitsu mit produktnahen dienstleistungen,1,260000000.0,1.0,68.68
United Kingdom,United Kingdom,IT / software / cyber,48000000,cwc<n> - enterprise resource planning solution,1,4545615.0,1.0,68.68
Germany,Germany,IT / software / cyber,48000000,<n>-jr-klv price systems,1,2650929.75,1.0,68.68
United Kingdom,United Kingdom,IT / software / cyber,48000000,dwp project_<n> - ibm standard support agreement (<n>),1,13500000.0,1.0,68.68
United Kingdom,United Kingdom,IT / software / cyber,35722000,,1,6200000.0,1.0,68.68
United Kingdom,United Kingdom,IT / software / cyber,72000000,halcyon anti-ransomware platform,1,2598999.0,1.0,68.68
United Kingdom,United Kingdom,IT / software / cyber,72000000,cloud technical design authority service <n>,1,4000000.0,1.0,68.68
Germany,Germany,IT / software / cyber,48000000,beschaffung einer software für die fallbearbeitung hkp und pv,1,2840590.0,1.0,68.68
United Kingdom,United Kingdom,IT / software / cyber,72320000,award of elsevier read and publish <n>-<n> (jisc),1,2087563.89,1.0,68.68
United Kingdom,United Kingdom,IT / software / cyber,71351200,geospatial technology and market intervention advisory services,1,3000000.0,1.0,68.68
United Kingdom,United Kingdom,IT / software / cyber,72265000,crm system configuration,1,2000000.0,1.0,68.68
Germany,Germany,IT / software / cyber,34712200,bereitstellung von zwei cubesat-satelliten und die vorbereitung einer kleinsatellitenmission,1,4661000.0,1.0,68.68
Germany,Germany,IT / software / cyber,48000000,"beschaffung von lizenzen für die nutzung von softwareprodukten der firma hcl technologies germany gmbh, dienstleistung f",1,6853317.0,1.0,68.68
United Kingdom,United Kingdom,IT / software / cyber,72212170,"provision of an enterprise governance, risk management and compliance (grc) solution",1,6940348.5,1.0,68.68
Quebec,Canada - Quebec,IT / software / cyber,43231601,contrat d'entretien informatique - logiciel,1,9328037.0,1.0,68.68
United Kingdom,United Kingdom,IT / software / cyber,48218000,salesforce uk ltd,1,7112475.03,1.0,68.68
Germany,Germany,IT / software / cyber,72250000,weiterentwicklung patronussystem,1,40528409.0,1.0,68.68
United Kingdom,United Kingdom,IT / software / cyber,72720000,supply and provision of council's wide area network (wan) via ccs rm<n>,1,2100000.0,1.0,68.68
United Kingdom,United Kingdom,IT / software / cyber,50660000,jsens/<n> - land environment air picture provision (leapp) in service support,1,17392225.0,1.0,68.68
United Kingdom,United Kingdom,IT / software / cyber,85145000,escc online sexual health service,1,2800000.0,1.0,68.68
United Kingdom,United Kingdom,IT / software / cyber,48440000,contract award for oracle enterprise solutions,1,7000000.0,1.0,68.68
United Kingdom,United Kingdom,IT / software / cyber,72000000,cubic dartford & hindhead hatms tunnel systems,1,3974382.0,1.0,68.68
United Kingdom,United Kingdom,IT / software / cyber,72000000,trustnet contract,1,2000000.0,1.0,68.68
United Kingdom,United Kingdom,IT / software / cyber,72400000,wan connectivity,1,7800000.0,1.0,68.68
Quebec,Canada - Quebec,IT / software / cyber,43230000,offres infonuagiques de collaboration et de bureautique – abonnements microsoft <n> pour le ministère de la cybersécurit,1,50381839.03,1.0,68.68
Germany,Germany,IT / software / cyber,72000000,weiterentwicklung software-plattform,1,2900000.0,1.0,68.68
United Kingdom,United Kingdom,IT / software / cyber,72000000,blood management systems,1,7066048.5,1.0,68.68
United Kingdom,United Kingdom,IT / software / cyber,72000000,replacement wide area network for lfrs,1,3233122.41,1.0,68.68
United Kingdom,United Kingdom,IT / software / cyber,48000000,national recruitment software system,1,12360000.0,1.0,68.68
United Kingdom,United Kingdom,IT / software / cyber,48180000,nhs<n> clinical reasoning engine,1,4500000.0,1.0,68.68
Germany,Germany,IT / software / cyber,72000000,<n> microsoft unified support leistungen,1,3520572.12,1.0,68.68
United Kingdom,United Kingdom,IT / software / cyber,72315000,network management system (nms) upgrade,1,5810000.0,1.0,68.68
United Kingdom,United Kingdom,IT / software / cyber,73000000,safe and warm: providing a critical lifeline to dialysis patients across the uk,1,2577376.62,1.0,68.68
United Kingdom,United Kingdom,IT / software / cyber,85100000,community‑based weight management service,1,3700000.0,1.0,68.68
Quebec,Canada - Quebec,IT / software / cyber,43221700,"acquisition, installation et mise en ondes des stations radio gtr<n> pour les sites radio du programme intégré de consol",1,4733512.0,1.0,68.68
United Kingdom,United Kingdom,IT / software / cyber,64200000,national roads telecommunication service (nrts)<n> - extension,1,659004157.0,1.0,68.68
United Kingdom,United Kingdom,IT / software / cyber,72000000,https://www.contractsfinder.service.gov.uk/notice/<n>ddef<n>-<n>b-<n>b<n>-<n>d<n>-<n>e<n>deca<n>,1,7603734.0,1.0,68.68
Germany,Germany,IT / software / cyber,72000000,betrieb infodienste,1,2536767.32,1.0,68.68
Germany,Germany,IT / software / cyber,72267000,"<n>-jw-softwarepflege, softwarewartung für die produkte creator und ci<n>all",1,8979821.0,1.0,68.68
Germany,Germany,IT / software / cyber,48000000,erweiterung antivirensoftwarelösung - <n>/<n> managed security operation center (soc),1,2486592.0,1.0,68.68
United Kingdom,United Kingdom,IT / software / cyber,72212211,nledp<n> - leds external integrations,1,18000000.0,1.0,68.68
Germany,Germany,IT / software / cyber,72260000,auslagerung des sap betriebs der lfa in die sap-cloud,1,9488122.18,1.0,68.68
United Kingdom,United Kingdom,IT / software / cyber,72222300,new mobilising system,1,31684106.0,1.0,68.68
Germany,Germany,IT / software / cyber,42961100,ausweisverwaltungssystem ocms des herstellers id-ware,1,2000000.0,1.0,68.68
Germany,Germany,IT / software / cyber,48000000,software und pflege im rahmen eines oracle ula,1,25716621.38,1.0,68.68
United Kingdom,United Kingdom,IT / software / cyber,72212100,enterprise resource planning implementation / sap replacement,1,2540000.0,1.0,68.68
United Kingdom,United Kingdom,IT / software / cyber,85100000,urgent community response service – nhs west yorkshire integrated care board (kirklees health and care partnership),1,3437203.0,1.0,68.68
United Kingdom,United Kingdom,IT / software / cyber,72268000,revenues & benefits - open revenues system,1,2703686.0,1.0,68.68
United Kingdom,United Kingdom,IT / software / cyber,35723000,,1,6200000.0,1.0,68.68
United Kingdom,United Kingdom,IT / software / cyber,72222300,adarga ea lite,1,12000000.0,1.0,68.68
United Kingdom,United Kingdom,IT / software / cyber,72000000,project bracis,1,17977680.0,1.0,68.68
Germany,Germany,IT / software / cyber,72268000,<n>-<n>-aaa-komponenten,1,33175919.68,1.0,68.68
United Kingdom,United Kingdom,IT / software / cyber,64200000,esmcp - mobile services agreement for the emergency services network,1,1850000000.0,1.0,68.68
United Kingdom,United Kingdom,IT / software / cyber,48000000,microsoft contract,1,2067584.76,1.0,68.68
United Kingdom,United Kingdom,IT / software / cyber,72000000,smart messaging sms,1,2619425.0,1.0,68.68
United Kingdom,United Kingdom,IT / software / cyber,72000000,flood modeller licenses renewal,1,2275000.0,1.0,68.68
Quebec,Canada - Quebec,IT / software / cyber,81111805,maintenance (mises à jour) et assistance technique de divers logiciels de la firme ibm canada limitée en utilisation par,1,2913715.0,1.0,68.68
United Kingdom,United Kingdom,IT / software / cyber,72000000,<n>-<n>-dts-at student records system (sits),1,2505780.0,1.0,68.68
United Kingdom,United Kingdom,IT / software / cyber,72000000,etmp regeneration - etmp migration platform software procurement,1,275366367.0,1.0,68.68
Germany,Germany,IT / software / cyber,48820000,leasing von <n> stück dell server system über eine laufzeit von <n> oder <n> jahren mit der option der verlängerung um e,1,3301882.0,1.0,68.68
United Kingdom,United Kingdom,IT / software / cyber,85111800,pathology managed service for midlands & east <n>,1,14000000.0,1.0,68.68
United Kingdom,United Kingdom,IT / software / cyber,48000000,hadean ea lite,1,20000000.0,1.0,68.68
United Kingdom,United Kingdom,IT / software / cyber,72000000,abdominal aortic aneurysm (aaa) screening it system,1,2177700.0,1.0,68.68
United Kingdom,United Kingdom,IT / software / cyber,72200000,"waste management software, in cab technology and route optimisation software",1,46182500.0,1.0,68.68
Quebec,Canada - Quebec,IT / software / cyber,43190000,acquisition de terminaux en radiocommunication sans fil sur le réseau p<n> pour le ministère de la cybersécurité et du n,1,63670796.52,1.0,68.68
United Kingdom,United Kingdom,IT / software / cyber,72317000,cloud & storage services,1,32911338.0,1.0,68.68
Germany,Germany,IT / software / cyber,31600000,"lieferung, montage und wartung einer experimentierumgebung für hybride lehr-/lernszenare",1,2000157.0,1.0,68.68
United Kingdom,United Kingdom,IT / software / cyber,72000000,advisory services regarding the sap s<n> to s<n>/hana system upgrade,1,3800000.0,1.0,68.68
Germany,Germany,IT / software / cyber,48000000,rahmenvertrag für den bezug von lizenzen und pflegeleistungen der software aris,1,2781997.44,1.0,68.68
United Kingdom,United Kingdom,IT / software / cyber,72000000,hmrc virtual desktop service (vstride),1,10103673.0,1.0,68.68
Quebec,Canada - Quebec,IT / software / cyber,43230000,acquisition de la solution darktrace (protection cybersécurité),1,2358688.0,1.0,68.68
United Kingdom,United Kingdom,IT / software / cyber,80660000,,1,4990000.0,1.0,68.68
United Kingdom,United Kingdom,IT / software / cyber,48100000,research management system,1,2916809.32,1.0,68.68
Germany,Germany,IT / software / cyber,72000000,rahmenvertrag software ucm,1,69025259.52,1.0,68.68
Germany,Germany,IT / software / cyber,48000000,"rv zum bezug von hard- und software für digitale ermittlungen mit funktionen für zugriff, extraktion, dekodierung, prüfu",1,4201680.6,1.0,68.68
Germany,Germany,IT / software / cyber,48440000,ergänzungsvereinbarung zum sap analytics cloud (sac) vertrag,1,3686443.08,1.0,68.68
United Kingdom,United Kingdom,IT / software / cyber,48000000,cfm<n> - total mobile solution,1,2833974.0,1.0,68.68
Quebec,Canada - Quebec,IT / software / cyber,43230000,location des logiciels de la firme ibm canada limitée en utilisation sur les ordinateurs centraux du ministère de la cyb,1,29328000.0,1.0,68.68
United Kingdom,United Kingdom,IT / software / cyber,48000000,enterprise infrastructure - virtualisation management software,1,3441439.62,1.0,68.68
United Kingdom,United Kingdom,IT / software / cyber,72268000,pkc<n> integrated hr and payroll system,1,2778391.0,1.0,68.68
United Kingdom,United Kingdom,IT / software / cyber,85000000,the provision of public health services: child weight management services and active choices (substance misuse recovery ,1,2150000.0,1.0,68.68
United Kingdom,United Kingdom,IT / software / cyber,80000000,royal society of chemistry read and publish <n>,1,2000000.0,1.0,68.68
United Kingdom,United Kingdom,IT / software / cyber,72000000,scriptswitch prescribing decision support national subscription,1,3421896.0,1.0,68.68
Germany,Germany,IT / software / cyber,48400000,bewertung gebäudezustand,1,3440215.0,1.0,68.68
United Kingdom,United Kingdom,IT / software / cyber,72212517,tactical application development for mp&dd,1,4700000.0,1.0,68.68
United Kingdom,United Kingdom,IT / software / cyber,72212218,microsoft licencing,1,2259150.09,1.0,68.68
Germany,Germany,IT / software / cyber,48000000,attack path management,1,2832757.5,1.0,68.68
United Kingdom,United Kingdom,IT / software / cyber,30000000,mfds and desktop printers for education authority offices,1,3000000.0,1.0,68.68
Germany,Germany,IT / software / cyber,72200000,lobbyregister und efra,1,2226287.5,1.0,68.68
Germany,Germany,IT / software / cyber,48000000,<n>-nf-inventarisierungslösung lizenzmanagement,1,13224732.0,1.0,68.68
United Kingdom,United Kingdom,Document / data processing,85100000,provision of pet-ct scanning capacity,1,1846000.0,5.0,68.56
Ireland,Ireland,IT / software / cyber,48000000.0,<n>pr<n> rft for the provision of program technical support services for existing oracle licenses and the supply and sup,2,824000.0,1.5,68.5
United Kingdom,United Kingdom,Web / digital,80000000,standardised assessment digital platform for primary and secondary schools,1,321555.0,1.0,68.5
United Kingdom,United Kingdom,Web / digital,79000000,wmfs firefighter attraction and selection service_<n>-<n>,1,189420.0,1.0,68.5
United Kingdom,United Kingdom,Web / digital,85321000,financial wellbeing service (community partnership commissioning),1,200000.0,1.0,68.5
Germany,Germany,Web / digital,33111000,röntgenbestrahlungsanlage für transfusionsmedizin,1,316688.0,1.0,68.5
United Kingdom,United Kingdom,Web / digital,85141210,qhm-<n>-<n> sunderland gp alliance csi portal - north area,1,273252.0,1.0,68.5
United Kingdom,United Kingdom,Language / transcription,85100000,ecg interpretation services,1,164494.0,1.0,68.5
Germany,Germany,Web / digital,79000000,effektive vermarktung von stellenangeboten der aok nordost zur gewinnung von qualifizierten bewerbenden,1,272000.0,1.0,68.5
Germany,Germany,Web / digital,72000000,dienstleistungen für den betrieb des fachverfahrens fme,1,282880.0,1.0,68.5
United Kingdom,United Kingdom,Web / digital,85000000,online postal sti testing kits,1,157048.73,1.0,68.5
United Kingdom,United Kingdom,Web / digital,31122100,hydus fuel cell,1,194000.0,1.0,68.5
Germany,Germany,Web / digital,48000000,rechercheportal - vergabebekanntmachung,1,437840.0,1.0,68.5
United Kingdom,United Kingdom,Language / transcription,79540000,devon integrated care board sign language interpretation,1,141710.0,1.0,68.5
Quebec,Canada - Quebec,Web / digital,81131500,"contrat des bien et des services, aviseo conseil inc.",1,114224.21,1.0,68.5
Germany,Germany,Web / digital,48000000,hydmedia g<n>,1,222364.0,1.0,68.5
Quebec,Canada - Quebec,Web / digital,81111805,contrat de service logiciel intellispace portal,1,392518.0,1.0,68.5
United Kingdom,United Kingdom,Language / transcription,85000000,speech and language services,1,102960.0,1.0,68.5
Germany,Germany,Web / digital,48000000,rv für it-dienstleistungen für das tesit-portal,1,260000.0,1.0,68.5
United Kingdom,United Kingdom,Web / digital,79341000,lbh advertising services,1,347625.0,1.0,68.5
United Kingdom,United Kingdom,Document / data processing,85150000,inhealth ltd - staffed mobile ct - ct<n> - psr,1,896400.0,1.0,68.36
TED,FIN,Document / data processing,NO_CODE,scanning tunnelling microscope,1,848760.0,1.0,68.36
TED,CHE,Document / data processing,NO_CODE,"cap _ centre archives et patrimoine, la chaux-de-fonds. lot <n> _ installations sanitaires, cfc <n>.<n>, cfc <n>, cfc <n",1,544260.7,1.0,68.36
TED,SWE,Document / data processing,NO_CODE,"support, underhåll och konsulttjänster iipax archive",1,1251650.0,1.0,68.36
TED,AT,Document / data processing,NO_CODE,"konfokales laser-scanning-mikroskop mit flim- und sted-funktion (inkl. lieferung, aufstellung, installation und vorbeuge",1,1324417.72,1.0,68.36
TED,FI,Document / data processing,NO_CODE,laser-scanning confocal microscope with time-correlated single photon counting (tcspc) based fluorescence lifetime imagi,1,814900.0,1.0,68.36
TED,CZ,Document / data processing,NO_CODE,souhrnné oznámení iv.q <n> rd práce v lesních školkách a klonových archivech na období <n> - <n> na území np a chko šuma,1,500786.0,1.0,68.36
TED,ITA,Document / data processing,NO_CODE,"servizi di digitalizzazione, metadatazione e post-produzione della fototeca dell’archivio storico delle arti contemporan",1,1461688.5,1.0,68.36
TED,ROU,Document / data processing,NO_CODE,servicii de digitizare a patrimoniului mobil și construire bază de date în cadrul proiectului “complex muzeal - galeria ,1,1030200.0,1.0,68.36
TED,SWE,Document / data processing,NO_CODE,scanning electron microscope (sem),1,1246882.0,1.0,68.36
TED,ESP,Document / data processing,NO_CODE,"contrato de suministro, instalación y mantenimiento de un scanning lidar",1,741633.42,1.0,68.36
TED,LT,Document / data processing,NO_CODE,analitinės programinės įrangos (sas) ir metadata driven information system (mdis) programinės įrangos licencijų viešasis,1,1295000.0,1.0,68.36
TED,CZE,Document / data processing,NO_CODE,rámcová dohoda_práce v lesních školkách a klonových archivech na období <n> - <n> na území np a chko šumava,1,661718.75,1.0,68.36
TED,DNK,Document / data processing,NO_CODE,scanning nitrogen vacancy magnetometer with variable temperature and magnetic fields,1,833720.0,1.0,68.36
TED,ESP,Document / data processing,NO_CODE,"maintenance and optimization of the psys, llrf, bpm digitizers, wr systems and prototyping and supply of new psys for th",1,1200000.0,1.0,68.36
TED,SWE,Document / data processing,NO_CODE,scanning electron microscope (sem) for rock samples,1,1621088.0,1.0,68.36
TED,ESP,Document / data processing,NO_CODE,"icfo-<n>-<n> subministrament, instal·lació i posada en funcionament d’un ‘nano infrared scanning probe microscope system",1,985000.0,1.0,68.36
Germany,Germany,Document / data processing,71323100,"nachtrassierung des hamburger <n> kv freileitungsnetzes <n>, los <n>: auswertung & erstellung von planunterlagen und los",1,1314165.0,0.5,68.36
TED,IT,Document / data processing,NO_CODE,"procedura aperta telematica sopra soglia comunitaria per l’affidamento della fornitura, installazione e messa in funzion",1,620000.0,1.0,68.36
United Kingdom,United Kingdom,Consulting / research / audit,79410000,ukri-<n> iuk nzl thriving places service delivery partner –lot <n>,4,940465.0,3.5,68.35
Germany,Germany,Training / education,45300000,"<n> <n> fr, uni, makromolekulare chemie, brandschutz und technische verbesserungen <n> elektro-, sicherheits- und inform",2,1365575.015,0.5,68.3
Germany,Germany,Training / education,79000000,"<n>-beratung in einer ""challenger-rolle"" und ""deep dive"" für die large scale solution (lss) s<n>giz",1,999864.0,1.0,68.3
Germany,Germany,Training / education,38433000,<n>-mhz-nmr-spektrometer,1,1680000.0,1.0,68.3
Ireland,Ireland,Training / education,80300000.0,moodle integration to improve student engagement and attainment,1,1500000.0,1.0,68.3
United Kingdom,United Kingdom,Training / education,85300000,ct<n> self- directed support (sds) advice and information service,1,1562742.0,1.0,68.3
United Kingdom,United Kingdom,Training / education,NO_CODE,visual impairment outreach services,1,701434.0,1.0,68.3
Germany,Germany,Training / education,80000000,zaw - bachelor professional in it - geprüfte/r berufsspezialist/in für systemintegration und vernetzung sowie geprüfte/r,1,1605132.2,1.0,68.3
Germany,Germany,Training / education,55000000,erbringung von konferenzservices,1,589440.0,1.0,68.3
United Kingdom,United Kingdom,Training / education,85100000,provision of a self-directed support (sds) independent information and advice service,1,749701.47,1.0,68.3
United Kingdom,United Kingdom,Training / education,NO_CODE,badger found dead and other wildlife species c<n>/<n>/<n>,1,876000.0,1.0,68.3
Ireland,Ireland,Training / education,80430000.0,delivery of accredited technical programmes for the financial services sector,1,850000.0,1.0,68.3
Ireland,Ireland,Training / education,80100000.0,call for tender for an external service provider to provide counsellors for in-school one-to-one counselling sessions un,1,600000.0,1.0,68.3
United Kingdom,United Kingdom,Training / education,80000000,special educational needs and disabilities information advice and support service,1,874985.0,1.0,68.3
United Kingdom,United Kingdom,Training / education,80000000,c<n> - delivery of an educational programme in child and adolescent psychotherapy to doctorate level (scqf level <n> or ,1,620850.0,1.0,68.3
United Kingdom,United Kingdom,Training / education,NO_CODE,fully managed vehicle recovery scheme,1,1000000.0,1.0,68.3
Ireland,Ireland,Training / education,80500000.0,training services in irish language for professionals,1,800000.0,1.0,68.3
Germany,Germany,Training / education,85312510,begleitende phase der assistierten ausbildung flexibel - asa flex,1,783000.0,1.0,68.3
Quebec,Canada - Quebec,Training / education,80000000,services professionnels d'un gestionnaire de programme de transformation ti,1,1087445.05,1.0,68.3
Germany,Germany,Training / education,38515000,"multiphotonenmikroskop inkl. lieferung, vorort-installation und training",1,1470493.1,1.0,68.3
United Kingdom,United Kingdom,Training / education,38000000,t<n> plant imaging equipment ( plant phenotyping gantry),1,689664.0,1.0,68.3
United Kingdom,United Kingdom,Training / education,80561000,dhsc: nhspp: mental health approvals function services-south panel,1,1067213.0,1.0,68.3
United Kingdom,United Kingdom,Training / education,NO_CODE,measured term contract for building repairs & maintenance at various council properties,1,800000.0,1.0,68.3
Germany,Germany,Training / education,45311000,erweiterung ammersee gymnasium ve <n> elektro- fernmelde- und informationstechnik,1,1301350.1,1.0,68.3
Germany,Germany,Training / education,75252000,leistungen der notfallrettung - besetzung eines bereitgestellten rettungswagens,1,1956051.6,1.0,68.3
United Kingdom,United Kingdom,Training / education,80561000,dhsc: nhspp: mental health approvals function services-north panel,1,1150000.0,1.0,68.3
Ireland,Ireland,Training / education,3410000.0,<n> <n> multi supplier framework agreement for the supply and delivery of woodwork class materials to louth and meath ed,1,500000.0,1.0,68.3
United Kingdom,United Kingdom,Training / education,38000000,"afbi - supply, delivery, and servicing of automated head-chamber systems (ahcs)",1,1500000.0,1.0,68.3
Quebec,Canada - Quebec,Training / education,81153001,services professionnels en technologie de l'information - spécialiste unit<n> erp pour divers projets et support post-im,1,1482027.75,1.0,68.3
United Kingdom,United Kingdom,Training / education,80510000,eexport & trade tech programme framework,1,600000.0,1.0,68.3
Germany,Germany,Training / education,79998000,beschaffung von coachingleistungen für projektleiter / teilprojektleiter des hessischen competence centers,1,526400.0,1.0,68.3
Germany,Germany,Training / education,85310000,schulsozialarbeit <n> bis <n> (los <n> und <n>),1,707391.34,0.5,68.3
Quebec,Canada - Quebec,Training / education,84110000,services d'audit des contrôles généraux des technologies de l'information (cgti),1,568244.62,1.0,68.3
United Kingdom,United Kingdom,Training / education,80000000,learning opportunities services,1,945000.0,1.0,68.3
Ireland,Ireland,Training / education,79998000.0,provision of coaching training to groups of local government employees,1,750000.0,1.0,68.3
Ireland,Ireland,Training / education,55500000.0,the provision of concessionary catering services for galway and roscommon education and training board (gretb),1,650000.0,1.0,68.3
United Kingdom,United Kingdom,Training / education,NO_CODE,"healthy schools, healthy early years and domestic abuse prevention",1,1050000.0,1.0,68.3
Ireland,Ireland,Training / education,80500000.0,call for tender for the provision of training for quality and qualifications ireland (qqi) commercial scuba diving opera,1,654180.0,1.0,68.3
United Kingdom,United Kingdom,Training / education,NO_CODE,invitation to tender for the provision of catering services at the lantern learning trust and hawksworth wood primary sc,1,978025.78,1.0,68.3
Quebec,Canada - Quebec,Training / education,80111504,"provincial - formation sur demande des équipes d'intervention incendie et sauvetage, des équipes aérodrome et des matièr",1,748261.4,1.0,68.3
Germany,Germany,Training / education,45300000,"<n> <n> fr, uni, kollegiengebäude ii (kg ii), sanierung <n>.ba <n>. + <n>. ta <n> elektro-, sicherheits- und information",1,1475076.73,1.0,68.3
United Kingdom,United Kingdom,Training / education,80500000,framework agreement for the provision of bikeability national standard training,1,1800000.0,1.0,68.3
Quebec,Canada - Quebec,Training / education,80111504,"provincial - services de formateurs, sur demande, pour la diffusion de formation pratique pour la conduite d’un chariot ",1,503920.0,1.0,68.3
Quebec,Canada - Quebec,Training / education,80111504,provincial - formation éclair-arc flash sur demande,1,912973.5,1.0,68.3
Germany,Germany,Training / education,85312300,informations- und beratungsstelle für berufsanerkennung und -qualifizierung für inhaber ausländischer berufsqualifikatio,1,661475.0,1.0,68.3
United Kingdom,United Kingdom,Training / education,85300000,integrated healthy lifestyle service ‘one you merton’,1,1784343.0,1.0,68.3
United Kingdom,United Kingdom,Training / education,98000000,universal information and advice service,1,1635000.0,1.0,68.3
Germany,Germany,Training / education,48000000,"abschluss von verträgen zur wartung, service, dienstleistung und ersatzbeschaffung für die cisco telefonie & kommunikati",1,747228.81,1.0,68.3
United Kingdom,United Kingdom,Training / education,71631100,lev service and maintenance services,1,810000.0,1.0,68.3
Quebec,Canada - Quebec,Training / education,81111000,contrat à exécution sur demande pour des services spécialisés en technologies de l’information,1,667220.4,1.0,68.3
Germany,Germany,Training / education,79820000,mailing kundenmagazin,1,732665.235,1.0,68.3
United Kingdom,United Kingdom,Training / education,NO_CODE,provision of training for assault iedd (aiedd) including human performance optimisation (hpo),1,600000.0,1.0,68.3
Germany,Germany,Training / education,71000000,ausbau der grundschule an der witzlebenstraße zum gebundenen ganztag -technische ausrüstung-,1,736228.71,1.0,68.3
Quebec,Canada - Quebec,Training / education,72131600,laurentides / saint-jérôme - réaménagement des salles de formation,1,1127747.0,1.0,68.3
Germany,Germany,Training / education,85310000,vergabe einer arbeitsmarktpolitischen fördermaßnahme für jugendliche und junge erwachsene unter <n> jahre,1,1279440.0,1.0,68.3
United Kingdom,United Kingdom,Training / education,80000000,heiw provision of ultrasound education and training services,1,1354080.0,1.0,68.3
Germany,Germany,Training / education,72514000,rahmenvereinbarung zur erneuerung- und outsourcing der it-infrastruktur der mittelstadt st. ingbert,1,1085248.8,1.0,68.3
Germany,Germany,Training / education,38514200,rasterkraftmikroskop für lokale elektronische und elektrochemische charakterisierung,1,589996.05,1.0,68.3
United Kingdom,United Kingdom,Training / education,85141000,"occupational health doctor & smp/irmp medical support, occupational health advisor & occupational health technician",1,1098000.0,1.0,68.3
United Kingdom,United Kingdom,Training / education,80561000,dhsc: nhspp: mental health approvals function services-midlands panel,1,1135143.0,1.0,68.3
Germany,Germany,Training / education,72260000,it-dienstleistungen im bereich office-support sowie betreuungs- und beratungsdienstleistungen für die informations- und ,1,1728000.0,1.0,68.3
Germany,Germany,Training / education,79340000,"konzeption, entwicklung und aktualisierung von informationsprodukten der prävention",1,1956000.0,1.0,68.3
Germany,Germany,Training / education,34000000,bau- und entsorgungsbetrieb emden; lieferung eines kombinierten saug- und spülfahrzeugs inkl. fahrgestell,1,795000.0,1.0,68.3
Germany,Germany,Training / education,38511100,lieferung einer afm-rem kombination,1,933000.0,1.0,68.3
United Kingdom,United Kingdom,Training / education,80500000,maintenance apprenticeship delivery,1,1089744.0,1.0,68.3
Quebec,Canada - Quebec,Training / education,43231505,acquisition d’un système d'information des ressources humaines et service d’implantation de la paie,1,1081201.7,1.0,68.3
Germany,Germany,Training / education,79410000,weiterführung des betriebs von bio.nrw,1,1110084.0,1.0,68.3
Germany,Germany,Training / education,42000000,kollaborierendes robotersystem,1,798950.0,1.0,68.3
Germany,Germany,Training / education,34992300,"rahmenvereinbarung über die lieferung, die wartung und das setzen von stationszeichen einschließlich der pflege der best",1,590000.0,1.0,68.3
Germany,Germany,Training / education,73000000,<n>/g<n>-leitung und inhaltliche koordinierung des forschungs-informations-systems (fis),1,1245000.0,1.0,68.3
Quebec,Canada - Quebec,Training / education,81110000,services professionnels pour la réalisation de la refonte du système de gestion de l’information du territoire (sigt),1,749826.0,1.0,68.3
Ireland,Ireland,Training / education,80400000.0,"rft for provision of services in the administration of examinations, the awarding of qualifications for the transport ma",1,697000.0,1.0,68.3
United Kingdom,United Kingdom,Training / education,80000000,"the provision of end point assessment services to service personnel of the rlc& rn undertaking the l<n> production chef,",1,1295239.73,1.0,68.3
Germany,Germany,Training / education,72250000,beschaffung von dienstleistungen für die weiterentwicklung im bereich konsens ginster server (<n> lose),1,998400.0,1.0,68.3
Germany,Germany,Training / education,45311000,starkstromanlage fernmelde- und informationstechnische anlagen,1,1946166.46,1.0,68.3
Germany,Germany,Training / education,45311200,erneuerung und erweiterung der strukturierten verkabelung: los <n> fernmelde- / informationstechnische anlagen,1,595137.48,1.0,68.3
Germany,Germany,Training / education,79630000,lag-management wein wald wasser e.v.,1,508000.0,1.0,68.3
United Kingdom,United Kingdom,Training / education,80561000,dhsc: nhspp: mental health approvals function services-london panel,1,1211615.52,1.0,68.3
United Kingdom,United Kingdom,Training / education,85312300,"integrated information, advice and guidance for adults and employer brokerage support for young people and adults",1,1395000.0,1.0,68.3
Germany,Germany,Training / education,45311200,"elektroinstallation, informationstechnik / neubau kombibad in bielefeld-jöllenbeck",1,979880.61,1.0,68.3
United Kingdom,United Kingdom,Training / education,85000000,<n>/<n> support for unpaid carers,1,1977480.0,1.0,68.3
Germany,Germany,Training / education,72200000,<n> - aris implementierungsdienstleister,1,785785.0,1.0,68.3
Quebec,Canada - Quebec,Training / education,25181714,"achat de dix-sept (<n>) semi-remorques de type fourgon <n> pieds tandem, neuves, pour le centre de formation du transpor",1,1193400.0,1.0,68.3
Germany,Germany,Training / education,48000000,okta lizenzen,1,1334787.22,1.0,68.3
Germany,Germany,Training / education,71300000,kontrolle und prüfung generalübernehmer alb-donau-kreis süd und biberach cluster <n>,1,600000.0,1.0,68.3
Germany,Germany,Training / education,80000000,zaw - informations- und telekommunikationssystem-elektroniker/in - neustadt/ holstein | pl <n>,1,865012.05,1.0,68.3
United Kingdom,United Kingdom,Training / education,80520000,provision of a firefighter training venue and facilities,1,500000.0,1.0,68.3
Germany,Germany,Training / education,45300000,"elektro-, sicherheits- und informationstechnische anlagen - mährfeldschule (ggs), röttgersweg <n>, <n> gelsenkirchen",1,1056937.82,1.0,68.3
Quebec,Canada - Quebec,Training / education,78130000,transport et entreposage de biens informationnels en voûte externe,1,577938.3,1.0,68.3
Germany,Germany,Training / education,45314320,finanzamt bautzen - konzentrierte unterbringung,1,668934.71,1.0,68.3
Germany,Germany,Training / education,73000000,gestis-stoffdatenbank,1,543720.0,1.0,68.3
United Kingdom,United Kingdom,Training / education,80310000,bsp-<n>-<n> the provision of training for the education authority youth service cadi programme,1,742500.0,1.0,68.3
United Kingdom,United Kingdom,Training / education,66520000,cordoba agreement pension scheme.,1,1037610.0,1.0,68.3
Germany,Germany,Training / education,79800000,druckdienstleistungen für die stadtwerke schneeberg gmbh,1,600000.0,0.0,68.3
United Kingdom,United Kingdom,Training / education,75200000,award of provision of a unpaid carers hub services,1,1730000.0,1.0,68.3
United Kingdom,United Kingdom,Training / education,90000000,waste transfer facility for kendal area waste.,1,640000.0,1.0,68.3
Quebec,Canada - Quebec,Training / education,90110000,lieu pour la formation annuelle des infirmières du ccsssbj - <n>e affichage,1,615700.0,1.0,68.3
Germany,Germany,Training / education,45314000,"blb nrw duisburg / geldern/ jva, asbestsanierung / fernmelde- und informationstechnik / <n>-<n>-<n>",1,848289.5,1.0,68.3
Quebec,Canada - Quebec,Training / education,46191605,"achat, entretien et formation d'outils de désincarcération",1,1456558.49,1.0,68.3
Germany,Germany,Training / education,72000000,i.s.h.med entwicklungsunterstützung,1,548000.0,1.0,68.3
Ireland,Ireland,Training / education,24000000.0,"single party framework agreement relating to the supply, delivery and commissioning of life sciences equipment for the c",1,500000.0,1.0,68.3
United Kingdom,United Kingdom,Training / education,85321000,dcaf - scotland's adoption register,1,731523.0,1.0,68.3
Germany,Germany,Training / education,71000000,rahmenvereinbarung wissenschaftliche begleitung wetnetbb teilprojekt <n>,1,1266000.0,1.0,68.3
United Kingdom,United Kingdom,Training / education,80320000,nhs sickle cell and thalassemia screening engagement and outreach,1,501084.5,1.0,68.3
United Kingdom,United Kingdom,Training / education,80100000,pan<n> - arts and therapy service for looked after children,1,801605.0,1.0,68.3
Germany,Germany,Training / education,72227000,beratung sap hcm,1,785920.0,1.0,68.3
United Kingdom,United Kingdom,Training / education,15700000,gllm animal feed framework agreement <n>,1,1800000.0,1.0,68.3
Germany,Germany,Training / education,45000000,matrix led-anzeigen - <n> led-matrixanzeigen an <n> standorten,1,952783.0,1.0,68.3
Quebec,Canada - Quebec,Training / education,43230000,acquisition d'un système d'information de surveillance en périnatalité,1,925430.12,1.0,68.3
Germany,Germany,Training / education,85312320,coaching für frauen in besonderen lebenslagen,1,817166.4,1.0,68.3
Ireland,Ireland,Training / education,80000000.0,contract for the provision of primary care small animal teaching and learning placements for veterinary students,1,500000.0,1.0,68.3
Ireland,Ireland,Training / education,80411000.0,multi-supplier framework to supply passenger service vehicle driving courses for dublin college further education and tr,1,850000.0,1.0,68.3
Germany,Germany,Training / education,80000000,neue wege - neue chancen,1,1019898.34,1.0,68.3
United Kingdom,United Kingdom,Training / education,NO_CODE,pp-<n> diocese of salisbury academy trust catering,1,1323172.35,1.0,68.3
United Kingdom,United Kingdom,Training / education,NO_CODE,id <n> dfe - intertradeireland supply chain programme,1,1975983.85,1.0,68.3
Quebec,Canada - Quebec,Training / education,86130000,formation en pilotage d’avion multimoteur aux instruments code et hydravion,1,827842.2,1.0,68.3
Germany,Germany,Training / education,72000000,"beratungsleistungen für die betriebsunterstützung, optimierung und weiterentwicklung der systeme der sicherheitsinfrastr",1,800000.0,1.0,68.3
United Kingdom,United Kingdom,Training / education,85000000,supported accommodation for young single people aged <n> – <n> (doncaster foyer),1,1150223.0,1.0,68.3
Quebec,Canada - Quebec,Training / education,25101900,acquisition d'une chargeuse navette <n>% électrique à batteries <n> tonnes pour le centre de formation professionnelle d,1,1300000.0,1.0,68.3
Quebec,Canada - Quebec,Training / education,25181714,"achat de <n> semi-remorques de type fourgon <n> pieds, neuves, pour le centre de formation du transport routier de saint",1,550400.0,1.0,68.3
United Kingdom,United Kingdom,Training / education,NO_CODE,workforce development training - motivational interviewing courses,1,1464900.0,1.0,68.3
United Kingdom,United Kingdom,Training / education,48813200,real time bus information system,1,820000.0,1.0,68.3
Germany,Germany,Training / education,45315100,"elektro-, fernmelde- und informationstechnik - erweiterung grundschule bungerhof",1,777388.96,1.0,68.3
Germany,Germany,IT / software / cyber,72260000,software des herstellers ibm (außer z-software für den ibm-mainframe) los <n>,2,205000000.0,2.5,68.28
Germany,Germany,IT / software / cyber,72210000,rahmenvertrag für externe dienst- und werkleistungen zur unterstützung der software-paketierung,1,4793600.0,3.0,68.28
United Kingdom,United Kingdom,IT / software / cyber,85000000,healthwatch liverpool,1,2046295.0,2.0,68.28
Germany,Germany,IT / software / cyber,72000000,incident response,1,2222400.0,2.0,68.28
United Kingdom,United Kingdom,IT / software / cyber,48000000,provision of a provision of a patient engagement portal,1,2235865.0,3.0,68.28
United Kingdom,United Kingdom,IT / software / cyber,NO_CODE,t<n> - internal audit resource,1,2000000.0,3.0,68.28
Ireland,Ireland,IT / software / cyber,72000000.0,supply of operations and managed service for application programming interface and identity management solution,1,2599400.0,3.0,68.28
Germany,Germany,IT / software / cyber,72000000,hosting der einheitlichen software für die hessischen gesundheitsämter,1,2051608.8,2.0,68.28
United Kingdom,United Kingdom,IT / software / cyber,85312330,integrated sexual health service <n>,1,22000000.0,2.0,68.28
United Kingdom,United Kingdom,IT / software / cyber,NO_CODE,specialised pharmaceutical logistics and warehouse services for vaccination & immunisation programmes,1,34222191.0,3.0,68.28
Germany,Germany,IT / software / cyber,72260000,beschaffung eines itsm-tools einschließlich software-support und dienstleistungen zur inbetriebnahme des tools,1,2600000.0,3.0,68.28
Germany,Germany,IT / software / cyber,72200000,produktnahe denstleistungen zu lotus notes und weiterer hcl software,1,3000000.0,2.0,68.28
United Kingdom,United Kingdom,IT / software / cyber,NO_CODE,application management services - the mayor's office for policing and crime,1,350000000.0,3.0,68.28
Germany,Germany,IT / software / cyber,75130000,"geschäftsstelle für ""ein quantum nrw""",1,3411130.26,3.0,68.28
Ireland,Ireland,IT / software / cyber,48000000.0,"software applications platforms, support and associated services",1,10000000.0,3.0,68.28
United Kingdom,United Kingdom,IT / software / cyber,35710000,integrated communication control system (iccs) and command and control mobilising system,1,23000000.0,2.0,68.28
United Kingdom,United Kingdom,IT / software / cyber,NO_CODE,"superimposed road marking, specialist surfacing and studs <n> - <n>",1,2417778.0,2.0,68.28
Germany,Germany,IT / software / cyber,72260000,rahmenvertrag für den bezug von tableu-softwareprodukten und dazugehörigen dienstleistungen,1,18075200.0,2.0,68.28
Germany,Germany,IT / software / cyber,72000000,unterstützungsleistungen für microsoft plattform bezogene softwarebereitstellungs-services - einführung neuer produkte i,1,4485888.0,2.0,68.28
Germany,Germany,IT / software / cyber,48000000,<n>-na-regscale,1,2459340.5,2.0,68.28
United Kingdom,United Kingdom,IT / software / cyber,NO_CODE,concession contract for the provision of electric vehicle charging points <n> - <n>,1,4000000000.0,3.0,68.28
United Kingdom,United Kingdom,IT / software / cyber,51000000,"concession contract for <n>,<n> electric vehicle <n>kw charging points across the london borough of enfield",1,3000000.0,3.0,68.28
Germany,Germany,IT / software / cyber,32424000,rahmenvertrag zur beschaffung von palo alto networks komponenten,1,3215042.74,3.0,68.28
United Kingdom,United Kingdom,IT / software / cyber,72000000,d&c ict managed service call off agreement,1,130000000.0,2.0,68.28
Germany,Germany,IT / software / cyber,48519000,<n>-nr-object-storage-sw-lösung,1,5565000.0,3.0,68.28
United Kingdom,United Kingdom,IT / software / cyber,NO_CODE,lcc - supply of highway traffic signal services,1,26779345.5,3.0,68.28
United Kingdom,United Kingdom,IT / software / cyber,92521100,"exhibition and museum interpretative fit-out requirements for the hull: yorkshire’s maritime city project, kingston upon",1,4480255.0,3.0,68.28
United Kingdom,United Kingdom,IT / software / cyber,85121100,alternative provider medical services (apms) at minehead medical practice to nhs somerset integrated care board,1,7883589.17,2.0,68.28
Germany,Germany,IT / software / cyber,48000000,rahmenvertrag für lizenzen des herstellers gitlab,1,4120928.5,3.0,68.28
Germany,Germany,IT / software / cyber,72260000,it-dienstleistungen und it-werkleistungen im bereich prozessmanagementsoftware adonis - restliche bundesverwaltung,1,7453500.0,3.0,68.28
Quebec,Canada - Quebec,IT / software / cyber,43210000,acquisition d'équipements et de contrats d'entretien informatiques extreme networks,1,2668485.96,2.0,68.28
Germany,Germany,IT / software / cyber,32000000,beschaffung von wan-kommunikationsverbindungen für die direkte anbindung von cloud lösungen an die infrastruktur des lan,1,3229116.16,2.0,68.28
Germany,Germany,IT / software / cyber,48000000,beschaffung von hard- und software des herstellers ibm sowie support für die storagevirtualisierungsumgebung der hzd,1,17600000.0,2.0,68.28
United Kingdom,United Kingdom,IT / software / cyber,72000000,vehicle telematics & related services framework,1,2200000.0,2.0,68.28
United Kingdom,United Kingdom,IT / software / cyber,72227000,crossing the border - service integrator,1,18500000.0,3.0,68.28
Germany,Germany,IT / software / cyber,45311000,<n>/<n> kw schönerlinde-ozonung; vp<n>: emsr-technik und prozessleittechnik,1,4106355.62,3.0,68.28
Germany,Germany,IT / software / cyber,48000000,license agreement für hochschulen in nrw für produkte von vmware by broadcom,1,7174610.0,2.0,68.28
Germany,Germany,IT / software / cyber,48900000,microsoft ea / proxmox subscriptions + <n>nd-level-support + dienstleistungen,1,33968762.505,1.5,68.28
Germany,Germany,IT / software / cyber,72000000,unterstützungsleistungen für ms plattform bezogene softwarebereitstellungs-services - hessenpc <n>.<n>,1,3127072.0,2.0,68.28
Germany,Germany,IT / software / cyber,72000000,unterstützungsleistungen für microsoft plattform bezogene softwarebereitstellungs-services - it infrastruktur-architektu,1,10547285.48,3.0,68.28
United Kingdom,United Kingdom,IT / software / cyber,72212190,personalised assessments in reading and numeracy,1,20000000.0,2.0,68.28
Germany,Germany,IT / software / cyber,48000000,rahmenvertrag handelspartner für vmware- (los <n>) und veeam-lizenzen (los <n>) sowie korrespondierenden leistungen,1,10750000.0,3.0,68.28
United Kingdom,United Kingdom,IT / software / cyber,48461000,"growth rooms, phenotyping and software itt",1,2851505.0,2.0,68.28
United Kingdom,United Kingdom,IT / software / cyber,72222300,logistics planning tool (replacement for rostering and mutual aid systems),1,8167531.22,3.0,68.28
Germany,Germany,IT / software / cyber,72260000,rahmenvereinbarung gaby - leistungen zur pflege und weiterentwicklung des it-systems gaby-plattform,1,4000000.0,2.0,68.28
United Kingdom,United Kingdom,IT / software / cyber,48000000,digital jury bundle's - software (pilot/implementation),1,9385159.0,2.0,68.28
Quebec,Canada - Quebec,IT / software / cyber,81110000,"prestation de services pour la fourniture sur demande de techniciens informatiques, de l'évolution bureautique à la vill",1,4929495.64,3.0,68.28
United Kingdom,United Kingdom,IT / software / cyber,72210000,northern ireland gp digital care services framework agreement,1,60000000.0,2.0,68.28
United Kingdom,United Kingdom,IT / software / cyber,75100000,provision of delivery associate support for local authorities,1,5166666.67,3.0,68.28
United Kingdom,United Kingdom,IT / software / cyber,NO_CODE,heat network project (secondary side works),1,5453000.0,2.0,68.28
United Kingdom,United Kingdom,IT / software / cyber,32300000,"body worn video hardware, software and support",1,2490500.0,2.0,68.28
Germany,Germany,IT / software / cyber,72000000,memfis – dienstleistung – weiterentwicklung berichtswesen,1,3895100.0,2.0,68.28
Germany,Germany,IT / software / cyber,48300000,microsoft landesvertrag sächsische hochschulen,1,7981428.26,2.0,68.28
Germany,Germany,IT / software / cyber,48000000,"""sap-cloudleistungen"", eca-<n>-<n>",1,6000000.0,2.0,68.28
Quebec,Canada - Quebec,IT / software / cyber,24102001,acquisition de cabinets informatiques pour le ministère de la cybersécurité et du numérique,1,2221555.58,2.0,68.28
Germany,Germany,IT / software / cyber,72200000,leistungen zur software- und web-entwicklung,1,3300000.0,2.0,68.28
United Kingdom,United Kingdom,IT / software / cyber,NO_CODE,clinical entrepreneur programme,1,4809158.55,2.0,68.28
United Kingdom,United Kingdom,IT / software / cyber,48100000,corporate booking system,1,3000000.0,3.0,68.28
United Kingdom,United Kingdom,IT / software / cyber,48000000,<n> <n>- mis-<n> platform and verification services – qualification management system,1,3746282.5,2.0,68.28
Germany,Germany,IT / software / cyber,48100000,rahmenvertrag kollaborationsplattform und administrationslösung für schulen zur unterstützung des digitalen lernens,1,6200000.0,2.0,68.28
Germany,Germany,IT / software / cyber,48983000,<n>-up-gitlab,1,10920512.25,2.0,68.28
Germany,Germany,IT / software / cyber,72317000,bereitstellung und implementierung einer staas-lösung zur erweiterung der vorhandenen storage-infrastruktur für die anst,1,3500000.0,3.0,68.28
Quebec,Canada - Quebec,IT / software / cyber,43231511,acquisition d’une solution informatique d’évaluation foncière,1,3298632.75,3.0,68.28
United Kingdom,United Kingdom,IT / software / cyber,NO_CODE,tfgm travelsafe support and enforcement officer requirement,1,71000000.0,3.0,68.28
Ireland,Ireland,IT / software / cyber,48000000.0,"single party framework for equine welfare, safety and integrity system to the irish horseracing regulatory board",1,2500000.0,2.0,68.28
United Kingdom,United Kingdom,IT / software / cyber,33140000,nhss bowel screening test kits and analysers,1,2534107.0,2.0,68.28
United Kingdom,United Kingdom,IT / software / cyber,85000000,"tc<n> carers manchester - pathway management, carer network co-ordination & provision of ‘carers manchester contact poin",1,4025000.0,2.0,68.28
Germany,Germany,IT / software / cyber,48000000,intrexx - softwarelizenzen sowie maintenance und support,1,2298477.26,3.0,68.28
United Kingdom,United Kingdom,IT / software / cyber,NO_CODE,milton keynes leisure management,1,15026929.0,3.0,68.28
Ireland,Ireland,IT / software / cyber,72000000.0,ict network management services,1,10000000.0,3.0,68.28
Ireland,Ireland,IT / software / cyber,48000000.0,department of defence - provision of software reseller services,1,6079571.0,2.0,68.28
United Kingdom,United Kingdom,IT / software / cyber,NO_CODE,blc<n> - framework for the provision of covert management systems,1,10000000.0,3.0,68.28
Germany,Germany,IT / software / cyber,72260000,it-dienstleistungen und it-werkleistungen im bereich prozessmanagementsoftware adonis - informationstechnikzentrum bund,1,4950000.0,3.0,68.28
Germany,Germany,IT / software / cyber,48000000,platform license cloud sg,1,3169499.39,3.0,68.28
Germany,Germany,IT / software / cyber,32500000,hard- und software des tk-herstellers innovaphone,1,13787610.98,3.0,68.28
United Kingdom,United Kingdom,IT / software / cyber,NO_CODE,persistent organic pollutants waste treatment contract,1,28407871.92,3.0,68.28
Germany,Germany,IT / software / cyber,32424000,rahmenvereinbarung extreme network,1,19283000.0,2.0,68.28
United Kingdom,United Kingdom,IT / software / cyber,85000000,southampton smokefree service,1,3382500.0,3.0,68.28
United Kingdom,United Kingdom,IT / software / cyber,NO_CODE,cheam high school and oaks park high school catering,1,3691295.0,3.0,68.28
Germany,Germany,IT / software / cyber,30200000,rahmenvertrag palo alto networks,1,8000000.0,2.0,68.28
United Kingdom,United Kingdom,IT / software / cyber,48000000,fleet and asset management system,1,2425789.1550000003,3.0,68.28
United Kingdom,United Kingdom,IT / software / cyber,09123000,<n>/<n> - ni network balancing gas,1,4500000.0,3.0,68.28
Germany,Germany,IT / software / cyber,48000000,windows lizenzen,1,5412736.02,2.0,68.28
United Kingdom,United Kingdom,IT / software / cyber,72000000,national mental health ccbt software,1,6840000.0,2.0,68.28
United Kingdom,United Kingdom,IT / software / cyber,48217000,weighbridge management solution at waste transfer stations in leicestershire,1,2000000.0,3.0,68.28
United Kingdom,United Kingdom,IT / software / cyber,79800000,print marketplace <n>,1,22000000.0,2.0,68.28
United Kingdom,United Kingdom,IT / software / cyber,79341000,recruitment advertising and public information notices - <n>,1,12000000.0,3.0,68.28
United Kingdom,United Kingdom,IT / software / cyber,NO_CODE,"wcc bus shelters, advertising and maintenance",1,3000000.0,2.0,68.28
Germany,Germany,IT / software / cyber,48000000,"überlassung von standardsoftware des herstellers bmc, softwarepflege und support (rahmenvereinbarung)",1,3207195.75,3.0,68.28
Ireland,Ireland,IT / software / cyber,48210000.0,"a single party framework for the provision of cisco umbrella, secure access and duo services",1,6000000.0,3.0,68.28
United Kingdom,United Kingdom,IT / software / cyber,45233210,spray injection patching - pothole repairs,1,6000000.0,3.0,68.28
United Kingdom,United Kingdom,IT / software / cyber,72000000,oracle application services,1,2878838.0,2.0,68.28
Germany,Germany,IT / software / cyber,79111000,rv zollrechtliche beratung & software-implementierung,1,6000000.0,2.0,68.28
Germany,Germany,IT / software / cyber,73200000,"projektträgerschaft des bundesministerium für forschung, technologie und raumfahrt (bmftr) im bereich „künstliche intell",1,23296000.0,3.0,68.28
United Kingdom,United Kingdom,IT / software / cyber,NO_CODE,prn<n> fire safety systems,1,8463000.0,2.0,68.28
United Kingdom,United Kingdom,IT / software / cyber,72000000,p-<n> large account reseller (lar) services for microsoft licensing,1,9000000.0,3.0,68.28
United Kingdom,United Kingdom,IT / software / cyber,72000000,- dynamic demand responsive transit (ddrt) system back-office operator,1,2500000.0,3.0,68.28
Germany,Germany,IT / software / cyber,48000000,rahmenvereinbarung zur beschaffung von fachverfahren für <n> kfz-zulassungsstellen und <n> fahrerlaubnisbehörden im land,1,26700000.0,2.0,68.28
United Kingdom,United Kingdom,IT / software / cyber,NO_CODE,contract for the provision of connections on dno cable network - phase <n>,1,2082900.0,2.0,68.28
United Kingdom,United Kingdom,IT / software / cyber,NO_CODE,eastern region rrv replacement,1,12463820.0,2.0,68.28
Germany,Germany,IT / software / cyber,48100000,schulverwaltungssoftware <n>,1,5500000.0,3.0,68.28
Germany,Germany,IT / software / cyber,48000000,"vmware cloud foundation lizenzen, eca-<n>-<n>",1,10320000.0,3.0,68.28
United Kingdom,United Kingdom,IT / software / cyber,NO_CODE,cloud migration partner,1,4000000.0,3.0,68.28
United Kingdom,United Kingdom,IT / software / cyber,NO_CODE,car park equipment and maintenance,1,2798748.94,3.0,68.28
Germany,Germany,IT / software / cyber,48800000,rahmenvereinbarung zur lieferung von standard-industrieservern im <n>“ format für den swr und weitere bezugsberechtigte,1,13500000.0,3.0,68.28
Germany,Germany,IT / software / cyber,48000000,rahmenvereinbarung adobe creative cloud,1,3453200.0,2.0,68.28
Ireland,Ireland,IT / software / cyber,72000000.0,augmented ict operations and infrastructure services,1,15600000.0,3.0,68.28
Germany,Germany,IT / software / cyber,72000000,it-werkleistungen und it-dienstleistungen für die softwareentwicklung im bereich ibm websphere - nur itzbund,1,80885000.0,3.0,68.28
United Kingdom,United Kingdom,IT / software / cyber,72000000,public contact improvement programme (pcip) - force control room technology solutions,1,18905227.82,2.0,68.28
United Kingdom,United Kingdom,IT / software / cyber,NO_CODE,electronic flight progress strips (efps),1,6400000.0,2.0,68.28
Ireland,Ireland,IT / software / cyber,72200000.0,software reseller services for microsoft and other vendors,1,12500000.0,2.0,68.28
Germany,Germany,IT / software / cyber,48000000,<n>-up-jfrog artifactory enterprise +,1,2015596.5,3.0,68.28
United Kingdom,United Kingdom,IT / software / cyber,50312600,"courtroom technology maintenance, support and upgrade services",1,12000000.0,2.0,68.28
United Kingdom,United Kingdom,IT / software / cyber,48000000,ces - property management system,1,2354097.43,3.0,68.28
Germany,Germany,IT / software / cyber,48624000,<n> - rahmenvereinbarung microsoft enterprise agreement <n>,1,3779768.06,3.0,68.28
United Kingdom,United Kingdom,IT / software / cyber,NO_CODE,future high potential initial teacher training (hpitt) programme,1,89000000.0,3.0,68.28
Germany,Germany,IT / software / cyber,48100000,<n>-up-kubermatic,1,12000000.0,2.0,68.28
United Kingdom,United Kingdom,IT / software / cyber,NO_CODE,subsidised bus tender - t<n> - service <n>,1,3500000.0,3.0,68.28
Germany,Germany,IT / software / cyber,48000000,rahmenvereinbarung software zur durchführung von wirtschaftlichkeitsuntersuchungen,1,14785700.0,2.0,68.28
United Kingdom,United Kingdom,IT / software / cyber,75241000,victim care hub,1,4391667.0,2.0,68.28
United Kingdom,United Kingdom,IT / software / cyber,50111110,national roadside repair and recovery (nrrrc),1,6110000.0,3.0,68.28
Ireland,Ireland,IT / software / cyber,72000000.0,invitation to tender the provision of onsite ict technician support services to kildare wicklow education and training b,1,2048000.0,2.0,68.28
Germany,Germany,IT / software / cyber,30232100,hannit - druck- und kopierkonzept,1,40395156.305,3.0,68.28
United Kingdom,United Kingdom,IT / software / cyber,NO_CODE,phase <n> - silicon sands campus,1,250000000.0,3.0,68.28
Germany,Germany,IT / software / cyber,30200000,<n>-as-dns infloblox,1,9000000.0,2.0,68.28
United Kingdom,United Kingdom,IT / software / cyber,79140000,westminster advice service partnership,1,14877698.0,3.0,68.28
Ireland,Ireland,IT / software / cyber,72200000.0,it<n>f rft to establish a supplier framework agreement for the provision of services to development and support of the s,1,2576000.0,3.0,68.28
Germany,Germany,IT / software / cyber,72260000,"""software asset management-tool"", eca-<n>-<n>",1,3800000.0,3.0,68.28
Germany,Germany,IT / software / cyber,30200000,"beschaffung einer antiviren- und antispam-lösung (bereitstellung als software, software-appliance oder hardware-applianc",1,2470000.0,2.0,68.28
Quebec,Canada - Quebec,IT / software / cyber,43211600,acquisition des accessoires informatiques,1,4863823.48,2.0,68.28
United Kingdom,United Kingdom,IT / software / cyber,85000000,healthwatch birmingham and solihull,1,3639874.0,2.0,68.28
Germany,Germany,IT / software / cyber,48000000,"""oracle-java-lizenzen"", eca-<n>-<n>",1,4300000.0,2.0,68.28
United Kingdom,United Kingdom,IT / software / cyber,09310000,<n>/<n> - supply of electricity to gni uk,1,2229620.0,2.0,68.28
Germany,Germany,IT / software / cyber,71248000,"ingenieurleistung der bauüberwachung und fachtechnische begleitung zur ""rahmenvereinbarung servicemanagement e/msr"" los ",1,2959860.755,3.0,68.28
Germany,Germany,IT / software / cyber,30000000,"beschaffung einer antiviren- und antispam-lösung (bereitstellung als software, software-appliance oder hardware-applianc",1,2058200.0,2.0,68.28
Germany,Germany,IT / software / cyber,72000000,"rahmenvertrag für externe unterstützung zur software testoffice los<n>: beratungs-, service- und entwicklungsleistungen",1,2655990.0,2.0,68.28
United Kingdom,United Kingdom,IT / software / cyber,48000000,segfl national software framework,1,500000000.0,2.0,68.28
Germany,Germany,IT / software / cyber,48322000,mpg adobe <n> (az: <n>),1,5050000.0,3.0,68.28
United Kingdom,United Kingdom,IT / software / cyber,48000000,provision of oracle erp and dms managed services,1,4185000.0,2.0,68.28
United Kingdom,United Kingdom,IT / software / cyber,72000000,gcc<n>cpu – the provision of compute and storage services,1,44932948.31,2.0,68.28
United Kingdom,United Kingdom,IT / software / cyber,39711124,automated large-scale ultra-low temperature biological sample archive,1,27301466.0,3.0,68.28
Germany,Germany,IT / software / cyber,72000000,hard- und software-support sowie hardware-erweiterungen für die bestehende bandrobotik,1,20868000.0,2.0,68.28
Germany,Germany,IT / software / cyber,72000000,rv it-dienstleistungen und softwareentwicklung für das dokumentenmanagement des bva,1,25210000.0,2.0,68.28
Germany,Germany,IT / software / cyber,72000000,"""secure distribution layer (sdl)"", eca-<n>-<n>",1,4500000.0,3.0,68.28
United Kingdom,United Kingdom,IT / software / cyber,60182000,planer and paver hire with operator including supplementary plant,1,4430957.8,3.0,68.28
Ireland,Ireland,IT / software / cyber,48000000.0,request for tenders for the provision of a ticket tracking system,1,6352676.0,2.0,68.28
Germany,Germany,IT / software / cyber,48517000,<n>-cs-rpa,1,12200000.0,2.0,68.28
United Kingdom,United Kingdom,IT / software / cyber,NO_CODE,framework for the provision of multifunctional devices,1,138000000.0,3.0,68.28
Germany,Germany,IT / software / cyber,72230000,rahmenvertrag für dienstleistungen für das fachverfahren wind,1,3584000.0,3.0,68.28
United Kingdom,United Kingdom,IT / software / cyber,85000000,<n>-<n> mental health employment support service,1,2916894.0,3.0,68.28
Germany,Germany,IT / software / cyber,72200000,softwareentwicklungsplattform für die entwicklung nativer mobiler applikationen <n>,1,3500000.0,3.0,68.28
Ireland,Ireland,IT / software / cyber,72000000.0,srft provision of infrastructure as a service partner,1,5000000.0,2.0,68.28
Germany,Germany,IT / software / cyber,32422000,produkte des herstellers extreme networks,1,40000000.0,3.0,68.28
Germany,Germany,IT / software / cyber,48620000,beschaffung neuer microsoft lizenzen über einen handelspartner,1,2465701.28,3.0,68.28
Germany,Germany,IT / software / cyber,30000000,rahmenvertrag apple-hardware und -leistungen <n>,1,3000000.0,2.5,68.28
United Kingdom,United Kingdom,IT / software / cyber,72000000,blc<n> - framework for systems to manage specialist police competencies and assets,1,10000000.0,3.0,68.28
Germany,Germany,IT / software / cyber,48780000,lotus notes und weitere hcl software,1,8000000.0,2.0,68.28
United Kingdom,United Kingdom,IT / software / cyber,NO_CODE,leeds city centre heat network,1,3405000000.0,2.0,68.28
Germany,Germany,IT / software / cyber,72260000,"proxmox supportleistungen, eca-<n>-<n>",1,12612000.0,2.0,68.28
United Kingdom,United Kingdom,Creative / communications / print,45453100,fire precautionary works,2,6000000.0,1.0,68.24
United Kingdom,United Kingdom,Creative / communications / print,NO_CODE,id <n> daera - cafre - horticulture pilot scheme,1,5020000.0,1.0,68.24
United Kingdom,United Kingdom,Creative / communications / print,80340000,"bsp-<n>-<n> independent mediation and dispute, avoidance resolution service for children and young people who have or ma",1,3535000.0,1.0,68.24
United Kingdom,United Kingdom,Creative / communications / print,NO_CODE,"royal observatory greenwich, redevelopment and refurbishment",1,35000000.0,1.0,68.24
United Kingdom,United Kingdom,Creative / communications / print,NO_CODE,competitive land design and build contract within nihe area dungiven (<n>-<n> units),1,6700000.0,1.0,68.24
United Kingdom,United Kingdom,Creative / communications / print,85000000,provision of an opd intervention service (the fens service) located within hmp whitemoor,1,18500000.0,1.0,68.24
Ireland,Ireland,Creative / communications / print,79800000.0,request for tenders under open ojeu procedure for managed print services to include paper for technological university d,1,2500000.0,1.0,68.24
United Kingdom,United Kingdom,Creative / communications / print,75120000,continuous adult social care (asc) and public health improvement for local authorities and practitioners,1,6644124.0,1.0,68.24
Germany,Germany,Creative / communications / print,45310000,elektrotechnische anlagen,1,3042676.49,1.0,68.24
United Kingdom,United Kingdom,Creative / communications / print,NO_CODE,"<n> - livin - repairs, maintenance, and compliance",1,210000000.0,1.0,68.24
United Kingdom,United Kingdom,Creative / communications / print,79341000,id <n> - delivery of campaign advertising services for the further education (fe) ni colleges,1,2000000.0,1.0,68.24
United Kingdom,United Kingdom,Creative / communications / print,85000000,bmc<n>-<n> - home care <n> - approved provider list - apl open framework,1,17000000.0,1.0,68.24
United Kingdom,United Kingdom,Creative / communications / print,42900000,<n> - diamond-ii hom-damped rf cavities,1,3667150.0,1.0,68.24
Quebec,Canada - Quebec,Creative / communications / print,43221700,"service de télécommunication - réseau étendu (fournitures, installations et services)",1,7586406.74,1.0,68.24
United Kingdom,United Kingdom,Creative / communications / print,NO_CODE,developing adaptable pharmacy professionals through training and education,1,49470000.0,1.0,68.24
Quebec,Canada - Quebec,Creative / communications / print,25101701,"acquisition de <n> véhicules lourds d'intervention neufs comprenant les équipements d'intervention, les systèmes d'urgen",1,9078774.62,1.0,68.24
United Kingdom,United Kingdom,Creative / communications / print,NO_CODE,surveillance systems dsa,1,7726000.0,1.0,68.24
United Kingdom,United Kingdom,Creative / communications / print,70333000,prf <n>: delivery partner to undertake compliance checks,1,5440000.0,1.0,68.24
United Kingdom,United Kingdom,Creative / communications / print,NO_CODE,bus shelter advertising concession and maintenance services,1,5000000.0,1.0,68.24
United Kingdom,United Kingdom,Creative / communications / print,NO_CODE,"prn<n> ballymoney area land, design & build",1,6125000.0,1.0,68.24
Ireland,Ireland,Creative / communications / print,79800000.0,eq<n>c - cft for the provision of managed print services for the university of limerick.,1,2000000.0,1.0,68.24
United Kingdom,United Kingdom,Creative / communications / print,NO_CODE,"classified advertising framework agreement for the northern ireland civil service, agencies and non-departmental public ",1,4000000.0,1.0,68.24
United Kingdom,United Kingdom,Creative / communications / print,NO_CODE,"recycling, waste & street cleansing contract",1,348600000.0,1.0,68.24
Germany,Germany,Creative / communications / print,31700000,rahmenvereinbarung für gehostete chipdesign-plattform mit chipherstellung für das barkhausen institut ggmbh,1,3500000.0,1.0,68.24
Ireland,Ireland,Creative / communications / print,79800000.0,et<n> – rft for the provision of essential driver training and initial basic training logbooks,1,5750000.0,1.0,68.24
United Kingdom,United Kingdom,Creative / communications / print,85100000,sexual health treatment and prevention services,1,94233312.0,1.0,68.24
United Kingdom,United Kingdom,Creative / communications / print,48814400,decision support services,1,4500000.0,1.0,68.24
United Kingdom,United Kingdom,Creative / communications / print,NO_CODE,the seren academy national delivery programme,1,7765303.0,1.0,68.24
United Kingdom,United Kingdom,Creative / communications / print,NO_CODE,"prn<n> antrim area land, design & build",1,10900000.0,1.0,68.24
Germany,Germany,Creative / communications / print,32320000,e<n>/erneuerung der regie <n> und studios in hh-lokstedt,1,2885544.36,1.0,68.24
United Kingdom,United Kingdom,Creative / communications / print,NO_CODE,private rented sector licensing and inspection,1,3479000.0,1.0,68.24
Ireland,Ireland,Creative / communications / print,71314000.0,"provision of market surveillance services in relation to the eu ecodesign, energy labelling and tyre labelling regulatio",1,2603000.0,1.0,68.24
United Kingdom,United Kingdom,Creative / communications / print,85312300,domestic abuse support services (family safeguarding plus),1,2752355.0,1.0,68.24
United Kingdom,United Kingdom,Creative / communications / print,98351110,decriminalised parking and traffic enforcement services,1,150000000.0,1.0,68.24
United Kingdom,United Kingdom,Creative / communications / print,09121200,<n>_<n> supply of mains gas,1,400000000.0,1.0,68.24
United Kingdom,United Kingdom,Creative / communications / print,42000000,electrode notching & stacking equipment,1,5472960.0,1.0,68.24
Germany,Germany,Creative / communications / print,45312100,informations- und kommunikationstechnik,1,4192869.03,1.0,68.24
United Kingdom,United Kingdom,Creative / communications / print,85100000,"provision of child and adolescent mental health services (camhs) for nhs shropshire, telford and wrekin integrated care ",1,95655952.0,1.0,68.24
United Kingdom,United Kingdom,Creative / communications / print,79340000,tc<n> large format advertising,1,88056812.91,1.0,68.24
Germany,Germany,Creative / communications / print,32424000,rahmenvertrag hpe aruba netzwerkkomponenten (lan) <n>,1,11251572.54,1.0,68.24
United Kingdom,United Kingdom,Creative / communications / print,NO_CODE,"forest governance, markets and climate (fgmc<n>) facilitation service",1,11204365.16,1.0,68.24
Ireland,Ireland,Creative / communications / print,34923000.0,"design, supply, installation and commissioning of traffic signal equipment <n> - <n> for kildare county council",1,4000000.0,1.0,68.24
Germany,Germany,Creative / communications / print,32232000,videokonferenzsysteme -zurückversetzt,1,18000000.0,1.0,68.24
United Kingdom,United Kingdom,Creative / communications / print,79000000,framework for the provision of workforce services,1,640000000.0,1.0,68.24
United Kingdom,United Kingdom,Creative / communications / print,NO_CODE,kirklees intervention and support service,1,16334490.0,1.0,68.24
United Kingdom,United Kingdom,Creative / communications / print,85144000,residential intermediate care for people with complex needs including physical healthcare needs and homelessness/ risk o,1,6745744.0,1.0,68.24
Quebec,Canada - Quebec,Creative / communications / print,14110000,acquisition de rouleaux de papier traités des deux côtés pour impression jet d’encre adm-<n>,1,2376642.0,1.0,68.24
Quebec,Canada - Quebec,Creative / communications / print,81110000,entretien système de radiocommunication,1,2577736.63,1.0,68.24
United Kingdom,United Kingdom,Creative / communications / print,85300000,help <n> live at home (<n>),1,6201300000.0,1.0,68.24
United Kingdom,United Kingdom,Creative / communications / print,75211200,land facility main component,1,27250000.0,1.0,68.24
United Kingdom,United Kingdom,Creative / communications / print,50111000,provision of a fully managed fleet store,1,2868929.0,1.0,68.24
Quebec,Canada - Quebec,Creative / communications / print,43222612,<n>-<n> (gp) acquisition de commutateurs en télécommunication,1,17817302.15,1.0,68.24
United Kingdom,United Kingdom,Creative / communications / print,50610000,nipb <n> custody suite communication systems services - psni estate,1,3654484.0,1.0,68.24
United Kingdom,United Kingdom,Creative / communications / print,37414000,the supply of operational ration heater systems,1,3625000.0,1.0,68.24
United Kingdom,United Kingdom,Creative / communications / print,NO_CODE,dial-a-ride taxicard and moat overspill services,1,3950000.0,1.0,68.24
Quebec,Canada - Quebec,Creative / communications / print,81160000,"<n>-<n>-qf<n> - exploitation, maintenance et évolution des réseaux, des infrastructures de télécommunication, de la télé",1,8035683.9,1.0,68.24
United Kingdom,United Kingdom,Creative / communications / print,85300000,tc<n> - special education need (sen) outreach service,1,3320000.0,1.0,68.24
Germany,Germany,Creative / communications / print,39154100,"design, konzeption & bereitstellung von bayerischen gemeinschaftsständen auf technologie-leitmessen",1,3811280.0,1.0,68.24
Quebec,Canada - Quebec,Creative / communications / print,43221531,<n>-<n> (sr) fourniture et installation d’un système complet de radiocommunication,1,2920948.89,1.0,68.24
United Kingdom,United Kingdom,Creative / communications / print,NO_CODE,<n> bikeability cycle training contract,1,2208333.33,1.0,68.24
United Kingdom,United Kingdom,Creative / communications / print,79341000,p-<n> on vehicle advertising <n>,1,10000000.0,1.0,68.24
United Kingdom,United Kingdom,Creative / communications / print,75200000,criminal justice focused independent sexual violence advisor service,1,6638785.0,1.0,68.24
United Kingdom,United Kingdom,Creative / communications / print,NO_CODE,psni property management services contract <n>,1,42470868.77,1.0,68.24
United Kingdom,United Kingdom,Creative / communications / print,NO_CODE,strategic systems development & support,1,19682041.0,1.0,68.24
United Kingdom,United Kingdom,IT / software / cyber,85121252,pro-active frailty healthcare service - north east lincolnshire,5,771422.0,1.0,68.2
Germany,Germany,Web / digital,72000000,miniwettbewerb aus rahmenvertrag as<n> los <n> rolle senior projektmanager,4,696111.5,3.5,68.2
United Kingdom,United Kingdom,IT / software / cyber,48333000,nec contract management system for lower thames crossing,2,1092650.0,1.0,68.2
Germany,Germany,IT / software / cyber,38400000,"ersatz- und ergänzungsbeschaffungen von softwarelösungen für den digitalen unterricht, digitaler messwerttechnik und mod",2,1775000.0,1.0,68.2
Quebec,Canada - Quebec,IT / software / cyber,43000000,solution informatique de capture précise de l’information sur les fournitures dispendieuses utilisées en hémodynamie et ,2,1625000.0,1.0,68.2
Germany,Germany,IT / software / cyber,48000000,"verlängerung sowie erweiterung der softwaremiete, der softwarepflege und des supports für eine rpa-software (rpa = robot",2,1384855.0,1.0,68.2
United Kingdom,United Kingdom,IT / software / cyber,72268000,asset lifecycle management and maintenance management software,1,609482.0,1.0,68.2
United Kingdom,United Kingdom,IT / software / cyber,72260000,revenues and benefits software system,1,986245.0,1.0,68.2
United Kingdom,United Kingdom,IT / software / cyber,31711424,ukri-<n> clara linac <n> replacement modulators,1,684800.0,1.0,68.2
United Kingdom,United Kingdom,IT / software / cyber,72000000,hosted revenues and benefits software solution,1,993704.0,1.0,68.2
Germany,Germany,IT / software / cyber,48000000,rpa-software,1,602516.76,1.0,68.2
United Kingdom,United Kingdom,IT / software / cyber,48000000,student learning journey,1,677806.0,1.0,68.2
United Kingdom,United Kingdom,IT / software / cyber,48000000,ebct <n> revenues & benefits system,1,610638.0,1.0,68.2
Germany,Germany,IT / software / cyber,48000000,software lizenzen safe fme und unterstützungsleistung,1,858480.0,1.0,68.2
United Kingdom,United Kingdom,IT / software / cyber,72267000,support and maintenance of mosaic case management system,1,567478.0,1.0,68.2
United Kingdom,United Kingdom,IT / software / cyber,48000000,hr information system,1,640000.0,1.0,68.2
United Kingdom,United Kingdom,IT / software / cyber,72222300,education information management system,1,1530000.0,1.0,68.2
Germany,Germany,IT / software / cyber,48000000,rv erneuerung hard- und software prozessleitsystem gkw stammheim,1,1669442.0,1.0,68.2
United Kingdom,United Kingdom,IT / software / cyber,72000000,overarching infomentum contract,1,1712500.0,1.0,68.2
United Kingdom,United Kingdom,IT / software / cyber,72267000,provision of pharmacy system support,1,601603.42,1.0,68.2
Quebec,Canada - Quebec,IT / software / cyber,81111805,service d’assistance technique et de maintenance pour les logiciels fme server et desktop du fabricant safe software.,1,695000.0,1.0,68.2
United Kingdom,United Kingdom,IT / software / cyber,48517000,"agresso - licences, support & maintenance",1,748857.9,1.0,68.2
United Kingdom,United Kingdom,IT / software / cyber,72000000,remediation plan and execution,1,950000.0,1.0,68.2
United Kingdom,United Kingdom,IT / software / cyber,48000000,education jobs board and applicant tracking system,1,1087506.46,1.0,68.2
Quebec,Canada - Quebec,IT / software / cyber,43000000,acquisiton d'une solution infonuagique iaas - cloud privé,1,1182814.0,1.0,68.2
United Kingdom,United Kingdom,IT / software / cyber,72222300,low code development platform,1,831592.8,1.0,68.2
United Kingdom,United Kingdom,IT / software / cyber,72000000,digital identity beta contract,1,982702.0,1.0,68.2
Quebec,Canada - Quebec,IT / software / cyber,43230000,abonnement pour la solution citrix cloud daas,1,923322.08,1.0,68.2
United Kingdom,United Kingdom,IT / software / cyber,48000000,digital evidence management solution,1,1134180.0,1.0,68.2
United Kingdom,United Kingdom,IT / software / cyber,72268000,property management software renewal,1,1246543.0,1.0,68.2
United Kingdom,United Kingdom,IT / software / cyber,72000000,qube licences and development <n>-<n>,1,545521.0,1.0,68.2
United Kingdom,United Kingdom,IT / software / cyber,72261000,software support and maintenance for nec systems,1,513933.91,1.0,68.2
Germany,Germany,IT / software / cyber,48331000,virtueller projektraum sbh/gmh,1,1337814.9,1.0,68.2
Germany,Germany,IT / software / cyber,48100000,beschaffung einer verwaltungsfachsoftware für gewerbeverfahren,1,1900000.0,1.0,68.2
United Kingdom,United Kingdom,IT / software / cyber,48442000,income management system,1,1818830.0,1.0,68.2
United Kingdom,United Kingdom,IT / software / cyber,48481000,crm & marketing cloud renewal,1,1419463.83,1.0,68.2
Germany,Germany,IT / software / cyber,48190000,beschaffung anwendungssoftware splint - ab schuljahr <n>/<n>,1,924369.92,1.0,68.2
Germany,Germany,IT / software / cyber,72267000,verlängerung softwarewartung opentext lizenzen,1,1622596.0,1.0,68.2
United Kingdom,United Kingdom,IT / software / cyber,85323000,mental health practitioners in pcn’s and smi health checks,1,797194.0,1.0,68.2
United Kingdom,United Kingdom,IT / software / cyber,72222300,urban traffic management and control system (utmc),1,680699.6,1.0,68.2
United Kingdom,United Kingdom,IT / software / cyber,72212218,microsoft <n> licenses,1,1027694.52,1.0,68.2
United Kingdom,United Kingdom,IT / software / cyber,72222300,"supply, installation and on-going support and maintenance of total connect",1,1565218.76,1.0,68.2
United Kingdom,United Kingdom,IT / software / cyber,32427000,network ela agreement,1,1411434.0,1.0,68.2
Germany,Germany,IT / software / cyber,33160000,"op-navigation, los <n> lud, los <n> mur",1,1375179.94,1.0,68.2
Germany,Germany,IT / software / cyber,72267000,zeiterfassungssoftware - wartung und dienstleistung,1,614116.0,1.0,68.2
United Kingdom,United Kingdom,IT / software / cyber,72000000,education management information system,1,594884.15,1.0,68.2
United Kingdom,United Kingdom,IT / software / cyber,48461000,supply & maintenance of bowtie licences,1,584359.0,1.0,68.2
Quebec,Canada - Quebec,IT / software / cyber,81162000,hébergement infonuagique de l’infrastructure informatique du musée sur microsoft azure,1,750000.0,1.0,68.2
Quebec,Canada - Quebec,IT / software / cyber,81112502,mandat au ministre de la cybersécurité et du numérique pour le dossier de collaboration et bureautique (mcn),1,978215.03,1.0,68.2
United Kingdom,United Kingdom,IT / software / cyber,72261000,award of oracle support renewal with r<n> upgrade and licence levelling (gcu),1,516181.7,1.0,68.2
United Kingdom,United Kingdom,IT / software / cyber,48000000,adobe etla <n>-<n>,1,761202.6,1.0,68.2
United Kingdom,United Kingdom,IT / software / cyber,85100000,nhswyicb - community urgent eyecare service (cues),1,822500.0,1.0,68.2
United Kingdom,United Kingdom,IT / software / cyber,72000000,gcloud <n> anima online consultation,1,747751.6799999999,1.0,68.2
United Kingdom,United Kingdom,IT / software / cyber,72000000,id <n> - psni dac <n>/<n> -cifex ibis - integrated ballistic identification system dac,1,784825.5,1.0,68.2
Germany,Germany,IT / software / cyber,72000000,cloud service success factors,1,700000.0,1.0,68.2
United Kingdom,United Kingdom,IT / software / cyber,75310000,revenue and benefits service portal,1,862749.0,1.0,68.2
United Kingdom,United Kingdom,IT / software / cyber,72320000,intention to award a contract for hosting & support of snd & sfsd,1,700000.0,1.0,68.2
Quebec,Canada - Quebec,IT / software / cyber,81111805,maintenance (mises à jour) et assistance technique pour divers logiciels de la firme rocket software inc. via sa filiale,1,1930452.66,1.0,68.2
Germany,Germany,IT / software / cyber,48100000,oracle softwarelizenzen und herbeiführung der betriebsbereitschaft,1,1467321.18,1.0,68.2
United Kingdom,United Kingdom,IT / software / cyber,72260000,revenues & benefits system solution,1,827318.0,1.0,68.2
Germany,Germany,IT / software / cyber,72260000,migration dienstplanungs- und zeiterfassungssystem atoss in atoss-cloud,1,1700344.99,1.0,68.2
United Kingdom,United Kingdom,IT / software / cyber,48000000,surrey crisis team evouchers <n>,1,1200000.0,1.0,68.2
Germany,Germany,IT / software / cyber,48000000,software-as-a-service-vertrag mit deepl,1,1121400.0,1.0,68.2
Quebec,Canada - Quebec,IT / software / cyber,81111805,maintenance (mises à jour) et assistance technique des produits optimize-idms de la firme precisely software incorporate,1,665069.51,1.0,68.2
Quebec,Canada - Quebec,IT / software / cyber,81111000,hébergement des serveurs informatiques de la stq dans l'infonuagique,1,594000.0,1.0,68.2
Germany,Germany,IT / software / cyber,48600000,browsergestützte pathologiesoftware inkl. <n> monate pflege,1,612000.0,1.0,68.2
United Kingdom,United Kingdom,IT / software / cyber,48000000,wp<n> provision of adults and children's social care case management system,1,1411703.0,1.0,68.2
United Kingdom,United Kingdom,IT / software / cyber,72266000,ukri-<n> iuk devsecops and release management phase <n>,1,626664.41,1.0,68.2
United Kingdom,United Kingdom,IT / software / cyber,72000000,cov - highway and building asset management system,1,678402.94,1.0,68.2
United Kingdom,United Kingdom,IT / software / cyber,72000000,"corporate data warehouse, <n>rd line licence support and maintenance",1,611787.0,1.0,68.2
United Kingdom,United Kingdom,IT / software / cyber,50200000,northallerton to eaglescliffe w<n> gauge clearance,1,652311.0,1.0,68.2
United Kingdom,United Kingdom,IT / software / cyber,72222300,award of provision of managed wide area network services - swan <n>.<n>,1,1773045.55,1.0,68.2
United Kingdom,United Kingdom,IT / software / cyber,48000000,nec contract,1,1160280.48,1.0,68.2
United Kingdom,United Kingdom,IT / software / cyber,72000000,btf core system support,1,683333.33,1.0,68.2
United Kingdom,United Kingdom,IT / software / cyber,72000000,revenues and benefits application support and maintenance,1,702318.0,1.0,68.2
United Kingdom,United Kingdom,IT / software / cyber,48000000,worktribe,1,1179843.18,1.0,68.2
United Kingdom,United Kingdom,IT / software / cyber,72222300,cpt_<n>_<n> erp (financial management system),1,1526817.72,1.0,68.2
United Kingdom,United Kingdom,IT / software / cyber,48100000,cancer detection & diagnosis software,1,539301.24,1.0,68.2
United Kingdom,United Kingdom,IT / software / cyber,72000000,pb<n>-<n> nec software for revenues and benefits,1,660106.0,1.0,68.2
United Kingdom,United Kingdom,IT / software / cyber,72000000,corporate logging of intelligence (clio) software and support,1,588811.0,1.0,68.2
United Kingdom,United Kingdom,IT / software / cyber,79952000,project supporting the development of public health capabilities in emr,1,500000.0,1.0,68.2
United Kingdom,United Kingdom,IT / software / cyber,72000000,refactoring of gms workflows,1,570516.21,1.0,68.2
Quebec,Canada - Quebec,IT / software / cyber,81111805,maintenance (mises à jour) et assistance technique des composantes logicielles et matérielles de la firme ribbon communi,1,641071.45,1.0,68.2
United Kingdom,United Kingdom,IT / software / cyber,72000000,provision of an oracle fusion support partner,1,738499.0,1.0,68.2
United Kingdom,United Kingdom,IT / software / cyber,72000000,adult and childrens social care case management system,1,1902927.28,1.0,68.2
United Kingdom,United Kingdom,IT / software / cyber,72300000,mobile data software,1,579004.82,1.0,68.2
United Kingdom,United Kingdom,IT / software / cyber,72212517,nhs london emergency department digital front door solution,1,1191668.0,1.0,68.2
Germany,Germany,IT / software / cyber,48000000,<n> - sap analytics cloud (sac),1,864373.5,1.0,68.2
United Kingdom,United Kingdom,IT / software / cyber,48000000,human resources and payroll solution,1,506045.0,1.0,68.2
United Kingdom,United Kingdom,IT / software / cyber,72220000,information technology research and advisory services,1,595500.0,1.0,68.2
United Kingdom,United Kingdom,IT / software / cyber,72263000,implementation of amazon connect platform licence,1,550000.0,1.0,68.2
United Kingdom,United Kingdom,IT / software / cyber,72000000,legacy telemetry system support contract (ovarro),1,847000.0,1.0,68.2
United Kingdom,United Kingdom,IT / software / cyber,48000000,geant/ocre,1,1000000.0,1.0,68.2
United Kingdom,United Kingdom,IT / software / cyber,72212218,ukri-<n> supply of idl site maintenance licenses to nerc & stfc,1,732000.0,1.0,68.2
United Kingdom,United Kingdom,IT / software / cyber,72000000,provision of microsoft agreement for azure hosting,1,598876.68,1.0,68.2
United Kingdom,United Kingdom,IT / software / cyber,72212222,asgard - amazon web services temporary landing zone (aws tlz),1,1200000.0,1.0,68.2
United Kingdom,United Kingdom,IT / software / cyber,72000000,"mobile video streaming, location services and tracking, licences and support.",1,1233032.0,1.0,68.2
United Kingdom,United Kingdom,IT / software / cyber,72000000,gp it systems,1,1500000.0,1.0,68.2
Germany,Germany,IT / software / cyber,38000000,orbitrap exploristm <n> mass spectrometer,1,695200.6,1.0,68.2
United Kingdom,United Kingdom,IT / software / cyber,48218000,phoenix microsoft licenses,1,1540666.17,1.0,68.2
United Kingdom,United Kingdom,IT / software / cyber,48000000,expense management solution,1,582300.0,1.0,68.2
United Kingdom,United Kingdom,IT / software / cyber,72320000,award of springer nature read and publish <n>-<n> (jisc),1,930056.16,1.0,68.2
United Kingdom,United Kingdom,IT / software / cyber,66170000,electronic payment services,1,680000.0,1.0,68.2
United Kingdom,United Kingdom,IT / software / cyber,72000000,microsoft consultancy and support services,1,1000000.0,1.0,68.2
United Kingdom,United Kingdom,IT / software / cyber,85121200,monaco treatment planning system - hardware & software support,1,590691.11,1.0,68.2
Quebec,Canada - Quebec,IT / software / cyber,43230000,acquisition de divers abonnements au logiciel ibm vault pour le ministère de la cybersécurité et du numérique,1,595063.28,1.0,68.2
United Kingdom,United Kingdom,IT / software / cyber,09323000,utilisation of lerwick district heating scheme by nhs shetland,1,1300000.0,1.0,68.2
Germany,Germany,IT / software / cyber,38000000,liag_ex post traxialanlage <n>,1,1300000.0,1.0,68.2
United Kingdom,United Kingdom,IT / software / cyber,85100000,york community mental health hub,1,586000.0,1.0,68.2
United Kingdom,United Kingdom,IT / software / cyber,48517000,"ifit irecords inventory tracking system licence, support & itags",1,509793.71,1.0,68.2
Quebec,Canada - Quebec,IT / software / cyber,81111805,"soutien technique étendu des logiciels synchrony gateway xfb, passport server et as<n> protocol de la firme axway inc. p",1,885614.91,1.0,68.2
United Kingdom,United Kingdom,IT / software / cyber,85100000,same day access waltham forest,1,1381721.0,1.0,68.2
United Kingdom,United Kingdom,IT / software / cyber,72266000,building dynamic simulation models (dsm) and energy performance analytics,1,1546367.0,1.0,68.2
United Kingdom,United Kingdom,IT / software / cyber,72321000,cloud resale and finops for education & research in aws,1,700000.0,1.0,68.2
United Kingdom,United Kingdom,IT / software / cyber,72250000,cov - finance software system,1,1438690.0,1.0,68.2
United Kingdom,United Kingdom,IT / software / cyber,72000000,ict-<n>-<n> email protection solution,1,704350.0,1.0,68.2
United Kingdom,United Kingdom,IT / software / cyber,72000000,hci infrastructure refresh for south norfolk council,1,1185258.66,1.0,68.2
Quebec,Canada - Quebec,IT / software / cyber,43230000,maintenance (mises à jour) et assistance technique de logiciels de la firme oracle canada ulc pour les besoins du progra,1,682000.0,1.0,68.2
United Kingdom,United Kingdom,IT / software / cyber,72000000,public health nursling case management hosted software as a service,1,1169012.75,1.0,68.2
United Kingdom,United Kingdom,IT / software / cyber,48000000,legislation platform maintenance and development services,1,707600.0,1.0,68.2
United Kingdom,United Kingdom,IT / software / cyber,72222300,provision of bloomberg proprietary ict hardware and software services.,1,1225760.0,1.0,68.2
United Kingdom,United Kingdom,IT / software / cyber,48400000,police payroll services,1,737763.78,1.0,68.2
United Kingdom,United Kingdom,IT / software / cyber,48000000,apprenticeship management software,1,675313.0,1.0,68.2
United Kingdom,United Kingdom,IT / software / cyber,72000000,direct award <n> - children's case management system,1,1140137.0,1.0,68.2
United Kingdom,United Kingdom,IT / software / cyber,85121000,city and hackney additional roles sustainability,1,533165.0,1.0,68.2
United Kingdom,United Kingdom,IT / software / cyber,48180000,patient administration system,1,904534.0,1.0,68.2
Germany,Germany,IT / software / cyber,48000000,rahmenvereinbarung pdv,1,1500000.0,1.0,68.2
Germany,Germany,IT / software / cyber,50110000,rahmenvereinbarung über die herstellerspezifische instandhaltungsleistung für bucher fahrzeuge,1,1000000.0,1.0,68.2
United Kingdom,United Kingdom,IT / software / cyber,72000000,digital place for local public services - customer experience program,1,900000.0,1.0,68.2
Germany,Germany,IT / software / cyber,48000000,erneuerung von microsoft office standard-lizenzen und microsoft office professional plus-lizenzen aus dem bestehenden mi,1,552801.1,1.0,68.2
United Kingdom,United Kingdom,IT / software / cyber,85100000,burns database,1,579460.0,1.0,68.2
United Kingdom,United Kingdom,IT / software / cyber,72000000,fcp reporting service,1,714770.0,1.0,68.2
United Kingdom,United Kingdom,IT / software / cyber,50620000,"the repair, remanufacture and maintenance of chain gun control units and associated assemblies",1,900000.0,1.0,68.2
Germany,Germany,IT / software / cyber,72260000,weiterentwicklung und systemservice für die lükex- übungssteuerungssoftware auriga,1,947058.82,1.0,68.2
United Kingdom,United Kingdom,IT / software / cyber,48000000,education software and associated services,1,1103973.0,1.0,68.2
Germany,Germany,IT / software / cyber,38000000,lieferung eines photonic-wire-bonding-system,1,934380.0,1.0,68.2
United Kingdom,United Kingdom,IT / software / cyber,72000000,gcloud <n> iplato messaging subscription,1,1206053.4,1.0,68.2
Quebec,Canada - Quebec,IT / software / cyber,83000000,service d'entretien plateforme matc software evolution,1,1043614.0,1.0,68.2
United Kingdom,United Kingdom,IT / software / cyber,48000000,"revenue, benefits and housing software solution",1,1500000.0,1.0,68.2
Germany,Germany,IT / software / cyber,72316000,rahmenvereinbarung cadenza <n> - <n>,1,1841730.0,1.0,68.2
United Kingdom,United Kingdom,IT / software / cyber,44316400,oracle hardware upgrade,1,1082815.12,1.0,68.2
Germany,Germany,IT / software / cyber,72000000,hosting fachsoftware ögd im produktiv-betrieb,1,666750.0,1.0,68.2
United Kingdom,United Kingdom,IT / software / cyber,72212220,cxm case workftow management,1,724176.0,1.0,68.2
Quebec,Canada - Quebec,IT / software / cyber,81111805,"contrat d’utilisation et support pour le système informatique de laboratoire, modules cytologie et pathologie (hrr) (opt",1,679486.72,1.0,68.2
United Kingdom,United Kingdom,IT / software / cyber,72000000,accommodation software services and support,1,679466.0,1.0,68.2
Germany,Germany,IT / software / cyber,50333200,servicevertrag für die pflege und reparatur von motorola tme hardware und software für die feuerwehr hamburg,1,580000.0,1.0,68.2
Germany,Germany,IT / software / cyber,72000000,metaver/uvp,1,934281.6,1.0,68.2
United Kingdom,United Kingdom,IT / software / cyber,85100000,nhs healthchecks - southport and formby pcn (management for <n> gp practices),1,594000.0,1.0,68.2
United Kingdom,United Kingdom,IT / software / cyber,50334000,mobile and fixed line telephony services,1,949572.15,1.0,68.2
United Kingdom,United Kingdom,IT / software / cyber,80000000,ebsco educational databases <n> - <n>,1,920782.0,1.0,68.2
Quebec,Canada - Quebec,IT / software / cyber,81112300,contrat d'utilisation et d'entretien informatique,1,1679554.0,1.0,68.2
Quebec,Canada - Quebec,IT / software / cyber,81111000,programme de consolidation des centres de traitement informatique,1,1930673.14,1.0,68.2
Quebec,Canada - Quebec,IT / software / cyber,43230000,offres infonuagiques de gestion des services d’entreprise – acquisition d’abonnements de la solution servicenow pour le ,1,1404465.6,1.0,68.2
Germany,Germany,IT / software / cyber,72260000,beschaffung von it-dienstleistungen für eine software.,1,598400.0,1.0,68.2
Germany,Germany,IT / software / cyber,72260000,it-serviceleistungen für das softwaresystem wintaxi,1,585800.0,1.0,68.2
United Kingdom,United Kingdom,IT / software / cyber,48218000,boomi licence subscription for east sussex county council,1,914295.47,1.0,68.2
United Kingdom,United Kingdom,IT / software / cyber,72222300,engageone maintenance and support,1,684204.66,1.0,68.2
United Kingdom,United Kingdom,IT / software / cyber,48000000,olm - carefirst,1,509833.37,1.0,68.2
United Kingdom,United Kingdom,IT / software / cyber,72000000,case management and finance system,1,961702.51,1.0,68.2
United Kingdom,United Kingdom,IT / software / cyber,72212180,patient administration system (camis),1,957352.0,1.0,68.2
Germany,Germany,IT / software / cyber,38800000,"wartung und patchmanagement hsl, s-bahn berlin",1,1036000.0,1.0,68.2
United Kingdom,United Kingdom,IT / software / cyber,48000000,microsoft licenses & egress licenses direct award via ccs rm<n>,1,1163833.2,1.0,68.2
United Kingdom,United Kingdom,IT / software / cyber,72000000,arcgis enterprise <n> year software and mcs bundle,1,947356.0,1.0,68.2
United Kingdom,United Kingdom,IT / software / cyber,72000000,amazon connect platform licence,1,738000.0,1.0,68.2
United Kingdom,United Kingdom,IT / software / cyber,72000000,bladeroom support and maintenance,1,884000.0,1.0,68.2
Germany,Germany,IT / software / cyber,31712330,zusatzkammer f. pvd-sputteranlage spuc<n>-<n>,1,1995000.0,1.0,68.2
Germany,Germany,IT / software / cyber,48000000,beschaffung von neuen lizenzen und verlängerung der softwarewartung der bestehenden lizenzen unserer datensicherungsumge,1,599569.0,1.0,68.2
United Kingdom,United Kingdom,IT / software / cyber,72000000,ilab support & maintenance,1,1566670.0,1.0,68.2
United Kingdom,United Kingdom,IT / software / cyber,72000000,id <n> - dac <n>/<n> - dof - enterprise digital development - digital verification for nics identity assurance contract,1,1000000.0,1.0,68.2
Germany,Germany,IT / software / cyber,34970000,beschaffung eines upgrades der auswertesoftware as digital <n> zu as digital <n>,1,800430.0,1.0,68.2
Quebec,Canada - Quebec,IT / software / cyber,43000000,acquisition de licences veeam de type infonuagique via le ministère de la cybersécurité et du numérique,1,707096.0,1.0,68.2
United Kingdom,United Kingdom,IT / software / cyber,72212150,honeywell control system,1,740000.0,1.0,68.2
Germany,Germany,IT / software / cyber,72267000,<n>-ck-posy output factory,1,913099.83,1.0,68.2
Germany,Germany,IT / software / cyber,72000000,rahmenvertrag für dienstleistungen im bereich der softwareprodukte cu-contract und cu-license,1,1580000.0,1.0,68.2
United Kingdom,United Kingdom,IT / software / cyber,48100000,total mobile licenses (call off from g cloud <n>),1,701566.56,1.0,68.2
United Kingdom,United Kingdom,IT / software / cyber,72000000,ict-<n>-<n> transport management solution,1,832853.0,1.0,68.2
United Kingdom,United Kingdom,IT / software / cyber,72210000,r<n> corporate finance system,1,797139.0,1.0,68.2
United Kingdom,United Kingdom,IT / software / cyber,48180000,nhs devon integrated care board - provision of a clinical decision support system,1,819489.0,1.0,68.2
United Kingdom,United Kingdom,IT / software / cyber,72000000,cloudos license & support optional extension,1,525000.0,1.0,68.2
United Kingdom,United Kingdom,IT / software / cyber,72000000,finops and cloud cost management system and related services,1,733586.0,1.0,68.2
Germany,Germany,IT / software / cyber,72000000,evb-it pflegevertrag für die klr-software base<n>it,1,619920.0,1.0,68.2
Quebec,Canada - Quebec,IT / software / cyber,60101700,abonnement ressources numériques - cyberlibris,1,793831.65,1.0,68.2
Germany,Germany,IT / software / cyber,32530000,"herstellung, qualifizierung und lieferung von modulen zur digitalen signalprozessierung (dsp)",1,1825000.0,1.0,68.2
United Kingdom,United Kingdom,IT / software / cyber,48332000,primavera p<n> eppm licences,1,631662.08,1.0,68.2
United Kingdom,United Kingdom,IT / software / cyber,48000000,inrule technology for citb,1,936712.0,1.0,68.2
United Kingdom,United Kingdom,IT / software / cyber,48000000,<n>-<n> erp and hr/payroll system,1,1672378.0,1.0,68.2
United Kingdom,United Kingdom,IT / software / cyber,48210000,vmware vcf <n> implementation,1,1480218.82,1.0,68.2
United Kingdom,United Kingdom,IT / software / cyber,72268000,highways asset management services software,1,1043685.7,1.0,68.2
Germany,Germany,IT / software / cyber,72260000,software pflege,1,727047.0,1.0,68.2
Germany,Germany,IT / software / cyber,32533000,"herstellung, qualifizierung und lieferung eines wide-band receivers",1,700000.0,1.0,68.2
United Kingdom,United Kingdom,IT / software / cyber,48000000,public and private cloud management software,1,651360.0,1.0,68.2
United Kingdom,United Kingdom,IT / software / cyber,72268000,radiotherapy treatment planning software,1,1167592.0,1.0,68.2
United Kingdom,United Kingdom,IT / software / cyber,48000000,"provision, support & maintenance of the integrated payroll & human resources system",1,1654273.0,1.0,68.2
United Kingdom,United Kingdom,IT / software / cyber,72261000,"oracle provide market driven support (now known as upgrade support) for older database versions <n>.<n>, <n>.<n> and <n>",1,898537.5,1.0,68.2
United Kingdom,United Kingdom,IT / software / cyber,71314000,call-off contract oldham low carbon heat network commercialisation,1,661616.25,1.0,68.2
Quebec,Canada - Quebec,IT / software / cyber,43210000,achat du materiel informatique/ accessoires pour les cti (centres de traitement informatique),1,1712426.52,1.0,68.2
United Kingdom,United Kingdom,IT / software / cyber,48000000,children's and adult's social care case management system,1,654340.0,1.0,68.2
United Kingdom,United Kingdom,IT / software / cyber,72260000,procurement of comprehensive web-based software solution,1,724065.25,1.0,68.2
United Kingdom,United Kingdom,IT / software / cyber,72212732,landis vector and soilscapes database support and maintenance contract,1,809524.0,1.0,68.2
Germany,Germany,IT / software / cyber,72267000,"softwarepflegevertrag technologieupdate sowie funktionsfortschreibung ""ceiton web workflow pps""",1,771540.48,1.0,68.2
Germany,Germany,IT / software / cyber,48000000,überlassung von lizenzen,1,597000.0,1.0,68.2
Germany,Germany,IT / software / cyber,72000000,"rahmenvereinbarung über die überlassung, weitentwicklung und pflege der software inspectre sowie weiterer unterstützungs",1,756302.52,1.0,68.2
United Kingdom,United Kingdom,IT / software / cyber,72212100,lddf - award.,1,619875.0,1.0,68.2
United Kingdom,United Kingdom,IT / software / cyber,48000000,patient engagement portal,1,572527.9,1.0,68.2
United Kingdom,United Kingdom,IT / software / cyber,48000000,future learn platform subscription & hosting,1,857994.0,1.0,68.2
Germany,Germany,IT / software / cyber,72267000,softwarepflege oracle database,1,1275020.0,1.0,68.2
United Kingdom,United Kingdom,IT / software / cyber,72261000,provision of procad support,1,1164144.0,1.0,68.2
United Kingdom,United Kingdom,IT / software / cyber,72000000,sap licences (veat notification),1,700000.0,1.0,68.2
United Kingdom,United Kingdom,IT / software / cyber,72000000,phs<n> ward watcher,1,826696.0,1.0,68.2
Germany,Germany,IT / software / cyber,72000000,beschaffung biomiddle lizenzen,1,1301522.0,1.0,68.2
United Kingdom,United Kingdom,IT / software / cyber,48190000,academic operations platform,1,577250.0,1.0,68.2
United Kingdom,United Kingdom,IT / software / cyber,72000000,rentsense income collection,1,855364.48,1.0,68.2
United Kingdom,United Kingdom,IT / software / cyber,72000000,cloud collaboration for asset management,1,940000.0,1.0,68.2
United Kingdom,United Kingdom,IT / software / cyber,48000000,adobe creative campus,1,1500000.0,1.0,68.2
United Kingdom,United Kingdom,IT / software / cyber,48400000,ccs rm<n> lot<n> and lot <n> - prepaid cards and vouchers,1,500000.0,1.0,68.2
United Kingdom,United Kingdom,IT / software / cyber,72000000,cloud software,1,553035.96,1.0,68.2
United Kingdom,United Kingdom,IT / software / cyber,72000000,oracle support & maintenance,1,689268.56,1.0,68.2
Quebec,Canada - Quebec,IT / software / cyber,43220000,modernisation du centre de traitement informatique,1,1435000.0,1.0,68.2
United Kingdom,United Kingdom,IT / software / cyber,48000000,north west london personal health budget support service,1,790140.0,1.0,68.2
United Kingdom,United Kingdom,IT / software / cyber,72000000,contract award- provision and management of it service desk,1,1558000.0,1.0,68.2
Germany,Germany,IT / software / cyber,38433100,"lieferung massenspektrometer ""timstof ht lc-ms-system"" (<n>)",1,588000.0,1.0,68.2
Germany,Germany,IT / software / cyber,38433100,massenspektrometer,1,706728.77,1.0,68.2
Germany,Germany,IT / software / cyber,72000000,<n>/<n> wasserwerk friedrichshagen (umstellung lizensierung ifix),1,1248423.1,1.0,68.2
Germany,Germany,IT / software / cyber,33151000,zusatzsystem zur submillimetergenauen positionierung und echtzeit-überwachung der bestrahlung an einem vorhandenen linea,1,1389482.61,1.0,68.2
Quebec,Canada - Quebec,IT / software / cyber,81112502,offres infonuagiques de gestion des services d'entreprise - acquisition d'abonnements supplémentaires servicenow pour le,1,716671.55,1.0,68.2
United Kingdom,United Kingdom,IT / software / cyber,72222300,bta<n> microsoft azure cloud configuration and migration procurement,1,834660.0,1.0,68.2
Germany,Germany,IT / software / cyber,72000000,"umsetzung der landesmaßnahme ""entwicklung und einführung von software für die genomisch gestützte infektionskettenanalys",1,1001176.47,1.0,68.2
United Kingdom,United Kingdom,IT / software / cyber,48000000,lhp<n> housing management system,1,776000.0,1.0,68.2
United Kingdom,United Kingdom,IT / software / cyber,72000000,secure human resources (hr - software as a service and payroll - outsourced/service),1,534983.0,1.0,68.2
United Kingdom,United Kingdom,IT / software / cyber,72000000,swarco dartford & hindhead hatms tunnel systems,1,923374.8,1.0,68.2
United Kingdom,United Kingdom,IT / software / cyber,72268000,ct revolution apex – maintenance cover,1,886782.09,1.0,68.2
United Kingdom,United Kingdom,IT / software / cyber,72261000,"rubrik hardware, software, and support",1,900000.0,1.0,68.2
Quebec,Canada - Quebec,IT / software / cyber,43211501,acquisition de serveurs (mise à niveau des infrastructures dorsales informatiques ville),1,906978.86,1.0,68.2
United Kingdom,United Kingdom,IT / software / cyber,72222300,human resource and payroll system,1,780558.0,1.0,68.2
United Kingdom,United Kingdom,IT / software / cyber,72000000,business services design and delivery partnership continuum,1,533375.0,1.0,68.2
United Kingdom,United Kingdom,IT / software / cyber,72511000,ukri- <n> stfc fortindr installation,1,1288556.49,1.0,68.2
Germany,Germany,IT / software / cyber,48000000,ivu systemerneuerung fahrgastinformation stufe ii,1,550007.94,1.0,68.2
Quebec,Canada - Quebec,IT / software / cyber,81110000,équipe de soutien et de normalisation de la cybersécurité,1,1031800.0,1.0,68.2
United Kingdom,United Kingdom,IT / software / cyber,72261000,technology transformation academy services,1,1617200.0,1.0,68.2
Quebec,Canada - Quebec,IT / software / cyber,81110000,analystes en informatique,1,845552.4,1.0,68.2
United Kingdom,United Kingdom,IT / software / cyber,32400000,private <n>g network (p<n>gn) solution for the costar national lab,1,1098201.0,1.0,68.2
United Kingdom,United Kingdom,IT / software / cyber,50421000,maint<n>- meh maint<n>-rfl- maint<n>-wh heidelberg,1,504324.21,1.0,68.2
United Kingdom,United Kingdom,IT / software / cyber,48000000,cashless parking provision,1,975000.0,1.0,68.2
United Kingdom,United Kingdom,IT / software / cyber,72250000,replacement nutanix platform,1,1342365.0,1.0,68.2
United Kingdom,United Kingdom,IT / software / cyber,72000000,integrated workplace management system,1,702000.0,1.0,68.2
Quebec,Canada - Quebec,IT / software / cyber,81112200,contrat de support et maintenance annuelle ungerboeck software,1,883951.12,1.0,68.2
Germany,Germany,IT / software / cyber,72000000,rahmenvertrag externe unterstützung für geva,1,1000000.0,1.0,68.2
United Kingdom,United Kingdom,IT / software / cyber,72268000,rimini street support and maintenance - durham e-business suite (debs) system,1,1008036.0,1.0,68.2
Germany,Germany,IT / software / cyber,38000000,liag_ex ante traxialanlage <n>,1,1300000.0,1.0,68.2
United Kingdom,United Kingdom,IT / software / cyber,48000000,<n>/<n> – e-rostering system,1,616446.0,1.0,68.2
United Kingdom,United Kingdom,IT / software / cyber,48442000,revenues and benefits application consolidation,1,1250000.0,1.0,68.2
Germany,Germany,IT / software / cyber,48218000,miet-lizenzen vmware cloud foundation,1,1017155.0,1.0,68.2
Quebec,Canada - Quebec,IT / software / cyber,83000000,services d’entretien et de support informatique.,1,1222447.63,1.0,68.2
United Kingdom,United Kingdom,IT / software / cyber,48000000,ea for microsoft licences,1,587979.0,1.0,68.2
United Kingdom,United Kingdom,IT / software / cyber,72000000,unified support services,1,1474449.0,1.0,68.2
Germany,Germany,IT / software / cyber,48000000,"rahmenvereinbarung v. <n>/<n> -<n>/<n> über die ausstattung der bielefelder schulen mit untis, untisexpress und webuntis",1,1000000.0,1.0,68.2
Germany,Germany,IT / software / cyber,48180000,zuschlag: ima cham und pegnitz,1,1037025.6,1.0,68.2
United Kingdom,United Kingdom,IT / software / cyber,72000000,microsoft licences,1,1156708.41,1.0,68.2
Quebec,Canada - Quebec,IT / software / cyber,81113000,implantation de solutions infonuagiques de gestion des services informatiques,1,1237099.5,1.0,68.2
United Kingdom,United Kingdom,IT / software / cyber,48900000,sailpoint renewal,1,536351.04,1.0,68.2
United Kingdom,United Kingdom,IT / software / cyber,48000000,asc integrated care system,1,814000.0,1.0,68.2
United Kingdom,United Kingdom,IT / software / cyber,48000000,delivery of a master data management solution,1,1242040.0,1.0,68.2
United Kingdom,United Kingdom,IT / software / cyber,72261000,azure landing zone migration activity,1,700000.0,1.0,68.2
Germany,Germany,IT / software / cyber,72000000,verlängerung von pflege- und wartungsleistungen,1,576002.6,1.0,68.2
Germany,Germany,IT / software / cyber,48000000,aufstieg von p&i logaall-in auf p&i logahr,1,579500.0,1.0,68.2
United Kingdom,United Kingdom,IT / software / cyber,32430000,wide area network services,1,1315564.15,1.0,68.2
United Kingdom,United Kingdom,IT / software / cyber,72000000,ilab support and maintenance,1,741209.0,1.0,68.2
United Kingdom,United Kingdom,IT / software / cyber,48218000,regulatory service software,1,667827.0,1.0,68.2
United Kingdom,United Kingdom,IT / software / cyber,48814400,nhswyicb - gp it support,1,1117086.83,1.0,68.2
Germany,Germany,IT / software / cyber,72267000,az <n>/<n> wartung und pflege software,1,1517147.84,1.0,68.2
United Kingdom,United Kingdom,IT / software / cyber,48000000,case management systems for adults and children's social care,1,1877938.0,1.0,68.2
United Kingdom,United Kingdom,IT / software / cyber,48000000,nervecentre,1,1855000.0,1.0,68.2
United Kingdom,United Kingdom,IT / software / cyber,30000000,the provision of multifunctional print devices and associated digital transformation solutions,1,500000.0,1.0,68.2
United Kingdom,United Kingdom,IT / software / cyber,72254000,it testing partner (phase <n>),1,1143831.0,1.0,68.2
United Kingdom,United Kingdom,IT / software / cyber,48000000,digital police station contract,1,1630000.0,1.0,68.2
Germany,Germany,IT / software / cyber,72000000,support für quest software,1,678257.5,1.0,68.2
United Kingdom,United Kingdom,IT / software / cyber,72000000,hr core system,1,1414886.4,1.0,68.2
United Kingdom,United Kingdom,IT / software / cyber,50312610,"annunciator system hardware replacement, support and maintenance",1,792072.5700000001,1.0,68.2
United Kingdom,United Kingdom,IT / software / cyber,72000000,"microsoft central tennant, sce, and associated services",1,665995.78,1.0,68.2
Germany,Germany,IT / software / cyber,38434000,pr<n> - signal-analysator <n> ghz,1,992765.92,1.0,68.2
United Kingdom,United Kingdom,IT / software / cyber,48000000,darktrace enterprise system,1,525000.0,1.0,68.2
United Kingdom,United Kingdom,IT / software / cyber,30211000,"non-stop technology equipment refresh (including hardware, licences, maintenance and support)",1,1691786.0,1.0,68.2
Quebec,Canada - Quebec,IT / software / cyber,81111805,maintenance (mises à jour) et assistance technique du logiciel oracle database enterprise edition,1,1395842.8,1.0,68.2
Germany,Germany,IT / software / cyber,48100000,beschaffung einer software zur elektronischen krankenhausdirektabrechnung,1,862006.0,1.0,68.2
Quebec,Canada - Quebec,IT / software / cyber,81111805,maintenance (mises à jour) et assistance technique des logiciels oracle pour les besoins du programme de consolidation d,1,682000.0,1.0,68.2
Germany,Germany,IT / software / cyber,30211000,upgrade eines nvidia dgx a<n> gpu-clusters um drei nvidia dgx b<n> deep-learning-systeme für das dtec.bw-forschungsproje,1,1637420.0,1.0,68.2
Germany,Germany,IT / software / cyber,48000000,comvidence inkrement <n>,1,1165000.0,1.0,68.2
Germany,Germany,IT / software / cyber,48000000,überlassung von standardsoftware inkl. wartungs- und supportleistungen und dienstleistungen zur implementierung,1,854300.0,1.0,68.2
Germany,Germany,IT / software / cyber,72230000,systemerneuerung der deutschen zertifizierungsstelle für den digitalen fahrtenschreiber (d-ca),1,1518324.0,1.0,68.2
Germany,Germany,IT / software / cyber,72000000,"it-pflegevertrag softwaremodule, wiski, biber, sked, wiski-w",1,656557.92,1.0,68.2
United Kingdom,United Kingdom,IT / software / cyber,72268000,hr and payroll system,1,1429617.6,1.0,68.2
Quebec,Canada - Quebec,IT / software / cyber,43000000,contrat abonnement informatique - caresphere workflow solution,1,520200.0,1.0,68.2
United Kingdom,United Kingdom,IT / software / cyber,48000000,microsoft campus agreement,1,1283812.2,1.0,68.2
United Kingdom,United Kingdom,IT / software / cyber,72000000,enterprise crm development and maintenance,1,1085305.36,1.0,68.2
Germany,Germany,IT / software / cyber,72268000,<n>-arcgis-online-enterprise agreement,1,600000.0,1.0,68.2
Quebec,Canada - Quebec,IT / software / cyber,81111805,maintenance (mises à jour) et assistance technique du logiciel oracle database enterprise edition pour le ministère de l,1,511301.61,1.0,68.2
Germany,Germany,IT / software / cyber,50110000,rahmenvereinbarung über die herstellerspezifische instandhaltungsleistung für küpper-weisser fahrzeuge,1,1000000.0,1.0,68.2
United Kingdom,United Kingdom,IT / software / cyber,48000000,ccs call off rm<n>.<n> lot <n> cloud software - itsm software,1,1754304.0,1.0,68.2
United Kingdom,United Kingdom,IT / software / cyber,48443000,sta<n> - netsuite licensing,1,557000.0,1.0,68.2
Germany,Germany,IT / software / cyber,72263000,rv zur bl advis-classic,1,1142989.61,1.0,68.2
Quebec,Canada - Quebec,IT / software / cyber,43210000,acquisition de materiel informatique dans le cadre de la fci sd<n>health (dr. jouvet),1,705220.9,1.0,68.2
Quebec,Canada - Quebec,IT / software / cyber,81111812,oracle fusion service entreprise cloud service,1,1613445.33,1.0,68.2
United Kingdom,United Kingdom,IT / software / cyber,72212781,provision of annual upgrade of wader software plan,1,1218766.0,1.0,68.2
Germany,Germany,IT / software / cyber,48760000,sicherheitssoftware trend micro cloud - verlängerung und erweiterung der lizenzen inkl. support,1,944760.96,1.0,68.2
United Kingdom,United Kingdom,IT / software / cyber,72000000,provision of electronic document and records management system (edrms) application support,1,819750.0,1.0,68.2
United Kingdom,United Kingdom,IT / software / cyber,48445000,customer experience platform,1,615119.0,1.0,68.2
United Kingdom,United Kingdom,IT / software / cyber,50421000,maintenance of varian radiotherapy equipment,1,1369836.0,1.0,68.2
Germany,Germany,IT / software / cyber,72000000,überlassung und pflege der software streamserve,1,715400.0,1.0,68.2
United Kingdom,United Kingdom,IT / software / cyber,48000000,mini-competition for the procurement of a planning and regulatory services software replacement,1,1130997.97,1.0,68.2
Germany,Germany,IT / software / cyber,72260000,<n>-na-tts performance suite,1,638000.0,1.0,68.2
Germany,Germany,IT / software / cyber,48180000,hard- und software für pacs,1,698629.44,1.0,68.2
Quebec,Canada - Quebec,IT / software / cyber,85160000,contrat de services - equipements pacs - hw back office et software impax <n>-<n>,1,777987.41,1.0,68.2
United Kingdom,United Kingdom,IT / software / cyber,48180000,core clinical system for nhs mid and south essex,1,951482.0,1.0,68.2
United Kingdom,United Kingdom,IT / software / cyber,48000000,data centre firewall replacement <n>,1,611533.58,1.0,68.2
United Kingdom,United Kingdom,IT / software / cyber,72210000,for the provision of the dome system,1,1347147.5,1.0,68.2
United Kingdom,United Kingdom,IT / software / cyber,48333000,all age continuing care - access adam care management system,1,545325.0,1.0,68.2
United Kingdom,United Kingdom,IT / software / cyber,48000000,"planning, building control and land charges cloud‑based system",1,850875.0,1.0,68.2
United Kingdom,United Kingdom,IT / software / cyber,72212100,revenues and benefits software system for great yarmouth borough council,1,1051900.0,1.0,68.2
Germany,Germany,IT / software / cyber,48100000,vna,1,1552420.0,1.0,68.2
United Kingdom,United Kingdom,IT / software / cyber,72000000,motorola body worn video,1,997444.0,1.0,68.2
United Kingdom,United Kingdom,IT / software / cyber,48450000,hr system renewal,1,1280451.27,1.0,68.2
United Kingdom,United Kingdom,IT / software / cyber,72000000,procurement for cloud master data management software with associated support,1,510240.0,1.0,68.2
Germany,Germany,IT / software / cyber,72000000,dla<n>-<n> sp<n>-<n> - technische beratung und softwareanpassung für die abrechnungssoftware avista.erp,1,661500.0,1.0,68.2
United Kingdom,United Kingdom,IT / software / cyber,72322000,vivid - data management & integration,1,1000000.0,1.0,68.2
United Kingdom,United Kingdom,IT / software / cyber,48000000,tableau licensing <n>-<n>,1,764251.6,1.0,68.2
United Kingdom,United Kingdom,IT / software / cyber,72000000,"planning, building control, land charges, public access, edrms and gazetteer",1,514443.07,1.0,68.2
United Kingdom,United Kingdom,IT / software / cyber,48000000,p<n> wcc contract for income manager,1,960000.0,1.0,68.2
United Kingdom,United Kingdom,IT / software / cyber,72268000,schools mis system renewal,1,717772.65,1.0,68.2
United Kingdom,United Kingdom,IT / software / cyber,48732000,edge cyber firewall and infrastructure modernisation programme,1,1044420.0,1.0,68.2
United Kingdom,United Kingdom,IT / software / cyber,72000000,the mathworks matlab software,1,1500000.0,1.0,68.2
Germany,Germany,IT / software / cyber,48442000,infoma online,1,1291282.69,1.0,68.2
United Kingdom,United Kingdom,IT / software / cyber,72261000,servicenow development partner,1,1000000.0,1.0,68.2
United Kingdom,United Kingdom,IT / software / cyber,72000000,id <n> dac <n>/<n> de ccea hr and payroll system,1,786570.0,1.0,68.2
Germany,Germany,IT / software / cyber,72000000,erweiterung der maßnahme softwareerneuerung des verkehrsinformations- und steuerungssystem vizneo,1,855488.0,1.0,68.2
United Kingdom,United Kingdom,IT / software / cyber,72000000,cst<n> microsoft unified support,1,530553.57,1.0,68.2
United Kingdom,United Kingdom,IT / software / cyber,72590000,tender support for cloud-based application development and support,1,547905.0,1.0,68.2
United Kingdom,United Kingdom,IT / software / cyber,72000000,"emff and mff hosting, support and development <n>",1,1007960.74,1.0,68.2
United Kingdom,United Kingdom,IT / software / cyber,72268000,provision of back office software,1,1002755.0,1.0,68.2
United Kingdom,United Kingdom,IT / software / cyber,72700000,enterprise broadband,1,1895400.0,1.0,68.2
Germany,Germany,IT / software / cyber,30200000,"ergänzung des bestehenden itcs-/fgm-systems mit mobilen fahrscheindruckern, elektronischem einstiegskontrollsystem, tari",1,1357500.0,1.0,68.2
United Kingdom,United Kingdom,IT / software / cyber,32573000,secondary iccs solution,1,1200000.0,1.0,68.2
United Kingdom,United Kingdom,IT / software / cyber,72268000,<n>,1,1433000.0,1.0,68.2
United Kingdom,United Kingdom,IT / software / cyber,48000000,td<n> - revenues & benefits system,1,1905711.255,1.0,68.2
United Kingdom,United Kingdom,IT / software / cyber,72222300,property asset management system,1,1134169.0,1.0,68.2
Germany,Germany,IT / software / cyber,72000000,"iqmine: weiterentwicklung, testing, support und wartung der mautmodule bei toll collect",1,745000.0,1.0,68.2
United Kingdom,United Kingdom,IT / software / cyber,79100000,access to legal services,1,900000.0,1.0,68.2
United Kingdom,United Kingdom,IT / software / cyber,85120000,"primary medical services care provision from the limes surgery, hoddesdon, hertfordshire",1,897118.0,1.0,68.2
Germany,Germany,IT / software / cyber,48223000,beschaffung von softwarelizenzen und dienstleistungen für das projekt stadtweite client management software für hcl note,1,1268801.35,1.0,68.2
Germany,Germany,IT / software / cyber,72000000,weitere leistungen für die zusätzlichen aufgaben zur umsetzung des auftrages digitales gesundheitsamt <n> - fachsoftware,1,1630706.71,1.0,68.2
United Kingdom,United Kingdom,IT / software / cyber,48000000,nhs south yorkshire icb - clinical decision support tool,1,887391.0,1.0,68.2
United Kingdom,United Kingdom,IT / software / cyber,85100000,mental health practitioners in pcn’s and smi health checks,1,1455464.0,1.0,68.2
Germany,Germany,IT / software / cyber,50110000,rahmenvereinbarung über die herstellerspezifische instandhaltungsleistung für frissen fahrzeuge,1,1000000.0,1.0,68.2
United Kingdom,United Kingdom,IT / software / cyber,72000000,microsoft enrolment for education solutions,1,522385.25,1.0,68.2
Germany,Germany,IT / software / cyber,48421000,softwarelösung zur unterstützung des immobilienmanagements (cafm),1,805293.34,1.0,68.2
United Kingdom,United Kingdom,IT / software / cyber,48400000,finance & procurement application,1,885000.0,1.0,68.2
United Kingdom,United Kingdom,IT / software / cyber,72000000,implementation partner for mosaic programme,1,1979750.0,1.0,68.2
Germany,Germany,IT / software / cyber,48626000,"software: nutanix ncm und nci, hier update und upgrade (verhandlungsverfahren ohne teilnahmewettbewerb)/",1,663578.0,1.0,68.2
Germany,Germany,IT / software / cyber,48516000,upgrade der software dracoon hybrid auf dracoon cloud für die stadtverwaltung und schulen,1,508375.0,1.0,68.2
United Kingdom,United Kingdom,IT / software / cyber,72000000,finance management solution software,1,1011000.0,1.0,68.2
United Kingdom,United Kingdom,IT / software / cyber,72000000,supply of resources for project delivery,1,1800000.0,1.0,68.2
United Kingdom,United Kingdom,IT / software / cyber,72000000,microsoft dynamics <n> partner services,1,900000.0,1.0,68.2
United Kingdom,United Kingdom,IT / software / cyber,72000000,mental health referral forms,1,744000.0,1.0,68.2
Quebec,Canada - Quebec,IT / software / cyber,43230000,abonnement au logiciel rsd eos <n> z/os en utilisation dans les environnements de la plateforme centrale pour le ministè,1,1249092.56,1.0,68.2
United Kingdom,United Kingdom,IT / software / cyber,48517000,procurement for post cloud licenses and associated support,1,1197369.0,1.0,68.2
United Kingdom,United Kingdom,IT / software / cyber,30000000,apple equipment call-off,1,650000.0,1.0,68.2
Germany,Germany,IT / software / cyber,33124130,beschaffung des euroimmun elisa-systems für den quantitativen antikörpernachweis in der autoimmundiagnostik nebst test- ,1,1473703.0,1.0,68.2
Germany,Germany,IT / software / cyber,72322000,dataprotector lizenznachkauf und softwarewartung/support,1,642102.99,1.0,68.2
United Kingdom,United Kingdom,IT / software / cyber,48100000,epp<n> open revenues,1,656400.0,1.0,68.2
Germany,Germany,IT / software / cyber,48000000,lizenzüberlassung inkl. support und pflege,1,905310.0,1.0,68.2
United Kingdom,United Kingdom,IT / software / cyber,72500000,<n>,1,1002980.0,1.0,68.2
United Kingdom,United Kingdom,IT / software / cyber,72000000,firewalls and cisco network upgrade,1,1950000.0,1.0,68.2
United Kingdom,United Kingdom,IT / software / cyber,48000000,human & resources & payroll software,1,519367.75,1.0,68.2
United Kingdom,United Kingdom,IT / software / cyber,72250000,power framework software and support,1,669000.0,1.0,68.2
Quebec,Canada - Quebec,IT / software / cyber,81111805,assistance technique softwarexcel pour les logiciels ibm de la plateforme centrale (pfc),1,1034659.55,1.0,68.2
United Kingdom,United Kingdom,IT / software / cyber,72268000,microsoft enterprise renewal,1,1607571.42,1.0,68.2
United Kingdom,United Kingdom,IT / software / cyber,48000000,vwmare licencing provision <n>-<n>,1,746255.04,1.0,68.2
Quebec,Canada - Quebec,IT / software / cyber,43233500,contrat infonuagique pour l'achat de licences dynamics <n> via le ministère de la cybersécurité numérique,1,534189.96,1.0,68.2
United Kingdom,United Kingdom,IT / software / cyber,72260000,ea microsoft licensing,1,689018.53,1.0,68.2
Quebec,Canada - Quebec,IT / software / cyber,81111600,analystes en informatique,1,1264494.0,1.0,68.2
United Kingdom,United Kingdom,IT / software / cyber,48100000,mhr hr and finance system,1,780000.0,1.0,68.2
United Kingdom,United Kingdom,IT / software / cyber,72000000,tableau licenses,1,921701.14,1.0,68.2
United Kingdom,United Kingdom,IT / software / cyber,48440000,e finance system,1,1315211.7,1.0,68.2
United Kingdom,United Kingdom,IT / software / cyber,72320000,g cloud <n> call off contract - rm<n> hr system software and support contract,1,1500000.0,1.0,68.2
United Kingdom,United Kingdom,IT / software / cyber,72222300,shared service programme – appointment of client side partner,1,936093.0,1.0,68.2
United Kingdom,United Kingdom,IT / software / cyber,72200000,children's social care system,1,1009571.25,1.0,68.2
Quebec,Canada - Quebec,IT / software / cyber,81111812,renouvellement de l'entente pour le soutien informatique <n>-<n>,1,740000.0,1.0,68.2
United Kingdom,United Kingdom,IT / software / cyber,72268000,provision of a cloud hosted enterprise asset management software system,1,624686.1,1.0,68.2
United Kingdom,United Kingdom,IT / software / cyber,34930000,"design, supplier, delivery, installation, and integration of additional ship simulator including hardware and software",1,1500000.0,1.0,68.2
United Kingdom,United Kingdom,IT / software / cyber,48450000,hr system renewal - people xd,1,960480.6,1.0,68.2
United Kingdom,United Kingdom,IT / software / cyber,72261000,oracle on premise database support,1,930440.61,1.0,68.2
Quebec,Canada - Quebec,IT / software / cyber,81111805,assistance technique softwarexcel des logiciels ibm de la plateforme centrale,1,1979646.32,1.0,68.2
United Kingdom,United Kingdom,IT / software / cyber,72222300,bta<n> m<n> sharepoint and teams transformation g-cloud <n> framework agreement (rm<n>.<n>),1,823105.5,1.0,68.2
Germany,Germany,IT / software / cyber,38510000,femto<n>d atlas plug&play dichro microcsope,1,903101.0,1.0,68.2
United Kingdom,United Kingdom,IT / software / cyber,72000000,servicenow & feuspp implementation support services,1,1353000.0,1.0,68.2
United Kingdom,United Kingdom,IT / software / cyber,79211110,rbgkew<n> payroll services,1,624000.0,1.0,68.2
Germany,Germany,IT / software / cyber,48461000,"analyse-software, data-mining-werkzeug",1,1050000.0,1.0,68.2
United Kingdom,United Kingdom,IT / software / cyber,72000000,legacy telemetry system support contract (schneider),1,726000.0,1.0,68.2
United Kingdom,United Kingdom,IT / software / cyber,72222300,samplemanager lims support and maintenance,1,557645.0,1.0,68.2
Germany,Germany,IT / software / cyber,48000000,rv aws public cloud mit cloudera data platform,1,1218500.0,1.0,68.2
Germany,Germany,IT / software / cyber,71356000,modernisierung und härtung der infrastruktur zur digitalen alarmierung (pocsag digitalalarm),1,954706.26,1.0,68.2
United Kingdom,United Kingdom,IT / software / cyber,32234000,cctv security and surveillance camera equipment,1,1197412.94,1.0,68.2
Quebec,Canada - Quebec,IT / software / cyber,43000000,acquisition de la solution de gestion des services informatique (itsm),1,717364.8,1.0,68.2
United Kingdom,United Kingdom,IT / software / cyber,48000000,school kitchen management system,1,770752.0,1.0,68.2
United Kingdom,United Kingdom,IT / software / cyber,72212000,nnc- educational case management system,1,913597.0,1.0,68.2
Germany,Germany,IT / software / cyber,72000000,beschaffung einer slm-software,1,640000.0,1.0,68.2
United Kingdom,United Kingdom,IT / software / cyber,30200000,refresh network hardware <n>,1,741004.51,1.0,68.2
United Kingdom,United Kingdom,IT / software / cyber,34000000,ddrt (flexibus) accessible vehicle rentals,1,1131000.0,1.0,68.2
United Kingdom,United Kingdom,IT / software / cyber,48000000,netcall digital customer enablement platform,1,739092.0,1.0,68.2
Germany,Germany,IT / software / cyber,48317000,"microsoft <n> e<n> enterprise agreement (ea) mit software assurance (sa), verlängerung des bestehenden volumenlizenzvert",1,1260862.8,1.0,68.2
United Kingdom,United Kingdom,IT / software / cyber,72212218,provision of sits hefs license,1,1052655.0,1.0,68.2
United Kingdom,United Kingdom,IT / software / cyber,48210000,provision of hardware & software for costar national lab,1,1769261.0,1.0,68.2
United Kingdom,United Kingdom,Consulting / research / audit,71900000,combined sample extraction and whole genome sequencing,1,29200000.0,3.0,68.18
United Kingdom,United Kingdom,Consulting / research / audit,73220000,catalytic fund for water resource accountability in pakistan (cf-wrap),1,9750000.0,3.0,68.18
United Kingdom,United Kingdom,Consulting / research / audit,71315200,stock condition surveys (housing),1,2818470.0,3.0,68.18
Germany,Germany,Consulting / research / audit,45223220,metallbauarbeiten (hülle) süd,1,8468654.2,2.0,68.18
Quebec,Canada - Quebec,Consulting / research / audit,85122201,services externes en médecin-conseil pour la drh,2,1236150.0,1.0,68.14
Germany,Germany,Web / digital,34144210,beschaffung von zwei tragkraftspritzenfahrzeugen wasser nach din <n> <n>-<n>,1,212057.0,2.0,68.1
United Kingdom,United Kingdom,Web / digital,79419000,evaluation services framework,1,400000.0,3.0,68.1
United Kingdom,United Kingdom,Web / digital,85000000,supporting families with substance misuse,1,330000.0,2.0,68.1
Germany,Germany,Web / digital,45000000,generalsanierung der fachoberschule - ii. bauabschnitt - metallbauarbeiten,1,111660.0,2.0,68.1
Ireland,Ireland,Language / transcription,79540000.0,tender for irish sign language interpreters for south east technological university,1,150000.0,2.0,68.1
United Kingdom,United Kingdom,Web / digital,38518100,supply of two widefield fluorescence microscopy systems,1,320994.73,3.0,68.1
Germany,Germany,Web / digital,72000000,roll-in breitband-portal brandenburg,1,278400.0,2.0,68.1
United Kingdom,United Kingdom,Web / digital,NO_CODE,bcu-fts-<n>- primary care academy education and training programme- clinical,1,139820.0,2.0,68.1
United Kingdom,United Kingdom,Web / digital,NO_CODE,ukri-<n> stfc daresbury gym management,1,165256.54,2.0,68.1
Germany,Germany,Web / digital,72000000,geoportal,1,168067.23,3.0,68.1
Germany,Germany,Web / digital,45223220,"projekt erweiterung eines bürogebäudes im industriepark frankfurt-höchst, rohbauarbeiten",1,279257.9,3.0,68.1
Germany,Germany,Web / digital,45000000,generalsanierung der fachoberschule - ii. bauabschnitt - heizungsinstallation,1,163142.0,3.0,68.1
United Kingdom,United Kingdom,Web / digital,90500000,provision of an anaerobic digestion facility for the disposal of food waste,1,150000.0,3.0,68.1
United Kingdom,United Kingdom,Web / digital,NO_CODE,memorial park - playground upgrade,1,300000.0,3.0,68.1
United Kingdom,United Kingdom,Web / digital,NO_CODE,<n> - coleg gwent finance system tender,1,243023.0,3.0,68.1
United Kingdom,United Kingdom,Web / digital,50110000,framework for fleet vehicle body repairs,1,240000.0,3.0,68.1
Germany,Germany,Web / digital,45313100,neubau hauptamtl. feuer- und rettungswache lüdenscheid - ve <n> - förderanlagen,1,151490.0,2.0,68.1
Ireland,Ireland,Language / transcription,79540000.0,tender for the supply of irish sign language interpreting services to mtu,1,150000.0,2.0,68.1
United Kingdom,United Kingdom,Web / digital,NO_CODE,<n> - provision of tensile testing machine tender notice,1,213419.0,3.0,68.1
United Kingdom,United Kingdom,Web / digital,79993100,"the james hutton institute ~ catering, hospitality and cleaning tender",1,202137.63,3.0,68.1
Germany,Germany,Web / digital,45000000,generalsanierung der fachoberschule - ii. bauabschnitt -elektroinstallation,1,468837.0,3.0,68.1
United Kingdom,United Kingdom,Web / digital,NO_CODE,supply of naloxone nasal spray,1,168876.0,2.0,68.1
Germany,Germany,Web / digital,75000000,entwicklung einer edv unter berücksichtigung der maßgebeblichen informations- und geldflüsse sowie pflichten und jeweili,1,249864.8,3.0,68.1
Germany,Germany,Web / digital,45000000,generalsanierung der fachoberschule - ii. bauabschnitt - lüftungsinstallation,1,102983.0,3.0,68.1
Germany,Germany,Web / digital,45000000,generalsanierung der fachoberschule - ii. bauabschnitt - trockenbauarbeiten,1,187028.0,3.0,68.1
United Kingdom,United Kingdom,Web / digital,NO_CODE,"supply, installation, and commissioning of liquid scintillation counters",1,219547.6,3.0,68.1
United Kingdom,United Kingdom,Web / digital,NO_CODE,veterinary services for stansted airport,1,250000.0,3.0,68.1
United Kingdom,United Kingdom,Web / digital,NO_CODE,young carers support service,1,327568.0,3.0,68.1
United Kingdom,United Kingdom,Web / digital,85000000,west yorkshire respitality service: breaks for carers,1,250700.0,3.0,68.1
United Kingdom,United Kingdom,Web / digital,80510000,business gateway workshops and expert help services,1,196000.0,3.0,68.1
United Kingdom,United Kingdom,Web / digital,90500000,concession contract for direct kerbside collection of bulky items including wuds containing pops,1,480000.0,2.0,68.1
Germany,Germany,Web / digital,33000000,"einkauf von einkauf von labor analysensysteme, service und verbrauchsmaterial für hämostaseologie",1,221001.0,2.0,68.1
United Kingdom,United Kingdom,Web / digital,NO_CODE,fit testing service,1,270833.33,2.0,68.1
Germany,Germany,Web / digital,72416000,webbasiertes stellenportal - jobcenter,1,108000.0,3.0,68.1
Ireland,Ireland,Language / transcription,79540000.0,open competition for the establishment of a multi-party framework agreement for provision of sign language interpretatio,1,200000.0,3.0,68.1
United Kingdom,United Kingdom,Web / digital,22000000,stdl-proc-<n> - branded materials,1,300000.0,2.0,68.1
United Kingdom,United Kingdom,Web / digital,NO_CODE,lift technical audit services <n>,1,338238.6,3.0,68.1
Ireland,Ireland,Language / transcription,79540000.0,single supplier framework for the provision of irish sign language interpreting services to mtu kerry campus,1,190000.0,3.0,68.1
United Kingdom,United Kingdom,Web / digital,37400000,university of warwick sports hub retail area tender,1,120000.0,2.0,68.1
United Kingdom,United Kingdom,Web / digital,50230000,"for the supply, installation & maintenance of vehicle activated signs",1,400000.0,2.0,68.1
Germany,Germany,Web / digital,48180000,st. elisabeth krankenhaus leipzig - einführung eines patientenportals (khzg ftb <n>),1,290000.0,3.0,68.1
United Kingdom,United Kingdom,Web / digital,38433000,continuous wave x-band electron paramagnetic resonance spectrometer (inc. low power bridge),1,175000.0,2.0,68.1
Germany,Germany,Web / digital,45000000,generalsanierung der fachoberschule - ii. bauabschnitt - natursteinarbeiten,1,183398.0,2.0,68.1
Quebec,Canada - Quebec,IT / software / cyber,43230000,acquisition et renouvellement d'abonnements adobe cloud entreprise,2,541743.71,1.0,68.0
TED,ESP,Web / digital,NO_CODE,servicio para la gestión de un centro <n> horas de puertas abiertas (cpa) en el paseo juan carlos i (junto al puente de ,2,3223554.325,2.0,67.98
TED,NOR,Language / transcription,NO_CODE,qualification: ordering tool for interpretation services at oslo university hospital.,1,7000000.0,2.0,67.98
TED,CHE,Web / digital,NO_CODE,"mp-<n> n<n>/<n> kerenzerbergtunnel los <n>, trassee / kunstbauten, rückbau portal gäsi",1,17417494.2,2.0,67.98
TED,SE,Web / digital,NO_CODE,presentkortsportal,1,13000000.0,3.0,67.98
TED,SVN,Web / digital,NO_CODE,obnova obstoječih portalov sistema za nadzor in vodenje prometa (snvp) na ac a<n> klanec - ankaran,1,4699412.94,2.0,67.98
United Kingdom,United Kingdom,Web / digital,50630000,,1,4500000.0,2.0,67.98
TED,POL,Web / digital,NO_CODE,"„portal msł <n>.<n>”, w ramach projektu „cyfrowe udostępnienie zasobów muzeum sztuki w łodzi - kontynuacja”, dofinansowa",1,3200000.0,2.0,67.98
TED,ESP,Web / digital,NO_CODE,suministro energía eléctrica museo nacional del prado. código de actual agrupación de cups: <n> ( museo nacional del pra,1,2067361.34,3.0,67.98
Germany,Germany,Web / digital,79999100,scandienstleistung im abo-vertrieb,1,3168800.0,3.0,67.98
TED,CHE,Web / digital,NO_CODE,terminal combiné monthey : projekt containerportalkran mit drehlaufkatze,1,7380534.09,3.0,67.98
TED,NOR,Web / digital,NO_CODE,delivery and assembly of portals to toll stations with the accompanying works and demolition of toll stations.,1,10800000.0,3.0,67.98
TED,NOR,Web / digital,NO_CODE,qualification phase - ik-eøs <n>-<n> political meeting portal,1,2500000.0,2.0,67.98
TED,FIN,Web / digital,NO_CODE,osallistumispyyntö: ad-museon rakennuttajakonsultti,1,2000000.0,3.0,67.98
TED,IT,Web / digital,NO_CODE,procedura aperta per l'acquisizione della nuova piattaforma portale gare telematiche,1,3558000.0,2.0,67.98
TED,DK,Web / digital,NO_CODE,"udbud med forhandling vedrørende levering, implementering, vedligeholdelse, support og udvikling af it-løsning til under",1,9780000.0,3.0,67.98
TED,ESP,Web / digital,NO_CODE,<n>-<n> acuerdo marco de suministro de energía eléctrica. código de actual agrupación de cups: <n> ( museo nacional cent,1,2442433.19,3.0,67.98
TED,POL,Web / digital,NO_CODE,"""świadczenia usługi rozwoju portalu infozawodowe dostępnego pod adresem infozawodowe.men.gov.pl”",1,2261910.57,3.0,67.98
TED,EST,Web / digital,NO_CODE,pakkumuse esitamise ettepanek „kutselise kalapüügi registri (kir) ja kutselise kalapüügiga seotud andmete kogumiseks kas,1,2154000.0,2.0,67.98
United Kingdom,United Kingdom,Web / digital,50720000,"commercial gas and electric repairs, maintenance and servicing",1,15000000.0,3.0,67.98
TED,CHE,Web / digital,NO_CODE,"seekabelersatz ltg. <n> kv zwischen den portalen morcote und brusino lieferung, montage und demontage der kabel und kabe",1,4637420.55,2.0,67.98
TED,IT,Web / digital,NO_CODE,"proc. <n>/<n> accordo quadro per ""lavori di manutenzione ordinaria e straordinaria opere civili intera rete aziendale ra",1,43127014.0,3.0,67.98
United Kingdom,United Kingdom,Web / digital,72250000,trader support services,1,245186136.0,3.0,67.98
TED,ESP,Web / digital,NO_CODE,cáceres. construcción de museo para albergar la colección helena folch-rusiñol y ordenación de su entorno,1,10731436.97,3.0,67.98
TED,SWE,Web / digital,NO_CODE,"drift, utveckling och förvaltning logistikportalen <n>-<n>",1,30600000.0,2.0,67.98
TED,ES,Web / digital,NO_CODE,suministro anual energía eléctrica <n>. código de actual agrupación de cups: <n> ( museo nacional del prado ),1,2817576.79,3.0,67.98
Germany,Germany,Web / digital,42414100,beschaffung von drei schienenportalkranen für den umschlag im kombinierten verkehr schiene-straße,1,23500000.0,3.0,67.98
Germany,Germany,Web / digital,72212210,plattform portalkomponenten „meinesana“,1,4838250.0,2.0,67.98
United Kingdom,United Kingdom,Language / transcription,79540000,interpreter services,1,4000000.0,3.0,67.98
United Kingdom,United Kingdom,Web / digital,85100000,necs<n> termination of pregnancy service (tops) for and on behalf of nhs north east and north cumbria integrated care bo,1,16257039.14,2.0,67.98
TED,NO,Language / transcription,NO_CODE,framework agreement for interpretation services for trøndelag county,1,6000000.0,3.0,67.98
TED,FIN,Web / digital,NO_CODE,turun lyseon koulun yhteistoiminnallinen kvr-rakennushanke,1,31827070.0,3.0,67.98
TED,SWE,Web / digital,NO_CODE,dagligvaror via webbportal,1,13000000.0,3.0,67.98
TED,ITA,Web / digital,NO_CODE,gara per l'affidamento in concessione dei servizi museali integrati presso il museo nazionale etrusco di villa giulia – ,1,3312806.0,2.0,67.98
TED,SVN,Web / digital,NO_CODE,prevozni polportal spremenljive vsebine,1,2377000.0,2.0,67.98
TED,IT,Web / digital,NO_CODE,"affidamento di un accordo quadro per ""servizio di vigilanza e portierato da svolgersi presso le località di servizio di ",1,6868170.95,2.0,67.98
TED,IT,Web / digital,NO_CODE,proc. <n>/<n> “progettazione esecutiva ed esecuzione lavori di realizzazione dell’impianto di produzione per riforniment,1,18802039.85,3.0,67.98
Germany,Germany,Web / digital,64200000,ex-post_osterhofen_baygibitr_wilüm,1,5187170.0,3.0,67.98
TED,ES,Web / digital,NO_CODE,ctti-<n>-<n> servicio de la plataforma de distribución de contenidos para los portales de la generalitat de catalunya,1,2882655.42,2.0,67.98
United Kingdom,United Kingdom,Language / transcription,85000000,provision of children and young people’s speech and language therapy services,1,3100000.0,3.0,67.98
TED,POL,Web / digital,NO_CODE,zakup środowiska infrastrukturalno-narzędziowego wraz z oprogramowaniem na potrzeby budowy systemu portal rolnika,1,67197055.085,2.0,67.98
TED,ROU,Web / digital,NO_CODE,lot <n>: servicii de mentenanta tip ln<n> la pod rulant <n> tf/<n> tf che piatra neamt lot <n>: servicii de mentenanta t,1,4578625.0,3.0,67.98
TED,ESP,Web / digital,NO_CODE,"construcción nuevo museo de semana santa en plaza de santa maría la nueva, s/n de zamora.",1,9892930.27,3.0,67.98
TED,SWE,Web / digital,NO_CODE,"ti <n>-<n> licensförsörjning och rådgivning södertälje, telge, nykvarn och seom",1,40000000.0,2.0,67.98
TED,NOR,Web / digital,NO_CODE,operation of the stag game portal,1,3700000.0,3.0,67.98
TED,DNK,Web / digital,NO_CODE,"udbud af analyseopgaver vedr. spildevand, slam, aske, kedelvand og røggas",1,2000000.0,2.0,67.98
TED,HUN,Web / digital,NO_CODE,portalware fejlesztési szolgáltatások,1,125000000.0,3.0,67.98
Germany,Germany,Web / digital,79950000,"live-kommunikation (veranstaltungstechnik, messebau, grafik, eventlogistik)",1,6600000.0,2.0,67.98
TED,DNK,Web / digital,NO_CODE,"udbud af implementering, drift, vedligeholdelse, support og videreudvikling af et sagsbehandlingssystem (sagsportalen)",1,151967745.14,2.0,67.98
TED,DK,Web / digital,NO_CODE,"udbud af kontrakt om vedligeholdelse, support og videreudvikling af rhs (regionernes høringsportal system)",1,4769050.0,3.0,67.98
TED,ESP,Web / digital,NO_CODE,"servicio de limpieza, higienización y conservación esencial en playas, paseos, litorales y aseos de la costa de las palm",1,14842390.28,3.0,67.98
United Kingdom,United Kingdom,Web / digital,79340000,advertising services framework,1,8400000.0,3.0,67.98
TED,POL,Web / digital,NO_CODE,utrzymanie i rozwój portalu mojawarszawa,1,17372000.0,2.0,67.98
TED,POL,Web / digital,NO_CODE,usługi doradcze w zakresie realizacji projektu zapewnienie dostępności oraz wykorzystania przez obywateli i przedsiębior,1,4375000.0,3.0,67.98
TED,SVN,Web / digital,NO_CODE,"izdelava in dobava portalnega dvigala in dvigalne opreme za odlagališče nizko-in srednje radioaktivnih odpadkov vrbina, ",1,6794320.0,2.0,67.98
United Kingdom,United Kingdom,Web / digital,55520000,concession contract for the provision of catering services at the scottish national portrait gallery,1,7828253.0,2.0,67.98
TED,CHE,Web / digital,NO_CODE,"mp-<n> n<n>/<n> lix – uds; tiefbauarbeiten, neubau signalportalfundamente, fzrs",1,3974942.0,3.0,67.98
United Kingdom,United Kingdom,Document / data processing,85150000,provision of an open bore mri scanning service,2,210000.0,1.0,67.96
United Kingdom,United Kingdom,Document / data processing,80000000,bioscientifica journals transitional read and publish <n>-<n>,1,220000.0,1.0,67.96
Quebec,Canada - Quebec,Document / data processing,76110000,lyophilisation des documents endommagés au local des archives,1,311511.18,1.0,67.96
Quebec,Canada - Quebec,Document / data processing,41000000,microscope électronique à balayage de bureau. / desktop scanning electron microscope,1,246000.0,1.0,67.96
Quebec,Canada - Quebec,Document / data processing,55111525,"achat de collections de livres électroniques, archives et ouvrages de référence de wiley",1,223942.8,1.0,67.96
Quebec,Canada - Quebec,Document / data processing,42203600,acquisition numeriseur de lames crchum,1,134716.58,1.0,67.96
Germany,Germany,Document / data processing,48000000,<n>/<n>: <n> - grau metadata hub,1,419975.0,1.0,67.96
United Kingdom,United Kingdom,Document / data processing,38511100,t<n>/<n> - environmental sem,1,220820.0,1.0,67.96
Quebec,Canada - Quebec,Document / data processing,80161508,contrat de services d'entreposage des boîtes du centre d'archives,1,100000.0,1.0,67.96
Quebec,Canada - Quebec,Document / data processing,55110000,acquisition d'archives de livres électroniques auprès de springer nature,1,134028.88,1.0,67.96
United Kingdom,United Kingdom,Document / data processing,79625000,collaboration agreement relating to pet-ct scanning,1,250000.0,1.0,67.96
Quebec,Canada - Quebec,Document / data processing,78131602,service d'entreposage de dossiers d'archives,1,100475.0,1.0,67.96
United Kingdom,United Kingdom,Document / data processing,72512000,electronic document management system,1,476024.0,1.0,67.96
Quebec,Canada - Quebec,Document / data processing,55111504,achat d'archives et de livres électroniques,1,102939.2,1.0,67.96
Quebec,Canada - Quebec,Document / data processing,52170000,acquisition et installation d’un système de rangement avec étagères au local des archives,1,118346.45,1.0,67.96
United Kingdom,United Kingdom,Document / data processing,73000000,"<n>,<n>.<n>",1,200995.44,1.0,67.96
United Kingdom,United Kingdom,Document / data processing,79996100,third party archive and storage of acute medical records,1,148120.0,1.0,67.96
United Kingdom,United Kingdom,Document / data processing,85130000,dental imaging - cbct scanning,1,150000.0,1.0,67.96
Germany,Germany,Document / data processing,38510000,konfokales lasermikroskop,1,254000.0,1.0,67.96
United Kingdom,United Kingdom,Document / data processing,85121231,insourcing cardiac physiology,1,183768.0,1.0,67.96
United Kingdom,United Kingdom,Document / data processing,85100000,ct and mri scanning services,1,325000.0,1.0,67.96
United Kingdom,United Kingdom,Document / data processing,38000000,provision of upgrades for scanning equipment,1,361000.0,1.0,67.96
Quebec,Canada - Quebec,Document / data processing,41000000,microscopes électroniques à balayage de table/ tabletop scanning electron microscopes,1,256761.63,1.0,67.96
Germany,Germany,Document / data processing,71323100,"nachtrassierung des hamburger <n> kv freileitungsnetzes <n>, los <n>: qualitätssicherung",1,141723.53,1.0,67.96
United Kingdom,United Kingdom,Document / data processing,85150000,inhealth ltd - staffed static ct - ct<n> - psr,1,493993.78,1.0,67.96
Quebec,Canada - Quebec,Document / data processing,78131602,service d'entreposage et de gestion des archives,1,290000.0,1.0,67.96
Germany,Germany,Document / data processing,38510000,lieferung eines ultramikroskops,1,333784.5,1.0,67.96
United Kingdom,United Kingdom,Document / data processing,92512000,historic environment records contract,1,400000.0,1.0,67.96
United Kingdom,United Kingdom,Document / data processing,72512000,document storage for ncg ****award****,1,180000.0,1.0,67.96
Quebec,Canada - Quebec,Document / data processing,80111512,migration des documents et des archives de docuthèque vers sharepoint ainsi que la configuration des espaces sharepoint,1,160000.0,1.0,67.96
United Kingdom,United Kingdom,Document / data processing,79410000,ukri-<n> heritage archives collections significance review,1,180000.0,1.0,67.96
Quebec,Canada - Quebec,Document / data processing,42181517,acquisition de <n> channel hyperscanning egg system pour le centre de recherche hôpital douglas,1,243208.86,1.0,67.96
Quebec,Canada - Quebec,Document / data processing,55111525,achat ensemble d’archives de livres électroniques,1,167568.63,1.0,67.96
Quebec,Canada - Quebec,Document / data processing,81111812,services d'entretien de numériseurs à haut volume,1,162668.0,1.0,67.96
Germany,Germany,Document / data processing,38510000,konfokales laser-scanning-mikroskop,1,377673.21,1.0,67.96
Quebec,Canada - Quebec,Document / data processing,55110000,achat ensemble d’archives de livres électroniques,1,195239.46,1.0,67.96
Quebec,Canada - Quebec,Document / data processing,41000000,acquisition d’un numériseur <n>d métrologique tenu en main pour large volume,1,173567.25,1.0,67.96
United Kingdom,United Kingdom,Document / data processing,33110000,nca<n> - <n>-sta odyssey,1,115993.37,1.0,67.96
United Kingdom,United Kingdom,Document / data processing,50000000,provision of technical hardware and support services for robotic scanning workstations,1,389000.0,1.0,67.96
Quebec,Canada - Quebec,Document / data processing,78130000,entreposage de documents d'archives,1,100000.0,1.0,67.96
United Kingdom,United Kingdom,Document / data processing,79995100,records information management services,1,490000.0,1.0,67.96
Germany,Germany,Document / data processing,38000000,differential scanning fluorimetry - caledo,1,104920.0,1.0,67.96
United Kingdom,United Kingdom,Document / data processing,85150000,the provision of a pulmonary hypertension mri scanning service to the sheffield pulmonary vascular disease unit,1,228000.0,1.0,67.96
United Kingdom,United Kingdom,Document / data processing,79995100,records management services,1,125000.0,1.0,67.96
Quebec,Canada - Quebec,Document / data processing,76110000,"sinistre du <n> juin <n> hsm bloc opératoire, buanderie et archives – intervention pour les dossiers patients aux archiv",1,225295.42,1.0,67.96
United Kingdom,United Kingdom,Document / data processing,85150000,medical imaging services - subcontracting ct & mri referrals,1,257787.0,1.0,67.96
United Kingdom,United Kingdom,Document / data processing,79999100,scanning of medical records for musgrove park hospital and yeovil district hospital,1,215656.12,1.0,67.96
Germany,Germany,Document / data processing,38515200,sted für ein konfokales laser-scanning-mikroskop,1,302513.1,1.0,67.96
United Kingdom,United Kingdom,Document / data processing,38433000,ukri-<n> digitisers for stfc,1,247793.45,1.0,67.96
TED,CZ,Web / digital,NO_CODE,rozvoj a technická podpora aplikace aseo,2,1304375.0,1.0,67.94
Quebec,Canada - Quebec,Consulting / research / audit,80000000,les services professionnels d’un conseiller stratégique pour la transformation des services préhospitalier d’urgence.,2,531924.0,1.0,67.9
TED,NOR,Document / data processing,NO_CODE,procurement of a case and archive system,2,2769216.5,2.0,67.9
United Kingdom,United Kingdom,Consulting / research / audit,72224000,workplace services procurement programme support (wpspps),2,7060007.5,2.0,67.88
United Kingdom,United Kingdom,Web / digital,NO_CODE,noc research vessel dry-dock refit and maintenance contract <n>,2,2750000.0,4.0,67.83
Ireland,Ireland,IT / software / cyber,72000000.0,request for tender for the provision of microsoft sharepoint and power platform support and drawdown expertise,1,1230000.0,2.0,67.8
Ireland,Ireland,IT / software / cyber,48000000.0,software defined hyperconverged infrastructure and associated equipment and services for kildare county council,1,696534.0,2.0,67.8
Germany,Germany,IT / software / cyber,63000000,rahmenvertrag travel-management,1,1800000.0,3.0,67.8
United Kingdom,United Kingdom,IT / software / cyber,NO_CODE,supply & delivery of dbm asphalt & associated products,1,1500000.0,2.0,67.8
United Kingdom,United Kingdom,IT / software / cyber,72222300,provision of data cabling,1,800000.0,3.0,67.8
Germany,Germany,IT / software / cyber,30131200,<n>-<n> kauf einer kuvertiermaschine inkl. zugehöriger software für das postcenter der stadt duisburg,1,966849.0,2.0,67.8
United Kingdom,United Kingdom,IT / software / cyber,NO_CODE,loss adjusting services - network rail,1,605400.0,3.0,67.8
Germany,Germany,IT / software / cyber,48000000,softwarepflege opentext sma-x lizenzen,1,1068350.0,2.0,67.8
Germany,Germany,IT / software / cyber,48000000,vergabe zu: <n> trm - krypto tracking sg <n>.<n>,1,503360.0,2.0,67.8
United Kingdom,United Kingdom,IT / software / cyber,72222300,online payments and cashless catering,1,1239727.0,2.0,67.8
Ireland,Ireland,IT / software / cyber,72000000.0,rft for isaps (irish coast guard search and planning system) drift modelling prediction software,1,500000.0,2.0,67.8
United Kingdom,United Kingdom,IT / software / cyber,48000000,provision of agent portal solution,1,864000.0,3.0,67.8
Ireland,Ireland,IT / software / cyber,72000000.0,"rft for the supply of consultancy for the maintenance, support and development of the teleform forms processing system",1,1008000.0,2.0,67.8
United Kingdom,United Kingdom,IT / software / cyber,72000000,ukib credit risk analytics solution,1,742320.0,2.0,67.8
Germany,Germany,IT / software / cyber,72268000,überlassung von citrix lizenzen des herstellers cloud software group,1,1700000.0,2.0,67.8
Ireland,Ireland,IT / software / cyber,72212311.0,it<n>f - official digital documents system- ul,1,1200000.0,2.0,67.8
Germany,Germany,IT / software / cyber,85000000,<n>-skills development for the ghanaian pharmaceutical sector,1,1451540.0,2.0,67.8
Germany,Germany,IT / software / cyber,48000000,"verlängerung ""citrix private cloud"" lizenzen",1,529940.0,3.0,67.8
Germany,Germany,IT / software / cyber,72200000,software für die bearbeitung und prüfung von verordnungen über häusliche krankenpflege nach § <n> sgb v,1,756737.5,3.0,67.8
Quebec,Canada - Quebec,IT / software / cyber,81111812,renouvellement du support et de l’assistance technique des solutions aruba networks,1,739294.11,2.0,67.8
Quebec,Canada - Quebec,IT / software / cyber,81111801,services professionnels spécialisés en cybersécurité,1,894941.04,3.0,67.8
United Kingdom,United Kingdom,IT / software / cyber,48000000,"the supply, installation, licenses & on-going support & maintenance of a digital alarm platform",1,585000.0,3.0,67.8
Ireland,Ireland,IT / software / cyber,72261000.0,single party framework agreement for the provision of services for a managed service support citrix partner with associa,1,628000.0,3.0,67.8
United Kingdom,United Kingdom,IT / software / cyber,NO_CODE,co<n>: cctv fibre & network maintenance services,1,920000.0,2.0,67.8
Germany,Germany,IT / software / cyber,72000000,weiterentwicklung und unterstützung beim betrieb der ordnungswidrigkeiten- und widerspruchsdatenbank (owi),1,546480.0,3.0,67.8
Ireland,Ireland,IT / software / cyber,48600000.0,call for tenders for the provision of cloud computing services for st james’s hospital,1,1343861.79,2.0,67.8
Ireland,Ireland,IT / software / cyber,72000000.0,it/<n>/<n> single party framework agreement digital modern work solution,1,900000.0,3.0,67.8
Germany,Germany,IT / software / cyber,77200000,"<n>-appui à la comifac : diplomatie environnementale, communication et offre de formation professionnelle en matière de ",1,1034410.0,3.0,67.8
Germany,Germany,IT / software / cyber,48000000,rahmenvertrag für die beschaffung von tenable-komponenten,1,1857500.0,2.0,67.8
United Kingdom,United Kingdom,IT / software / cyber,NO_CODE,provision of <n> air traffic control visual simulators at royal air force (raf) locations,1,1766770.0,2.0,67.8
Germany,Germany,IT / software / cyber,72260000,"rahmenvertrag wartung, pflege, support und weiterentwicklung der routing-komponente zentrales routing land (zrl) ab <n>",1,720000.0,2.0,67.8
Germany,Germany,IT / software / cyber,48000000,überlassung einer sam-tool-lösung auf zeit,1,1053250.0,3.0,67.8
United Kingdom,United Kingdom,IT / software / cyber,80570000,id <n> dfe - invest ni - leadership coaching and international sales leadership pilot,1,1345000.0,2.0,67.8
Germany,Germany,IT / software / cyber,72200000,sophos central managed detection and response complete,1,593209.0,3.0,67.8
Germany,Germany,IT / software / cyber,72260000,einführung einer personalsoftware in der kreisverwaltung des landkreises oberspreewald-lausitz,1,598600.0,2.0,67.8
Ireland,Ireland,IT / software / cyber,33696500.0,"diagnostic array equipment, reagents and software",1,1810000.0,3.0,67.8
Germany,Germany,IT / software / cyber,32424000,ersatz- und ergänzungsbeschaffung von netzwerktechnik der firma hpe,1,720788.0,2.0,67.8
Germany,Germany,IT / software / cyber,72220000,handelspartner für den beitritt zum microsoft-bundesvertrag <n>.<n>,1,1100443.18,2.0,67.8
Germany,Germany,IT / software / cyber,48100000,"offenes verfahren nach der vgv zur beschaffung von lizenzen des herstellers atlassian durch die bitmarck technik gmbh, d",1,1460379.0,3.0,67.8
United Kingdom,United Kingdom,IT / software / cyber,NO_CODE,cov - electrical and data services <n>,1,1400000.0,3.0,67.8
United Kingdom,United Kingdom,IT / software / cyber,71311210,road conditions survey tender,1,1000000.0,2.0,67.8
Ireland,Ireland,IT / software / cyber,72000000.0,security operations centre and managed detection and response services,1,669000.0,3.0,67.8
Ireland,Ireland,IT / software / cyber,48322000.0,"weather graphics software for met éireann, to include installation, configuration, training and technical support.",1,616500.0,3.0,67.8
Ireland,Ireland,IT / software / cyber,71621000.0,provision of economic and technical consultancy support for electricity networks price review <n> (pr<n>),1,1900000.0,3.0,67.8
United Kingdom,United Kingdom,IT / software / cyber,72000000,"digital end-to-end patient management solution for bath and north east somerset, swindon and wiltshire integrated care b",1,824400.0,2.0,67.8
United Kingdom,United Kingdom,IT / software / cyber,71351920,national tide gauge network support & maintenance <n> - <n>,1,1461777.52,2.0,67.8
Ireland,Ireland,IT / software / cyber,72260000.0,tableau tender january <n>,1,670000.0,2.0,67.8
Germany,Germany,IT / software / cyber,48000000,beschaffung von cad-software für die hansestadt lübeck,1,565737.76,2.0,67.8
Ireland,Ireland,IT / software / cyber,48700000.0,"request for tenders dated <n>/<n>/<n> for the provision of palo alto licensing, services and support",1,1000000.0,2.0,67.8
Germany,Germany,IT / software / cyber,72000000,"csaf-standard: pflege, wartung und weiterentwicklung von open source software (javascript und java - los <n>)",1,750000.0,2.0,67.8
United Kingdom,United Kingdom,IT / software / cyber,85000000,provision of a regional service user network for adult service users and service user groups in northern ireland (substa,1,882000.0,3.0,67.8
United Kingdom,United Kingdom,IT / software / cyber,48000000,climate intelligence service: data platform,1,675000.0,3.0,67.8
Ireland,Ireland,IT / software / cyber,48000000.0,"establishment of a single party framework for a hosted hr information system to include supply, migration, configuration",1,592000.0,2.0,67.8
Germany,Germany,IT / software / cyber,48000000,rahmenvertrag cobol-compiler,1,850000.0,2.0,67.8
United Kingdom,United Kingdom,IT / software / cyber,NO_CODE,se<n>b investment technology implementation lot <n>,1,525000.0,3.0,67.8
Quebec,Canada - Quebec,IT / software / cyber,80111801,services professionnels pour appuyer les activités de sécurité du centre de cyberdéfense (soc),1,1806027.3,2.0,67.8
Germany,Germany,IT / software / cyber,48000000,netzwerkmanagement software für das städtische netzwerk als subscription,1,591467.08,2.0,67.8
Ireland,Ireland,IT / software / cyber,72000000.0,me<n>c rft for the provision of a medical and healthcare competency based examinations management information system for,1,1400000.0,3.0,67.8
Quebec,Canada - Quebec,IT / software / cyber,81111801,services professionnels pour le suivi des alertes et des journaux de sécurité au centre opérationnel de cyberdéfense (ti,1,1423849.92,3.0,67.8
Germany,Germany,IT / software / cyber,48200000,softwarelizenz: citrix universal hybrid multi cloud ext. / wartungsverlängerung: tufin securechange+,1,602079.355,2.0,67.8
Ireland,Ireland,IT / software / cyber,72222300.0,"support and maintenance for oracle ebusiness suite, oda hardware, and provision and maintenance of replacement servers",1,540000.0,3.0,67.8
Ireland,Ireland,IT / software / cyber,14210000.0,cm <n>/<n> - eujtf midlands trail network - supply of aggregates for offaly west,1,936990.5,2.0,67.8
Germany,Germany,IT / software / cyber,48000000,<n>-nr-mindmanager,1,987192.24,3.0,67.8
Ireland,Ireland,IT / software / cyber,48820000.0,"iwa network products, solutions and associated services <n>",1,659546.65,3.0,67.8
Ireland,Ireland,IT / software / cyber,31214100.0,area network switches,1,1200000.0,2.0,67.8
Germany,Germany,IT / software / cyber,72416000,rahmenvereinbarung kommunale bildungsplattform,1,1812000.0,3.0,67.8
Quebec,Canada - Quebec,IT / software / cyber,43000000,modernisation et centralisation de l'infrastructure réseau informatique,1,925908.51,3.0,67.8
Germany,Germany,IT / software / cyber,72000000,"system zur zeiterfassung, personaleinsatzplanung und zutrittskontrolle (hessische justiz)",1,1748894.22,3.0,67.8
Germany,Germany,IT / software / cyber,48000000,microsoft handelspartnerrahmenvertrag über den erwerb/der bereitstellung von microsoft produkten in form von softwareliz,1,652003.18,2.0,67.8
Quebec,Canada - Quebec,IT / software / cyber,43210000,service d’installation d’infrastructure de câblage informatique,1,582385.15,3.0,67.8
Germany,Germany,IT / software / cyber,72000000,ausschr. beschilderungssoftware (eu) - veröff,1,500000.0,3.0,67.8
Germany,Germany,IT / software / cyber,48000000,einkauf gebrauchter softwarelizenzen landeskrankenhaus andernach,1,1100000.0,3.0,67.8
Germany,Germany,IT / software / cyber,32420000,lieferung einer hochverfügbaren virtualisierungsumgebung inklusive zubehör,1,816650.0,2.0,67.8
Germany,Germany,IT / software / cyber,48000000,pexip_cols,1,1226696.48,2.0,67.8
United Kingdom,United Kingdom,IT / software / cyber,NO_CODE,"cctv maintenance service for public space, urban traffic management (utmc), town hall and parking",1,1050000.0,3.0,67.8
United Kingdom,United Kingdom,IT / software / cyber,NO_CODE,provision of cadaveric facilities and resources in support of the defence medical academy,1,1339150.0,2.0,67.8
Germany,Germany,IT / software / cyber,48000000,bewerbermanagement-tool,1,712000.0,2.0,67.8
Quebec,Canada - Quebec,IT / software / cyber,81110000,services professionnels pour la gestion des services informatiques (itsm) avec bmc helix,1,1350580.0,2.0,67.8
Quebec,Canada - Quebec,IT / software / cyber,NO_CODE,exploitation de la cybersécurité des infrastructures,1,1472828.0,2.0,67.8
United Kingdom,United Kingdom,IT / software / cyber,31712349,"qub/<n>/<n> contract for the supply, delivery, installation, commissioning, calibration and maintenance of a sub-teraher",1,1000000.0,2.0,67.8
Germany,Germany,IT / software / cyber,48000000,ibm storage protect software & subscription <n> tb für <n> jahre,1,621443.0,3.0,67.8
Germany,Germany,IT / software / cyber,48800000,technische erneuerung ils main-tauber,1,650000.0,3.0,67.8
Germany,Germany,IT / software / cyber,48000000,"elastic-lizenzen, eca-<n>-<n>",1,590000.0,3.0,67.8
United Kingdom,United Kingdom,IT / software / cyber,72212330,"rostering and availability software as a service, and solution implementation",1,1441750.0,3.0,67.8
United Kingdom,United Kingdom,IT / software / cyber,72222300,housing management system,1,600224.0,3.0,67.8
Quebec,Canada - Quebec,IT / software / cyber,81160000,<n>-<n>-qf<n>-réalisation d’une nouvelle application informatique pour l'analyse structurale des ponts pour les véhicule,1,1442489.65,3.0,67.8
Ireland,Ireland,IT / software / cyber,48000000.0,ul<n> provision of survey software to integrate with brightspace virtual learning environment to the university of limer,1,525000.0,2.0,67.8
Germany,Germany,IT / software / cyber,48781000,"lieferung, einführung und wartung / pflege eines systems zur softwareverteilung (swv)",1,857587.5,3.0,67.8
Germany,Germany,IT / software / cyber,72000000,"<n>-<n> rahmenausschreibung sap is waste & recycling, sap core komponenten sowie commerce cloud unterteilt in <n> lose",1,1677407.48,1.5,67.8
Ireland,Ireland,IT / software / cyber,72000000.0,single party framework agreement for the provision of hosting licencing implementation maintenance development and suppo,1,600000.0,2.0,67.8
Germany,Germany,IT / software / cyber,30234000,fast lta silent bricks inkl. wartung und controller,1,1120000.0,3.0,67.8
Germany,Germany,IT / software / cyber,48000000,<n>-tb-app shielding lösung für mobile apps,1,946910.62,2.0,67.8
United Kingdom,United Kingdom,IT / software / cyber,72000000,siebel developer support,1,1547842.0,2.0,67.8
United Kingdom,United Kingdom,IT / software / cyber,90910000,cleaning services,1,726607.3,2.0,67.8
United Kingdom,United Kingdom,IT / software / cyber,72263000,housing management system implementation,1,937500.0,3.0,67.8
Germany,Germany,IT / software / cyber,48100000,<n>-<n>-infra-e<n>,1,796359.87,3.0,67.8
Ireland,Ireland,IT / software / cyber,30211300.0,tender for the provision of a higher education cyber range platform to mtu,1,575000.0,2.0,67.8
Ireland,Ireland,IT / software / cyber,72000000.0,provision of microsoft services support and associated services (ref <n>),1,1500000.0,3.0,67.8
Ireland,Ireland,IT / software / cyber,51000000.0,"supply, build, operation and maintenance of ev charging on maynooth university campus",1,500000.0,2.0,67.8
Ireland,Ireland,IT / software / cyber,48100000.0,request for tenders for the provision of id issuer services,1,1750000.0,2.0,67.8
Germany,Germany,IT / software / cyber,72267100,wartung eines verschlüsselungssystems und nachlieferung von hardware,1,1130964.18,2.0,67.8
United Kingdom,United Kingdom,IT / software / cyber,NO_CODE,co<n> cctv maintenance service,1,920000.0,3.0,67.8
Ireland,Ireland,IT / software / cyber,48120000.0,"system wide information management technical infrastructure (swim-ti), service",1,1500000.0,2.0,67.8
Quebec,Canada - Quebec,IT / software / cyber,43211600,fourniture sur demande de périphériques et accessoires informatiques,1,1035219.63,3.0,67.8
Germany,Germany,IT / software / cyber,72267000,<n>-ck-sw-pflege der sw mastersolution,1,611348.0,3.0,67.8
Germany,Germany,IT / software / cyber,38421100,lieferung von ultraschall-funkzähler für die kreiswerke cham - wasserversorgung,1,606382.0,2.0,67.8
Ireland,Ireland,IT / software / cyber,72000000.0,hr/<n>/<n> technical support services for peoplexd human resource information system (hris),1,500000.0,3.0,67.8
Germany,Germany,IT / software / cyber,30200000,anmietung und wartung von <n> fabrikneuen und vernetzten multifunktionsgeräten für rpgi,1,683541.6,2.0,67.8
United Kingdom,United Kingdom,IT / software / cyber,72000000,<n> - transport network management & control software solution,1,723200.0,2.0,67.8
United Kingdom,United Kingdom,IT / software / cyber,48000000,finance and purchase to pay systems,1,1085180.0,3.0,67.8
Germany,Germany,IT / software / cyber,30100000,"produktionsdrucker, broschürenfinisher und produktions-workflowsoftware",1,513294.93,2.0,67.8
Ireland,Ireland,IT / software / cyber,48442000.0,cft for the provision and support of a cloud-based loans and treasury system for the housing finance agency,1,996942.0,2.0,67.8
United Kingdom,United Kingdom,IT / software / cyber,NO_CODE,citywide weed control,1,1650000.0,3.0,67.8
Quebec,Canada - Quebec,IT / software / cyber,81160000,travaux liés à l’évolution de la gestion des identités et des accès informatiques (gia) et à l’intégration d’un outil de,1,1571937.57,2.0,67.8
United Kingdom,United Kingdom,IT / software / cyber,79212100,audit substantive testing data automation tool,1,660000.0,3.0,67.8
Germany,Germany,IT / software / cyber,72000000,hardware- und software-wartungsverträge der telefonanlage,1,548486.83,3.0,67.8
Quebec,Canada - Quebec,IT / software / cyber,81110000,service de soutien technique en informatique à distance pour le cstu,1,774410.0,3.0,67.8
Ireland,Ireland,IT / software / cyber,30230000.0,limerick city and county council hybrid cloud infrastructure solution and associated equipment and services,1,1121125.0,2.0,67.8
Ireland,Ireland,IT / software / cyber,48800000.0,"hyperconverged hybrid cloud infrastructure (hci) and cloud backup solution with associated equipment, services and suppo",1,682583.0,2.0,67.8
Germany,Germany,IT / software / cyber,73100000,ame business and market development in south korea,1,576000.0,2.0,67.8
United Kingdom,United Kingdom,IT / software / cyber,72000000,id <n> - dfe - citbni - replacement of computer information system,1,798885.99,2.0,67.8
Germany,Germany,IT / software / cyber,48820000,ersatz von zentralservern und verlängerung benutzerlizenzen,1,562000.0,3.0,67.8
United Kingdom,United Kingdom,IT / software / cyber,09121000,prn<n> - landlord natural gas,1,1099796.62,3.0,67.8
Germany,Germany,IT / software / cyber,33000000,unit dose- verblisterungsautomat (neubeschaffung),1,599985.88,2.0,67.8
Germany,Germany,IT / software / cyber,30232110,anmietung von multifunktionsgeräten,1,1512605.04,2.0,67.8
Germany,Germany,IT / software / cyber,48710000,"beschaffung und betrieb einer neuen backup-, restore- und cyberresilienz-lösung für die münchner volkshochschule (ba-<n>",1,1030832.0,2.0,67.8
United Kingdom,United Kingdom,IT / software / cyber,NO_CODE,provision of device and application management,1,1627200.0,2.0,67.8
United Kingdom,United Kingdom,IT / software / cyber,60112000,january <n> subsidised bus tenders,1,709540.0,3.0,67.8
Ireland,Ireland,IT / software / cyber,48160000.0,digital collections access solution for university of galway - single party framework (galw/jhl<n>/<n>),1,500000.0,2.0,67.8
Ireland,Ireland,IT / software / cyber,48000000.0,mh-it-<n>-<n> hyper converged hybrid cloud infrastructure solution and associated equipment and services for meath count,1,790557.0,2.0,67.8
Quebec,Canada - Quebec,IT / software / cyber,43210000,acquisition de pièces et d'équipements informatiques,1,943797.03,3.0,67.8
Germany,Germany,IT / software / cyber,72000000,"csaf-standard: pflege, wartung und weiterentwicklung von open source software (rust - los <n>)",1,1000000.0,2.0,67.8
Germany,Germany,IT / software / cyber,79132100,digitale mailsignatur und verschlüsselung,1,800000.0,3.0,67.8
Quebec,Canada - Quebec,IT / software / cyber,43000000,refonte du réseau filaire informatique,1,699329.0,2.0,67.8
Ireland,Ireland,IT / software / cyber,48170000.0,establishment of a single operator framework agreement for an electronic trial master file (etmf) and associated service,1,800000.0,2.0,67.8
Ireland,Ireland,IT / software / cyber,34922100.0,county monaghan national road pavement repair <n>. pavement surfacing / strengthening and associated works at <n> no. lo,1,580146.25,3.0,67.8
Germany,Germany,IT / software / cyber,48710000,lieferleistung vmware software,1,1039000.0,2.0,67.8
Ireland,Ireland,IT / software / cyber,48000000.0,"it<n>c - rft for the provision, implementation, maintenance and support of programme module catalogue for technological ",1,955524.89,2.0,67.8
Germany,Germany,IT / software / cyber,48000000,vergabeverfahren zum abschluss einer rahmenvereinbarung für die abwicklung des bezuges von adobe-softwarelizenzen auf ba,1,540000.0,2.0,67.8
United Kingdom,United Kingdom,IT / software / cyber,79410000,ukri-<n> esrc-bbsrc food systems commercialisation catalyst,1,800000.0,3.0,67.8
Germany,Germany,IT / software / cyber,48000000,software testdatenmanagement,1,752000.0,2.0,67.8
Ireland,Ireland,IT / software / cyber,72000000.0,<n> postgraduate application system,1,500000.0,3.0,67.8
Quebec,Canada - Quebec,IT / software / cyber,25173303,services de soutien informatique du parc de véhicules de sécurité publique,1,536399.77,2.0,67.8
Ireland,Ireland,IT / software / cyber,72000000.0,it<n>f- single supplier framework agreement for the provision of schools broadband service desk for the department of ed,1,1700000.0,2.0,67.8
United Kingdom,United Kingdom,IT / software / cyber,85000000,cph<n> feeding derbyshire,1,993046.06,3.0,67.8
Germany,Germany,IT / software / cyber,72000000,rahmenvereinbarungen über infrastrukturleistungen,1,864000.0,2.0,67.8
United Kingdom,United Kingdom,IT / software / cyber,NO_CODE,"bath and north east somerset asc community, social and memory support (csms)",1,778407.0,3.0,67.8
Ireland,Ireland,IT / software / cyber,72400000.0,request for tenders for the provision of internet access from government networks,1,505000.0,3.0,67.8
Ireland,Ireland,IT / software / cyber,32500000.0,"cft <n> - design, supply, installation and support of a fully support wi-fi network of access points at designated locat",1,1112250.0,2.0,67.8
Germany,Germany,IT / software / cyber,30200000,rahmenvereinbarung über die bedarfsorientierte lieferung von it-hardware und standardsoftware,1,1260504.2,2.0,67.8
United Kingdom,United Kingdom,IT / software / cyber,NO_CODE,nelft crisis alternatives - havering,1,982604.0,2.0,67.8
Germany,Germany,IT / software / cyber,72250000,weiterentwicklung invekos-gesamtsystem,1,1300000.0,2.0,67.8
Ireland,Ireland,IT / software / cyber,72000000.0,"cft <n> - for the provision of technology hardware and it services to councillors for south dublin, fingal and dún laogh",1,1500000.0,3.0,67.8
Germany,Germany,IT / software / cyber,48331000,mhh - beschaffung von lizenzen für die projektmanagementsoftware monday,1,561024.0,2.0,67.8
United Kingdom,United Kingdom,IT / software / cyber,NO_CODE,the provision of surfacing works,1,625000.0,3.0,67.8
Ireland,Ireland,IT / software / cyber,72200000.0,"tender for the provision to supply, implementation and support of a catering and nutrition system for children's hospita",1,1580916.38,2.0,67.8
Ireland,Ireland,IT / software / cyber,48440000.0,tender for the provision of a cloud based accounting and budgeting system for the citizens information boards service de,1,577500.0,2.0,67.8
United Kingdom,United Kingdom,IT / software / cyber,48110000,catering epos and stock management solution,1,1900000.0,3.0,67.8
United Kingdom,United Kingdom,IT / software / cyber,72000000,cctv upgrade maintenance and repair,1,926391.48,2.0,67.8
Ireland,Ireland,IT / software / cyber,72000000.0,iss<n>-<n> - assignment feedback and originality validation solution.,1,616000.0,2.0,67.8
Quebec,Canada - Quebec,IT / software / cyber,43222619,<n>-<n>-ap<n> - équipements informatiques pour salles de visioconférence,1,1775106.09,2.0,67.8
United Kingdom,United Kingdom,IT / software / cyber,48442000,awarded contract - provision of a hosted integrated financial management system and cashiering system,1,1333980.0,3.0,67.8
Germany,Germany,IT / software / cyber,48000000,"digitale aufklärung, einwilligung und dokumentensignatur",1,883780.91,2.0,67.8
United Kingdom,United Kingdom,IT / software / cyber,NO_CODE,"avanti west coast, service quality regime (sqr) procurement - <n>",1,607500.0,3.0,67.8
United Kingdom,United Kingdom,IT / software / cyber,48000000,<n> <n> chargeable garden waste permit production & distribution v<n>,1,600000.0,3.0,67.8
United Kingdom,United Kingdom,IT / software / cyber,NO_CODE,provision of cycle hangar rental and maintenance service,1,626100.0,3.0,67.8
Ireland,Ireland,IT / software / cyber,30233310.0,"biometrics device, software and associated support services",1,1500000.0,3.0,67.8
United Kingdom,United Kingdom,IT / software / cyber,51000000,"sps <n> - servicing, maintenance and repair of disability and equality equipment",1,1096760.0,2.0,67.8
United Kingdom,United Kingdom,IT / software / cyber,NO_CODE,test & measurement solutions,1,527210.0,2.0,67.8
United Kingdom,United Kingdom,IT / software / cyber,NO_CODE,road rail vehicle replacement,1,617797.0,3.0,67.8
Quebec,Canada - Quebec,IT / software / cyber,84111600,services professionnels pour la révision des contrôles internes financiers dans un contexte d’implantation de la solutio,1,718593.75,3.0,67.8
Ireland,Ireland,IT / software / cyber,48480000.0,"provision of media strategy, planning, and buying services",1,1500000.0,2.0,67.8
Germany,Germany,IT / software / cyber,48000000,fibu - software,1,581276.8,2.0,67.8
Germany,Germany,IT / software / cyber,48000000,microsoft bundesrahmenvertrag <n>.<n> - rahmenvertrag mit handelspartner,1,1578000.0,3.0,67.8
Germany,Germany,IT / software / cyber,72260000,"support, weiterentwicklung und anpassung der software vawas (vorhabensabwicklung in der wasserwirtschaft)",1,538560.0,2.0,67.8
United Kingdom,United Kingdom,IT / software / cyber,72000000,mobile push notification service,1,500000.0,2.0,67.8
Quebec,Canada - Quebec,IT / software / cyber,43000000,acquisition d’une solution informatique de gestion des menus,1,817314.0,2.0,67.8
United Kingdom,United Kingdom,IT / software / cyber,72267100,provision of cctv maintenance services,1,727008.59,3.0,67.8
United Kingdom,United Kingdom,IT / software / cyber,98112000,social economy project support provider,1,1000000.0,2.0,67.8
United Kingdom,United Kingdom,IT / software / cyber,30213200,hardware and software procurement/support services (np <n>) [previously titled: content and marketing support services (,1,1500000.0,3.0,67.8
Germany,Germany,IT / software / cyber,51610000,aktualisierung von softwaremodulen cisco unified communication manager,1,513192.0,2.0,67.8
Ireland,Ireland,IT / software / cyber,32573000.0,"a<n> contracted services for the maintenance and support of navigational systems, vessel sensors, command, control and c",1,1800000.0,2.0,67.8
Germany,Germany,IT / software / cyber,48100000,offenes verfahren nach der vgv zur beschaffung von lizenzen des herstellers cyberark durch die bitmarck technik gmbh,1,1418291.19,3.0,67.8
Ireland,Ireland,IT / software / cyber,44163100.0,atlantic technological university galway city dublin road campus contract for works to replace the heating distribution ,1,501212.11,3.0,67.8
United Kingdom,United Kingdom,IT / software / cyber,NO_CODE,librti c&i – distributed control system [dcs],1,518172.63,2.0,67.8
United Kingdom,United Kingdom,IT / software / cyber,48000000,technology solution to support the management of land and property and public protection services,1,1053750.0,3.0,67.8
United Kingdom,United Kingdom,IT / software / cyber,72212190,timetabling and associated systems,1,558377.0,3.0,67.8
Germany,Germany,IT / software / cyber,72000000,"csaf-standard: pflege, wartung und weiterentwicklung von open source software (python - los <n>)",1,750000.0,2.0,67.8
United Kingdom,United Kingdom,IT / software / cyber,72000000,integrated workplace management solution (iwms),1,533600.0,3.0,67.8
United Kingdom,United Kingdom,IT / software / cyber,72212211,tender <n>/<n> - computing platform,1,1349689.08,2.0,67.8
United Kingdom,United Kingdom,IT / software / cyber,31682210,replacement instrumentation - hydrocarbons,1,1568919.4,3.0,67.8
United Kingdom,United Kingdom,Training / education,85100000,mental health and learning disability services,2,802738500.0,1.0,67.78
United Kingdom,United Kingdom,Training / education,85100000,cataract service,2,24423554.0,1.0,67.78
United Kingdom,United Kingdom,Training / education,85100000,"mental health, learning disability and community services in cheshire and merseyside",2,506375861.0,1.0,67.78
United Kingdom,United Kingdom,Training / education,85100000,"mental health, learning disability and neurodiverse services",2,640753019.5,1.0,67.78
United Kingdom,United Kingdom,Training / education,85100000,children & young people community health and well being services,1,122804898.0,1.0,67.78
Quebec,Canada - Quebec,Training / education,43230000,renouvellement de la solution « teradata vantage » pour la gestion de la base de données de l’environnement informationn,1,6344405.0,1.0,67.78
Ireland,Ireland,Consulting / research / audit,71621000.0,"establishment of a multi-operator framework agreement for the provision of development, consultancy and enhanced technic",1,2500000.0,4.0,67.78
Quebec,Canada - Quebec,Training / education,43210000,approvisionnement en technologie de l'information,1,4421208.55,1.0,67.78
United Kingdom,United Kingdom,Training / education,80000000,shedl ebook collections - oxford university press (oup),1,4950000.0,1.0,67.78
Quebec,Canada - Quebec,Training / education,81160000,services de courtage d’information en technologies de l’information - info-tech,1,3600000.0,1.0,67.78
Ireland,Ireland,Consulting / research / audit,34928480.0,la<n>f-rft for the provision of services for the collection and disposal of hazardous waste for laboratory and research,1,10000000.0,4.0,67.78
United Kingdom,United Kingdom,Training / education,85100000,"specialised commissioning retained mental health, learning disability and autism services (mhlda)- south west",1,4399080.0,1.0,67.78
United Kingdom,United Kingdom,Training / education,48814400,shared care record (juyi) contract in gloucestershire,1,5289482.0,1.0,67.78
United Kingdom,United Kingdom,Consulting / research / audit,72221000,global talent visa - digital technology endorsing body services,1,6650000.0,4.0,67.78
Germany,Germany,Training / education,71000000,schulcampus gellershagen in bielefeld - generalplanerleistungen,1,9816617.0,1.0,67.78
United Kingdom,United Kingdom,Consulting / research / audit,NO_CODE,framework for supply of lipids,1,4000000.0,4.0,67.78
United Kingdom,United Kingdom,Consulting / research / audit,NO_CODE,dfi dva medical fitness to drive services,1,11225000.0,4.0,67.78
United Kingdom,United Kingdom,Training / education,85110000,the provision of mental health services and specialist learning disability services in hertfordshire,1,2000000000.0,1.0,67.78
United Kingdom,United Kingdom,Training / education,85100000,wp<n> provision of the healthy child programme for children and young people who are aged <n> to <n> in the borough of w,1,59190000.0,1.0,67.78
United Kingdom,United Kingdom,Training / education,85000000,young people alcohol & drug support service,1,6028738.92,1.0,67.78
United Kingdom,United Kingdom,Training / education,85000000,healthy child programme <n>-<n> service,1,11738884.0,1.0,67.78
United Kingdom,United Kingdom,Training / education,85121281,cataract service,1,26447916.0,1.0,67.78
United Kingdom,United Kingdom,Consulting / research / audit,71311200,transportation & public realm consultancy services framework,1,22000000.0,5.0,67.78
Quebec,Canada - Quebec,Consulting / research / audit,81100000,<n>-<n>-ai<n> - réalisation de l’avant-projet préliminaire et de l’étude d’impact sur l’environnement pour le prolongeme,1,7439062.65,4.0,67.78
United Kingdom,United Kingdom,Training / education,85100000,"specialised commissioning retained mental health, learning disability and autism services (mhlda)- the north west",1,29547000.0,1.0,67.78
United Kingdom,United Kingdom,Training / education,77200000,specialist peatland restoration - rewetting: mull & lochaline,1,3951562.5,1.0,67.78
United Kingdom,United Kingdom,Training / education,80000000,oup full collection read and publish <n>-<n>,1,10000000.0,1.0,67.78
Germany,Germany,Training / education,72212000,"beschaffung eines integrierten, hydrodynamischen niederschlag-abfluss-simulationsmodells (hydrologie-hydraulik-system)",1,2410000.0,1.0,67.78
Germany,Germany,Training / education,35300000,rv einsatz- und trainingsmunition <n>mm,1,8220000.0,1.0,67.78
United Kingdom,United Kingdom,Training / education,85000000,provision of recovery focused supported housing and community based wellbeing services,1,2751392.0,1.0,67.78
United Kingdom,United Kingdom,Training / education,85100000,"specialised commissioning retained mental health, learning disability and autism services (mhlda)- north east & yorkshir",1,16124776.5,1.0,67.78
Quebec,Canada - Quebec,Training / education,81160000,services de courtage d’information en technologies de l’information - gartner,1,60000000.0,1.0,67.78
United Kingdom,United Kingdom,Training / education,80110000,enhanced early years provision in south worcestershire,1,2887500.0,1.0,67.78
Ireland,Ireland,Consulting / research / audit,79200000.0,taxation advisory and compliance services to the land development agency - pro<n>,1,2300000.0,5.0,67.78
United Kingdom,United Kingdom,Training / education,80000000,hmpps higher education,1,3340000.0,1.0,67.78
United Kingdom,United Kingdom,Consulting / research / audit,NO_CODE,consultancy support for investment platform implementation,1,2000000.0,4.0,67.78
Germany,Germany,Training / education,80600000,<n>-sl-schulungen führungsfunkgeräte,1,10068020.01,1.0,67.78
United Kingdom,United Kingdom,Training / education,85110000,nenc<n> - integrated podiatry service - south tyneside and sunderland,1,24974127.67,1.0,67.78
United Kingdom,United Kingdom,Training / education,85100000,learning disability and autism programme,1,6100000.0,1.0,67.78
United Kingdom,United Kingdom,Consulting / research / audit,71315210,meph / building services consultancy services,1,6634000.0,5.0,67.78
United Kingdom,United Kingdom,Training / education,80000000,taylor & francis transitional read and publish <n>-<n>,1,35000000.0,1.0,67.78
United Kingdom,United Kingdom,Consulting / research / audit,NO_CODE,repairs & resurfacing,1,3340000.0,4.0,67.78
Quebec,Canada - Quebec,Training / education,43000000,licences et services de maintenance pour l’échange standardisé de données avec les systèmes d’information d’infor,1,3650226.93,1.0,67.78
Quebec,Canada - Quebec,Training / education,43233006,acquisition de la formation immersive en réalité virtuelle,1,4896126.15,1.0,67.78
United Kingdom,United Kingdom,Training / education,72319000,<n> - fiddo - fuels information and data for defence organisations voluntary transparency notice,1,3548744.565,1.0,67.78
Quebec,Canada - Quebec,Training / education,81160000,services professionnels en infonuagique – implantation et intégration d’actifs informationnels,1,6999741.0,1.0,67.78
United Kingdom,United Kingdom,Training / education,90714100,environmental infrastructure asset management and street works system,1,3039323.51,1.0,67.78
United Kingdom,United Kingdom,Training / education,85100000,local stop smoking service for calderdale,1,2413000.0,1.0,67.78
United Kingdom,United Kingdom,Training / education,85300000,flintshire county council learning disability day services and work opportunities services,1,30358407.23,1.0,67.78
United Kingdom,United Kingdom,Training / education,85100000,"mental health, learning disability, and children and young peoples services",1,475500000.0,1.0,67.78
United Kingdom,United Kingdom,Consulting / research / audit,NO_CODE,ukri-<n> - control systems for superconducting quantum computing research,1,6484405.67,5.0,67.78
Quebec,Canada - Quebec,Consulting / research / audit,80101507,services-conseils en gouvernance et gestion de données numériques,1,2408560.0,5.0,67.78
United Kingdom,United Kingdom,Training / education,80660000,e<n> mission crew trainer sustainment,1,7756677.390000001,1.0,67.78
Germany,Germany,Training / education,80000000,<n>-appui à la mise en ?uvre de la formation professionnelle coopérative (phase consécutive),1,2650788.0,1.0,67.78
United Kingdom,United Kingdom,Training / education,66100000,"core banking, payment, reporting and business-to-business services",1,474380000.0,1.0,67.78
United Kingdom,United Kingdom,Training / education,85100000,south west yorkshire partnership nhs foundation trust,1,424740155.0,1.0,67.78
Ireland,Ireland,Consulting / research / audit,79400000.0,ca<n> single party framework for the management and delivery of the fáilte ireland climate action programme,1,8000000.0,5.0,67.78
United Kingdom,United Kingdom,Consulting / research / audit,73220000,development services,1,20000000.0,4.0,67.78
Quebec,Canada - Quebec,Consulting / research / audit,80100000,services-conseils en gouvernance et gestion de données,1,2402400.0,4.0,67.78
Quebec,Canada - Quebec,Training / education,83120000,services professionnels de maintenance et de support du système montréal - inscription et recherche de l'information de ,1,4481593.28,1.0,67.78
United Kingdom,United Kingdom,Training / education,85100000,healthcare provision for adults and young people in prisons and other prescribed places of detention in west yorkshire a,1,15502193.0,1.0,67.78
Germany,Germany,Training / education,90700000,fisgequa phase xiv,1,2462312.4,1.0,67.78
Germany,Germany,Training / education,98510000,<n>-tb-egov <n> betrieb und weiterentwicklung,1,6774572.0,1.0,67.78
United Kingdom,United Kingdom,Consulting / research / audit,77314000,grounds maintenance services framework,1,200000000.0,5.0,67.78
United Kingdom,United Kingdom,Training / education,85100000,children & young people's therapeutic health based coaching - essex wide,1,2034000.0,1.0,67.78
Quebec,Canada - Quebec,Training / education,86000000,"accès à une plateforme d’apprentissage personnalisée en ligne, pour la formation générale des adultes, en classe et à di",1,13500000.0,1.0,67.78
United Kingdom,United Kingdom,Training / education,80000000,elsevier knovel agreement <n>-<n>,1,3000000.0,1.0,67.78
United Kingdom,United Kingdom,Training / education,75200000,dumfries and galloway advice and information service,1,4528025.0,1.0,67.78
Quebec,Canada - Quebec,Training / education,81111000,souscription au système de gestion de l'information et des évènements de sécurité (siem) qradar,1,2206192.44,1.0,67.78
Quebec,Canada - Quebec,Training / education,81110000,contrat de services professionnels en technologie de l'information,1,2232815.71,1.0,67.78
United Kingdom,United Kingdom,Consulting / research / audit,79400000,independent partnering advisor - consultancy requirement,1,2754360.0,4.0,67.78
United Kingdom,United Kingdom,Training / education,85100000,block suffolk contract - mental health,1,283910670.0,1.0,67.78
United Kingdom,United Kingdom,Training / education,85323000,change<n>life service royal borough of kensington and chelsea,1,2100000.0,1.0,67.78
United Kingdom,United Kingdom,Training / education,80300000,provision of online graduate and postgraduate educational services,1,230000000.0,1.0,67.78
United Kingdom,United Kingdom,Training / education,85100000,"specialised commissioning retained mental health, learning disability and autism services (mhlda)- london",1,14273448.0,1.0,67.78
United Kingdom,United Kingdom,Training / education,85100000,"accident and emergency services, acute services, cancer services and/or radiotherapy services, community services , diag",1,124356000.0,1.0,67.78
United Kingdom,United Kingdom,Consulting / research / audit,NO_CODE,ps<n> - personal assistance scheme,1,4697367.44,4.0,67.78
United Kingdom,United Kingdom,Training / education,85100000,pmcv <n> - public health nursing service,1,6972000.0,1.0,67.78
Ireland,Ireland,Consulting / research / audit,60000000.0,provision of economic advisory services related to public transport provision,1,32000000.0,5.0,67.78
United Kingdom,United Kingdom,Training / education,80000000,iop publishing read and publish <n>-<n>,1,4000000.0,1.0,67.78
Germany,Germany,Training / education,48814000,beschaffung kis-system für die krankenhäuser kirchen und altenkirchen,1,2226465.2,1.0,67.78
Quebec,Canada - Quebec,Consulting / research / audit,77101500,services professionnels - réalisation d’études environnementales relatives au projet tramcité,1,2191423.5,5.0,67.78
United Kingdom,United Kingdom,Training / education,85100000,"mental health, learning disability and community services across cheshire and merseyside",1,217691000.0,1.0,67.78
United Kingdom,United Kingdom,Consulting / research / audit,98200000,social security independent advocacy service <n>-<n>,1,3236790.0,5.0,67.78
United Kingdom,United Kingdom,Training / education,85000000,sussex partnership nhs foundation trust,1,297434479.0,1.0,67.78
Germany,Germany,Training / education,71521000,"bauüberwachungsleistungen: investives oberbauprogramm <n>, pd mainz",1,5966400.0,1.0,67.78
United Kingdom,United Kingdom,Training / education,80000000,energus graduate scheme,1,2121685.0,1.0,67.78
United Kingdom,United Kingdom,Training / education,85130000,northamptonshire community dental service [direct award process a],1,5200000.0,1.0,67.78
United Kingdom,United Kingdom,Training / education,85111000,mental health care services for named patients,1,2000000.0,1.0,67.78
Germany,Germany,Training / education,33115100,lieferung naeotom alpha.peak - dual source photon-counting ct (<n>/w<n>),1,2148100.0,1.0,67.78
Quebec,Canada - Quebec,Consulting / research / audit,81100000,contrat cadre - services professionnels d'études géotechniques et de caractérisation environnementale,1,3328524.0949999997,5.0,67.78
United Kingdom,United Kingdom,Training / education,80000000,oup online products for he <n> - <n>,1,5000000.0,1.0,67.78
United Kingdom,United Kingdom,Training / education,80000000,wiley jisc read and publish open access <n> -<n>,1,58000000.0,1.0,67.78
United Kingdom,United Kingdom,Training / education,85100000,mental health services delivered by cpsl mind,1,4204146.0,1.0,67.78
United Kingdom,United Kingdom,Consulting / research / audit,98200000,nhs race & health observatory (rho) host provider,1,6119952.0,4.0,67.78
United Kingdom,United Kingdom,Training / education,85323000,change<n>life service westminster city council,1,2100000.0,1.0,67.78
Quebec,Canada - Quebec,Training / education,81112502,location de la plateforme infonuagique privée pour l'hébergement des bases de données informationnelles,1,4962651.84,1.0,67.78
United Kingdom,United Kingdom,Training / education,80000000,american institute of physics transitional journals <n>-<n>,1,2200000.0,1.0,67.78
Ireland,Ireland,Consulting / research / audit,72224000.0,hse <n> - provision of specialist programme support and capacity building to enable policy implementation across mental ,1,3578700.0,5.0,67.78
United Kingdom,United Kingdom,Training / education,80000000,children and young people’s improving access to psychological therapies,1,4360495.0,1.0,67.78
United Kingdom,United Kingdom,Training / education,85140000,urgent award for the provision of healthcare services at oakhill secure training centre,1,8217228.0,1.0,67.78
United Kingdom,United Kingdom,Training / education,85100000,vcse leeds - community support and social recovery – leeds health and care partnership,1,6103375.25,1.0,67.78
United Kingdom,United Kingdom,Training / education,85100000,"specialised commissioning retained mental health, learning disability and autism services (mhlda)- midlands",1,32965765.0,1.0,67.78
Germany,Germany,Training / education,48190000,lernmanagementsystem itslearning für schleswig-holstein,1,13596100.0,1.0,67.78
United Kingdom,United Kingdom,Training / education,85100000,"mental health, learning disability and community services",1,487692276.0,1.0,67.78
United Kingdom,United Kingdom,Training / education,80000000,shedl ebook collections - springer nature,1,2500000.0,1.0,67.78
Quebec,Canada - Quebec,Training / education,81111000,abonnement microsoft azure - migration des actifs informationnels,1,4500000.0,1.0,67.78
United Kingdom,United Kingdom,Training / education,80000000,"project muse journals, <n> – <n>",1,6000000.0,1.0,67.78
Quebec,Canada - Quebec,Training / education,81160000,intégration de clientèles dans l'outil de gestion des services et des technologies de l'information,1,3991050.0,1.0,67.78
United Kingdom,United Kingdom,Training / education,85100000,"acute secondary care services / community services/ mental health and learning disability services/ hospice, palliative ",1,98682588.0,1.0,67.78
United Kingdom,United Kingdom,Consulting / research / audit,79212000,training and testing audit services,1,2448662.0,4.0,67.78
Ireland,Ireland,Consulting / research / audit,72224000.0,ag<n>c request for tenders for a programme manager to implement the recommendations of the deer management strategy grou,1,3397920.0,4.0,67.78
United Kingdom,United Kingdom,Consulting / research / audit,63515000,<n> - chevening and marshall scholarship programmes,1,3000000.0,5.0,67.78
United Kingdom,United Kingdom,Training / education,85120000,primary care services slough,1,3246495.0,1.0,67.78
Quebec,Canada - Quebec,Training / education,86000000,<n>-<n>-zz<n> - service de formation sur simulateur pour avions challenger cl-<n> du service aérien gouvernemental,1,4977218.22,1.0,67.78
United Kingdom,United Kingdom,Training / education,85111000,"mental health and learning disability, autism",1,2800000.0,1.0,67.78
Quebec,Canada - Quebec,Training / education,NO_CODE,programme de formation initiale des constables spéciaux,1,3338831.0,1.0,67.78
United Kingdom,United Kingdom,Training / education,80000000,emerald read and publish <n>-<n>,1,8891174.69,1.0,67.78
United Kingdom,United Kingdom,Consulting / research / audit,75251110,fire risk assessment rectifications,1,3612000.0,5.0,67.78
United Kingdom,United Kingdom,Training / education,90630000,tc<n> - highways winter maintenance – gritting contract,1,3300000.0,1.0,67.78
Germany,Germany,Consulting / research / audit,72227000,<n> - rahmenvertrag über beratungs- und unterstützungsleistungen im bereich sap bi-consulting,1,5760000.0,4.0,67.78
Ireland,Ireland,Consulting / research / audit,45112450.0,foynes to limerick road (including adare bypass) archaeological consultancy services - stage (i)-(iv) services,1,19999007.5,4.0,67.78
Germany,Germany,Training / education,71300000,"bauüberwachungsleistungen: investives oberbauprogramm <n>, pd frankfurt",1,4046040.0,1.0,67.78
United Kingdom,United Kingdom,Training / education,85121270,mental health services - north lincolnshire,1,25069519.0,1.0,67.78
United Kingdom,United Kingdom,Training / education,85121270,"mental health, learning disability and neurodiversity services devon - system partner",1,1031875000.0,1.0,67.78
United Kingdom,United Kingdom,Training / education,80000000,cambridge university press (cup) read and publish <n>,1,3061724.96,1.0,67.78
Quebec,Canada - Quebec,Consulting / research / audit,81100000,"<n>-<n>-fe<n> – effectuer l’inspection, l’évaluation, la réalisation des études d’avant-projet définitifs et la concepti",1,14450000.0,5.0,67.78
United Kingdom,United Kingdom,Training / education,85100000,"the nhs secondary and community mental health, learning disability, dementia and autism services in sheffield.",1,581776250.0,1.0,67.78
Germany,Germany,Creative / communications / print,45314000,"medientechnik, veranstaltungstechnik",1,977842.44,1.0,67.76
United Kingdom,United Kingdom,Creative / communications / print,85000000,london vru's youth practitioners' leadership & development programme <n>,1,1180000.0,1.0,67.76
United Kingdom,United Kingdom,Creative / communications / print,NO_CODE,supply of newspapers to the parliamentary estate,1,855000.0,1.0,67.76
Germany,Germany,Creative / communications / print,45311000,umbau eg in imc turm <n> - elektroinstallationen,1,840068.25,1.0,67.76
United Kingdom,United Kingdom,Creative / communications / print,31630000,ukri-<n> design supply deliver and commission of split pair <n>tesla superconducting magnetic system,1,863448.0,1.0,67.76
Ireland,Ireland,Creative / communications / print,30120000.0,single-party framework agreement for provision of maintenance and support services for existing printing devices and pro,1,500000.0,1.0,67.76
United Kingdom,United Kingdom,Creative / communications / print,85312320,nhs sy icb - rotherham place - safe space service- <n>,1,1082013.0,1.0,67.76
Quebec,Canada - Quebec,Creative / communications / print,82101504,service de publication des avis publics pour la ville de montréal,1,563377.5,1.0,67.76
United Kingdom,United Kingdom,Creative / communications / print,NO_CODE,the executive office (teo) – communities in transition (cit): regional expanding restorative practice in non justice set,1,505000.0,1.0,67.76
United Kingdom,United Kingdom,Creative / communications / print,85000000,lead provider for youth services - worcester city,1,516000.0,1.0,67.76
Germany,Germany,Creative / communications / print,30210000,redesign firewall-infrastruktur und bereitstellung internet-aggregationscluster und sd-wan in <n> losen,1,1981059.36,1.0,67.76
United Kingdom,United Kingdom,Creative / communications / print,50411300,proc <n>-<n> electricity half hourly meter operator,1,600000.0,1.0,67.76
United Kingdom,United Kingdom,Creative / communications / print,NO_CODE,prison democratic therapeutic communities – integrated quality audit processes,1,600000.0,1.0,67.76
United Kingdom,United Kingdom,Creative / communications / print,50100000,<n> - the supply and maintenance of non- advertising bus shelters,1,912831.0,1.0,67.76
Quebec,Canada - Quebec,Creative / communications / print,43190000,fourniture d'un système intégré de radiocommunication (<n> ans),1,622090.63,1.0,67.76
Quebec,Canada - Quebec,Creative / communications / print,43000000,équipements de télécommunication,1,1347350.16,1.0,67.76
Quebec,Canada - Quebec,Creative / communications / print,81100000,"services professionnels en génie mécanique, électrique et des télécommunications pour l'équipe maître du projet de la co",1,605918.25,1.0,67.76
Quebec,Canada - Quebec,Creative / communications / print,72000000,remplacement des systèmes d’intercommunication,1,539769.0,1.0,67.76
United Kingdom,United Kingdom,Creative / communications / print,90000000,<n> recap dry mixed recyclate - bulking,1,1500000.0,1.0,67.76
Ireland,Ireland,Creative / communications / print,79800000.0,prj<n>-<n> - managed print service,1,747225.0,1.0,67.76
United Kingdom,United Kingdom,Creative / communications / print,80550000,id <n> - dfi - active school travel programme <n>,1,1500000.0,1.0,67.76
United Kingdom,United Kingdom,Creative / communications / print,85000000,rough sleeper navigator service,1,564912.0,1.0,67.76
Quebec,Canada - Quebec,Creative / communications / print,72101901,services professionnels en design intérieur,1,975500.0,1.0,67.76
United Kingdom,United Kingdom,Creative / communications / print,38000000,dynamic vapour sorption test equipment,1,500000.0,1.0,67.76
United Kingdom,United Kingdom,Creative / communications / print,NO_CODE,"prn<n> newtownabbey area land, design and build (no.<n>)",1,1710000.0,1.0,67.76
Ireland,Ireland,Creative / communications / print,37535200.0,dlr co co - design and build of a destination play space at fernhill park and gardens,1,899421.0,1.0,67.76
United Kingdom,United Kingdom,Creative / communications / print,72220000,public transport data management system,1,1827977.0,1.0,67.76
United Kingdom,United Kingdom,Creative / communications / print,85000000,carers support service,1,684000.0,1.0,67.76
United Kingdom,United Kingdom,Creative / communications / print,80400000,step up to social work,1,532616.0,1.0,67.76
Quebec,Canada - Quebec,Creative / communications / print,72102208,ao - travaux en intercommunication <n>-<n> (fina<n>-<n>) seao <n>,1,500000.0,1.0,67.76
Germany,Germany,Creative / communications / print,45113000,"zeppelinstraße, lernort zeppelinfeld - <n>_<n>_<n>.<n> baustellen- und sicherheitseinrichtungen",1,1329716.0,1.0,67.76
Germany,Germany,Creative / communications / print,90491000,rahmenvertrag kanalverfilmung in saarbrücken <n> - <n>,1,632580.2,1.0,67.76
Ireland,Ireland,Creative / communications / print,79000000.0,south asia coordinator services for university college cork (on behalf of ucc academy),1,1200000.0,1.0,67.76
United Kingdom,United Kingdom,Creative / communications / print,90512000,"the provision of services for the receipt, storage, bulking and transfer of municipal waste",1,1700000.0,1.0,67.76
Germany,Germany,Creative / communications / print,45311200,wohnungsbau alanbrooke quartier paderborn - aq<n> ; elektrotechnik,1,1059198.94,1.0,67.76
United Kingdom,United Kingdom,Creative / communications / print,NO_CODE,nelft crisis alternatives - redbridge,1,592456.0,1.0,67.76
United Kingdom,United Kingdom,Creative / communications / print,31712330,"nmis power electronics advanced packaging semiconductor facility, dedicated die bonding, wire bonding, and encapsulation",1,1963564.0,1.0,67.76
Ireland,Ireland,Creative / communications / print,30120000.0,provision of managed print services for dcu,1,1500000.0,1.0,67.76
United Kingdom,United Kingdom,Creative / communications / print,38430000,ukri-<n> cdznte detectors with fine pitch pixel for high flux x-ray applications,1,500000.0,1.0,67.76
Ireland,Ireland,Creative / communications / print,79952000.0,multi party framework for the provision of concept design and decoration of marquees to horse racing ireland and subsidi,1,600000.0,1.0,67.76
United Kingdom,United Kingdom,Creative / communications / print,79000000,mediation and assessment service for housing,1,500000.0,1.0,67.76
United Kingdom,United Kingdom,Creative / communications / print,NO_CODE,"the provision, installation, cleaning & maintenance of bus shelters with rights to advertise",1,1081755.0,1.0,67.76
United Kingdom,United Kingdom,Creative / communications / print,66110000,"provision of e-payment platform inclusive of design, testing, hosting & management including fraud and debt management s",1,1012050.0,1.0,67.76
United Kingdom,United Kingdom,Creative / communications / print,85300000,youth empowerment services,1,700000.0,1.0,67.76
Ireland,Ireland,Creative / communications / print,77000000.0,"multi party framework agreement for the design supply planting and maintenance of flowering perennial, wildflowers and b",1,1200000.0,1.0,67.76
United Kingdom,United Kingdom,Creative / communications / print,NO_CODE,washroom systems,1,597000.0,1.0,67.76
Quebec,Canada - Quebec,Creative / communications / print,72131700,mise à niveau des équipements de signaux et communications ferroviaires,1,559086.915,1.0,67.76
Germany,Germany,Creative / communications / print,45314000,"<n>e<n> - physikalisch-technische bundesanstalt (ptb) braunschweig, ergänzungsneubau einstein-bau - schwachstromanlage, ",1,665476.79,1.0,67.76
United Kingdom,United Kingdom,Creative / communications / print,79212000,cpt_<n>_<n> external audit services,1,700000.0,1.0,67.76
Quebec,Canada - Quebec,Creative / communications / print,43222501,acquisition d'équipements de sécurité télécommunication,1,777360.0,1.0,67.76
United Kingdom,United Kingdom,Creative / communications / print,73220000,development consultant,1,750000.0,1.0,67.76
United Kingdom,United Kingdom,Creative / communications / print,79341000,id <n> - daera - lmcni - information campaign for nifqa beef and lamb,1,1000000.0,1.0,67.76
Germany,Germany,Creative / communications / print,79000000,call for proposals implementing body (advertising agency),1,750000.0,1.0,67.76
Germany,Germany,Creative / communications / print,30000000,"lieferung von it-hardware komponenten, medienausstattung und tafelsystemen",1,1300000.0,0.0,67.76
Germany,Germany,Creative / communications / print,31643000,"design, production and testing of expansion joints for cryogenic tubing of sis<n> interconnections and end caps",1,1291473.25,1.0,67.76
Germany,Germany,Creative / communications / print,73100000,"digitale designleistung für die spezifikation, entwicklung, inbetriebnahme multi-kanal inter-chiplet",1,614400.0,1.0,67.76
Germany,Germany,Creative / communications / print,38400000,beschaffung eines dedizierten elektronenstrahllithografie-systems,1,1340000.0,1.0,67.76
Germany,Germany,Creative / communications / print,45212320,sanierung rathaus mit kulturzentraum: audio video bühnentechnik,1,1129512.22,1.0,67.76
United Kingdom,United Kingdom,Creative / communications / print,NO_CODE,sheep genetic technical speciaist services,1,932424.0,1.0,67.76
Germany,Germany,Creative / communications / print,45310000,wohnungsbau alanbrooke quartier paderborn - aq<n> nordseite; elektrotechnik,1,871011.02,1.0,67.76
United Kingdom,United Kingdom,Creative / communications / print,79932000,digital experience installation,1,503226.0,1.0,67.76
Quebec,Canada - Quebec,Creative / communications / print,80171505,services professionnels pour la réalisation de campagnes publicitaires et d'autres activités de communication dans le ca,1,919425.0,1.0,67.76
Germany,Germany,Creative / communications / print,45311200,um- und ausbau betriebsgelände bgl - elektroarbeiten,1,630220.82,1.0,67.76
Germany,Germany,Creative / communications / print,32232000,cisco-videokonferenz-equipment mit beratungs- und unterstützungsleistung,1,1505917.5,1.0,67.76
Quebec,Canada - Quebec,Creative / communications / print,43210000,acquisition d'une solution de gestion d'impression,1,513392.7,1.0,67.76
Ireland,Ireland,Creative / communications / print,22462000.0,"advertising, design and media buying services for the pensions authority",1,540000.0,1.0,67.76
United Kingdom,United Kingdom,Creative / communications / print,85311300,children’s residential services,1,1322876.0,1.0,67.76
Germany,Germany,Creative / communications / print,73100000,awarding of contracts for complex soc digital backend design,1,552868.0,1.0,67.76
Germany,Germany,Creative / communications / print,79995100,"vorbereitung, klimatisierung, erfassung und einlagerung von polyester-sicherungsfilmen",1,1760210.05,1.0,67.76
United Kingdom,United Kingdom,Creative / communications / print,NO_CODE,livestock management service,1,1106860.09,1.0,67.76
Quebec,Canada - Quebec,Creative / communications / print,30201708,"acquisition de la fourniture et de l'installation d'un système d'habillage de scène, d'un système de sonorisation, vidéo",1,610837.0,1.0,67.76
Germany,Germany,Creative / communications / print,79000000,"""imagekampagne für den öffentlichen gesundheitsdienst - veröffentlichung eines imagefilms""",1,800000.0,1.0,67.76
Germany,Germany,Creative / communications / print,45311000,neubau goldbergsschule hagen (gsh) - elektroarbeiten,1,931344.95,1.0,67.76
United Kingdom,United Kingdom,Creative / communications / print,NO_CODE,havant advice services,1,705000.0,1.0,67.76
Quebec,Canada - Quebec,Creative / communications / print,80101500,"services de conseils stratégiques intégrés de communications/affaires publiques, et de marketing numérique",1,750000.0,1.0,67.76
Germany,Germany,Creative / communications / print,45311000,wohnungsbau alanbrooke quartier paderborn - aq<n> südseite; elektrotechnik,1,1043879.17,1.0,67.76
United Kingdom,United Kingdom,Creative / communications / print,NO_CODE,"provision of lead for fixed ballast, rrs sir david attenborough",1,1933519.0,1.0,67.76
Germany,Germany,Creative / communications / print,79340000,pr<n> - services for the project „mpeg-h <n>d audio adoption in brazil“,1,593120.0,1.0,67.76
United Kingdom,United Kingdom,Creative / communications / print,NO_CODE,lsl/med/<n> - the supply and support of emergency patient trolleys - tender notice - pa<n>,1,1200000.0,1.0,67.76
United Kingdom,United Kingdom,Creative / communications / print,85300000,"assessment, information and advice sensory service",1,1253996.0,1.0,67.76
United Kingdom,United Kingdom,Creative / communications / print,NO_CODE,fire alarms maintenance services,1,1446741.25,1.0,67.76
United Kingdom,United Kingdom,Creative / communications / print,NO_CODE,"mtc for repair, maintenance & minor works for high level lighting installations at belfast city council properties and l",1,554460.0,1.0,67.76
United Kingdom,United Kingdom,Creative / communications / print,75200000,victim services,1,1234555.64,1.0,67.76
United Kingdom,United Kingdom,Creative / communications / print,30232100,"qub/<n>/<n> contract for the supply, delivery, installation and commissioning of a micron-scale <n>d printing system.",1,600000.0,1.0,67.76
United Kingdom,United Kingdom,Creative / communications / print,NO_CODE,tvca-proc-<n> - active travel engagement support services,1,680000.0,1.0,67.76
Quebec,Canada - Quebec,Consulting / research / audit,77000000,ao<n>-<n> études environnementaux et hydrogéologique pour des études complémentaires - infrastructure secteur est - lot ,3,101752.88,1.0,67.7
United Kingdom,United Kingdom,Consulting / research / audit,NO_CODE,orthorectification service framework <n> - <n>,1,375000.0,1.0,67.7
Ireland,Ireland,Consulting / research / audit,71621000.0,request for tenders for the provision of food preparation and/or analytical services for the <n>-<n> fsai total diet stu,1,379587.0,1.0,67.7
United Kingdom,United Kingdom,Consulting / research / audit,38000000,supply of glass scriber,1,300000.0,1.0,67.7
United Kingdom,United Kingdom,Consulting / research / audit,38527200,ukri-<n> the approved dosimetry service for ukri-stfc,1,289432.8,1.0,67.7
Quebec,Canada - Quebec,Consulting / research / audit,81100000,services professionnels pour études géotechniques et une étude d'avant-projet pour la digue de la rue jack,1,189191.36,1.0,67.7
United Kingdom,United Kingdom,Consulting / research / audit,79210000,provision of external audit services and related services to the cambridge housing society limited and its subsidiary co,1,104175.0,1.0,67.7
Ireland,Ireland,Consulting / research / audit,71600000.0,sampling and testing of bituminous binders,1,479500.0,1.0,67.7
Quebec,Canada - Quebec,Consulting / research / audit,77101500,"agrandissement du let à clermont, études géotechnique et hydrogéologique",1,268025.11,1.0,67.7
Ireland,Ireland,Consulting / research / audit,71510000.0,fcc/<n>/<n> - r<n> connectivity project – cctv drainage survey,1,162280.0,1.0,67.7
Quebec,Canada - Quebec,Consulting / research / audit,81100000,station de pompage ruisseau noir - services professionnels de firme d'ingénieurs-conseils,1,175664.55,1.0,67.7
Ireland,Ireland,Consulting / research / audit,85140000.0,request for tender for the provision of senior physiotherapy consultancy services,1,336640.0,1.0,67.7
Ireland,Ireland,Consulting / research / audit,70000000.0,total development cost study <n>,1,117500.0,1.0,67.7
Ireland,Ireland,Consulting / research / audit,72221000.0,call for tender for the provision of marine stewardship council re-assessment and subsequent maintenance of the ireland ,1,115599.0,1.0,67.7
United Kingdom,United Kingdom,Consulting / research / audit,72224000,environmental collaborative leadership programme (ecl,1,560000.0,2.0,67.7
United Kingdom,United Kingdom,Consulting / research / audit,71600000,purch<n> provision for biocompatibility testing and assessment of heliost,1,393750.0,1.0,67.7
Quebec,Canada - Quebec,Consulting / research / audit,81100000,réalisation d’une étude géotechnique complémentaire et caractérisation environnementale sommaire des sols et des matière,1,310530.23,1.0,67.7
Ireland,Ireland,Consulting / research / audit,33190000.0,cose<n>-<n>- portryx - conducting pre-clinical contract research for a novel endovascular medical device,1,109980.0,1.0,67.7
United Kingdom,United Kingdom,Consulting / research / audit,71600000,id <n> - daera - cafre - establishment soil carbon stocks baseline at the cafre farms,1,193085.0,1.0,67.7
Quebec,Canada - Quebec,Consulting / research / audit,80101507,services-conseils et soutien d’assistance directe diamond-<n> sous check point,1,132000.0,1.0,67.7
United Kingdom,United Kingdom,Consulting / research / audit,14772000,ukri-<n> nqcc strontium quadrupole cavities,1,115602.0,1.0,67.7
United Kingdom,United Kingdom,Consulting / research / audit,38000000,optical microscope cryostat,1,339000.0,1.0,67.7
United Kingdom,United Kingdom,Consulting / research / audit,NO_CODE,single-molecule counting and digital quantification of rna molecules instrument,1,111186.0,1.0,67.7
United Kingdom,United Kingdom,Consulting / research / audit,79411100,international technical support framework,1,300000.0,1.0,67.7
Ireland,Ireland,Consulting / research / audit,79411000.0,seirbhísí forbartha píblíne infheistíochta/investment pipeline development services,1,299701.5,1.0,67.7
Ireland,Ireland,Consulting / research / audit,55300000.0,cft <n> - consultancy and process management services in the procurement of an operator for a coffee shop in an urban pa,1,220000.0,1.0,67.7
United Kingdom,United Kingdom,Consulting / research / audit,79300000,cambridgeshire county council - quality of life surveys <n> - <n>,1,286000.0,1.0,67.7
United Kingdom,United Kingdom,Consulting / research / audit,73110000,economics of sustainable farming scheme,1,367638.11,1.0,67.7
United Kingdom,United Kingdom,Consulting / research / audit,72600000,microsoft dynamics and power platform governance and assurance,1,1200000.0,2.0,67.7
Ireland,Ireland,Consulting / research / audit,71600000.0,provision of technical consultancy in freshwater salmonid assessment,1,308943.0,1.0,67.7
United Kingdom,United Kingdom,Consulting / research / audit,NO_CODE,ukri-<n> automated bottle processing system,1,270442.39,1.0,67.7
Quebec,Canada - Quebec,Consulting / research / audit,80000000,étude préliminaire- mise à niveau de la station de traitement des eaux usées de la riaestb,1,374013.68,1.0,67.7
United Kingdom,United Kingdom,Consulting / research / audit,73110000,the procurement of research services into the use of the prosecutors code and disproportionality,1,204111.0,1.0,67.7
United Kingdom,United Kingdom,Consulting / research / audit,85311300,scottish study of early learning and childcare phases <n>-<n>,1,354197.0,1.0,67.7
United Kingdom,United Kingdom,Consulting / research / audit,NO_CODE,capturing transitional changes in ghgfluxes following peat restoration,1,199910.8,1.0,67.7
Germany,Germany,Consulting / research / audit,73000000,durchführung der gles rolling-cross-section-studie zur wahl des <n>. deutschen bundestages,1,240000.0,1.0,67.7
Ireland,Ireland,Consulting / research / audit,92000000.0,dance assessment and advisory services,1,224400.0,1.0,67.7
Germany,Germany,Consulting / research / audit,42131148,fast valves,1,252585.0,1.0,67.7
United Kingdom,United Kingdom,Consulting / research / audit,79410000,"strategic partner programme support, early intervention and prevention programme",1,1885753.0,2.0,67.7
Germany,Germany,Consulting / research / audit,38433000,fourier transform infrared vacuum spetrometer system,1,220913.19,1.0,67.7
Ireland,Ireland,Consulting / research / audit,71600000.0,"technical knowledge and dissemination lead at the ibf bioeconomy facility, lisheen, co. tipperary",1,210000.0,1.0,67.7
Ireland,Ireland,Consulting / research / audit,92600000.0,si-<n> rft for the provision of paralympics ireland head of performance support and physiology consultancy,1,292000.0,1.0,67.7
United Kingdom,United Kingdom,Consulting / research / audit,73000000,energy innovation needs assessments <n>.<n>,1,479881.06,1.0,67.7
Ireland,Ireland,Consulting / research / audit,92000000.0,si-<n> request for tender for the provision of high performance sports physiotherapy senior consultancy,1,231200.0,1.0,67.7
United Kingdom,United Kingdom,Consulting / research / audit,NO_CODE,<n>/amrc/ck/<n> gas decarbonisation equipment & carbon removal services r<n>,1,470000.0,1.0,67.7
United Kingdom,United Kingdom,Consulting / research / audit,79212100,provision of external audit and corporation tax compliance for council companies,1,413733.0,1.0,67.7
United Kingdom,United Kingdom,Consulting / research / audit,38000000,tender for the supply and installation of provision of a transcranial ultrasound stimulation (tus) to the university of ,1,310840.0,1.0,67.7
United Kingdom,United Kingdom,Consulting / research / audit,38970000,scale centrifugation system to aberystwyth university,1,228857.0,1.0,67.7
Ireland,Ireland,Consulting / research / audit,72221000.0,cft for the provision advisory services regarding research integrity and related matters,1,145900.0,1.0,67.7
United Kingdom,United Kingdom,Consulting / research / audit,34000000,provision of mobile screening unit for diabetic eye screening wales (desw),1,452600.0,1.0,67.7
Ireland,Ireland,Consulting / research / audit,79212000.0,seirbhísí iniúchóireachta inmheánaí <n>/internal audit services <n>,1,100500.0,1.0,67.7
United Kingdom,United Kingdom,Consulting / research / audit,38230000,ukri-<n> <n>x broadband magnetotelluric systems,1,141983.0,1.0,67.7
United Kingdom,United Kingdom,Consulting / research / audit,NO_CODE,archaeological development management advice and historic environment record management services,1,297853.18,1.0,67.7
United Kingdom,United Kingdom,Consulting / research / audit,73000000,opss- cost of business compliance study,1,164923.29,1.0,67.7
United Kingdom,United Kingdom,Consulting / research / audit,73000000,national reference laboratory for chemical hazards,1,324744.75,1.0,67.7
Ireland,Ireland,Consulting / research / audit,73000000.0,ucc-<n>-<n> contract research organization (cro) services to undertake a dietary intervention.,1,141750.0,1.0,67.7
Ireland,Ireland,Consulting / research / audit,92000000.0,provision of opera assessment and advisory services,1,152520.0,1.0,67.7
Ireland,Ireland,Consulting / research / audit,73220000.0,hr<n> spf for development and delivery of training for fáilte way of mentoring,1,200000.0,1.0,67.7
Ireland,Ireland,Consulting / research / audit,79410000.0,limerick city and county council provision of co ordinator service for the student enterprise programme,1,150000.0,1.0,67.7
Quebec,Canada - Quebec,Consulting / research / audit,81100000,services professionnels en génie-conseil véhiculaire,1,300142.24,1.0,67.7
United Kingdom,United Kingdom,Consulting / research / audit,72220000,bacteriophage advisory & specialist testing services,1,450000.0,1.0,67.7
Ireland,Ireland,Consulting / research / audit,73110000.0,"hrb <n> emcdda research services to report drug prevalence, health correlates of drug use, consequences of drug use and ",1,231000.0,1.0,67.7
Ireland,Ireland,Consulting / research / audit,92000000.0,si-<n> request for tender for the provision of high performance sports nutrition senior consultancy,1,276000.0,1.0,67.7
Ireland,Ireland,Consulting / research / audit,79414000.0,coru hr management and operational services,1,410000.0,1.0,67.7
United Kingdom,United Kingdom,Consulting / research / audit,60651000,cefas<n>-<n> contract for western english channel sole & plaice time series survey,1,167400.0,1.0,67.7
Quebec,Canada - Quebec,Consulting / research / audit,12142100,acquisition de gaz commercial pour le centre d’études professionnelles saint-jérôme et le centre performance plus,1,115852.05,1.0,67.7
Quebec,Canada - Quebec,Consulting / research / audit,81100000,services professionnels d'ingénieurs-conseils - réaménagement de deux courbes sur le sentier des voyageurs,1,408541.82,1.0,67.7
Ireland,Ireland,Consulting / research / audit,92600000.0,request for tenders for the provision of strength and conditioning consultancy services,1,336640.0,1.0,67.7
United Kingdom,United Kingdom,Consulting / research / audit,71315200,glasgow secondary schools handover project,1,750000.0,3.0,67.7
Ireland,Ireland,Consulting / research / audit,71315200.0,provision of statutory compliance and health and safety services for bord bia bloom <n> plus,1,320000.0,1.0,67.7
United Kingdom,United Kingdom,Consulting / research / audit,79315000,bta<n> - great british tourism survey,1,712000.0,2.0,67.7
United Kingdom,United Kingdom,Consulting / research / audit,NO_CODE,supply of ur<n>e and grippers,1,256344.0,1.0,67.7
United Kingdom,United Kingdom,Consulting / research / audit,NO_CODE,morocco social survey in rural communities,1,350000.0,1.0,67.7
Ireland,Ireland,Consulting / research / audit,92600000.0,request for tender for the provision of performance sports nutrition consultancy services for sport ireland institute,1,294400.0,1.0,67.7
Ireland,Ireland,Consulting / research / audit,73200000.0,provision of support services for eu projects,1,100000.0,1.0,67.7
Ireland,Ireland,Consulting / research / audit,72224000.0,invitation to tender for bord bia’s event project management services,1,215000.0,1.0,67.7
United Kingdom,United Kingdom,Consulting / research / audit,79400000,t<n> technical support for the belfast policing and community safety partnership,1,180000.0,1.0,67.7
Ireland,Ireland,Consulting / research / audit,73112000.0,call for tender for technical support in respect of plankton and larval identification,1,219000.0,1.0,67.7
United Kingdom,United Kingdom,Consulting / research / audit,NO_CODE,sample analysis (snake venom),1,245000.0,1.0,67.7
Ireland,Ireland,Consulting / research / audit,79221000.0,tender for provision of international tax services,1,200000.0,1.0,67.7
United Kingdom,United Kingdom,Consulting / research / audit,42610000,ukri-<n> probe ti:sapphire amplifier system,1,334970.0,1.0,67.7
United Kingdom,United Kingdom,Consulting / research / audit,75251110,dh<n> - fire safety inspection and repairs,1,1900000.0,3.0,67.7
Ireland,Ireland,Consulting / research / audit,92000000.0,si-<n> request for tender for the provision of athlete performance life skills lead consultancy,1,347200.0,1.0,67.7
Ireland,Ireland,Consulting / research / audit,79400000.0,transformation partner (consultant secondment/partnership),1,140000.0,1.0,67.7
United Kingdom,United Kingdom,Consulting / research / audit,66000000,financial services,1,1000000.0,2.0,67.7
Ireland,Ireland,Consulting / research / audit,73220000.0,call for tender for the provision of support services for a fisheries and aquaculture gear extended producer responsibil,1,167500.0,1.0,67.7
Quebec,Canada - Quebec,Consulting / research / audit,86141603,voyage d'étude international pour les étudiants du programme emba,1,175500.0,1.0,67.7
Quebec,Canada - Quebec,Consulting / research / audit,77000000,études pédologiques dans <n> secteurs stratégiques de la minganie,1,178127.0,1.0,67.7
Quebec,Canada - Quebec,Consulting / research / audit,81200000,"services professionnels d’une équipe multidisciplinaire pour l’élaboration d’études, des plans et devis ainsi que les se",1,289500.0,1.0,67.7
Ireland,Ireland,Consulting / research / audit,72221000.0,request for tender for a consultancy service to develop an isp live record,1,119772.0,1.0,67.7
Quebec,Canada - Quebec,Consulting / research / audit,80141500,"services professionnels – études d’achalandage, de provenance et de satisfaction de la clientèle des événements culturel",1,315479.9,1.0,67.7
United Kingdom,United Kingdom,Consulting / research / audit,72314000,establishment and piloting of a population panel survey for wales,1,227750.0,1.0,67.7
Quebec,Canada - Quebec,Consulting / research / audit,80101601,étude de faisabilité d'une restructuration des services de transport régional,1,135900.45,1.0,67.7
United Kingdom,United Kingdom,Consulting / research / audit,85311300,loxford school trust - education & welfare advisory services,1,466057.85,1.0,67.7
United Kingdom,United Kingdom,Consulting / research / audit,73000000,nda - sf&nm_<n>,1,261112.0,1.0,67.7
United Kingdom,United Kingdom,Consulting / research / audit,NO_CODE,award of provision of tenant satisfaction surveys,1,108100.0,1.0,67.7
Quebec,Canada - Quebec,Consulting / research / audit,77141700,étude sur la valorisation des boues municipales,1,175083.93,1.0,67.7
Ireland,Ireland,Consulting / research / audit,73000000.0,emcdda - research support,1,132000.0,1.0,67.7
Quebec,Canada - Quebec,Consulting / research / audit,81100000,"services professionnels d'ingénieurs-conseils - programme correcteur des surverses, phase <n>",1,297785.25,1.0,67.7
Ireland,Ireland,Consulting / research / audit,73220000.0,support for dfa capacity building for climate action integration,1,163000.0,1.0,67.7
Quebec,Canada - Quebec,Consulting / research / audit,81100000,services professionnels – études préparatoires à la conception du plan de correction aam ph. i séparation du réseau d’ég,1,255057.93,1.0,67.7
United Kingdom,United Kingdom,Consulting / research / audit,NO_CODE,"cooling towers consultants at science museum, london",1,150000.0,1.0,67.7
Ireland,Ireland,Consulting / research / audit,66519310.0,the provision of flood analysis in the republic of ireland for the central bank of ireland,1,200000.0,1.0,67.7
Ireland,Ireland,Consulting / research / audit,92000000.0,"circus, street arts and spectacle assessment and advisory services",1,138000.0,1.0,67.7
United Kingdom,United Kingdom,Consulting / research / audit,NO_CODE,<n>/amrc/gm/<n> kiln modification for hydrogen / natural gas mix r<n>,1,399613.0,1.0,67.7
United Kingdom,United Kingdom,Consulting / research / audit,73200000,ecoflow champion for ukri-nerc,1,315405.0,1.0,67.7
United Kingdom,United Kingdom,Consulting / research / audit,14772000,ukri-<n> nqcc strontium dipole laser cavities,1,125832.0,1.0,67.7
United Kingdom,United Kingdom,Consulting / research / audit,79200000,ukri-<n> research england's multi-year data audit work,1,1029000.0,3.0,67.7
United Kingdom,United Kingdom,Consulting / research / audit,31630000,"ukri-<n> manufacture, supply and testing of the spin rotator magnets for super musr.",1,174840.0,1.0,67.7
Quebec,Canada - Quebec,Consulting / research / audit,84131501,service d’un.e conseiller.ère pour la gestion des risques du programme d’assurances de dommages du regroupement des univ,1,209670.0,1.0,67.7
Ireland,Ireland,Consulting / research / audit,38000000.0,"la<n>c-rft for the supply, delivery, installation, commissioning and calibration of a high precision bench-top salinomet",1,129995.4,1.0,67.7
Quebec,Canada - Quebec,Consulting / research / audit,72100000,mise aux normes accessibilités handicapés et réfection du muret de béton – chsld notre-dame-du-bon-conseil,1,402047.81,1.0,67.7
United Kingdom,United Kingdom,Consulting / research / audit,35125110,awarded contract for multimodal and multisensory research systems,1,248366.0,1.0,67.7
Ireland,Ireland,Consulting / research / audit,80570000.0,request for tenders for the provision of lead capability and expertise consultancy services,1,356000.0,1.0,67.7
Ireland,Ireland,Consulting / research / audit,73000000.0,provision of development of a national wastewater surveillance research project for drug trend analysis in ireland for t,1,480000.0,1.0,67.7
Quebec,Canada - Quebec,Consulting / research / audit,80141500,mandat d’étude pour le système de répartition assistée par ordinateur (rao),1,275000.0,1.0,67.7
Quebec,Canada - Quebec,Consulting / research / audit,80101601,services professionnels pour l'étude des infrastructures municipales de la ville de rosemère,1,105423.2,1.0,67.7
Ireland,Ireland,Consulting / research / audit,73000000.0,green skills <n> implementation plan,1,123000.0,1.0,67.7
Quebec,Canada - Quebec,Consulting / research / audit,77000000,<n>-<n>-ac<n> - réaliser une étude d'impact pour le réménagement de la route <n> entre la municipalité d’ascot corner et,1,466402.75,1.0,67.7
United Kingdom,United Kingdom,Consulting / research / audit,73000000,cementitious materials for waste encapsulation,1,549630.03,2.0,67.7
Ireland,Ireland,Consulting / research / audit,71620000.0,ag<n>c/galw/con<n>/<n> – request for tender under open procedure for the provision of an ocular toxicity study for the u,1,100610.0,1.0,67.7
United Kingdom,United Kingdom,Consulting / research / audit,79212000,id <n> uregni - provision of internal audit services,1,200000.0,1.0,67.7
United Kingdom,United Kingdom,Consulting / research / audit,NO_CODE,airport national policy statement (anps) - consultancy for supporting activity,1,285400.0,1.0,67.7
Ireland,Ireland,Consulting / research / audit,92000000.0,literature (english language) assessment and advisory services (v<n>),1,231000.0,1.0,67.7
Ireland,Ireland,Consulting / research / audit,73110000.0,test screening services,1,200000.0,1.0,67.7
United Kingdom,United Kingdom,Consulting / research / audit,79140000,id <n> - dfc - housing supply - landlord helpline service,1,209992.79,1.0,67.7
United Kingdom,United Kingdom,Consulting / research / audit,14772000,ukri-<n> nqcc strontium wavelength measurement system,1,183740.0,1.0,67.7
Germany,Germany,Consulting / research / audit,42124320,polished plates for pillow-seal vacuum seals,1,114137.54,1.0,67.7
Quebec,Canada - Quebec,Consulting / research / audit,81101514,services professionnels pour la réalisation d’une étude géotechnique en prévision de travaux municipaux,1,149007.6,1.0,67.7
United Kingdom,United Kingdom,Consulting / research / audit,NO_CODE,uk<n> - homeless health coordination project - contract award,1,389916.26,1.0,67.7
United Kingdom,United Kingdom,Consulting / research / audit,NO_CODE,high geochemical lead survey,1,199551.94,1.0,67.7
Quebec,Canada - Quebec,Consulting / research / audit,72151502,étude mécanique et plantage de poteaux,1,302120.87,1.0,67.7
Germany,Germany,Consulting / research / audit,77000000,"etablierung und betreuung eines netzwerks ökologischer und konventioneller zukunftsbetriebe, durchführung von feldversuc",1,257201.68,1.0,67.7
Quebec,Canada - Quebec,Consulting / research / audit,52161500,apo-<n>-<n> - contrat pour la fourniture et l’installation d’équipements audiovisuels relatifs au projet de l’hôtel de v,1,217946.46,1.0,67.7
Quebec,Canada - Quebec,Consulting / research / audit,32150000,acquisition de bancs de régulation pour le centre d'études professionnelles de saint-jérôme,1,132717.85,1.0,67.7
Ireland,Ireland,Consulting / research / audit,72220000.0,invitation to tender for the provision of ict support services for the institute of public administration,1,200000.0,1.0,67.7
United Kingdom,United Kingdom,Consulting / research / audit,79311400,development and expansion of existing food price modelling system,1,174571.07,1.0,67.7
Quebec,Canada - Quebec,Consulting / research / audit,81100000,services professionnels d'ingénieurs-conseils - aménagement de lots vacants en zone inondable - district de pointe-gatin,1,277094.92,1.0,67.7
Ireland,Ireland,Consulting / research / audit,45111250.0,national centre for research and reconciliation - ground investigation works,1,254840.0,1.0,67.7
United Kingdom,United Kingdom,Consulting / research / audit,NO_CODE,ukri-<n> bas - provision of drix usv operation services,1,209900.0,1.0,67.7
United Kingdom,United Kingdom,Consulting / research / audit,79212300,provision of external audit services,1,149135.0,1.0,67.7
Quebec,Canada - Quebec,Consulting / research / audit,81100000,services professionnels d'experts-conseils - aménagement de lots vacants en zone inondable - district du lac-beauchamp,1,179454.3,1.0,67.7
Quebec,Canada - Quebec,Consulting / research / audit,81100000,étude sectorielle des infrastructures municipales dans le secteur chantecler en vue d'un projet majeur de développement,1,293186.25,1.0,67.7
United Kingdom,United Kingdom,Consulting / research / audit,79212200,<n> audit and taxation services (via lot <n> and lot <n> cpc audit services framework - ref: cpc/rl/<n>/<n> via tenet pr,1,750000.0,2.0,67.7
Ireland,Ireland,Consulting / research / audit,79410000.0,ncse strategic review and integration planning for future special education support services,1,140000.0,1.0,67.7
United Kingdom,United Kingdom,Consulting / research / audit,79111000,gbn legal advisor,1,1000000.0,2.0,67.7
United Kingdom,United Kingdom,Consulting / research / audit,71900000,"lab equipment maintenance at nine, edinburgh bioquarter",1,325335.0,1.0,67.7
Ireland,Ireland,Consulting / research / audit,71317000.0,fire and disability access assessments at teagasc facilities nationwide,1,125000.0,1.0,67.7
Ireland,Ireland,Consulting / research / audit,73000000.0,request for tenders for the evaluation of the administrative executive action research project,1,124060.61,1.0,67.7
United Kingdom,United Kingdom,Consulting / research / audit,79212000,nhs bristol north somerset south gloucestershire integrated care board (icb) forthe procurement for the provision of the,1,1169400.0,3.0,67.7
United Kingdom,United Kingdom,Consulting / research / audit,73000000,resilience expert - middle east and north africa,1,270000.0,1.0,67.7
United Kingdom,United Kingdom,Consulting / research / audit,79410000,business transformation partner,1,716125.0,3.0,67.7
United Kingdom,United Kingdom,Consulting / research / audit,03140000,supply of specified pathogen free (spf) eggs to apha,1,479628.0,1.0,67.7
Quebec,Canada - Quebec,Consulting / research / audit,84000000,<n>-<n>-zz<n> - services-conseils en assurances et en cautionnement dans le cadre de la gestion de l'entente de partenar,1,123050.0,1.0,67.7
Ireland,Ireland,Consulting / research / audit,75121000.0,the provision of the services of an education specialist for research ireland.,1,198920.0,1.0,67.7
United Kingdom,United Kingdom,Consulting / research / audit,71600000,gmca <n> consultancy support for flood risk data mapping,1,200000.0,1.0,67.7
Quebec,Canada - Quebec,Consulting / research / audit,81100000,services professionnels d'ingénieurs-conseils - recherche de raccordements inversés - lot <n>,1,388100.0,1.0,67.7
Ireland,Ireland,Consulting / research / audit,79410000.0,"request for tenders for sports, business and programme management services",1,149760.0,1.0,67.7
Ireland,Ireland,Consulting / research / audit,63500000.0,tr<n>c - rft for the supply of an mba study visit facilitation service for university college cork (ucc),1,185572.8,1.0,67.7
Quebec,Canada - Quebec,Consulting / research / audit,77000000,ao<n>-<n> études environnementaux et hydrogéologique pour des études complémentaires - infrastructure secteur est -lot <,1,105432.08,1.0,67.7
Ireland,Ireland,Consulting / research / audit,73000000.0,single supplier framework for consulting advisory services to the clean technology centre mtu,1,215000.0,1.0,67.7
Ireland,Ireland,Consulting / research / audit,72224000.0,"fe/<n>/<n> project management service for ireland, home of halloween destination development scheme <n>",1,118640.0,1.0,67.7
Quebec,Canada - Quebec,Consulting / research / audit,70130000,études préliminaires - géotechnique et hydraulique - stabilisation du talus de la rue lippé en bordure de la rivière del,1,172618.2,1.0,67.7
United Kingdom,United Kingdom,Consulting / research / audit,33100000,"qub/<n>/<n> contract for supply, delivery, installation, commissioning and maintenance of a tma arrayer",1,219737.0,1.0,67.7
Quebec,Canada - Quebec,Consulting / research / audit,81141825,services de laboratoire pour le contrôle qualitatif des matériaux et de l’environnement et la réalisation d’études géote,1,172462.5,1.0,67.7
Ireland,Ireland,Consulting / research / audit,70000000.0,annual total cost of development study,1,157108.0,1.0,67.7
Ireland,Ireland,Consulting / research / audit,90700000.0,national hare survey <n>-<n>,1,221463.0,1.0,67.7
United Kingdom,United Kingdom,Consulting / research / audit,73200000,"the employer pays principle feasibility study, within the horticulture value chain.",1,134900.0,1.0,67.7
Ireland,Ireland,Consulting / research / audit,60651000.0,"charter of survey vessel, skipper and crew <n>- <n>",1,209343.0,1.0,67.7
United Kingdom,United Kingdom,Consulting / research / audit,73000000,"imported food sampling, analysis and reporting framework",1,450000.0,1.0,67.7
United Kingdom,United Kingdom,Consulting / research / audit,NO_CODE,bu<n> anti microbial resistance analysis,1,240000.0,1.0,67.7
Quebec,Canada - Quebec,IT / software / cyber,43231512,regroupement des droits d'utilisation du logiciel <n>m core grouping software (cgs),2,3516808.34,1.0,67.68
Quebec,Canada - Quebec,IT / software / cyber,81112501,licence adobe créative cloud - revendeur,2,8538165.0,1.0,67.68
United Kingdom,United Kingdom,Consulting / research / audit,73000000,,2,20435088.89,1.5,67.64
United Kingdom,United Kingdom,Consulting / research / audit,71351200,<n>,3,1297200.0,1.0,67.62666666666667
TED,DNK,Consulting / research / audit,NO_CODE,procurement procedure for the purchase of a survey boat,2,2575000.0,0.5,67.58
Germany,Germany,IT / software / cyber,48000000,software des herstellers ibm (außer z-software für den ibm-mainframe) los <n>,2,195000000.0,3.0,67.58
TED,NOR,Consulting / research / audit,NO_CODE,framework agreement for consultancy services and tool support for route planning and simulation tool treno/trenissimo,1,4000000.0,1.0,67.58
TED,NOR,Consulting / research / audit,NO_CODE,floating research centre for møre ocean lab,1,19800000.0,1.0,67.58
TED,NOR,Consulting / research / audit,NO_CODE,open tender contest for the procurement of research and analysis services,1,15000000.0,1.0,67.58
Ireland,Ireland,Consulting / research / audit,79200000.0,enqeir<n> - external audit services,1,6757440.0,1.0,67.58
TED,NOR,Consulting / research / audit,NO_CODE,framework agreement for consultancy services for id-professional competence.,1,88000000.0,1.0,67.58
TED,NO,Consulting / research / audit,NO_CODE,implementation of the development in risk levels of norwegian petroleum activities (norwegian: rnnp) questionnaire surve,1,6245000.0,1.0,67.58
TED,IS,Consulting / research / audit,NO_CODE,"vestfjarðarvegur (<n>) around dynjandisheiði, phase <n> - supervision and consulting",1,43600000.0,1.0,67.58
TED,IS,Consulting / research / audit,NO_CODE,"vestfjarðarvegur (<n>) around gufudalssveit, þórisstaðir – hallsteinsnes - supervision and consulting",1,37000000.0,1.0,67.58
TED,SWE,Consulting / research / audit,NO_CODE,sei calls for tenders regarding the procurement of consultancy services to support with accession negotiations of chapte,1,5450000.0,1.0,67.58
United Kingdom,United Kingdom,Consulting / research / audit,85111800,pathology service joint venture,1,200000000.0,1.0,67.58
TED,NO,Consulting / research / audit,NO_CODE,<n>/<n> - operations- independent consultancy services (ict) - security,1,11250000.0,1.0,67.58
TED,MLT,Consulting / research / audit,NO_CODE,"ct<n>/<n> - framework agreement covering various extra-low voltage works around malta for the ministry for education, sp",1,2800000.0,1.0,67.58
TED,NOR,Consulting / research / audit,NO_CODE,<n>/<n> - consultancy assignment for the management and further development of cognos/bi systems in statsbygg.,1,35000000.0,1.0,67.58
TED,NOR,Consulting / research / audit,NO_CODE,sami parliamentary election survey <n>,1,3200000.0,1.0,67.58
TED,DNK,Consulting / research / audit,NO_CODE,provision of an airborne geophysical survey of the rift valley basin in ethiopia,1,5000000.0,1.0,67.58
TED,NOR,Consulting / research / audit,NO_CODE,floating research centre - møre ocean lab,1,12000000.0,1.0,67.58
TED,NOR,Consulting / research / audit,NO_CODE,<n>/<n> - framework agreement for consultancy services and assignments within finance and performance management.,1,15000000.0,0.0,67.58
TED,NOR,Consulting / research / audit,NO_CODE,prequalification - procurement of independent consultancy services.,1,5468800.0,1.0,67.58
TED,NO,Consulting / research / audit,NO_CODE,<n>-ude-<n> well-being survey for pupils in the <n>st - <n>th years in the schools in oslo,1,3070000.0,1.0,67.58
TED,AUT,Consulting / research / audit,NO_CODE,oenb euro survey,1,5084538.68,1.0,67.58
TED,NOR,Consulting / research / audit,NO_CODE,consultancy services cancelled,1,620000000.0,0.0,67.58
TED,NOR,Consulting / research / audit,NO_CODE,contract award: contract for consultancy services,1,12800000.0,1.0,67.58
TED,NOR,Consulting / research / audit,NO_CODE,"development plan, moglegheits study, sketch project and preliminary project.",1,3500000.0,0.0,67.58
United Kingdom,United Kingdom,Consulting / research / audit,71317100,"fire doors inspections, kingston upon hull",1,100000000.0,1.0,67.58
United Kingdom,United Kingdom,Consulting / research / audit,79111000,,1,3180000.0,1.0,67.58
TED,NO,Consulting / research / audit,NO_CODE,tender contest with negotiations - financial consultancy regarding the expiration of the concession period in the gas tr,1,5000000.0,1.0,67.58
TED,BGR,Consulting / research / audit,NO_CODE,"„абонамент за достъп до web of science, incites и други функционалности, включващи достъп до my organisation, cab abstra",1,6398464.0,1.0,67.58
TED,NOR,Consulting / research / audit,NO_CODE,consultancy services for the cooperating municipalities.,1,13500000.0,0.0,67.58
TED,NO,Consulting / research / audit,NO_CODE,consultancy and relocation services for vestre viken hospital trust,1,19000000.0,1.0,67.58
United Kingdom,United Kingdom,Consulting / research / audit,73100000,development and manufacture of hi-<n> powder for solution,1,20500000.0,1.0,67.58
TED,NOR,Consulting / research / audit,NO_CODE,<n>/<n> - consultancy services for id-professional competence.,1,88000000.0,1.0,67.58
TED,NO,Consulting / research / audit,NO_CODE,avinor as - k-<n> - procurement - group audit services,1,60000000.0,1.0,67.58
United Kingdom,United Kingdom,Consulting / research / audit,90650000,asbestos surveys additional short term contract <n>,1,5000000.0,1.0,67.58
United Kingdom,United Kingdom,Consulting / research / audit,72600000,delivery team security leads (dtsl),1,32000000.0,1.0,67.58
TED,NOR,Consulting / research / audit,NO_CODE,framework agreement for artist surveys,1,6200000.0,1.0,67.58
United Kingdom,United Kingdom,Consulting / research / audit,72600000,managed service for ingres and openroad support,1,3848490.0,1.0,67.58
United Kingdom,United Kingdom,Consulting / research / audit,66171000,financial advisory services,1,5484529.0,1.0,67.58
TED,NOR,Consulting / research / audit,NO_CODE,consultancy services for clear languages and new norwegian for the companies in helse vest,1,3000000.0,1.0,67.58
Germany,Germany,Consulting / research / audit,79320000,datenerhebungen und panelpflegen des deutschen alterssurveys in den jahren <n> bis <n>,1,2867400.0,1.0,67.58
TED,NO,Consulting / research / audit,NO_CODE,<n>-<n> procurement of electric power and portfolio management norce norwegian research centre as,1,50000000.0,1.0,67.58
TED,NOR,Consulting / research / audit,NO_CODE,procurement of strategic consulting and analysing services.,1,9500000.0,1.0,67.58
TED,AUT,Consulting / research / audit,NO_CODE,household finance and consumption survey (hfcs) in österreich,1,4847597.15,1.0,67.58
TED,NOR,Consulting / research / audit,NO_CODE,procurement of consultancy services - project manager for the ula project.,1,10000000.0,1.0,67.58
TED,DNK,Consulting / research / audit,NO_CODE,helbreds survey på alle født i <n> for syddansk universitet,1,3789100.0,0.0,67.58
TED,NOR,Consulting / research / audit,NO_CODE,framework agreement for consultancy services - iris salten iks,1,3700000.0,0.0,67.58
TED,LUX,Consulting / research / audit,NO_CODE,ad-hoc advisory support for health sector,1,2469730.0,1.0,67.58
TED,LUX,Consulting / research / audit,NO_CODE,pne <n>-flexso research management package (frmp),1,2620000.0,1.0,67.58
TED,DK,Consulting / research / audit,NO_CODE,orbitrap astral mass spectrometerr to the proteomics research infrastructure (pri),1,16354173.0,1.0,67.58
TED,NOR,Consulting / research / audit,NO_CODE,"dynamic purchasing system - consultancy services within the discipline public procurements, procurements and logistics.",1,8500000.0,0.5,67.58
TED,NO,Consulting / research / audit,NO_CODE,r<n> - consultancy assistance integration services,1,3500000.0,1.0,67.58
TED,ITA,Consulting / research / audit,NO_CODE,continental flight service in antarctica with an airworthy aircraft type basler bt-<n> for the needs of the national ant,1,6645811.0,1.0,67.58
TED,NOR,Consulting / research / audit,NO_CODE,"it subscription, research and analysis services.",1,20000000.0,1.0,67.58
TED,NOR,Consulting / research / audit,NO_CODE,evaluation and socio-economic analysis of norwegian participation in the eu's framework programmes for research and inno,1,2300000.0,1.0,67.58
TED,NOR,Consulting / research / audit,NO_CODE,"framework agreement for laboratory equipment, sampling equipment for oil and consultancy services connected to severe po",1,25000000.0,1.0,67.58
TED,NOR,Consulting / research / audit,NO_CODE,procurement of a drilling tower for geotechnical ground surveys.,1,2390000.0,1.0,67.58
United Kingdom,United Kingdom,Consulting / research / audit,79411100,bta<n>- data transformation services,1,4815000.0,1.0,67.58
TED,NO,Consulting / research / audit,NO_CODE,"consultancy services for training, courses, exercises, and activities related to acute pollution measures - the norwegia",1,17000000.0,1.0,67.58
United Kingdom,United Kingdom,Consulting / research / audit,90700000,oda - environmental pollution,1,2700000.0,1.0,67.58
TED,SWE,Consulting / research / audit,NO_CODE,expert consultancy services for biomarker-driven clinical trials in metastatic prostate cancer,1,4000000.0,1.0,67.58
TED,CHE,Consulting / research / audit,NO_CODE,contrat-cadre pour des missions d’exécution de fouilles et d’études archéologiques préventives,1,21648618.0,1.0,67.58
Ireland,Ireland,Consulting / research / audit,72220000.0,enqeir<n> - it research and advisory service framework,1,4000000.0,1.0,67.58
TED,NOR,Consulting / research / audit,NO_CODE,framework agreement for surveys,1,3000000.0,1.0,67.58
TED,NOR,Consulting / research / audit,NO_CODE,the purchase of advisory services,1,3700000.0,1.0,67.58
TED,DK,Consulting / research / audit,NO_CODE,astral mass spectrometer to the proteomics research infrastructure (pri),1,16354173.0,1.0,67.58
TED,NOR,Consulting / research / audit,NO_CODE,attitude survey on ethnic and religious minorities <n>-<n>,1,3300000.0,1.0,67.58
Quebec,Canada - Quebec,IT / software / cyber,NO_CODE,entente globale de services du mcn incluant l'hébergement des infrastructures technologiques dans un centre de traitemen,3,1667137.5,1.0,67.56
Quebec,Canada - Quebec,Document / data processing,72102304,services d’un entrepreneur spécialisé en plomberie pour bibliothèque et archives nationales du québec,1,473845.0,3.0,67.56
United Kingdom,United Kingdom,Document / data processing,NO_CODE,provision of collection and disposal of confidential waste,1,116341.56,3.0,67.56
United Kingdom,United Kingdom,Document / data processing,NO_CODE,spectralogic support and maintenance <n> eauction,1,435462.1,2.0,67.56
United Kingdom,United Kingdom,Document / data processing,38000000,"supply, delivery, installation and maintenance of a suite of thermal analysis equipment",1,360000.0,2.0,67.56
United Kingdom,United Kingdom,Document / data processing,32342400,scanning laser vibrometer,1,122883.0,3.0,67.56
Germany,Germany,Document / data processing,38511000,konfokales laser-scanning mikroskop neurologie des ukw,1,266055.6,2.0,67.56
Ireland,Ireland,Document / data processing,71351914.0,provision of artefact archive processing services,1,126900.0,3.0,67.56
United Kingdom,United Kingdom,Document / data processing,NO_CODE,nwssp mobile elevating work platforms,1,105117.0,2.0,67.56
Ireland,Ireland,Document / data processing,71351914.0,paper archive processing services,1,126900.0,2.0,67.56
United Kingdom,United Kingdom,Document / data processing,NO_CODE,spectralogic support and maintenance - eauction,1,167300.0,2.0,67.56
United Kingdom,United Kingdom,Document / data processing,38510000,"supply, delivery, installation of scanning acoustic microscopy equipment",1,350554.0,2.0,67.56
Quebec,Canada - Quebec,Document / data processing,72100000,remplacement des systèmes de protection contre l'incendie des salles d'archive et des serveurs,1,235698.75,2.0,67.56
Ireland,Ireland,Document / data processing,30216110.0,hse national distribution service point of use scanning solution and related hardware for the health service executive n,1,303074.23,2.0,67.56
Ireland,Ireland,Document / data processing,22100000.0,archival quality boxes for the national archives of ireland,1,114000.0,3.0,67.56
Ireland,Ireland,Document / data processing,38000000.0,la<n>c - atu - rft for the supply of a scanning electron microscope with an energy dispersive x-ray spectrometer,1,121296.0,3.0,67.56
United Kingdom,United Kingdom,Document / data processing,38000000,purchase of differential scanning calorimeter,1,150000.0,2.0,67.56
United Kingdom,United Kingdom,Document / data processing,38511100,sem picomechanical indenter (nu-pico),1,290000.0,2.0,67.56
Germany,Germany,Document / data processing,71355000,"a<n>_<n>,<n>-<n>,<n>_ak_hermsdorf_bfr_erw - planungsbegleitende vermessung inkl. mobiles laserscanning, los <n> und los ",1,267208.75,2.0,67.56
Germany,Germany,Document / data processing,45312100,"neubau ""zentrum für gesundheit"" ettenheim - geriatrie (ett<n>-<n>), (kg<n>) brandmeldeanlage - gefahrenmelde-/alarmanlag",1,116426.59,2.0,67.56
Quebec,Canada - Quebec,Document / data processing,44101501,acquisition de numériseurs à grande capacité,1,136734.16,2.0,67.56
Quebec,Canada - Quebec,Document / data processing,45100000,acquisition d’un numériseur grand format pour les bibliothèques de l'université de montréal,1,275000.0,3.0,67.56
United Kingdom,United Kingdom,Document / data processing,38510000,laser scanning confocal microscope,1,449813.29,2.0,67.56
Germany,Germany,Document / data processing,38514200,lieferung eines spm rastersondenmikroskops,1,323970.5,2.0,67.56
Quebec,Canada - Quebec,Document / data processing,72000000,aménagement d'un local d'archives au palais de justice de drummondville,1,274900.0,3.0,67.56
Quebec,Canada - Quebec,Consulting / research / audit,80101504,conseil stratégique pour la réalisation du plan d'action gouvernemental de la transformation des services préhospitalier,2,504100.0,3.0,67.5
TED,ROU,Web / digital,NO_CODE,implementarea unui sistem informatic de tip portal web în vederea digitalizării interacțiunii cu cetățenii primăriei plo,2,883336.5,2.5,67.5
TED,SVN,Web / digital,NO_CODE,zamenjava portalnega žerjava in čistilnega stroja he zlatoličje,1,1099011.66,2.0,67.5
TED,AUT,Web / digital,NO_CODE,generalüberholung portalkrane oberbauwerkstätte simmering,1,1268000.0,3.0,67.5
TED,ESP,Web / digital,NO_CODE,"amt-<n>-<n>: servicio de evolución, mantenimiento y soporte técnico especializado de diversos portales institucionales",1,1732320.0,3.0,67.5
TED,IT,Web / digital,NO_CODE,affidamento dei servizi integrativi presso il museo civico di palazzo te,1,608780.0,2.0,67.5
TED,SVN,Web / digital,NO_CODE,"izvedba, postavitev in migracija novega centralnega informacijskega sistema za podporo evidence delovnega časa, obračuna",1,830669.68,3.0,67.5
TED,ESP,Web / digital,NO_CODE,<n>-<n> acuerdo marco suministro energía eléctrica mncars. código de actual agrupación de cups: <n> ( museo nacional cen,1,1618488.47,3.0,67.5
TED,ESP,Web / digital,NO_CODE,"servicios de gestión de proyectos, servicios de soporte técnico, servicio de entrega, servicios de consultoría de comuni",1,1098048.0,2.0,67.5
TED,ROU,Web / digital,NO_CODE,"servicii de reparare macara portal <n>,<n> tf nr.<n> conducatoare si macara portal <n>,<n> tf nr.<n> condusa - che draga",1,1672000.0,2.0,67.5
TED,ESP,Web / digital,NO_CODE,"servicio de mantenimiento de las instalaciones de baja tensión, audiovisuales, centros de transformación y otras de los ",1,566309.91,2.0,67.5
TED,ESP,Web / digital,NO_CODE,"suministro de fabricación de un equipo de liofilización destinado a arquatec, laboratorio de conservación-restauración d",1,1556060.0,2.0,67.5
Germany,Germany,Web / digital,66114000,fahrradleasing (rahmenvereinbarung),1,1677512.64,3.0,67.5
TED,ESP,Web / digital,NO_CODE,suministro y puesta en marcha de la plataforma digital edip-epsar digital platform incluida en el proyecto digar-cv de l,1,1538003.8,3.0,67.5
TED,ES,Web / digital,NO_CODE,contratación de los servicios didácticos y de atención a visitantes a prestar en el museo de la evolución humana con sed,1,1244034.0,3.0,67.5
TED,NO,Web / digital,NO_CODE,updated status of the use and scope of work through digital platforms,1,1998780.0,3.0,67.5
TED,ROU,Web / digital,NO_CODE,serviciile de proiectare si programare sistem informatic in cadrul proiectului: ”portal de interconectare a serviciilor ,1,1280000.0,3.0,67.5
Germany,Germany,Web / digital,48814200,einführung und inbetriebnahme eines patientenportals im rahmen des khzg,1,525000.0,2.0,67.5
TED,POL,Web / digital,NO_CODE,usługa przeprowadzenia unifikacji technologicznej wykorzystywanych w pfron systemów zarządzania treścią oraz utrzymanie ,1,1767974.0,2.0,67.5
TED,ES,Web / digital,NO_CODE,acuerdo marco de servicios de producción y montaje de exposiciones temporales y recursos expositivos de la red de museos,1,1674000.0,2.0,67.5
TED,ESP,Web / digital,NO_CODE,servicios de desarrollo y mantenimiento evolutivo de portales y aplicaciones móviles (<n>) (secretaria general de admini,1,823980.0,2.0,67.5
TED,ES,Web / digital,NO_CODE,"gestión de proyectos, evolución y mantenimiento del portal de contratación y otras aplicaciones relacionadas durante los",1,1081801.0,3.0,67.5
TED,ITA,Web / digital,NO_CODE,"affidamento dei servizi di: presidio, custodia, guardiania e supporto alla visita del pubblico nelle sale espositive del",1,1393815.34,3.0,67.5
TED,ESP,Web / digital,NO_CODE,suministro de dos (<n>) vehículos recolectores compactadores de carga trasera de <n> m² de capacidad y tres (<n>) vehícu,1,1057300.0,1.5,67.5
TED,CHE,Web / digital,NO_CODE,dienstleistungen igovportal,1,1582500.0,2.0,67.5
TED,ES,Web / digital,NO_CODE,"suministro e instalación de un grupo electrógeno, sais, equipos y líneas de climatización, instalaciones y obras auxilia",1,1257972.54,2.0,67.5
Germany,Germany,Web / digital,66510000,insurance brokerage services for offshore wind farms,1,1796000.0,3.0,67.5
TED,ESP,Web / digital,NO_CODE,"servicios para la utilización, explotación y mantenimiento de las aplicaciones informáticas que forman la plataforma y e",1,977276.18,2.0,67.5
TED,POL,Web / digital,NO_CODE,"prowadzenie całodobowej obsługi centrum zarządzania i sterowania tunelami (czist), zlokalizowanego w budynku obwodu utrz",1,1068000.0,2.0,67.5
Germany,Germany,Web / digital,72413000,neugestaltung des internetportals www.wiesbaden.de; technische und strukturelle neugestaltung auf basis eines cms,1,866620.0,3.0,67.5
TED,ITA,Web / digital,NO_CODE,gara n. <n>/aperta/<n> - procedura aperta in modalità digitale per la gestione integrata dei beni del consorzio turistic,1,1517203.33,2.0,67.5
TED,ESP,Web / digital,NO_CODE,"suministro de energía eléctrica (<n>/<n>) en los edificios del paseo del prado, <n>-<n> y paseo de la castellana, <n>, p",1,844912.7,3.0,67.5
Germany,Germany,Language / transcription,71300000,fachplanung technische gebäudeausrüstung anlagengruppe <n> fördertechnik nach §<n> ff. hoai <n> für die projekte helix u,1,519727.07,3.0,67.5
TED,ESP,Web / digital,NO_CODE,contratación de los servicios para conclusión del desarrollo de la historia social única y procesos sociosanitarios. est,1,1180200.12,2.0,67.5
TED,CHE,Web / digital,NO_CODE,management office verein i-govportal.ch,1,1372437.6,2.0,67.5
TED,ESP,Web / digital,NO_CODE,"servicio de mantenimiento integral de las aplicaciones java, los portales web de internet e intranet y otros sistemas de",1,732483.25,2.0,67.5
TED,AUT,Web / digital,NO_CODE,"<n> wien minoritenplatz <n>, generalsanierung minoritenplatz <n> - sondertüren-portal metall innen",1,1353650.72,2.0,67.5
Germany,Germany,Web / digital,48100000,patientenportal_los_<n>_framework,1,1327941.22,3.0,67.5
TED,ESP,Web / digital,NO_CODE,servicio de mantenimiento y desarrollo de portales,1,606272.07,2.0,67.5
TED,ESP,Web / digital,NO_CODE,suministro de tarjeta ayuda de comida para el museo nacional centro de arte reina sofía,1,557797.07,2.0,67.5
TED,AT,Web / digital,NO_CODE,"s<n> semmering schnellstraße tunnel niklasdorf, massenberg, einhausung oberaich inkl. vorportalbereiche und anschlussste",1,999998.0,2.0,67.5
TED,ITA,Web / digital,NO_CODE,<n>apb<n> - attrezzature per medicina nucleare asfo (densitometro osseo e gamma camera),1,961169.0,1.5,67.5
TED,ESP,Web / digital,NO_CODE,suministro de energia electrica a varios museos y otros edificios dependientes de la direccion general de patrimonio cul,1,1995023.93,3.0,67.5
TED,ROU,Web / digital,NO_CODE,servicii de upgradare a portalului online de depunere a cererilor și corelarea sistemului informatic de management al st,1,547000.0,2.0,67.5
Germany,Germany,Web / digital,64200000,bereitstellung und erbringung von mobilfunkleistungen für smart-meter-gateways,1,1109718.0,3.0,67.5
TED,POL,Web / digital,NO_CODE,wykonanie modeli siatkowych <n>d w ramach projektu „zapewnienie dostępności oraz wykorzystania przez obywateli i przedsi,1,818330.0,2.0,67.5
TED,AT,Web / digital,NO_CODE,webportal,1,528785.0,3.0,67.5
TED,ESP,Web / digital,NO_CODE,limpieza y mantenimiento de los aseos automáticos para conductores de emt en la ciudad de madrid,1,771292.8,3.0,67.5
United Kingdom,United Kingdom,Web / digital,44611200,defence sourcing portal - provision of emergency breathing system (ebs) and in-service support,1,1950282.5,3.0,67.5
TED,CHE,Web / digital,NO_CODE,"n<n>/<n>, <n> ausbau nordumfahrung zürich, los <n> neubau portalgebäude weiningen pgw pv öbl bsa (mk/ap bis ibn)",1,970919.05,2.0,67.5
TED,RO,Web / digital,NO_CODE,servicii de proiectare si programare sistem informatic in cadrul proiectului: ”portal de interconectare a serviciilor pu,1,1353742.5,3.0,67.5
TED,CHE,Web / digital,NO_CODE,"mp-<n>, n<n>/<n> ausbau nordumfahrung zürich (anu), los <n>: optimierung entwässerungskonzept gubristtunnel / portalvorz",1,626748.05,2.0,67.5
TED,ESP,Web / digital,NO_CODE,suministro de mobiliario para el almacén de fondos museográficos del museo naval de madrid,1,874999.99,3.0,67.5
TED,FIN,Web / digital,NO_CODE,kansallismuseon lisärakennuksen keittiölaitetoimitus,1,522901.36,2.0,67.5
TED,ESP,Web / digital,NO_CODE,suministro y puesta en funcionamiento de cabinas de aseo para conductores de emt.,1,1218473.3,3.0,67.5
TED,SI,Web / digital,NO_CODE,izdelava nove infrastrukture in aplikacij ter vzdrževanje portala ajpes,1,1201700.0,2.0,67.5
TED,ESP,Web / digital,NO_CODE,suministro y servicios para la musealización y puesta en valor edificio caballerizas dentro del proyecto “ un paseo por ,1,511509.77,2.0,67.5
TED,AT,Web / digital,NO_CODE,bauleistungen im hochbau: alu-fenster und portale,1,545410.0,3.0,67.5
TED,PRT,Web / digital,NO_CODE,"aq. serv. desenvolvimento sw, na vertente de análise ao nível da experiência do utilizador, para agrupamento de iniciati",1,1276800.0,2.0,67.5
TED,FI,Web / digital,NO_CODE,rehabiliteringskurser för vuxna med sjukdomar i rörelseorganen (tules-kurser),1,1900000.0,2.0,67.5
TED,ESP,Web / digital,NO_CODE,mantenimiento y desarrollo del sistema de información y gestión accesible de inserta empleo: aplicación interna de gesti,1,1188000.0,2.0,67.5
TED,ESP,Web / digital,NO_CODE,"servicio de mantenimiento correctivo, adaptativo y evolutivo de los portales y aplicaciones del cem. sda <n>/<n> (centro",1,533000.0,2.0,67.5
TED,PRT,Web / digital,NO_CODE,empreitada - exploração da rede em mínimos operacionais <n> - distrito de portalegre,1,964163.04,2.0,67.5
United Kingdom,United Kingdom,Web / digital,66520000,pension scheme (defined contribution) and employee benefits,1,19000000.0,7.0,67.48
Germany,Germany,Web / digital,45220000,"<n>fei<n>-kwu - neubau <n>. modul im ubf kornwestheim, kranbahnen und stützwerke inkl. umlenkbauwerk",1,2590301.14,8.0,67.48
United Kingdom,United Kingdom,Web / digital,09000000,the supply of gas and electricity to nhs property services,1,150000000.0,6.0,67.48
United Kingdom,United Kingdom,Web / digital,34311000,p-<n> bus asset renewal phase <n>,1,6154465.0,6.0,67.48
United Kingdom,United Kingdom,Web / digital,NO_CODE,yas <n> <n>_<n> c<n> driver training framework,1,2000000.0,10.0,67.48
Germany,Germany,Web / digital,79600000,rahmenvereinbarung agenturleistungen zur anzeigenschaltung in stellenbörsen (online/print),1,3268907.56,6.0,67.48
United Kingdom,United Kingdom,Web / digital,50413200,<n> - <n> fire equipment repairs and maintenance,1,8000000.0,8.0,67.48
United Kingdom,United Kingdom,Web / digital,85000000,"nnc - nightly purchased temporary accommodation - north northamptonshire council - nightly purchased, supplier managed t",1,6874941.44,8.0,67.48
United Kingdom,United Kingdom,Web / digital,85000000,"cheshire west apms, homeless and sas itt",1,4945675.0,9.0,67.48
United Kingdom,United Kingdom,Web / digital,NO_CODE,"older people’s service care and support in pfi care homes langley oaks, heavers court and addington heights",1,79764875.84,8.0,67.48
United Kingdom,United Kingdom,Web / digital,55500000,the provision of a catering service at carr gate,1,2500000.0,6.0,67.48
United Kingdom,United Kingdom,Web / digital,NO_CODE,heating & ventilation services,1,2800000.0,10.0,67.48
United Kingdom,United Kingdom,Web / digital,60000000,dps - transportation tender,1,75700000.0,9.0,67.48
United Kingdom,United Kingdom,Web / digital,85000000,direct payment services,1,2289900.0,7.0,67.48
TED,SWE,Web / digital,NO_CODE,förmånsportal <n>,4,5750000.0,1.0,67.455
United Kingdom,United Kingdom,IT / software / cyber,72720000,wide area network,2,2629985.0,1.0,67.44
United Kingdom,United Kingdom,Document / data processing,92512000,"provision of records management and archiving, security and facilities management services (cpa<n>)",1,65000000.0,3.0,67.44
TED,NO,Document / data processing,NO_CODE,qualification for a contest for a case archive system in meløy municipality,1,3700000.0,2.0,67.44
TED,NOR,Document / data processing,NO_CODE,"delivery of copy, print out and scanning as a service.",1,121000000.0,2.0,67.44
TED,NOR,Document / data processing,NO_CODE,<n> uio life science user equipment k<n>.<n> scanning electroscope,1,2258750.0,3.0,67.44
TED,SWE,Document / data processing,NO_CODE,document management system for shipbuilding project,1,9000000.0,3.0,67.44
Germany,Germany,Document / data processing,30211500,gpu-cluster tu dresden,1,11820546.6,3.0,67.44
TED,NOR,Document / data processing,NO_CODE,archive materials,1,3500000.0,2.0,67.44
TED,NOR,Document / data processing,NO_CODE,procurement of a case and archive system for the norwegian directorate for export control and sanctions (deksa).,1,5997800.0,3.0,67.44
TED,NO,Document / data processing,NO_CODE,procurement of an archive system (prequalification),1,10000000.0,2.0,67.44
TED,NOR,Document / data processing,NO_CODE,packing and transport of archive materials to mo i rana,1,25000000.0,3.0,67.44
TED,AUT,Document / data processing,NO_CODE,agreement on in-house seismic data processing and imaging services,1,10274800.0,3.0,67.44
TED,SVN,Document / data processing,NO_CODE,"digitizacija meteorološkega in hidrološkega arhivskega gradiva, e-hramba in s tem povezane storitve",1,2271541.74,2.0,67.44
TED,NOR,Document / data processing,NO_CODE,case archive system,1,12902200.0,3.0,67.44
TED,NO,Document / data processing,NO_CODE,qualification phase: procurement of case and archive system,1,70000000.0,3.0,67.44
TED,CHE,Document / data processing,NO_CODE,"cap _ centre archives et patrimoine, la chaux-de-fonds. lot <n> _ travaux de l’entreprise de terrassement, travaux spéci",1,7716541.1,3.0,67.44
TED,CZE,Document / data processing,NO_CODE,document management system – dms,1,89896691.0,2.0,67.44
TED,NO,Document / data processing,NO_CODE,archive depot services,1,10000000.0,3.0,67.44
TED,SE,Document / data processing,NO_CODE,two scanning electron microscopes (sem),1,7460320.0,3.0,67.44
United Kingdom,United Kingdom,Document / data processing,98351110,dfi - provision of parking enforcement services,1,75000000.0,3.0,67.44
TED,NOR,Document / data processing,NO_CODE,case and archive system fauske kommune,1,2700000.0,2.0,67.44
United Kingdom,United Kingdom,IT / software / cyber,79980000,information technology solution service,3,844000.0,1.0,67.4
United Kingdom,United Kingdom,IT / software / cyber,85100000,brent integrated frailty and complex care (bifcc) service,3,794804.53,1.0,67.4
United Kingdom,United Kingdom,Training / education,80000000,the provision of apprenticeship training to soldiers of the british army though service provider contracts under the arm,3,10234622.78,2.0,67.38
Germany,Germany,Training / education,45241000,innenstadt am wasser - stadthafen nordhorn - freianlagen,1,3884375.64,2.0,67.38
Quebec,Canada - Quebec,Training / education,43231606,acquisition d’un progiciel sgil (système de gestion de l’information du laboratoire) en mode logiciel-service,1,3174289.05,3.0,67.38
Germany,Germany,Training / education,45311000,"kn,uni,x,(n),hörsaal-,seminar-u.bürogeb. elektroinstallation +fia (fernmelde-u. informationstechnische anlagen)",1,10121403.38,2.0,67.38
Germany,Germany,Training / education,79300000,informations- und organisations-dienstleistungen für die landesregierung im bereich agrarmarketing,1,7120015.0,2.0,67.38
Quebec,Canada - Quebec,Training / education,43000000,mise en œuvre d’un système d’aide à l’exploitation et à l’information voyageurs (saeiv) dans le cadre de l’électrificati,1,9307088.28,3.0,67.38
United Kingdom,United Kingdom,Training / education,80000000,variation <n> - contract award reg <n>. english for speakers of other languages and employment support - contract awarde,1,9291961.1,2.0,67.38
United Kingdom,United Kingdom,Training / education,85140000,nhs south yorkshire icb -safe space (learning disability / autism) service,1,3100000.0,3.0,67.38
United Kingdom,United Kingdom,Training / education,38800000,"the manufacture, supply, and commissioning of a neutron source at culham campus for the librti programme",1,34700000.0,3.0,67.38
United Kingdom,United Kingdom,Training / education,98000000,independent sexual violence advisor (isva) services,1,3961573.0,3.0,67.38
United Kingdom,United Kingdom,Training / education,85100000,thurrock integrated adults’ and young persons’ substance misuse treatment service,1,12534679.5,2.0,67.38
United Kingdom,United Kingdom,Training / education,NO_CODE,education psychology service,1,7169219.0,3.0,67.38
United Kingdom,United Kingdom,Training / education,80110000,nursery services,1,2500000.0,3.0,67.38
Germany,Germany,Training / education,80000000,zaw - informations- und telekommunikationssystem-elektroniker/in - flensburg | ml <n>,1,2387967.9,2.0,67.38
United Kingdom,United Kingdom,Training / education,55524000,leeds diocesan learning trust catering framework agreement,1,2025577.0,3.0,67.38
Germany,Germany,Training / education,75131000,"rahmenvereinbarung zur organisation, durchführung und nachbetreuung von kontroll- und informationsreisen für vertreter v",1,4710400.0,3.0,67.38
Ireland,Ireland,Training / education,30213100.0,establishment of a single party framework agreement for the supply and lifecycle management of windows-based end-user de,1,2000000.0,2.0,67.38
United Kingdom,United Kingdom,Training / education,NO_CODE,<n>-<n>- financial advisors to ofto team for tender and policy,1,7916666.0,3.0,67.38
United Kingdom,United Kingdom,Training / education,NO_CODE,winchester city council public realm cleansing services,1,20731985.28,3.0,67.38
United Kingdom,United Kingdom,Training / education,80000000,<n>-<n> provision of early years and childcare services at northstowe education campus,1,6271200.0,3.0,67.38
Germany,Germany,Training / education,79000000,unterstützungsleistungen rheinisches revier,1,16800000.0,3.0,67.38
United Kingdom,United Kingdom,Training / education,85312110,reopening <n> of flexible framework for early learning and childcare places (new entrants march <n>),1,42000000.0,3.0,67.38
United Kingdom,United Kingdom,Training / education,70000000,estate management services framework (emsf),1,18000000.0,2.0,67.38
Quebec,Canada - Quebec,Training / education,81111700,soutien en matière de développement et de production d’informations de gestion,1,2715913.2,2.0,67.38
United Kingdom,United Kingdom,Training / education,50421000,nucleic acid testing (nat) managed service,1,7300000.0,2.0,67.38
Quebec,Canada - Quebec,Training / education,81160000,"<n>-<n>-qf<n> - entretien, évolution et développement des systèmes de diffusion de l’information et de la viabilité hive",1,5896660.0,3.0,67.38
Germany,Germany,Training / education,72268000,interner informationshub,1,12000000.0,2.0,67.38
Quebec,Canada - Quebec,Training / education,81100000,services spécialisés en technologie de l’information (automatisation),1,3114529.035,2.0,67.38
United Kingdom,United Kingdom,Training / education,85000000,<n> - integrated sexual health strategic partner(s):,1,17500000.0,3.0,67.38
United Kingdom,United Kingdom,Training / education,66131100,wales pension partnership regulator of operator services,1,14000000.0,3.0,67.38
United Kingdom,United Kingdom,Training / education,NO_CODE,contract award for the provision of extra care catering services at bristol court,1,2136000000.0,3.0,67.38
Ireland,Ireland,Training / education,80000000.0,provision of bord bia's origin green ambassador programme,1,8000000.0,2.0,67.38
United Kingdom,United Kingdom,Training / education,80430000,purch<n> provision of a framework for non-medical personal help for the disability service,1,3000000.0,3.0,67.38
United Kingdom,United Kingdom,Training / education,NO_CODE,pp-<n> harbour learning trust catering,1,3830647.19,2.0,67.38
United Kingdom,United Kingdom,Training / education,85000000,nhse<n> - primary care and mental health services for west yorkshire adult male prisons,1,122297504.0,3.0,67.38
Ireland,Ireland,Training / education,43800000.0,a multi-supplier framework agreement for the supply of wood manufacturing and finishing machines to limerick and clare e,1,4000000.0,3.0,67.38
United Kingdom,United Kingdom,Training / education,85311200,prf <n> - respite care services with accommodation for adults with ld/autism,1,3612740.0,2.0,67.38
United Kingdom,United Kingdom,Training / education,60112000,real time passenger information & traffic light priority systems and hardware,1,6000000.0,3.0,67.38
United Kingdom,United Kingdom,Training / education,80000000,cpu<n> changing futures,1,5525952.5,3.0,67.38
United Kingdom,United Kingdom,Training / education,85000000,north northamptonshire council - supporting carers service in north northamptonshire,1,2960300.0,2.0,67.38
United Kingdom,United Kingdom,Training / education,85000000,aberdeen city advocacy services,1,2034056.0,2.0,67.38
United Kingdom,United Kingdom,Training / education,NO_CODE,winchester city council grounds maintenance services,1,18992570.72,3.0,67.38
United Kingdom,United Kingdom,Training / education,80000000,supported delivery model subcontracting arrangements,1,6800000.0,2.0,67.38
Germany,Germany,Training / education,45314000,"berlin, ng<n> neubau museum des <n>. jahrhunderts berlin - fernmelde- und informationstechnische anlagen",1,4987743.22,3.0,67.38
Germany,Germany,Training / education,72268000,raum- und ressourcenbuchungssystem,1,3300000.0,3.0,67.38
United Kingdom,United Kingdom,Training / education,85141200,<n>-<n> public health nursing service,1,139184630.0,3.0,67.38
Germany,Germany,Training / education,79952000,vergabe eines rahmenvertrages für die planung und durchführung von veranstaltungen („rahmenvertrag veranstaltungen“),1,7000000.0,3.0,67.38
United Kingdom,United Kingdom,Training / education,NO_CODE,perpetrator behaviour change programme,1,2155697.0,3.0,67.38
United Kingdom,United Kingdom,Training / education,NO_CODE,south cumbria multi academy trust~ catering tender,1,2286000.0,2.0,67.38
Germany,Germany,Training / education,32000000,beschaffung neuer notruf- und informationssäulen,1,5450360.0,1.5,67.38
United Kingdom,United Kingdom,Training / education,NO_CODE,<n>_<n> weather forecasting services,1,25000000.0,3.0,67.38
Germany,Germany,Training / education,45262300,"zeppelinstraße, lernort zeppelinfeld - <n>_<n>_<n>.<n> natursteinarbeiten neuteile beton horizontale flächen",1,2490597.0,2.0,67.38
United Kingdom,United Kingdom,Training / education,80000000,national driver offender retraining scheme,1,66000000.0,3.0,67.38
Quebec,Canada - Quebec,Training / education,81110000,"amélioration, entretien et exploitation du système automatisé de la gestion de l’information sur le personnel (sagip)",1,5073684.0,3.0,67.38
United Kingdom,United Kingdom,Training / education,85111700,home oxygen service & gp emergency bag,1,74900000.0,2.0,67.38
United Kingdom,United Kingdom,Training / education,80000000,gmts human resources specialism education provision,1,2520000.0,2.0,67.38
Germany,Germany,Training / education,71631300,leistungen des technischen gebäudemanagements im bundesministerium für ernährung und landwirtschaft in berlin,1,6062218.0,3.0,67.38
United Kingdom,United Kingdom,Training / education,90500000,"the supply of services relating to the receipt, processing, treatment, recycling and disposal of street sweepings waste",1,2690932.5,2.0,67.38
United Kingdom,United Kingdom,Training / education,66000000,mental health crisis breathing space services,1,4253551.0,3.0,67.38
Ireland,Ireland,Training / education,80000000.0,cl<n>f - rft- education and training boards - multi supplier framework agreement for the provision of mock examination p,1,8000000.0,2.0,67.38
United Kingdom,United Kingdom,Training / education,85100000,integrated sexual health service,1,14124093.07,2.0,67.38
United Kingdom,United Kingdom,Training / education,80000000,dangerous goods qualification services,1,5580000.0,2.0,67.38
United Kingdom,United Kingdom,Training / education,79342400,provision of a medical and non-medical device resale and disposal service for nhs wales,1,4500000.0,2.0,67.38
Germany,Germany,Training / education,71541000,"projektsteuerung ""zentrum für innovative mobilität""",1,5407769.7,2.0,67.38
Quebec,Canada - Quebec,Training / education,80101500,accompagnement en transformation organisationnelle avec les méthodologies safe et agile,1,2592007.6,3.0,67.38
Quebec,Canada - Quebec,Training / education,43230000,acquisition d'un système de gestion de l'information policière,1,4469505.6,2.0,67.38
Germany,Germany,Training / education,72000000,"testautomatisierung systemtest und qa-komponenten, eca-<n>-<n>",1,2200000.0,3.0,67.38
Germany,Germany,Training / education,45311200,gesamtsanierung stadthalle görlitz | los <n> – elektro- und informationstechnische anlagen | offenes verfahren gemäß § <,1,2855873.59,2.0,67.38
United Kingdom,United Kingdom,Training / education,NO_CODE,"targeted careers information, advice and guidance (tciag)",1,2500000.0,3.0,67.38
Germany,Germany,Training / education,79000000,errichtung und umsetzung eines kompetenzzentrums transformation in der arbeitswelt im lausitzer revier in brandenburg,1,5700000.0,3.0,67.38
United Kingdom,United Kingdom,Training / education,85100000,provision of specialist specialist mental health support in the community for ethnically & culturally diverse communitie,1,4500000.0,2.0,67.38
Germany,Germany,Training / education,45310000,ve_<n>-<n>.<n>_fernmelde+informationstechnik,1,2940378.83,3.0,67.38
United Kingdom,United Kingdom,Training / education,85000000,front door service,1,3819010.0,2.0,67.38
United Kingdom,United Kingdom,Training / education,NO_CODE,<n> <n>- technical advisors to ofto team for tender & policy,1,2500000.0,3.0,67.38
Ireland,Ireland,Training / education,79632000.0,rft for the provision of pre-retirement planning programme for the civil and public service.,1,2596200.0,3.0,67.38
Germany,Germany,Training / education,80522000,qualifizierungsmaßnahmen für die fachliche prozessbegleitung im bereich sprache,1,4517473.39,2.0,67.38
United Kingdom,United Kingdom,Training / education,NO_CODE,dhsc: ohid: ips technical support and fidelity reviews and training <n>/<n>,1,2979113.0,2.0,67.38
United Kingdom,United Kingdom,Training / education,85140000,<n> - bexley integrated substance misuse service,1,10630335.0,2.0,67.38
United Kingdom,United Kingdom,Training / education,80000000,the delivery and development of the university clinical aptitude test (ucat),1,27000000.0,2.0,67.38
Germany,Germany,Training / education,45210000,neubau einer vierfeld-sporthalle - erweiterte rohbauarbeiten,1,3764215.84,2.0,67.38
United Kingdom,United Kingdom,Training / education,NO_CODE,provision of a birmingham community equipment loan service,1,95000000.0,2.0,67.38
United Kingdom,United Kingdom,Training / education,60180000,fls-<n>-c timber haulage <n>,1,4200000.0,3.0,67.38
United Kingdom,United Kingdom,Training / education,NO_CODE,core valley lines (cvl) transformation: complex track works with associated level boarding works (contract details notic,1,9800000.0,2.0,67.38
United Kingdom,United Kingdom,Training / education,80100000,"provision of social, emotional and behavioural difficulties (sebd) secondary provision in newport",1,2893800.0,2.0,67.38
Germany,Germany,Training / education,75131000,dasa-besucherservice,1,7744372.8,2.0,67.38
United Kingdom,United Kingdom,Training / education,85100000,nhs resilience and interoperable capabilities team,1,25696073.0,2.0,67.38
United Kingdom,United Kingdom,Training / education,NO_CODE,holiday activities and food (haf) programme cafs/<n>/<n>,1,4680990.0,2.0,67.38
United Kingdom,United Kingdom,Training / education,80000000,tc<n> - the provision of a manchester sensory support service,1,14272115.0,2.0,67.38
United Kingdom,United Kingdom,Training / education,NO_CODE,provision of security guarding services to the british embassy in rome,1,4127290.0,3.0,67.38
United Kingdom,United Kingdom,Training / education,NO_CODE,sol community information and advice services <n>,1,6579440.0,2.0,67.38
United Kingdom,United Kingdom,Training / education,85000000,healthwatch sheffield,1,2400000.0,3.0,67.38
Germany,Germany,Training / education,45315000,"ortenau klinikum achern - neubau klinikgebäude <n> (ac <n>-<n>), ve<n> (kg<n>) gebäudeleittechnik",1,2932228.0,3.0,67.38
United Kingdom,United Kingdom,Training / education,33711710,childsmilie,1,3820000.0,2.0,67.38
United Kingdom,United Kingdom,Training / education,NO_CODE,kent carers support service,1,18530235.08,3.0,67.38
United Kingdom,United Kingdom,Training / education,72610000,corporate it support services - humber and north yorkshire icb,1,2881683.0,3.0,67.38
United Kingdom,United Kingdom,Training / education,NO_CODE,digital inclusion wales c<n>/<n>/<n>,1,6998381.06,3.0,67.38
Germany,Germany,Training / education,34114200,"belieferung der bayerischen polizei mit dienstfahrzeugen (kauf u. leasing e-fahrzeuge suv, neutral)",1,3914061.0,2.0,67.38
Germany,Germany,Training / education,71000000,ausschr. radnetz pflege und wartung (eu),1,2600000.0,2.0,67.38
United Kingdom,United Kingdom,Training / education,85000000,integrated lifestyle change programme,1,4319800.0,3.0,67.38
Germany,Germany,Training / education,48000000,lorawan infrastrukturleistungen <n>,1,6000000.0,2.0,67.38
Quebec,Canada - Quebec,Training / education,72000000,transformation fonctionnelle du complexe de santé phase <n>- puvirnituq,1,9445795.0,3.0,67.38
United Kingdom,United Kingdom,Training / education,NO_CODE,pp-<n> ricards lodge high school catering,1,2667821.17,3.0,67.38
Germany,Germany,Training / education,72000000,agile projekte und verfahren für itzbund und sonstige auftraggebende,1,53704060.0,3.0,67.38
Germany,Germany,Training / education,79000000,<n>-unterstützung zur produktion und vermarktung von nachhaltiger holzkohle und effizienten herden in ausgewählten provi,1,3335220.0,3.0,67.38
Germany,Germany,Training / education,45000000,"elektrotechnische anlagen, kommunikations-, sicherheit-, informationstechnische anlagen",1,7491024.06,3.0,67.38
Germany,Germany,Training / education,71000000,neubau eines vereinsheimes und sanierung der flutlichtanlage am friesenstadion in husum(nordsee) - technische ausrüstung,1,2184900.0,3.0,67.38
United Kingdom,United Kingdom,Training / education,NO_CODE,provision of outsourced catering service,1,11000000.0,3.0,67.38
Germany,Germany,Training / education,64111000,lettershopleistungen und zustellung für kundenzeitschriften,1,3965000.0,2.0,67.38
Germany,Germany,Training / education,80000000,aufsuchendes coaching,1,2403738.0,3.0,67.38
Quebec,Canada - Quebec,Training / education,81113000,acquisition et installation d’un nouveau système d’aide à l’exploitation et information voyageur (saeiv) et installation,1,4226287.5,3.0,67.38
United Kingdom,United Kingdom,Training / education,80000000,day <n> provision,1,5546797.5,2.0,67.38
United Kingdom,United Kingdom,Training / education,66141000,access pool authorised contractual scheme operator,1,80000000.0,2.0,67.38
Germany,Germany,Training / education,45000000,"staatliche kunsthalle karlsruhe, umstrukturierung und erweiterung elektro-, sicherheits- und informationstechnische anla",1,5125931.42,3.0,67.38
United Kingdom,United Kingdom,Training / education,NO_CODE,ivy learning trust - catering notice to award,1,6164610.0,3.0,67.38
Ireland,Ireland,Training / education,75121000.0,agricultural related education and training services to teagasc,1,3360000.0,3.0,67.38
Germany,Germany,Training / education,50111100,fuhrparkmanagement eca-<n>-<n>,1,4740000.0,3.0,67.38
Ireland,Ireland,Training / education,80000000.0,a<n> - the provision of contracted services for specialised instructors to the ordnance school,1,2400000.0,2.0,67.38
United Kingdom,United Kingdom,Training / education,90917000,bus infrastructure cleaning and inspection contract,1,2000000.0,3.0,67.38
United Kingdom,United Kingdom,Training / education,80300000,the provision of online programme management services,1,113726864.0,2.0,67.38
United Kingdom,United Kingdom,Training / education,80510000,national driver offender re-training schemes (ndors) throughout cumbria,1,4000000.0,2.0,67.38
United Kingdom,United Kingdom,Training / education,NO_CODE,southampton early advice and support (seas) service,1,8000000.0,2.0,67.38
Germany,Germany,Training / education,45232410,"<n>e<n>: polizeidirektion hannover - neubau rsa u. leitstelle - medienverlegung, sonderbauwerke, oberflächen",1,2699855.95,2.0,67.38
Germany,Germany,Training / education,34350000,rahmenvereinbarung über die lieferung von sommerreifen für die bayer. polizei,1,3926000.0,2.0,67.38
Germany,Germany,Training / education,72222300,betreuung der informationstechnik der kte <n> - <n> (los <n>: it-service-desk und arbeitsplatzmanagement),1,6828092.8,2.0,67.38
United Kingdom,United Kingdom,Training / education,90514000,"commercial waste collection, disposal and recycling services",1,30000000.0,3.0,67.38
United Kingdom,United Kingdom,Training / education,66000000,electronic payment services <n>-<n>,1,120000000.0,3.0,67.38
United Kingdom,United Kingdom,Training / education,85000000,care homes (with and without nursing) for older people & people with high support needs refresh <n> and d<n>a block cont,1,6000000.0,2.0,67.38
United Kingdom,United Kingdom,Training / education,85000000,independent advocacy services and supporting people to have a voice in nottingham and nottinghamshire,1,30000000.0,3.0,67.38
Quebec,Canada - Quebec,Training / education,43231505,implantation d’une solution d’information de gestion des ressources humaines (sirh) et de paie,1,4720069.82,2.0,67.38
United Kingdom,United Kingdom,Training / education,NO_CODE,"t<n> sludge press maintenance, supply and delivery of spare parts and filter cloths",1,6920000.0,3.0,67.38
Germany,Germany,Training / education,34300000,rahmenvereinbarung über die lieferung von kfz-verschleißteilen für die bayerische polizei,1,4000000.0,3.0,67.38
United Kingdom,United Kingdom,Training / education,85311000,<n>-<n> supported living accommodation for service users with learning disabilities – windsor street,1,5285490.0,3.0,67.38
United Kingdom,United Kingdom,Training / education,NO_CODE,pp-<n> hornchurch academy trust washroom services framework,1,3000000.0,3.0,67.38
United Kingdom,United Kingdom,Training / education,NO_CODE,a<n>pa - (extra care build) - coppins court,1,16500000.0,3.0,67.38
United Kingdom,United Kingdom,Training / education,85312110,"early learning, childcare and brokerage services",1,48686143.0,3.0,67.38
United Kingdom,United Kingdom,Web / digital,71620000,asbestos testing services,2,1222852.415,4.0,67.35
Germany,Germany,Web / digital,72420000,rahmenvertrag für support- und beratungsleistungen für b<n>c-anwendungen,2,1295481.6,5.0,67.35
Quebec,Canada - Quebec,Training / education,22104500,location d'équipement dans le cadre du projet de formation engin de chantier avec le sae estrie,2,1160113.625,1.0,67.3
Quebec,Canada - Quebec,Training / education,NO_CODE,services en infonuagique de collaboration et bureautique - vice-présidence - ressources informationnelles,1,1831810.16,1.0,67.3
Ireland,Ireland,Consulting / research / audit,66171000.0,request for tenders for the provision of technical and project management support services for both the ccus and unalloc,1,654542.0,5.0,67.3
Quebec,Canada - Quebec,Training / education,46211504,<n>-<n>-zz<n> ced pour formation des ouvriers,1,1134951.27,1.0,67.3
United Kingdom,United Kingdom,Training / education,80000000,plos oa tiered flat fee publishing agreement <n>,1,1003998.85,1.0,67.3
Quebec,Canada - Quebec,Training / education,86100000,formation pour les aspirants chauffeurs,1,1578932.0,1.0,67.3
Quebec,Canada - Quebec,Training / education,90110000,réservation site de formation académique ponctuelle pré doctorale,1,543080.0,1.0,67.3
United Kingdom,United Kingdom,Training / education,85100000,behavioural intensive community support,1,938620.0,1.0,67.3
Quebec,Canada - Quebec,Training / education,78180000,<n>-<n>-pz<n> - contrat à exécution sur demande pour le programme de formation initiale et annuelle pour pilotes d'aéron,1,814715.03,1.0,67.3
Quebec,Canada - Quebec,Training / education,81153001,approvisionnement d'un jeu de simulation pour la formation des infirmiéres en oncologie pédiatrique,1,900000.0,1.0,67.3
Quebec,Canada - Quebec,Training / education,86111604,formation sur les comportements sexualisés problématiques et le dévoilement d'agression sexuelle pour le personnel scola,1,900000.0,1.0,67.3
United Kingdom,United Kingdom,Training / education,80000000,karger e-journals read and publish <n>-<n>,1,887745.0,1.0,67.3
Germany,Germany,Training / education,72200000,rahmen- u. wartungsvertrag für verwaltungs- u. buchungssystem (information manager),1,948750.0,1.0,67.3
United Kingdom,United Kingdom,Training / education,85121281,primary eyecare services,1,1188000.0,1.0,67.3
United Kingdom,United Kingdom,Training / education,85000000,provision of meaningful occupational opportunities,1,1392975.0,1.0,67.3
United Kingdom,United Kingdom,Training / education,85323000,continuing health care,1,600000.0,1.0,67.3
United Kingdom,United Kingdom,Consulting / research / audit,66523000,se pension scheme trustee services: investment consulting service,1,1200000.0,4.0,67.3
United Kingdom,United Kingdom,Training / education,85000000,nhs health checks service,1,750000.0,1.0,67.3
United Kingdom,United Kingdom,Training / education,85300000,<n> social care self directed support and isf management service,1,1882632.0,1.0,67.3
Quebec,Canada - Quebec,Training / education,81160000,services professionnels en technologies de l'information microsoft unified entreprise support.,1,780734.74,1.0,67.3
United Kingdom,United Kingdom,Training / education,80000000,cob journals <n>,1,1120000.0,1.0,67.3
United Kingdom,United Kingdom,Training / education,85000000,embedded workers in community mental health teams and safe haven provision,1,636944.0,1.0,67.3
Germany,Germany,Training / education,79100000,juristische informationssysteme iv,1,1091895.6,1.0,67.3
United Kingdom,United Kingdom,Consulting / research / audit,45232452,technical surveys - drainage surveys,1,1000000.0,4.0,67.3
United Kingdom,United Kingdom,Consulting / research / audit,66523000,caa pensions actuarial advice and benefits consultancy services,1,900000.0,4.0,67.3
United Kingdom,United Kingdom,Consulting / research / audit,73000000,<n>eng<n> changing futures project area - learning & support,1,805200.0,5.0,67.3
Germany,Germany,Training / education,85310000,schulsozialarbeit (los <n>),1,1375130.71,1.0,67.3
Quebec,Canada - Quebec,Consulting / research / audit,81100000,<n>-<n>-aa<n> - étude d'opportunité pour l'identification des besoins et des solutions sur la route <n> entre joliette e,1,1059191.81,4.0,67.3
United Kingdom,United Kingdom,Training / education,16600000,cell growing machinery for newton nursery redevelopment,1,1849650.0,1.0,67.3
United Kingdom,United Kingdom,Training / education,80000000,gmca <n> digital knowledge and ai apprenticeships,1,600000.0,1.0,67.3
Quebec,Canada - Quebec,Training / education,81160000,services professionnels en sécurité de l'information,1,1732500.0,1.0,67.3
Quebec,Canada - Quebec,Training / education,81111805,<n>-<n>-pf<n> - entretien et soutien technique des logiciels power inroads de bentley systems inc. (direction des soluti,1,513198.96,1.0,67.3
United Kingdom,United Kingdom,Training / education,85100000,marginalised and vulnerable contract,1,941536.7,1.0,67.3
Germany,Germany,Consulting / research / audit,80310000,"<n> - tvet capacity development for just transition, employment promotion projects and green qualification",1,671475.0,4.0,67.3
United Kingdom,United Kingdom,Training / education,85323000,nhswyicb - positive behaviour support wakefield,1,916000.0,1.0,67.3
Quebec,Canada - Quebec,Consulting / research / audit,81100000,services professionnels - études géotechniques et environnementales pour des projets spéciaux (ppd<n>),1,1741157.25,4.0,67.3
Ireland,Ireland,Consulting / research / audit,71315000.0,framework agreement for the provision of consultancy services (building services) for type <n> projects (project value g,1,1000000.0,4.0,67.3
Germany,Germany,Training / education,73000000,<n>/g<n> - inhaltliche pflege und bearbeitung von themengebieten des forschungs-informations-systems (fis) des bmdv im b,1,540170.0,1.0,67.3
Quebec,Canada - Quebec,Consulting / research / audit,77101500,<n>.<n>-pre-d services professionnels en environnement et géotechnique caractérisation environnementale de site phase ii,1,1449116.35,5.0,67.3
Quebec,Canada - Quebec,Training / education,81160000,services professionnels pour le support et le maintien des technologies powerhouse <n>gl et openvms - vice-présidence - ,1,999200.0,1.0,67.3
United Kingdom,United Kingdom,Training / education,80500000,"training, assessment quality assurance",1,1650000.0,1.0,67.3
Quebec,Canada - Quebec,Training / education,81112501,renouvellement du systeme d'information pour le recrutement de concordia,1,708840.0,1.0,67.3
United Kingdom,United Kingdom,Training / education,85100000,"provision of vein of galen malformation (vgam) service, as the emergency back-up treatment provider",1,902865.0,1.0,67.3
United Kingdom,United Kingdom,Training / education,80000000,brill journals read and publish <n>/<n>,1,600000.0,1.0,67.3
United Kingdom,United Kingdom,Training / education,80000000,shedl e-book collections - elsevier,1,770000.0,1.0,67.3
Quebec,Canada - Quebec,Consulting / research / audit,77000000,<n>-<n>-qh<n> - contrat à exécution sur demande pour la réalisation d'études de caractérisation environnementale de site,1,1379276.48,5.0,67.3
Germany,Germany,Training / education,72263000,projektunterstützung it-vergabe transition- und transformation,1,928600.0,1.0,67.3
Quebec,Canada - Quebec,Consulting / research / audit,80101500,"services professionnels en gestion du changement, en conseil pédagogique et en expérience ux et ex dans le domaine affai",1,1721336.4,4.0,67.3
Quebec,Canada - Quebec,Training / education,81112502,exploitation d'un portail informationnel dans l'infonuagique,1,1316945.8,1.0,67.3
United Kingdom,United Kingdom,Training / education,85140000,supporting families with young children,1,1431500.0,1.0,67.3
Germany,Germany,Consulting / research / audit,79000000,<n>-consulting advice to support the economic participation of women in future-oriented sectors in morocco (short-term e,1,1328004.0,5.0,67.3
United Kingdom,United Kingdom,Consulting / research / audit,NO_CODE,prj_<n> - east england digital and technology skills programme,1,1566300.0,4.0,67.3
Quebec,Canada - Quebec,Training / education,43230000,renouvellement d'une solution en gestion de la formation continue,1,559335.0,1.0,67.3
Ireland,Ireland,Consulting / research / audit,72224000.0,provision of national climate change risk assessment,1,754627.0,5.0,67.3
United Kingdom,United Kingdom,Consulting / research / audit,71313100,noise and statutory nuisance – ad-hoc technical support,1,1750000.0,4.0,67.3
Quebec,Canada - Quebec,Training / education,81160000,service professionnel spécialisé en technologie de l'information,1,964500.0,1.0,67.3
Quebec,Canada - Quebec,Training / education,81112202,"migration de kronos workforce central à ukg pro workforce management (incluant licences, migration, formation, soutien e",1,1670032.57,1.0,67.3
Quebec,Canada - Quebec,Training / education,86101800,<n>-<n>-zz<n> - formation pour la maintenance des challenger de la direction générale du service aérien gouvernemental,1,872648.0,1.0,67.3
Ireland,Ireland,Consulting / research / audit,50241100.0,call for tender for the provision of survey vessel operations and management services,1,668000.0,4.0,67.3
United Kingdom,United Kingdom,Consulting / research / audit,NO_CODE,id <n> daera inland fisheries - movanagher fish farm and river bush salmon station fish food,1,900000.0,4.0,67.3
Quebec,Canada - Quebec,Training / education,76121500,service de transformation du bois urbain,1,931584.94,1.0,67.3
United Kingdom,United Kingdom,Training / education,85100000,enhanced residential provision for adults with learning disabilities (ld) and/or autism,1,707200.0,1.0,67.3
Quebec,Canada - Quebec,Training / education,81160000,<n>-<n>-qf<n> - support unigifé <n>-<n> pour l'ensembles des infrastructures technologiques utilisant les logiciels micr,1,1349600.94,1.0,67.3
United Kingdom,United Kingdom,Consulting / research / audit,90911100,provision of cleaning services for student residences and conference's at aberystwyth university,1,1620000.0,4.0,67.3
Quebec,Canada - Quebec,Training / education,43233500,renouvellement du contrat du système d’information du laboratoire (sil) pour une durée de <n> ans.,1,738699.14,1.0,67.3
United Kingdom,United Kingdom,Training / education,85000000,advice services,1,840000.0,1.0,67.3
United Kingdom,United Kingdom,Consulting / research / audit,90721600,provision of toxicology and epidemiology review services (published <n> september <n>),1,699274.98,4.0,67.3
Quebec,Canada - Quebec,Consulting / research / audit,81100000,service professionnels pour la réalisation d'études géotechniques dans le cadre de la préparation de projets d'infrastru,1,976264.02,4.0,67.3
Quebec,Canada - Quebec,Training / education,43232700,"<n>-<n>-ap<n> - acquisition, par l'entremise du mcn, de la solution d'armis (direction des technologies opérationnelles ",1,732855.0,1.0,67.3
Ireland,Ireland,Consulting / research / audit,70000000.0,single party framework agreement for real estate property advisory consultants,1,500000.0,5.0,67.3
Quebec,Canada - Quebec,Consulting / research / audit,81000000,services professionnels - études géotechniques et environnementales à des projets spéciaux (pst<n>),1,1558859.795,4.0,67.3
Ireland,Ireland,Consulting / research / audit,73110000.0,ei/<n>/<n> - spf for industry research strategic services,1,700000.0,5.0,67.3
Ireland,Ireland,Consulting / research / audit,66170000.0,provision of commercial and technical specialist advisor services,1,525000.0,5.0,67.3
Germany,Germany,Consulting / research / audit,90000000,<n>-financing energy for low-carbon investment - cities advisory facility - eastern partnership and central asia program,1,1163562.0,4.0,67.3
United Kingdom,United Kingdom,Training / education,80430000,provision of ome professional apprenticeships,1,817500.0,1.0,67.3
United Kingdom,United Kingdom,Training / education,90650000,cas-<n>-w<n>m<n>v<n> - licensed asbestos removals - <n>-month award,1,1416666.66,1.0,67.3
United Kingdom,United Kingdom,Consulting / research / audit,NO_CODE,csp<n> - advanced ci training and certification,1,1180651.0,4.0,67.3
Quebec,Canada - Quebec,Training / education,41115829,acquisition d'un système d'analyse du lait par transformation de fourrier et compteur différentiel de cellules,1,581095.0,1.0,67.3
Germany,Germany,Training / education,48451000,sap s/<n>hana transformation,1,777325.0,1.0,67.3
United Kingdom,United Kingdom,Consulting / research / audit,NO_CODE,technical consultant to support replacement of a large freeze dryer.,1,888000.0,4.0,67.3
United Kingdom,United Kingdom,Training / education,80521000,end point assessments for apprentices,1,500000.0,1.0,67.3
United Kingdom,United Kingdom,Consulting / research / audit,71321400,verification of critical ventilation systems,1,578000.0,5.0,67.3
United Kingdom,United Kingdom,Training / education,85140000,"counselling, therapy and psychosocial service for young people who live or work in hackney or the city of london.",1,635965.0,1.0,67.3
United Kingdom,United Kingdom,Training / education,85323000,infection prevention control and tuberculosis (tb) service,1,797979.0,1.0,67.3
Ireland,Ireland,Consulting / research / audit,71351914.0,n<n> hackballscross to rassan road improvement scheme archaeological consultancy services contract (stage [i] - [iv] ser,1,586044.0,4.0,67.3
Ireland,Ireland,Consulting / research / audit,79221000.0,rté tax advisory services multi party framework tender,1,600000.0,4.0,67.3
United Kingdom,United Kingdom,Consulting / research / audit,55120000,hosted events and conferencing services (nihr),1,800000.0,5.0,67.3
United Kingdom,United Kingdom,Training / education,85121100,qhm-<n>h-st-<n>-<n> westcroft house surgery (ods a<n>)enhanced frailty; copeland community paramedic visiting scheme; co,1,821069.0,1.0,67.3
Germany,Germany,Training / education,38433100,timstof ht lc-ms system des herstellers bruker daltonics,1,816285.0,1.0,67.3
United Kingdom,United Kingdom,Training / education,80000000,portland press limited journals all-inclusive read and publish <n>-<n>,1,550000.0,1.0,67.3
Quebec,Canada - Quebec,Consulting / research / audit,81100000,services professionnes d'ingénieurs-conseils - prolongement du boulevard d'europe,1,643860.0,5.0,67.3
Quebec,Canada - Quebec,Training / education,86000000,formation et maintien de diverses compétences pour le personnel du service de police de la ville de québec,1,506175.0,1.0,67.3
Germany,Germany,Training / education,72000000,erweiterung der beratungs- und implementierungsleistung im s/<n>hana-projekt,1,768284.0,1.0,67.3
United Kingdom,United Kingdom,Consulting / research / audit,85000000,local healthwatch service in hillingdon,1,992970.0,5.0,67.3
United Kingdom,United Kingdom,Consulting / research / audit,NO_CODE,asbestos analytical & consultancy services,1,746205.0,5.0,67.3
United Kingdom,United Kingdom,Consulting / research / audit,NO_CODE,ecfrs<n> planned preventative maintenance wethersfield and orsett training facilities,1,578000.0,4.0,67.3
Ireland,Ireland,Consulting / research / audit,79212000.0,single-party framework agreement for the provision of outsourced internal audit services,1,500000.0,5.0,67.3
Quebec,Canada - Quebec,Consulting / research / audit,81100000,"entente-cadre concernant les services professionnels d'ingénieurs-conseils pour la préparation d'études, de plans et dev",1,827783.21,5.0,67.3
Quebec,Canada - Quebec,Consulting / research / audit,80141500,<n>-<n> (vp) qualification de firmes pour la réalisation d’études qualitatives et quantitatives pour loto-québec et ses ,1,536101.17,4.0,67.3
Quebec,Canada - Quebec,Consulting / research / audit,77101805,"entente-cadre - contrôle de la qualité des matériaux, études géotechniques et caractérisations environnementales pour di",1,1712006.895,4.0,67.3
United Kingdom,United Kingdom,Training / education,80000000,ukri-<n> an award scheme for young people to lead and participate in stem projects,1,746130.0,1.0,67.3
United Kingdom,United Kingdom,Training / education,85312110,award of contract for early learning and childcare places november <n> - gryffe manor nursery ltd,1,1040971.0,1.0,67.3
Quebec,Canada - Quebec,Training / education,22104500,contrat de service pour la location d'équipements pour la formation de conduite d'engins de chantier,1,595875.0,1.0,67.3
Quebec,Canada - Quebec,Consulting / research / audit,81100000,"<n>-<n>-aa<n> - étude d'opportunité visant l'amélioration de l'autoroute <n> dans la municipalité de bécancour, mrc de b",1,1546841.17,5.0,67.3
United Kingdom,United Kingdom,Training / education,80000000,royal society journals read and publish agreement <n>,1,800000.0,1.0,67.3
United Kingdom,United Kingdom,Training / education,85100000,secondary care substance use practitioners,1,520000.0,1.0,67.3
United Kingdom,United Kingdom,Training / education,85323000,nyy camhs early intervention support service,1,1580000.0,1.0,67.3
United Kingdom,United Kingdom,Training / education,42415110,<n> - in service support to rough terrain fork lift trucks (rtfls) contract award notice (can),1,1075833.33,1.0,67.3
Germany,Germany,Training / education,48100000,beschaffung eines laborinformations- und managementssystems,1,776550.0,1.0,67.3
United Kingdom,United Kingdom,Training / education,80000000,clarivate analytics web of science shedl <n>-<n>,1,1189757.97,1.0,67.3
Germany,Germany,Training / education,35330000,munition kal. <n> mm x <n> - polizeitrainingspatrone (ptp),1,1881000.0,1.0,67.3
Quebec,Canada - Quebec,Consulting / research / audit,81100000,"services professionnels - contrôle de la qualité des matériaux, études géotechniques et environnementales et expertises ",1,1485134.0,5.0,67.3
United Kingdom,United Kingdom,Training / education,80400000,school support services,1,544000.0,1.0,67.3
Germany,Germany,Training / education,72000000,beschaffung einer juristischen online-datenbank,1,613648.5,1.0,67.3
United Kingdom,United Kingdom,Consulting / research / audit,90714000,sustainability and emissions assurance services,1,737000.0,4.0,67.3
Germany,Germany,Training / education,72510000,transformation projekt providerwechsel,1,534618.57,1.0,67.3
United Kingdom,United Kingdom,Training / education,70333000,procurement of organisational transformation partner for housing,1,1600000.0,1.0,67.3
United Kingdom,United Kingdom,Training / education,85000000,care home for adults with learning dfficulties,1,1363875.05,1.0,67.3
United Kingdom,United Kingdom,Training / education,85100000,diabetes local enhanced service,1,946000.0,1.0,67.3
Quebec,Canada - Quebec,Consulting / research / audit,81100000,services professionnels d’ingénieurs-conseils – amélioration du drainage du quartier wychwood,1,1424125.65,5.0,67.3
Quebec,Canada - Quebec,Training / education,80100000,services professionnels d’accompagnement pour la gestion du changement des projets de transformation en infonuagique,1,1590500.0,1.0,67.3
United Kingdom,United Kingdom,Training / education,80500000,nepo procurement training provider,1,1000000.0,1.0,67.3
United Kingdom,United Kingdom,Consulting / research / audit,NO_CODE,health and safety services,1,550000.0,4.0,67.3
United Kingdom,United Kingdom,Consulting / research / audit,79414000,outplacement services,1,1180000.0,5.0,67.3
Germany,Germany,Consulting / research / audit,44114200,ve_<n>-<n>a beschaffung mobile abschirmungen als betonfertigteile,1,1860853.39,5.0,67.3
United Kingdom,United Kingdom,Training / education,85300000,provision of adult residential respite service - dunn street,1,645809.0,1.0,67.3
Germany,Germany,Training / education,90700000,betreuung und weiterentwicklung von fis-pegel (uis-koop p.nr. <n> inkl. aufgabenpaket für aufbau und integration neues m,1,580000.0,1.0,67.3
Quebec,Canada - Quebec,Consulting / research / audit,81101510,"services professionnels d'ingénieurs-conseils - réfection des services municipaux – millar, hadley et dumontier",1,762434.32,5.0,67.3
Quebec,Canada - Quebec,Training / education,86000000,obtention de services professionnels pour dispenser de la formation portant sur la prévention des violences sexuelles au,1,857755.0,1.0,67.3
Germany,Germany,Training / education,48100000,rahmenvereinbarung zur weiterentwicklung des modularen informationssystems naturschutz (mina),1,1400000.0,1.0,67.3
United Kingdom,United Kingdom,Training / education,85000000,children in care transformation,1,500000.0,1.0,67.3
United Kingdom,United Kingdom,Consulting / research / audit,73200000,updating our water benefit model (nwebs) – phase three,1,850000.0,4.0,67.3
United Kingdom,United Kingdom,Consulting / research / audit,71315200,bangor university asbestos management services,1,500000.0,4.0,67.3
Quebec,Canada - Quebec,Training / education,43232806,acquisition de solutions infonuagiques microsoft azure - vice-présidence - ressources informationnelles,1,1679962.32,1.0,67.3
United Kingdom,United Kingdom,Training / education,80000000,bmj publish and read <n>,1,1640668.0,1.0,67.3
United Kingdom,United Kingdom,Consulting / research / audit,79212100,provision of external audit services relating to grant funded projects,1,500000.0,5.0,67.3
Germany,Germany,Training / education,71000000,"""neuer gemeinschaftlicher ort an der ehemaligen kirche"" in bürgewald - objektplanung gebäude und innenräume, freianlagen",1,638993.98,1.0,67.3
United Kingdom,United Kingdom,Training / education,80000000,"microbiology society journals, read & publish <n> - <n>",1,500000.0,1.0,67.3
United Kingdom,United Kingdom,Training / education,85200000,provision of an official veterinary service for the imported food office (lhr),1,1095014.0,1.0,67.3
United Kingdom,United Kingdom,Training / education,80000000,national training contract,1,1460000.0,1.0,67.3
United Kingdom,United Kingdom,Consulting / research / audit,71317200,provision of lone working system,1,678600.0,4.0,67.3
Quebec,Canada - Quebec,Training / education,80000000,services professionnels d’un coordonnateur pour la transformation du système préhospitalier d’urgence,1,511810.0,1.0,67.3
Quebec,Canada - Quebec,Training / education,81111000,services professionnels et hébergement de la solution des collectes d'information,1,1248121.5,1.0,67.3
Quebec,Canada - Quebec,Training / education,81111805,harmonisation du système d’information de gestion des menus avec maintenance et support de la solution,1,522765.0,1.0,67.3
United Kingdom,United Kingdom,Consulting / research / audit,55520000,the royal parks catering consultancy services,1,600000.0,4.0,67.3
United Kingdom,United Kingdom,Training / education,80000000,optics infobase <n>- <n>,1,790000.0,1.0,67.3
Germany,Germany,Consulting / research / audit,79400000,rv management consulting on the future operational organization of fair/gsi,1,649740.0,4.0,67.3
United Kingdom,United Kingdom,Training / education,85312110,award of contract for early learning and childcare places november <n> - heather murphy trading as carriagehill nursery,1,914041.0,1.0,67.3
United Kingdom,United Kingdom,Training / education,80000000,plos oa membership <n>,1,1000000.0,1.0,67.3
Ireland,Ireland,Consulting / research / audit,66151000.0,sponsorship research for the national museum of ireland,1,1000000.0,4.0,67.3
United Kingdom,United Kingdom,Consulting / research / audit,55520000,catering services framework,1,540000.0,4.0,67.3
Quebec,Canada - Quebec,Training / education,86100000,"contrat de location de terrain, machinerie et équipement pour la formation en conduite d'engin de chantier",1,1214031.6,1.0,67.3
Germany,Germany,Training / education,30200000,"lieferung, installation und vernetzung eines deep-learning clusters",1,1226894.0,1.0,67.3
United Kingdom,United Kingdom,Training / education,80000000,johns hopkins university press - project muse <n>,1,1490000.0,1.0,67.3
Germany,Germany,Consulting / research / audit,90710000,<n>-advisory services for climate resilient water and wastewater management in selected municipalities,1,1014750.0,5.0,67.3
Germany,Germany,Training / education,38433100,hochleistungs-massenspektrometer,1,885830.97,1.0,67.3
United Kingdom,United Kingdom,Training / education,80500000,it training skills,1,850000.0,1.0,67.3
United Kingdom,United Kingdom,Training / education,85312110,award of contract for early learning and childcare places november <n> - ram <n> limited,1,744431.0,1.0,67.3
United Kingdom,United Kingdom,Consulting / research / audit,80400000,cycle training,1,936000.0,4.0,67.3
United Kingdom,United Kingdom,Training / education,80000000,few<n> - arts and music therapy services for looked after children,1,946825.0,1.0,67.3
United Kingdom,United Kingdom,Consulting / research / audit,66170000,electronic payment systems <n>,1,1428266.9,4.0,67.3
Quebec,Canada - Quebec,Training / education,90111600,réservation d'un site de formation académique pré-doctorale,1,543080.0,1.0,67.3
United Kingdom,United Kingdom,Consulting / research / audit,79221000,"us_<n> - tax advice, consultancy and related services",1,1860000.0,4.0,67.3
United Kingdom,United Kingdom,Training / education,80000000,de gruyter journals read and publish <n>-<n>,1,760000.0,1.0,67.3
Germany,Germany,Training / education,71240000,"fachplanung technische aussattung - anlagengruppe <n>,<n> und <n>",1,609041.47,1.0,67.3
Quebec,Canada - Quebec,Consulting / research / audit,81141500,services professionnels - réalisation d'études géotechniques et contrôle de la qualité des matériaux sur divers chantier,1,1095616.44,5.0,67.3
United Kingdom,United Kingdom,Training / education,80000000,l<n> heavy vehicle service & maintenance technician,1,680000.0,1.0,67.3
United Kingdom,United Kingdom,Training / education,85000000,pkc<n> - dunkeld road project,1,1455000.0,1.0,67.3
United Kingdom,United Kingdom,Consulting / research / audit,NO_CODE,cfd metering and measurement assurance service,1,741667.0,4.0,67.3
Quebec,Canada - Quebec,Training / education,86100000,formation en conduite de machinerie lourde,1,1953173.68,1.0,67.3
United Kingdom,United Kingdom,Training / education,80000000,"e-duke journals scholarly collection: expanded, <n> – <n>",1,512500.0,1.0,67.3
Quebec,Canada - Quebec,Training / education,72141700,contrat de service location d'équipements pour formation de conduite d'engins de chantier,1,595875.0,1.0,67.3
Quebec,Canada - Quebec,Consulting / research / audit,77000000,<n>-<n>-qh<n> - contrat à exécution sur demande pour effectuer des études de caractérisation environnementale de phases ,1,983971.0,4.0,67.3
United Kingdom,United Kingdom,Training / education,80000000,oxford university press (oup) oxford medicine online (oxmed) collection for medical schools with trust extension <n>-<n>,1,500076.0,1.0,67.3
Quebec,Canada - Quebec,Training / education,81111805,<n>-<n>-pf<n> - entretien et soutien technique de la solution artemis pour le suivi budgétaire et la gestion des projets,1,1350000.0,1.0,67.3
Quebec,Canada - Quebec,Consulting / research / audit,43233700,acquisition d’une solution pour la gestion des bourses d’étude,1,866537.65,4.0,67.3
United Kingdom,United Kingdom,Consulting / research / audit,38000000,electrochemical characterisation equipment,1,750000.0,4.0,67.3
United Kingdom,United Kingdom,Consulting / research / audit,79400000,business productivity programme,1,500000.0,5.0,67.3
Germany,Germany,Training / education,60100000,"vergabebekanntmachung - werttransportdienstleistungen, eca-<n>-<n>",1,900000.0,1.0,67.3
United Kingdom,United Kingdom,Consulting / research / audit,73200000,niaur - markets directorate - markets support framework,1,522000.0,5.0,67.3
United Kingdom,United Kingdom,Consulting / research / audit,38400000,school of chemistry: synthesis gas/co<n> hydrogenation testing rig and scale up rig,1,1549100.0,4.0,67.3
United Kingdom,United Kingdom,Training / education,80000000,project delivery leadership programmes mpla & omp,1,1065600.0,1.0,67.3
Quebec,Canada - Quebec,Training / education,43000000,systeme information cardiaque,1,663250.59,1.0,67.3
Quebec,Canada - Quebec,Consulting / research / audit,80101507,services conseils pour l'analyse de maturité des services en technologies de l’information - vision <n>,1,1041500.0,4.0,67.3
Quebec,Canada - Quebec,Training / education,80101507,service de courtage d'information en ti (<n>),1,862312.5,1.0,67.3
United Kingdom,United Kingdom,Training / education,85145000,histopathology reporting,1,971000.0,1.0,67.3
United Kingdom,United Kingdom,Training / education,85000000,"cm<n> adult & paediatric special care pds, paed exodontia and pds agreement",1,632315.16,1.0,67.3
United Kingdom,United Kingdom,Training / education,85000000,little minds in mind,1,786041.67,1.0,67.3
United Kingdom,United Kingdom,Training / education,80000000,managed learning agreement,1,945000.0,1.0,67.3
United Kingdom,United Kingdom,IT / software / cyber,72000000,nhs ai deployment platform,1,2034755.0,3.0,67.28
United Kingdom,United Kingdom,IT / software / cyber,60000000,middlesborough college - network transport for students,1,2079615.475,2.0,67.28
United Kingdom,United Kingdom,IT / software / cyber,79340000,"rail network customer interfaces merger: structure, purpose & principles",1,3000000.0,2.0,67.28
United Kingdom,United Kingdom,IT / software / cyber,30000000,ict-<n>-<n> printer cartridges,1,2348903.78,2.0,67.28
United Kingdom,United Kingdom,IT / software / cyber,72000000,"system integration service for finance, payroll and hr solution",1,2358910.0,3.0,67.28
United Kingdom,United Kingdom,IT / software / cyber,79710000,personal & cyber security,1,3187500.0,2.0,67.28
Germany,Germany,IT / software / cyber,48000000,<n>-tb- aris und alfabet,1,11775452.525,1.5,67.28
United Kingdom,United Kingdom,IT / software / cyber,72000000,aws cloud reseller services,1,3000000.0,3.0,67.28
United Kingdom,United Kingdom,IT / software / cyber,72000000,provision of broadband services for mps,1,2580000.0,2.0,67.28
United Kingdom,United Kingdom,IT / software / cyber,30000000,technology and associated services,1,10000000.0,2.0,67.28
United Kingdom,United Kingdom,IT / software / cyber,72268000,adult and children's social care case management system with integrated finance,1,2800000.0,2.0,67.28
United Kingdom,United Kingdom,IT / software / cyber,48000000,education directorate's it case management system,1,2550000.0,2.0,67.28
United Kingdom,United Kingdom,IT / software / cyber,66100000,supplier hosted cloud solution for merchant acquiring and payment gateway services,1,3236000.0,3.0,67.28
United Kingdom,United Kingdom,IT / software / cyber,48000000,electronic marking system,1,4200000.0,2.0,67.28
United Kingdom,United Kingdom,IT / software / cyber,72000000,"<n>-<n>-fc-ccs rm<n> lot<n>, back office software- for finance system replacement (without system integrator)",1,3539000.0,2.0,67.28
United Kingdom,United Kingdom,IT / software / cyber,72000000,"university of york hr, payroll & finance transformation technical implementation partner",1,7736000.0,2.0,67.28
United Kingdom,United Kingdom,IT / software / cyber,72000000,procurement of gio data platform services,1,3238538.6,2.0,67.28
United Kingdom,United Kingdom,IT / software / cyber,72222300,cpt_<n>_<n> end user devices service,1,2916666.67,3.0,67.28
United Kingdom,United Kingdom,IT / software / cyber,44316400,it hardware software and associate consumables,1,110000000.0,3.0,67.28
United Kingdom,United Kingdom,IT / software / cyber,72222300,digital forensics transformational project,1,8891393.0,2.0,67.28
United Kingdom,United Kingdom,IT / software / cyber,72200000,provision of control room systems,1,5704286.0,2.0,67.28
United Kingdom,United Kingdom,Creative / communications / print,85000000,out of hours service,2,4394445.0,1.0,67.24
Germany,Germany,IT / software / cyber,72266000,beratung bei und durchführung der s/<n>-migration,2,1766800.0,1.0,67.24
United Kingdom,United Kingdom,Creative / communications / print,32000000,,1,11393875.0,1.0,67.24
United Kingdom,United Kingdom,Creative / communications / print,34144300,,1,4000000.0,1.0,67.24
United Kingdom,United Kingdom,Creative / communications / print,51314000,hra digital transformation,1,4651825.21,1.0,67.24
United Kingdom,United Kingdom,Creative / communications / print,85100000,'hospice at home' end of life services provision in hertfordshire and west essex,1,4176798.0,1.0,67.24
Quebec,Canada - Quebec,Creative / communications / print,81160000,système d'archivage et de communication d'images pacs-intelerad,1,3570730.83,1.0,67.24
Germany,Germany,Creative / communications / print,31630000,<n> sis<n> quadrupol einheiten,1,16920890.0,1.0,67.24
United Kingdom,United Kingdom,Creative / communications / print,32530000,production and installation of integrated uhf satcom & efmte <n>.<n> baseline equipment (which consist of bespoke integr,1,4282229.74,1.0,67.24
Quebec,Canada - Quebec,Creative / communications / print,85000000,ressource intermediaire pierre et charlotte s.e.n.c (ri mirya verho),1,4777649.25,1.0,67.24
United Kingdom,United Kingdom,Creative / communications / print,85100000,provision of improving access to phycological therapies (iapt) in mid and south essex,1,2884013.0,1.0,67.24
United Kingdom,United Kingdom,Creative / communications / print,85130000,provision of intermediate minor oral surgery (imos) in shrewsbury (pds contract),1,2089745.2,1.0,67.24
United Kingdom,United Kingdom,Creative / communications / print,85100000,"nhs west yorkshire icb, intermediate care nursing bed provision",1,4574700.0,1.0,67.24
United Kingdom,United Kingdom,Creative / communications / print,38546100,<n> - the procurement of high accuracy aiming kit,1,2868856.34,1.0,67.24
United Kingdom,United Kingdom,Creative / communications / print,79714000,the provision of maintenance and support for the flir star safire hd eo system - <n>,1,8999190.0,1.0,67.24
United Kingdom,United Kingdom,Creative / communications / print,79340000,bta<n> - strategic media activation,1,100000000.0,1.0,67.24
United Kingdom,United Kingdom,Creative / communications / print,55110000,hotel accommodation – crisis (copthorne),1,3056624.0,1.0,67.24
Quebec,Canada - Quebec,Creative / communications / print,55111525,abonnement à des publications scientifiques en format numérique de l’éditeur elsevier,1,6667777.62,1.0,67.24
United Kingdom,United Kingdom,Creative / communications / print,50241000,rrs sir david attenborough (sda) refit contract <n>,1,38000000.0,1.0,67.24
United Kingdom,United Kingdom,Creative / communications / print,85100000,"integrated healthcare services at hmp highpoint, hollelsey bay, and warren hill",1,6751458.45,1.0,67.24
United Kingdom,United Kingdom,Creative / communications / print,85100000,provision of ophthalmology services,1,2940568.0,1.0,67.24
United Kingdom,United Kingdom,Creative / communications / print,85000000,starting well <n>- <n>,1,11356612.0,1.0,67.24
United Kingdom,United Kingdom,Creative / communications / print,85130000,community dental service newcastle upon tyne nhs foundation trust,1,5258264.52,1.0,67.24
United Kingdom,United Kingdom,Creative / communications / print,79800000,print services call off for rpa <n> - <n>,1,6831211.48,1.0,67.24
United Kingdom,United Kingdom,Creative / communications / print,77200000,ivc operations - north region,1,2530000.0,1.0,67.24
United Kingdom,United Kingdom,Creative / communications / print,50000000,<n> - the procurement of in-service support for detector special purpose (dsp<n>),1,7105624.0,1.0,67.24
Quebec,Canada - Quebec,Creative / communications / print,83111900,location d'une infrastructure de télécommunication radio voix p<n> sous forme de temps d'ondes et services - traitement ,1,2036577.24,1.0,67.24
United Kingdom,United Kingdom,Creative / communications / print,80510000,instrumented live training direct fire weapons effect simulator (ilt-d) support and repair and post design services <n> ,1,141820283.0,1.0,67.24
United Kingdom,United Kingdom,Creative / communications / print,80660000,provision of contractor logistic support and post design services for warrior training systems (wts),1,2094292.0,1.0,67.24
Quebec,Canada - Quebec,Creative / communications / print,81200000,service for the re-design of elder's home project,1,3938434.04,1.0,67.24
United Kingdom,United Kingdom,Creative / communications / print,85100000,"talking therapies (iapt), salford bereavement and loss therapy, salford living well, gm bereavement services on behalf o",1,9328318.0,1.0,67.24
United Kingdom,United Kingdom,Creative / communications / print,85000000,young persons supported living / accommodation pathway service,1,3455949.0,1.0,67.24
United Kingdom,United Kingdom,Creative / communications / print,85000000,meals on wheels service,1,47000000.0,1.0,67.24
United Kingdom,United Kingdom,Creative / communications / print,85100000,nhs bnssg icb community deep vein thrombosis service,1,3153500.0,1.0,67.24
United Kingdom,United Kingdom,Creative / communications / print,85100000,east sussex sexual health services,1,12497435.0,1.0,67.24
United Kingdom,United Kingdom,Creative / communications / print,85323000,hcc - <n>/<n> - the provision of a child weight mangement service,1,3474000.0,1.0,67.24
United Kingdom,United Kingdom,Creative / communications / print,35711000,cep purchase award notice fts,1,4758170.7,1.0,67.24
United Kingdom,United Kingdom,Creative / communications / print,85121291,necs<n> children's speech and language therapy in county durham,1,18200000.0,1.0,67.24
Quebec,Canada - Quebec,Creative / communications / print,82101905,placement media,1,2299500.0,1.0,67.24
United Kingdom,United Kingdom,Creative / communications / print,35321200,the supply of c<n> rifle spares,1,4000000.0,1.0,67.24
United Kingdom,United Kingdom,Creative / communications / print,85100000,integrated healthcare services at hmp chelmsford,1,6565362.42,1.0,67.24
United Kingdom,United Kingdom,Creative / communications / print,85100000,tier <n> service provision,1,6746744.0,1.0,67.24
United Kingdom,United Kingdom,Creative / communications / print,85121100,sussex home visiting service,1,8452254.0,1.0,67.24
Quebec,Canada - Quebec,Creative / communications / print,83111600,renouvellement du service de radiocommunication p<n> police et incendie,1,2715306.4,1.0,67.24
Germany,Germany,Creative / communications / print,34600000,rahmenvereinbarung schienenprofilmesseinrichtung (spme),1,5000000.0,1.0,67.24
United Kingdom,United Kingdom,Creative / communications / print,85110000,norfolk & norwich university hospitals nhs foundation trust (including james paget university hospitals nhs foundation t,1,11808074446.0,1.0,67.24
United Kingdom,United Kingdom,Creative / communications / print,85110000,secondary care acute services,1,1286000000.0,1.0,67.24
Quebec,Canada - Quebec,Creative / communications / print,83111900,<n>-<n>-zz<n> - service radio en français dédié à la diffusion de l¿information portant sur la circulation dans la grand,1,7738965.0,1.0,67.24
United Kingdom,United Kingdom,Creative / communications / print,35642000,provision of spares and post design service for headsets,1,2160000.0,1.0,67.24
United Kingdom,United Kingdom,Creative / communications / print,35321200,,1,10500000.0,1.0,67.24
United Kingdom,United Kingdom,Creative / communications / print,71242000,project controls & commercial services bridging contract,1,16500000.0,1.0,67.24
United Kingdom,United Kingdom,Creative / communications / print,85100000,primary care service provision into hmp wandsworth,1,100190896.0,1.0,67.24
Germany,Germany,Creative / communications / print,30000000,exante - kvm bedienplatzsystem ausbildungszentrum u-bahn,1,3600000.0,1.0,67.24
United Kingdom,United Kingdom,Creative / communications / print,85140000,discharge to assess (intermediate tier) beds,1,3858572.0,1.0,67.24
United Kingdom,United Kingdom,Creative / communications / print,90500000,pkc<n> residual waste,1,15000000.0,1.0,67.24
United Kingdom,United Kingdom,Creative / communications / print,35712000,<n> thps su boom mics - ccs call-off,1,2312349.98,1.0,67.24
United Kingdom,United Kingdom,Creative / communications / print,51111200,the installation and hire of large output generators for temporary power supplies,1,16000000.0,1.0,67.24
United Kingdom,United Kingdom,Creative / communications / print,85143000,south east coast ambulance - emergency <n> service,1,290706000.0,1.0,67.24
United Kingdom,United Kingdom,Creative / communications / print,85140000,nhs somerset icb - mental health support teams (mhsts),1,13434965.17,1.0,67.24
Quebec,Canada - Quebec,Creative / communications / print,52161500,renouvellement de la solution de stockage de postproduction et de l'infrastructure logicielle avid media composer et avi,1,2240284.0,1.0,67.24
United Kingdom,United Kingdom,Creative / communications / print,50660000,the provision of in-service support for invisio headsets,1,9703626.08,1.0,67.24
Quebec,Canada - Quebec,Creative / communications / print,85000000,ressource intermediare manoir renaissance,1,24309346.0,1.0,67.24
United Kingdom,United Kingdom,Creative / communications / print,34351100,<n>f supply and fit of tyres,1,6570000.0,1.0,67.24
United Kingdom,United Kingdom,Creative / communications / print,50600000,<n> for the in-service (iss) of <n>mm navy gunnery weapon systems from msi defence systems limited,1,29085983.47,1.0,67.24
Quebec,Canada - Quebec,Creative / communications / print,81111000,contrat support _ telus communication,1,2005034.96,1.0,67.24
United Kingdom,United Kingdom,Creative / communications / print,85100000,wp<n> provision of integrated sexual healthy services in the borough of walsall,1,19000000.0,1.0,67.24
United Kingdom,United Kingdom,Creative / communications / print,33696000,"labscreen testing kits, linkseq testing kits and labtype typing kits",1,2218515.0,1.0,67.24
United Kingdom,United Kingdom,Creative / communications / print,73210000,greenhouse gas removals (ggr) standards and methodologies,1,4390032.0,1.0,67.24
United Kingdom,United Kingdom,Creative / communications / print,45112340,veat notice - bath western riverside (bwr),1,4869225.0,1.0,67.24
United Kingdom,United Kingdom,Creative / communications / print,85121000,nhs devon integrated care board - community mental health services,1,187333000.0,1.0,67.24
United Kingdom,United Kingdom,Creative / communications / print,39523000,"c<n>csae/<n> resupply of bt<n>, bt<n> and bt<n> parachute systems and post design services (pds) (project albany)",1,9384000.0,1.0,67.24
United Kingdom,United Kingdom,Creative / communications / print,35711000,mhc block <n> remote command centre (rcc) integration and supply,1,2000000000.0,1.0,67.24
United Kingdom,United Kingdom,Creative / communications / print,85100000,community health services for wirral,1,73192254.0,1.0,67.24
United Kingdom,United Kingdom,Creative / communications / print,80400000,dhsc: continuous asc and ph improvement for las and practitioners,1,8308000.0,1.0,67.24
United Kingdom,United Kingdom,Creative / communications / print,64212100,sms services for general practices (nhs west yorkshire integrated care board),1,2103408.0,1.0,67.24
United Kingdom,United Kingdom,Creative / communications / print,35730000,"test and practice cartridges and cartridge design safety assessment and trials, test and analysis plan scoping to suppor",1,2691173.94,1.0,67.24
Quebec,Canada - Quebec,Creative / communications / print,43220000,transition à la sortie du réseau intégré de télécommunication multimédia (ritm),1,189858946.9,1.0,67.24
Quebec,Canada - Quebec,Creative / communications / print,41113600,"provincial - fourniture de compteurs intelligents, des équipements de télécommunication et de la solution technologique ",1,1379000000.0,1.0,67.24
Germany,Germany,Creative / communications / print,72262000,"architektur-redesign ""extensions-ansatz"" für grundsteuer (bw)",1,2222000.0,1.0,67.24
United Kingdom,United Kingdom,Creative / communications / print,85130000,community dental services county durham and darlington nhs foundation trust,1,6656261.46,1.0,67.24
United Kingdom,United Kingdom,Creative / communications / print,85100000,upper thames medical group apms contract,1,9578599.0,1.0,67.24
United Kingdom,United Kingdom,Creative / communications / print,85100000,termination of pregnancy services (tops) in hertfordshire,1,2716230.0,1.0,67.24
United Kingdom,United Kingdom,Creative / communications / print,85130000,yorkshire and the humber community dental services - west yorkshire (lot <n>) - nhse<n> - msp,1,160918510.0,1.0,67.24
United Kingdom,United Kingdom,Creative / communications / print,31000000,appliances & electricals supply & installation,1,5000000.0,1.0,67.24
United Kingdom,United Kingdom,Creative / communications / print,85100000,adult community services - hertfordshire and west essex integrated care board - west essex place,1,83848974.0,1.0,67.24
United Kingdom,United Kingdom,Creative / communications / print,79340000,destination nuclear phase <n>,1,2016760.0,1.0,67.24
United Kingdom,United Kingdom,Creative / communications / print,85141100,https://www.dudley.gov.uk/residents/,1,2741825.0,1.0,67.24
United Kingdom,United Kingdom,Creative / communications / print,85000000,integrated sexual and reproductive health services,1,21470520.0,1.0,67.24
United Kingdom,United Kingdom,Creative / communications / print,30237280,"£<n>,<n>,<n>",1,3500000.0,1.0,67.24
United Kingdom,United Kingdom,Creative / communications / print,85000000,termination of pregnancy service,1,2095148.0,1.0,67.24
United Kingdom,United Kingdom,Creative / communications / print,85100000,tier <n> msk service for mid and south essex,1,3019454.0,1.0,67.24
United Kingdom,United Kingdom,Creative / communications / print,72250000,professional services - mdtp contract,1,6000000.0,1.0,67.24
United Kingdom,United Kingdom,Creative / communications / print,85131000,unscheduled dental care (udc) to nhs kent and medway icb,1,3821338.52,1.0,67.24
United Kingdom,United Kingdom,Creative / communications / print,64220000,"<n>,<n>,<n>.<n>",1,4969433.16,1.0,67.24
United Kingdom,United Kingdom,Creative / communications / print,79341400,"media buying, advertising and planning support for campaign delivery",1,2045000.0,1.0,67.24
Quebec,Canada - Quebec,Creative / communications / print,81111805,"eclinibase - implantation des modules rendez-vous, gap, demande de service, gde, borne et communications automatisées",1,3628820.61,1.0,67.24
United Kingdom,United Kingdom,Creative / communications / print,79341000,bta<n> strategic media buying & planning services,1,60000000.0,1.0,67.24
United Kingdom,United Kingdom,Creative / communications / print,50630000,"irm<n>/<n> - remanufacture, repair and maintenance of tn<n> & tn<n> transmissions, final drives and associated assemblie",1,137000000.0,1.0,67.24
United Kingdom,United Kingdom,Creative / communications / print,85000000,supported accommodation spot placements - <n>a,1,2034900.0,1.0,67.24
United Kingdom,United Kingdom,Creative / communications / print,73200000,ukri-<n> iuk real world selfie & offline video conferencing set up,1,2000000.0,1.0,67.24
United Kingdom,United Kingdom,Creative / communications / print,50334400,,1,5315432.0,1.0,67.24
United Kingdom,United Kingdom,Creative / communications / print,50620000,heavy machine gun (hmg) mid life improvement (mli),1,40000000.0,1.0,67.24
Quebec,Canada - Quebec,Creative / communications / print,81111000,contrat de gré à gré pour le renouvellement de la solution infonuagique plateforme collaborative pour la publication des,1,2487449.0,1.0,67.24
United Kingdom,United Kingdom,Creative / communications / print,85130000,community dental services north tees/hartlepool nhs foundation trust,1,10490940.28,1.0,67.24
United Kingdom,United Kingdom,Creative / communications / print,50840000,next-generation light anti-tank weapon (nlaw) and carl-gustaf (c-g) in-service support,1,4750000.0,1.0,67.24
United Kingdom,United Kingdom,Creative / communications / print,79100000,hsf engagement letter for provision of legal services in relation to the remediation unit,1,15000000.0,1.0,67.24
United Kingdom,United Kingdom,Creative / communications / print,32531000,,1,589386052.5,1.0,67.24
United Kingdom,United Kingdom,IT / software / cyber,72000000,provision of sap erp procurement and discovery services,2,1052051.0,1.0,67.2
Quebec,Canada - Quebec,IT / software / cyber,81111812,contrat via le courtier du ministère la cybersécurité numérique visant a optimiser le stockage transitoire vers l'infonu,2,957149.56,1.0,67.2
United Kingdom,United Kingdom,Consulting / research / audit,73000000,"lincs, northants and east anglia: groundwater models asset system maintenance",2,3494756.84,1.0,67.19
Germany,Germany,Web / digital,45230000,"b<n> ou marienhagen/weenzen-nord voreinschnitt as marienhagen-süd, felssicherung etc.",3,32361715.75,1.0,67.18
United Kingdom,United Kingdom,Training / education,85100000,"acute secondary care, mental health and learning disability services for children and young people across cheshire and m",3,117947000.0,1.0,67.11333333333333
TED,LTU,Consulting / research / audit,NO_CODE,"(<n>-gsc-<n>) environmental systems research institute, inc (esri) arcgis programinės įrangos (ela) licencijos prenumera",1,1600000.0,1.0,67.1
TED,ESP,Consulting / research / audit,NO_CODE,"servicios_nacional_asistencia técnica convocatoria rd <n>/<n> - deloitte advisory, s.l.",1,518175.0,1.0,67.1
Germany,Germany,Web / digital,72000000,beschaffung pikas – online-check,1,301931.25,2.0,67.1
TED,EST,Consulting / research / audit,NO_CODE,"environmental systems research institute"" (esri) arcgis tarkvara koos litsentsidega, tootetugi ning konsultatsioonid",1,531959.0,1.0,67.1
TED,POL,Consulting / research / audit,NO_CODE,świadczenie kompleksowej obsługi logistycznej projektu uczelnie przyszłości w zakresie organizacji tygodni szkoleniowych,1,1558028.46,1.0,67.1
United Kingdom,United Kingdom,Consulting / research / audit,79410000,esr transformation programme financial advisors,1,1938520.0,1.0,67.1
TED,PL,Consulting / research / audit,NO_CODE,dostawa specjalistycznych odczynników chemicznych do biologii molekularnej kwasów nukleinowych i białek produkowanych pr,1,765675.0,1.0,67.1
United Kingdom,United Kingdom,Consulting / research / audit,71315200,consultant for improvement plan,1,881418.0,1.0,67.1
United Kingdom,United Kingdom,Consulting / research / audit,79411100,project wright - consultancy services,1,750000.0,1.0,67.1
United Kingdom,United Kingdom,Consulting / research / audit,79400000,transformational support services,1,715800.0,1.0,67.1
United Kingdom,United Kingdom,Consulting / research / audit,71315210,"berneslai homes, c<n>, jul<n>-pennington",1,1000000.0,1.0,67.1
TED,DNK,Consulting / research / audit,NO_CODE,"purchase of <n> microcalorimeter system for advanced research on co₂ adsorption, reduction, and related catalytic and ma",1,1691760.0,1.0,67.1
TED,CY,Consulting / research / audit,NO_CODE,<n>/<n> - consultancy services for the retrofit of emission abatement technologies and for natural gas conversion works ,1,549664.0,1.0,67.1
TED,CHE,Consulting / research / audit,NO_CODE,etudes et réalisation du système d'automation cta est genilac,1,1587195.55,1.0,67.1
TED,MLT,Consulting / research / audit,NO_CODE,ct<n>/<n> - tender for the supply and delivery of brand new electrical and low emission diesel vans to the ministry for ,1,677645.8,0.0,67.1
TED,ITA,Consulting / research / audit,NO_CODE,"servizi mud motors drilling, directional drilling, surveying, measurement e logging while drilling per pozzi di stoccagg",1,1621084.0,1.0,67.1
United Kingdom,United Kingdom,Consulting / research / audit,73410000,dno<n>-nuclear deterrence fund - dec <n>,1,923944.27,1.0,67.1
TED,ESP,Consulting / research / audit,NO_CODE,suministro de servicios de licencia de empresa (ela) de mathworks para el consorcio científico-tecnológico vasco – basqu,1,850000.0,1.0,67.1
United Kingdom,United Kingdom,Consulting / research / audit,72220000,operational technologies,1,950000.0,1.0,67.1
TED,NOR,Consulting / research / audit,NO_CODE,user and user survey of museums,1,1950000.0,1.0,67.1
Germany,Germany,Web / digital,72000000,miniwettbewerb aus rahmenvertrag as<n> los <n> rolle frontend (angular) entwickler (m/w/d) im portal-train,1,353000.0,3.0,67.1
TED,ES,Consulting / research / audit,NO_CODE,servicio de determinacion genomica tumoral en pacientes con tumores sólidos para la realización del proyecto de investig,1,1149000.0,1.0,67.1
TED,LUX,Consulting / research / audit,NO_CODE,modernisation du secteur fret de la gare de bettembourg. mission d’études géotechniques et des études de caractérisation,1,855269.6,1.0,67.1
TED,PL,Consulting / research / audit,NO_CODE,kompleksowa usługa cro (ang. contract research organization) w niekomercyjny badaniu klinicznym w dwóch ośrodkach wraz z,1,1699000.0,1.0,67.1
Germany,Germany,Web / digital,72260000,auditierungen des i-kfz-portals stufe <n> beim brandenburgischen it-dienstleister (kopie),1,120000.0,3.0,67.1
United Kingdom,United Kingdom,Consulting / research / audit,79212300,provision of external audit service,1,1232566.5,1.0,67.1
TED,DNK,Consulting / research / audit,NO_CODE,provision of an airborne geophysical survey of the southern nairobi aqifer system (nas) kenya,1,930000.0,1.0,67.1
TED,SWE,Consulting / research / audit,NO_CODE,two (<n>) underwater gliders for specific marine research,1,526273.0,1.0,67.1
TED,NOR,Consulting / research / audit,NO_CODE,procurement of consultancy assignments for the citizen survey <n>-<n>,1,1500000.0,1.0,67.1
TED,ROU,Consulting / research / audit,NO_CODE,acorduri-cadru având ca obiect prestarea de servicii de etalonare (calibrare) și reparatie pentru echipamentele de măsur,1,1862320.0,0.0,67.1
United Kingdom,United Kingdom,Consulting / research / audit,66171000,local government reorganisation preparedness,1,528000.0,1.0,67.1
TED,AT,Consulting / research / audit,NO_CODE,wrwks - rahmenvereinbarung consulting,1,634750.0,1.0,67.1
United Kingdom,United Kingdom,Consulting / research / audit,73110000,provision of industry tv audience viewing data,1,1187082.0,1.0,67.1
TED,AUT,Consulting / research / audit,NO_CODE,franet - data collection and research services on fundamental rights issues (lot <n>-be),1,580000.0,1.0,67.1
Germany,Germany,Web / digital,48218000,journals - los <n>a - unternehmenslizenz,1,298980.33,2.0,67.1
TED,AUT,Consulting / research / audit,NO_CODE,franet - data collection and research services on fundamental rights issues (lot <n>-dk),1,530000.0,1.0,67.1
TED,POL,Consulting / research / audit,NO_CODE,"wyłonienie wykonawcy na wykonanie, dostawę oraz instalację kompletnego hotelu krystalizacyjnego dla potrzeb linii solcry",1,1861654.5,1.0,67.1
TED,NOR,Consulting / research / audit,NO_CODE,research-based broking - agriculture,1,1600000.0,1.0,67.1
TED,SWE,Consulting / research / audit,NO_CODE,air-sea interactions buoy (asib) for marine research,1,500000.0,1.0,67.1
TED,CZE,Consulting / research / audit,NO_CODE,supporting the biology centre’s research activities in the field in papua new guinea,1,1668000.0,1.0,67.1
TED,NOR,Consulting / research / audit,NO_CODE,framework agreement consultancy services ict,1,1000000.0,1.0,67.1
TED,CZE,Consulting / research / audit,NO_CODE,cirkarena – dodávka laboratorních a analytických zařízení pro výzkumné účely / cirkarena – supply of laboratory and anal,1,805000.0,1.0,67.1
United Kingdom,United Kingdom,Consulting / research / audit,85200000,cornwall badger vaccination pilot,1,1370231.0,1.0,67.1
United Kingdom,United Kingdom,Consulting / research / audit,71314300,notice of award of contracts under chic uk optimised retrofit consultancy – dps for q<n> of <n>/<n>,1,500000.0,1.0,67.1
United Kingdom,United Kingdom,IT / software / cyber,79980000,information technology solution service <n>,2,516350.0,1.0,67.0
United Kingdom,United Kingdom,IT / software / cyber,72222300,chief information office (cio) consultancy support services,2,721000.0,1.0,67.0
TED,ROU,Web / digital,NO_CODE,"suport tehnic, mentenanta corectiva si evolutiva a portalului de servicii digitale, a conectorului posf, a serviciului d",2,524947.48,2.0,67.0
United Kingdom,United Kingdom,Creative / communications / print,85100000,tier <n> endoscopy service for nhs mse icb,2,1852000.0,1.0,67.0
United Kingdom,United Kingdom,Creative / communications / print,85121210,elective care services - termination of pregnancy services - humber and north yorkshire,2,2335543.5,1.0,67.0
United Kingdom,United Kingdom,IT / software / cyber,48000000,hr & payroll system,2,492000.0,1.0,67.0
United Kingdom,United Kingdom,IT / software / cyber,72212732,lightning shield & tigertrap support,2,536047.86,1.0,67.0
United Kingdom,United Kingdom,Creative / communications / print,38290000,procurement and support of remotely operated vehicles,2,9900000.0,1.0,67.0
Quebec,Canada - Quebec,Creative / communications / print,42000000,acquisition de fournitures pour la réalisation de fermeture de foramen ovale et de communication inter-auriculaires,2,1734277.5,1.0,67.0
TED,ESP,Web / digital,NO_CODE,servicio de atención al público de artium museoa,2,732225.39,1.5,67.0
Germany,Germany,IT / software / cyber,72000000,beschaffung von iuk-netz sowie cloud-nutzung des satelliten positionierungsdienstes sapos in hessen,2,767400.0,1.25,67.0
Germany,Germany,Web / digital,79000000,weiterentwicklung kampagne arbeitgebermarke und projekt epm.sax,1,903000.0,6.0,67.0
United Kingdom,United Kingdom,Web / digital,72300000,risk stratification / population health management (phm) services digital solution,1,1200000.0,6.0,67.0
United Kingdom,United Kingdom,Web / digital,NO_CODE,ukri-<n> r<n> fit out for clean rooms for central laser facility,1,1000000.0,8.0,67.0
Germany,Germany,Web / digital,72000000,online-portal lebenswelten,1,614992.0,8.0,67.0
United Kingdom,United Kingdom,Web / digital,NO_CODE,medication administration service,1,1311557.08,10.0,67.0
United Kingdom,United Kingdom,Language / transcription,79540000,rbgkew<n> - interpretation services – framework agreement,1,1080000.0,7.0,67.0
United Kingdom,United Kingdom,Web / digital,15110000,butchered meat and poultry,1,1500000.0,9.0,67.0
Germany,Germany,Web / digital,34422000,fahrradleasing für beschäftigte der stadtverwaltung lüdenscheid,1,983539.0,6.0,67.0
United Kingdom,United Kingdom,Web / digital,NO_CODE,all-age continuing care (aacc) digital system to nhs gloucestershire integrated care board,1,520000.0,8.0,67.0
United Kingdom,United Kingdom,Web / digital,NO_CODE,mbc invitation to tender - cobtree manor park play area refurbishment,1,600000.0,8.0,67.0
United Kingdom,United Kingdom,Web / digital,NO_CODE,pp-<n> east barnet school cleaning,1,1143314.0,7.0,67.0
United Kingdom,United Kingdom,Web / digital,50700000,multi trades measured term contract <n>-<n>,1,1000000.0,7.0,67.0
United Kingdom,United Kingdom,Web / digital,77314000,grounds maintenance services - yorkshire,1,1219939.5,6.0,67.0
United Kingdom,United Kingdom,Web / digital,NO_CODE,transport service for manchester schools swimming programme.,1,1465608.0,7.0,67.0
United Kingdom,United Kingdom,Web / digital,72322000,dashboard and clinical portal maintenance for cyp cew clinics,1,1235000.0,7.0,67.0
United Kingdom,United Kingdom,Web / digital,NO_CODE,ps<n> - eastern europe accelerator programme - round <n>,1,830391.0,8.0,67.0
United Kingdom,United Kingdom,Web / digital,NO_CODE,"novum festival event safety, production management and production supply",1,761375.0,7.0,67.0
United Kingdom,United Kingdom,Web / digital,NO_CODE,"special educational needs and disability information, advice and support services (sendiass).",1,550000.0,6.0,67.0
United Kingdom,United Kingdom,Web / digital,NO_CODE,high support accommodation service at ray house,1,966475.0,10.0,67.0
Germany,Germany,Web / digital,45261410,projekt neubau petrus-canisius-grundschule weeze dacharbeiten,1,1045097.11,7.0,67.0
United Kingdom,United Kingdom,Web / digital,NO_CODE,csp<n> - specialist business support services,1,504995.0,10.0,67.0
United Kingdom,United Kingdom,Web / digital,NO_CODE,grainger market creative workspace,1,1255961.0,7.0,67.0
United Kingdom,United Kingdom,Web / digital,50750000,td<n> - provision of lift maintenance services,1,517000.0,6.0,67.0
United Kingdom,United Kingdom,Web / digital,90919300,sol-monkspath junior and infant school site management and cleaning,1,630921.3,9.0,67.0
United Kingdom,United Kingdom,Web / digital,NO_CODE,canvass printing,1,600000.0,9.0,67.0
United Kingdom,United Kingdom,Web / digital,NO_CODE,id <n> - dfe - intertradeireland - seedcorn investor readiness competition - business plan markers,1,579000.0,8.0,67.0
United Kingdom,United Kingdom,Document / data processing,85150000,upright mri scans,2,110000.0,1.0,66.96
TED,CHE,Document / data processing,NO_CODE,"cap _ centre archives et patrimoine, la chaux-de-fonds. lot <n> _ travaux de l'entreprise de maçonnerie, parement façade",1,1630776.2,2.0,66.96
TED,DK,Document / data processing,NO_CODE,it-rådgivningstjenester på området for katalogisering af metadata og støtte til data warehousing,1,600000.0,2.0,66.96
TED,CHE,Document / data processing,NO_CODE,"cap _ centre archives et patrimoine, la chaux-de-fonds. lot <n> _ installations de stockage, étagères mobiles, cfc <n>",1,1892679.0,3.0,66.96
TED,SE,Document / data processing,NO_CODE,differential scanning calorimetry and thermal mechanical analysis equipment,1,1300400.0,2.0,66.96
Germany,Germany,Document / data processing,92521100,"entwicklung und gestaltung einer neuen dauerausstellung brandenburgisches textilmuseum, forst (lausitz)",1,625430.0,3.0,66.96
TED,CHE,Document / data processing,NO_CODE,low-temperature scanning probe microscope for in-operando device nanoscopy,1,808590.0,2.0,66.96
TED,CHE,Document / data processing,NO_CODE,konfokales laser-scanning mikroskop,1,737198.35,2.0,66.96
TED,ROU,Document / data processing,NO_CODE,"prestari servicii de arhivare, scanare, digitizare, selectionare și depozitare a documentelor din cadrul spitalului clin",1,1220200.0,3.0,66.96
TED,SVK,Document / data processing,NO_CODE,informačný systém pre správu dokumentov - document management system,1,727400.0,3.0,66.96
TED,POL,Document / data processing,NO_CODE,dostawa digitizera <n>d na potrzeby wydziału mechanicznego politechniki lubelskiej,1,510750.0,2.0,66.96
TED,CHE,Document / data processing,NO_CODE,acquisition casiers-vestiaires & armoires archives métal,1,994601.65,3.0,66.96
TED,SVK,Document / data processing,NO_CODE,infraštruktúra pre efaktúra - komponent service metadata provider (smp),1,1442003.2,2.0,66.96
Germany,Germany,Document / data processing,71200000,sanierung deutsches schauspielhaus - objektplanung - mantelgebäude,1,1134047.15,3.0,66.96
TED,POL,Document / data processing,NO_CODE,„zakup holdera do badań sem (scanning electron microscopy)”,1,1440000.0,2.0,66.96
Quebec,Canada - Quebec,Document / data processing,56000000,acquisition et installation de rayonnage pour les voûtes des archives dans le cadre du projet de restauration patrimonia,1,916668.68,3.0,66.96
United Kingdom,United Kingdom,Consulting / research / audit,72246000,british library security systems consultant,2,636888.2,1.0,66.95
United Kingdom,United Kingdom,Document / data processing,72322000,geospatial enabling programme delivery partner,1,10361050.0,8.0,66.94
United Kingdom,United Kingdom,Creative / communications / print,85100000,tier <n> msk service for nhs mse icb,3,1063075.0,1.0,66.92
Ireland,Ireland,Training / education,42213000.0,"supply, delivery, installation, commissioning, training and ongoing support of a fully automated <n>hl brewing system.",1,795183.0,3.0,66.9
United Kingdom,United Kingdom,Training / education,NO_CODE,new critical pager system,1,638429.0,2.0,66.9
Germany,Germany,Training / education,72000000,rbl_cols,1,934518.29,3.0,66.9
Ireland,Ireland,Training / education,55500000.0,"<n> <n> - the provision of concession catering services to coláiste dún an rí, kingscourt, co. cavan, which falls under ",1,700000.0,2.0,66.9
United Kingdom,United Kingdom,Training / education,71351600,road weather forecasting and ice prediction services,1,582000.0,3.0,66.9
Quebec,Canada - Quebec,Training / education,20100000,acquisition d'un camion minier électrique à système modulaire interchangeable pour le centre de formation professionnell,1,775000.0,2.0,66.9
Germany,Germany,Training / education,90000000,teilberäumung des illegalen abfalllagers fichtwald,1,1737849.0,2.0,66.9
United Kingdom,United Kingdom,Training / education,NO_CODE,co<n> - supply and fitment of tyres,1,750000.0,3.0,66.9
United Kingdom,United Kingdom,Training / education,NO_CODE,provision of a weighbridge and waste disposal service,1,857730.0,2.0,66.9
Germany,Germany,Training / education,80000000,deutsch für migranten und flüchtlinge,1,1201599.24,2.0,66.9
Germany,Germany,Training / education,79200000,<n> - prüfung von giz-schlussrechnungen am unternehmenssitz in eschborn,1,935520.55,3.0,66.9
United Kingdom,United Kingdom,Training / education,85300000,housing support grant services - learning disability,1,952000.0,2.0,66.9
Ireland,Ireland,Training / education,48800000.0,ani hpe servers,1,750000.0,3.0,66.9
United Kingdom,United Kingdom,Training / education,NO_CODE,provision of access point,1,1666666.67,2.0,66.9
United Kingdom,United Kingdom,Training / education,80000000,north east london training hub provision,1,1853517.0,3.0,66.9
Quebec,Canada - Quebec,Training / education,86100000,services professionnels pour des concepteurs de formations,1,888526.8,3.0,66.9
United Kingdom,United Kingdom,Training / education,38500000,cell sorter for biological sciences,1,532016.57,3.0,66.9
Germany,Germany,Training / education,45212212,"elektroinstallation, beleuchtung, informationstechnik / ersatzneubau hallenbad ennigerloh",1,1147591.02,3.0,66.9
United Kingdom,United Kingdom,Training / education,85300000,cov - young carers service,1,800000.0,2.0,66.9
Germany,Germany,Training / education,98392000,umzug von labor- und büroeinrichtungen der lubw in die neuunterbringung,1,863473.3,3.0,66.9
Quebec,Canada - Quebec,Training / education,86100000,provincial - services de formateurs sur demande - formations intervention et sauvetage en espace clos et protection cont,1,981777.9,3.0,66.9
Germany,Germany,Training / education,45310000,"elektrische anlagen sowie kommunikations-, sicherheits- und informationstechnische anlagen",1,806780.26,3.0,66.9
United Kingdom,United Kingdom,Training / education,85311300,family support service for children and young people with special educational needs and disabilities,1,1001190.0,2.0,66.9
Ireland,Ireland,Training / education,79200000.0,training grant proposal evaluation services,1,872000.0,2.0,66.9
United Kingdom,United Kingdom,Training / education,85000000,nhs health checks catch-up programme,1,1091049.6,3.0,66.9
United Kingdom,United Kingdom,Training / education,80000000,active travel promotion for schools,1,1319343.0,2.0,66.9
Germany,Germany,Training / education,80000000,arbeitsmarktdienstleistung - assistierte ausbildung,1,1118397.0,2.0,66.9
Ireland,Ireland,Training / education,3419000.0,the supply of woodwork classroom materials to galway and roscommon education and training board (<n> lots),1,500000.0,2.0,66.9
United Kingdom,United Kingdom,Training / education,NO_CODE,national autism training for psychiatrists (enhanced training) <n>/<n>,1,1500000.0,2.0,66.9
United Kingdom,United Kingdom,Training / education,85000000,general information and advice service,1,1242000.0,2.0,66.9
Germany,Germany,Training / education,71000000,"neubau von <n> mobilbauanlagen für zusätzliche schulraumkapazitäten, bremen",1,1807501.13,3.0,66.9
United Kingdom,United Kingdom,Training / education,85000000,provision of barnsley older people physical activity alliance (boppaa),1,922600.0,2.0,66.9
Germany,Germany,Training / education,45314310,bundespolizei ludwigsdorf - umbau gebäude <n> und <n> mit verbinder,1,683126.37,2.0,66.9
United Kingdom,United Kingdom,Training / education,80000000,end point assessment,1,1920000.0,2.0,66.9
Quebec,Canada - Quebec,Training / education,30221002,"système d’information de gestion automatisée des stationnements avec barrières, guichets de paiement et dépendances",1,1796154.37,2.0,66.9
United Kingdom,United Kingdom,Training / education,80000000,provision of apprenticeship training provider services - social care and childcare / education,1,500000.0,2.0,66.9
United Kingdom,United Kingdom,Training / education,50750000,cto<n> - comprehensive servicing and maintenance contract for passenger lifts,1,931640.0,2.0,66.9
United Kingdom,United Kingdom,Training / education,NO_CODE,in-country recruitment,1,825000.0,2.0,66.9
United Kingdom,United Kingdom,Training / education,NO_CODE,ukri-<n> - obesity pathway innovation programme (opip) community of practice (cop),1,500000.0,3.0,66.9
United Kingdom,United Kingdom,Training / education,85000000,women's community health worker service (wchw),1,678000.0,3.0,66.9
Ireland,Ireland,Training / education,71314000.0,<n>/<n> establishment of panel for environmental and energy management training courses and demonstration in <n> lots,1,1500000.0,2.0,66.9
United Kingdom,United Kingdom,Training / education,80500000,bikeability training - hdg/<n>/<n>*,1,500000.0,3.0,66.9
United Kingdom,United Kingdom,Training / education,NO_CODE,training advanced ambulance driving instruction,1,1454123.0,3.0,66.9
Quebec,Canada - Quebec,Training / education,81201500,services professionnels en équipe intégrée pluridisciplinaire - transformation de l'église de saint-ubalde,1,552664.13,2.0,66.9
United Kingdom,United Kingdom,Training / education,72253200,navigational telex (navtex) and digital selective calling (dsc),1,1541573.0,2.0,66.9
United Kingdom,United Kingdom,Training / education,80340000,"cmcv <n> - special educational needs or disabilities - information, advice & support services (send iass)",1,712460.0,3.0,66.9
United Kingdom,United Kingdom,Training / education,90500000,two year bulk uplift and bin collection services contract,1,521926.0,2.0,66.9
United Kingdom,United Kingdom,Training / education,NO_CODE,hospital discharge and peer mentoring service,1,655000.0,3.0,66.9
Quebec,Canada - Quebec,Training / education,43232306,système d'information de la gestion des horaires asss sad (si ghas),1,1673886.54,2.0,66.9
United Kingdom,United Kingdom,Training / education,NO_CODE,the streetly academy - cleaning tender,1,981010.5,3.0,66.9
United Kingdom,United Kingdom,Training / education,85312320,provision of independent school & community based counselling to children & young people aged <n>-<n> years and year <n>,1,1770000.0,2.0,66.9
Germany,Germany,Training / education,71541000,hamburger landeslabor des instituts für hygiene und umwelt (hu) - projektsteuerung tga,1,945141.75,2.0,66.9
Quebec,Canada - Quebec,Training / education,25191736,achat de <n> simulateurs pour formation en conduite de machinerie lourde en voirie forestière,1,687500.0,2.0,66.9
United Kingdom,United Kingdom,Training / education,75200000,advice and information services,1,1475000.0,2.0,66.9
United Kingdom,United Kingdom,Training / education,NO_CODE,supported employment services,1,900000.0,2.0,66.9
United Kingdom,United Kingdom,Training / education,NO_CODE,all age continuing care end-to-end digital system,1,1031000.0,2.0,66.9
Germany,Germany,Training / education,80000000,<n>/<n> - joker <n>.<n> qualifzierungsmaßnahme,1,524160.0,3.0,66.9
Ireland,Ireland,Training / education,3410000.0,multi-party framework agreement for the supply and delivery of wood materials and consumables in two (<n>) lots to cork ,1,1500000.0,3.0,66.9
Ireland,Ireland,Training / education,24000000.0,science classroom equipment in tipperary education and training board,1,500000.0,2.0,66.9
United Kingdom,United Kingdom,Training / education,85000000,children with disabilities support services across lincolnshire,1,1419783.85,2.0,66.9
Germany,Germany,Training / education,80000000,bewerbungsschmiede,1,1155283.07,2.0,66.9
Germany,Germany,Training / education,72260000,soc/siem,1,877950.0,2.0,66.9
Germany,Germany,Training / education,45311200,ve <n>.<n> starkstrom- und fernmeldeinformationstechnik,1,550851.51,2.0,66.9
Ireland,Ireland,Training / education,39162000.0,"establishment of a single party framework agreement per lot for the supply, installation, commissioning, training and ma",1,1500000.0,2.0,66.9
Ireland,Ireland,Training / education,42210000.0,"supply, delivery, installation, commissioning, training and ongoing support of plant fractionation equipment",1,883748.0,3.0,66.9
United Kingdom,United Kingdom,Training / education,80400000,gmca <n> for the provision of firefighter end point assessment,1,804333.3,2.0,66.9
United Kingdom,United Kingdom,Training / education,NO_CODE,point of care testing to support nhs health checks,1,650000.0,3.0,66.9
United Kingdom,United Kingdom,Training / education,80500000,safeguarding adults and mental capacity act training,1,548325.0,3.0,66.9
Germany,Germany,Training / education,45311200,"elektroinstallation, beleuchtung, informationstechnik / generalsanierung hallenbad rinteln",1,949115.85,3.0,66.9
Germany,Germany,Training / education,71328000,"bürgewald, ort der zukunft - standsicherheitsuntersuchung",1,628266.0,3.0,66.9
United Kingdom,United Kingdom,Training / education,85300000,dcaf-national kinship care advice service,1,697479.35,3.0,66.9
Germany,Germany,Training / education,80410000,<n> ankommen in deutschland - rahmenvereinbarung über eine maßnahme zur aktivierung und berufliche,1,735152.0,2.0,66.9
United Kingdom,United Kingdom,Training / education,80500000,proc <n>-<n> provision of specialist ict training courses (framework agreement),1,1800000.0,3.0,66.9
Quebec,Canada - Quebec,Training / education,43232300,acquisition d’un logiciel de gestion des informations (lims) pour l’ensemble des laboratoires du cdvum,1,1997593.0,3.0,66.9
United Kingdom,United Kingdom,Training / education,85320000,"provision of a carers advice, information and support service",1,1474975.0,2.0,66.9
Quebec,Canada - Quebec,Training / education,43232806,acquisition d'une solution infonuagique pour la gestion de fichiers multimédias - vice-présidence - ressources informati,1,562160.0,3.0,66.9
Ireland,Ireland,Training / education,80000000.0,request-for-tenders for establishment of a single supplier framework the provision of english language teaching and asso,1,800000.0,3.0,66.9
Ireland,Ireland,Training / education,80300000.0,advanced nurse and midwife practitioner post graduate education programmes for national corporate directorate,1,1137000.0,2.0,66.9
Ireland,Ireland,Training / education,3452000.0,re-tender: provision of certification related training services to the arborist apprenticeship,1,800000.0,2.0,66.9
Germany,Germany,Training / education,80000000,zaw - informations- und telekommunikationssystemelektroniker/in - bad frankenhausen | ml <n>,1,1250525.0,2.0,66.9
United Kingdom,United Kingdom,Training / education,80000000,gmts health policy specialism education provision,1,1944000.0,2.0,66.9
Ireland,Ireland,Training / education,30200000.0,provision of a managed services providing windows devices and apple ipads for dublin and dún laoghaire education and tra,1,1200000.0,2.0,66.9
Quebec,Canada - Quebec,Training / education,43210000,approvisionnement en équipements de points d'accès internet sans fil - vice-présidence - ressources informationnelles,1,728000.0,2.0,66.9
United Kingdom,United Kingdom,Training / education,85000000,carers support service – lead provider,1,825000.0,3.0,66.9
United Kingdom,United Kingdom,Training / education,38434500,supply of bioreactors,1,647193.0,2.0,66.9
United Kingdom,United Kingdom,Training / education,80570000,"expert advice, co-delivery & support for patient safety & harm reduction improvement for public health wales",1,1079077.0,2.0,66.9
United Kingdom,United Kingdom,Training / education,NO_CODE,"contract award notice: provision of cvl transformation works – track, drainage and level boarding (tdlb)",1,762684.11,3.0,66.9
Ireland,Ireland,Training / education,48613000.0,invitation to tender for the provision of a molecular laboratory information management system in the cancer molecular d,1,651614.0,3.0,66.9
United Kingdom,United Kingdom,Training / education,80400000,management and distribution of free period products,1,505757.6,2.0,66.9
United Kingdom,United Kingdom,Training / education,50530000,"maintenance, repair and inspection of grounds maintenance plant and equipment.",1,800000.0,3.0,66.9
United Kingdom,United Kingdom,Training / education,80000000,c<n> - national clinical skills training for pharmacists,1,1965600.0,2.0,66.9
United Kingdom,United Kingdom,Training / education,80330000,bikeability training <n>,1,1199800.0,3.0,66.9
Germany,Germany,Training / education,45262300,"zeppelinstraße, lernort zeppelinfeld - <n>_<n>_<n>.<n> lieferung neuteile beton",1,1939371.0,2.0,66.9
United Kingdom,United Kingdom,Training / education,60130000,home to school transport service - cavendish learning trust,1,890150.0,2.0,66.9
United Kingdom,United Kingdom,Training / education,80400000,tender for social worker (degree) apprenticeships,1,528000.0,2.0,66.9
Germany,Germany,Training / education,18412000,"sportbekleidung: sporthosen, trainingsjacken und trainingshosen, rahmenvereinbarungen",1,1142754.5,3.0,66.9
Germany,Germany,Training / education,45200000,bau eines multifunktionalen mehrzweckgebäude - neubaus „gut drauf komplex“ los <n>.<n> starkstrom- und informationstechn,1,1162348.16,3.0,66.9
United Kingdom,United Kingdom,Training / education,80430000,dhsc:global health masters in health and social care policy <n>/<n>,1,647500.0,3.0,66.9
United Kingdom,United Kingdom,Training / education,NO_CODE,pp-<n> wyvern school & bushfield school catering,1,1086712.0,2.0,66.9
Germany,Germany,Training / education,45311000,elektro inkl. strom und pv - schwaigweg <n> / am dorfbach <n>,1,588500.0,3.0,66.9
United Kingdom,United Kingdom,Training / education,85100000,"autism and adhd information, advice and guidance service and community hubs for adults",1,1365241.5,3.0,66.9
Quebec,Canada - Quebec,Training / education,81111000,expert en systèmes d'information d'imagerie médical (projet vim-vna-outils d'interprétation),1,611730.0,3.0,66.9
United Kingdom,United Kingdom,Training / education,80540000,environmental enforcement services,1,800000.0,2.0,66.9
United Kingdom,United Kingdom,Training / education,80000000,independent advocacy services for adults,1,822640.0,3.0,66.9
Germany,Germany,Training / education,45112000,"neubau grundschule sieker-erd-, kanal- und entwässerungsarbeiten",1,1598259.43,3.0,66.9
Germany,Germany,Training / education,79823000,druck- und versanddienstleistungen für kundenzeitschriften,1,865028.0,1.5,66.9
Germany,Germany,Training / education,60000000,beförderung von asylbewerber/innen der anker-einrichtung zirndorf und deren anker – dependancen (anker mittelfranken),1,1063000.0,3.0,66.9
United Kingdom,United Kingdom,Training / education,NO_CODE,"older persons information, advice & housing related support service throughout pembrokeshire",1,600000.0,2.0,66.9
Quebec,Canada - Quebec,Training / education,72000000,"remplacement de couvre plancher, système de chauffage centre de formation en santé de st-esprit",1,768450.0,3.0,66.9
United Kingdom,United Kingdom,Training / education,39143112,id <n> - doj nips - supply and delivery of mattresses,1,1500000.0,3.0,66.9
Germany,Germany,Training / education,60172000,heckscher schule fahrdienste ab schuljahr <n>,1,654026.0,1.5,66.9
Quebec,Canada - Quebec,Training / education,81113000,services professionnels en technologie de l’information pour la gestion de projet du programme merit,1,1369600.0,3.0,66.9
United Kingdom,United Kingdom,Training / education,80000000,"educational provision for nursing, midwifery, operating department practitioner and healthcare support workers from bets",1,989646.0,3.0,66.9
Germany,Germany,Training / education,48000000,digitales medikationsmanagementsystem für die kliniken der stadt köln ggmbh,1,1287426.87,2.0,66.9
United Kingdom,United Kingdom,Training / education,NO_CODE,sol<n> sol sendias <n>,1,820708.36,2.0,66.9
United Kingdom,United Kingdom,Training / education,NO_CODE,provision of an advocacy service for parents with children in or on the edge of care,1,1000000.0,2.0,66.9
United Kingdom,United Kingdom,Training / education,85000000,cpu<n> healthwatch nottingham and nottinghamshire,1,1836000.0,3.0,66.9
United Kingdom,United Kingdom,Training / education,NO_CODE,woodhouse college ~ catering tender,1,1115000.0,3.0,66.9
Germany,Germany,Training / education,80000000,arbeitsmarktdienstleistung - potenzialanalyse für (neu-)kunden und (neu-)kundinnen,1,1562649.6,3.0,66.9
Germany,Germany,Training / education,80000000,"""geco - gesundheitsevaluation, -coaching und orientierung"" gemäß § <n> abs. <n> sgb ii i. v. m. § <n> abs. <n> s. <n> nr",1,1123200.0,2.0,66.9
Germany,Germany,Training / education,72000000,zertifizierung auf basis von it-grundschutz (bsi-audits),1,1680000.0,2.0,66.9
United Kingdom,United Kingdom,Training / education,NO_CODE,regulatory and auditing training fwa <n> - <n>,1,500000.0,3.0,66.9
United Kingdom,United Kingdom,Training / education,80000000,the provisions of end point assessment services,1,599258.9,2.0,66.9
Germany,Germany,Training / education,35000000,trainingsmunition kal. <n> mm x <n> - vollmantelgeschoss,1,876524.0,2.0,66.9
United Kingdom,United Kingdom,Training / education,NO_CODE,connect to work sheffield: supported employment quality framework (seqf) employment support,1,759439.0,3.0,66.9
United Kingdom,United Kingdom,Training / education,80430000,t<n>/<n>_end point assessment independent assessors (police constable),1,1000000.0,3.0,66.9
Germany,Germany,Training / education,80000000,"arbeitsmarktdienstleistung - ""clearingstelle u<n> plus""",1,859434.6,2.0,66.9
United Kingdom,United Kingdom,Training / education,92610000,boston leisure and health hub leisure operating contract,1,1351941.0,3.0,66.9
United Kingdom,United Kingdom,Training / education,77100000,id <n> - daera - cafre - farming for the generations,1,721000.0,3.0,66.9
Germany,Germany,Training / education,85145000,labordiagnostische untersuchungen in den jva des landes bw,1,1025323.0,3.0,66.9
Quebec,Canada - Quebec,Training / education,41000000,équipements de contrôle qualité et système de gestion de l’information pour laboratoire cyclotron,1,1895876.62,3.0,66.9
United Kingdom,United Kingdom,Training / education,NO_CODE,t<n> provision of a production management service,1,500000.0,2.0,66.9
Germany,Germany,Training / education,80410000,<n> - bundesprogramm rehapro - gesundheitscoaching,1,1092942.0,2.0,66.9
Germany,Germany,Training / education,38580000,computertomographie-anlage,1,977000.0,3.0,66.9
Germany,Germany,Training / education,71322000,umsetzung transformationsplan fernwärme: maßnahmepaket planungsleistung von fernwärmeleitungen im stadtgebiet wolfsburg ,1,551092.9,3.0,66.9
Germany,Germany,Training / education,71314300,rahmenvereinbarung zur unterstützung bei der fortführung von prozess- und akzeptanzberatung für hessische kommunen bei s,1,1480280.0,2.0,66.9
United Kingdom,United Kingdom,Training / education,85000000,type <n> structured education services,1,697098.0,2.0,66.9
United Kingdom,United Kingdom,Training / education,71900000,"c<n> - colilert chemicals, consumables and cryptosporidium filters (supply and delivery)",1,886149.6,2.0,66.9
Germany,Germany,Training / education,42417210,transportsystem,1,580000.0,2.0,66.9
United Kingdom,United Kingdom,Training / education,80310000,<n> - youth work services,1,891651.24,3.0,66.9
Germany,Germany,Training / education,66170000,<n>-capacity development on green energy finance for domestic financiers,1,1939179.0,3.0,66.9
United Kingdom,United Kingdom,Training / education,85000000,"information, advice and guidance service",1,919320.0,2.0,66.9
United Kingdom,United Kingdom,Training / education,80000000,nw<n>-<n> the children and young people (cyp),1,840000.0,2.0,66.9
Ireland,Ireland,Training / education,3100000.0,"the preparation and provision of training services in professional hoof trimming, animal welfare/ husbandry and sustaina",1,1620000.0,2.0,66.9
Germany,Germany,Training / education,71541000,projektleitung sport- und gesundheitsbad flötenteich,1,1669913.0,2.0,66.9
United Kingdom,United Kingdom,Training / education,80411000,id <n> - psni - provision of national driver offender re-training schemes,1,640000.0,3.0,66.9
United Kingdom,United Kingdom,Training / education,NO_CODE,children & young people advocacy and independent visitor services,1,700000.0,2.0,66.9
Germany,Germany,Training / education,71530000,beratungsleistungen und bauherrenvertretung für die energetische sanierung des freizeitbades galaxsea in jena,1,507600.0,3.0,66.9
Germany,Germany,Training / education,80580000,<n>-los <n> tunesien: durchführung von deutsch sprachkursen in tunesien mit dem ziel der vorbereitung und des bestehens ,1,727475.0,3.0,66.9
Ireland,Ireland,Training / education,30200000.0,the supply and delivery of electrical consumables to galway and roscommon education and training board - two (<n>) lots,1,1500000.0,3.0,66.9
Germany,Germany,Training / education,45311200,"thww thw bima abbruch und neubau ov hd elektro-, sicherheits- und informationstechnische anlagen din <n>, <n>",1,555571.43,3.0,66.9
Germany,Germany,Training / education,45311200,"htwk leipzig, geutebrück bau, generalsanierung, funktionsneuordnung",1,1350503.62,2.0,66.9
United Kingdom,United Kingdom,Training / education,NO_CODE,the provision of multi-engine pilot training,1,1826481.8,2.0,66.9
Ireland,Ireland,Training / education,30192130.0,<n> - <n> the supply of arts and crafts equipment/ class materials to cavan and monaghan education and training board,1,550000.0,2.0,66.9
United Kingdom,United Kingdom,Training / education,NO_CODE,city of wolverhampton college mechanical & electrical services,1,681255.0,2.0,66.9
United Kingdom,United Kingdom,Training / education,80300000,international student conversion including admissions support,1,900000.0,2.0,66.9
United Kingdom,United Kingdom,Training / education,85121270,dfp-workplace needs assessments & coaching for neurodivergent employees,1,600000.0,2.0,66.9
United Kingdom,United Kingdom,Training / education,NO_CODE,delivery of level <n> systems thinking practitioner (st<n>) apprenticeship standard to the intelligence corps,1,690000.0,2.0,66.9
Germany,Germany,Training / education,80580000,<n>-los <n> marokko: durchführung von deutsch sprachkursen in marokko mit dem ziel der vorbereitung und des bestehens de,1,516000.0,3.0,66.9
United Kingdom,United Kingdom,Training / education,85312300,appropriate adults services,1,1000000.0,2.0,66.9
United Kingdom,United Kingdom,Training / education,NO_CODE,ultra high temperature material testing load frame and environment system,1,850000.0,2.0,66.9
United Kingdom,United Kingdom,Training / education,80000000,gmca <n> - community grants management agent,1,500000.0,3.0,66.9
Ireland,Ireland,Training / education,50210000.0,"technical training instructors for the technical training school, air corps college",1,919474.0,2.0,66.9
United Kingdom,United Kingdom,Training / education,80000000,t<n> peaceplus community empowerment programme - capacity building,1,903578.0,2.0,66.9
Germany,Germany,Training / education,79611000,"brücke zum beruf: coaching, orientierung, praktika",1,1306470.0,3.0,66.9
Germany,Germany,Training / education,45000000,kita regenbogen; elektrotechnische anlagen,1,1052163.0,2.0,66.9
Germany,Germany,Training / education,30200000,lieferung und einbau eines cpu-clusters,1,1620000.0,2.0,66.9
United Kingdom,United Kingdom,Training / education,NO_CODE,school absence insurance,1,1155895.0,3.0,66.9
Germany,Germany,Training / education,77200000,holzrücken im forstbezirk nordschwarzwald für forstbw,1,782400.0,3.0,66.9
United Kingdom,United Kingdom,Training / education,80510000,environment agency emergency preparedness - lot <n> training and exercising,1,1173500.0,2.0,66.9
United Kingdom,United Kingdom,Training / education,NO_CODE,environment agency electrical training contract,1,500000.0,2.0,66.9
Germany,Germany,Training / education,44610000,rahmenvereinbarung über die lieferung von verpackungsmaterial für gefährliche güter gem. adr,1,517000.0,2.0,66.9
Germany,Germany,Training / education,45000000,neubau mehrzweckhalle burg (spreewald) - los <n>-<n> elektro- und informationstechnik,1,676589.0,3.0,66.9
United Kingdom,United Kingdom,Training / education,85000000,healthwatch richmond and community involvement service,1,860940.0,2.0,66.9
United Kingdom,United Kingdom,Training / education,80000000,prf <n> - bikeability cycle training provider,1,736720.0,2.0,66.9
United Kingdom,United Kingdom,Training / education,85000000,hac<n>: mental health employment service,1,837108.0,3.0,66.9
Germany,Germany,Training / education,45314000,"blb nrw duisburg / duisburg / universität duisburg-essen, campus duisburg / ersatzneubau gebäude le / fernmelde- und inf",1,1168068.33,2.0,66.9
United Kingdom,United Kingdom,Training / education,80000000,blended learning - plymouth,1,1645200.0,3.0,66.9
Germany,Germany,Training / education,72200000,beschaffung von betriebsdienstleistungen sowie beratungs- und unterstützungsleistungen,1,1513000.0,3.0,66.9
United Kingdom,United Kingdom,Training / education,NO_CODE,functional assessment clinical assurance and training services (facats),1,1525000.0,2.0,66.9
Germany,Germany,Training / education,79100000,rahmenvereinbarung juristische beratung zur energietransformation im land brandenburg,1,970000.0,2.0,66.9
Germany,Germany,Training / education,75000000,"""stellung eines brandschutzbeauftragten (m/w/d) gem. vfdb-richtlinie <n> <n>/<n> und dguv information <n>-<n> an den sta",1,952560.0,3.0,66.9
Quebec,Canada - Quebec,Training / education,72100000,guillaume-couture_transformation et réaménagement de l'espace phase iv,1,516093.0,2.0,66.9
Germany,Germany,Training / education,45324000,"<n> - tin neubau tiegelschule, tiegelstr. <n>, <n> essen hier: trockenbauarbeiten",1,1020637.16,3.0,66.9
United Kingdom,United Kingdom,Training / education,NO_CODE,perimeter intrusion detection (pid),1,787000.0,3.0,66.9
Germany,Germany,Training / education,45261410,"zeppelinstraße, lernort zeppelinfeld - <n>_<n>_<n>.<n> dachabdichtung seitenflügel west + ost",1,912357.0,2.0,66.9
Ireland,Ireland,IT / software / cyber,72000000.0,"microsoft cloud, software development, system support and operational services for seai as a managed service",2,6752062.5,4.0,66.88
United Kingdom,United Kingdom,IT / software / cyber,85000000,hac<n> - adult mental health recovery and wellbeing service,1,3771564.0,4.0,66.88
United Kingdom,United Kingdom,IT / software / cyber,NO_CODE,provision of a bus service to kingston university,1,7387772.0,4.0,66.88
Germany,Germany,IT / software / cyber,48000000,oracle - lizenzen und wartung,1,38400000.0,5.0,66.88
Ireland,Ireland,IT / software / cyber,48210000.0,provision of cybersecurity systems and services,1,2319305.7,4.0,66.88
United Kingdom,United Kingdom,IT / software / cyber,51000000,oxlevi – ev charging infrastructure,1,16273313.0,5.0,66.88
United Kingdom,United Kingdom,IT / software / cyber,85000000,gloucestershire county council - children and family centres,1,5000137.5,5.0,66.88
United Kingdom,United Kingdom,IT / software / cyber,72000000,ict hardware & associated services framework,1,180000000.0,4.0,66.88
Germany,Germany,IT / software / cyber,72000000,unterstützungsleistungen für microsoft plattform bezogene softwarebereitstellungs-services - microsoft configmgr-adminis,1,11125941.120000001,4.5,66.88
United Kingdom,United Kingdom,IT / software / cyber,72320000,the provision of data marketplace software development and systems integration,1,4160586.38,4.0,66.88
United Kingdom,United Kingdom,IT / software / cyber,NO_CODE,k<n> tender_<n> - servicenow managed services <n>,1,10000000.0,5.0,66.88
Ireland,Ireland,IT / software / cyber,48000000.0,li<n>f - request for tenders to establish a single supplier framework agreement for the provision of online resources fo,1,7950000.0,5.0,66.88
Germany,Germany,IT / software / cyber,72000000,"öffentliche dienste und verifikation digitaler datenstrukturen, eca-<n>-<n>",1,2592000.0,4.0,66.88
United Kingdom,United Kingdom,IT / software / cyber,72000000,edis-<n>-<n> - provision of a library management system,1,4400000.0,5.0,66.88
United Kingdom,United Kingdom,IT / software / cyber,72260000,cbt - hr and payroll system technology and implementation partner,1,2839591.0,5.0,66.88
Germany,Germany,IT / software / cyber,48000000,rv clientmanagementsoftware,1,2800000.0,4.0,66.88
Germany,Germany,IT / software / cyber,48100000,<n>-nf-red hat,1,125776650.0,4.0,66.88
Germany,Germany,IT / software / cyber,45233293,"erstellung und inbetriebnahme von mindestens <n> stück polleranlagen in hamburg, ersatzteillieferung und bereitstellung ",1,3829047.95,4.0,66.88
Ireland,Ireland,IT / software / cyber,32424000.0,managed service for it operations and helpdesk support to seai,1,2476413.0,4.0,66.88
Ireland,Ireland,IT / software / cyber,72200000.0,the provision of darktrace software reseller services,1,3500000.0,5.0,66.88
United Kingdom,United Kingdom,IT / software / cyber,72000000,id <n> - dof - provision of check services,1,8200000.0,4.0,66.88
United Kingdom,United Kingdom,IT / software / cyber,NO_CODE,local electric vehicle infrastructure (levi) fund - electric vehicle charge point network - concession contract on the i,1,34000000.0,5.0,66.88
Germany,Germany,IT / software / cyber,85147000,gesundheitsmodule,1,31000000.0,3.5,66.88
United Kingdom,United Kingdom,IT / software / cyber,48490000,etendering platform,1,12000000.0,4.0,66.88
United Kingdom,United Kingdom,IT / software / cyber,72421000,growing sussex <n>g innovation region,1,2886781.75,4.0,66.88
United Kingdom,United Kingdom,IT / software / cyber,66523100,multi-provider framework agreement for the provision of pensions administration software primarily in support of the loc,1,300000000.0,5.0,66.88
Ireland,Ireland,IT / software / cyber,72000000.0,proj<n> - ihw<n>f - multi supplier framework agreement for the provision of ict research and advisory services,1,17000000.0,4.0,66.88
United Kingdom,United Kingdom,IT / software / cyber,72000000,ccbt multi treatment platform,1,5445000.0,4.0,66.88
United Kingdom,United Kingdom,IT / software / cyber,48000000,all wales erostering solution,1,16658983.0,5.0,66.88
Germany,Germany,IT / software / cyber,79411100,<n>-piloting of innovative social protection mechanisms in nigeria,1,4451382.67,4.0,66.88
United Kingdom,United Kingdom,IT / software / cyber,NO_CODE,surge laboratory capacity in the event of a health emergency,1,331205000.0,5.0,66.88
United Kingdom,United Kingdom,IT / software / cyber,72000000,"agile product delivery partner (discovery, development, deployment) framework agreement",1,20000000.0,4.0,66.88
United Kingdom,United Kingdom,IT / software / cyber,60112000,"design, supply, maintenance & operation of belfast bikes public hire scheme",1,2209250.0,4.0,66.88
Ireland,Ireland,IT / software / cyber,72000000.0,request for tenders for the provision of an ict solution for the management of earth-systems observations to be installe,1,8206267.0,4.0,66.88
United Kingdom,United Kingdom,IT / software / cyber,72000000,drivers services platform digital delivery assurance,1,5000000.0,4.0,66.88
Germany,Germany,IT / software / cyber,72000000,"rahmenvereinbarung it dienstleistungen - los <n> - beratung architektur, entwicklung von softwarestandards",1,133092687.0,4.0,66.88
United Kingdom,United Kingdom,IT / software / cyber,72000000,p-<n> smartpass bureau service <n>,1,3500000.0,4.0,66.88
Germany,Germany,IT / software / cyber,48710000,rahmenvereinbarung veeam backup solutions,1,13500000.0,4.0,66.88
Germany,Germany,IT / software / cyber,72000000,microsoft lizenzen,1,243052883.0,4.0,66.88
United Kingdom,United Kingdom,IT / software / cyber,72000000,mis/fas in educational establishments framework,1,5600000.0,4.0,66.88
United Kingdom,United Kingdom,IT / software / cyber,50610000,security systems maintenance and support,1,4295813.0,5.0,66.88
Germany,Germany,IT / software / cyber,72000000,"""entwicklung von proof of concepts für ki-anwendungen im behördlichen kontext"", eca-<n>-<n>",1,8400000.0,5.0,66.88
Germany,Germany,IT / software / cyber,48000000,rvautomic<n> - rahmenvereinbarung automic-lizenzen <n>,1,2000000.0,4.0,66.88
United Kingdom,United Kingdom,IT / software / cyber,72000000,england's connected heartland (ech) - railway project,1,2681357.0,5.0,66.88
United Kingdom,United Kingdom,IT / software / cyber,72268000,<n> - dd tail spend managed service provider,1,21600000.0,4.0,66.88
Quebec,Canada - Quebec,IT / software / cyber,43230000,acquisition de licences sous forme d'abonnements adobe cloud entreprise,1,2453853.9,4.0,66.88
Ireland,Ireland,IT / software / cyber,72000000.0,"ict provision for the development/delivery of a database, application(s), and provision of hosting, ict managed service ",1,7611000.0,4.0,66.88
United Kingdom,United Kingdom,IT / software / cyber,72000000,provision of a police and justice text redaction tool,1,10000000.0,5.0,66.88
Germany,Germany,IT / software / cyber,48000000,microsoft handelspartner-rahmenvertrag zu bmi-konditionen,1,8581921.18,4.0,66.88
United Kingdom,United Kingdom,IT / software / cyber,50232100,gmca street lighting electrical connections framework agreement <n> - <n> (<n>),1,15000000.0,5.0,66.88
Ireland,Ireland,IT / software / cyber,72261000.0,dublin city council single party framework for the provision of a fully managed second level enterprise san (storage are,1,5000000.0,5.0,66.88
United Kingdom,United Kingdom,IT / software / cyber,50710000,<n>: life safety systems maintenance,1,2097459.3,5.0,66.88
United Kingdom,United Kingdom,IT / software / cyber,NO_CODE,lessons,1,6531793.57,5.0,66.88
Ireland,Ireland,IT / software / cyber,51610000.0,provision of a network solution for broadband connection points including installation and support along with associated,1,2000000.0,5.0,66.88
United Kingdom,United Kingdom,IT / software / cyber,72260000,provision of a shared alarm receiving centre (arc) technology solution,1,15000000.0,5.0,66.88
Germany,Germany,IT / software / cyber,72000000,it-werkleistungen und it-dienstleistungen für die softwareentwicklung im bereich ibm websphere - restliche bundesverwalt,1,14916900.0,4.0,66.88
Ireland,Ireland,IT / software / cyber,72000000.0,"<n>pr<n> request for tenders (rft) for the provision of software consultancy services to the ntma, as controller and man",1,2000000.0,4.0,66.88
United Kingdom,United Kingdom,IT / software / cyber,NO_CODE,rhul-<n> delivery of a converged media production stage solution for r&d by the uk creative sectors,1,3918669.0,5.0,66.88
United Kingdom,United Kingdom,IT / software / cyber,48400000,provision of financial analytical systems,1,3413475.5,4.0,66.88
Germany,Germany,IT / software / cyber,34923000,"tvz rp, leitwartenausstattung",1,4160269.17,4.0,66.88
United Kingdom,United Kingdom,IT / software / cyber,75240000,national specialist security services,1,20000000.0,5.0,66.88
Ireland,Ireland,IT / software / cyber,72000000.0,hse <n> provision of national estates information system (neis) services for hse,1,7052150.0,4.0,66.88
United Kingdom,United Kingdom,IT / software / cyber,85143000,provision of patient transport services (pts) for the leicestershire integrated board (icb),1,90827087.1,5.0,66.88
Ireland,Ireland,IT / software / cyber,72200000.0,"spfw for the provision of support, maintenance, development and enhancements services for oracle ebs, to include a perio",1,10000000.0,4.0,66.88
Germany,Germany,IT / software / cyber,45000000,"<n> <n> fr, uni, weismannhaus, zlt/mbe-software erneuerung/austausch ga-systeme <n> gebäudeautomation (automationsmanage",1,2396327.67,4.0,66.88
Germany,Germany,IT / software / cyber,72000000,beschaffung eines gesamtsystems (appliance) für die elektronische aufenthaltsüberwachung,1,17494236.0,4.0,66.88
United Kingdom,United Kingdom,IT / software / cyber,72222300,cloud data centre managed service provider for the university of sunderland,1,6250000.0,4.0,66.88
Germany,Germany,IT / software / cyber,50000000,rahmenvereinbarung servicemanagement e/msr-anlagen los <n> bereich ostsachsen und los <n> bereich brandenburg,1,5266181.4,4.0,66.88
United Kingdom,United Kingdom,IT / software / cyber,NO_CODE,community based alternative crisis support service,1,8725633.0,5.0,66.88
United Kingdom,United Kingdom,IT / software / cyber,48100000,highways asset management system (hams),1,10000000.0,4.0,66.88
Germany,Germany,IT / software / cyber,48300000,software zur automatisierten erstellung barrierefreier pdf dokumente,1,69945000.0,4.0,66.88
Ireland,Ireland,IT / software / cyber,72000000.0,rft for the provision of a team of ict technical resources to provide application maintenance support services to an gar,1,120000000.0,4.0,66.88
United Kingdom,United Kingdom,IT / software / cyber,72212100,nav<n> upgrade to business central - system implementation and support partner,1,2070061.78,5.0,66.88
Germany,Germany,IT / software / cyber,72000000,chatbots für die bundesverwaltung,1,45000000.0,5.0,66.88
United Kingdom,United Kingdom,IT / software / cyber,72000000,swast-<n>-ddat computer aided dispatch (cad),1,2400000.0,4.0,66.88
United Kingdom,United Kingdom,IT / software / cyber,72261000,oracle fusion support,1,3000000.0,4.0,66.88
Ireland,Ireland,IT / software / cyber,72212311.0,it<n>f - rft to establish a single supplier framework agreement for the provision of an official certified digital docum,1,2300000.0,4.0,66.88
United Kingdom,United Kingdom,IT / software / cyber,NO_CODE,nhs north east london icb independent placement service,1,2453956.0,4.0,66.88
Germany,Germany,IT / software / cyber,72268000,"""rahmenvertrag red hat-lizenzprodukte"", eca-<n>-<n>",1,66000000.0,4.0,66.88
Germany,Germany,IT / software / cyber,72000000,maßnahme e-payment: softwareentwicklungs- und supportleistungen für den standardwebshop bund (swb),1,16502600.0,5.0,66.88
United Kingdom,United Kingdom,IT / software / cyber,42416300,the provision of track hoist systems,1,18521289.5,5.0,66.88
Ireland,Ireland,IT / software / cyber,50312610.0,single party framework for the provision of temporary ict resources to the irish horseracing regulatory board and horse ,1,3000000.0,5.0,66.88
Quebec,Canada - Quebec,IT / software / cyber,43000000,fourniture sur demande de périphériques et accessoires informatiques,1,2183638.34,4.0,66.88
Germany,Germany,IT / software / cyber,48000000,<n>-nr-bw-videoplattform,1,4099445.45,4.0,66.88
United Kingdom,United Kingdom,IT / software / cyber,85000000,children and family centres - gloucester city and the forest of dean,1,7733800.0,4.0,66.88
Germany,Germany,IT / software / cyber,32000000,rv systemintegration und servicedienstleistungen audiovisuelle kommunikationstechnik (avk),1,2236457.9,4.0,66.88
United Kingdom,United Kingdom,IT / software / cyber,48000000,provision of a blood establishment computer system (becs) on behalf of the welsh blood service,1,6493564.0,4.0,66.88
United Kingdom,United Kingdom,Creative / communications / print,NO_CODE,boathouse <n>- exhibition design & build appointment (itt),1,3746474.0,2.0,66.84
Ireland,Ireland,Creative / communications / print,79340000.0,mmp<n>f framework agreement for media buying services (public information notices) for the public sector,1,35000000.0,3.0,66.84
United Kingdom,United Kingdom,Creative / communications / print,34500000,shipyard detailed design and build contract of ropax vessels,1,99020000.0,2.0,66.84
United Kingdom,United Kingdom,Creative / communications / print,50000000,<n> - damp and mould remedial works,1,4523830.0,2.0,66.84
United Kingdom,United Kingdom,Creative / communications / print,85312320,independent domestic violence advisory (idva) services for north wales,1,5513482.0,2.0,66.84
United Kingdom,United Kingdom,Creative / communications / print,NO_CODE,e scooter trial phase <n>,1,17640000.0,3.0,66.84
United Kingdom,United Kingdom,Creative / communications / print,35710000,mobilising system,1,7182000.0,2.0,66.84
United Kingdom,United Kingdom,Creative / communications / print,NO_CODE,"innovation hub, watford borough council",1,4500000.0,3.0,66.84
Germany,Germany,Creative / communications / print,73000000,cora drug product + phase <n>,1,3083170.65,2.0,66.84
Quebec,Canada - Quebec,Creative / communications / print,72101518,location de solutions d'alimentation électrique pour des sites de radiocommunication du mcn,1,2282500.0,2.0,66.84
United Kingdom,United Kingdom,Creative / communications / print,85000000,bhcc hzp ageing well <n>,1,3317742.0,2.0,66.84
United Kingdom,United Kingdom,Creative / communications / print,79000000,ukspf: e<n> - innovation ecosystem navigation service,1,5775000.0,2.0,66.84
United Kingdom,United Kingdom,Creative / communications / print,NO_CODE,har<n> copenhagen place main works,1,8000000.0,3.0,66.84
United Kingdom,United Kingdom,Creative / communications / print,79000000,gp patient survey <n>-<n>,1,19936595.0,3.0,66.84
United Kingdom,United Kingdom,Creative / communications / print,NO_CODE,medical provision for the british antarctic survey,1,9000000.0,2.0,66.84
United Kingdom,United Kingdom,Creative / communications / print,45300000,lcr public sector decarbonisation scheme phase <n>c,1,9961860.0,3.0,66.84
Germany,Germany,Creative / communications / print,50700000,sitec <n>-<n>,1,29872649.0,2.0,66.84
United Kingdom,United Kingdom,Creative / communications / print,30197630,nepo<n> - volume cut sized paper and production specialist paper,1,12000000.0,3.0,66.84
United Kingdom,United Kingdom,Creative / communications / print,NO_CODE,crompton place - development partner procurement,1,20000000.0,2.0,66.84
United Kingdom,United Kingdom,Creative / communications / print,NO_CODE,primary care healthcare waste collection and disposal service to general practice and community pharmacy for nhs devon i,1,5996737.5,3.0,66.84
United Kingdom,United Kingdom,Creative / communications / print,73200000,"dfe - invest ni - design, management and delivery of the accelerator programme",1,2340000.0,2.0,66.84
United Kingdom,United Kingdom,Creative / communications / print,79000000,supply of school resource management adviser (srma) programme,1,7004899.0,3.0,66.84
United Kingdom,United Kingdom,Creative / communications / print,NO_CODE,insurance & benefits brokerage​,1,12000000.0,2.0,66.84
United Kingdom,United Kingdom,Creative / communications / print,45314300,"design, operate and maintain a solar farm with private wire connection at coed ely",1,8611910.0,2.0,66.84
United Kingdom,United Kingdom,Creative / communications / print,24111900,"design, supply, installation & commissioning of an on-site oxygen storage and generation capability",1,4000000.0,2.0,66.84
United Kingdom,United Kingdom,Creative / communications / print,79930000,"theatre, lighting and seating consultant services",1,4205000.0,2.0,66.84
United Kingdom,United Kingdom,Creative / communications / print,75211200,https://fcdo.bravosolution.co.uk/,1,4771000.0,2.0,66.84
United Kingdom,United Kingdom,Creative / communications / print,NO_CODE,term service contract for the clearance of housing and corporate properties plus cleaning and sanitation works,1,3300000.0,3.0,66.84
United Kingdom,United Kingdom,Creative / communications / print,50883000,"kitchen maintenance, service and repair",1,10000000.0,3.0,66.84
United Kingdom,United Kingdom,Creative / communications / print,NO_CODE,"the provisions for services to collect, transport, store and process existing high activity sealed radioactive sources (",1,4500000.0,2.0,66.84
Quebec,Canada - Quebec,Creative / communications / print,82100000,réalisation de campagnes publicitaires et d’activités de communication (<n>e etape),1,4392000.0,3.0,66.84
Ireland,Ireland,Creative / communications / print,44112100.0,"supply, installation, maintenance and advertising rights of bus shelters",1,120000000.0,3.0,66.84
United Kingdom,United Kingdom,Creative / communications / print,43800000,glovebox capability,1,11014162.16,2.0,66.84
United Kingdom,United Kingdom,Creative / communications / print,44212321,"cpu <n> bus shelter & free-standing unit supply, maintenance, and advertising",1,14160000.0,3.0,66.84
United Kingdom,United Kingdom,Creative / communications / print,79800000,secure printing and results processing for registration exams,1,2700000.0,3.0,66.84
United Kingdom,United Kingdom,Creative / communications / print,85112000,provision of patient transport services (pts) for the cambridgeshire and peterborough integrated care board (icb,1,32572803.02,2.0,66.84
United Kingdom,United Kingdom,Creative / communications / print,85100000,west wales regional dementia wellbeing connector service,1,3041960.0,2.0,66.84
United Kingdom,United Kingdom,Creative / communications / print,85000000,north northamptonshire council integrated sexual health services,1,17000000.0,2.0,66.84
Ireland,Ireland,Creative / communications / print,71311200.0,request for tenders for information and communications technologies (ict) support and system development services for na,1,6500000.0,2.0,66.84
Quebec,Canada - Quebec,Creative / communications / print,82121506,impression et distribution de documents d’avis d’appels d’offres,1,4663269.0,2.0,66.84
United Kingdom,United Kingdom,Creative / communications / print,NO_CODE,"mast-u pc, p<n> & p<n> coil power supplies",1,3494292.0,2.0,66.84
United Kingdom,United Kingdom,Creative / communications / print,45310000,mtc for replacement controlled door entry systems; <n> - <n> (ho de <n> <n>),1,7000000.0,2.0,66.84
United Kingdom,United Kingdom,Creative / communications / print,NO_CODE,barrier safety improvement scheme,1,4154902.57,2.0,66.84
United Kingdom,United Kingdom,Creative / communications / print,NO_CODE,imat catering tender,1,6138646.0,3.0,66.84
United Kingdom,United Kingdom,Creative / communications / print,79952000,p-<n> winter light trail installation event at heaton park,1,8765654.95,2.0,66.84
United Kingdom,United Kingdom,Creative / communications / print,44530000,the supply of fasteners,1,2500000.0,3.0,66.84
United Kingdom,United Kingdom,Creative / communications / print,85141000,east berkshire children and young people therapy services,1,27379611.0,2.0,66.84
United Kingdom,United Kingdom,Creative / communications / print,85100000,devon icb - children and young people's (cyp) admission avoidance and discharge support service,1,2115000.0,3.0,66.84
United Kingdom,United Kingdom,Creative / communications / print,90510000,"the provision of services for the receipt, storage, bulking and transfer of municipal waste",1,10000000.0,2.0,66.84
United Kingdom,United Kingdom,Creative / communications / print,73000000,ukri-<n> iuk zerfd rft independent design and evaluation,1,2098389.83,3.0,66.84
United Kingdom,United Kingdom,Creative / communications / print,85323000,sc<n> -parent infant mental health service (pimhs),1,2160529.46,2.0,66.84
United Kingdom,United Kingdom,Creative / communications / print,NO_CODE,cumbria substance use: treatment service,1,56000000.0,2.0,66.84
United Kingdom,United Kingdom,Creative / communications / print,65100000,water supply and services framework,1,400000000.0,2.0,66.84
United Kingdom,United Kingdom,Creative / communications / print,NO_CODE,bus shelters concessions contract,1,8750000.0,2.0,66.84
United Kingdom,United Kingdom,Creative / communications / print,85000000,"nhs devon icb, children & young people's community based emotional wellbeing & mental health services",1,6997437.0,3.0,66.84
Ireland,Ireland,Creative / communications / print,64200000.0,processing of garda vetting applications on behalf of early learning and school age childcare service providers and dced,1,2000000.0,2.0,66.84
Germany,Germany,Creative / communications / print,79952100,planung und umsetzung einer video- und konzertproduktion sowie der technischen infrastruktur im rahmen des projekts <n> ,1,2516000.0,2.0,66.84
United Kingdom,United Kingdom,Creative / communications / print,35111000,the supply of rn between decks firefighting ensemble,1,2200000.0,3.0,66.84
Germany,Germany,Creative / communications / print,72000000,"it-anwenderbetreuung der mitglieder des deutschen bundestages und ihrer mitarbeitenden, it-prozessdesign sowie it-schulu",1,3828949.0,2.0,66.84
United Kingdom,United Kingdom,Creative / communications / print,85323000,community equipment service - east riding of yorkshire& hull,1,45489240.0,3.0,66.84
United Kingdom,United Kingdom,Creative / communications / print,NO_CODE,msdc - cultural operator for the redevelopment and operation of the clair hall site in perrymount road haywards heath,1,38016666.0,3.0,66.84
Quebec,Canada - Quebec,Creative / communications / print,83110000,"services de télécommunications cellulaires, incluant les équipements et travaux connexes",1,3680530.94,2.0,66.84
United Kingdom,United Kingdom,Creative / communications / print,NO_CODE,purchase of fire appliances,1,20000000.0,2.0,66.84
United Kingdom,United Kingdom,Creative / communications / print,15000000,multi-temperature food <n>,1,23295000.0,3.0,66.84
United Kingdom,United Kingdom,Creative / communications / print,85300000,financial support services,1,7955750.0,3.0,66.84
United Kingdom,United Kingdom,Creative / communications / print,80000000,educational psychologist training,1,17042037.494999997,3.0,66.84
United Kingdom,United Kingdom,Creative / communications / print,79970000,"sppd - publishing, print, design & associated services (ppdas) <n>",1,40000000.0,2.0,66.84
Germany,Germany,Creative / communications / print,72268000,digitales bürgeramt mit video-beratung,1,8800000.0,3.0,66.84
United Kingdom,United Kingdom,Creative / communications / print,79341000,the supply and maintenance of street furniture with or without advertising,1,3200000.0,3.0,66.84
United Kingdom,United Kingdom,Creative / communications / print,NO_CODE,fidelity assurance,1,11750000.0,2.0,66.84
United Kingdom,United Kingdom,Creative / communications / print,NO_CODE,"t<n> - high voltage & associated low voltage equipment (supply, design & maintenance)",1,2500000.0,2.0,66.84
United Kingdom,United Kingdom,Creative / communications / print,NO_CODE,bus shelter infrastructure framework,1,21500000.0,3.0,66.84
Quebec,Canada - Quebec,Creative / communications / print,14111507,papier d'impression haut volume,1,80541222.95,2.0,66.84
United Kingdom,United Kingdom,Creative / communications / print,NO_CODE,catering services contract for new college swindon,1,3600000.0,3.0,66.84
United Kingdom,United Kingdom,Creative / communications / print,98000000,domestic abuse services,1,16831629.0,2.0,66.84
United Kingdom,United Kingdom,Creative / communications / print,NO_CODE,resilience and essential needs support scheme,1,3575000.0,2.0,66.84
United Kingdom,United Kingdom,Creative / communications / print,14410000,rock salt,1,261000000.0,2.0,66.84
United Kingdom,United Kingdom,Creative / communications / print,85100000,"cheshire east paediatric speech, language & communication service",1,18750920.0,3.0,66.84
Quebec,Canada - Quebec,Creative / communications / print,14111500,papier d'impression haut volume,1,52427404.35,3.0,66.84
Ireland,Ireland,Creative / communications / print,38221000.0,"dublin city council - single party framework agreement for the provision of support, maintenance, licences and professio",1,2000000.0,2.0,66.84
United Kingdom,United Kingdom,Creative / communications / print,85130000,mandatory dental services in chard and crewkerne to nhs somerset integrated care board (icb),1,6882630.5,2.0,66.84
United Kingdom,United Kingdom,Creative / communications / print,NO_CODE,semington main contractor,1,5494881.0,2.0,66.84
United Kingdom,United Kingdom,Creative / communications / print,85000000,mental health transformation project,1,16699114.0,3.0,66.84
United Kingdom,United Kingdom,Creative / communications / print,79540000,language services lot <n>,1,15400000.0,2.0,66.84
United Kingdom,United Kingdom,Creative / communications / print,71315000,asset safety and compliance framework,1,15000000.0,3.0,66.84
Germany,Germany,Creative / communications / print,85100000,telemedizinische behandlung,1,3600000.0,2.0,66.84
United Kingdom,United Kingdom,Creative / communications / print,85100000,children and young people's community immunisation service in london,1,20119876.0,3.0,66.84
United Kingdom,United Kingdom,Creative / communications / print,85100000,men's crisis house in bristol,1,4780000.0,3.0,66.84
United Kingdom,United Kingdom,Creative / communications / print,45214631,"provision of clean room design, build & validation services",1,5704725.0,3.0,66.84
United Kingdom,United Kingdom,Creative / communications / print,30200000,t<n>/<n> further competition for hpc cluster under sssna lot <n>,1,6000000.0,3.0,66.84
United Kingdom,United Kingdom,Creative / communications / print,98000000,tc<n> - bolton care and repair services contract,1,3414776.99,3.0,66.84
United Kingdom,United Kingdom,Creative / communications / print,79340000,"contract for the provision of integrated mass media, creative and advertising agency for fresh & balance",1,6000000.0,3.0,66.84
United Kingdom,United Kingdom,Creative / communications / print,60000000,fcdo transport advisory service for major events <n> - <n>,1,3200000.0,3.0,66.84
Germany,Germany,Creative / communications / print,72000000,redesign geodaten (hvbg),1,12400000.0,3.0,66.84
United Kingdom,United Kingdom,Creative / communications / print,NO_CODE,har<n> st georges new build,1,60000000.0,3.0,66.84
United Kingdom,United Kingdom,Creative / communications / print,45310000,mtc for electrical upgrade works to nlc low rise block communal areas; <n> - <n> (ho rw <n> <n>),1,5000000.0,3.0,66.84
United Kingdom,United Kingdom,Creative / communications / print,44212321,"contract for the supply, installation, maintenance and repair of bus shelters",1,2500000.0,2.0,66.84
Quebec,Canada - Quebec,Creative / communications / print,82101801,réalisation de campagnes publicitaires et d’autres activités de communication pour un client du cag (rbq),1,2100000.0,3.0,66.84
Ireland,Ireland,Creative / communications / print,79416000.0,multi party framework for the provision of external advisory and advocacy services,1,2500000.0,3.0,66.84
United Kingdom,United Kingdom,Creative / communications / print,85300000,<n> support service for carers in aberdeenshire,1,3615497.0,2.0,66.84
United Kingdom,United Kingdom,Creative / communications / print,03419000,the supply of timber,1,6000000.0,3.0,66.84
Ireland,Ireland,Creative / communications / print,32300000.0,request for tenders for the provision of digital audio recording solution and related services for the houses of the oir,1,7500000.0,2.0,66.84
United Kingdom,United Kingdom,Creative / communications / print,50000000,responsive repair service for occupied and unoccupied (void) properties,1,2803433.855,3.0,66.84
United Kingdom,United Kingdom,Creative / communications / print,NO_CODE,co<n>a film location contract,1,4500000.0,3.0,66.84
United Kingdom,United Kingdom,Creative / communications / print,75122000,critical care transfer coordination service (call handling) - east midlands,1,4149418.0,3.0,66.84
United Kingdom,United Kingdom,Creative / communications / print,85100000,international nurses accommodation,1,14406000.0,2.0,66.84
United Kingdom,United Kingdom,Creative / communications / print,NO_CODE,dwp estates <n> strategic pipeline optimisation programme (spop),1,22000000.0,3.0,66.84
Germany,Germany,Creative / communications / print,45314000,inspizientenanlage,1,3633335.67,3.0,66.84
United Kingdom,United Kingdom,Creative / communications / print,39220000,ypo - <n> polycarbonate tablewear,1,2000000.0,2.0,66.84
United Kingdom,United Kingdom,Creative / communications / print,85120000,provision of primary care medical services from spring house medical centre,1,8674545.0,2.0,66.84
United Kingdom,United Kingdom,Creative / communications / print,NO_CODE,pan<n> - lmag voices of leicester exhibition design and fit out,1,2604275.0,2.0,66.84
United Kingdom,United Kingdom,Creative / communications / print,NO_CODE,re-tender for the provision of housing-related support service for children in care and care leavers (<n>-<n> years old),1,2705866.0,3.0,66.84
United Kingdom,United Kingdom,Creative / communications / print,85141000,urgent care centre - reading,1,3239563.0,2.0,66.84
United Kingdom,United Kingdom,Creative / communications / print,50244000,hm cutters - ships life extension programme,1,2736212.52,2.0,66.84
Germany,Germany,Creative / communications / print,63120000,lager- und logistikleistungen für das goethe-institut,1,5760988.64,1.5,66.84
United Kingdom,United Kingdom,Creative / communications / print,34000000,"supply, installation and maintenance of bus shelters and information panels",1,5214000.0,3.0,66.84
United Kingdom,United Kingdom,Creative / communications / print,98351110,parking enforcement and associated services,1,13000000.0,3.0,66.84
Germany,Germany,Creative / communications / print,30213000,rahmenvertrag apple <n>,1,3213664.0,3.0,66.84
Ireland,Ireland,Creative / communications / print,22462000.0,the provision of a managed service to deliver all aspects of the census <n> publicity campaign,1,3221940.0,3.0,66.84
United Kingdom,United Kingdom,Creative / communications / print,79341000,id <n> - dfe - advertising and related services,1,4000000.0,3.0,66.84
United Kingdom,United Kingdom,Creative / communications / print,NO_CODE,"city place, chester – main contractor",1,27321514.0,2.0,66.84
United Kingdom,United Kingdom,Creative / communications / print,NO_CODE,residential ev chargers concession contract - <n>,1,36884282.0,2.0,66.84
United Kingdom,United Kingdom,Creative / communications / print,NO_CODE,provision of bikeability cycle training on merseyside <n>,1,4000000.0,2.0,66.84
United Kingdom,United Kingdom,Creative / communications / print,32500000,provision of surrey police and sussex police standby dr solution,1,19474093.0,2.0,66.84
United Kingdom,United Kingdom,Creative / communications / print,64200000,telecommunications framework,1,8000000.0,3.0,66.84
United Kingdom,United Kingdom,Creative / communications / print,NO_CODE,publications support and development <n>,1,10500000.0,3.0,66.84
United Kingdom,United Kingdom,Creative / communications / print,NO_CODE,the supply of locking devices,1,105000000.0,2.0,66.84
United Kingdom,United Kingdom,Creative / communications / print,NO_CODE,cumbria substance use: engagement and recovery support service,1,24000000.0,3.0,66.84
United Kingdom,United Kingdom,Creative / communications / print,NO_CODE,prn<n>,1,4083500.0,2.0,66.84
United Kingdom,United Kingdom,Creative / communications / print,64200000,fibre and cellular connectivity partner,1,10000000.0,2.0,66.84
United Kingdom,United Kingdom,Creative / communications / print,45262650,contract for façade cladding remedial works at northumbria specialist emergency care hospital,1,12473114.09,2.0,66.84
United Kingdom,United Kingdom,Creative / communications / print,32321200,my world systems integrator,1,4030000.0,3.0,66.84
United Kingdom,United Kingdom,Creative / communications / print,NO_CODE,evidence-based early years maths programme,1,4407915.0,2.0,66.84
United Kingdom,United Kingdom,Creative / communications / print,50118200,vehicle roadside recovery and repair services,1,3311233.1,2.0,66.84
United Kingdom,United Kingdom,Creative / communications / print,NO_CODE,the supply of batteries and associated product – air related,1,2210000.0,3.0,66.84
United Kingdom,United Kingdom,Creative / communications / print,85000000,provision for a care and support service - extra care housing lot <n>,1,3570000.0,3.0,66.84
Quebec,Canada - Quebec,Creative / communications / print,81110000,entretien et évolution des applications et des sites internet du ministère de la culture et des communications,1,2799997.2,3.0,66.84
United Kingdom,United Kingdom,Creative / communications / print,85000000,ia<n> communicator guide,1,3304086.0,2.0,66.84
Ireland,Ireland,Creative / communications / print,63120000.0,"cs/<n>/<n> single party framework agreement for design, print and logistic services",1,4000000.0,3.0,66.84
United Kingdom,United Kingdom,Creative / communications / print,85323000,"cn<n> (previously sc<n>) therapies - sen, adoption support service and vsk",1,13020000.0,2.0,66.84
Quebec,Canada - Quebec,Creative / communications / print,72190000,"travaux d’égout, de conduite d’eau, de voirie, d’éclairage, de feux de circulation et d’utilités publiques (csem, bell, ",1,16797453.3,3.0,66.84
United Kingdom,United Kingdom,Creative / communications / print,85312300,semg mediation and disagreement resolution service,1,4793750.0,2.0,66.84
United Kingdom,United Kingdom,Creative / communications / print,15100000,ccs<n> supply and delivery of frozen food,1,45000000.0,3.0,66.84
United Kingdom,United Kingdom,Creative / communications / print,NO_CODE,strategic asset management services,1,800000000.0,3.0,66.84
Quebec,Canada - Quebec,Creative / communications / print,43000000,fourniture d'équipements de télésurveillance pour les sites de télécommunications,1,3551876.585,2.0,66.84
United Kingdom,United Kingdom,Creative / communications / print,NO_CODE,"<n> design, supply, delivery, installation and maintenance of an agile multifunctional composite automation cell",1,11000452.04,3.0,66.84
United Kingdom,United Kingdom,Creative / communications / print,79340000,ccsw - marketing out of home (ooh) framework - itt,1,3000000.0,3.0,66.84
Ireland,Ireland,Creative / communications / print,79340000.0,"request for tenders for the provision of media strategy, planning and buying services",1,3600000.0,2.0,66.84
Quebec,Canada - Quebec,Training / education,43233205,"acquisition de certificats de sécurité incluant la console, la formation et le service de maintenance et d’assistance te",2,964641.1799999999,1.0,66.8
Germany,Germany,IT / software / cyber,72240000,daklif - datenplattform für klimaneutrales fliegen,2,312000.0,1.0,66.8
United Kingdom,United Kingdom,IT / software / cyber,72000000,nutanix hardware and software,1,820199.14,2.0,66.8
Germany,Germany,IT / software / cyber,48000000,software zur abbildung und bearbeitung einer organisationseinheit,1,399600.0,1.0,66.8
Ireland,Ireland,IT / software / cyber,48430000.0,fcc/<n>/<n>.f establishment of a single party framework for the provision of a stock control management system for finga,1,220000.0,1.0,66.8
United Kingdom,United Kingdom,IT / software / cyber,31682210,multi-user vector and network analysis (vsna) instrumentation,1,200000.0,1.0,66.8
Ireland,Ireland,IT / software / cyber,50312610.0,ucdopp<n> mis support services to university college dublin,1,140000.0,1.0,66.8
Germany,Germany,IT / software / cyber,72000000,topdeutschland,1,168067.23,1.0,66.8
Germany,Germany,IT / software / cyber,48000000,luftgekühltes spinnaker<n>-system und benchmarking,1,263430.0,1.0,66.8
Ireland,Ireland,IT / software / cyber,72000000.0,dublin city council single party framework agreement for the provision of licensing support maintenance and development ,1,450000.0,1.0,66.8
Germany,Germany,IT / software / cyber,34000000,geschwindigkeitsmesssystem mit fahrzeug und software,1,388393.0,1.0,66.8
Germany,Germany,IT / software / cyber,30233120,"lieferung und einrichtung von <n> server für nutanix virtualisierung, citrixxen und backup inkl. tape library",1,233317.79,1.0,66.8
Germany,Germany,IT / software / cyber,16000000,feldrobotik in der landwirtschaftlichen & landtechnischen ausbildung (filla),1,298385.01,1.0,66.8
United Kingdom,United Kingdom,IT / software / cyber,85322000,t<n>-<n>bus peaceplus columba journey,1,146971.0,1.0,66.8
United Kingdom,United Kingdom,IT / software / cyber,48730000,open-source vulnerability management tool and dast (dynamic application security testing) tool,1,924801.0,2.0,66.8
United Kingdom,United Kingdom,IT / software / cyber,79342000,support for delivering safety communications for mhra,1,375000.0,1.0,66.8
Ireland,Ireland,IT / software / cyber,48211000.0,placement management system for trinity college dublin,1,230000.0,1.0,66.8
Ireland,Ireland,IT / software / cyber,48000000.0,<n>pr<n> request for quotations (rfq) for the provision of accellion kiteworks licenses and support renewals to the nati,1,189827.0,1.0,66.8
United Kingdom,United Kingdom,IT / software / cyber,72260000,mendix platform hosting licences for <n> years,1,562666.4,2.0,66.8
Ireland,Ireland,IT / software / cyber,72000000.0,"provision of support for opentext teleform forms processing system, support for opentext capture center processing syste",1,328000.0,1.0,66.8
Germany,Germany,IT / software / cyber,42990000,"lieferung und installation der analytischen komponenten eds (energy dispersive x-ray spectroscopy), ebsd (electron backs",1,267750.0,1.0,66.8
Quebec,Canada - Quebec,IT / software / cyber,72102208,câblage informatique structuré,1,240960.16,1.0,66.8
United Kingdom,United Kingdom,IT / software / cyber,79980000,garden & business waste and additional bin permit subscription service,1,334750.0,1.0,66.8
United Kingdom,United Kingdom,IT / software / cyber,85322000,"tender for the design, development, delivery and evaluation of a peaceplus 'action volunteer support' programme - <n> tn",1,293345.0,1.0,66.8
Germany,Germany,IT / software / cyber,72267000,wartungsleistung hpss software,1,335437.5,1.0,66.8
Germany,Germany,IT / software / cyber,72000000,weiterentwicklung software,1,250000.0,1.0,66.8
Germany,Germany,IT / software / cyber,34971000,enforcement trailer,1,277643.5,1.0,66.8
United Kingdom,United Kingdom,IT / software / cyber,39121100,university of st andrews: design & manufacture of safepoint desks,1,378799.6,1.0,66.8
Ireland,Ireland,IT / software / cyber,72000000.0,"single party framework agreement for the provision of licencing management, support, development and training services f",1,139445.0,1.0,66.8
Germany,Germany,IT / software / cyber,38400000,"kauf, lieferung und installation eines pump-probe transient mir-absorption spektrometers",1,263024.37,1.0,66.8
Germany,Germany,IT / software / cyber,30000000,einkauf eines pathologiesystems - klinikum magdeburg ggmbh,1,160000.0,1.0,66.8
Ireland,Ireland,IT / software / cyber,48311000.0,imanage essentials edition - on premise version <n> year software,1,140105.88,1.0,66.8
United Kingdom,United Kingdom,IT / software / cyber,48000000,nexus backup and recovery solution,1,844406.91,2.0,66.8
Germany,Germany,IT / software / cyber,48611000,lizenzen der datenbanksystemsoftware edb postgres advanced server mit premium support,1,300800.0,1.0,66.8
United Kingdom,United Kingdom,IT / software / cyber,72000000,parking management system - pcn and permits,1,177000.0,1.0,66.8
Ireland,Ireland,IT / software / cyber,72212521.0,donegal county council turn up the volume countywide peaceplus programme,1,200000.0,1.0,66.8
Germany,Germany,IT / software / cyber,48820000,server und zubehör für eine microcloud,1,134400.0,1.0,66.8
Germany,Germany,IT / software / cyber,48613000,fachanwendung für ein verzeichnis der berufsausbildungsverhältnisse für das bva,1,450000.0,0.0,66.8
Germany,Germany,IT / software / cyber,50333000,instandhaltungsleistungen inkl. software assurance einer bestehenden telefonanalage,1,184200.0,1.0,66.8
Germany,Germany,IT / software / cyber,50313200,bereitstellung und wartung multifunktionaler druck- und kopiergeräte für die lmbv,1,100538.9,1.0,66.8
United Kingdom,United Kingdom,IT / software / cyber,72000000,"business integration service for finance, payroll and hr solution",1,1717400.0,2.0,66.8
Germany,Germany,IT / software / cyber,64210000,bereitstellung der datenstrecken berlin-brüssel-münchen-nürnberg-kaufbeuren-prag für die bayer. staatskanzlei,1,365000.0,1.0,66.8
Germany,Germany,IT / software / cyber,32332100,spracherkennungssoftware und diktiergeräte,1,335900.0,1.0,66.8
United Kingdom,United Kingdom,IT / software / cyber,72210000,further competition for prescribing decision support software,1,855400.7,3.0,66.8
United Kingdom,United Kingdom,IT / software / cyber,NO_CODE,police service of northern ireland (psni) – information and communications services (ics) – the provision of autodesk li,1,250000.0,1.0,66.8
Germany,Germany,IT / software / cyber,38430000,lieferung eines vektoriellen netzwerkanalysators,1,114711.0,1.0,66.8
Germany,Germany,IT / software / cyber,39134000,"lieferung, montage und inbetriebnahme von systemen zur mobilen visite",1,216674.37,1.0,66.8
Germany,Germany,IT / software / cyber,33155000,zweibeiniger roboter mit experimentalumgebung,1,164250.34,1.0,66.8
Germany,Germany,IT / software / cyber,48000000,software jboss eap,1,111836.34,1.0,66.8
Ireland,Ireland,IT / software / cyber,72222300.0,"cft <n> - provision of an end-to-end managed service for the management, support, and maintenance of public access hardw",1,435280.0,1.0,66.8
Quebec,Canada - Quebec,IT / software / cyber,81110000,surveillance en cybersécurité,1,353000.0,1.0,66.8
United Kingdom,United Kingdom,IT / software / cyber,72000000,client management system for residential services,1,132000.0,1.0,66.8
United Kingdom,United Kingdom,IT / software / cyber,50000000,maintenance of cctv equipment,1,194000.0,1.0,66.8
United Kingdom,United Kingdom,IT / software / cyber,48610000,curriculum data management system,1,594000.0,2.0,66.8
United Kingdom,United Kingdom,IT / software / cyber,72000000,the provision of maintenance on existing real time bus information displays,1,320000.0,1.0,66.8
United Kingdom,United Kingdom,IT / software / cyber,72212211,neurodiversity assessment platform,1,135000.0,1.0,66.8
Germany,Germany,IT / software / cyber,72267000,rahmenvertrag für die elo dms wartung mit unterstützungsleistungen,1,307806.83,1.0,66.8
Ireland,Ireland,IT / software / cyber,30200000.0,ict services tender document,1,158400.0,1.0,66.8
Germany,Germany,IT / software / cyber,32424000,lieferung switche für die anbindung der schulen <n>,1,493916.64,1.0,66.8
United Kingdom,United Kingdom,IT / software / cyber,48000000,microsoft ees licenses,1,1905288.84,3.0,66.8
Ireland,Ireland,IT / software / cyber,72000000.0,"rft for the provision of maintenance, support and enhancement services for the radio licencing, and epirb registration s",1,430500.0,1.0,66.8
Germany,Germany,IT / software / cyber,72260000,beschaffung nachfolgelösung tdms,1,630160.0,2.0,66.8
Ireland,Ireland,IT / software / cyber,48000000.0,tender for the provision of the national roll-out of a skills needs assessment with integrated personalised learning eng,1,137700.0,1.0,66.8
Germany,Germany,IT / software / cyber,48000000,überlassung und pflege von lizenzen,1,471410.0,1.0,66.8
Ireland,Ireland,IT / software / cyber,48000000.0,"<n>pr<n> request for tenders (rft) for the provision of infor fms sunsystems and infor qa licenses, support and maintena",1,260100.0,1.0,66.8
United Kingdom,United Kingdom,IT / software / cyber,72000000,was-ojeu-<n> - wast hart - incident ground technology <n>rd edition (igt<n>),1,324395.0,1.0,66.8
United Kingdom,United Kingdom,IT / software / cyber,50324100,it services: access control system maintenance and installation services,1,274358.37,1.0,66.8
Germany,Germany,IT / software / cyber,79571000,rahmenvertrag für die bereitstellung eines hybriden postversand,1,198588.96,1.0,66.8
Ireland,Ireland,IT / software / cyber,72000000.0,it<n>c - rft for the provision of a workload model software for the university of galway,1,220718.43,1.0,66.8
Ireland,Ireland,IT / software / cyber,72200000.0,call for tender for the provision of microsoft dynamics nav support and maintenance,1,110000.0,1.0,66.8
Ireland,Ireland,IT / software / cyber,71621000.0,rft <n>/<n>dl for network and project management services for tech north west skillnet on behalf of atlantic technologic,1,180000.0,1.0,66.8
Germany,Germany,IT / software / cyber,35111100,ersatzbeschaffung einer atemschutz-übungsanlage,1,216190.0,1.0,66.8
United Kingdom,United Kingdom,IT / software / cyber,72212514,lone and remote working solution with integrated alarm receiving centre,1,196461.6,1.0,66.8
Ireland,Ireland,IT / software / cyber,48000000.0,cork county council wish to renew our current trellix endpoint security licensing,1,122800.0,1.0,66.8
Germany,Germany,IT / software / cyber,31600000,virtueller sandkasten,1,250201.17,1.0,66.8
Germany,Germany,IT / software / cyber,72260000,rahmenvereinbarung aida <n> bis <n>,1,458600.0,1.0,66.8
Ireland,Ireland,IT / software / cyber,9310000.0,contract for the supply of electrical charging of electric vehicles via national charging network to inland fisheries ir,1,200000.0,1.0,66.8
Ireland,Ireland,IT / software / cyber,30000000.0,meath co co - mh-it-<n>-<n>- provision of autocad licences,1,160300.0,1.0,66.8
Ireland,Ireland,IT / software / cyber,48190000.0,rft <n>/<n>dl single party framework agreement for the use of a post primary study support platform with in-app marketin,1,400000.0,1.0,66.8
United Kingdom,United Kingdom,IT / software / cyber,48190000,mis/fis licensing & support,1,1200000.0,2.0,66.8
Germany,Germany,IT / software / cyber,48200000,lizenzbeschaffung von microsoft <n> e<n> lizenzen,1,446954.76,1.0,66.8
Quebec,Canada - Quebec,IT / software / cyber,43233206,acquisition d'un logiciel de cybersécurité contre les attaques par déni de service,1,318975.0,1.0,66.8
Ireland,Ireland,IT / software / cyber,48170000.0,"invitation to tender (itt) for the provision of content manager support and maintenance, licensing, and professional ser",1,188612.8,1.0,66.8
Germany,Germany,IT / software / cyber,32342400,loudspeaker measurement system pr<n>,1,249830.0,1.0,66.8
Germany,Germany,IT / software / cyber,48000000,integriertes service managament,1,308679.38,1.0,66.8
Ireland,Ireland,IT / software / cyber,32570000.0,cft <n> - request for tender for provision of fibre duct network management services for south dublin county council,1,344160.0,1.0,66.8
Germany,Germany,IT / software / cyber,48000000,<n>/<n> - beihilfe,1,938279.32,2.0,66.8
Germany,Germany,IT / software / cyber,38000000,grundlagenlabor hydraulik und pneumatik,1,169422.79,1.0,66.8
United Kingdom,United Kingdom,IT / software / cyber,50334400,"supply and maintenance of media related services at sandwell register office, sandwell valley crematorium and rowley reg",1,350000.0,1.0,66.8
Ireland,Ireland,IT / software / cyber,31131100.0,"la<n>c - tcd - cft for the supply, delivery, installation and calibration of an integrated controller and software for a",1,212902.4,1.0,66.8
Ireland,Ireland,IT / software / cyber,33124000.0,"cft<n>c - ucd - open procedure (ojeu) for the supply, delivery, installation and commissioning of a high frequency vecto",1,365666.49,1.0,66.8
United Kingdom,United Kingdom,IT / software / cyber,72000000,insites data platform - mini tender via dps esc<n>,1,750000.0,2.0,66.8
Ireland,Ireland,IT / software / cyber,30230000.0,<n>pr<n> request for quotations (rfq) for the provision of information communications technology (ict) server room infra,1,196476.0,1.0,66.8
Germany,Germany,IT / software / cyber,72000000,beschaffung von unterstützungs- und beratungsleistungen für die sap standardisierung und automatisierung auf der basis d,1,475200.0,1.0,66.8
Ireland,Ireland,IT / software / cyber,30000000.0,"provision of a public self-service printing, photocopying and scanning system for cork county council library (concessio",1,270000.0,1.0,66.8
United Kingdom,United Kingdom,IT / software / cyber,38127000,invitation to tender for the supply of road weather stations,1,160076.0,1.0,66.8
Germany,Germany,IT / software / cyber,38400000,miniatur-zugprüfungsmodul,1,239450.0,1.0,66.8
Germany,Germany,IT / software / cyber,48800000,"server- und san erweiterung, emden / server-nodes und fc-storage area network",1,278935.0,1.0,66.8
Germany,Germany,IT / software / cyber,32400000,mhh - systembestandserweiterung der zentralen peripheren firewall,1,415435.94,1.0,66.8
Germany,Germany,IT / software / cyber,48820000,lieferung von nutanix nodes (hardware & software) inkl. betriebsbereiter übergabe,1,416750.0,1.0,66.8
Ireland,Ireland,IT / software / cyber,48000000.0,"cft <n> – provision of pitch allocation, pavilion and artificial grass pitch booking system including all associated ser",1,497794.0,1.0,66.8
United Kingdom,United Kingdom,IT / software / cyber,72000000,provision of a digital communication platform for the community diagnostic centre (cdc),1,495000.0,1.0,66.8
Ireland,Ireland,IT / software / cyber,48000000.0,rft for the provision of hcl domino licenses renewal,1,139698.0,1.0,66.8
Germany,Germany,IT / software / cyber,34730000,beschaffung von hardwarekomponenten und dienstleistungen für die satellitentechnik und cybersecurity,1,241200.0,1.0,66.8
United Kingdom,United Kingdom,IT / software / cyber,33115100,<n>-sjm-<n> - x ray/ct equipment,1,438000.0,1.0,66.8
Germany,Germany,IT / software / cyber,38530000,röntgendiffraktometriesystem (xrd),1,360059.0,1.0,66.8
Quebec,Canada - Quebec,IT / software / cyber,25173303,services de soutien informatique des parcs de véhicules de sécurité publique et du service de l'entretien des voies de c,1,242942.17,1.0,66.8
United Kingdom,United Kingdom,IT / software / cyber,98351110,cov - parking enforcement software solution,1,1100000.0,3.0,66.8
Ireland,Ireland,IT / software / cyber,48983000.0,the development of accredited programmes in artificial intelligence (ai),1,246000.0,1.0,66.8
Germany,Germany,IT / software / cyber,72000000,beschaffung von dienstleistungen für die bereitstellung von inspire-konformen geodatendiensten der hvbg,1,283000.0,1.0,66.8
Ireland,Ireland,IT / software / cyber,32412000.0,"la<n>c - setu - rft for the supply, delivery, installation and commissioning of a cryostat system",1,305160.0,1.0,66.8
Ireland,Ireland,IT / software / cyber,72416000.0,rft for cloudmersive managed instance subscription renewal <n>-<n>,1,110000.0,1.0,66.8
Germany,Germany,IT / software / cyber,92000000,trainingsgeräte inkl. wartung und softwarelösungen für das reha-zentrum,1,257872.62,1.0,66.8
Quebec,Canada - Quebec,IT / software / cyber,43223105,acquisition d'une solution de type logiciel (software) permettant d'accéder à des données <n>d mobiles,1,348269.62,1.0,66.8
Germany,Germany,IT / software / cyber,48761000,beschaffung von virenschutz-softwarelizenzen,1,351000.0,1.0,66.8
Germany,Germany,IT / software / cyber,72260000,hard- und softwarewartung für das bestehende backupsystem ibm ts<n> base frame <n>-l<n>,1,165665.0,1.0,66.8
United Kingdom,United Kingdom,IT / software / cyber,48000000,escc-hp-nutanix hyperconvergence infrastructure,1,826075.0,3.0,66.8
United Kingdom,United Kingdom,IT / software / cyber,72260000,<n> provision of risk stratification algorithms tool for nhs arden and gem csu,1,188400.0,1.0,66.8
Ireland,Ireland,IT / software / cyber,72000000.0,comhairleoir le seirbhísí teicneolaíochta faisnéise a chur ar fáil/information technology services consultant,1,119400.0,1.0,66.8
United Kingdom,United Kingdom,IT / software / cyber,72315000,"contract for storage area network (san) to include hardware, software and break-fix support service",1,344395.68,1.0,66.8
Ireland,Ireland,IT / software / cyber,72212224.0,provision of webmaster services,1,367000.0,1.0,66.8
Ireland,Ireland,IT / software / cyber,72000000.0,"the appointment of a contractor to manage the heritage councils information , communication and technology recquirements",1,156000.0,1.0,66.8
United Kingdom,United Kingdom,IT / software / cyber,76340000,c<n> structured coring programme,1,1200000.0,3.0,66.8
Ireland,Ireland,IT / software / cyber,9000000.0,supply of hydrotreated vegetable oil via fuel station network to inland fisheries ireland,1,200000.0,1.0,66.8
Germany,Germany,IT / software / cyber,16700000,lieferung und inbetriebnahme feldroboter innohof,1,351050.0,1.0,66.8
United Kingdom,United Kingdom,IT / software / cyber,85000000,provision of bbv and sexual health improvement service - high risk groups,1,324970.0,1.0,66.8
Ireland,Ireland,IT / software / cyber,30230000.0,"<n>pr<n> request for tenders (rft) for the provision of tape library hardware, software, support and associated services",1,184000.0,1.0,66.8
Germany,Germany,IT / software / cyber,72267000,kauf und pflege von omnitracker,1,239081.86,1.0,66.8
United Kingdom,United Kingdom,IT / software / cyber,38000000,power electronics manufacturing in-process test facility,1,291660.0,1.0,66.8
Ireland,Ireland,IT / software / cyber,72267100.0,the support contract for the mailmeter software,1,153750.0,1.0,66.8
Ireland,Ireland,IT / software / cyber,72000000.0,"provision of the continued operation, enhancement, and scalability of its existing intelligence and investigative clue s",1,226161.0,1.0,66.8
Germany,Germany,IT / software / cyber,48000000,wahlprogramm,1,331929.0,1.0,66.8
Germany,Germany,IT / software / cyber,48210000,omnivista cirrus cloud für mehrere schulen des landkreis breisgau-hochschwarzwald,1,358047.0,1.0,66.8
Ireland,Ireland,IT / software / cyber,48000000.0,"t.<n>/<n> request for tenders for the supply of red hat enterprise linux subscriptions, for an garda síochána",1,442000.0,1.0,66.8
Germany,Germany,IT / software / cyber,33191000,"rdg, rdg-e",1,432337.0,1.0,66.8
United Kingdom,United Kingdom,IT / software / cyber,85000000,video carephones and virtual care agency,1,349640.0,1.0,66.8
Ireland,Ireland,IT / software / cyber,48000000.0,<n>p<n> <n>rn <n> software reseller services,1,250000.0,1.0,66.8
Germany,Germany,IT / software / cyber,45311200,gebäudeautomaten <n>.<n>,1,345745.17,1.0,66.8
Germany,Germany,IT / software / cyber,48000000,"digitale aufklärung (digitale aufklärungsbögen, inkl. digitaler signatur)(#iap-<n>)",1,157761.1,1.0,66.8
Germany,Germany,IT / software / cyber,30232110,miete und instandhaltung von multifunktionsgeräten,1,296316.0,1.0,66.8
Ireland,Ireland,IT / software / cyber,48000000.0,it<n>c - rft for the supply of a financial data and analytics subscription database - ul,1,213687.0,1.0,66.8
Germany,Germany,IT / software / cyber,38530000,lieferung eines raman-phasenmappingmikroskops mit partikelerkenungssoftware,1,339000.0,1.0,66.8
Germany,Germany,IT / software / cyber,48100000,beschaffung einer software für das jugendamt des landkreises altötting,1,201418.21,1.0,66.8
United Kingdom,United Kingdom,IT / software / cyber,79100000,provision of law clinics,1,270000.0,1.0,66.8
Germany,Germany,IT / software / cyber,30200000,"lieferung, installation und inbetriebnahme einer gpu-erweiterung",1,147083.435,1.0,66.8
United Kingdom,United Kingdom,IT / software / cyber,50312600,"wan, lan, wifi and telephony via ccs rm<n>",1,1300000.0,2.0,66.8
United Kingdom,United Kingdom,IT / software / cyber,38127000,place<n>h winter road weather bureau service <n>-<n>,1,179292.0,1.0,66.8
Ireland,Ireland,IT / software / cyber,72253000.0,request for tenders for the provision of it helpdesk and network support services,1,419460.0,1.0,66.8
Germany,Germany,IT / software / cyber,32400000,"lieferung, installation, inbetriebnahme sowie support und wartung eines drei-benutzer-qkd-geräts",1,491780.0,1.0,66.8
Germany,Germany,IT / software / cyber,38300000,lieferung eines präzisions-leistungsanalysators für ein niederspannungsgleichstrom-modellnetz,1,344000.0,1.0,66.8
United Kingdom,United Kingdom,IT / software / cyber,72000000,rostering system,1,631123.0,2.0,66.8
Ireland,Ireland,IT / software / cyber,48190000.0,request for tenders for the provision of learn<n> licences and care package,1,140581.0,1.0,66.8
Germany,Germany,IT / software / cyber,72000000,"migration, hosting und betrieb der bibliothekssoftware e-bibliotheca",1,256300.0,1.0,66.8
Germany,Germany,IT / software / cyber,72260000,rv softwareverteilung,1,340000.0,1.0,66.8
Germany,Germany,IT / software / cyber,73110000,pr<n> - entwicklungsleistungen für das projekt „mpeg-h integration in androidx media<n>“,1,441000.0,1.0,66.8
Germany,Germany,IT / software / cyber,72000000,einführung einer kommunalen finanzsoftware und eines dokumentenmangementsystems (dms) für die große kreisstadt dippoldis,1,313278.87,1.0,66.8
United Kingdom,United Kingdom,IT / software / cyber,32424000,<n>g o-ran radio units to support new mobile network within bath city centre,1,172000.0,1.0,66.8
United Kingdom,United Kingdom,IT / software / cyber,72000000,"supply, implementation, support & maintenance of a social care case management system",1,904875.0,2.0,66.8
Ireland,Ireland,IT / software / cyber,32424000.0,<n>pr<n> request for quotations (rfq) for the provision of check point firewall hardware support and maintenance to the ,1,185295.0,1.0,66.8
United Kingdom,United Kingdom,IT / software / cyber,NO_CODE,enterprise cyber security awareness and phishing simulation platform licence,1,180000.0,1.0,66.8
United Kingdom,United Kingdom,IT / software / cyber,NO_CODE,disposal of operational workshop equipment <n>,1,110000.0,1.0,66.8
Germany,Germany,IT / software / cyber,38000000,klimawechseltestkammern system,1,239360.0,1.0,66.8
United Kingdom,United Kingdom,IT / software / cyber,72267100,support & maintenance for scottish government’s edevelopment service,1,1218029.0,3.0,66.8
Ireland,Ireland,IT / software / cyber,72212931.0,provision of business analytics training software,1,198000.0,1.0,66.8
Germany,Germany,IT / software / cyber,79999200,universitätsklinikum knappschaftskrankenhaus bochum gmbh; beschaffung von abrechnungsdienstleistungen für die ambulante ,1,336500.0,1.0,66.8
Quebec,Canada - Quebec,IT / software / cyber,39121500,acquisition de minuteries véhiculaires pour le ministère de la cybersécurité et du numérique,1,111250.0,1.0,66.8
Germany,Germany,IT / software / cyber,48821000,lieferung von ibm power-systemen,1,419118.68,1.0,66.8
Ireland,Ireland,IT / software / cyber,72200000.0,"provision of regulation of lobbying online register development, maintenance and support services",1,140000.0,1.0,66.8
United Kingdom,United Kingdom,IT / software / cyber,48000000,"provision of lot <n> - education system & associated services, lot <n> – connexions & associated services, lot <n> – you",1,328000.0,1.0,66.8
Ireland,Ireland,IT / software / cyber,72253200.0,support and maintenance for licenced ihs kingdom geoscience interpretation software services to geoscience regulation of,1,130000.0,1.0,66.8
United Kingdom,United Kingdom,IT / software / cyber,33112300,purchase of <n> x intravascular ultrasounds,1,165000.0,1.0,66.8
Germany,Germany,IT / software / cyber,48710000,supportverlängerungen und erweiterung backup,1,491107.0,1.0,66.8
United Kingdom,United Kingdom,IT / software / cyber,85000000,"provision bbv, health and wellbeing service",1,375000.0,1.0,66.8
Ireland,Ireland,IT / software / cyber,48000000.0,provision of altair technical support and maintenance,1,108762.0,1.0,66.8
United Kingdom,United Kingdom,IT / software / cyber,38651600,body worn video associated products and software,1,1656339.8,3.0,66.8
Ireland,Ireland,IT / software / cyber,48219100.0,on premise email gateway and related services,1,120000.0,1.0,66.8
Ireland,Ireland,IT / software / cyber,48000000.0,"single party contract for the provision of supply, implementation and on-going support of a strategic roadmapping tool",1,105000.0,1.0,66.8
United Kingdom,United Kingdom,IT / software / cyber,NO_CODE,maintenance & support of hardware & software for generators & ups,1,160000.0,1.0,66.8
Ireland,Ireland,IT / software / cyber,79540000.0,"the provision of irish sign language interpreter services for the national learning network, rehab group",1,200000.0,1.0,66.8
Germany,Germany,IT / software / cyber,71356400,planung erneuerung übergeordneter verkehrsrechner thüringen (üvr),1,111969.03,1.0,66.8
Germany,Germany,IT / software / cyber,48000000,anti-malware-software,1,480000.0,1.0,66.8
Germany,Germany,IT / software / cyber,38510000,bildgebungssystem,1,310000.0,1.0,66.8
Ireland,Ireland,IT / software / cyber,48000000.0,supply of an electronic system for the management of temporary traffic management,1,133600.0,1.0,66.8
Germany,Germany,IT / software / cyber,72250000,pflege der software tungsten power pdf advanced zur erstellung und bearbeitung von pdf-dokumenten,1,173806.56,1.0,66.8
Ireland,Ireland,IT / software / cyber,48610000.0,economic administration services itt<n>-<n>,1,244200.0,1.0,66.8
Ireland,Ireland,IT / software / cyber,48000000.0,it<n>c - rft for the provision of a placement management system for university limerick ul,1,203320.0,1.0,66.8
Germany,Germany,IT / software / cyber,32211000,hardware ersatz grafiksysteme,1,244230.0,1.0,66.8
United Kingdom,United Kingdom,IT / software / cyber,72000000,provision of a fully managed cyber security operations centre,1,937500.0,2.0,66.8
United Kingdom,United Kingdom,IT / software / cyber,72315000,software-defined wide area network (sd wan),1,900408.0,3.0,66.8
United Kingdom,United Kingdom,IT / software / cyber,90721000,implementation of the water safety & drowning prevention recommendations,1,250000.0,1.0,66.8
Ireland,Ireland,IT / software / cyber,72261000.0,rft for the provision of support and maintenance for control-m scheduling software,1,163058.0,1.0,66.8
United Kingdom,United Kingdom,IT / software / cyber,72000000,use of novel data sources for demographic analysis of transport behaviours,1,277700.0,1.0,66.8
Ireland,Ireland,IT / software / cyber,72212190.0,galw/con<n>/<n> interactive and multimedia learning content production tool - establishment of single operator framework,1,490000.0,1.0,66.8
Ireland,Ireland,IT / software / cyber,48900000.0,meath co co - mh-it-<n>-<n> - provision of an online citizen services portal,1,336809.0,1.0,66.8
United Kingdom,United Kingdom,IT / software / cyber,72000000,<n> - veeam backup solution renewal and upgrade (rm<n>),1,1123964.88,2.0,66.8
Ireland,Ireland,IT / software / cyber,48219100.0,renewal of secure email gateway environment,1,110000.0,1.0,66.8
United Kingdom,United Kingdom,IT / software / cyber,64200000,sms bulk text messaging,1,527712.0,2.0,66.8
United Kingdom,United Kingdom,IT / software / cyber,98000000,cp<n>-<n> contract for community action groups in devon,1,472000.0,1.0,66.8
Quebec,Canada - Quebec,IT / software / cyber,80111801,appel d’offres pour services informatique auprès d’un centre de recherche collégial en télédétection et en apprentissage,1,166320.0,1.0,66.8
Ireland,Ireland,IT / software / cyber,72212450.0,"provision of a time and attendance application for department of enterprise, tourism and employment",1,250000.0,1.0,66.8
Ireland,Ireland,IT / software / cyber,72000000.0,professional services for unit<n> business world,1,220000.0,1.0,66.8
United Kingdom,United Kingdom,IT / software / cyber,72267100,rbgkew<n> microsoft azure & d<n> support,1,600000.0,2.0,66.8
Ireland,Ireland,IT / software / cyber,48000000.0,atu single operator framework agreement cloud based communication/call traffic management platform,1,100000.0,1.0,66.8
United Kingdom,United Kingdom,IT / software / cyber,NO_CODE,"south tyneside local infrastructure organisation (lio) for the voluntary, community, faith and social enterprise sector ",1,406569.0,1.0,66.8
United Kingdom,United Kingdom,IT / software / cyber,72000000,id <n> - daera - asd - satellite imagery acquisition for control with remote sensing,1,480000.0,1.0,66.8
Germany,Germany,IT / software / cyber,48730000,"ki-basierte cyber-sicherheitslösung, darktrace",1,362880.0,1.0,66.8
Germany,Germany,IT / software / cyber,30211200,neuausschreibung instandhaltung des backbone netzwerks,1,239312.36,1.0,66.8
Ireland,Ireland,IT / software / cyber,72000000.0,the provision of clinisys winpath enterprise user acceptance testing services to national orthopaedic hospital cappagh,1,119010.0,1.0,66.8
United Kingdom,United Kingdom,IT / software / cyber,32400000,test and measurement tool requirement for sonic labs - ric tester,1,139980.0,1.0,66.8
Ireland,Ireland,IT / software / cyber,30000000.0,ntutorr single operator framework agreement digital discovery tool for learners to assess digital capabilities,1,200000.0,1.0,66.8
Germany,Germany,IT / software / cyber,73100000,programmierdienstleistungen embedded software im kontext von digitaler audio-signalverarbeitung,1,467760.0,1.0,66.8
Germany,Germany,IT / software / cyber,38000000,"kauf, lieferung und installation eines femtosekunden-lasersystems für die zeitaufgelöste pump-probe-spektroskopie",1,485200.0,1.0,66.8
Germany,Germany,IT / software / cyber,72000000,projekt <n> - codeanalyse von opensource software <n>.<n> (caos <n>.<n>),1,142201.5,1.0,66.8
United Kingdom,United Kingdom,IT / software / cyber,98133100,award notice for social infrastructure,1,400000.0,1.0,66.8
Germany,Germany,IT / software / cyber,48822000,ki-server,1,239985.0,1.0,66.8
Germany,Germany,IT / software / cyber,30200000,lieferung verschiedener hard- und softwarekomponenten,1,236193.0,1.0,66.8
Ireland,Ireland,IT / software / cyber,50312610.0,request for tender - alcatel lucent voice support services,1,195492.0,1.0,66.8
United Kingdom,United Kingdom,IT / software / cyber,48000000,online payments and student debt management system,1,350000.0,1.0,66.8
Ireland,Ireland,IT / software / cyber,48517000.0,a single operator framework agreement for a print management software solution for university of galway,1,350000.0,1.0,66.8
United Kingdom,United Kingdom,IT / software / cyber,48110000,provision of a cashless catering system,1,398379.0,1.0,66.8
United Kingdom,United Kingdom,IT / software / cyber,72222300,provision of a hscn service to nhs dorset,1,506715.0,3.0,66.8
Quebec,Canada - Quebec,IT / software / cyber,81111811,service de soutien technique et entretien des licences networker,1,122933.95,1.0,66.8
Ireland,Ireland,IT / software / cyber,48931000.0,tender for the provision of an edge graduate development programme to mtu,1,100000.0,1.0,66.8
Germany,Germany,IT / software / cyber,50000000,"<n>/<n> rahmenvereinbarung über die wartung, instandsetzung und störungsbeseitigung des leckarge-warnsystems (nahwärme)",1,270260.0,1.0,66.8
United Kingdom,United Kingdom,IT / software / cyber,NO_CODE,contract signing for ixbrl tagging of financial statements,1,180000.0,1.0,66.8
United Kingdom,United Kingdom,IT / software / cyber,72000000,tender for provision of advice services in fermanagh and omagh district,1,270000.0,1.0,66.8
United Kingdom,United Kingdom,IT / software / cyber,38000000,<n>,1,124680.0,1.0,66.8
Germany,Germany,IT / software / cyber,38000000,beschaffung eines true multiport vector network analyzer (vna),1,336019.73,1.0,66.8
Germany,Germany,IT / software / cyber,48900000,"beschaffung einer marktetablierten, modulbasierten arbeitsschutz-management-software",1,118686.72,1.0,66.8
Ireland,Ireland,IT / software / cyber,72000000.0,request for tender for the provision of mariadb software enterprise licence subscriptions and support,1,320000.0,1.0,66.8
Ireland,Ireland,IT / software / cyber,32410000.0,request for tenders for the provision of broadband services for the houses of the oireachtas.,1,430000.0,1.0,66.8
Germany,Germany,IT / software / cyber,48600000,supportverlängerung oracle exadata und dienstleistung,1,266587.98,1.0,66.8
Germany,Germany,IT / software / cyber,48100000,zahnklinik,1,250000.0,1.0,66.8
Ireland,Ireland,IT / software / cyber,72212480.0,<n>/<n> enterprise ireland is establishing a framework for access for the leo’s to an online industry intelligence servi,1,170000.0,1.0,66.8
United Kingdom,United Kingdom,IT / software / cyber,48000000,provision of netapps partner support,1,1340220.26,2.0,66.8
Germany,Germany,IT / software / cyber,48100000,software wirtschaftliche sozialverwaltung und wirtschaftliche asylverwaltung,1,235000.0,1.0,66.8
Quebec,Canada - Quebec,IT / software / cyber,84110000,analyse financière du programme de consolidation des centres de traitement informatique,1,298237.0,1.0,66.8
Germany,Germany,IT / software / cyber,37441100,instrumentiertes laufband und optisches trackingsystem,1,214870.0,1.0,66.8
Ireland,Ireland,IT / software / cyber,72000000.0,<n>/<n> single-party framework for the provision of commvault cloud backup and recovery subscriptions,1,180000.0,1.0,66.8
Germany,Germany,IT / software / cyber,48730000,endpoint security: zeitlich begrenzte überlassung von crowdstrike falcon-lizenzen.,1,294850.0,1.0,66.8
United Kingdom,United Kingdom,IT / software / cyber,72710000,network for new build at tamworth campus,1,300000.0,1.0,66.8
Germany,Germany,IT / software / cyber,38112100,lieferung von <n> stück geomax zenith<n> inkl. zubehör,1,340000.0,1.0,66.8
Ireland,Ireland,IT / software / cyber,48000000.0,"the supply, licensing and technical support of sap ase relational database management software for the cso",1,260000.0,1.0,66.8
Germany,Germany,IT / software / cyber,72260000,beschaffung einer fachsoftware für das fahrerlaubniswesen,1,262650.0,1.0,66.8
United Kingdom,United Kingdom,IT / software / cyber,80511000,provision of epa for rn apprenticeship network engineer l<n>,1,204840.0,1.0,66.8
Germany,Germany,IT / software / cyber,48000000,<n>-<n> einführung einer zentralen beitragssoftware,1,291799.24,1.0,66.8
Ireland,Ireland,IT / software / cyber,48000000.0,renewal of trellix (epo) endpoint security licensing for client and servers,1,110540.0,1.0,66.8
Quebec,Canada - Quebec,Training / education,81110000,les services professionnels pour le système d'information intégré sur les activités transfusionnelles et d'hémovigilance,2,34641342.58,1.0,66.78
United Kingdom,United Kingdom,Consulting / research / audit,71311200,bus franchising professional services support,1,2500000.0,5.0,66.78
United Kingdom,United Kingdom,Consulting / research / audit,66171000,<n>-<n> retail specialist support contract award,1,8000000.0,5.0,66.78
United Kingdom,United Kingdom,Consulting / research / audit,79410000,review on the state of digital government,1,2950000.0,5.0,66.78
United Kingdom,United Kingdom,Consulting / research / audit,79413000,<n> harrow road sales agent appointment,1,2165315.0,4.0,66.78
United Kingdom,United Kingdom,Consulting / research / audit,79300000,n/a,1,11235000.0,4.0,66.78
United Kingdom,United Kingdom,Consulting / research / audit,79410000,external assistance to support delivery of programme solarium,1,5000000.0,4.0,66.78
United Kingdom,United Kingdom,Consulting / research / audit,73000000,aisi ru strategy services,1,4900000.0,4.0,66.78
United Kingdom,United Kingdom,Creative / communications / print,85100000,tier <n> dermatology service for nhs mse icb,3,1027687.0,1.0,66.76
United Kingdom,United Kingdom,Creative / communications / print,85121251,provision of humber north yorkshire bowel cancer screening programme (bcsp),2,906854.0,1.0,66.76
United Kingdom,United Kingdom,Creative / communications / print,85142100,adult direct access msk physiotherapy service and first contract practitioner (fcp) msk service for north-east hampshire,2,764692.0,1.0,66.76
United Kingdom,United Kingdom,Creative / communications / print,85100000,end of life services in liverpool,2,1054838.5,1.0,66.76
United Kingdom,United Kingdom,Creative / communications / print,80500000,l<n> information communication technician apprenticeship,2,892800.0,1.0,66.76
United Kingdom,United Kingdom,Creative / communications / print,30197630,contract award for the supply of print paper to hmpps prison workshops,2,1500000.0,1.0,66.76
United Kingdom,United Kingdom,Creative / communications / print,09000000,ukri-<n> falklands fuel uplift for rrs sir david attenborough,1,743430.35,1.0,66.76
Germany,Germany,Creative / communications / print,31440000,übernahme gebäudetechnik in der zukünftigen colocation biesdorf,1,1300000.0,1.0,66.76
United Kingdom,United Kingdom,Creative / communications / print,85000000,provision of a carer respite service,1,592574.0,1.0,66.76
United Kingdom,United Kingdom,Creative / communications / print,85100000,"royal trinity hospice hospice, community based specialist palliative care – westminster, hammersmith & fulham, kensingto",1,716039.33,1.0,66.76
Quebec,Canada - Quebec,Creative / communications / print,93141707,contrat de services pour le dépôt légal des films,1,540000.0,1.0,66.76
Germany,Germany,Creative / communications / print,32260000,dyncomsens,1,545400.0,1.0,66.76
Germany,Germany,Creative / communications / print,79340000,"rahmenvereinbarung microsoft advertising suchmaschinenwerbung (search engine advertising, sea) <n>-<n>",1,500000.0,1.0,66.76
Quebec,Canada - Quebec,Creative / communications / print,43223103,acquisition d'équipements de radiocommunication et certaines composantes,1,550000.0,1.0,66.76
United Kingdom,United Kingdom,Creative / communications / print,33000000,obeticholic acid film coated tablets <n> tablet pack,1,500000.0,1.0,66.76
United Kingdom,United Kingdom,Creative / communications / print,38651600,ukri-<n> cubes,1,500000.0,1.0,66.76
United Kingdom,United Kingdom,Creative / communications / print,71314300,retrofit design services - decarbonisation wave <n>,1,500000.0,1.0,66.76
United Kingdom,United Kingdom,Creative / communications / print,85140000,keyworker service east sussex,1,804800.0,1.0,66.76
United Kingdom,United Kingdom,Creative / communications / print,64227000,the provision of <n> months technical support to joint common remote viewing terminal (jcrvt),1,628557.0,1.0,66.76
Quebec,Canada - Quebec,Creative / communications / print,81112000,"<n>-<n>-pz<n> - services téléphoniques de type centrex, offert par bell canada, pour les circonscriptions réglementées p",1,750000.0,1.0,66.76
United Kingdom,United Kingdom,Creative / communications / print,85323000,intermediate care penhallow home from home reablement unit,1,1800000.0,1.0,66.76
United Kingdom,United Kingdom,Creative / communications / print,30120000,"ict - supply of multi-functional devices and document solutions, digital duplicators, and print room equipment ref. hsy<",1,1187263.29,1.0,66.76
United Kingdom,United Kingdom,Creative / communications / print,85100000,speech and language therapy services,1,1478161.0,1.0,66.76
United Kingdom,United Kingdom,Creative / communications / print,85141100,public health community midwives,1,510000.0,1.0,66.76
Quebec,Canada - Quebec,Creative / communications / print,81112000,"<n>-<n>-pz<n> - service téléphonique de type centrex, offert par telus pour toutes les circonscriptions réglementées et ",1,600000.0,1.0,66.76
United Kingdom,United Kingdom,Creative / communications / print,73000000,ukri-<n> iuk nzl international c<n>c programme,1,893333.33,1.0,66.76
United Kingdom,United Kingdom,Creative / communications / print,85100000,musculoskeletal (msk) physiotherapy services,1,724000.0,1.0,66.76
United Kingdom,United Kingdom,Creative / communications / print,85100000,hyperbaric oxygen therapy (hbot) services,1,1700000.0,1.0,66.76
Germany,Germany,Creative / communications / print,38510000,lieferung von <n> op-mikroskopen zeiss tivato <n>,1,546218.49,1.0,66.76
United Kingdom,United Kingdom,Creative / communications / print,85100000,tier <n> ultrasound service for mid and south essex,1,1441870.0,1.0,66.76
United Kingdom,United Kingdom,Creative / communications / print,79800000,managed service mfds,1,552385.3,1.0,66.76
United Kingdom,United Kingdom,Creative / communications / print,50433000,the repair and calibration of optical and fibre optic equipment,1,821835.0,1.0,66.76
Quebec,Canada - Quebec,Creative / communications / print,80101507,mandat pour phase de définition et de design - programme reconnaissance mvp,1,608695.0,1.0,66.76
United Kingdom,United Kingdom,Creative / communications / print,79800000,provision of print & related services,1,600385.0,1.0,66.76
United Kingdom,United Kingdom,Creative / communications / print,85121200,augmentative and alternative communication (aac) services - kent & medway assistive technology (kmcat),1,1435344.2,1.0,66.76
United Kingdom,United Kingdom,Creative / communications / print,34144710,atlas aircraft loader in service support,1,1882718.33,1.0,66.76
United Kingdom,United Kingdom,Creative / communications / print,45331100,"heating upgrade :design, supply and install",1,695000.0,1.0,66.76
United Kingdom,United Kingdom,Creative / communications / print,79415200,leisure centre (west wickham) riba <n>/<n>,1,1073793.0,1.0,66.76
United Kingdom,United Kingdom,Creative / communications / print,50413200,fire sprinkler servicing & maintenance & periodic testing,1,1738305.41,1.0,66.76
United Kingdom,United Kingdom,Creative / communications / print,85323000,peripatetic care,1,1200000.0,1.0,66.76
Quebec,Canada - Quebec,Creative / communications / print,81111805,services de gestion de flotte d’équipement d’impression,1,1218030.0,1.0,66.76
Quebec,Canada - Quebec,Creative / communications / print,42294900,acquisition d’un système de video entéroscopie avec <n> entéroscopes,1,661744.0,1.0,66.76
United Kingdom,United Kingdom,Creative / communications / print,85140000,brighton & hove and west sussex dementia post diagnostic support service,1,986412.0,1.0,66.76
United Kingdom,United Kingdom,Creative / communications / print,80000000,cambridge core datasets <n>-<n>,1,557000.0,1.0,66.76
United Kingdom,United Kingdom,Creative / communications / print,85100000,sanctuary plus,1,1190208.0,1.0,66.76
United Kingdom,United Kingdom,Creative / communications / print,35111300,purchase of immediate critical spares,1,959418.85,1.0,66.76
United Kingdom,United Kingdom,Creative / communications / print,85100000,provision of integrated primary community care (ipcc) severe mental illness (smi) for mid and south essex,1,1329439.0,1.0,66.76
United Kingdom,United Kingdom,Creative / communications / print,79900000,bulk print services,1,1220000.0,1.0,66.76
Germany,Germany,Creative / communications / print,48820000,lieferung und einbau von videoservern,1,771417.0,1.0,66.76
United Kingdom,United Kingdom,Creative / communications / print,85000000,provision of nhs health checks programme,1,1500000.0,1.0,66.76
United Kingdom,United Kingdom,Creative / communications / print,85140000,east sussex memory assessment service,1,621268.0,1.0,66.76
United Kingdom,United Kingdom,Creative / communications / print,85100000,"enhanced community ear, nose and throat (ent) service",1,1593206.0,1.0,66.76
United Kingdom,United Kingdom,Creative / communications / print,92311000,design and installation of three pieces of art to support the regeneration of bangor city.,1,1260000.0,1.0,66.76
United Kingdom,United Kingdom,Creative / communications / print,85100000,provision of specialist adhd assessments for mid and south essex,1,775000.0,1.0,66.76
United Kingdom,United Kingdom,Creative / communications / print,50412000,"the repair and recalibration of accelerometery, chemical, flow and ultrasonic equipment",1,930457.5,1.0,66.76
United Kingdom,United Kingdom,Creative / communications / print,80000000,con_<n> reducing family court delays - designated family judge trailblazer expansion project <n>-<n> fts,1,842835.0,1.0,66.76
United Kingdom,United Kingdom,Creative / communications / print,85140000,east sussex dementia post diagnostic support service,1,1177251.0,1.0,66.76
United Kingdom,United Kingdom,Creative / communications / print,71900000,supply of media products to support diagnostic testing,1,530250.0,1.0,66.76
United Kingdom,United Kingdom,Creative / communications / print,85000000,youth service provision (bromsgrove district & redditch borough),1,774000.0,1.0,66.76
United Kingdom,United Kingdom,Creative / communications / print,85150000,remote radiology reporting services,1,601456.06,1.0,66.76
United Kingdom,United Kingdom,Creative / communications / print,85100000,best start family service - perinatal mental health (pmh) and parent-infant relationships (pir),1,1533062.0,1.0,66.76
United Kingdom,United Kingdom,Creative / communications / print,85000000,"contingency, asylum, refugee and migrant service (c.a.r.m.s.) wrap-around service to provide additional primary care cap",1,1928690.0,1.0,66.76
Quebec,Canada - Quebec,Creative / communications / print,81112000,"<n>-<n>-pz<n> - services téléphoniques de type centrex, offert par bell canada, pour les circonscriptions non réglementé",1,780000.0,1.0,66.76
United Kingdom,United Kingdom,Creative / communications / print,66000000,provision of financial services,1,500000.0,1.0,66.76
United Kingdom,United Kingdom,Creative / communications / print,71315200,metro depot post contract fire consultancy services,1,551564.29,1.0,66.76
Quebec,Canada - Quebec,Creative / communications / print,80131503,"bail ville-locataire- <n>, boulevard ray-lawson- radiocommunication",1,832638.64,1.0,66.76
United Kingdom,United Kingdom,Creative / communications / print,85000000,education inclusion speech and language therapy (salt),1,780292.0,1.0,66.76
Quebec,Canada - Quebec,Creative / communications / print,42182000,"remplacement gastroscopes, coloscopes et duodenovideoscope et contrat de service associé",1,859645.0,1.0,66.76
United Kingdom,United Kingdom,Creative / communications / print,85121283,orthopaedic insourcing service,1,520000.0,1.0,66.76
Quebec,Canada - Quebec,Creative / communications / print,93141707,contrat de services de gré à gré pour le dépôt légal des films,1,555000.0,1.0,66.76
Germany,Germany,Creative / communications / print,09310000,verhandlungsverf. stadt u. lkr. pfaffenhofen a.d. ilm zur beschaffung von reg. ökostrom,1,1782610.0,1.0,66.76
United Kingdom,United Kingdom,Creative / communications / print,85141000,telemedicine service - north yorkshire & york,1,1000500.0,1.0,66.76
United Kingdom,United Kingdom,Creative / communications / print,31172000,"supply of a new <n> mva, onan, yd<n>, <n>/<n> kv, <n>.<n>% impedance export transformer",1,727123.0,1.0,66.76
United Kingdom,United Kingdom,Creative / communications / print,85100000,flu swabbing management of outbreaks for essex,1,900000.0,1.0,66.76
United Kingdom,United Kingdom,Creative / communications / print,45320000,"replacement ewi to <n> no <n> story blocks flats at arle road, grevil road and orchard way in the hesters way/ st pauls ",1,1272580.51,1.0,66.76
United Kingdom,United Kingdom,Creative / communications / print,85100000,cm<n> - cheshire & merseyside dental helpline agreement,1,524988.67,1.0,66.76
United Kingdom,United Kingdom,Creative / communications / print,79800000,postage and print revenues and benefit services,1,1300000.0,1.0,66.76
United Kingdom,United Kingdom,Creative / communications / print,79415200,leisure centre (walnuts) riba <n>/<n>,1,792290.0,1.0,66.76
United Kingdom,United Kingdom,Creative / communications / print,33696200,veat notice for the provision of alloseq tx<n> ngs hla testing kits,1,714240.0,1.0,66.76
United Kingdom,United Kingdom,Creative / communications / print,72416000,pharmacy managment system,1,1365405.0,1.0,66.76
Germany,Germany,Creative / communications / print,79341400,werbeguthaben google,1,660000.0,1.0,66.76
United Kingdom,United Kingdom,Creative / communications / print,85100000,elective services - ophthalmology services,1,1018488.0,1.0,66.76
Quebec,Canada - Quebec,Creative / communications / print,93141707,dépôt légal des films,1,615000.0,1.0,66.76
United Kingdom,United Kingdom,Creative / communications / print,92512000,provision of goods and services relating to archiving & related document management services,1,1946411.0,1.0,66.76
United Kingdom,United Kingdom,Creative / communications / print,34114200,syp - vehicle replacement programme - vauxhall astra sports tourer design <n>.<n> turbo <n>ps hybrid e-dct<n>,1,737616.95,1.0,66.76
United Kingdom,United Kingdom,Creative / communications / print,85000000,provision of family hub services,1,1615224.45,1.0,66.76
United Kingdom,United Kingdom,Creative / communications / print,85100000,crawley staying well service c<n>,1,586302.0,1.0,66.76
United Kingdom,United Kingdom,Creative / communications / print,33132000,provision of bespoke dental implants,1,500000.0,1.0,66.76
United Kingdom,United Kingdom,Creative / communications / print,72246000,digital maturity assessment,1,750000.0,1.0,66.76
United Kingdom,United Kingdom,Creative / communications / print,85112200,uhbw community diagnostic centre,1,1836539.0,1.0,66.76
United Kingdom,United Kingdom,Creative / communications / print,90650000,asbestos removal - east & south,1,600000.0,1.0,66.76
Quebec,Canada - Quebec,Creative / communications / print,82121500,service de gestion du parc d'impression,1,629448.0,1.0,66.76
United Kingdom,United Kingdom,Creative / communications / print,85100000,single site intermediate care beds in sefton place,1,1015392.0,1.0,66.76
United Kingdom,United Kingdom,Creative / communications / print,79800000,erp print service,1,1853708.0,1.0,66.76
United Kingdom,United Kingdom,Creative / communications / print,85121281,ncl<n> ophthalmology - the cataract centre,1,1700000.0,1.0,66.76
United Kingdom,United Kingdom,Creative / communications / print,85100000,specialist fertility services,1,723062.0,1.0,66.76
Quebec,Canada - Quebec,Creative / communications / print,43000000,blanket - skytech communications <n>-<n>,1,526601.74,1.0,66.76
United Kingdom,United Kingdom,Creative / communications / print,72500000,hosted command and control system - support and maintenance,1,1235972.0,1.0,66.76
United Kingdom,United Kingdom,Creative / communications / print,85150000,remote radiology reporting services - ooh,1,788949.53,1.0,66.76
United Kingdom,United Kingdom,Creative / communications / print,32571000,provision of range extension equipment for project expanse,1,1749063.6,1.0,66.76
United Kingdom,United Kingdom,Creative / communications / print,79342000,production agency & brand hub,1,1000000.0,1.0,66.76
Quebec,Canada - Quebec,Creative / communications / print,43000000,abonnement à la plateforme de communications cpaas twilio <n>-<n>,1,508732.0,1.0,66.76
United Kingdom,United Kingdom,Creative / communications / print,45453100,ce-<n>-<n>-a - remedial damp works additional,1,1100000.0,1.0,66.76
United Kingdom,United Kingdom,Creative / communications / print,72224000,dfto support for gbr digital narrative and capability,1,740180.0,1.0,66.76
Germany,Germany,Creative / communications / print,42152000,"design, herstellung und lieferung von strahlrohrnasen",1,1399500.0,1.0,66.76
United Kingdom,United Kingdom,Creative / communications / print,85100000,a living well and vcse crisis alternative service on behalf of nhs greater manchester icb,1,944321.0,1.0,66.76
Quebec,Canada - Quebec,Creative / communications / print,81112000,"<n>-<n>-pz<n> - service téléphonique de type centrex, offert par télébec pour les circonscriptions réglementées par le c",1,589700.0,1.0,66.76
Quebec,Canada - Quebec,Creative / communications / print,85160000,entente de service p<n> (protection <n>) - reparation de scopes flexibles rigides semi-rigides et videos,1,683465.0,1.0,66.76
United Kingdom,United Kingdom,Creative / communications / print,33140000,provision of <n> radiograhic x-rays machines,1,506000.0,1.0,66.76
United Kingdom,United Kingdom,Creative / communications / print,85100000,qhm-<n>-<n> crisis support - south tyneside,1,695695.0,1.0,66.76
United Kingdom,United Kingdom,Creative / communications / print,90710000,credit purchase agreement,1,1800000.0,1.0,66.76
United Kingdom,United Kingdom,Creative / communications / print,50660000,,1,1950000.0,1.0,66.76
United Kingdom,United Kingdom,Creative / communications / print,85130000,unscheduled dental care - central and north-west london (cnwl) nhs foundation trust,1,590504.0,1.0,66.76
United Kingdom,United Kingdom,Creative / communications / print,85100000,tier <n> dermatology service for mid and south essex,1,809230.0,1.0,66.76
United Kingdom,United Kingdom,Creative / communications / print,85140000,brighton & hove memory assessment service,1,878025.0,1.0,66.76
United Kingdom,United Kingdom,Creative / communications / print,85121000,lung cancer screening - dap c,1,1096896.0,1.0,66.76
United Kingdom,United Kingdom,Creative / communications / print,63726300,fast maritime target drone (fmtd) support,1,945750.0,1.0,66.76
United Kingdom,United Kingdom,Creative / communications / print,85150000,community ultrasound services for north-east hampshire and farnham patients,1,1347046.0,1.0,66.76
Germany,Germany,Creative / communications / print,34631000,redesign projekt ina - afz system,1,1116662.0,1.0,66.76
United Kingdom,United Kingdom,Creative / communications / print,45261215,solar panels,1,993882.5,1.0,66.76
Quebec,Canada - Quebec,Creative / communications / print,82000000,dépot légal des films à la cinémathèque,1,830000.0,1.0,66.76
Quebec,Canada - Quebec,Creative / communications / print,43231602,progiciel de gestion intégré <n>-<n> (skytech communications),1,972271.84,1.0,66.76
United Kingdom,United Kingdom,Creative / communications / print,79300000,gmca <n> - contract for the provision of (<n>)greater manchester international rebound programme <n>-<n>; and (<n>) mm b,1,1756750.0,1.0,66.76
Quebec,Canada - Quebec,Creative / communications / print,81111805,<n>-<n>-pf<n> - entretien et soutien technique des logiciels openroads designer de bentley systems inc. (service des pro,1,521861.43,1.0,66.76
United Kingdom,United Kingdom,Creative / communications / print,80000000,oliver mcgowan mandatory training,1,532654.0,1.0,66.76
United Kingdom,United Kingdom,Creative / communications / print,09331200,solar pv system for causeway hospital-<n>.<n>mwp,1,1214522.0,1.0,66.76
United Kingdom,United Kingdom,Creative / communications / print,85130000,unscheduled dental care (udc) - bhft,1,745901.0,1.0,66.76
Quebec,Canada - Quebec,Creative / communications / print,83000000,services de support et entretien du système de radiocommunication et enregistrement,1,929079.09,1.0,66.76
United Kingdom,United Kingdom,Creative / communications / print,85100000,homelink healthcare nnuh virtual ward service,1,790400.0,1.0,66.76
United Kingdom,United Kingdom,Creative / communications / print,85300000,sanctuary plus services provision for nhs mid and south essex,1,586050.0,1.0,66.76
United Kingdom,United Kingdom,Creative / communications / print,44211100,hydus mobile containerised laboratory,1,836325.0,1.0,66.76
United Kingdom,United Kingdom,Creative / communications / print,85142100,community msk physiotherapy service for surrey heath patients.,1,1375304.0,1.0,66.76
United Kingdom,United Kingdom,Creative / communications / print,72224000,bromley north - design services,1,1007370.0,1.0,66.76
United Kingdom,United Kingdom,Creative / communications / print,79632000,toyota lean clusters wales programme,1,700000.0,1.0,66.76
Quebec,Canada - Quebec,Creative / communications / print,80161603,service de passerelle de communication cellulaire pour bornes de recharge électrique,1,996648.0,1.0,66.76
United Kingdom,United Kingdom,Creative / communications / print,60400000,ukri-<n> bas antarctic logistics support,1,1075100.0,1.0,66.76
United Kingdom,United Kingdom,Creative / communications / print,85130000,unscheduled dental care - oxford health nhs foundation trust,1,1421453.0,1.0,66.76
United Kingdom,United Kingdom,Creative / communications / print,79410000,dfto <n> functional design phase,1,525000.0,1.0,66.76
United Kingdom,United Kingdom,Creative / communications / print,80300000,shanghai office,1,529200.0,1.0,66.76
Quebec,Canada - Quebec,Creative / communications / print,41112504,fourniture et livraison de transmetteurs pour compteurs d'eau et déploiement et entretien du réseau de communication lor,1,506804.45,1.0,66.76
United Kingdom,United Kingdom,Creative / communications / print,60444100,ukri-<n> bas pilot training for air fleet,1,600000.0,1.0,66.76
United Kingdom,United Kingdom,Creative / communications / print,79000000,gmca <n> marketing manchester business plan <n>-<n>,1,1757000.0,1.0,66.76
United Kingdom,United Kingdom,Creative / communications / print,85311000,independent living support,1,900060.0,1.0,66.76
United Kingdom,United Kingdom,Creative / communications / print,85100000,framework agreement for the provision of primary care at scale services - lot <n> pcas framework: sutton,1,1125000.0,1.0,66.76
United Kingdom,United Kingdom,Creative / communications / print,64000000,bespoke mail service for bowel screening wales,1,933515.0,1.0,66.76
United Kingdom,United Kingdom,Creative / communications / print,35123500,video identification parade system for south yorkshire police,1,558941.0,1.0,66.76
United Kingdom,United Kingdom,Creative / communications / print,85100000,tier <n> gynaecology and urology provision for mid and south essex,1,688146.0,1.0,66.76
United Kingdom,United Kingdom,Creative / communications / print,35512400,floats and gliders,1,1110000.0,1.0,66.76
United Kingdom,United Kingdom,Creative / communications / print,64214400,managed telephony and associated services,1,885000.0,1.0,66.76
United Kingdom,United Kingdom,Creative / communications / print,45261215,the installation of solar panels,1,1426666.66,1.0,66.76
United Kingdom,United Kingdom,Creative / communications / print,85100000,worthing staying well service c<n>,1,598634.0,1.0,66.76
Germany,Germany,Creative / communications / print,63120000,kostüm- und requisitenfundus,1,600438.0,1.0,66.76
United Kingdom,United Kingdom,Creative / communications / print,45315300,ukri-<n> increase to electrical load at bgs keyworth,1,624425.04,1.0,66.76
United Kingdom,United Kingdom,Creative / communications / print,35200000,provision of axon bwv <n>,1,783000.0,1.0,66.76
Quebec,Canada - Quebec,Consulting / research / audit,85121504,médecin conseil à la direction médicale nationale (dmn),3,253120.0,1.0,66.7
United Kingdom,United Kingdom,Consulting / research / audit,66171000,espo call off <n>_<n> consultancy services - cost of care,2,120000.0,1.0,66.7
Quebec,Canada - Quebec,Consulting / research / audit,93141808,conseiller spécial en santé et sécurité du travail,2,120000.0,1.0,66.7
Quebec,Canada - Quebec,Consulting / research / audit,85101503,services professionnels de médecin expert-conseil - évaluations des dossiers d'invalidité - sst (iusmm),2,100000.0,1.0,66.7
Quebec,Canada - Quebec,Consulting / research / audit,80101504,services conseils et d'accompagnement en développement et commercialisation de l'innovation,2,300000.0,1.0,66.7
United Kingdom,United Kingdom,Consulting / research / audit,72224000,project management diagnostic schemes,2,182316.0,1.0,66.7
Quebec,Canada - Quebec,Consulting / research / audit,81111901,abonnement à des bases de données et à des études stratégiques,2,172250.0,1.0,66.7
Quebec,Canada - Quebec,Consulting / research / audit,80111503,services-conseils en relations de travail,2,264500.0,1.0,66.7
United Kingdom,United Kingdom,Consulting / research / audit,79980000,research services – finance,2,179966.83000000002,1.0,66.7
Quebec,Canada - Quebec,Consulting / research / audit,80100000,service d'expertise conseil pour le projet vim-vna,2,121200.0,1.0,66.7
Quebec,Canada - Quebec,Consulting / research / audit,80101507,services-conseils spécialisés pour les projets windows <n> et office <n>,2,131667.5,1.0,66.7
Quebec,Canada - Quebec,Consulting / research / audit,80101507,service professionnel pour conseils stratégiques ti pour la mise en place de santé québec,2,119111.0,1.0,66.7
United Kingdom,United Kingdom,Consulting / research / audit,72221000,cov - early intervention support phase <n> & <n>,1,285000.0,1.0,66.7
United Kingdom,United Kingdom,Consulting / research / audit,73000000,"<n>,<n>",1,190652.0,1.0,66.7
United Kingdom,United Kingdom,Consulting / research / audit,79414000,ukri-<n> specialist global mobility - consultancy support,1,266000.0,1.0,66.7
United Kingdom,United Kingdom,Consulting / research / audit,50111110,lease car insurance brokerage services,1,200000.0,1.0,66.7
Quebec,Canada - Quebec,Consulting / research / audit,80000000,cotisations institutionnelles - u<n> group of canadian research universities,1,100000.0,1.0,66.7
United Kingdom,United Kingdom,Consulting / research / audit,71314300,wmca devolved retrofit pilot,1,224400.0,1.0,66.7
United Kingdom,United Kingdom,Web / digital,50720000,servicing and repairs of gas fired boilers and other equipment to communal/office buildings (<n>-ahl),1,155962.5,4.0,66.7
Quebec,Canada - Quebec,Consulting / research / audit,86132102,soutien au réseau scolaire - alternance travail-études,1,300000.0,1.0,66.7
Quebec,Canada - Quebec,Consulting / research / audit,80191003,services professionnels - études de recevabilité et enquêtes en matière de harcèlement psychologique en milieu de travai,1,100000.0,1.0,66.7
Quebec,Canada - Quebec,Consulting / research / audit,80101600,soutien conseil en psychiatrie legale pour la mise en oeuvre du projet national hspl,1,106740.0,1.0,66.7
United Kingdom,United Kingdom,Consulting / research / audit,71311200,transport consultant for edinburgh bioquarter,1,392056.0,1.0,66.7
United Kingdom,United Kingdom,Consulting / research / audit,73200000,<n> gwct environmental farmers group,1,128050.6,1.0,66.7
Quebec,Canada - Quebec,Consulting / research / audit,80101601,étude de faisabilité,1,266863.0,1.0,66.7
Quebec,Canada - Quebec,Consulting / research / audit,81141901,honoraires professionnels - services conseils et accompagnement equipe de recherche,1,100000.0,1.0,66.7
Quebec,Canada - Quebec,Consulting / research / audit,80122001,négociations avec la nation huronne-wendat et le conseil des innus de uashat mak mani-utenam,1,130000.0,1.0,66.7
Quebec,Canada - Quebec,Consulting / research / audit,80100000,services d'expert-conseil,1,104999.0,1.0,66.7
Quebec,Canada - Quebec,Consulting / research / audit,99000000,contribution financière - institut international d'études administratives de montréal inc.,1,140000.0,1.0,66.7
Quebec,Canada - Quebec,Consulting / research / audit,NO_CODE,"accorder un soutien financier à montréal métropole en santé pour la réalisation des plans d'action de montréal, physique",1,150000.0,1.0,66.7
United Kingdom,United Kingdom,Consulting / research / audit,79221000,tax advisory services for karbon homes,1,211449.0,1.0,66.7
Quebec,Canada - Quebec,Consulting / research / audit,45111901,implantation d'une solution de vidéoconférence dans la salle du conseil,1,112017.84,1.0,66.7
Quebec,Canada - Quebec,Consulting / research / audit,80100000,support administratif et services-conseils en gestion (direction générale),1,100800.0,1.0,66.7
United Kingdom,United Kingdom,Consulting / research / audit,92511000,lexisnexis,1,100524.0,1.0,66.7
United Kingdom,United Kingdom,Consulting / research / audit,73220000,investigation and rapid intervention process,1,200000.0,1.0,66.7
Quebec,Canada - Quebec,Consulting / research / audit,81201500,feasibility study of a deep retrofit - fc smith,1,102700.0,1.0,66.7
United Kingdom,United Kingdom,Consulting / research / audit,34512000,ukri-<n> ship rotations for the purposes of bas staff movements between bird island research station and falklands.,1,211740.0,1.0,66.7
United Kingdom,United Kingdom,Consulting / research / audit,79980000,cpt_<n>_<n> gartner research subscription services,1,390400.0,1.0,66.7
Quebec,Canada - Quebec,Consulting / research / audit,81111000,services professionnels – conseiller technologique sénior,1,146317.19,1.0,66.7
United Kingdom,United Kingdom,Consulting / research / audit,66171000,cpu <n> finance audit review - phase <n>,1,330000.0,1.0,66.7
Quebec,Canada - Quebec,Consulting / research / audit,80000000,services professionnels - services conseil,1,130381.65,1.0,66.7
United Kingdom,United Kingdom,Consulting / research / audit,73110000,dhsc: ohid: decision analytic model and cost effectiveness evaluation sma,1,195711.0,1.0,66.7
Quebec,Canada - Quebec,Consulting / research / audit,77000000,services professionnels - étude géotechnique et caractérisation environnementale sommaire des sols,1,109900.0,1.0,66.7
Quebec,Canada - Quebec,Consulting / research / audit,80101514,services professionnels d’un expert-conseil pour soutenir la direction du service de l’innovation et des technologies,1,146018.25,1.0,66.7
United Kingdom,United Kingdom,Consulting / research / audit,79400000,consultant for travel to school transformation project,1,265000.0,1.0,66.7
United Kingdom,United Kingdom,Consulting / research / audit,80000000,bloomsbury publishing drama online <n>-<n>- subscription option,1,275436.44,1.0,66.7
United Kingdom,United Kingdom,Web / digital,NO_CODE,"ukri-<n> stfc (daresbury) building energy management systems (bems) - maintenance, reactive, remedial and project works",1,460000.0,4.0,66.7
United Kingdom,United Kingdom,Consulting / research / audit,72600000,test/eng/<n> - support of dels,1,200000.0,1.0,66.7
Quebec,Canada - Quebec,Consulting / research / audit,86132102,services-conseils pour l'élaboration de documents et d'instruments d’évaluation pour les programmes d’études science et ,1,110000.0,1.0,66.7
United Kingdom,United Kingdom,Consulting / research / audit,66171000,haringey critical friend consultancy/framework,1,165000.0,1.0,66.7
Quebec,Canada - Quebec,Consulting / research / audit,77101701,<n>-s préparation du devis technique et des études préparatoires pour la restauration du ruisseau thomas-touzin à saint-,1,115170.9,1.0,66.7
United Kingdom,United Kingdom,Consulting / research / audit,79110000,legal services,1,400000.0,1.0,66.7
Quebec,Canada - Quebec,Consulting / research / audit,81100000,mandat d'étude géotechnique - inpl,1,119967.54,1.0,66.7
United Kingdom,United Kingdom,Consulting / research / audit,79111000,pepr - statutory appointment of a pro - legal advice,1,120000.0,1.0,66.7
Quebec,Canada - Quebec,Consulting / research / audit,81200000,analyse immobilière et étude d’évaluation de l’option de réfection du barrage au <n> avenue saint-jérôme matane qc g<n>w,1,129955.0,1.0,66.7
United Kingdom,United Kingdom,Consulting / research / audit,66171000,place shaping professional services,1,300000.0,1.0,66.7
Quebec,Canada - Quebec,Consulting / research / audit,95000000,"services professionnels - (<n>, rue young) - étude géotechnique et hydrogéologique/caractérisation environnementale des ",1,137613.23,1.0,66.7
United Kingdom,United Kingdom,Consulting / research / audit,79312000,,1,114266.67,1.0,66.7
United Kingdom,United Kingdom,Web / digital,50230000,provision of winter maintenance (gritting),1,127441.0,4.0,66.7
United Kingdom,United Kingdom,Consulting / research / audit,72224000,"appointment of a technical approval authority, project manager and site supervisor - nepo <n> lot <n> call off",1,152289.54,1.0,66.7
United Kingdom,United Kingdom,Consulting / research / audit,71315200,ml<n>/<n> - lift consultancy,1,150000.0,1.0,66.7
United Kingdom,United Kingdom,Consulting / research / audit,79410000,cov - one coventry prevention services,1,277000.0,1.0,66.7
Quebec,Canada - Quebec,Consulting / research / audit,80111503,conseiller stratégique en négociation pour le comité de rémunération des juges,1,335400.0,1.0,66.7
United Kingdom,United Kingdom,Consulting / research / audit,79212000,statutory audit services,1,169500.0,1.0,66.7
Quebec,Canada - Quebec,Consulting / research / audit,81101527,"étude d'avant-projet pour la capacité de pompage du réseau d'égout sanitaire, la mise à niveau des postes de pompage p<n",1,110376.0,1.0,66.7
United Kingdom,United Kingdom,Consulting / research / audit,72221000,targetted support,1,291500.0,1.0,66.7
Quebec,Canada - Quebec,Consulting / research / audit,80101601,"offre de service ""étude de faisabilité - système intelligent de production""",1,132788.0,1.0,66.7
Quebec,Canada - Quebec,Consulting / research / audit,80101500,services conseil stratégique ia examens,1,126000.0,1.0,66.7
Quebec,Canada - Quebec,Consulting / research / audit,81201500,"développement du centre-ville communautaire (étude de potentiel, estimation budgétaire et projet)",1,132853.61,1.0,66.7
United Kingdom,United Kingdom,Consulting / research / audit,85130000,national dental epidemiology programme service,1,360700.0,1.0,66.7
Quebec,Canada - Quebec,Consulting / research / audit,85101715,médecin expert conseil,1,105000.0,1.0,66.7
Quebec,Canada - Quebec,Consulting / research / audit,80101601,contrat de service pour la réalisation d'un mandat d'étude sur les besoins en stationnement,1,101680.0,1.0,66.7
United Kingdom,United Kingdom,Consulting / research / audit,79900000,property advisory services,1,285000.0,1.0,66.7
Quebec,Canada - Quebec,Consulting / research / audit,42294400,achat des dispositifs implantés dans le cadre de l’étude (valve sapien m<n>),1,177000.0,1.0,66.7
United Kingdom,United Kingdom,Consulting / research / audit,79952000,ukri-<n> harwell open week,1,128885.0,1.0,66.7
Quebec,Canada - Quebec,Consulting / research / audit,81101507,service professionnel pour la réalisation d’une étude d’avant-projet pour les travaux de mise aux normes des ouvrages de,1,113250.28,1.0,66.7
United Kingdom,United Kingdom,Consulting / research / audit,71314300,renewable energy delivery plan year <n>,1,333333.0,1.0,66.7
United Kingdom,United Kingdom,Consulting / research / audit,71241000,unlocking space for government - government service adoption,1,237917.0,1.0,66.7
United Kingdom,United Kingdom,Consulting / research / audit,38000000,purchase of research raman microscope,1,232710.6,1.0,66.7
Quebec,Canada - Quebec,Consulting / research / audit,93141813,agir à titre de conseillère experte sur différents mandats en gestion immobilière,1,118000.0,1.0,66.7
Quebec,Canada - Quebec,Consulting / research / audit,77000000,études géotechniques et caractérisation environnementale – site,1,119971.0,1.0,66.7
United Kingdom,United Kingdom,Consulting / research / audit,72224000,wednesbury town centre building improvement project (wednesbury levelling up partnership),1,100000.0,1.0,66.7
United Kingdom,United Kingdom,Consulting / research / audit,42931100,element avanti,1,290640.0,1.0,66.7
Quebec,Canada - Quebec,Consulting / research / audit,81101514,étude géotechnique et environnementale - réfection rue desjardins (st-andré-st-pierre),1,108076.5,1.0,66.7
United Kingdom,United Kingdom,Consulting / research / audit,79411100,rosewell review- stage <n>,1,153061.22,1.0,66.7
Quebec,Canada - Quebec,Consulting / research / audit,80100000,conseils stratégiques sur la modernisation de la prévention - inspection,1,130000.0,1.0,66.7
United Kingdom,United Kingdom,Consulting / research / audit,75251110,fire safety consultancy - byker,1,354000.0,1.0,66.7
United Kingdom,United Kingdom,Consulting / research / audit,80000000,cold spring harbor transitional read and publish <n>-<n>,1,358489.71,1.0,66.7
Germany,Germany,Consulting / research / audit,72314000,<n>.<n>_<n> crowdworking plattform,1,480000.0,1.0,66.7
Quebec,Canada - Quebec,Consulting / research / audit,83100000,<n>-<n>-qz<n> - effectuer une étude de suivi de performance de produits abat-poussière et stabilisants pour les chaussée,1,126630.08,1.0,66.7
United Kingdom,United Kingdom,Consulting / research / audit,71241000,ukri-<n> bas functionality & decant study net zero feasibility,1,400000.0,1.0,66.7
United Kingdom,United Kingdom,Consulting / research / audit,73000000,building the evidence base for the due diligence legislation,1,150000.0,1.0,66.7
Quebec,Canada - Quebec,Consulting / research / audit,NO_CODE,étude hydrologique et hydraulique du lac tremblant,1,101804.61,1.0,66.7
Quebec,Canada - Quebec,Consulting / research / audit,80100000,expert-conseil en trajectoire chirurgicale et accompagnement du rsss,1,120000.0,1.0,66.7
Quebec,Canada - Quebec,Consulting / research / audit,80100000,services-conseils pour l’analyse des économies gouvernementales du cag,1,115000.0,1.0,66.7
United Kingdom,United Kingdom,Consulting / research / audit,71311210,<n>.<n>,1,138000.0,1.0,66.7
Quebec,Canada - Quebec,Consulting / research / audit,80100000,services conseils – revue de mandat de la société québécoise des infrastructures,1,117500.0,1.0,66.7
Quebec,Canada - Quebec,Consulting / research / audit,NO_CODE,contribution financière à conseil québécois du commerce de détail (cqcd),1,287375.0,1.0,66.7
Quebec,Canada - Quebec,Consulting / research / audit,80100000,conseiller académique pour l'académie de transformation numérique,1,120000.0,1.0,66.7
Quebec,Canada - Quebec,Consulting / research / audit,77000000,étude environnementale complémentaire,1,116005.0,1.0,66.7
Quebec,Canada - Quebec,Consulting / research / audit,86000000,consultancy for alternatice education service agreement,1,231480.0,1.0,66.7
United Kingdom,United Kingdom,Web / digital,NO_CODE,cbc-<n>-t-ts passenger lift maintenance,1,360000.0,5.0,66.7
Quebec,Canada - Quebec,Consulting / research / audit,77000000,étude de caractérisation environnementale et géotechnique du fond marin au port de gros-cacouna,1,132500.0,1.0,66.7
United Kingdom,United Kingdom,Consulting / research / audit,79410000,hisopathology outsourcing,1,100000.0,1.0,66.7
Quebec,Canada - Quebec,Consulting / research / audit,81113000,gestion du projet de transformation numérique de l’aide financière aux études,1,120000.0,1.0,66.7
Quebec,Canada - Quebec,Consulting / research / audit,80100000,service conseil en matière de dopage en contexte sportif et récréatif,1,107000.0,1.0,66.7
United Kingdom,United Kingdom,Consulting / research / audit,73200000,<n>a-fwag south west - somerset local delivery,1,157330.16,1.0,66.7
Quebec,Canada - Quebec,Consulting / research / audit,80101513,services d’un conseiller stratégique à titre de membre du comité d'experts qui assistera la société dans la mise en œuvr,1,131200.0,1.0,66.7
Quebec,Canada - Quebec,Consulting / research / audit,77101705,services conseil en économie circulaire,1,115000.0,1.0,66.7
Quebec,Canada - Quebec,Consulting / research / audit,86132102,experte-conseil pour les programmes d'épreuves de reconnaissance,1,110000.0,1.0,66.7
Quebec,Canada - Quebec,Consulting / research / audit,77000000,"études préliminaires - stabilisation <n>, chemin guilbault",1,106696.8,1.0,66.7
United Kingdom,United Kingdom,Consulting / research / audit,73000000,elm convenor advisory board for hampshire – phase <n>,1,249427.4,1.0,66.7
United Kingdom,United Kingdom,Consulting / research / audit,72224000,project director for hif<n>,1,454180.0,1.0,66.7
United Kingdom,United Kingdom,Consulting / research / audit,66170000,provision of electronic payment services,1,260000.0,1.0,66.7
Quebec,Canada - Quebec,Consulting / research / audit,80101600,amaris conseil,1,120000.0,1.0,66.7
United Kingdom,United Kingdom,Consulting / research / audit,38512200,da<n> falcon upgrade,1,121023.24,1.0,66.7
Quebec,Canada - Quebec,Consulting / research / audit,94101802,services conseils en négociations de de conventions collectives,1,125000.0,1.0,66.7
Quebec,Canada - Quebec,Consulting / research / audit,80100000,services-conseils en matière de gestion des opération de traversiers - luc fournier,1,120000.0,1.0,66.7
Quebec,Canada - Quebec,Consulting / research / audit,80101513,services d’une conseillère stratégique à titre de membre du comité d'experts qui assistera la société dans la mise en œu,1,131200.0,1.0,66.7
Quebec,Canada - Quebec,Consulting / research / audit,80100000,services professionnels d'expert conseil pour l'accompagnement du réseau de l'éducation afin d'améliorer les pratiques d,1,135350.0,1.0,66.7
United Kingdom,United Kingdom,Consulting / research / audit,38510000,benchtop imaging microscope for neuroscience research,1,345825.0,1.0,66.7
United Kingdom,United Kingdom,Consulting / research / audit,71314300,appointment of a project team for solar farm development,1,417173.46,1.0,66.7
Quebec,Canada - Quebec,Consulting / research / audit,41100000,"day rate, including helicopter, alpis survey syste",1,102875.0,1.0,66.7
Quebec,Canada - Quebec,Consulting / research / audit,81100000,"contrat gré à gré à avizo experts-conseils inc., pour des serv. prof. de préparation de plans & devis, surveillance des ",1,113825.25,1.0,66.7
Quebec,Canada - Quebec,Consulting / research / audit,80100000,services-conseils pour des activités d’optimisation des ressources dédiées au transport scolaire,1,106000.0,1.0,66.7
Quebec,Canada - Quebec,Consulting / research / audit,81101700,expert-conseil en télécom - mcl,1,110307.02,1.0,66.7
Quebec,Canada - Quebec,Consulting / research / audit,80111621,services-conseils en innovation et en recherche et développement (r&d),1,120000.0,1.0,66.7
Quebec,Canada - Quebec,Consulting / research / audit,81160000,désuétude project online (pwa),1,109020.0,1.0,66.7
United Kingdom,United Kingdom,Consulting / research / audit,79400000,consutlancy services for clinical transformation framework to deliver the welsh government’s mental health and wellbeing,1,246000.0,1.0,66.7
Quebec,Canada - Quebec,Consulting / research / audit,72101505,service conseils et préventif en serrurerie,1,132720.47,1.0,66.7
United Kingdom,United Kingdom,Consulting / research / audit,72330000,classification of marine vessels,1,200000.0,1.0,66.7
Quebec,Canada - Quebec,Consulting / research / audit,82111802,<n>-s rédaction d’un guide pour la réalisation d’une étude hydrogéomorphologique (hgm) et mise à jour de l’aide-mémoire ,1,130785.0,1.0,66.7
Germany,Germany,Language / transcription,71900000,sequenzierungen,1,224571.36,5.0,66.7
Quebec,Canada - Quebec,Consulting / research / audit,80101622,conseiller stratégique senior du bureau de coordination réseau,1,119890.0,1.0,66.7
Quebec,Canada - Quebec,Consulting / research / audit,80101601,services professionnels pour projet d'étude sur la création d'un écosystème énergétique et chimique,1,350000.0,1.0,66.7
Quebec,Canada - Quebec,Consulting / research / audit,93142000,"étude sur les besoins en espaces, les potentiels de développement, de requalification, de consolidation et de densificat",1,103017.6,1.0,66.7
United Kingdom,United Kingdom,Consulting / research / audit,72224000,support to the dfe early years childcare portfolio,1,401000.0,1.0,66.7
United Kingdom,United Kingdom,Consulting / research / audit,73000000,project anchor phase <n>,1,427756.49,1.0,66.7
Quebec,Canada - Quebec,Consulting / research / audit,43232610,remplacement par désuétude des serveurs et infrastructure,1,120983.63,1.0,66.7
Quebec,Canada - Quebec,Consulting / research / audit,80000000,contrat pour conseillere medicale stratégique au dsp,1,112125.0,1.0,66.7
United Kingdom,United Kingdom,Consulting / research / audit,79410000,asset verification exercise,1,377468.0,1.0,66.7
United Kingdom,United Kingdom,Consulting / research / audit,79410000,ukri-<n> - service review,1,116000.0,1.0,66.7
Quebec,Canada - Quebec,Consulting / research / audit,77101705,"service conseil - laboratoire d'accélération en économie circulaire pour le secteur des textiles ""lab textiles""",1,115000.0,1.0,66.7
Quebec,Canada - Quebec,Consulting / research / audit,81100000,honoraires professionnels pour étude de faisabilité d'un projet de services écoénergétiques,1,106819.93,1.0,66.7
Quebec,Canada - Quebec,Consulting / research / audit,77000000,services professionnels – études géotechniques et environnementales,1,100948.05,1.0,66.7
Quebec,Canada - Quebec,Consulting / research / audit,81111000,conseils stratégiques en transformation organisationnelle,1,125000.0,1.0,66.7
Quebec,Canada - Quebec,Consulting / research / audit,80101507,services professionnels conseiller technologique en téléphonie,1,119480.0,1.0,66.7
United Kingdom,United Kingdom,Consulting / research / audit,72224000,strategic development advisor,1,305990.0,1.0,66.7
Quebec,Canada - Quebec,Consulting / research / audit,80000000,entente sectorielle valorisation du patrimoine - services pour la proposition d'un plan d'action à la suite de l'étude h,1,103706.65,1.0,66.7
Quebec,Canada - Quebec,Consulting / research / audit,93141800,service conseil régime de retraite,1,119574.0,1.0,66.7
Quebec,Canada - Quebec,Consulting / research / audit,80101601,services professionnels - étude,1,103454.51,1.0,66.7
United Kingdom,United Kingdom,Consulting / research / audit,79212300,"darlington memorial hospital, hollyhurst road, darlington, dl<n> <n>hx contract title: provision of external audit via c",1,319020.0,1.0,66.7
Quebec,Canada - Quebec,Consulting / research / audit,85101707,sservices-conseils en accompagnement méthodologique et mise en œuvre d'évaluations de la performance axée sur la valeur,1,132300.0,1.0,66.7
Quebec,Canada - Quebec,Consulting / research / audit,NO_CODE,mandat de services professionnels pour l'étude géotechnique et caractérisation environnementale phase ii du boul. de mon,1,107365.15,1.0,66.7
United Kingdom,United Kingdom,Consulting / research / audit,77211400,award of contract to manage ash dieback,1,440000.0,1.0,66.7
United Kingdom,United Kingdom,Consulting / research / audit,38432200,dual channel ics-<n> system & two vanquish core hplc,1,190000.0,1.0,66.7
United Kingdom,United Kingdom,Consulting / research / audit,71241000,project kray <n>.<n> - hangar,1,299979.0,1.0,66.7
Quebec,Canada - Quebec,Consulting / research / audit,80101507,expertise conseil - microsoft purview,1,133600.0,1.0,66.7
Quebec,Canada - Quebec,Consulting / research / audit,77000000,réalisation d’une étude géotechnique et une caractérisation environnementale-projet parc ind. <n>e rue,1,103235.0,1.0,66.7
United Kingdom,United Kingdom,Consulting / research / audit,71317100,fire risk assessments,1,162770.0,1.0,66.7
Quebec,Canada - Quebec,Consulting / research / audit,23152203,achat de bancs didactiques - programme mea au centre d'études professionnelles saint-jérôme,1,110000.0,1.0,66.7
Quebec,Canada - Quebec,Consulting / research / audit,81110000,<n>-<n>-qf<n> - conseils spécialisés pour de l'évolution et la mise en place d'une base de données de gestion des config,1,441056.0,1.0,66.7
United Kingdom,United Kingdom,Consulting / research / audit,71315200,appointment of subcontractor for alchemai project,1,174884.0,1.0,66.7
United Kingdom,United Kingdom,Consulting / research / audit,73110000,fts - creation of a specification for an open standardised protocol bridge between openadr <n>.<n> to matter bridge,1,181810.0,1.0,66.7
United Kingdom,United Kingdom,Consulting / research / audit,73000000,human uplift study – platform and recruitment support,1,220000.0,1.0,66.7
United Kingdom,United Kingdom,Consulting / research / audit,79410000,nepro - organisational review encompassing priority-based budgeting and savings,1,110000.0,1.0,66.7
United Kingdom,United Kingdom,Consulting / research / audit,73200000,wt/nt sfi and cs+ agroforestry,1,170377.8,1.0,66.7
United Kingdom,United Kingdom,Consulting / research / audit,79411000,review of regional hubs,1,140000.0,1.0,66.7
United Kingdom,United Kingdom,Consulting / research / audit,79111000,external advice - housing development grants,1,105000.0,1.0,66.7
United Kingdom,United Kingdom,Consulting / research / audit,42000000,purchase of ameca humanoid robot (<n>nd generation),1,233150.0,1.0,66.7
United Kingdom,United Kingdom,Web / digital,90000000,bulk refuse collection services,1,181434.0,5.0,66.7
Quebec,Canada - Quebec,Consulting / research / audit,80101621,services-conseils livraison projets ti,1,110000.0,1.0,66.7
Quebec,Canada - Quebec,Consulting / research / audit,80100000,conseil en immobilisation & management (cim),1,119350.0,1.0,66.7
United Kingdom,United Kingdom,Consulting / research / audit,31121110,ukri-<n> super musr hv power supplies,1,362096.94,1.0,66.7
United Kingdom,United Kingdom,Consulting / research / audit,73400000,delivery of ibcs and faad c<n> concept studies,1,171539.67,1.0,66.7
Quebec,Canada - Quebec,Consulting / research / audit,72000000,travaux d'aménagement d'un immeuble en location pour le centre d'études professionnelles saint-jérôme,1,120000.0,1.0,66.7
Quebec,Canada - Quebec,Consulting / research / audit,80101504,services professionnels d'un conseiller stratégique senior visant la mise en place d'un plan d'accompagnement du program,1,119600.0,1.0,66.7
Quebec,Canada - Quebec,Consulting / research / audit,NO_CODE,services professionnels - experts-conseil filtration membranaire,1,117705.65,1.0,66.7
United Kingdom,United Kingdom,Consulting / research / audit,72220000,itrent and data transformation consulting,1,217540.0,1.0,66.7
United Kingdom,United Kingdom,Consulting / research / audit,71315200,wycombe redevelopment project management support,1,226157.0,1.0,66.7
Germany,Germany,Web / digital,66114000,fahrrad-leasing,1,283495.84,4.0,66.7
United Kingdom,United Kingdom,Consulting / research / audit,72100000,multi-disciplinary technical support in relation to the blackpool silicon sands initiative,1,385023.0,1.0,66.7
United Kingdom,United Kingdom,Consulting / research / audit,73000000,pl<n> research & review of the emergency action plan and homelessness services <n>,1,181523.0,1.0,66.7
United Kingdom,United Kingdom,Consulting / research / audit,73200000,<n>a pilio - local delivery buckinghamshire,1,184919.76,1.0,66.7
Quebec,Canada - Quebec,Consulting / research / audit,81160000,accompagnement et conseil stratégique,1,122500.0,1.0,66.7
Quebec,Canada - Quebec,Consulting / research / audit,81112001,traitement des demandes d’admission pour des attestations d’études professionnelles,1,200000.0,1.0,66.7
Germany,Germany,Consulting / research / audit,50117100,umrüstung von <n> vw e-craftern zum personenshuttle,1,237523.0,1.0,66.7
Quebec,Canada - Quebec,Consulting / research / audit,83000000,service professionnel en consulting,1,105225.12,1.0,66.7
Quebec,Canada - Quebec,Consulting / research / audit,81111000,service professionnels expert-conseiller vmware,1,115125.64,1.0,66.7
Quebec,Canada - Quebec,Consulting / research / audit,NO_CODE,mandat de services professionnels - étude de faisabilité et concept d'une piscine extérieure au complexe aquatique lauri,1,104799.71,1.0,66.7
United Kingdom,United Kingdom,Language / transcription,79540000,interpretation services - deaf blind and dual sensory,1,158261.0,5.0,66.7
United Kingdom,United Kingdom,Consulting / research / audit,71621000,ukri-<n> epsrc evaluations - lot <n> - ai investments,1,499060.0,1.0,66.7
Quebec,Canada - Quebec,Consulting / research / audit,80100000,services-conseils en indicateurs financiers,1,106470.0,1.0,66.7
Quebec,Canada - Quebec,Consulting / research / audit,80101511,services conseil,1,165255.64,1.0,66.7
Quebec,Canada - Quebec,Consulting / research / audit,81112000,services professionnels d'expert conseil pour le cadre de gouvernance de la donnée,1,130000.0,1.0,66.7
Germany,Germany,Web / digital,45324000,"trockenbauarbeiten, anne-frank-schule",1,486987.71,4.0,66.7
United Kingdom,United Kingdom,Consulting / research / audit,79418000,strategic procurement and commercial support services,1,100000.0,1.0,66.7
United Kingdom,United Kingdom,Consulting / research / audit,71311300,independent review of west midlands capital infrastructure,1,151530.61,1.0,66.7
United Kingdom,United Kingdom,Consulting / research / audit,38000000,liquid handling systems,1,399263.03,1.0,66.7
United Kingdom,United Kingdom,Consulting / research / audit,79300000,uk international traders survey wave <n>,1,127950.0,1.0,66.7
United Kingdom,United Kingdom,Consulting / research / audit,90731100,cumbria atmospheric nitrogen study,1,249316.0,1.0,66.7
United Kingdom,United Kingdom,Consulting / research / audit,63110000,ukri-<n> cargo transportation from antarctica to cape town for <n>-<n> season,1,127609.5,1.0,66.7
United Kingdom,United Kingdom,Consulting / research / audit,72220000,anesthetics rota system,1,145500.0,1.0,66.7
Quebec,Canada - Quebec,Consulting / research / audit,99000000,"contribution financière, à l'institut international d'études administratives de montréal inc",1,140000.0,1.0,66.7
United Kingdom,United Kingdom,Web / digital,77312100,sbc<n> provision of weed spray application,1,145862.99,5.0,66.7
Quebec,Canada - Quebec,Consulting / research / audit,NO_CODE,services professionnels d'un conseiller stratégique en gestion de projets et négociations,1,378195.09,1.0,66.7
United Kingdom,United Kingdom,Consulting / research / audit,79400000,cov - childrens services - change consultancy support,1,492000.0,1.0,66.7
United Kingdom,United Kingdom,Consulting / research / audit,79400000,mayoral development corporation support- phase <n>,1,485000.0,1.0,66.7
Quebec,Canada - Quebec,Consulting / research / audit,77141700,étude géotechnique exploratoire et caractérisation environnementale – phase ii,1,103402.0,1.0,66.7
United Kingdom,United Kingdom,Consulting / research / audit,85322000,lewisham <n>/<n> community mental health centre evaluation,1,425000.0,1.0,66.7
Quebec,Canada - Quebec,Consulting / research / audit,43232306,renouvellement emarketer data research,1,103883.0,1.0,66.7
Quebec,Canada - Quebec,Consulting / research / audit,84101501,contribution financière au conseil des éducateurs noirs du québec dans le cadre de la convention d'aide financière prove,1,206081.0,1.0,66.7
Quebec,Canada - Quebec,Consulting / research / audit,NO_CODE,services conseils en matière de régimes de retraite,1,119574.0,1.0,66.7
United Kingdom,United Kingdom,Consulting / research / audit,73110000,distracted driver and seatbelt detection technology survey,1,342090.0,1.0,66.7
Quebec,Canada - Quebec,Consulting / research / audit,81160000,services-conseils spécialisés pour un accompagnement dans la mise en place d'un crc,1,120000.0,1.0,66.7
Quebec,Canada - Quebec,Consulting / research / audit,80161500,services conseils pour l'intégration de santé québec aux systèmes de retraite québec (mrr),1,119000.0,1.0,66.7
United Kingdom,United Kingdom,Consulting / research / audit,03313000,aquatic research facilities,1,240430.0,1.0,66.7
Quebec,Canada - Quebec,Consulting / research / audit,85000000,acquisition de services de médecin conseil et médecin désigné,1,271887.13,1.0,66.7
United Kingdom,United Kingdom,Consulting / research / audit,73220000,support for local government reorganisation pre-decision preparation,1,120000.0,1.0,66.7
United Kingdom,United Kingdom,Consulting / research / audit,70330000,property asset valuation services,1,250000.0,1.0,66.7
Quebec,Canada - Quebec,Consulting / research / audit,81160000,services conseils - sécurité dans les projets,1,115000.0,1.0,66.7
United Kingdom,United Kingdom,Consulting / research / audit,79200000,internal audit and counter fraud service,1,200750.0,1.0,66.7
United Kingdom,United Kingdom,Consulting / research / audit,33159000,instrument to measure binding kinetics and thermodynamics parameters in individual cells in a high-throughput format.,1,299500.0,1.0,66.7
United Kingdom,United Kingdom,Consulting / research / audit,73200000,purch<n> – ppe<n> direct award for the provision of specialist consulting,1,262500.0,1.0,66.7
United Kingdom,United Kingdom,Consulting / research / audit,73000000,southern & mid staffordshire local government reorganisation consultancy support,1,185000.0,1.0,66.7
United Kingdom,United Kingdom,Consulting / research / audit,66110000,integrated payment platform,1,379500.0,1.0,66.7
Quebec,Canada - Quebec,Consulting / research / audit,93251000,services de témoin expert pour le secrétariat du conseil du trésor,1,148800.0,1.0,66.7
United Kingdom,United Kingdom,Consulting / research / audit,73100000,mk<n> sensor development,1,249030.95,1.0,66.7
United Kingdom,United Kingdom,Consulting / research / audit,75121000,qualification checks,1,250000.0,1.0,66.7
United Kingdom,United Kingdom,Web / digital,38000000,cell sorter,1,288759.83,5.0,66.7
Quebec,Canada - Quebec,Consulting / research / audit,80172000,conseiller en stratégies relationnelles et gestionnaire de produits,1,128205.0,1.0,66.7
Quebec,Canada - Quebec,Consulting / research / audit,80350000,contrat de services professionnels - expert-conseil,1,100000.0,1.0,66.7
Quebec,Canada - Quebec,Consulting / research / audit,80101601,<n>-s étude spécialisée en ethnographie dans le cadre du projet de création du parc national-de la côte-de-charlevoix,1,100915.0,1.0,66.7
Quebec,Canada - Quebec,Consulting / research / audit,80100000,offrir des services conseils pour le secteur de la défense et de la sécurité.,1,138000.0,1.0,66.7
Quebec,Canada - Quebec,Consulting / research / audit,86101601,services professionnels -conseiller stratégique à la direction générale en ressources informationnelles et technologies ,1,119140.0,1.0,66.7
Quebec,Canada - Quebec,Consulting / research / audit,71171800,sp étude hydrodynamique des courants,1,118663.5,1.0,66.7
Quebec,Canada - Quebec,Consulting / research / audit,80101504,services conseil-expert dans différents dossiers stratégiques touchant les services éducatifs aux élèves autochtones,1,114325.0,1.0,66.7
United Kingdom,United Kingdom,Consulting / research / audit,30132300,cytek aurora cell sorter - irr,1,384357.02,1.0,66.7
Quebec,Canada - Quebec,Consulting / research / audit,81110000,conseiller stratégique en gestion et gouvernancevolet analyste d'affaires,1,120000.0,1.0,66.7
Quebec,Canada - Quebec,Consulting / research / audit,84100000,frr <n> - fonds résiduels-étude complémentaire lien cyclable granby-sainte-cécile-de-milton,1,100000.0,1.0,66.7
Quebec,Canada - Quebec,Consulting / research / audit,81101505,étude sur la sécurité du barrage éric,1,111269.08,1.0,66.7
Quebec,Canada - Quebec,Consulting / research / audit,85131709,services professionnels d'un conseiller(e) en génétique clinique,1,107520.0,1.0,66.7
United Kingdom,United Kingdom,Consulting / research / audit,79411000,ne target operating model,1,249565.0,1.0,66.7
Quebec,Canada - Quebec,Consulting / research / audit,80101500,conseils en organisation du travail pour le programme « service bureautique gouvernemental »,1,108972.5,1.0,66.7
Quebec,Canada - Quebec,Consulting / research / audit,80100000,apport méthodologique aux travaux de modernisation du programme d'études soins infirmiers,1,248500.0,1.0,66.7
Quebec,Canada - Quebec,Consulting / research / audit,81160000,services-conseils et expertise de services en infrastructures technologiques,1,130000.0,1.0,66.7
Quebec,Canada - Quebec,Consulting / research / audit,81111000,conseil spécialisé pour une preuve de concept en extraction de règles d’affaires,1,125000.0,1.0,66.7
United Kingdom,United Kingdom,Consulting / research / audit,90922000,curo reactive pest control,1,100000.0,1.0,66.7
United Kingdom,United Kingdom,Consulting / research / audit,66171000,strategic advice on property lease hold,1,250000.0,1.0,66.7
Quebec,Canada - Quebec,Consulting / research / audit,80100000,apport méthodologique aux travaux d'analyse de profession des infirmières et infirmiers et services-conseils aux équipes,1,110000.0,1.0,66.7
Quebec,Canada - Quebec,Consulting / research / audit,80101601,mandat d’étude de planification stratégique de réalisation de projet,1,115888.5,1.0,66.7
Quebec,Canada - Quebec,Consulting / research / audit,81111000,services professionnels conseil pki certificats,1,119982.16,1.0,66.7
Quebec,Canada - Quebec,Consulting / research / audit,80101500,services conseils en gestion du changement,1,132975.0,1.0,66.7
Quebec,Canada - Quebec,Consulting / research / audit,77101700,<n>s<n> - service d'expertise-conseil en génie cotier et hydraulique,1,118000.0,1.0,66.7
Quebec,Canada - Quebec,Consulting / research / audit,85000000,expert-conseil en trajectoire chirurgicale et accompagnement du rsss,1,120000.0,1.0,66.7
United Kingdom,United Kingdom,Consulting / research / audit,73400000,<n>b integrated pest management – evidence and guidance,1,116920.0,1.0,66.7
Quebec,Canada - Quebec,Consulting / research / audit,81100000,étude environnementale de site phase <n> et étude géotechnique,1,106913.75,1.0,66.7
United Kingdom,United Kingdom,Consulting / research / audit,79414000,td<n>- shared cost additional voluntary contributions (pension),1,149040.0,1.0,66.7
United Kingdom,United Kingdom,Consulting / research / audit,79970000,springernature read and publish agreement for ukhsa staff,1,144822.0,1.0,66.7
Quebec,Canada - Quebec,Consulting / research / audit,80101507,sp recherches et de conseils technologiques avancés de gartner canada co,1,173510.0,1.0,66.7
United Kingdom,United Kingdom,Consulting / research / audit,98300000,"epcs and eicrs - surveys, inspections & testing",1,430000.0,1.0,66.7
United Kingdom,United Kingdom,Consulting / research / audit,73000000,ai safety guardrails evaluation,1,255600.0,1.0,66.7
United Kingdom,United Kingdom,Consulting / research / audit,71317210,procurement of fire risk assessment services via southeast consortium framework (sec) lot <n> of the compliance consulta,1,420000.0,1.0,66.7
United Kingdom,United Kingdom,Consulting / research / audit,72221000,citb consultancy,1,229025.0,1.0,66.7
Quebec,Canada - Quebec,Consulting / research / audit,80100000,contrat de services <n>-<n> abel bosum consulting,1,180000.0,1.0,66.7
Quebec,Canada - Quebec,Consulting / research / audit,80101504,"conseils stratégique pour la mise en place du bureau de soutien à la transformation numérique, aux opérations et valoris",1,119980.0,1.0,66.7
United Kingdom,United Kingdom,Consulting / research / audit,79410000,change and transformation - social care reform,1,105263.15,1.0,66.7
Quebec,Canada - Quebec,Consulting / research / audit,84111802,conseil expert en fiscalité,1,125000.0,1.0,66.7
United Kingdom,United Kingdom,Consulting / research / audit,79410000,ukri-<n> healthy ageing catalyst accelerator keeping in touch and development work,1,180000.0,1.0,66.7
Quebec,Canada - Quebec,Consulting / research / audit,80000000,"accompagnement, soutien et conseil de la direction generale et de la drection des finances",1,316050.0,1.0,66.7
United Kingdom,United Kingdom,Consulting / research / audit,79414000,us_<n> - ht support,1,175000.0,1.0,66.7
Quebec,Canada - Quebec,Consulting / research / audit,80101601,contrat de service de recherche relatif à une étude portant sur le développement d'un procédé de capture du dioxyde de c,1,137970.0,1.0,66.7
United Kingdom,United Kingdom,Consulting / research / audit,73110000,"term contract for the supply of rna extraction, mrna sequencing, and bioinformatics analysis from blood samples",1,200000.0,1.0,66.7
Quebec,Canada - Quebec,Consulting / research / audit,86141501,traitement des demandes d'admission pour des attestations d'études professionnelles,1,135750.0,1.0,66.7
Quebec,Canada - Quebec,Consulting / research / audit,70171503,services professionnels- études hydrologiques - bassin versant ruisseau perchaude,1,108651.38,1.0,66.7
United Kingdom,United Kingdom,Consulting / research / audit,73220000,development of existing clinical pathway from online testing platform,1,117471.0,1.0,66.7
Quebec,Canada - Quebec,Consulting / research / audit,80000000,expert-conseil en trajectoire chirurgicale et programme de récupération améliorer après la chirurgie (raac),1,120000.0,1.0,66.7
Quebec,Canada - Quebec,Consulting / research / audit,81111000,conseils spécialisés en conversion et migration de données,1,126000.0,1.0,66.7
Germany,Germany,Consulting / research / audit,50000000,inspektion und wartung der wasserstoffinfrastruktur,1,380728.0,1.0,66.7
United Kingdom,United Kingdom,Consulting / research / audit,79400000,lgr portfolio mobilisation consultancy,1,195000.0,1.0,66.7
United Kingdom,United Kingdom,Web / digital,98371000,provision of funeral service arrangements for public health funerals,1,300000.0,4.0,66.7
United Kingdom,United Kingdom,Consulting / research / audit,80000000,micro courses for uoe student experience services,1,228075.0,1.0,66.7
Quebec,Canada - Quebec,Consulting / research / audit,99000000,"subvention, : institut international d'études administratives de montréal inc.",1,140000.0,1.0,66.7
Quebec,Canada - Quebec,Consulting / research / audit,84121701,conseiller expert en placement pour le comité de retraite du rrapsc,1,117681.0,1.0,66.7
Quebec,Canada - Quebec,Consulting / research / audit,81160000,analyse des processus d'affaires et de l’écosystème liés aux demandes d'aide financière aux études,1,120000.0,1.0,66.7
Quebec,Canada - Quebec,Consulting / research / audit,NO_CODE,soutien financier à l'organisme conseil de l'île de montréal (csm) afin de contribuer au développement du sport de haut ,1,325000.0,1.0,66.7
Quebec,Canada - Quebec,Consulting / research / audit,81131500,services d'étude de la mobilité,1,137970.0,1.0,66.7
Quebec,Canada - Quebec,Consulting / research / audit,86140000,services professionnels d'expert conseil pour la supervision des étapes des copies de l'épreuve ministérielle,1,109200.0,1.0,66.7
United Kingdom,United Kingdom,Web / digital,38000000,high speed nanoindenter,1,115000.0,4.0,66.7
Quebec,Canada - Quebec,Consulting / research / audit,85131700,services pour étude coût-utilité en économie pour la leucémie myéloïde aigue,1,116800.0,1.0,66.7
Quebec,Canada - Quebec,Consulting / research / audit,80100000,serv prof soutien et expert conseil - dre diane poirier,1,129900.0,1.0,66.7
Quebec,Canada - Quebec,Consulting / research / audit,81100000,services professionnels pour la consolidations des études géotechniques et hydrogéologiques,1,105701.12,1.0,66.7
United Kingdom,United Kingdom,Consulting / research / audit,73000000,assisted model security red teaming with human experts,1,160750.23,1.0,66.7
Quebec,Canada - Quebec,Consulting / research / audit,80101504,services de conseil - études d'élasticité,1,131471.03,1.0,66.7
Quebec,Canada - Quebec,Consulting / research / audit,81111000,services professionnels pour un conseiller en gestion du changement,1,159600.0,1.0,66.7
United Kingdom,United Kingdom,Consulting / research / audit,71311300,strategic consultancy - property disposals,1,118000.0,1.0,66.7
Quebec,Canada - Quebec,Consulting / research / audit,80000000,"service conseil-évaluation de l’efficience / performance de la sqi, incluant l’étalonnage",1,109400.0,1.0,66.7
Quebec,Canada - Quebec,Consulting / research / audit,NO_CODE,services d'un médecin-conseil,1,438883.0,1.0,66.7
Quebec,Canada - Quebec,Consulting / research / audit,80101601,services professionnels pour une étude d’opportunité,1,100000.0,1.0,66.7
United Kingdom,United Kingdom,Consulting / research / audit,73210000,engage <n> - hosting generation iv international forum autumn <n> meeting,1,150000.0,1.0,66.7
United Kingdom,United Kingdom,Consulting / research / audit,79410000,"ukri-<n>, ukri siebel discovery",1,126150.0,1.0,66.7
Quebec,Canada - Quebec,Consulting / research / audit,80170000,conseils stratégiques <n>,1,130000.0,1.0,66.7
Quebec,Canada - Quebec,Consulting / research / audit,39110000,"remplacement de luminaires au centre de maintenance lachine (étude, remplacement et obtention de subvention)",1,118094.17,1.0,66.7
Quebec,Canada - Quebec,Consulting / research / audit,85000000,services externes d'un médecin-conseil pour la drh,1,456000.0,1.0,66.7
Quebec,Canada - Quebec,Consulting / research / audit,81121500,réaliser une étude de cas et documenter le potentiel technico-économique lié à la production et au stockage d’hydrogène ,1,109550.0,1.0,66.7
United Kingdom,United Kingdom,Consulting / research / audit,79410000,tail end spend solution,1,165000.0,1.0,66.7
United Kingdom,United Kingdom,Consulting / research / audit,79411100,apha recruitment & on boarding process,1,184770.0,1.0,66.7
Quebec,Canada - Quebec,Consulting / research / audit,81101514,services de laboratoire pour la réalisation d’études géotechniques et de caractérisation environnementale dans le cadre ,1,129921.75,1.0,66.7
United Kingdom,United Kingdom,Consulting / research / audit,66170000,<n>ten adult social care mtfs,1,350000.0,1.0,66.7
Quebec,Canada - Quebec,Consulting / research / audit,NO_CODE,études géotechniques - développement faubourgs des prés,1,113244.63,1.0,66.7
Quebec,Canada - Quebec,Consulting / research / audit,81111000,projet de « désuétude fibre optique »,1,318591.16,1.0,66.7
United Kingdom,United Kingdom,Consulting / research / audit,79410000,management consultancy services under asset management and professional support services (ampss) framework in accordance,1,121608.0,1.0,66.7
Quebec,Canada - Quebec,Consulting / research / audit,80100000,contrat de services conseils professionnels administration,1,130000.0,1.0,66.7
Quebec,Canada - Quebec,Consulting / research / audit,80110000,lbm conseils,1,100000.0,1.0,66.7
United Kingdom,United Kingdom,Consulting / research / audit,73110000,scallop “disco” potting: an at-scale regional pilot,1,249999.7,1.0,66.7
Quebec,Canada - Quebec,Consulting / research / audit,81100000,services professionnels – ingénieur du propriétaire pour les plans et devis d’une étude d’avant-projet pour la réfection,1,122563.35,1.0,66.7
United Kingdom,United Kingdom,Consulting / research / audit,31131200,ukri-<n> supply of combs for dune apa production,1,199747.96,1.0,66.7
Quebec,Canada - Quebec,Consulting / research / audit,80101622,services achetés pour un spécialiste en conseil stratégique et transformation organisationnelle,1,120000.0,1.0,66.7
United Kingdom,United Kingdom,Consulting / research / audit,79410000,cost intelligence,1,246639.57,1.0,66.7
Quebec,Canada - Quebec,Consulting / research / audit,80170000,cw<n>-consulting services agreement,1,114101.0,1.0,66.7
United Kingdom,United Kingdom,Consulting / research / audit,73200000,high weald local delivery environment land management test,1,300000.0,1.0,66.7
Quebec,Canada - Quebec,Consulting / research / audit,80100000,services professionnels d’une conseillère stratégique en soutien à l’audit organisationnel et financier d’urgences-santé,1,130000.0,1.0,66.7
Quebec,Canada - Quebec,Consulting / research / audit,80100000,expert-conseil en trajectoire chirurgicale et programme de récupération améliorer après la chirurgie (raac),1,120000.0,1.0,66.7
Quebec,Canada - Quebec,Consulting / research / audit,77111501,sp pour la réalisation d'une étude paysagère sur le territoire de la ville de lévis,1,114768.05,1.0,66.7
United Kingdom,United Kingdom,Web / digital,NO_CODE,sport wales investment portal - contract details notice,1,469400.0,5.0,66.7
Quebec,Canada - Quebec,Consulting / research / audit,80100000,services-conseils en matière de gestion des opération de traversiers - pierre tanguay,1,120000.0,1.0,66.7
Quebec,Canada - Quebec,Consulting / research / audit,77000000,services professionnels - étude géotechnique et environnementale,1,125035.31,1.0,66.7
United Kingdom,United Kingdom,Consulting / research / audit,09100000,ukri-<n> aviation fuel delivered to rothera,1,134838.86,1.0,66.7
United Kingdom,United Kingdom,Consulting / research / audit,79400000,digital and it strategy - audit engagement,1,222003.0,1.0,66.7
United Kingdom,United Kingdom,Consulting / research / audit,38000000,acoustic liquid handler,1,384551.65,1.0,66.7
Quebec,Canada - Quebec,Consulting / research / audit,85101503,services professionnels - médecin conseil,1,110000.0,1.0,66.7
United Kingdom,United Kingdom,Consulting / research / audit,71315200,ap<n> - business case and development advisory in connection with the county hall project,1,259374.5,1.0,66.7
United Kingdom,United Kingdom,Web / digital,NO_CODE,<n> - <n> entrance area improvements to coventry retirement living sites,1,410000.0,5.0,66.7
Quebec,Canada - Quebec,Consulting / research / audit,80122001,agir à titre de membre pour siéger sur un conseil de règlement,1,105000.0,1.0,66.7
United Kingdom,United Kingdom,Consulting / research / audit,32580000,ukri-<n> data acquisition (daq) for migdal project,1,156031.0,1.0,66.7
Quebec,Canada - Quebec,Consulting / research / audit,80101600,"services-conseils à titre d’expert en gestion des ressources financières, administration et gouvernance auprès de la dir",1,120000.0,1.0,66.7
Quebec,Canada - Quebec,Consulting / research / audit,80101504,"conseil stratégique, relation publiques et impartition",1,121191.0,1.0,66.7
Quebec,Canada - Quebec,Consulting / research / audit,85121600,médecin conseil,1,147000.0,1.0,66.7
Quebec,Canada - Quebec,Consulting / research / audit,42271609,equipement de etude du sommeil,1,130199.0,1.0,66.7
United Kingdom,United Kingdom,Consulting / research / audit,79120000,copyright licensing,1,106617.0,1.0,66.7
Quebec,Canada - Quebec,Consulting / research / audit,80101500,services-conseils en matière d'éducation avec les premières nations et les inuit.,1,120000.0,1.0,66.7
United Kingdom,United Kingdom,Consulting / research / audit,73111000,rbgkew<n> ashseq<n>,1,135000.0,1.0,66.7
Quebec,Canada - Quebec,Consulting / research / audit,81101701,étude d'harmoniques - projet #<n> - ods: pr<n>-<n>,1,129800.0,1.0,66.7
Quebec,Canada - Quebec,Consulting / research / audit,80101622,conseils stratégiques pour la mise en œuvre de la stratégie d’affaires du programme de transformation numérique de l’inf,1,116000.0,1.0,66.7
Quebec,Canada - Quebec,Consulting / research / audit,85101503,service professionnel - médecin conseil,1,110000.0,1.0,66.7
Quebec,Canada - Quebec,Consulting / research / audit,84110000,services-conseils en actuariat,1,100000.0,1.0,66.7
United Kingdom,United Kingdom,Consulting / research / audit,79312000,fcas skills demand and skills development analysis,1,282178.64,1.0,66.7
Quebec,Canada - Quebec,Consulting / research / audit,80191002,conseiller / négociateur en relations de travail,1,240000.0,1.0,66.7
Quebec,Canada - Quebec,Consulting / research / audit,80100000,expertise-conseil en actuariat pour le régime de retraite des vice-présidents de la société,1,121000.0,1.0,66.7
Quebec,Canada - Quebec,Consulting / research / audit,80000000,strategic marketing consulting services,1,133790.0,1.0,66.7
United Kingdom,United Kingdom,Consulting / research / audit,73110000,research and evidence for community assets commission,1,170000.0,1.0,66.7
Quebec,Canada - Quebec,Consulting / research / audit,80000000,services de conseillers en soutien a l'equipe projet mhv - acquisition des equipements mao,1,103312.0,1.0,66.7
United Kingdom,United Kingdom,Web / digital,NO_CODE,cbc-<n>-t-ts fire safety services,1,396000.0,4.0,66.7
United Kingdom,United Kingdom,Consulting / research / audit,79100000,provision of fatal flaws review service (call off via ccs rm<n> - lot <n>),1,180000.0,1.0,66.7
United Kingdom,United Kingdom,Consulting / research / audit,38636100,ukri-<n> supply of spares for capital asset - epac ns-pump laser,1,152427.0,1.0,66.7
Quebec,Canada - Quebec,Consulting / research / audit,NO_CODE,entente entre la ville de québec et le conseil de bassin de la rivière du cap rouge relativement à des travaux d'entreti,1,462375.0,1.0,66.7
United Kingdom,United Kingdom,Consulting / research / audit,73000000,automated benchmarking and red line knowledge identification (bio),1,289800.0,1.0,66.7
Germany,Germany,Consulting / research / audit,71351611,erweiterung ki-basiertes mikroklimamodell im rahmen von smart roots,1,204410.0,1.0,66.7
Quebec,Canada - Quebec,Consulting / research / audit,NO_CODE,étude géométrique - avenue de la montagnes ouest (pam<n>),1,112273.09,1.0,66.7
Germany,Germany,Web / digital,45331000,"<n>-ar-<n>-<n>, neubau ""middenhus"", kg <n> wärmeversorgungsanlagen",1,238650.27,4.0,66.7
Quebec,Canada - Quebec,Consulting / research / audit,81112500,remplacement par désuétude des serveurs et infrastructure,1,109144.62,1.0,66.7
United Kingdom,United Kingdom,Consulting / research / audit,79411000,executive leadership and development support,1,240000.0,1.0,66.7
Quebec,Canada - Quebec,Consulting / research / audit,80101601,sgpi - gag -services professionnels pour la réalisation d'étude de capacité géothermique de la nouvelle bibliothèque car,1,105092.48,1.0,66.7
Quebec,Canada - Quebec,Consulting / research / audit,NO_CODE,conseil actuariel pour la ville de terrebonne,1,125000.0,1.0,66.7
United Kingdom,United Kingdom,Consulting / research / audit,79315000,national parks local delivery test and trial (pdnpa),1,144270.0,1.0,66.7
United Kingdom,United Kingdom,Consulting / research / audit,79111000,provision of legal services via the lupc framework agreement,1,300000.0,1.0,66.7
Quebec,Canada - Quebec,Consulting / research / audit,80101500,services-conseil en processus et gestion du changement,1,109500.0,1.0,66.7
United Kingdom,United Kingdom,Consulting / research / audit,50210000,project asurvey phase <n>,1,249600.0,1.0,66.7
United Kingdom,United Kingdom,Web / digital,NO_CODE,pan<n> - supply of precast concrete (pcc) products,1,145943.0,5.0,66.7
United Kingdom,United Kingdom,Consulting / research / audit,73000000,"dhsc_gph_mental health, neurodiversity risk radicalisation guidance update",1,102913.0,1.0,66.7
Quebec,Canada - Quebec,Consulting / research / audit,80000000,les services professionnels d'un conseiller stratégique pour la transformation des services préhospitaliers,1,479100.0,1.0,66.7
Quebec,Canada - Quebec,Consulting / research / audit,80101601,obtenir les services professionnels pour l'étude de la faisabilité technique et financière du développement d'un plan d’,1,100000.0,1.0,66.7
United Kingdom,United Kingdom,Consulting / research / audit,66170000,electronic payment services,1,115000.0,1.0,66.7
Quebec,Canada - Quebec,Consulting / research / audit,85121600,conseiller expert medical,1,396150.0,1.0,66.7
Quebec,Canada - Quebec,Consulting / research / audit,84111600,services professionnels - audit,1,131071.5,1.0,66.7
Quebec,Canada - Quebec,Consulting / research / audit,80101504,conseils stratégiques dans le cadre des campagnes philanthropiques majeures et appui dans le développement stratégique d,1,200000.0,1.0,66.7
United Kingdom,United Kingdom,Consulting / research / audit,72221000,travel to school framework call off,1,119000.0,1.0,66.7
Quebec,Canada - Quebec,Consulting / research / audit,80101507,service d'accompagnement et de conseil stratégique,1,110000.0,1.0,66.7
Quebec,Canada - Quebec,Consulting / research / audit,80111608,embauche d'un analyste d'affaires - amaris conseil inc.,1,100100.0,1.0,66.7
United Kingdom,United Kingdom,Consulting / research / audit,79140000,independent investigation into higher education institution,1,423000.0,1.0,66.7
Quebec,Canada - Quebec,Consulting / research / audit,92121600,<n>-s services-conseils en structuration organisationnelle,1,131500.0,1.0,66.7
Quebec,Canada - Quebec,Consulting / research / audit,93150000,conseiller stratégique finances et ti,1,103880.0,1.0,66.7
Quebec,Canada - Quebec,Consulting / research / audit,77101701,marmott énergies a le mandat de forage test de puits à colonne permanente (pcp) et rapport d'analyse pour le projet d'éc,1,110651.67,1.0,66.7
United Kingdom,United Kingdom,Consulting / research / audit,73000000,automated benchmarking and red line knowledge identification (chem) - notice of threshold change,1,148897.17,1.0,66.7
Quebec,Canada - Quebec,Consulting / research / audit,81100000,<n>-s études en urgence. réalisation de levés géophysiques et bathymétrie sur la digue morier,1,169000.0,1.0,66.7
Germany,Germany,Web / digital,72420000,modernisierung / relaunch des regierungsportals mecklenburg-vorpommern,1,278377.5,4.0,66.7
Quebec,Canada - Quebec,Consulting / research / audit,80122001,conciliation sur le territoire de kanesatake et conciliation auprès du conseil des mohawks de kahnawake,1,140000.0,1.0,66.7
Quebec,Canada - Quebec,Consulting / research / audit,92111501,services conseil dans le cadre des activités de négociation du msss avec l’association québécoise des pharmaciens propri,1,394000.0,1.0,66.7
Quebec,Canada - Quebec,Consulting / research / audit,86141501,"recueillir à travers admission fp.com, les demandes d’admission dans le cadre de la campagne de recrutement pour deux at",1,200000.0,1.0,66.7
Quebec,Canada - Quebec,Consulting / research / audit,80101507,service conseil pour la mise en place d'un plan directeur en transformation numérique,1,114602.25,1.0,66.7
Quebec,Canada - Quebec,Consulting / research / audit,85101600,conseiller en optimisation administrative th,1,109200.0,1.0,66.7
Quebec,Canada - Quebec,Consulting / research / audit,80140000,<n>-<n>-rz<n>-étude de cas visant l'analyse et la mise en oeuvre de développements conjoints dans des projets d'infrastr,1,120000.0,1.0,66.7
United Kingdom,United Kingdom,Consulting / research / audit,71315200,"multi-discipline consultancy, unity houses and bisf pv for wave <n> decarbonisation project",1,285000.0,1.0,66.7
Quebec,Canada - Quebec,Consulting / research / audit,80101601,étude d’opportunité et de faisabilité de l’implantation d’un service de navettes fluviales sur le territoire de la cmqué,1,137015.71,1.0,66.7
United Kingdom,United Kingdom,Consulting / research / audit,34121000,sunderland advanced mobility shuttle research and development project,1,305415.0,1.0,66.7
Quebec,Canada - Quebec,Consulting / research / audit,80101601,services professionnels pour une étude d'avant-projet des parcs de la prairie-sur-le-parc,1,128024.66,1.0,66.7
United Kingdom,United Kingdom,Consulting / research / audit,98200000,'cradle to career' discovery phase,1,303030.3,1.0,66.7
Quebec,Canada - Quebec,Consulting / research / audit,82111803,services-conseil pour l’élaboration d’un nouveau guide de correction destiné aux correcteurs de l’épreuve unique de fran,1,109900.0,1.0,66.7
Quebec,Canada - Quebec,Consulting / research / audit,84000000,services conseils en placements,1,187500.0,1.0,66.7
United Kingdom,United Kingdom,Consulting / research / audit,38433000,ukri-<n> a novel detector system for muon spectrometers,1,171188.0,1.0,66.7
Quebec,Canada - Quebec,Consulting / research / audit,80161604,"contrats d'entretien et de soutien des applications - <n> (portail de données immobilières, suite financière sfm, gestio",1,156978.83,1.0,66.7
Quebec,Canada - Quebec,Consulting / research / audit,80101601,"services expert conseil en inspection, gestion et assainissement de système cvca",1,132630.0,1.0,66.7
United Kingdom,United Kingdom,Consulting / research / audit,72246000,ict programme <n>.<n>.<n> to <n>.<n>.<n>,1,435604.0,1.0,66.7
Quebec,Canada - Quebec,Consulting / research / audit,NO_CODE,"réalisation d'études environnementales, plans et devis et surveillance de travaux",1,101614.91,1.0,66.7
Germany,Germany,Web / digital,72413000,redaktionelle betreuung des webportals „www.wihoforschung.de“ zur wissenschafts- und hochschulforschung,1,272698.98,5.0,66.7
Quebec,Canada - Quebec,Consulting / research / audit,85121608,services professionnels d'une psychologue-conseil pour le bureau médical,1,127575.0,1.0,66.7
Quebec,Canada - Quebec,Consulting / research / audit,77000000,étude géotechnique complémentaire et étude environnementale phase ii,1,119485.0,1.0,66.7
Quebec,Canada - Quebec,Consulting / research / audit,80101513,services d’un conseiller spécial à titre de membre du comité d'experts qui assistera la société dans la mise en oeuvre d,1,131200.0,1.0,66.7
United Kingdom,United Kingdom,Consulting / research / audit,79410000,ukri-<n> ir<n> tax support using management consultancy framework three (mcf<n>) – lot <n>,1,377000.0,1.0,66.7
United Kingdom,United Kingdom,Web / digital,73000000,"be<n> - projections of climate risks to health and health services from extreme heat: their societal impact and cost, an",1,287000.0,5.0,66.7
Quebec,Canada - Quebec,Consulting / research / audit,80120000,conseil juridique-comité de gouvernance et d'éthique,1,132300.0,1.0,66.7
United Kingdom,United Kingdom,Consulting / research / audit,79300000,msci esg uk,1,194310.0,1.0,66.7
Quebec,Canada - Quebec,Consulting / research / audit,80121604,services conseils et d'accompagnement en développement et commercialisation de l'innovation,1,210000.0,1.0,66.7
Germany,Germany,Consulting / research / audit,72220000,microsoft unified enterprise services,1,370000.0,0.0,66.7
Quebec,Canada - Quebec,Consulting / research / audit,80100000,accompagnement et conseil stratégique en matière financière,1,115500.0,1.0,66.7
Quebec,Canada - Quebec,Consulting / research / audit,NO_CODE,services conseils en rémunération et avantages sociaux,1,103477.5,1.0,66.7
United Kingdom,United Kingdom,Consulting / research / audit,85100000,significant mental health service,1,120000.0,1.0,66.7
Quebec,Canada - Quebec,Consulting / research / audit,82111802,sp étude en ingéniérie,1,117000.0,1.0,66.7
Quebec,Canada - Quebec,Consulting / research / audit,86140000,services professionnels d'expert conseil pour la supervision de toutes les étapes des copies de l'épreuve ministérielle,1,109200.0,1.0,66.7
Quebec,Canada - Quebec,Consulting / research / audit,81141500,"octroi d'un contrat gré à gré au groupe-conseil génipur inc, pour la surveillance du projet de la réfection d'infrastruc",1,101752.88,1.0,66.7
Quebec,Canada - Quebec,Consulting / research / audit,80120000,services-conseils en soutien aux projets majeurs,1,120000.0,1.0,66.7
United Kingdom,United Kingdom,Consulting / research / audit,72316000,incites analytics subscription for university of aberdeen,1,166674.93,1.0,66.7
United Kingdom,United Kingdom,Consulting / research / audit,73110000,ukri-<n> provision of wec#<n> science operations support for the cluster mission,1,145777.0,1.0,66.7
Quebec,Canada - Quebec,Consulting / research / audit,86101711,services d'un conseiller en optimisation des opérations et de la résilience pour le service de sécurité incendie de la v,1,109226.25,1.0,66.7
United Kingdom,United Kingdom,Consulting / research / audit,38000000,purchase of high energy ultrafast laser system with optical parametric amplifier,1,379428.0,1.0,66.7
United Kingdom,United Kingdom,Consulting / research / audit,71621000,bus reform – commercial consultant support,1,110250.0,1.0,66.7
United Kingdom,United Kingdom,Web / digital,NO_CODE,asylum-seeking children - responsible adult and appropriate adult service,1,392953.78,5.0,66.7
Quebec,Canada - Quebec,Consulting / research / audit,85100000,<n>-<n>-zz<n>-ced pour les services-conseils d'un médecin relativement à des dossiers d'invalidité,1,140925.0,1.0,66.7
United Kingdom,United Kingdom,Consulting / research / audit,79419000,landscape sensitivity assessment,1,106596.0,1.0,66.7
Quebec,Canada - Quebec,Consulting / research / audit,85122100,services professionnels d’un médecin-conseil en réadaptation,1,257148.19,1.0,66.7
Quebec,Canada - Quebec,Consulting / research / audit,80101511,services-conseils en gestion des ressources humaines sur demande - vice-présidence - richesse humaine et affaires juridi,1,130000.0,1.0,66.7
Quebec,Canada - Quebec,Consulting / research / audit,NO_CODE,conclusion d'une entente entre la ville de québec et le conseil de bassin de la rivière beauport relativement à des trav,1,462116.03,1.0,66.7
Quebec,Canada - Quebec,Consulting / research / audit,80100000,conseil spécialisé stratégique en sécurité de l'information,1,118750.0,1.0,66.7
Quebec,Canada - Quebec,Consulting / research / audit,80100000,services-conseils - fondations et philanthropie,1,115200.0,1.0,66.7
United Kingdom,United Kingdom,Consulting / research / audit,79418000,procurement services,1,200000.0,1.0,66.7
United Kingdom,United Kingdom,Consulting / research / audit,79410000,phs<n> creating hope together,1,124800.0,1.0,66.7
United Kingdom,United Kingdom,Web / digital,60120000,p<n> – provision of staff taxi service,1,210000.0,4.0,66.7
Quebec,Canada - Quebec,Consulting / research / audit,80100000,services-conseils en gouvernance des systèmes d'information,1,400000.0,1.0,66.7
United Kingdom,United Kingdom,Web / digital,NO_CODE,supply & fit of tyres across the canenco fleet,1,327415.0,4.0,66.7
Quebec,Canada - Quebec,Consulting / research / audit,85101503,service médecin conseil,1,317300.0,1.0,66.7
Quebec,Canada - Quebec,Consulting / research / audit,93142008,conseil local des intervenants communautaires de bordeaux-cartierville (c.l.i.c.),1,136151.0,1.0,66.7
Quebec,Canada - Quebec,Consulting / research / audit,81111000,abonnement à un outil de gestion de conseil sans papier,1,125000.0,1.0,66.7
Quebec,Canada - Quebec,Consulting / research / audit,85101707,"au bureau de la commissaire, soutenir l’équipe performance, et fournir à la commissaire et son équipe un service-conseil",1,125000.0,1.0,66.7
Quebec,Canada - Quebec,Consulting / research / audit,81111000,conseiller statégique,1,363000.0,1.0,66.7
United Kingdom,United Kingdom,Web / digital,75241100,op creative portal,1,221600.0,5.0,66.7
Quebec,Canada - Quebec,Consulting / research / audit,85121600,conseillers et experts medical,1,446600.0,1.0,66.7
United Kingdom,United Kingdom,Consulting / research / audit,66171000,<n>,1,200000.0,1.0,66.7
United Kingdom,United Kingdom,Consulting / research / audit,73200000,north devon pioneers,1,232113.22,1.0,66.7
United Kingdom,United Kingdom,Consulting / research / audit,38520000,nca<n>,1,400000.0,1.0,66.7
Quebec,Canada - Quebec,Consulting / research / audit,81100000,accompagnement pour une étude hydraulique,1,102925.0,1.0,66.7
Quebec,Canada - Quebec,Consulting / research / audit,81100000,étude géotechnique et cartographie radar des surfaces de roulement du pont le gardeur,1,125437.73,1.0,66.7
United Kingdom,United Kingdom,Consulting / research / audit,79111000,legal support to the germany enabling office,1,170000.0,1.0,66.7
Quebec,Canada - Quebec,Consulting / research / audit,93101701,médecin conseil pour la direction médicale nationale (dmn),1,103600.0,1.0,66.7
Quebec,Canada - Quebec,Consulting / research / audit,80100000,services conseils et expertise de pointe dans l'accompagnement et le soutien des écoles rencontrant des enjeux de violen,1,104000.0,1.0,66.7
United Kingdom,United Kingdom,Consulting / research / audit,79410000,ukri-<n> iwyp director,1,212500.0,1.0,66.7
United Kingdom,United Kingdom,Consulting / research / audit,66171000,plics (patient level costing system),1,239350.05,1.0,66.7
Quebec,Canada - Quebec,Consulting / research / audit,80000000,services de conseil en matière de confidentialité,1,110000.0,1.0,66.7
United Kingdom,United Kingdom,Consulting / research / audit,79414000,chief hr advisory licence,1,124200.0,1.0,66.7
Quebec,Canada - Quebec,Consulting / research / audit,80101514,conseiller stratégique pour la mise en place du programme de transformation numérique de l'infrastructure foncière,1,116000.0,1.0,66.7
Quebec,Canada - Quebec,Consulting / research / audit,80101513,accompagnement en services-conseils,1,132000.0,1.0,66.7
United Kingdom,United Kingdom,Consulting / research / audit,72224000,senior responsible officer for nvcc,1,258400.0,1.0,66.7
Quebec,Canada - Quebec,Consulting / research / audit,80120000,honoraires professionnels - service conseil d'avocats divers dossiers,1,160307.57,1.0,66.7
United Kingdom,United Kingdom,Consulting / research / audit,75122000,dh<n> - occupation health services,1,176000.0,1.0,66.7
Quebec,Canada - Quebec,Consulting / research / audit,81200000,étude de la capacité d'accueil de la clientèle - écoles secondaires,1,113000.0,1.0,66.7
United Kingdom,United Kingdom,Consulting / research / audit,79400000,enterprise change strategy,1,241750.0,1.0,66.7
Quebec,Canada - Quebec,Consulting / research / audit,80101504,expertise- conseil en affaires publiques et positionnement stratégique,1,105000.0,1.0,66.7
Quebec,Canada - Quebec,Consulting / research / audit,93141602,réalisation d’une étude statistiques et économique sur le transport scolaire au québec,1,109000.0,1.0,66.7
United Kingdom,United Kingdom,Consulting / research / audit,66171000,new rolling stock procurement- finance support services,1,351247.0,1.0,66.7
Quebec,Canada - Quebec,Consulting / research / audit,85101503,services professionnels de médecin-conseil - support au service de la gestion de la présence au travail,1,100000.0,1.0,66.7
Quebec,Canada - Quebec,Consulting / research / audit,80000000,services de conseil en gestion des opérations,1,119574.0,1.0,66.7
United Kingdom,United Kingdom,Consulting / research / audit,90650000,asbestos surveys (all regions),1,230000.0,1.0,66.7
Quebec,Canada - Quebec,Consulting / research / audit,93151603,services professionnel pour assurer une continuité des services-conseils stratégiques en matière de montages financiers ,1,107520.0,1.0,66.7
Quebec,Canada - Quebec,Consulting / research / audit,81101700,services-conseils pour la modernisation du système intégré de sécurité (sis),1,116300.0,1.0,66.7
Quebec,Canada - Quebec,Consulting / research / audit,80100000,services-conseils en diagnostic organisationnel de capacité,1,103500.0,1.0,66.7
Quebec,Canada - Quebec,Consulting / research / audit,81111801,services-conseils en modernisation et intégration de la gestion des identités et des accès,1,126000.0,1.0,66.7
United Kingdom,United Kingdom,Consulting / research / audit,90650000,asbestos surveying and testing,1,300000.0,1.0,66.7
United Kingdom,United Kingdom,Consulting / research / audit,34512000,ukri-<n> bird island medivac,1,144010.0,1.0,66.7
Quebec,Canada - Quebec,Consulting / research / audit,80000000,service de conseillère exécutive,1,162685.6,1.0,66.7
Quebec,Canada - Quebec,Consulting / research / audit,41000000,acquisition d’un appareil pour l’étude sur l’exposition aux aérosols et aux effets sur le vapotage,1,193758.0,1.0,66.7
Quebec,Canada - Quebec,Consulting / research / audit,80120000,service conseils de nature technique pour les modulaires et la crise du logement,1,150000.0,1.0,66.7
United Kingdom,United Kingdom,Consulting / research / audit,72246000,digital infrastructure consultancy,1,228000.0,1.0,66.7
United Kingdom,United Kingdom,Consulting / research / audit,31642000,ukri-<n> quantum c<n> detector package,1,180000.0,1.0,66.7
Quebec,Canada - Quebec,Consulting / research / audit,81100000,services d'expert-conseil technique aux stations de récupération de la ressource d'eau (starre) la pinière (filière soli,1,109507.94,1.0,66.7
United Kingdom,United Kingdom,Consulting / research / audit,79400000,population needs analysis (<n>-<n>),1,126500.0,1.0,66.7
United Kingdom,United Kingdom,Web / digital,NO_CODE,hersden playzone (muga) – refurbishment and minor groundworks,1,173589.8,5.0,66.7
United Kingdom,United Kingdom,Web / digital,NO_CODE,ps<n> - appointment of administrators for innovate uk loans,1,200000.0,5.0,66.7
Quebec,Canada - Quebec,Consulting / research / audit,80191003,étude de recevabilité et enquête administrative – dossier no. <n>-<n>-<n>-a,1,100000.0,1.0,66.7
Quebec,Canada - Quebec,Consulting / research / audit,86132102,service-conseil afin de développer et diffuser une trousse d'outils favorisant les transitions pour les familles et élèv,1,100000.0,1.0,66.7
United Kingdom,United Kingdom,Consulting / research / audit,71315210,smart buildings,1,152601.44,1.0,66.7
Quebec,Canada - Quebec,Consulting / research / audit,80100000,abonnement à des services-conseils spécialisés en soutien à des dossiers stratégiques en technologies de l'information,1,472374.79,1.0,66.7
United Kingdom,United Kingdom,Consulting / research / audit,72224000,project management and multi-disciplinary team for riverfront project,1,225123.6,1.0,66.7
Quebec,Canada - Quebec,Consulting / research / audit,86132102,services conseils pour les programmes d'études,1,109090.0,1.0,66.7
Quebec,Canada - Quebec,Consulting / research / audit,77101707,"études techniques, plans et devis et demande ministérielle pour la restauration d’un milieu humide",1,112790.48,1.0,66.7
United Kingdom,United Kingdom,Consulting / research / audit,73000000,ai safety research services - taskforce faculty,1,487325.0,1.0,66.7
United Kingdom,United Kingdom,Consulting / research / audit,72221000,cov - childrens services - change delivery support - phase <n>,1,308165.0,1.0,66.7
United Kingdom,United Kingdom,Consulting / research / audit,79411000,cost mapping & savings options,1,325325.0,1.0,66.7
Quebec,Canada - Quebec,Consulting / research / audit,80100000,<n>-s services-conseils pour l'accompagnement dans des projets-pilotes de gouvernance collaborative pour la gestion des ,1,104900.0,1.0,66.7
United Kingdom,United Kingdom,Consulting / research / audit,38000000,purchase of cyrogenic probe station,1,140208.0,1.0,66.7
United Kingdom,United Kingdom,Consulting / research / audit,73000000,research & development technical feasibility study re: recycling extant materiel into additive manufacturing feedstock,1,110000.0,1.0,66.7
Quebec,Canada - Quebec,Consulting / research / audit,85000000,conseiller en médecine de travail,1,244800.0,1.0,66.7
United Kingdom,United Kingdom,Consulting / research / audit,80000000,dimensions subscription <n>-<n>,1,399924.61,1.0,66.7
United Kingdom,United Kingdom,Consulting / research / audit,79212100,internal audit services,1,111628.8,1.0,66.7
United Kingdom,United Kingdom,Consulting / research / audit,35125100,ukri-<n> fabrication of noor sensor,1,195200.0,1.0,66.7
Quebec,Canada - Quebec,Consulting / research / audit,80100000,conseillère stratégique en matière de gouvernance de projets de transformation numérique - projets majeurs et d'envergur,1,125000.0,1.0,66.7
Quebec,Canada - Quebec,Consulting / research / audit,85131700,honoraires professionnels pour etude,1,120000.0,1.0,66.7
Quebec,Canada - Quebec,Consulting / research / audit,81131500,réalisation d’une étude prévisionnelle du développement minier sur le territoire nordique et au labrador pour les années,1,119000.0,1.0,66.7
Germany,Germany,Consulting / research / audit,72000000,dienst(leistungsvertrag) über vier lizenzen für einen zugang zum research-​ und insights-​service gartner,1,301800.0,1.0,66.7
United Kingdom,United Kingdom,Consulting / research / audit,42997300,purchase of manipulation platform,1,256375.0,1.0,66.7
United Kingdom,United Kingdom,Consulting / research / audit,73110000,engage <n>: international engagement research,1,141012.0,1.0,66.7
Quebec,Canada - Quebec,Consulting / research / audit,77000000,réalisation d'une étude d'opportunité pour l'implantation d'un réseau thermique urbain incluant une estimation sommaire ,1,220953.21,1.0,66.7
Quebec,Canada - Quebec,Consulting / research / audit,80101507,"services conseils en technologies émergentes, dont l'intelligence artificielle",1,122500.0,1.0,66.7
United Kingdom,United Kingdom,Consulting / research / audit,79411000,litp digital project maturity,1,127450.0,1.0,66.7
United Kingdom,United Kingdom,Consulting / research / audit,32321200,award of contract - simulator upgrade - university of aberdeen,1,326767.0,1.0,66.7
Quebec,Canada - Quebec,Consulting / research / audit,NO_CODE,étude préliminaire - mécanique de procédé - réfection usine et prise d'eau,1,130956.53,1.0,66.7
Quebec,Canada - Quebec,Consulting / research / audit,80170000,contrat de services - conseil,1,100000.0,1.0,66.7
United Kingdom,United Kingdom,Consulting / research / audit,73110000,ukri-<n> provision of wbd science operations support for the cluster mission,1,139194.0,1.0,66.7
Quebec,Canada - Quebec,Consulting / research / audit,42290000,cathéters d'ablations pour étude de recherche au laboratoire d'électrophysiologie,1,116000.0,1.0,66.7
Quebec,Canada - Quebec,Consulting / research / audit,NO_CODE,"services professionnels acquisition composantes, services conseils et installation pour mobilier teknion",1,108651.38,1.0,66.7
United Kingdom,United Kingdom,Consulting / research / audit,09100000,ukri -<n> bas aviation fuel at halley,1,146000.0,1.0,66.7
United Kingdom,United Kingdom,Consulting / research / audit,73200000,global farm metric evaluation,1,196453.0,1.0,66.7
Quebec,Canada - Quebec,Consulting / research / audit,81101510,étude géotechnique (réaménagement boul. deux-montagnes et <n>e avenue),1,104761.77,1.0,66.7
United Kingdom,United Kingdom,Consulting / research / audit,73200000,phd studentship for developing a welfare assessment protocol for kennelled dogs,1,167378.16,1.0,66.7
Quebec,Canada - Quebec,Consulting / research / audit,NO_CODE,conseil spécialisé en intelligence d'affaires,1,134400.0,1.0,66.7
Quebec,Canada - Quebec,Consulting / research / audit,86132102,offrir de la formation et de l'expertise-conseil sur les concepts de langage clair,1,133000.0,1.0,66.7
Germany,Germany,Web / digital,48180000,patientenportal/entlassungs- und überleitungsmanagement,1,100121.85,4.5,66.7
United Kingdom,United Kingdom,Consulting / research / audit,71315200,asset optimisation review,1,185461.45,1.0,66.7
Quebec,Canada - Quebec,Consulting / research / audit,81100000,etude/expertise structurale conformité normes sismiques,1,107800.0,1.0,66.7
Quebec,Canada - Quebec,Consulting / research / audit,81131500,étude géotechnique et de caractérisation environnementale pour les travaux d'intercepteur d'égout sanitaire phase no <n>,1,114336.89,1.0,66.7
Quebec,Canada - Quebec,Consulting / research / audit,80101601,service d'étude de solutions potentielles pour le système de détection d'intrusion en tunnel,1,117849.38,1.0,66.7
Quebec,Canada - Quebec,Consulting / research / audit,80101500,services professionnels - conseils stratégiques et amélioration continue,1,113710.28,1.0,66.7
Quebec,Canada - Quebec,Consulting / research / audit,NO_CODE,"contrat des biens et des services lgp, société de service-conseil d’études économiques",1,132999.63,1.0,66.7
United Kingdom,United Kingdom,Consulting / research / audit,79400000,<n> ld fresh eyes review,1,196500.0,1.0,66.7
Quebec,Canada - Quebec,Consulting / research / audit,80161500,service conseils de nature technique pour les modulaires et la crise du logement,1,120000.0,1.0,66.7
United Kingdom,United Kingdom,Consulting / research / audit,60100000,mystery traveller and kpi,1,120000.0,1.0,66.7
Quebec,Canada - Quebec,Consulting / research / audit,80101603,étude économique port de matane,1,120000.0,1.0,66.7
Quebec,Canada - Quebec,Consulting / research / audit,81100000,services professionnels pour l'élaboration d'une étude de faisabilité d'intégration d'un site de transbordement et révis,1,137970.0,1.0,66.7
Quebec,Canada - Quebec,Consulting / research / audit,80101601,étude de transport automatisés (vag) à l’hôpital vaudreuil-soulanges,1,105400.0,1.0,66.7
Quebec,Canada - Quebec,Consulting / research / audit,81101514,étude géotechnique et caractérisation environnemental des sols,1,113753.74,1.0,66.7
United Kingdom,United Kingdom,Consulting / research / audit,79111000,legal secondment for lower thames crossing (ltc),1,384696.0,1.0,66.7
Quebec,Canada - Quebec,Consulting / research / audit,80120000,services-conseils et représentation en matière de santé et sécurité du travail,1,100000.0,1.0,66.7
Quebec,Canada - Quebec,Consulting / research / audit,86000000,accompagnement en analyse de programmes d’études (aep-dep-asp),1,105500.0,1.0,66.7
Germany,Germany,Consulting / research / audit,31711110,large scale sdr setup,1,231952.15,1.0,66.7
Quebec,Canada - Quebec,Consulting / research / audit,81200000,production d’une étude patrimoniale de trois pavillons,1,119832.12,1.0,66.7
Quebec,Canada - Quebec,Consulting / research / audit,NO_CODE,octroi d'un mandat pour la réalisation d'une étude de préfaisabilité d'un nouveau barrage au pk <n>,1,107895.99,1.0,66.7
Quebec,Canada - Quebec,Consulting / research / audit,NO_CODE,contribution financière au conseil des industries bioalimentaires de l'île de montréal,1,200000.0,1.0,66.7
Quebec,Canada - Quebec,Consulting / research / audit,92111501,négociations avec la nation huronne-wendat et le conseil des innus de uashat mak mani-utenam,1,100000.0,1.0,66.7
United Kingdom,United Kingdom,Consulting / research / audit,79980000,<n>.<n>,1,432000.0,1.0,66.7
Quebec,Canada - Quebec,Consulting / research / audit,85121600,service médecin conseil et expertise,1,105795.0,1.0,66.7
Quebec,Canada - Quebec,Consulting / research / audit,80100000,service-conseil en gestion contractuelle,1,105000.0,1.0,66.7
United Kingdom,United Kingdom,Consulting / research / audit,73000000,partnership for neurodiversity in schools programme - pins,1,409000.0,1.0,66.7
Quebec,Canada - Quebec,Consulting / research / audit,80100000,serv prof consultant/cadre conseil à la dsmd,1,126000.0,1.0,66.7
Quebec,Canada - Quebec,Consulting / research / audit,81100000,"études, plans, devis et surveillance – réfection de l'intercepteur et de la chambre d'arrivée - station d'épuration mont",1,104644.5,1.0,66.7
TED,ROU,IT / software / cyber,NO_CODE,achiziționarea unui sistem informatic medical integrat (componentă hardware și software) în cadrul proiectului „digitali,2,3487936.0,1.0,66.68
TED,ROU,IT / software / cyber,NO_CODE,"software, echipamente hardware si infrastructura integrate in centrul apoc (aiport operational center)",2,6500000.0,0.0,66.68
TED,ESP,IT / software / cyber,NO_CODE,"<n>ª contrato basado para la provisión de software diverso, soporte, suscripción y provisión de software diverso para la",2,2387821.9699999997,1.0,66.68
TED,ESP,IT / software / cyber,NO_CODE,"<n>º contrato basado de demanda planificada para el año <n>, basada del acuerdo marco para la adquisición, subscripción,",2,17632291.785,1.0,66.68
TED,POL,IT / software / cyber,NO_CODE,świadczenie usług serwisowych akceleratora cyberknife m<n> s/n c<n> dla narodowego instytutu onkologii im. marii skłodow,1,6133200.0,1.0,66.68
TED,POL,IT / software / cyber,NO_CODE,zwiększenie poziomu cyberbezpieczeństwa poprzez kompleksową modernizację i rozbudowę infrastruktury it oraz środowiska s,1,3792090.0,1.0,66.68
TED,ROU,IT / software / cyber,NO_CODE,"achiziție servicii de implementare sistem it digitalizare saj maramureș (hardware, software și formare profesională) pnr",1,2826224.0,1.0,66.68
TED,NO,IT / software / cyber,NO_CODE,"procurement of a framework agreement for the purchase of aeronautical maps, database management and correction services",1,50000000.0,1.0,66.68
TED,ROU,IT / software / cyber,NO_CODE,"echipamente hardware, aplicații software și servicii asociate pentru implementarea sistemului informatic integrat în cad",1,4735216.0,1.0,66.68
TED,SWE,IT / software / cyber,NO_CODE,supportavtal avseende network manager snok,1,82000000.0,1.0,66.68
TED,ROU,IT / software / cyber,NO_CODE,proiect de interes comun de modernizare a rețelei de energie electrică – carmen (carpathian modernization of energy netw,1,78698735.88499999,1.0,66.68
TED,ITA,IT / software / cyber,NO_CODE,"fornitura di licenze per prodotti software adobe, contratto etla",1,2288257.53,1.0,66.68
TED,ROU,IT / software / cyber,NO_CODE,„achiziția infrastructurii it&c (inclusiv echipamente și dispozitive hardware și implementare soluții software medicale/,1,3366550.0,1.0,66.68
Germany,Germany,IT / software / cyber,35710000,re-invest sprachdokumentationssystem,1,2692259.6,1.0,66.68
TED,ITA,IT / software / cyber,NO_CODE,"procedura aperta per l'affidamento della fornitura di un pannello di geni per le analisi delle beta, alfa-talassemie ed ",1,3632410.0,1.0,66.68
TED,POL,IT / software / cyber,NO_CODE,wdrożenie zintegrowanego systemu informatycznego oraz dostosowanie spzoz w działdowie do założeń cyberbezpieczeństwa,1,6000011.0,1.0,66.68
TED,POL,IT / software / cyber,NO_CODE,dostawa sprzętu i oprogramowania w ramach projektu: „integracja i rozbudowa systemu informatycznego spzoz w parczewie po,1,2770547.0,1.0,66.68
TED,ESP,IT / software / cyber,NO_CODE,"tercer contrato basado no planificado para el mantenimiento, soporte, suscripción y provisión de software diverso para l",1,25027754.59,1.0,66.68
United Kingdom,United Kingdom,IT / software / cyber,72000000,provision of a digital platform for scalable virtual wards/remote patient management,1,2120750.81,1.0,66.68
TED,ESP,IT / software / cyber,NO_CODE,"el objeto del presente contrato es el suministro de estaciones con carga eléctrica, bicicletas eléctricas y renovación d",1,2022030.0,1.0,66.68
TED,ITA,IT / software / cyber,NO_CODE,servizi cloud microsoft azure cig: <n> as <n>,1,9826803.36,1.0,66.68
United Kingdom,United Kingdom,IT / software / cyber,85323000,cn<n> - proposed therapeutic support service for children and young people,1,12064736.0,1.0,66.68
TED,SVK,IT / software / cyber,NO_CODE,"licencie softvéru sap k systému pre finančné účtovníctvo, hospodárenie a rozpočet nbs (is finu/hro), služby podpory sap ",1,2816635.04,1.0,66.68
TED,CZE,IT / software / cyber,NO_CODE,"recruitis.io - náborový software, ats",1,25000000.0,1.0,66.68
TED,ROU,IT / software / cyber,NO_CODE,servicii de implementare solutie software integrata si interoperabilitate cu aplicabilitate clinica si non clinica „în c,1,2750000.0,1.0,66.68
TED,POL,IT / software / cyber,NO_CODE,dostawa i wdrożenie rozwiązań zwiększających poziom cyberbezpieczeństwa oraz systemu analizy logów,1,2674000.0,1.0,66.68
TED,POL,IT / software / cyber,NO_CODE,przedłużenie asysty technicznej nr ssn <n> software update license & support oracle o kolejny rok,1,74651672.0,1.0,66.68
TED,ROU,IT / software / cyber,NO_CODE,soluție de corelare și interpretare a evenimentelor din cadrul infrastructurii de cloud guvernamental,1,4597000.0,1.0,66.68
TED,ROU,IT / software / cyber,NO_CODE,"furnizare software de management clinic și non-clinic pentru proiectul ""digitalizarea spitalului clinic de pneumoftiziol",1,2541000.0,1.0,66.68
TED,ESP,IT / software / cyber,NO_CODE,"tercer contrato basado para el mantenimiento y soporte del software sap para el año <n>, basado en el lote <n> del acuer",1,3937010.15,1.0,66.68
TED,IT,IT / software / cyber,NO_CODE,gara comunitaria a procedura aperta relativa alla fornitura di servizi cloud microsoft azure,1,2216709.36,1.0,66.68
TED,ESP,IT / software / cyber,NO_CODE,segunda adquisición de software para la extensión del proyecto de trabajo colaborativo,1,9422386.5,1.0,66.68
TED,ROU,IT / software / cyber,NO_CODE,servicii de cercetare-dezvoltare și transfer de cunoștințe tehnice pentru evoluția și validarea unui prototip software i,1,2509109.24,0.0,66.68
TED,POL,IT / software / cyber,NO_CODE,"zakup, dostawa oraz konfiguracja urządzeń do obsługi środowiska backupu realizowany w ramach programu rządowego cyberbez",1,2002841.0,1.0,66.68
TED,ROU,IT / software / cyber,NO_CODE,dezvoltare aplicații software la cerere pentru sistemul informatic tip platformă portal învățământ,1,4939250.0,1.0,66.68
TED,CZE,IT / software / cyber,NO_CODE,"dodávky výpočetní techniky (hardware, software)",1,8000000.0,1.0,66.68
TED,ROU,IT / software / cyber,NO_CODE,"servicii de întreținere, reparații pentru sistemele de detectare a explozibililor (eds) tip examiner xlb și <n>dx-es, pl",1,2288716.8,1.0,66.68
TED,ROU,IT / software / cyber,NO_CODE,furnizare de echipamente it si prestarea serviciilor de dezvoltare si implementare a sistemului informatic integrat in c,1,2821944.0,1.0,66.68
Germany,Germany,IT / software / cyber,60510000,seranis launch services,1,5806000.0,1.0,66.68
TED,PRT,IT / software / cyber,NO_CODE,<n>_<n>cp subscrição de licenças de software microsoft e serviços de suporte para as empresas do grupo águas de portugal,1,2812004.32,1.0,66.68
TED,PRT,IT / software / cyber,NO_CODE,fornecimento de licenças de software e serviços de manutenção para o sistema aim/etod - <n>-<n>,1,2393398.0,1.0,66.68
TED,NOR,IT / software / cyber,NO_CODE,<n>/<n> - framework agreement for network components with associated licences,1,75000000.0,1.0,66.68
United Kingdom,United Kingdom,IT / software / cyber,45232452,on track drain remediation services,1,12600000.0,1.0,66.68
TED,DNK,IT / software / cyber,NO_CODE,procurement of operation network,1,300000000.0,0.0,66.68
TED,ESP,IT / software / cyber,NO_CODE,servicio de infraestructura cloud del ayuntamiento de oviedo,1,8002312.0,1.0,66.68
TED,ES,IT / software / cyber,NO_CODE,servicios de soporte cloudops para ejie,1,2140000.0,1.0,66.68
TED,ROU,IT / software / cyber,NO_CODE,pachete software si sisteme informatice,1,4789080.0,1.0,66.68
TED,SVN,IT / software / cyber,NO_CODE,jn <n>/<n> sap licence - vzdrževanje licenčne programske opreme sap in najem cloud rešitve za <n>-letno obdobje,1,5038043.22,1.0,66.68
TED,ESP,IT / software / cyber,NO_CODE,"suministro, instalación y puesta en marcha de un espacio experimental definido por software, dinámico y actualizable (de",1,3678950.0,1.0,66.68
TED,FI,IT / software / cyber,NO_CODE,cyber knife lineaarikiihdytin asennuksineen,1,3228000.0,1.0,66.68
TED,ITA,IT / software / cyber,NO_CODE,aggiudicazione della procedura aperta per l’affidamento in appalto per la fornitura del software di analisi adms e dei q,1,2201466.0,1.0,66.68
TED,CHE,IT / software / cyber,NO_CODE,(<n>) <n> c-software bundesweiter bedarf,1,5405000.0,1.0,66.68
TED,POL,IT / software / cyber,NO_CODE,przedmiotem zamówienia jest rozbudowa szpitalnego systemu informacyjnego his w ramach poprawy dostępności cyfrowej i cyb,1,3466200.0,1.0,66.68
TED,ROU,IT / software / cyber,NO_CODE,acord-cadru de furnizare aplicație software de tip threat intelligence,1,5337000.0,1.0,66.68
TED,ESP,IT / software / cyber,NO_CODE,"renovacion del servicio existente integral en modalidad de arrendamiento financiero sin opcion a compra que garantice, d",1,8841759.78,1.0,66.68
United Kingdom,United Kingdom,IT / software / cyber,72000000,microsoft unified performance support,1,8418435.0,1.0,66.68
TED,POL,IT / software / cyber,NO_CODE,transformacja cyfrowa i wzmocnienie cyberbezpieczeństwa spzoz w łęcznej,1,3220000.0,1.0,66.68
TED,ITA,IT / software / cyber,NO_CODE,"dgacq <n>-<n> affidamento dei servizi del cloud pubblico microsoft azure, per la durata di <n> mesi",1,3851206.42,1.0,66.68
