warehouse_source,country,buyer_name,lean_lane,route_band,records,median_value,avg_priority
USASPENDING_V1,USA,DLA TROOP SUPPORT,OTHER / OPEN WORLD,AWARD_FIRST_EVIDENCE,7302104,479.45,37.56680080152241
USASPENDING_V1,USA,DLA AVIATION,OTHER / OPEN WORLD,AWARD_FIRST_EVIDENCE,1187567,486.26,39.038417352452534
USASPENDING_V1,USA,"GSA/FAS/GSS/QSCB, SUPPLY CHAIN MANAGEMENT CONTRACTING DIVISION",OTHER / OPEN WORLD,AWARD_FIRST_EVIDENCE,1123712,129.54,35.38863740887345
USASPENDING_V1,USA,DLA LAND AND MARITIME,OTHER / OPEN WORLD,AWARD_FIRST_EVIDENCE,973823,640.79,39.8657764706728
USASPENDING_V1,USA,GSA/FAS/GSS/QSCBA/SPECIAL CONTRACTING BRANCH A AND QSCBB SPECIAL CONTRACTING BRANCH B,OTHER / OPEN WORLD,AWARD_FIRST_EVIDENCE,904221,212.89,37.13724403657955
USASPENDING_V1,USA,"GSA/FAS/GSS/QSCB, SUPPLY CHAIN MANAGEMENT CONTRACTING DIVISION",Office supplies / consumables resale,AWARD_FIRST_EVIDENCE,804171,125.0,53.4834042510859
USASPENDING_V1,USA,DLA ENERGY,OTHER / OPEN WORLD,AWARD_FIRST_EVIDENCE,666277,1003.55,38.25529769150068
USASPENDING_V1,USA,"GSA/FAS SCIENTFC,TEMP SVCS,ADINT",OTHER / OPEN WORLD,AWARD_FIRST_EVIDENCE,455295,143.0,38.322726891356155
USASPENDING_V1,USA,GSA/FAS AUTOMOTIVE CENTER,OTHER / OPEN WORLD,AWARD_FIRST_EVIDENCE,137238,43937.0,45.34549920575934
USASPENDING_V1,USA,GSA/FAS ADMIN SVCS ACQUISITION BR(2,Office supplies / consumables resale,AWARD_FIRST_EVIDENCE,97847,114.15,53.660870747186934
USASPENDING_V1,USA,GSA/FAS/GSS/QSCBA/SPECIAL CONTRACTING BRANCH A AND QSCBB SPECIAL CONTRACTING BRANCH B,Office supplies / consumables resale,AWARD_FIRST_EVIDENCE,88859,503.18,55.88919051531077
USASPENDING_V1,USA,GSA/FAS HEARTLAND ACQUISITION CENTE,OTHER / OPEN WORLD,AWARD_FIRST_EVIDENCE,66468,99.6,36.47440362279593
USASPENDING_V1,USA,DLA TROOP SUPPORT INDO-PACIFIC,OTHER / OPEN WORLD,AWARD_FIRST_EVIDENCE,48514,376.275,40.680166549861895
USASPENDING_V1,USA,GSA/FAS ADMIN SVCS ACQUISITION BR(2,OTHER / OPEN WORLD,AWARD_FIRST_EVIDENCE,39673,137.02,34.08306203211252
USASPENDING_V1,USA,TELECOMMUNICATIONS DIVISION- HC1013,OTHER / OPEN WORLD,AWARD_FIRST_EVIDENCE,29327,6911.13,50.95355406280902
USASPENDING_V1,USA,"GSA/FAS SCIENTFC,TEMP SVCS,ADINT",Office supplies / consumables resale,AWARD_FIRST_EVIDENCE,28028,60.48,53.887442557442554
USASPENDING_V1,USA,USDA-FS PPS INCIDENT PROCUREMENT,OTHER / OPEN WORLD,AWARD_FIRST_EVIDENCE,26510,26232.68,47.82316861561675
USASPENDING_V1,USA,DLA DISPOSITION SERVICES - EBS,OTHER / OPEN WORLD,AWARD_FIRST_EVIDENCE,26483,5980.78,40.09818071970698
USASPENDING_V1,USA,NAVSUP WEAPON SYSTEMS SUPPORT MECH,OTHER / OPEN WORLD,AWARD_FIRST_EVIDENCE,24379,20468.7,49.16154559251815
USASPENDING_V1,USA,ACQUISITIONS - AQM MOMENTUM,OTHER / OPEN WORLD,AWARD_FIRST_EVIDENCE,18437,71095.5,51.812392471660246
USASPENDING_V1,USA,GSA/FAS FURNITURE SYSTEMS MGT DIV,OTHER / OPEN WORLD,AWARD_FIRST_EVIDENCE,16448,565.605,35.45028574902724
USASPENDING_V1,USA,262-NETWORK CONTRACT OFFICE 22 (36C262),OTHER / OPEN WORLD,AWARD_FIRST_EVIDENCE,15947,44921.87,50.591632281933904
USASPENDING_V1,USA,NAVSUP FLT LOG CTR JACKSONVILLE,OTHER / OPEN WORLD,AWARD_FIRST_EVIDENCE,15652,19142.92,48.48550856120624
USASPENDING_V1,USA,OFFICE OF LANGUAGE SERVICES,Translation,AWARD_FIRST_EVIDENCE,14870,800.0,73.66209818426361
USASPENDING_V1,USA,NAVSUP WEAPON SYSTEMS SUPPORT,OTHER / OPEN WORLD,AWARD_FIRST_EVIDENCE,13965,86878.0,51.75388900823487
USASPENDING_V1,USA,250-NETWORK CONTRACT OFFICE 10 (36C250),OTHER / OPEN WORLD,AWARD_FIRST_EVIDENCE,13448,25075.38,49.643900951814395
USASPENDING_V1,USA,248-NETWORK CONTRACT OFFICE 8 (36C248),OTHER / OPEN WORLD,AWARD_FIRST_EVIDENCE,12041,29449.0,50.223262187525954
USASPENDING_V1,USA,DCSO FEDMALL,OTHER / OPEN WORLD,AWARD_FIRST_EVIDENCE,11539,293.28,35.002348557067336
USASPENDING_V1,USA,AVIATION LOGISTICS CENTER (ALC)(00038),OTHER / OPEN WORLD,AWARD_FIRST_EVIDENCE,11296,28592.625,45.432091005665725
USASPENDING_V1,USA,USDA  AMS  3J14,OTHER / OPEN WORLD,AWARD_FIRST_EVIDENCE,10467,599363.64,51.71641922231776
USASPENDING_V1,USA,USTRANSCOM-AQ,OTHER / OPEN WORLD,AWARD_FIRST_EVIDENCE,10443,240022.5,49.2947467202911
USASPENDING_V1,USA,"GSA/FAS/GSS/QSCB, SUPPLY CHAIN MANAGEMENT CONTRACTING DIVISION",Data entry / clerical processing,AWARD_FIRST_EVIDENCE,10155,145.1,65.44481536189069
USASPENDING_V1,USA,NASA SHARED SERVICES CENTER,OTHER / OPEN WORLD,AWARD_FIRST_EVIDENCE,10137,47843.62,53.69090263391536
USASPENDING_V1,USA,256-NETWORK CONTRACT OFFICE 16 (36C256),OTHER / OPEN WORLD,AWARD_FIRST_EVIDENCE,10086,26695.5,50.02657743406702
USASPENDING_V1,USA,261-NETWORK CONTRACT OFFICE 21 (36C261),OTHER / OPEN WORLD,AWARD_FIRST_EVIDENCE,9948,43528.555,50.86322476879775
USASPENDING_V1,USA,NAVSUP FLT LOG CTR NORFOLK,OTHER / OPEN WORLD,AWARD_FIRST_EVIDENCE,9896,70000.0,53.14982417138238
USASPENDING_V1,USA,DEPT OF COMMERCE NOAA,OTHER / OPEN WORLD,AWARD_FIRST_EVIDENCE,9859,50000.0,50.96733542955675
USASPENDING_V1,USA,NSWC DAHLGREN,OTHER / OPEN WORLD,AWARD_FIRST_EVIDENCE,9708,500.0,43.55306551297899
USASPENDING_V1,USA,246-NETWORK CONTRACTING OFFICE 6 (36C246),OTHER / OPEN WORLD,AWARD_FIRST_EVIDENCE,9526,36519.705,50.50983413814823
USASPENDING_V1,USA,NETWORK CONTRACT OFFICE 19 (36C259),OTHER / OPEN WORLD,AWARD_FIRST_EVIDENCE,9409,24905.28,49.826242958869166
USASPENDING_V1,USA,NAVFACSYSCOM MID-ATLANTIC,OTHER / OPEN WORLD,AWARD_FIRST_EVIDENCE,9376,123144.06,45.17351749146758
USASPENDING_V1,USA,241-NETWORK CONTRACT OFFICE 01 (36C241),OTHER / OPEN WORLD,AWARD_FIRST_EVIDENCE,9239,30357.9,49.894821950427534
USASPENDING_V1,USA,IBC ACQ SVCS DIRECTORATE (00004),OTHER / OPEN WORLD,AWARD_FIRST_EVIDENCE,9135,53238.95,51.71064696223317
USASPENDING_V1,USA,242-NETWORK CONTRACT OFFICE 02 (36C242),OTHER / OPEN WORLD,AWARD_FIRST_EVIDENCE,9075,29856.28,49.60339614325069
USASPENDING_V1,USA,244-NETWORK CONTRACT OFFICE 4 (36C244),OTHER / OPEN WORLD,AWARD_FIRST_EVIDENCE,9060,26438.519999999997,48.840403973509936
USASPENDING_V1,USA,W6QK ACC-RSA,OTHER / OPEN WORLD,AWARD_FIRST_EVIDENCE,9014,195659.46000000002,49.60593077435101
USASPENDING_V1,USA,USDA FOREST SERVICE,OTHER / OPEN WORLD,AWARD_FIRST_EVIDENCE,8853,29504.57,49.071901050491356
USASPENDING_V1,USA,6973GH FRANCHISE ACQUISITION SVCS,OTHER / OPEN WORLD,AWARD_FIRST_EVIDENCE,8812,44698.0,49.654144348615525
USASPENDING_V1,USA,CDC OFFICE OF ACQUISITION SERVICES,OTHER / OPEN WORLD,AWARD_FIRST_EVIDENCE,8448,207843.3,54.95726325757576
USASPENDING_V1,USA,247-NETWORK CONTRACT OFFICE 7 (36C247),OTHER / OPEN WORLD,AWARD_FIRST_EVIDENCE,8436,29488.02,50.52034376481745
USASPENDING_V1,USA,245-NETWORK CONTRACT OFFICE 5 (36C245),OTHER / OPEN WORLD,AWARD_FIRST_EVIDENCE,8433,24748.6,49.83304162219851
USASPENDING_V1,USA,"FEDERAL PRISON INDUSTRIES, INC",OTHER / OPEN WORLD,AWARD_FIRST_EVIDENCE,8190,28155.64,46.570893772893776
USASPENDING_V1,USA,NETWORK CONTRACT OFFICE 23 (36C263),OTHER / OPEN WORLD,AWARD_FIRST_EVIDENCE,8182,34000.0,49.58989489122464
USASPENDING_V1,USA,GSA/FAS/TTL/QMD/STR,OTHER / OPEN WORLD,AWARD_FIRST_EVIDENCE,8150,20800.0,46.10902331288344
USASPENDING_V1,USA,DLA MARITIME - PUGET SOUND,OTHER / OPEN WORLD,AWARD_FIRST_EVIDENCE,8132,7833.51,44.76318740777177
USASPENDING_V1,USA,"PROCUREMENT DIVISION, APC",OTHER / OPEN WORLD,AWARD_FIRST_EVIDENCE,7968,12000.0,47.932211345381525
USASPENDING_V1,USA,249-NETWORK CONTRACT OFFICE 9 (36C249),OTHER / OPEN WORLD,AWARD_FIRST_EVIDENCE,7893,32400.0,49.789246167490184
USASPENDING_V1,USA,260-NETWORK CONTRACT OFFICE 20 (36C260),OTHER / OPEN WORLD,AWARD_FIRST_EVIDENCE,7754,27241.614999999998,50.106141346401856
USASPENDING_V1,USA,IT CONTRACTING DIVISION - PL84,OTHER / OPEN WORLD,AWARD_FIRST_EVIDENCE,7630,5378.58,48.65788204456094
USASPENDING_V1,USA,257-NETWORK CONTRACT OFFICE 17 (36C257),OTHER / OPEN WORLD,AWARD_FIRST_EVIDENCE,7619,50820.41,50.40793017456359
USASPENDING_V1,USA,NSWC CRANE,OTHER / OPEN WORLD,AWARD_FIRST_EVIDENCE,7615,5790.0,46.97445042678923
USASPENDING_V1,USA,252-NETWORK CONTRACT OFFICE 12 (36C252),OTHER / OPEN WORLD,AWARD_FIRST_EVIDENCE,7355,36984.92,49.862202583276684
USASPENDING_V1,USA,DLA ENERGY AEROSPACE ENRGY-DLAE-M,OTHER / OPEN WORLD,AWARD_FIRST_EVIDENCE,7267,2940.0,38.908850970138985
USASPENDING_V1,USA,SSA OFC OF ACQUISITION  GRANTS,OTHER / OPEN WORLD,AWARD_FIRST_EVIDENCE,7096,51393.825,49.67010428410372
USASPENDING_V1,USA,MSCHQ NORFOLK,OTHER / OPEN WORLD,AWARD_FIRST_EVIDENCE,7082,26184.6,44.56243716464276
USASPENDING_V1,USA,DCMA NORTHEAST,OTHER / OPEN WORLD,AWARD_FIRST_EVIDENCE,6720,92151.75,50.04152380952381
USASPENDING_V1,USA,"USDA-FS, AT-INCIDENT MGT SPT BRANCH",OTHER / OPEN WORLD,AWARD_FIRST_EVIDENCE,6684,13025.58,45.74380610412926
USASPENDING_V1,USA,FDA OFFICE OF ACQ  GRANT SVCS,OTHER / OPEN WORLD,AWARD_FIRST_EVIDENCE,6679,166314.77,54.3822518341069
USASPENDING_V1,USA,W6QK ACC-RI,OTHER / OPEN WORLD,AWARD_FIRST_EVIDENCE,6637,56840.0,49.29874340816634
USASPENDING_V1,USA,NATIONAL CEMETERY ADMIN (36C786),OTHER / OPEN WORLD,AWARD_FIRST_EVIDENCE,6587,31029.06,43.66401093062092
USASPENDING_V1,USA,GSA/FAS CENTER FOR IT SCHEDULE PROG,OTHER / OPEN WORLD,AWARD_FIRST_EVIDENCE,6579,0.0,41.32801033591731
USASPENDING_V1,USA,NAVFACSYSCOM SOUTHWEST,OTHER / OPEN WORLD,AWARD_FIRST_EVIDENCE,6490,95830.35500000001,44.28473035439137
USASPENDING_V1,USA,FBI-JEH,OTHER / OPEN WORLD,AWARD_FIRST_EVIDENCE,6480,58213.65,52.008956790123456
USASPENDING_V1,USA,MISSILE DEFENSE AGENCY (MDA),OTHER / OPEN WORLD,AWARD_FIRST_EVIDENCE,6460,500.0,40.51242105263158
USASPENDING_V1,USA,NATIONAL INSTITUTES OF HEALTH OLAO,OTHER / OPEN WORLD,AWARD_FIRST_EVIDENCE,6346,57137.759999999995,51.519899149070284
USASPENDING_V1,USA,255-NETWORK CONTRACT OFFICE 15 (36C255),OTHER / OPEN WORLD,AWARD_FIRST_EVIDENCE,6223,30440.0,49.44818576249397
USASPENDING_V1,USA,"GSA/FAS/GSS/QSCB, SUPPLY CHAIN MANAGEMENT CONTRACTING DIVISION",Hardware / AV resale,AWARD_FIRST_EVIDENCE,6204,550.09,51.917578981302384
USASPENDING_V1,USA,"USDA-FS, INCIDENT PROCUREMENT LOGISTICS",OTHER / OPEN WORLD,AWARD_FIRST_EVIDENCE,6179,129163.8,52.99614177051303
USASPENDING_V1,USA,"DLA AVIATION AT PHILADELPHIA, PA",OTHER / OPEN WORLD,AWARD_FIRST_EVIDENCE,6067,14102.0,47.885261249381905
USASPENDING_V1,USA,DLA  AVIATION - OGDEN,OTHER / OPEN WORLD,AWARD_FIRST_EVIDENCE,6067,1390.8,38.996156255150815
USASPENDING_V1,USA,NAVAJO AREA INDIAN HEALTH SVC,OTHER / OPEN WORLD,AWARD_FIRST_EVIDENCE,5880,54970.5,50.300697278911564
USASPENDING_V1,USA,DLA DISTRIBUTION,OTHER / OPEN WORLD,AWARD_FIRST_EVIDENCE,5847,6397.5,43.409772532922865
USASPENDING_V1,USA,NAVSEA HQ,OTHER / OPEN WORLD,AWARD_FIRST_EVIDENCE,5802,385692.245,51.344071009996554
USASPENDING_V1,USA,NAVAL AIR WARFARE CENTER AIR DIV,OTHER / OPEN WORLD,AWARD_FIRST_EVIDENCE,5754,140657.37,51.48256517205422
USASPENDING_V1,USA,MRPBS MINNEAPOLIS MN,OTHER / OPEN WORLD,AWARD_FIRST_EVIDENCE,5630,33136.0,48.30539253996447
USASPENDING_V1,USA,PACIFIC NORTHWEST REGIONAL OFFICE,OTHER / OPEN WORLD,AWARD_FIRST_EVIDENCE,5531,19937.5,46.72236485264871
USASPENDING_V1,USA,GSA/FAS/PSHC/PROF SRVCS SCHED-PSS,OTHER / OPEN WORLD,AWARD_FIRST_EVIDENCE,5515,0.0,36.361247506799636
USASPENDING_V1,USA,INCIDENT PROCUREMENT AVIATION BRANCH,OTHER / OPEN WORLD,AWARD_FIRST_EVIDENCE,5472,208700.865,51.549049707602336
USASPENDING_V1,USA,NAVAIR WARFARE CTR AIRCRAFT DIV,OTHER / OPEN WORLD,AWARD_FIRST_EVIDENCE,5415,241706.0,54.640476454293626
USASPENDING_V1,USA,W6QK ACC-APG,OTHER / OPEN WORLD,AWARD_FIRST_EVIDENCE,5411,514533.5,53.32164110145999
USASPENDING_V1,USA,NIWC PACIFIC,OTHER / OPEN WORLD,AWARD_FIRST_EVIDENCE,5224,145479.0,52.88362940275651
USASPENDING_V1,USA,W6QM MICC-FT DRUM,OTHER / OPEN WORLD,AWARD_FIRST_EVIDENCE,5197,39657.95,45.00444487204156
USASPENDING_V1,USA,"GSA/FAS/GSS/QSCB, SUPPLY CHAIN MANAGEMENT CONTRACTING DIVISION",Transcription / captioning,AWARD_FIRST_EVIDENCE,5184,111.21,55.00314429012346
USASPENDING_V1,USA,NAVSUP FLT LOG CTR  YOKOSUKA,OTHER / OPEN WORLD,AWARD_FIRST_EVIDENCE,5163,24936.13,46.283466976564014
USASPENDING_V1,USA,DEPT OF COMMERCE SSPO,OTHER / OPEN WORLD,AWARD_FIRST_EVIDENCE,5088,64691.34,52.02604559748428
USASPENDING_V1,USA,DEFENSE HEALTH AGENCY,OTHER / OPEN WORLD,AWARD_FIRST_EVIDENCE,5049,219056.28,54.131451772628246
USASPENDING_V1,USA,NATIONAL INSTITUTES OF HEALTH NIAID,OTHER / OPEN WORLD,AWARD_FIRST_EVIDENCE,5001,76096.25,53.75093381323735
USASPENDING_V1,USA,"GSA/FAS/GSS/QSCA, MULTIPLE AWARD SCHEDULE CONTRACTING DIVISION",OTHER / OPEN WORLD,AWARD_FIRST_EVIDENCE,4998,0.0,34.081272509003604
USASPENDING_V1,USA,0409 AQ HQ     CONTRACT,OTHER / OPEN WORLD,AWARD_FIRST_EVIDENCE,4992,96554.45499999999,47.495076121794874
USASPENDING_V1,USA,697DCK REGIONAL ACQUISITIONS SVCS,OTHER / OPEN WORLD,AWARD_FIRST_EVIDENCE,4918,102363.425,54.51762505083367
USASPENDING_V1,USA,GSA/FAS/GSS/QSCBA/SPECIAL CONTRACTING BRANCH A AND QSCBB SPECIAL CONTRACTING BRANCH B,Hardware / AV resale,AWARD_FIRST_EVIDENCE,4906,1738.51,53.32181410517733
USASPENDING_V1,USA,INDIAN HEALTH SERVICE,OTHER / OPEN WORLD,AWARD_FIRST_EVIDENCE,4812,26670.440000000002,47.53327930174564
USASPENDING_V1,USA,DLA TROOP SUPPORT,Hardware / AV resale,AWARD_FIRST_EVIDENCE,4788,820.6,56.463366750208856
USASPENDING_V1,USA,HEADQUATERS,OTHER / OPEN WORLD,AWARD_FIRST_EVIDENCE,4763,28534.15,52.3488431660718
USASPENDING_V1,USA,W6QK ACC-PICA,OTHER / OPEN WORLD,AWARD_FIRST_EVIDENCE,4712,94386.51999999999,48.81062818336163
USASPENDING_V1,USA,SFLC PROCUREMENT BRANCH 1(00080),OTHER / OPEN WORLD,AWARD_FIRST_EVIDENCE,4654,24159.49,46.170146110872366
USASPENDING_V1,USA,DLA MARITIME - NORFOLK,OTHER / OPEN WORLD,AWARD_FIRST_EVIDENCE,4581,3780.0,45.06533071381794
USASPENDING_V1,USA,NAVAL AIR WARFARE CENTER,OTHER / OPEN WORLD,AWARD_FIRST_EVIDENCE,4385,73134.67,50.89945724059293
USASPENDING_V1,USA,W6QK ACC- DTA,OTHER / OPEN WORLD,AWARD_FIRST_EVIDENCE,4364,164152.71000000002,48.36838680109991
USASPENDING_V1,USA,USDA AMS WBSCM,OTHER / OPEN WORLD,AWARD_FIRST_EVIDENCE,4253,6007.0,42.39699976487186
USASPENDING_V1,USA,NATIONAL INSTITUTES OF HEALTH NIDA,OTHER / OPEN WORLD,AWARD_FIRST_EVIDENCE,4238,119312.5,54.52237848041529
USASPENDING_V1,USA,HQ CONTRACT OPERATIONS (CG-912)(000,OTHER / OPEN WORLD,AWARD_FIRST_EVIDENCE,4126,145450.88,52.04031992244305
USASPENDING_V1,USA,NAVFACSYSCOM SOUTHEAST,OTHER / OPEN WORLD,AWARD_FIRST_EVIDENCE,4100,249966.0,46.20229756097561
USASPENDING_V1,USA,DEPT OF COMMERCE NIST,OTHER / OPEN WORLD,AWARD_FIRST_EVIDENCE,4053,86250.0,52.5280236861584
USASPENDING_V1,USA,GSA/FAS/PSHC/OASIS PLUS,OTHER / OPEN WORLD,AWARD_FIRST_EVIDENCE,3999,2500.0,37.30225056264066
USASPENDING_V1,USA,NSWC PHILADELPHIA DIV,OTHER / OPEN WORLD,AWARD_FIRST_EVIDENCE,3966,84806.0,50.26138174483106
USASPENDING_V1,USA,WASHINGTON HEADQUARTERS SERVICES,OTHER / OPEN WORLD,AWARD_FIRST_EVIDENCE,3877,252527.0,54.155945318545264
USASPENDING_V1,USA,NATIONAL INSTITUTES OF HEALTH NHLBI,OTHER / OPEN WORLD,AWARD_FIRST_EVIDENCE,3775,102132.36,55.44658543046358
USASPENDING_V1,USA,COMMANDER,OTHER / OPEN WORLD,AWARD_FIRST_EVIDENCE,3737,148390.0,53.07394701632325
USASPENDING_V1,USA,NAVAL SURFACE WARFARE CENTER,OTHER / OPEN WORLD,AWARD_FIRST_EVIDENCE,3693,30851.98,51.628388843758465
USASPENDING_V1,USA,SPECIAL OPERATIONS DIVISION,Translation,AWARD_FIRST_EVIDENCE,3659,30994.57,77.61170265099754
USASPENDING_V1,USA,NAVFACSYSCOM WASHINGTON,OTHER / OPEN WORLD,AWARD_FIRST_EVIDENCE,3624,164672.135,44.7549889624724
USASPENDING_V1,USA,NATIONAL INSTITUTES OF HEALTH - CC,OTHER / OPEN WORLD,AWARD_FIRST_EVIDENCE,3608,29534.175,51.75091463414634
USASPENDING_V1,USA,NAVSUP FLC SIGONELLA NAPLES OFFICE,OTHER / OPEN WORLD,AWARD_FIRST_EVIDENCE,3607,25346.0,47.435370113667865
USASPENDING_V1,USA,NUWC DIV NEWPORT,OTHER / OPEN WORLD,AWARD_FIRST_EVIDENCE,3534,12000.0,48.593401245048106
USASPENDING_V1,USA,IT CONTRACTING DIVISION - PL83,OTHER / OPEN WORLD,AWARD_FIRST_EVIDENCE,3509,127171.38,58.208669136506124
USASPENDING_V1,USA,ATF | ACQUISITIONS MANAGEMENT DIVISION,OTHER / OPEN WORLD,AWARD_FIRST_EVIDENCE,3493,9100.0,48.94690523904953
USASPENDING_V1,USA,W2V6 USA ENG SPT CTR HUNTSVIL,OTHER / OPEN WORLD,AWARD_FIRST_EVIDENCE,3485,816595.32,51.6613543758967
USASPENDING_V1,USA,HRSA HEADQUARTERS,OTHER / OPEN WORLD,AWARD_FIRST_EVIDENCE,3441,10000.0,44.29060156931125
USASPENDING_V1,USA,0411 AQ HQ     CONTRACT AUG,OTHER / OPEN WORLD,AWARD_FIRST_EVIDENCE,3328,20024.559999999998,43.452457932692305
USASPENDING_V1,USA,LOG-9,OTHER / OPEN WORLD,AWARD_FIRST_EVIDENCE,3320,32354.82,47.624132530120484
USASPENDING_V1,USA,NATIONAL INTERAGENCY FIRE CENTER,OTHER / OPEN WORLD,AWARD_FIRST_EVIDENCE,3317,45589.0,50.089544769369915
USASPENDING_V1,USA,JMD-PROCUREMENT SERVICES SECTION,OTHER / OPEN WORLD,AWARD_FIRST_EVIDENCE,3315,186300.13,54.03946907993967
USASPENDING_V1,USA,NIH NCI,OTHER / OPEN WORLD,AWARD_FIRST_EVIDENCE,3287,52303.28,53.29653179190751
USASPENDING_V1,USA,PBS R5 ACQUISITION MANAGEMENT DIVISION,OTHER / OPEN WORLD,AWARD_FIRST_EVIDENCE,3254,24049.82,42.16752919483712
USASPENDING_V1,USA,GREAT PLAINS AREA INDIAN HEALTH SVC,OTHER / OPEN WORLD,AWARD_FIRST_EVIDENCE,3225,42846.73,48.80897984496124
USASPENDING_V1,USA,NIWC ATLANTIC,OTHER / OPEN WORLD,AWARD_FIRST_EVIDENCE,3212,305227.85,56.12435865504359
USASPENDING_V1,USA,NAVSUP FLT LOG CTR PUGET SOUND,OTHER / OPEN WORLD,AWARD_FIRST_EVIDENCE,3204,30901.79,48.778988764044946
USASPENDING_V1,USA,US MINT HEADQUARTERS,OTHER / OPEN WORLD,AWARD_FIRST_EVIDENCE,3187,1030173.0,49.80340759334798
USASPENDING_V1,USA,OFFICE OF THE CHIEF PROCUREMENT OFFICER,OTHER / OPEN WORLD,AWARD_FIRST_EVIDENCE,3141,12204.9,49.15335243553009
USASPENDING_V1,USA,ACQUISITIONS - RPSO FRANKFURT,OTHER / OPEN WORLD,AWARD_FIRST_EVIDENCE,3102,16111.285,44.55126370083817
USASPENDING_V1,USA,DEFENSE COMMISSARY AGENCY,OTHER / OPEN WORLD,AWARD_FIRST_EVIDENCE,3064,7663.58,42.85338772845953
USASPENDING_V1,USA,NAVAL RESEARCH LABORATORY,OTHER / OPEN WORLD,AWARD_FIRST_EVIDENCE,3054,34987.475,53.531008513425014
USASPENDING_V1,USA,SPECIAL OPERATIONS,OTHER / OPEN WORLD,AWARD_FIRST_EVIDENCE,3028,45980.87,52.05503302509908
USASPENDING_V1,USA,NSWC INDIAN HEAD DIVISION,OTHER / OPEN WORLD,AWARD_FIRST_EVIDENCE,3022,15605.0,47.973838517538056
USASPENDING_V1,USA,DLA TROOP SUPPORT,Call centre / helpdesk operations,AWARD_FIRST_EVIDENCE,2976,77.15,51.143319892473116
USASPENDING_V1,USA,NAVAL AIR SYSTEMS COMMAND,OTHER / OPEN WORLD,AWARD_FIRST_EVIDENCE,2956,2421019.2,53.279093369418135
USASPENDING_V1,USA,INDIAN EDUCATION ACQUISITION OFFICE,OTHER / OPEN WORLD,AWARD_FIRST_EVIDENCE,2945,54600.0,51.88749066213922
USASPENDING_V1,USA,"USDA, OCP-POD-ACQ-MGMT-BRANCH-FTC",OTHER / OPEN WORLD,AWARD_FIRST_EVIDENCE,2944,118604.225,56.48521059782609
USASPENDING_V1,USA,SFLC PROCUREMENT BRANCH 2(00085),OTHER / OPEN WORLD,AWARD_FIRST_EVIDENCE,2890,33760.0,46.798311418685124
USASPENDING_V1,USA,"DLA AVIATION AT CHERRY POINT, NC",OTHER / OPEN WORLD,AWARD_FIRST_EVIDENCE,2886,1281.8600000000001,42.340914760914764
USASPENDING_V1,USA,NAC HIGH TECH ORDERS (36A797),OTHER / OPEN WORLD,AWARD_FIRST_EVIDENCE,2882,257270.0,53.21841776544067
USASPENDING_V1,USA,COMMANDING OFFICER,OTHER / OPEN WORLD,AWARD_FIRST_EVIDENCE,2849,24579.07,47.355626535626534
USASPENDING_V1,USA,COMMANDING GENERAL,OTHER / OPEN WORLD,AWARD_FIRST_EVIDENCE,2847,29447.1,47.24441166139796
USASPENDING_V1,USA,USDA ARS AFM APD,OTHER / OPEN WORLD,AWARD_FIRST_EVIDENCE,2838,51607.5,50.15320648343904
USASPENDING_V1,USA,SFLC PROCUREMENT BRANCH 3(00040),OTHER / OPEN WORLD,AWARD_FIRST_EVIDENCE,2835,29853.6,45.876063492063494
USASPENDING_V1,USA,USDA FS,OTHER / OPEN WORLD,AWARD_FIRST_EVIDENCE,2822,10402.5,45.039192062367114
USASPENDING_V1,USA,NAVFACSYSCOM FAR EAST,OTHER / OPEN WORLD,AWARD_FIRST_EVIDENCE,2790,158783.11,45.74174193548387
USASPENDING_V1,USA,BORDER ENFORCEMENT CONTRACTING DIVISION,OTHER / OPEN WORLD,AWARD_FIRST_EVIDENCE,2754,57018.490000000005,49.822156862745096
USASPENDING_V1,USA,DCMA MID-ATLANTIC,OTHER / OPEN WORLD,AWARD_FIRST_EVIDENCE,2718,0.0,48.16140544518028
USASPENDING_V1,USA,693JJ3 ACQUISITION AND GRANTS MGT,OTHER / OPEN WORLD,AWARD_FIRST_EVIDENCE,2706,267564.375,56.252564671101254
USASPENDING_V1,USA,SOUTHWEST REGIONAL MAINT CENTER,OTHER / OPEN WORLD,AWARD_FIRST_EVIDENCE,2701,55936.07,46.768796741947426
USASPENDING_V1,USA,DOD EDUCATION ACTIVITY,OTHER / OPEN WORLD,AWARD_FIRST_EVIDENCE,2687,27987.0,47.88760699665054
USASPENDING_V1,USA,DCSO-P NEW CUMBERLAND,OTHER / OPEN WORLD,AWARD_FIRST_EVIDENCE,2681,75074.83,52.348586348377474
USASPENDING_V1,USA,DLA OKLAHOMA CITY,OTHER / OPEN WORLD,AWARD_FIRST_EVIDENCE,2638,2999.5,45.008536770280514
USASPENDING_V1,USA,W6QK LAD CONTR OFF,OTHER / OPEN WORLD,AWARD_FIRST_EVIDENCE,2622,4249.925,40.913585049580476
USASPENDING_V1,USA,NATIONAL INSTITUTES OF HEALTH NICHD,OTHER / OPEN WORLD,AWARD_FIRST_EVIDENCE,2611,34575.24,53.641907315204904
USASPENDING_V1,USA,OFC OF ACQUSITION  GRANTS-NATIONAL,OTHER / OPEN WORLD,AWARD_FIRST_EVIDENCE,2611,55146.0,50.58461126005362
USASPENDING_V1,USA,NAVY MEDICINE PROFESSIONAL,OTHER / OPEN WORLD,AWARD_FIRST_EVIDENCE,2596,42374.0,56.08228813559322
USASPENDING_V1,USA,"DLA AVIATION AT OKLAHOMA CITY, OK",OTHER / OPEN WORLD,AWARD_FIRST_EVIDENCE,2583,173500.0,50.49712737127371
USASPENDING_V1,USA,W074 ENDIST MOBILE,OTHER / OPEN WORLD,AWARD_FIRST_EVIDENCE,2574,326883.255,48.96802641802642
USASPENDING_V1,USA,U. S. SECRET SERVICE,OTHER / OPEN WORLD,AWARD_FIRST_EVIDENCE,2569,73756.64,52.32267808485792
USASPENDING_V1,USA,HQ USSOCOM,OTHER / OPEN WORLD,AWARD_FIRST_EVIDENCE,2564,386120.15,52.4448751950078
USASPENDING_V1,USA,SAC FREDERICK (36C10X),OTHER / OPEN WORLD,AWARD_FIRST_EVIDENCE,2548,310174.18000000005,53.20033751962323
USASPENDING_V1,USA,FA3016  502 CONS CL,OTHER / OPEN WORLD,AWARD_FIRST_EVIDENCE,2511,65674.68,50.80235762644365
USASPENDING_V1,USA,OFC OF ACQUISITION AND GRANTS MGMT,OTHER / OPEN WORLD,AWARD_FIRST_EVIDENCE,2486,3791485.0,56.155132743362834
USASPENDING_V1,USA,NAVSUP FLT LOG CTR  SAN DIEGO,OTHER / OPEN WORLD,AWARD_FIRST_EVIDENCE,2451,39272.9,51.78913912688699
USASPENDING_V1,USA,W2R2 USA ENGR R & D CTR,OTHER / OPEN WORLD,AWARD_FIRST_EVIDENCE,2439,55320.12,52.476506765067654
USASPENDING_V1,USA,OFFICE OF CONTRACTS,OTHER / OPEN WORLD,AWARD_FIRST_EVIDENCE,2393,28786.0,52.6322691182616
USASPENDING_V1,USA,NIH A  E CONSTRUCTION,OTHER / OPEN WORLD,AWARD_FIRST_EVIDENCE,2352,152479.475,48.42452380952381
USASPENDING_V1,USA,FA5209  374 CONS PK,OTHER / OPEN WORLD,AWARD_FIRST_EVIDENCE,2345,44602.33,48.84676332622601
USASPENDING_V1,USA,PHOENIX AREA INDIAN HEALTH SVC,OTHER / OPEN WORLD,AWARD_FIRST_EVIDENCE,2337,68344.0,51.146743688489515
USASPENDING_V1,USA,NSWC CARDEROCK,OTHER / OPEN WORLD,AWARD_FIRST_EVIDENCE,2321,30921.735,51.017078845325294
USASPENDING_V1,USA,FA2521  45 CONS PK,OTHER / OPEN WORLD,AWARD_FIRST_EVIDENCE,2315,104712.0,48.3884838012959
USASPENDING_V1,USA,PROGRAM SUPPORT CENTER ACQ MGMT SVC,OTHER / OPEN WORLD,AWARD_FIRST_EVIDENCE,2278,542592.0,56.83580333625988
USASPENDING_V1,USA,W6QM MICC FT MCCOY (RC),OTHER / OPEN WORLD,AWARD_FIRST_EVIDENCE,2267,54217.5,45.58056462284958
USASPENDING_V1,USA,FA8217  AFLCMC HBDK,OTHER / OPEN WORLD,AWARD_FIRST_EVIDENCE,2267,20105.0,44.55244816938686
USASPENDING_V1,USA,W2SD ENDIST BALTIMORE,OTHER / OPEN WORLD,AWARD_FIRST_EVIDENCE,2253,112589.13,49.08241455836662
USASPENDING_V1,USA,NAVAL INFORMATION WARFARE SYSTEMS,OTHER / OPEN WORLD,AWARD_FIRST_EVIDENCE,2239,373748.2,53.74297454220634
USASPENDING_V1,USA,NORFOLK NAVAL SHIPYARD GF,OTHER / OPEN WORLD,AWARD_FIRST_EVIDENCE,2233,23218.0,48.18330497089118
USASPENDING_V1,USA,693KA9 CONTRACTING FOR SERVICES,OTHER / OPEN WORLD,AWARD_FIRST_EVIDENCE,2213,161471.93,49.06018075011297
USASPENDING_V1,USA,DCSO PHILADELPHIA,OTHER / OPEN WORLD,AWARD_FIRST_EVIDENCE,2204,817838.065,55.81029038112523
USASPENDING_V1,USA,W072 ENDIST LOUISVILLE,OTHER / OPEN WORLD,AWARD_FIRST_EVIDENCE,2185,124833.54,48.060311212814646
USASPENDING_V1,USA,W6QK ACC WVA,OTHER / OPEN WORLD,AWARD_FIRST_EVIDENCE,2157,11779.15,47.90645340751043
USASPENDING_V1,USA,"FWS, SAT TEAM 2",OTHER / OPEN WORLD,AWARD_FIRST_EVIDENCE,2114,19817.875,46.17540208136235
USASPENDING_V1,USA,FA2823  AFTC PZIO,OTHER / OPEN WORLD,AWARD_FIRST_EVIDENCE,2099,82119.14,51.12871843735112
USASPENDING_V1,USA,W076 ENDIST FT WORTH,OTHER / OPEN WORLD,AWARD_FIRST_EVIDENCE,2093,126838.0,46.593330148112756
USASPENDING_V1,USA,W6QM MICC-FT KNOX,OTHER / OPEN WORLD,AWARD_FIRST_EVIDENCE,2088,105016.5,51.72595785440613
USASPENDING_V1,USA,DLA MARITIME - PEARL HARBOR,OTHER / OPEN WORLD,AWARD_FIRST_EVIDENCE,2078,13997.2,46.51270452358037
USASPENDING_V1,USA,OFFICE OF ACQUISITION,OTHER / OPEN WORLD,AWARD_FIRST_EVIDENCE,2076,92929.93,55.11561657032755
USASPENDING_V1,USA,NAVSUP FLC BAHRAIN,OTHER / OPEN WORLD,AWARD_FIRST_EVIDENCE,2066,45380.0,49.200348499515975
USASPENDING_V1,USA,ARMY MED RES ACQ ACTIVITY,OTHER / OPEN WORLD,AWARD_FIRST_EVIDENCE,2058,249961.04499999998,56.80603498542274
USASPENDING_V1,USA,FLETC GLYNCO PROCUREMENT OFFICE,OTHER / OPEN WORLD,AWARD_FIRST_EVIDENCE,2046,32373.32,49.42202346041056
USASPENDING_V1,USA,OFC OF ACQUISITION  GRANTS-DENVER,OTHER / OPEN WORLD,AWARD_FIRST_EVIDENCE,2040,55376.915,49.764450980392155
USASPENDING_V1,USA,NAVAL SPECIAL WARFARE COMMAND,OTHER / OPEN WORLD,AWARD_FIRST_EVIDENCE,2036,32388.434999999998,49.06695481335953
USASPENDING_V1,USA,PCAC (36C776),OTHER / OPEN WORLD,AWARD_FIRST_EVIDENCE,2034,410053.9,49.04047197640118
USASPENDING_V1,USA,RPO EAST (36C24E),OTHER / OPEN WORLD,AWARD_FIRST_EVIDENCE,2028,39875.43,52.74789940828402
USASPENDING_V1,USA,DEFENSE HEALTH AGENCY HCD WEST,OTHER / OPEN WORLD,AWARD_FIRST_EVIDENCE,2016,90261.825,51.6578373015873
USASPENDING_V1,USA,FA8649 USAF SBIR STTR CNTRCTNG AFRL,OTHER / OPEN WORLD,AWARD_FIRST_EVIDENCE,2005,949660.0,56.87107231920199
USASPENDING_V1,USA,ACQUISITIONS -  AQM SILMS,OTHER / OPEN WORLD,AWARD_FIRST_EVIDENCE,2000,1853.8899999999999,46.21274
USASPENDING_V1,USA,NAC FEDERAL SUPPLY SCHEDULE (36F797),OTHER / OPEN WORLD,AWARD_FIRST_EVIDENCE,1997,0.0,34.96584877315974
USASPENDING_V1,USA,W40M MRC0 WEST,OTHER / OPEN WORLD,AWARD_FIRST_EVIDENCE,1983,158312.0,52.794836106908726
USASPENDING_V1,USA,W071 ENDIST OMAHA,OTHER / OPEN WORLD,AWARD_FIRST_EVIDENCE,1983,172117.57,48.13025718608169
USASPENDING_V1,USA,MID ATLANTIC REG MAINT CTR,OTHER / OPEN WORLD,AWARD_FIRST_EVIDENCE,1962,119066.255,49.00341488277268
USASPENDING_V1,USA,FA5613  700 CONS PK,OTHER / OPEN WORLD,AWARD_FIRST_EVIDENCE,1948,39361.72,49.09121149897331
USASPENDING_V1,USA,STRATEGIC ACQUISITION CENTER FREDERICKSBURG (36C10G),OTHER / OPEN WORLD,AWARD_FIRST_EVIDENCE,1929,122020.74,48.295966822187665
USASPENDING_V1,USA,TECHNOLOGY ACQUISITION CENTER NJ (36C10B),OTHER / OPEN WORLD,AWARD_FIRST_EVIDENCE,1914,708768.75,60.892100313479624
USASPENDING_V1,USA,FA4861  99 CONS LGC,OTHER / OPEN WORLD,AWARD_FIRST_EVIDENCE,1910,63891.695,50.01475392670157
USASPENDING_V1,USA,0413 AQ HQ     RCO-HI,OTHER / OPEN WORLD,AWARD_FIRST_EVIDENCE,1898,35429.615000000005,45.847291886196
USASPENDING_V1,USA,FWS SAT TEAM 3,OTHER / OPEN WORLD,AWARD_FIRST_EVIDENCE,1877,23600.0,47.37393713372403
USASPENDING_V1,USA,DSC CONTRACTING SERVICES DIVISION,OTHER / OPEN WORLD,AWARD_FIRST_EVIDENCE,1859,275239.13,51.4908660570199
USASPENDING_V1,USA,HEADQUARTERS PROCUREMENT SERVICES,OTHER / OPEN WORLD,AWARD_FIRST_EVIDENCE,1853,147887.7,53.09623313545602
USASPENDING_V1,USA,W2SD ENDIST EUROPE,OTHER / OPEN WORLD,AWARD_FIRST_EVIDENCE,1828,337590.27,47.3395295404814
USASPENDING_V1,USA,W6QK ACC-APG NATICK,OTHER / OPEN WORLD,AWARD_FIRST_EVIDENCE,1802,176652.625,52.66914539400666
USASPENDING_V1,USA,CINCINNATI ACQUISITION DIV (CAD),OTHER / OPEN WORLD,AWARD_FIRST_EVIDENCE,1778,153078.47,51.586850393700786
USASPENDING_V1,USA,DLA LAND WARREN,OTHER / OPEN WORLD,AWARD_FIRST_EVIDENCE,1770,182070.255,48.80471186440678
USASPENDING_V1,USA,DITCO-PAC,OTHER / OPEN WORLD,AWARD_FIRST_EVIDENCE,1743,68690.37,50.93459552495697
USASPENDING_V1,USA,FA4484  87 CONS PK,OTHER / OPEN WORLD,AWARD_FIRST_EVIDENCE,1737,77079.35,47.473103051237764
USASPENDING_V1,USA,"USDA-FS, STEWARDSHIP CONTRACTING BRANCH",OTHER / OPEN WORLD,AWARD_FIRST_EVIDENCE,1727,30586.0,45.84053271569195
USASPENDING_V1,USA,FA8201  AFSC OL H PZIO,OTHER / OPEN WORLD,AWARD_FIRST_EVIDENCE,1725,58869.91,50.149808695652176
USASPENDING_V1,USA,FA7014  AFDW PK,OTHER / OPEN WORLD,AWARD_FIRST_EVIDENCE,1722,495116.245,56.0964343786295
USASPENDING_V1,USA,W6QM MICC-FT BELVOIR,OTHER / OPEN WORLD,AWARD_FIRST_EVIDENCE,1720,54610.5,46.92663953488372
USASPENDING_V1,USA,NAVFACSYSCOM HAWAII,OTHER / OPEN WORLD,AWARD_FIRST_EVIDENCE,1695,57065.0,44.54585250737463
USASPENDING_V1,USA,NAVSUP FLC YOKOSUKA SASEBO OFFICE,OTHER / OPEN WORLD,AWARD_FIRST_EVIDENCE,1690,17445.915,45.4925798816568
USASPENDING_V1,USA,CLOSEOUT,OTHER / OPEN WORLD,AWARD_FIRST_EVIDENCE,1688,196420.10499999998,53.415390995260665
USASPENDING_V1,USA,ACQUISITIONS - AQM ARIBA,Call centre / helpdesk operations,AWARD_FIRST_EVIDENCE,1684,2060.71,55.29274346793349
USASPENDING_V1,USA,"DLA AVIATION AT HUNTSVILLE, AL",OTHER / OPEN WORLD,AWARD_FIRST_EVIDENCE,1682,216101.69,48.82449464922711
USASPENDING_V1,USA,NAVFACSYSCOM EUROPE AFRICA CENTRAL,OTHER / OPEN WORLD,AWARD_FIRST_EVIDENCE,1673,166715.85,44.53807531380753
USASPENDING_V1,USA,NATIONAL CMOP OFFICE (36C770),OTHER / OPEN WORLD,AWARD_FIRST_EVIDENCE,1672,83013.78,47.853313397129185
USASPENDING_V1,USA,NATIONAL OPERATIONS CENTER,OTHER / OPEN WORLD,AWARD_FIRST_EVIDENCE,1669,87675.17,48.8243738765728
USASPENDING_V1,USA,OFFICE OF ACQUISITON  GRANTS,OTHER / OPEN WORLD,AWARD_FIRST_EVIDENCE,1660,31895.95,49.972048192771084
USASPENDING_V1,USA,FA4877  355 CONS PK,OTHER / OPEN WORLD,AWARD_FIRST_EVIDENCE,1654,39100.255000000005,48.6312938331318
USASPENDING_V1,USA,INVESTIGATIONS AND OPERATIONS SUPPORT DALLAS,OTHER / OPEN WORLD,AWARD_FIRST_EVIDENCE,1638,67466.39,55.344151404151404
USASPENDING_V1,USA,W4LD USA HECSA,OTHER / OPEN WORLD,AWARD_FIRST_EVIDENCE,1628,249897.0,55.87425061425061
USASPENDING_V1,USA,PUGET SOUND NAVAL SHIPYARD IMF,OTHER / OPEN WORLD,AWARD_FIRST_EVIDENCE,1619,13700.0,43.25302038295244
USASPENDING_V1,USA,"GSA/FAS ITC OFFICE OF ACQUISITION OPERATIONS, INTERAGENCY CONTRACTS",OTHER / OPEN WORLD,AWARD_FIRST_EVIDENCE,1615,0.0,43.03813003095975
USASPENDING_V1,USA,EOUSA-ACQUISITIONS STAFF,OTHER / OPEN WORLD,AWARD_FIRST_EVIDENCE,1613,55545.9,51.56114073155611
USASPENDING_V1,USA,FMC BUTNER,OTHER / OPEN WORLD,AWARD_FIRST_EVIDENCE,1612,24750.0,48.249913151364765
USASPENDING_V1,USA,GPC COMPONENT PROGRAM MANAGER,OTHER / OPEN WORLD,AWARD_FIRST_EVIDENCE,1595,19320.0,49.78348589341693
USASPENDING_V1,USA,ADMINISTRATION FACILITIES TRAINING CONTRACTING DIVISION,OTHER / OPEN WORLD,AWARD_FIRST_EVIDENCE,1587,373550.1,51.274845620667925
USASPENDING_V1,USA,NAVFACSYSCOM NORTHWEST,OTHER / OPEN WORLD,AWARD_FIRST_EVIDENCE,1587,322596.36,47.21482041587902
USASPENDING_V1,USA,PBS R1 ACQ MANAGEMENT DIVISION,OTHER / OPEN WORLD,AWARD_FIRST_EVIDENCE,1583,16751.67,41.85848389134555
USASPENDING_V1,USA,SPRMM1 DLA MECHANICSBURG,OTHER / OPEN WORLD,AWARD_FIRST_EVIDENCE,1545,117095.0,52.52809061488673
USASPENDING_V1,USA,USDA ARS SEA AAO ACQ/PER PROP,OTHER / OPEN WORLD,AWARD_FIRST_EVIDENCE,1534,22761.975,47.5851890482399
USASPENDING_V1,USA,MISSION SUPPORT WASHINGTON,OTHER / OPEN WORLD,AWARD_FIRST_EVIDENCE,1533,92137.5,51.20795825179387
USASPENDING_V1,USA,SUPPORT SERVICES SECTION(SS40),OTHER / OPEN WORLD,AWARD_FIRST_EVIDENCE,1524,7025.0,49.476850393700786
USASPENDING_V1,USA,FA8601  AFLCMC PZIO,OTHER / OPEN WORLD,AWARD_FIRST_EVIDENCE,1520,66900.0,48.70117105263158
USASPENDING_V1,USA,REGION 9: EMERGENCY PREPAREDNESS AN,OTHER / OPEN WORLD,AWARD_FIRST_EVIDENCE,1508,185673.86,49.32730769230769
USASPENDING_V1,USA,W071 ENDIST KANSAS CITY,OTHER / OPEN WORLD,AWARD_FIRST_EVIDENCE,1500,126347.25,48.47585333333333
USASPENDING_V1,USA,ENVIRONMENT  NATURAL RESOURCES DIV,OTHER / OPEN WORLD,AWARD_FIRST_EVIDENCE,1488,69937.565,53.98903225806452
USASPENDING_V1,USA,693KA8 SYSTEM OPERATIONS CONTRACTS,OTHER / OPEN WORLD,AWARD_FIRST_EVIDENCE,1470,275537.4,51.267374149659865
USASPENDING_V1,USA,ALBUQUERQUE AREA INDIAN HEALTH SVC,OTHER / OPEN WORLD,AWARD_FIRST_EVIDENCE,1470,45748.565,51.24427210884354
USASPENDING_V1,USA,ACQUISITIONS - AQM ARIBA,OTHER / OPEN WORLD,AWARD_FIRST_EVIDENCE,1467,15055.68,50.02572597137014
USASPENDING_V1,USA,W076 ENDIST TULSA,OTHER / OPEN WORLD,AWARD_FIRST_EVIDENCE,1466,88179.0,47.825511596180085
USASPENDING_V1,USA,DCMA SOUTHEAST,OTHER / OPEN WORLD,AWARD_FIRST_EVIDENCE,1459,142016.5,50.766278272789584
USASPENDING_V1,USA,PBS R8 ACQUISITION MANAGEMENT DIVISION,OTHER / OPEN WORLD,AWARD_FIRST_EVIDENCE,1459,35539.85,44.99483207676491
USASPENDING_V1,USA,"FWS, SAT TEAM 1",OTHER / OPEN WORLD,AWARD_FIRST_EVIDENCE,1452,23709.975,47.41356749311295
USASPENDING_V1,USA,W072 ENDIST HUNTINGTON,OTHER / OPEN WORLD,AWARD_FIRST_EVIDENCE,1450,43880.0,45.31140689655172
USASPENDING_V1,USA,"692M15 ACQUISITION & GRANTS, AAQ600",OTHER / OPEN WORLD,AWARD_FIRST_EVIDENCE,1431,117689.0,51.59670160726765
USASPENDING_V1,USA,W6QM MICC-JB LEWIS-MC CHORD,OTHER / OPEN WORLD,AWARD_FIRST_EVIDENCE,1428,38613.66499999999,45.40361344537815
USASPENDING_V1,USA,FCC COLEMAN,OTHER / OPEN WORLD,AWARD_FIRST_EVIDENCE,1418,33676.225000000006,49.549830747531736
USASPENDING_V1,USA,0906 AQ CO     DET A CONTRACTI,OTHER / OPEN WORLD,AWARD_FIRST_EVIDENCE,1418,17878.395,43.419562764456984
USASPENDING_V1,USA,FA4417 1 SOCONS,OTHER / OPEN WORLD,AWARD_FIRST_EVIDENCE,1414,46975.759999999995,50.4298585572843
USASPENDING_V1,USA,SECURITIES AND EXCHANGE COMMISSION,OTHER / OPEN WORLD,AWARD_FIRST_EVIDENCE,1409,176485.0,55.12946770759404
USASPENDING_V1,USA,W6QK ACC-APG CONT CT SW SECTOR,OTHER / OPEN WORLD,AWARD_FIRST_EVIDENCE,1406,109273.93,56.707795163584635
USASPENDING_V1,USA,GSA/FAS ADMIN SVCS ACQUISITION BR(2,Data entry / clerical processing,AWARD_FIRST_EVIDENCE,1402,129.9,64.54706134094151
USASPENDING_V1,USA,COMMUNITY TREATMENT SERVICES - CO,OTHER / OPEN WORLD,AWARD_FIRST_EVIDENCE,1395,75736.0,41.88384229390681
USASPENDING_V1,USA,FA5270  18 CONS PK,OTHER / OPEN WORLD,AWARD_FIRST_EVIDENCE,1394,74365.33,48.66127690100431
USASPENDING_V1,USA,CIVIL DIVISION,OTHER / OPEN WORLD,AWARD_FIRST_EVIDENCE,1393,18041.25,52.680531227566405
USASPENDING_V1,USA,HEADQUARTERS ACQUISITION DIV (HQAD),OTHER / OPEN WORLD,AWARD_FIRST_EVIDENCE,1391,109383.0,52.78928828181164
USASPENDING_V1,USA,RESIDENTIAL REENTRY - CO,OTHER / OPEN WORLD,AWARD_FIRST_EVIDENCE,1386,1105526.295,45.16608946608947
USASPENDING_V1,USA,FA8232  AFLCMC WWMK,OTHER / OPEN WORLD,AWARD_FIRST_EVIDENCE,1381,428152.0,47.429891383055754
USASPENDING_V1,USA,DLA MARITIME - PORTSMOUTH,OTHER / OPEN WORLD,AWARD_FIRST_EVIDENCE,1381,6235.68,43.02030412744388
USASPENDING_V1,USA,W076 ENDIST LITTLE ROCK,OTHER / OPEN WORLD,AWARD_FIRST_EVIDENCE,1379,47015.49,45.75128353879623
USASPENDING_V1,USA,DEPT OF COMMERCE PTO,OTHER / OPEN WORLD,AWARD_FIRST_EVIDENCE,1373,342764.0,55.92834668608886
USASPENDING_V1,USA,NAVFACSYSCOM PACIFIC,OTHER / OPEN WORLD,AWARD_FIRST_EVIDENCE,1365,499686.41,48.23122344322344
USASPENDING_V1,USA,W6QK ACC-APG DIR,OTHER / OPEN WORLD,AWARD_FIRST_EVIDENCE,1340,125515.0,50.96202985074627
USASPENDING_V1,USA,SMITHSONIAN INSTITUTION,OTHER / OPEN WORLD,AWARD_FIRST_EVIDENCE,1336,249034.5,50.415434131736525
USASPENDING_V1,USA,USAID M/OAA,OTHER / OPEN WORLD,AWARD_FIRST_EVIDENCE,1332,329240.855,51.77618618618619
USASPENDING_V1,USA,USDA ARS PA AAO ACQ/PER PROP,OTHER / OPEN WORLD,AWARD_FIRST_EVIDENCE,1332,43859.175,49.51978978978979
USASPENDING_V1,USA,USCIS CONTRACTING OFFICE(ERBUR),OTHER / OPEN WORLD,AWARD_FIRST_EVIDENCE,1329,226710.79,54.70969149736644
USASPENDING_V1,USA,DLA AVIATION AT SAN DIEGO,OTHER / OPEN WORLD,AWARD_FIRST_EVIDENCE,1327,2142.0,43.418929917106254
USASPENDING_V1,USA,693JK4 OST,OTHER / OPEN WORLD,AWARD_FIRST_EVIDENCE,1318,113503.705,54.26763277693475
USASPENDING_V1,USA,EQUAL EMPLOYMENT OPPORTUNITY COMM,OTHER / OPEN WORLD,AWARD_FIRST_EVIDENCE,1318,32000.0,51.2148406676783
USASPENDING_V1,USA,REGION 4: EMERGENCY PREPAREDNESS AN,OTHER / OPEN WORLD,AWARD_FIRST_EVIDENCE,1310,38596.0,48.226320610687026
USASPENDING_V1,USA,INFORMATION TECHNOLOGY COMMODITIES AND TELECOMMUNICATIONS,OTHER / OPEN WORLD,AWARD_FIRST_EVIDENCE,1308,17916.5,53.13906727828746
USASPENDING_V1,USA,W6QK ACC-APG CONT CT TYAD OFC,OTHER / OPEN WORLD,AWARD_FIRST_EVIDENCE,1302,31221.125,47.18566820276498
USASPENDING_V1,USA,OFFICE OF NAVAL RESEARCH,OTHER / OPEN WORLD,AWARD_FIRST_EVIDENCE,1300,1383970.63,55.685338461538464
USASPENDING_V1,USA,0906 AQ CO     CONTRACTING BAT,OTHER / OPEN WORLD,AWARD_FIRST_EVIDENCE,1295,15984.95,43.9752277992278
USASPENDING_V1,USA,FA8604  AFLCMC PZI,OTHER / OPEN WORLD,AWARD_FIRST_EVIDENCE,1293,149935.45,57.99308584686775
USASPENDING_V1,USA,W07V ENDIST ST LOUIS,OTHER / OPEN WORLD,AWARD_FIRST_EVIDENCE,1292,54171.240000000005,47.3421826625387
USASPENDING_V1,USA,"DLA AVIATION - JACKSONVILLE, FL",OTHER / OPEN WORLD,AWARD_FIRST_EVIDENCE,1290,1654.2800000000002,42.87874418604651
USASPENDING_V1,USA,WASHINGTON CONTRACTING OFFICE,OTHER / OPEN WORLD,AWARD_FIRST_EVIDENCE,1281,99955.0,51.9423731459797
USASPENDING_V1,USA,FA4800  633 CONS PKP,OTHER / OPEN WORLD,AWARD_FIRST_EVIDENCE,1280,76997.475,49.791765625
USASPENDING_V1,USA,FA5587  48 CONS (ADMIN ONLY NO REQ),OTHER / OPEN WORLD,AWARD_FIRST_EVIDENCE,1279,48774.17,48.469616888193904
USASPENDING_V1,USA,W074 ENDIST CHARLESTON,OTHER / OPEN WORLD,AWARD_FIRST_EVIDENCE,1277,61952.71,44.46778386844166
USASPENDING_V1,USA,693195 OFFICE OF ACQUISITION MGT,OTHER / OPEN WORLD,AWARD_FIRST_EVIDENCE,1271,223342.18,51.82577498033045
USASPENDING_V1,USA,COMMODITIES & SERVICES ACQUISITION SERVICE (36C791),OTHER / OPEN WORLD,AWARD_FIRST_EVIDENCE,1267,476274.99,50.08216258879242
USASPENDING_V1,USA,SUP OF SHIPBUILDING CONV AND REPAIR,OTHER / OPEN WORLD,AWARD_FIRST_EVIDENCE,1264,2031.17,46.893022151898734
USASPENDING_V1,USA,U.S. EMBASSY PARIS,OTHER / OPEN WORLD,AWARD_FIRST_EVIDENCE,1258,19598.870000000003,48.16443561208267
USASPENDING_V1,USA,OPERATION SERVICES,OTHER / OPEN WORLD,AWARD_FIRST_EVIDENCE,1257,54444.89,51.75834526650756
USASPENDING_V1,USA,IT STRATEGY AND MODERNIZATION,OTHER / OPEN WORLD,AWARD_FIRST_EVIDENCE,1256,1151498.5699999998,57.78885350318471
USASPENDING_V1,USA,W6QM MICC-FDO FT EUSTIS,OTHER / OPEN WORLD,AWARD_FIRST_EVIDENCE,1253,71100.78,55.63837190742219
USASPENDING_V1,USA,W6QK ACC-ORLANDO,OTHER / OPEN WORLD,AWARD_FIRST_EVIDENCE,1252,2152843.94,55.54800319488818
USASPENDING_V1,USA,W6QM MICC FDO FT BRAGG,OTHER / OPEN WORLD,AWARD_FIRST_EVIDENCE,1252,72850.5,51.06416932907348
USASPENDING_V1,USA,GSA/FAS/PSHC/OASIS,OTHER / OPEN WORLD,AWARD_FIRST_EVIDENCE,1251,0.0,36.62621902478018
USASPENDING_V1,USA,FCC FORREST CITY,OTHER / OPEN WORLD,AWARD_FIRST_EVIDENCE,1247,17740.92,46.938845228548516
USASPENDING_V1,USA,W6QM MICC-FT LEONARD WOOD,OTHER / OPEN WORLD,AWARD_FIRST_EVIDENCE,1245,33264.0,47.05028112449799
USASPENDING_V1,USA,MISSION SUPPORT CONTRACTING DIVISION,OTHER / OPEN WORLD,AWARD_FIRST_EVIDENCE,1241,122400.0,52.881208702659144
USASPENDING_V1,USA,FA9301  AFTC PZIO,OTHER / OPEN WORLD,AWARD_FIRST_EVIDENCE,1234,112024.775,48.44656401944895
USASPENDING_V1,USA,W6QM MICC-WEST POINT,OTHER / OPEN WORLD,AWARD_FIRST_EVIDENCE,1226,41785.04,47.908189233278954
USASPENDING_V1,USA,U.S. EMBASSY BERLIN,OTHER / OPEN WORLD,AWARD_FIRST_EVIDENCE,1226,13945.535,44.58941272430669
USASPENDING_V1,USA,CONTRACTS AND ACQUISTIONS MANAGEMEN,OTHER / OPEN WORLD,AWARD_FIRST_EVIDENCE,1221,620802.26,57.13303849303849
USASPENDING_V1,USA,OREGON STATE OFFICE,OTHER / OPEN WORLD,AWARD_FIRST_EVIDENCE,1216,55401.240000000005,49.42965460526316
USASPENDING_V1,USA,FCC FLORENCE,OTHER / OPEN WORLD,AWARD_FIRST_EVIDENCE,1215,21204.3,46.501925925925924
USASPENDING_V1,USA,W6QK ACC-APG ADELPHI,OTHER / OPEN WORLD,AWARD_FIRST_EVIDENCE,1193,144750.0,54.92735959765297
USASPENDING_V1,USA,FA8532  AFLCMC WNKAA,OTHER / OPEN WORLD,AWARD_FIRST_EVIDENCE,1184,52672.5,45.579054054054055
USASPENDING_V1,USA,FLEET READINESS CENTER,OTHER / OPEN WORLD,AWARD_FIRST_EVIDENCE,1180,130504.735,48.610898305084746
USASPENDING_V1,USA,NCTAMS LANT,OTHER / OPEN WORLD,AWARD_FIRST_EVIDENCE,1177,1935.15,46.70842820730671
USASPENDING_V1,USA,NASA IT PROCUREMENT OFFICE,OTHER / OPEN WORLD,AWARD_FIRST_EVIDENCE,1172,52805.725000000006,56.192576791808875
USASPENDING_V1,USA,NATIONAL INSTITUTE OF  HEALTH NIEHS,OTHER / OPEN WORLD,AWARD_FIRST_EVIDENCE,1165,52795.08,52.74259227467811
USASPENDING_V1,USA,NASA JOHNSON SPACE CENTER,OTHER / OPEN WORLD,AWARD_FIRST_EVIDENCE,1158,356338.235,53.73956822107081
USASPENDING_V1,USA,W2SD ENDIST NEW ENGLAND,OTHER / OPEN WORLD,AWARD_FIRST_EVIDENCE,1156,23725.0,44.65596885813149
USASPENDING_V1,USA,FA3300  42 CONS CC,OTHER / OPEN WORLD,AWARD_FIRST_EVIDENCE,1154,59107.31,52.51332755632583
USASPENDING_V1,USA,DCMA MOUNTAIN PACIFIC,OTHER / OPEN WORLD,AWARD_FIRST_EVIDENCE,1140,79954.0,48.548508771929825
USASPENDING_V1,USA,NUCLEAR REGULATORY COMMISSION,OTHER / OPEN WORLD,AWARD_FIRST_EVIDENCE,1139,240590.0,55.65683933274803
USASPENDING_V1,USA,NAVFACSYSCOM ATLANTIC,OTHER / OPEN WORLD,AWARD_FIRST_EVIDENCE,1139,262619.45,50.29991220368745
USASPENDING_V1,USA,INFORMATION TECHNOLOGY CONTRACTING DIVISION,OTHER / OPEN WORLD,AWARD_FIRST_EVIDENCE,1128,145413.75,58.14904255319149
USASPENDING_V1,USA,FA2396 USAF AFMC AFRL PZL AFRL PZLE,OTHER / OPEN WORLD,AWARD_FIRST_EVIDENCE,1115,150921.6,55.211336322869954
USASPENDING_V1,USA,FA2517  21 CONS BLDG 350,OTHER / OPEN WORLD,AWARD_FIRST_EVIDENCE,1114,76389.73000000001,51.83915619389587
USASPENDING_V1,USA,OFC OF PERF MGMT AND CFO,OTHER / OPEN WORLD,AWARD_FIRST_EVIDENCE,1110,92707.875,54.90794594594595
USASPENDING_V1,USA,FA8903  772 ESS PK,OTHER / OPEN WORLD,AWARD_FIRST_EVIDENCE,1106,891249.0,47.37547920433996
USASPENDING_V1,USA,FA4610 30 CONS PK,OTHER / OPEN WORLD,AWARD_FIRST_EVIDENCE,1104,87899.5,49.10132246376811
USASPENDING_V1,USA,0410 AQ HQ     CONTRACT,OTHER / OPEN WORLD,AWARD_FIRST_EVIDENCE,1103,35991.0,48.46821396192203
USASPENDING_V1,USA,NAVFAC SYSTEMS AND EXP WARFARE CTR,OTHER / OPEN WORLD,AWARD_FIRST_EVIDENCE,1100,333720.21499999997,51.38016363636363
USASPENDING_V1,USA,NAVSUP FLT LOG CTR PEARL HARBOR,OTHER / OPEN WORLD,AWARD_FIRST_EVIDENCE,1100,65040.365,49.72734545454546
USASPENDING_V1,USA,W6QM MICC-FT LEAVENWORTH,OTHER / OPEN WORLD,AWARD_FIRST_EVIDENCE,1098,40000.0,49.263788706739525
USASPENDING_V1,USA,FA4600  55 CONS  PKP,OTHER / OPEN WORLD,AWARD_FIRST_EVIDENCE,1093,111800.48,51.69731015553523
USASPENDING_V1,USA,DIV OF ACQ AND COOPERATIVE SUPPORT,OTHER / OPEN WORLD,AWARD_FIRST_EVIDENCE,1090,247068.18,56.94576146788991
USASPENDING_V1,USA,FA3020  82 CONS LGC,OTHER / OPEN WORLD,AWARD_FIRST_EVIDENCE,1085,47697.0,50.941917050691245
USASPENDING_V1,USA,693JJ9 NHTSA OFFICE OF ACQUISTION,OTHER / OPEN WORLD,AWARD_FIRST_EVIDENCE,1071,250000.0,54.06009337068161
USASPENDING_V1,USA,FA5000  673 CONS LGC,OTHER / OPEN WORLD,AWARD_FIRST_EVIDENCE,1061,67698.54,49.48637134778511
USASPENDING_V1,USA,IT CONTRACTING DIVISION - PL83,Call centre / helpdesk operations,AWARD_FIRST_EVIDENCE,1060,33977.075,61.957509433962265
USASPENDING_V1,USA,DLA DISTRIBUTION,Office supplies / consumables resale,AWARD_FIRST_EVIDENCE,1060,3354.78,58.65807547169811
USASPENDING_V1,USA,"DLA  AVIATION AT OGDEN, UT",OTHER / OPEN WORLD,AWARD_FIRST_EVIDENCE,1058,281372.3,52.49334593572779
USASPENDING_V1,USA,REGION 7 CONTRACTING OFFICE,OTHER / OPEN WORLD,AWARD_FIRST_EVIDENCE,1057,90940.93,52.51445600756859
USASPENDING_V1,USA,USP TERRE HAUTE,OTHER / OPEN WORLD,AWARD_FIRST_EVIDENCE,1056,18520.0,45.94464015151515
USASPENDING_V1,USA,NAVAL MEDICAL CENTER SAN DIEGO CA,Office supplies / consumables resale,AWARD_FIRST_EVIDENCE,1052,175.815,57.05648288973384
USASPENDING_V1,USA,DEF ADVANCED RESEARCH PROJECTS AGCY,OTHER / OPEN WORLD,AWARD_FIRST_EVIDENCE,1050,2779717.5,57.942342857142854
USASPENDING_V1,USA,NAVFACSYSCOM MARIANAS,OTHER / OPEN WORLD,AWARD_FIRST_EVIDENCE,1050,251477.02,47.249695238095235
USASPENDING_V1,USA,USDA ARS NEA AAO ACQ/PER PROP,OTHER / OPEN WORLD,AWARD_FIRST_EVIDENCE,1047,31207.82,48.884851957975165
USASPENDING_V1,USA,FA7000  10 CONS LGC,OTHER / OPEN WORLD,AWARD_FIRST_EVIDENCE,1042,75905.0,50.90811900191939
USASPENDING_V1,USA,FA8501  OPL CONTRACTING AFSC/PZIO,OTHER / OPEN WORLD,AWARD_FIRST_EVIDENCE,1030,46928.96,50.446485436893205
USASPENDING_V1,USA,U.S. ATTORNEYS OFFICE-DC (USA16),OTHER / OPEN WORLD,AWARD_FIRST_EVIDENCE,1028,14237.5,50.49112840466926
USASPENDING_V1,USA,DCMA GREAT PLAINS,OTHER / OPEN WORLD,AWARD_FIRST_EVIDENCE,1021,40379.0,49.372889324191966
USASPENDING_V1,USA,PORTSMOUTH NAVAL SHIPYARD GF,OTHER / OPEN WORLD,AWARD_FIRST_EVIDENCE,1017,33734.0,49.74200589970501
USASPENDING_V1,USA,BILLINGS AREA INDIAN HEALTH SVC,OTHER / OPEN WORLD,AWARD_FIRST_EVIDENCE,1016,99487.5,51.9480905511811
USASPENDING_V1,USA,RCC FORT WORTH,OTHER / OPEN WORLD,AWARD_FIRST_EVIDENCE,1016,985.5,43.78927165354331
USASPENDING_V1,USA,NGA PROCUREMENT  CONTRACTS,OTHER / OPEN WORLD,AWARD_FIRST_EVIDENCE,1014,32273.5,52.11337278106509
USASPENDING_V1,USA,W6QM MICC-FDO FT HOOD,OTHER / OPEN WORLD,AWARD_FIRST_EVIDENCE,1011,89450.0,49.50478733926805
USASPENDING_V1,USA,6991PE DOT  MARITIME ADMIN,OTHER / OPEN WORLD,AWARD_FIRST_EVIDENCE,1009,381961.35,46.66057482656095
USASPENDING_V1,USA,IT CONTRACTING DIVISION - PL84,Call centre / helpdesk operations,AWARD_FIRST_EVIDENCE,1008,3480.0,56.69202380952381
USASPENDING_V1,USA,INFORMATION TECHNOLOGY DIVISION,OTHER / OPEN WORLD,AWARD_FIRST_EVIDENCE,1007,64589.59,58.426871896722936
USASPENDING_V1,USA,BUREAU OF INDIAN AFFAIRS,OTHER / OPEN WORLD,AWARD_FIRST_EVIDENCE,1007,80626.08,49.91366434955313
USASPENDING_V1,USA,W40M USA HCA,OTHER / OPEN WORLD,AWARD_FIRST_EVIDENCE,1004,113911.51000000001,49.815
USASPENDING_V1,USA,FCC VICTORVILLE,OTHER / OPEN WORLD,AWARD_FIRST_EVIDENCE,1004,32400.0,48.666892430278885
USASPENDING_V1,USA,FPAC BUS CNTR-ACQ DIV-WESTERN SEC,OTHER / OPEN WORLD,AWARD_FIRST_EVIDENCE,1003,54499.73,48.35732801595214
USASPENDING_V1,USA,6913G6 VOLPE NATL. TRANS. SYS CNTR,OTHER / OPEN WORLD,AWARD_FIRST_EVIDENCE,1000,188739.34,54.09416
USASPENDING_V1,USA,GSA/FAS/TTL/QMD/AMC,OTHER / OPEN WORLD,AWARD_FIRST_EVIDENCE,1000,13555.6,43.2344
USASPENDING_V1,USA,FA8620  AFLCMC WIJK    BIG SAFARI,OTHER / OPEN WORLD,AWARD_FIRST_EVIDENCE,997,9362848.0,56.68116349047141
USASPENDING_V1,USA,FMC ROCHESTER,OTHER / OPEN WORLD,AWARD_FIRST_EVIDENCE,997,14385.75,47.49023069207623
USASPENDING_V1,USA,FA4418  628 CONS PK,OTHER / OPEN WORLD,AWARD_FIRST_EVIDENCE,996,67619.56,49.30550200803213
USASPENDING_V1,USA,NARA CONTRACTING OFFICE,OTHER / OPEN WORLD,AWARD_FIRST_EVIDENCE,995,65230.8,53.10014070351759
USASPENDING_V1,USA,6933A2 DOT  MARITIME ADMINISTRATION,OTHER / OPEN WORLD,AWARD_FIRST_EVIDENCE,994,329036.78,47.02315895372234
USASPENDING_V1,USA,NASA MARSHALL SPACE FLIGHT CENTER,OTHER / OPEN WORLD,AWARD_FIRST_EVIDENCE,990,424289.345,51.06319191919192
USASPENDING_V1,USA,W40M MRCO EAST,OTHER / OPEN WORLD,AWARD_FIRST_EVIDENCE,990,81014.245,49.8760404040404
USASPENDING_V1,USA,W07V ENDIST ST PAUL,OTHER / OPEN WORLD,AWARD_FIRST_EVIDENCE,988,33878.0,45.43676113360324
USASPENDING_V1,USA,NAVAL UNDERSEA WARFARE CENTER,OTHER / OPEN WORLD,AWARD_FIRST_EVIDENCE,987,36602.02,47.7716717325228
USASPENDING_V1,USA,W07V ENDIST NEW ORLEANS,OTHER / OPEN WORLD,AWARD_FIRST_EVIDENCE,983,128005.93,48.601648016276705
USASPENDING_V1,USA,"GSA/FAS/GSS/QSCB, SUPPLY CHAIN MANAGEMENT CONTRACTING DIVISION",Call centre / helpdesk operations,AWARD_FIRST_EVIDENCE,978,416.66999999999996,49.0217791411043
USASPENDING_V1,USA,PBS R7 SERVICES AND FACILITIES MAINTENANCE,OTHER / OPEN WORLD,AWARD_FIRST_EVIDENCE,975,12097.48,39.73052307692308
USASPENDING_V1,USA,ACQUISITION MANAGEMENT DIVISION,OTHER / OPEN WORLD,AWARD_FIRST_EVIDENCE,966,66144.14499999999,52.84695652173913
USASPENDING_V1,USA,FCI FORT DIX,OTHER / OPEN WORLD,AWARD_FIRST_EVIDENCE,966,35000.0,47.74472049689441
USASPENDING_V1,USA,USMCFP SPRINGFIELD,OTHER / OPEN WORLD,AWARD_FIRST_EVIDENCE,961,29646.3,46.30166493236212
USASPENDING_V1,USA,W27P USA ACQ SPT CTR,OTHER / OPEN WORLD,AWARD_FIRST_EVIDENCE,960,1099408.1400000001,59.71814583333333
USASPENDING_V1,USA,FMC FORT WORTH,OTHER / OPEN WORLD,AWARD_FIRST_EVIDENCE,960,34985.875,48.196416666666664
USASPENDING_V1,USA,FA8307  AFLCMC HNCK HNC CYBER & NTR,OTHER / OPEN WORLD,AWARD_FIRST_EVIDENCE,958,196614.44,56.63413361169102
USASPENDING_V1,USA,NAWC TRAINING SYSTEMS DIV,OTHER / OPEN WORLD,AWARD_FIRST_EVIDENCE,944,557230.37,57.9108686440678
USASPENDING_V1,USA,693JJ6 FEDERAL RAILROAD ADMIN,OTHER / OPEN WORLD,AWARD_FIRST_EVIDENCE,940,234263.20500000002,57.23814893617021
USASPENDING_V1,USA,USP BIG SANDY,OTHER / OPEN WORLD,AWARD_FIRST_EVIDENCE,935,14492.84,45.20731550802139
USASPENDING_V1,USA,W6QM MICC-FT BLISS,OTHER / OPEN WORLD,AWARD_FIRST_EVIDENCE,934,110677.59,48.12353319057816
USASPENDING_V1,USA,FA8571  MAINT CONTRACTING AFSC PZIM,OTHER / OPEN WORLD,AWARD_FIRST_EVIDENCE,927,134886.0,52.5730312837109
USASPENDING_V1,USA,W2SN ENDIST ALASKA,OTHER / OPEN WORLD,AWARD_FIRST_EVIDENCE,924,228324.7,50.00755411255411
USASPENDING_V1,USA,DEFENSE THREAT REDUCTION AGENCY,OTHER / OPEN WORLD,AWARD_FIRST_EVIDENCE,920,1717425.28,57.959391304347825
USASPENDING_V1,USA,6982AF CENTRAL FEDERAL LANDS DIVISI,OTHER / OPEN WORLD,AWARD_FIRST_EVIDENCE,920,163238.83000000002,47.81665217391304
USASPENDING_V1,USA,TAXPAYER FOCUSED SUPPORT,OTHER / OPEN WORLD,AWARD_FIRST_EVIDENCE,913,13272.0,51.681467688937566
USASPENDING_V1,USA,W071 ENDIST SEATTLE,OTHER / OPEN WORLD,AWARD_FIRST_EVIDENCE,912,120691.5,48.9890350877193
USASPENDING_V1,USA,FA5682 31 CONS (UNIT 6102),OTHER / OPEN WORLD,AWARD_FIRST_EVIDENCE,911,54269.22,48.95069154774973
USASPENDING_V1,USA,693JF7 DOT  MARITIME ADMINISTRATION,OTHER / OPEN WORLD,AWARD_FIRST_EVIDENCE,910,222582.0,51.48413186813187
USASPENDING_V1,USA,W07V ENDIST VICKSBURG,OTHER / OPEN WORLD,AWARD_FIRST_EVIDENCE,910,106800.0,49.62265934065934
USASPENDING_V1,USA,FA5240  36 CONS LGC,OTHER / OPEN WORLD,AWARD_FIRST_EVIDENCE,909,106459.28,48.22517051705171
USASPENDING_V1,USA,NATIONAL INSTITUTES OF HEALTH NLM,OTHER / OPEN WORLD,AWARD_FIRST_EVIDENCE,908,191379.64,58.261211453744494
USASPENDING_V1,USA,HQ DEF CONTRACT MANAGEMENT AGENCY,OTHER / OPEN WORLD,AWARD_FIRST_EVIDENCE,908,600984.425,53.65273127753304
USASPENDING_V1,USA,CONSUMER FINANCE PROTECTION BUREAU,OTHER / OPEN WORLD,AWARD_FIRST_EVIDENCE,907,132915.08,55.28405733186329
USASPENDING_V1,USA,W4GG HQ US ARMY TACOM,OTHER / OPEN WORLD,AWARD_FIRST_EVIDENCE,905,242865.0,50.608795580110495
USASPENDING_V1,USA,SCI  TECH ACQ DIV,OTHER / OPEN WORLD,AWARD_FIRST_EVIDENCE,904,507152.44,58.47891592920354
USASPENDING_V1,USA,W074 ENDIST JACKSNVLLE,OTHER / OPEN WORLD,AWARD_FIRST_EVIDENCE,904,62802.604999999996,48.06920353982301
USASPENDING_V1,USA,FA9302  AFTC PZZ,OTHER / OPEN WORLD,AWARD_FIRST_EVIDENCE,899,65832.0,53.133437152391544
USASPENDING_V1,USA,FCC ALLENWOOD,OTHER / OPEN WORLD,AWARD_FIRST_EVIDENCE,899,28404.3,47.13352614015573
USASPENDING_V1,USA,NNSA NON-MO CNTRCTNG OPS DIV,OTHER / OPEN WORLD,AWARD_FIRST_EVIDENCE,897,1665966.51,55.00642140468227
USASPENDING_V1,USA,USP HAZELTON,OTHER / OPEN WORLD,AWARD_FIRST_EVIDENCE,896,40960.485,48.47138392857143
USASPENDING_V1,USA,DISA/DITCO EUROPE,OTHER / OPEN WORLD,AWARD_FIRST_EVIDENCE,892,137674.055,59.88636771300448
USASPENDING_V1,USA,FA4814 6 CONS PK,OTHER / OPEN WORLD,AWARD_FIRST_EVIDENCE,889,68806.0,50.44731158605175
USASPENDING_V1,USA,BUREAU FOR HUMANITARIAN ASSISTANCE,OTHER / OPEN WORLD,AWARD_FIRST_EVIDENCE,886,642261.5,53.15966139954853
USASPENDING_V1,USA,"GSA/FAS SCIENTFC,TEMP SVCS,ADINT",Uniforms / PPE resale,AWARD_FIRST_EVIDENCE,885,52.16,52.86677966101695
USASPENDING_V1,USA,CONSUMER PRODUCT SAFETY COMMISSION,OTHER / OPEN WORLD,AWARD_FIRST_EVIDENCE,885,57460.2,52.67362711864407
USASPENDING_V1,USA,FA4407  375 CONS LGC,OTHER / OPEN WORLD,AWARD_FIRST_EVIDENCE,883,55000.0,50.5033295583239
USASPENDING_V1,USA,DHA ENTERPRISE MED SUPPORT EMS-CD,OTHER / OPEN WORLD,AWARD_FIRST_EVIDENCE,881,126562.56,56.936072644721904
USASPENDING_V1,USA,W6QM MICC-FT CAMPBELL,OTHER / OPEN WORLD,AWARD_FIRST_EVIDENCE,875,162736.95,47.20902857142857
USASPENDING_V1,USA,USDA ARS PWA AAO ACQ/PER PROP,OTHER / OPEN WORLD,AWARD_FIRST_EVIDENCE,874,26881.54,48.04340961098398
USASPENDING_V1,USA,W071 ENDIST PORTLAND,OTHER / OPEN WORLD,AWARD_FIRST_EVIDENCE,872,55066.065,50.191169724770646
USASPENDING_V1,USA,FAO,OTHER / OPEN WORLD,AWARD_FIRST_EVIDENCE,872,57492.33,47.82552752293578
USASPENDING_V1,USA,USDA ARS MWA AAO ACQ/PER PROP,OTHER / OPEN WORLD,AWARD_FIRST_EVIDENCE,870,20803.0,46.853011494252875
USASPENDING_V1,USA,NATIONAL INSTITUTES OF HEALTH CSR,OTHER / OPEN WORLD,AWARD_FIRST_EVIDENCE,870,20361.475,45.88335632183908
USASPENDING_V1,USA,FA3002  338 ESS CC,OTHER / OPEN WORLD,AWARD_FIRST_EVIDENCE,867,302130.0,56.74016147635525
USASPENDING_V1,USA,ARIBA DOMESTIC PCARDS,OTHER / OPEN WORLD,AWARD_FIRST_EVIDENCE,867,16700.0,50.78484429065744
USASPENDING_V1,USA,U.S.  EMBASSY NEW DELHI,OTHER / OPEN WORLD,AWARD_FIRST_EVIDENCE,866,15383.365,44.34916859122402
USASPENDING_V1,USA,W075 ENDIST SACRAMENTO,OTHER / OPEN WORLD,AWARD_FIRST_EVIDENCE,862,375249.5,51.18554524361949
USASPENDING_V1,USA,PWR SF/SEA MABO(85000),OTHER / OPEN WORLD,AWARD_FIRST_EVIDENCE,857,47050.05,47.37878646441074
USASPENDING_V1,USA,NASA HEADQUARTERS,OTHER / OPEN WORLD,AWARD_FIRST_EVIDENCE,856,261212.505,52.630934579439256
USASPENDING_V1,USA,IMR NORTHERN ROCKIES(12200),OTHER / OPEN WORLD,AWARD_FIRST_EVIDENCE,856,46280.0,47.52988317757009
USASPENDING_V1,USA,FCC POLLOCK,OTHER / OPEN WORLD,AWARD_FIRST_EVIDENCE,856,20535.395,45.55025700934579
USASPENDING_V1,USA,DLA TROOP SUPPORT,Office supplies / consumables resale,AWARD_FIRST_EVIDENCE,854,1133.16,56.5527868852459
USASPENDING_V1,USA,EOP - OFFICE OF ADMINISTRATION,OTHER / OPEN WORLD,AWARD_FIRST_EVIDENCE,854,41699.36,51.422037470725996
USASPENDING_V1,USA,ORD SIMPLIFIED ACQ BRANCH (SAB),OTHER / OPEN WORLD,AWARD_FIRST_EVIDENCE,852,30413.65,51.43389671361502
USASPENDING_V1,USA,GSA/FAS/GSS/QSCBA/SPECIAL CONTRACTING BRANCH A AND QSCBB SPECIAL CONTRACTING BRANCH B,Recruitment / temporary staffing,AWARD_FIRST_EVIDENCE,849,59.73,51.851590106007066
USASPENDING_V1,USA,FCC,OTHER / OPEN WORLD,AWARD_FIRST_EVIDENCE,848,57937.67,54.47153301886792
USASPENDING_V1,USA,WESTERN-UPPER GREAT PLAINS REGION,OTHER / OPEN WORLD,AWARD_FIRST_EVIDENCE,844,43792.5,47.89964454976303
USASPENDING_V1,USA,BARDA - ASPR / DAAPPO / BARDA DCMA,OTHER / OPEN WORLD,AWARD_FIRST_EVIDENCE,843,2045696.98,56.901518386714116
USASPENDING_V1,USA,FA4809  4TH CONS SQ CC,OTHER / OPEN WORLD,AWARD_FIRST_EVIDENCE,843,33898.0,47.37153024911032
USASPENDING_V1,USA,PBS R00 CENTER FOR BROKER SERVICES,OTHER / OPEN WORLD,AWARD_FIRST_EVIDENCE,842,0.0,40.80541567695962
USASPENDING_V1,USA,NAVY REGION MID ATLANTIC RESERVE,OTHER / OPEN WORLD,AWARD_FIRST_EVIDENCE,841,2234.5,44.10720570749108
USASPENDING_V1,USA,W07V ENDIST ROCK ISLAND,OTHER / OPEN WORLD,AWARD_FIRST_EVIDENCE,839,67321.33,48.15215733015495
USASPENDING_V1,USA,W6QM MICC-FDO FT SAM HOUSTON,OTHER / OPEN WORLD,AWARD_FIRST_EVIDENCE,838,205960.62,54.02233890214797
USASPENDING_V1,USA,NASA GODDARD SPACE FLIGHT CENTER,OTHER / OPEN WORLD,AWARD_FIRST_EVIDENCE,838,1200000.0,53.963007159904535
USASPENDING_V1,USA,FPAC BUS CNTR-ACQ DIV-CENTRAL SEC,OTHER / OPEN WORLD,AWARD_FIRST_EVIDENCE,831,23439.41,48.337328519855596
USASPENDING_V1,USA,ACQUISITIONS - INL,OTHER / OPEN WORLD,AWARD_FIRST_EVIDENCE,829,310814.75,54.89932448733414
USASPENDING_V1,USA,FA4427  60 CONS LGC,OTHER / OPEN WORLD,AWARD_FIRST_EVIDENCE,828,64306.5,49.74485507246377
USASPENDING_V1,USA,FA4890  HQ ACC AMIC,OTHER / OPEN WORLD,AWARD_FIRST_EVIDENCE,827,1318758.94,56.62873035066505
USASPENDING_V1,USA,W6QK ACC ANAD,OTHER / OPEN WORLD,AWARD_FIRST_EVIDENCE,825,24987.6,49.36293333333333
USASPENDING_V1,USA,0414 AQ HQ     CONTRACT AUG,OTHER / OPEN WORLD,AWARD_FIRST_EVIDENCE,825,53866.51,45.54618181818182
USASPENDING_V1,USA,NASA LANGLEY RESEARCH CENTER,OTHER / OPEN WORLD,AWARD_FIRST_EVIDENCE,824,118795.0,50.67131067961165
USASPENDING_V1,USA,FCC BEAUMONT,OTHER / OPEN WORLD,AWARD_FIRST_EVIDENCE,824,27828.455,47.453179611650484
USASPENDING_V1,USA,DCMA SOUTHERN CALIFORNIA,OTHER / OPEN WORLD,AWARD_FIRST_EVIDENCE,823,227854.83000000002,51.451616038882136
USASPENDING_V1,USA,"USDA-FS, CSA EAST 4",OTHER / OPEN WORLD,AWARD_FIRST_EVIDENCE,821,22347.02,44.83668696711327
USASPENDING_V1,USA,NATIONAL ACQUISITIONS - CO,OTHER / OPEN WORLD,AWARD_FIRST_EVIDENCE,819,53001.6,51.72070818070818
USASPENDING_V1,USA,NEVADA STATE OFFICE,OTHER / OPEN WORLD,AWARD_FIRST_EVIDENCE,819,37950.0,48.65885225885226
USASPENDING_V1,USA,NASA SHARED SERVICES CENTER,Call centre / helpdesk operations,AWARD_FIRST_EVIDENCE,816,32287.7,63.17198529411765
USASPENDING_V1,USA,W072 ENDIST NASHVILLE,OTHER / OPEN WORLD,AWARD_FIRST_EVIDENCE,815,53569.29,46.47229447852761
USASPENDING_V1,USA,OFFICE OF CENTRALIZED ACQUISITION SERVICES,OTHER / OPEN WORLD,AWARD_FIRST_EVIDENCE,812,92532.3,56.07463054187192
USASPENDING_V1,USA,TREASURY OPERATIONS,OTHER / OPEN WORLD,AWARD_FIRST_EVIDENCE,812,117676.82,52.291724137931034
USASPENDING_V1,USA,U.S. EMBASSY LONDON,OTHER / OPEN WORLD,AWARD_FIRST_EVIDENCE,812,23581.885,49.25231527093596
USASPENDING_V1,USA,NASA MANAGEMENT OFFICE -- JPL,OTHER / OPEN WORLD,AWARD_FIRST_EVIDENCE,810,3687535.5,57.91720987654321
USASPENDING_V1,USA,"USDA-FS, CSA EAST 13",OTHER / OPEN WORLD,AWARD_FIRST_EVIDENCE,806,35596.0,43.03235732009926
USASPENDING_V1,USA,DEPARTMENTAL OPERATIONS ACQUISITION DIVISION I,OTHER / OPEN WORLD,AWARD_FIRST_EVIDENCE,805,189427.9,53.402832298136644
USASPENDING_V1,USA,GOVERNMENT ACCOUNTABILITY OFFICE,OTHER / OPEN WORLD,AWARD_FIRST_EVIDENCE,802,72074.175,50.16551122194514
USASPENDING_V1,USA,NAVSUP FLT LOG CTR SINGAPORE OFFICE,OTHER / OPEN WORLD,AWARD_FIRST_EVIDENCE,802,44914.45,47.85296758104738
USASPENDING_V1,USA,"USDA, FSIS, OAS PCMB",OTHER / OPEN WORLD,AWARD_FIRST_EVIDENCE,799,31945.0,49.502077596996244
USASPENDING_V1,USA,FMC CARSWELL,OTHER / OPEN WORLD,AWARD_FIRST_EVIDENCE,794,28000.0,48.42297229219144
USASPENDING_V1,USA,MP-REGIONAL OFFICE,OTHER / OPEN WORLD,AWARD_FIRST_EVIDENCE,793,47720.0,49.852232030264815
USASPENDING_V1,USA,AMERICAN EMBASSY NAIROBI,OTHER / OPEN WORLD,AWARD_FIRST_EVIDENCE,793,18148.92,46.890517023959646
USASPENDING_V1,USA,FA4801 49 CONS PK,OTHER / OPEN WORLD,AWARD_FIRST_EVIDENCE,792,51119.375,49.10075757575758
USASPENDING_V1,USA,0413 AQ HQ     RCO-AK WAINWRIG,OTHER / OPEN WORLD,AWARD_FIRST_EVIDENCE,792,23303.28,45.71
USASPENDING_V1,USA,DC COURTS,OTHER / OPEN WORLD,AWARD_FIRST_EVIDENCE,790,53983.535,54.44567088607595
USASPENDING_V1,USA,FPAC BUS CNTR-ACQ DIV-EASTERN SEC,OTHER / OPEN WORLD,AWARD_FIRST_EVIDENCE,790,39920.0,50.15911392405063
USASPENDING_V1,USA,FA8118  AFSC PZABB,OTHER / OPEN WORLD,AWARD_FIRST_EVIDENCE,790,55116.885,45.28351898734177
USASPENDING_V1,USA,W6QM MICC-FT GORDON,OTHER / OPEN WORLD,AWARD_FIRST_EVIDENCE,789,110149.67,53.256653992395435
USASPENDING_V1,USA,U.S. EMBASSY MANILA,OTHER / OPEN WORLD,AWARD_FIRST_EVIDENCE,789,16560.0,46.18828897338403
USASPENDING_V1,USA,FCI PETERSBURG,OTHER / OPEN WORLD,AWARD_FIRST_EVIDENCE,786,23131.245000000003,47.14256997455471
USASPENDING_V1,USA,FCI LEWISBURG,OTHER / OPEN WORLD,AWARD_FIRST_EVIDENCE,784,14313.0,44.32920918367347
USASPENDING_V1,USA,DETENTION COMPLIANCE AND REMOVALS,OTHER / OPEN WORLD,AWARD_FIRST_EVIDENCE,783,61188.0,47.847024265644954
USASPENDING_V1,USA,W074 ENDIST SAVANNAH,OTHER / OPEN WORLD,AWARD_FIRST_EVIDENCE,782,904292.62,48.810997442455246
USASPENDING_V1,USA,U.S. EMBASSY MEXICO,OTHER / OPEN WORLD,AWARD_FIRST_EVIDENCE,782,16611.345,45.94409207161125
USASPENDING_V1,USA,NAVSEA HQ,Office supplies / consumables resale,AWARD_FIRST_EVIDENCE,780,263.47,58.42984615384616
USASPENDING_V1,USA,FA4887  56 CONS CC,OTHER / OPEN WORLD,AWARD_FIRST_EVIDENCE,775,64306.45,49.46861935483871
USASPENDING_V1,USA,WASHINGTON DC OFFICE,OTHER / OPEN WORLD,AWARD_FIRST_EVIDENCE,772,122808.78,49.79896373056995
USASPENDING_V1,USA,NATIONAL ENERGY TECHNOLOGY LABORATORY,OTHER / OPEN WORLD,AWARD_FIRST_EVIDENCE,769,62400.77,54.26801040312094
USASPENDING_V1,USA,EXPORT IMPORT BANK OF US,OTHER / OPEN WORLD,AWARD_FIRST_EVIDENCE,764,46368.899999999994,52.57604712041885
USASPENDING_V1,USA,DLA WARNER ROBINS,OTHER / OPEN WORLD,AWARD_FIRST_EVIDENCE,764,3570.0,45.10243455497382
USASPENDING_V1,USA,GSA/FAS/GSS/QSCBD/ASSISTED CONTRACTING BRANCH B,OTHER / OPEN WORLD,AWARD_FIRST_EVIDENCE,762,369442.275,49.940892388451445
USASPENDING_V1,USA,NASA KENNEDY SPACE CENTER,OTHER / OPEN WORLD,AWARD_FIRST_EVIDENCE,762,307875.985,49.66616797900262
USASPENDING_V1,USA,LOWER COLORADO REGIONAL OFFICE,OTHER / OPEN WORLD,AWARD_FIRST_EVIDENCE,760,42000.73,48.0905
USASPENDING_V1,USA,FISCAL SERVICE,OTHER / OPEN WORLD,AWARD_FIRST_EVIDENCE,758,151611.28999999998,56.277941952506595
USASPENDING_V1,USA,AIR AND MARINE CONTRACTING DIVISION,OTHER / OPEN WORLD,AWARD_FIRST_EVIDENCE,758,177436.72,54.375857519788916
USASPENDING_V1,USA,W075 ENDIST LOS ANGELES,OTHER / OPEN WORLD,AWARD_FIRST_EVIDENCE,757,724669.48,49.89809775429326
USASPENDING_V1,USA,PBS R2 SIMPLIFIED ACQ BR GROUP 1,OTHER / OPEN WORLD,AWARD_FIRST_EVIDENCE,753,14988.0,40.254209827357236
USASPENDING_V1,USA,"USDA-FS, CSA EAST 2",OTHER / OPEN WORLD,AWARD_FIRST_EVIDENCE,752,21982.955,47.01670212765958
USASPENDING_V1,USA,0408 AQ HQ     CONTRACT,OTHER / OPEN WORLD,AWARD_FIRST_EVIDENCE,749,141851.5,48.97161548731642
USASPENDING_V1,USA,UPPER COLORADO REGIONAL OFFICE,OTHER / OPEN WORLD,AWARD_FIRST_EVIDENCE,749,63970.61,48.71287049399199
USASPENDING_V1,USA,FPS WEST CCG,OTHER / OPEN WORLD,AWARD_FIRST_EVIDENCE,748,128285.615,50.82024064171123
USASPENDING_V1,USA,FA4528  5 CONS,OTHER / OPEN WORLD,AWARD_FIRST_EVIDENCE,747,42000.0,48.33322623828648
USASPENDING_V1,USA,FCI MARION,OTHER / OPEN WORLD,AWARD_FIRST_EVIDENCE,746,12428.585,44.70613941018767
USASPENDING_V1,USA,DENVER FED CENTER,OTHER / OPEN WORLD,AWARD_FIRST_EVIDENCE,745,76464.56,55.57868456375839
USASPENDING_V1,USA,DLA LAND AT ABERDEEN,OTHER / OPEN WORLD,AWARD_FIRST_EVIDENCE,745,214633.35,48.94786577181208
USASPENDING_V1,USA,GSA/FAS/GSS/QSCBA/SPECIAL CONTRACTING BRANCH A AND QSCBB SPECIAL CONTRACTING BRANCH B,Transcription / captioning,AWARD_FIRST_EVIDENCE,744,237.335,57.5244623655914
USASPENDING_V1,USA,"FWS, GAOA",OTHER / OPEN WORLD,AWARD_FIRST_EVIDENCE,744,500.0,39.4080376344086
USASPENDING_V1,USA,FA5205  35 CONS PK,OTHER / OPEN WORLD,AWARD_FIRST_EVIDENCE,743,74169.45,49.38086137281292
USASPENDING_V1,USA,W7NH USPFO ACTIVITY MS ARNG,OTHER / OPEN WORLD,AWARD_FIRST_EVIDENCE,737,7840.0,46.84784260515604
USASPENDING_V1,USA,FCI LEAVENWORTH,OTHER / OPEN WORLD,AWARD_FIRST_EVIDENCE,737,8000.0,44.57476255088196
USASPENDING_V1,USA,FA8117  AFSC PZABA,OTHER / OPEN WORLD,AWARD_FIRST_EVIDENCE,735,43070.0,43.68726530612245
USASPENDING_V1,USA,GSA FAS AAS FEDSIM,OTHER / OPEN WORLD,AWARD_FIRST_EVIDENCE,725,386000.0,48.32968275862069
USASPENDING_V1,USA,"LAND, ENFORCEMENT, AND AIR DIVISION",OTHER / OPEN WORLD,AWARD_FIRST_EVIDENCE,722,248887.71000000002,53.50986149584487
USASPENDING_V1,USA,NAVAL SERVICE TRAINING COMMAND,OTHER / OPEN WORLD,AWARD_FIRST_EVIDENCE,720,169633.25,61.292
USASPENDING_V1,USA,OFFICE OF INSPECTOR GENERAL,OTHER / OPEN WORLD,AWARD_FIRST_EVIDENCE,717,30000.0,51.83609483960949
USASPENDING_V1,USA,NAV REG MA RCC NORFOLK,OTHER / OPEN WORLD,AWARD_FIRST_EVIDENCE,716,25000.0,47.89804469273743
USASPENDING_V1,USA,U.S. EMBASSY BRUSSELS,OTHER / OPEN WORLD,AWARD_FIRST_EVIDENCE,715,13769.78,42.78179020979021
USASPENDING_V1,USA,GSA/FAS ADMIN SVCS ACQUISITION BR(2,Transcription / captioning,AWARD_FIRST_EVIDENCE,714,111.21,54.48739495798319
USASPENDING_V1,USA,ACQUISITIONS - FSI,OTHER / OPEN WORLD,AWARD_FIRST_EVIDENCE,714,12770.439999999999,54.285350140056025
USASPENDING_V1,USA,FCI CUMBERLAND,OTHER / OPEN WORLD,AWARD_FIRST_EVIDENCE,713,12187.5,46.25228611500701
USASPENDING_V1,USA,FA8650  USAF AFMC AFRL PZL AFRL/PZL,OTHER / OPEN WORLD,AWARD_FIRST_EVIDENCE,712,3265378.0,60.461011235955056
USASPENDING_V1,USA,"WATER, TRIBAL & SCIENCE DIVISION",OTHER / OPEN WORLD,AWARD_FIRST_EVIDENCE,712,386972.815,53.20202247191011
USASPENDING_V1,USA,W6QM MICC-FT BENNING,OTHER / OPEN WORLD,AWARD_FIRST_EVIDENCE,710,125144.0,49.80943661971831
USASPENDING_V1,USA,VETERANS BENEFITS ADMIN (36C10D),OTHER / OPEN WORLD,AWARD_FIRST_EVIDENCE,707,36259.77,50.27428571428572
USASPENDING_V1,USA,693C73 EASTERN FED LANDS DIVISION,OTHER / OPEN WORLD,AWARD_FIRST_EVIDENCE,706,303536.275,47.26328611898017
USASPENDING_V1,USA,FA8121  AFSC PZAAA,OTHER / OPEN WORLD,AWARD_FIRST_EVIDENCE,705,218265.0,47.660936170212764
USASPENDING_V1,USA,BASE MIAMI(00028),OTHER / OPEN WORLD,AWARD_FIRST_EVIDENCE,703,20322.4,46.055220483641534
USASPENDING_V1,USA,FA4625  509 CONS CC,OTHER / OPEN WORLD,AWARD_FIRST_EVIDENCE,700,41735.0,49.024971428571426
USASPENDING_V1,USA,FA4661  7 CONS CD,OTHER / OPEN WORLD,AWARD_FIRST_EVIDENCE,699,48000.0,48.04855507868383
USASPENDING_V1,USA,FA4608  2 CONS LGC,OTHER / OPEN WORLD,AWARD_FIRST_EVIDENCE,698,62380.06,49.793151862464185
USASPENDING_V1,USA,FCC LOMPOC,OTHER / OPEN WORLD,AWARD_FIRST_EVIDENCE,698,20225.0,46.20621776504298
USASPENDING_V1,USA,NIH NITAA DITA-DVI OF INFO TECH ACQ,OTHER / OPEN WORLD,AWARD_FIRST_EVIDENCE,696,250.0,45.13316091954023
USASPENDING_V1,USA,REGION 9 CONTRACTING OFFICE,OTHER / OPEN WORLD,AWARD_FIRST_EVIDENCE,695,186063.0,52.96351079136691
USASPENDING_V1,USA,DLA DISPOSITION SERVICES -  EBS,OTHER / OPEN WORLD,AWARD_FIRST_EVIDENCE,694,4999.755,41.460086455331414
USASPENDING_V1,USA,NASA GLENN RESEARCH CENTER,OTHER / OPEN WORLD,AWARD_FIRST_EVIDENCE,693,470426.19,53.66617604617605
USASPENDING_V1,USA,REGION 5 CONTRACTING OFFICE,OTHER / OPEN WORLD,AWARD_FIRST_EVIDENCE,690,192088.135,56.87814492753623
USASPENDING_V1,USA,FA2860  316 CONS PK,OTHER / OPEN WORLD,AWARD_FIRST_EVIDENCE,690,65336.25,49.314927536231885
USASPENDING_V1,USA,FPS EAST CCG DIV 2 ACQ DIV,OTHER / OPEN WORLD,AWARD_FIRST_EVIDENCE,689,66273.0,48.720203193033385
USASPENDING_V1,USA,PEO-SOFSA,OTHER / OPEN WORLD,AWARD_FIRST_EVIDENCE,684,3016139.7350000003,48.02786549707602
USASPENDING_V1,USA,OAS OFFICE OF INTERNAL ACQUISITION,OTHER / OPEN WORLD,AWARD_FIRST_EVIDENCE,680,235039.245,57.53111764705882
USASPENDING_V1,USA,FDC SEATAC,OTHER / OPEN WORLD,AWARD_FIRST_EVIDENCE,680,10976.24,43.994058823529414
USASPENDING_V1,USA,GSA FAS AAS REGION 1,OTHER / OPEN WORLD,AWARD_FIRST_EVIDENCE,679,246079.69,51.57891016200295
USASPENDING_V1,USA,IMR ARIZONA(12400),OTHER / OPEN WORLD,AWARD_FIRST_EVIDENCE,677,39096.0,47.44434268833087
USASPENDING_V1,USA,W2SD ENDIST NEW YORK,OTHER / OPEN WORLD,AWARD_FIRST_EVIDENCE,674,285652.0,49.19548961424332
USASPENDING_V1,USA,W6QM MICC-FT STEWART,OTHER / OPEN WORLD,AWARD_FIRST_EVIDENCE,674,57682.43,45.47774480712166
USASPENDING_V1,USA,DEPT OF COMMERCE CENSUS,OTHER / OPEN WORLD,AWARD_FIRST_EVIDENCE,671,283175.42,55.88554396423249
USASPENDING_V1,USA,"PROCUREMENT DIVISION, OSS",OTHER / OPEN WORLD,AWARD_FIRST_EVIDENCE,671,146342.4,52.73469448584203
USASPENDING_V1,USA,REGION 6 : EMERGENCY PREPAREDNESS A,OTHER / OPEN WORLD,AWARD_FIRST_EVIDENCE,669,59300.0,48.65085201793722
USASPENDING_V1,USA,FCI GREENVILLE,OTHER / OPEN WORLD,AWARD_FIRST_EVIDENCE,668,13725.49,44.67314371257485
USASPENDING_V1,USA,COMPTROLLER OF CURRENCY ACQS,OTHER / OPEN WORLD,AWARD_FIRST_EVIDENCE,665,170687.28,57.09666165413534
USASPENDING_V1,USA,IT OPERATIONS,OTHER / OPEN WORLD,AWARD_FIRST_EVIDENCE,663,451200.0,56.86331825037708
USASPENDING_V1,USA,"PROCUREMENT DIVISION, CSS",OTHER / OPEN WORLD,AWARD_FIRST_EVIDENCE,658,2942686.8449999997,52.012462006079026
USASPENDING_V1,USA,690567 WESTERN FEDERAL LANDS DIV,OTHER / OPEN WORLD,AWARD_FIRST_EVIDENCE,658,164464.51,51.004498480243164
USASPENDING_V1,USA,INFO TECH ACQ CENTER,OTHER / OPEN WORLD,AWARD_FIRST_EVIDENCE,656,409680.0,54.93945121951219
USASPENDING_V1,USA,IDAHO STATE OFFICE,OTHER / OPEN WORLD,AWARD_FIRST_EVIDENCE,656,23994.7,47.578353658536585
USASPENDING_V1,USA,BEMIDJI AREA INDIAN HEALTH SERVICE,OTHER / OPEN WORLD,AWARD_FIRST_EVIDENCE,654,54243.08,50.12865443425076
USASPENDING_V1,USA,FCI ELKTON,OTHER / OPEN WORLD,AWARD_FIRST_EVIDENCE,654,22422.455,45.34360856269113
USASPENDING_V1,USA,PBS R9 AMD SAT SAN DIEGO SUPPORT SECTION,OTHER / OPEN WORLD,AWARD_FIRST_EVIDENCE,654,17115.614999999998,41.197094801223244
USASPENDING_V1,USA,W072 ENDIST PITTSBURGH,OTHER / OPEN WORLD,AWARD_FIRST_EVIDENCE,653,39293.72,43.85972434915773
USASPENDING_V1,USA,GSA FAS AAS REGION 5,OTHER / OPEN WORLD,AWARD_FIRST_EVIDENCE,651,2450367.67,57.226513056835635
USASPENDING_V1,USA,FMC LEXINGTON,OTHER / OPEN WORLD,AWARD_FIRST_EVIDENCE,651,31116.8,48.385069124423964
USASPENDING_V1,USA,FA4830  23 CONS CC,OTHER / OPEN WORLD,AWARD_FIRST_EVIDENCE,650,47113.64,49.025046153846155
USASPENDING_V1,USA,FA7060 11TH CONTRACTING SQ PK,OTHER / OPEN WORLD,AWARD_FIRST_EVIDENCE,650,76851.25,47.26446153846154
USASPENDING_V1,USA,W6QM MICC-FT RILEY,OTHER / OPEN WORLD,AWARD_FIRST_EVIDENCE,648,52624.770000000004,46.37216049382716
USASPENDING_V1,USA,U.S. ATTORNEYS OFFICE-NY(E) (USA53),OTHER / OPEN WORLD,AWARD_FIRST_EVIDENCE,647,23200.0,50.52163833075734
USASPENDING_V1,USA,FA5606  52 CONS DA LGC,OTHER / OPEN WORLD,AWARD_FIRST_EVIDENCE,645,66556.55,48.913457364341085
USASPENDING_V1,USA,FMC DEVENS,OTHER / OPEN WORLD,AWARD_FIRST_EVIDENCE,645,28599.2,47.18223255813953
USASPENDING_V1,USA,FA5004  354 CONS PK,OTHER / OPEN WORLD,AWARD_FIRST_EVIDENCE,641,48792.16,48.889110764430576
USASPENDING_V1,USA,SOUTHEAST REGIONAL MAINT CENTER,OTHER / OPEN WORLD,AWARD_FIRST_EVIDENCE,641,97868.0,45.530858034321376
USASPENDING_V1,USA,PBS R2 SIMPLIFIED ACQUISITIONS BRANCH (2PQB) GROUP 3,OTHER / OPEN WORLD,AWARD_FIRST_EVIDENCE,641,20281.69,40.635725429017164
USASPENDING_V1,USA,"USDA-FS, CSA NORTHWEST 2",OTHER / OPEN WORLD,AWARD_FIRST_EVIDENCE,638,29891.0,46.24056426332288
USASPENDING_V1,USA,"USDA-FS, CSA EAST 3",OTHER / OPEN WORLD,AWARD_FIRST_EVIDENCE,637,24268.68,45.548100470957614
USASPENDING_V1,USA,MDC BROOKLYN,OTHER / OPEN WORLD,AWARD_FIRST_EVIDENCE,636,48263.19,48.46477987421384
USASPENDING_V1,USA,FCI TALLAHASSEE,OTHER / OPEN WORLD,AWARD_FIRST_EVIDENCE,635,11268.25,46.257196850393704
USASPENDING_V1,USA,NCR REGIONAL CONTRACTING(30000),OTHER / OPEN WORLD,AWARD_FIRST_EVIDENCE,634,94407.25,49.31457413249211
USASPENDING_V1,USA,"USDA-FS, CSA NORTHWEST 3",OTHER / OPEN WORLD,AWARD_FIRST_EVIDENCE,632,36075.085,46.285601265822784
USASPENDING_V1,USA,LIBRARY STAFF (JMD),OTHER / OPEN WORLD,AWARD_FIRST_EVIDENCE,630,10735.5,47.79638095238095
USASPENDING_V1,USA,FCI HERLONG,OTHER / OPEN WORLD,AWARD_FIRST_EVIDENCE,630,13934.9,45.28307936507937
USASPENDING_V1,USA,GSA/FAS/TTL/QMD/MCC,OTHER / OPEN WORLD,AWARD_FIRST_EVIDENCE,628,14798.715,43.804140127388536
USASPENDING_V1,USA,W07V ENDIST MEMPHIS,OTHER / OPEN WORLD,AWARD_FIRST_EVIDENCE,627,76312.0,48.70006379585327
USASPENDING_V1,USA,FPC BIG SPRING,OTHER / OPEN WORLD,AWARD_FIRST_EVIDENCE,624,7487.345,44.52144230769231
USASPENDING_V1,USA,WESTERN-CORPORATE SERVICES OFFICE,OTHER / OPEN WORLD,AWARD_FIRST_EVIDENCE,621,72625.0,55.1380998389694
USASPENDING_V1,USA,FA4497  436 CONS LGC,OTHER / OPEN WORLD,AWARD_FIRST_EVIDENCE,621,42135.0,49.06702093397745
USASPENDING_V1,USA,NATIONAL CONTINUITY SECTION(CON50),OTHER / OPEN WORLD,AWARD_FIRST_EVIDENCE,619,29985.0,49.63751211631664
USASPENDING_V1,USA,PBS R10 SERVICES ACQUISITIONS BRANCH,OTHER / OPEN WORLD,AWARD_FIRST_EVIDENCE,617,36072.66,43.96132901134522
USASPENDING_V1,USA,OPM DC CENTRAL OFFICE CONTRACTING,OTHER / OPEN WORLD,AWARD_FIRST_EVIDENCE,616,240092.6,56.22058441558442
USASPENDING_V1,USA,W076 ENDIST MIDDLE EAS(PROVIS),OTHER / OPEN WORLD,AWARD_FIRST_EVIDENCE,616,108655.715,45.66756493506494
USASPENDING_V1,USA,FCI MARIANNA,OTHER / OPEN WORLD,AWARD_FIRST_EVIDENCE,616,14986.715,45.08019480519481
USASPENDING_V1,USA,FA2835 AFLCMC HANSCOM PZI,OTHER / OPEN WORLD,AWARD_FIRST_EVIDENCE,614,64827.41,49.760456026058634
USASPENDING_V1,USA,FA4419   97 CONF  CC,OTHER / OPEN WORLD,AWARD_FIRST_EVIDENCE,614,61568.25,49.66162866449511
USASPENDING_V1,USA,PEARL HARBOR NAVAL SHIPYARD IMF,OTHER / OPEN WORLD,AWARD_FIRST_EVIDENCE,614,93568.9,48.41306188925081
USASPENDING_V1,USA,FA4620  92 CONS LGC,OTHER / OPEN WORLD,AWARD_FIRST_EVIDENCE,614,39442.0,47.7700325732899
USASPENDING_V1,USA,FA4855  27 SOCONS LGC,OTHER / OPEN WORLD,AWARD_FIRST_EVIDENCE,613,54695.84,49.663719412724305
USASPENDING_V1,USA,DEPT OF COMMERCE SSPO,Call centre / helpdesk operations,AWARD_FIRST_EVIDENCE,612,40014.835,63.14911764705882
USASPENDING_V1,USA,IMR INTERMOUNTAIN REGION(1200),OTHER / OPEN WORLD,AWARD_FIRST_EVIDENCE,612,51306.285,47.27898692810457
USASPENDING_V1,USA,FPS EAST CCG DIV 4 ACQ DIV,OTHER / OPEN WORLD,AWARD_FIRST_EVIDENCE,611,339375.27,50.791980360065466
USASPENDING_V1,USA,COMMUNITY SURVIVOR  ASSISTANCE SEC,OTHER / OPEN WORLD,AWARD_FIRST_EVIDENCE,611,244379.43,49.6142062193126
USASPENDING_V1,USA,FA8075  774 ESS,OTHER / OPEN WORLD,AWARD_FIRST_EVIDENCE,610,39095526.0,62.31160655737705
USASPENDING_V1,USA,W40M MRCO PACIFIC,OTHER / OPEN WORLD,AWARD_FIRST_EVIDENCE,609,87673.61,50.962134646962234
USASPENDING_V1,USA,"PACIFIC SOUTHWEST REGION, REGION 5",OTHER / OPEN WORLD,AWARD_FIRST_EVIDENCE,609,34000.0,50.07927750410509
USASPENDING_V1,USA,"USDA-FS, CSA INTERMOUNTAIN 9",OTHER / OPEN WORLD,AWARD_FIRST_EVIDENCE,608,108097.26000000001,46.01953947368421
USASPENDING_V1,USA,FCI BECKLEY,OTHER / OPEN WORLD,AWARD_FIRST_EVIDENCE,607,15847.44,45.64306425041186
USASPENDING_V1,USA,US ARMY ENGINEER DISTRICT WALLA WAL,OTHER / OPEN WORLD,AWARD_FIRST_EVIDENCE,605,64753.0,49.03910743801653
USASPENDING_V1,USA,FA4819  325 CONS PKP,OTHER / OPEN WORLD,AWARD_FIRST_EVIDENCE,603,61776.34,50.7403648424544
USASPENDING_V1,USA,U.S. EMBASSY PRETORIA,OTHER / OPEN WORLD,AWARD_FIRST_EVIDENCE,602,19139.265,45.03634551495016
USASPENDING_V1,USA,OFFICE OF CONSTRUCTION &  FACILITIES MGMT (36C10F),OTHER / OPEN WORLD,AWARD_FIRST_EVIDENCE,600,293791.93,48.98683333333334
USASPENDING_V1,USA,W6QK ACC-APG DURHAM,OTHER / OPEN WORLD,AWARD_FIRST_EVIDENCE,599,998844.46,61.31893155258765
USASPENDING_V1,USA,697276 DOT MARITIME ADMINISTRATION,OTHER / OPEN WORLD,AWARD_FIRST_EVIDENCE,598,293823.78,45.45612040133779
USASPENDING_V1,USA,INCIDENT SUPPORT SECTION(ISS70),OTHER / OPEN WORLD,AWARD_FIRST_EVIDENCE,597,98310.22,47.81778894472362
USASPENDING_V1,USA,OFFICE OF TRAINING,OTHER / OPEN WORLD,AWARD_FIRST_EVIDENCE,597,14416.0,46.82381909547739
USASPENDING_V1,USA,W2SD ENDIST PHILADELPHIA,OTHER / OPEN WORLD,AWARD_FIRST_EVIDENCE,594,376858.58999999997,50.04239057239057
USASPENDING_V1,USA,"USDA-FS, CSA INTERMOUNTAIN 8",OTHER / OPEN WORLD,AWARD_FIRST_EVIDENCE,593,106718.0,45.29325463743676
USASPENDING_V1,USA,PBS R11 BUILDING SERVICES DIVISION CENTER 1,OTHER / OPEN WORLD,AWARD_FIRST_EVIDENCE,592,16367.689999999999,40.83766891891892
USASPENDING_V1,USA,DCSO-RICHMOND DIVISION #3,OTHER / OPEN WORLD,AWARD_FIRST_EVIDENCE,591,4790.7,41.63874788494078
USASPENDING_V1,USA,PEACE CORPS OACM,OTHER / OPEN WORLD,AWARD_FIRST_EVIDENCE,590,29192.01,50.61776271186441
USASPENDING_V1,USA,DIV OF ENGINEERING SVCS - SEATTLE,OTHER / OPEN WORLD,AWARD_FIRST_EVIDENCE,590,234079.77000000002,46.657457627118646
USASPENDING_V1,USA,US EMBASSY BANGKOK,OTHER / OPEN WORLD,AWARD_FIRST_EVIDENCE,589,15852.11,48.37222410865874
USASPENDING_V1,USA,WESTERN-ROCKY MOUNTAIN REGION,OTHER / OPEN WORLD,AWARD_FIRST_EVIDENCE,586,64597.755000000005,49.55430034129693
USASPENDING_V1,USA,NORTHEAST REGIONAL CONTRACTING,OTHER / OPEN WORLD,AWARD_FIRST_EVIDENCE,586,54051.28999999999,48.80146757679181
USASPENDING_V1,USA,W074 ENDIST WILMINGTON,OTHER / OPEN WORLD,AWARD_FIRST_EVIDENCE,585,159000.0,47.86348717948718
USASPENDING_V1,USA,FLETC CHARLESTON PROCUREMENT OFFICE,OTHER / OPEN WORLD,AWARD_FIRST_EVIDENCE,583,11487.0,43.12456260720412
USASPENDING_V1,USA,GOLDEN FIELD OFFICE,OTHER / OPEN WORLD,AWARD_FIRST_EVIDENCE,582,234689.235,50.47384879725086
USASPENDING_V1,USA,FEDERAL ENERGY REGULATORY COMM,OTHER / OPEN WORLD,AWARD_FIRST_EVIDENCE,581,112797.3,55.95356282271945
USASPENDING_V1,USA,U.S. EMBASSY BEIRUT,OTHER / OPEN WORLD,AWARD_FIRST_EVIDENCE,580,15317.065,44.51375862068966
USASPENDING_V1,USA,SER EAST MABO(51000),OTHER / OPEN WORLD,AWARD_FIRST_EVIDENCE,577,47038.0,49.37941074523397
USASPENDING_V1,USA,DCMA SOUTH,OTHER / OPEN WORLD,AWARD_FIRST_EVIDENCE,577,73822.88,48.997227036395145
USASPENDING_V1,USA,"FWS, OVER SAT G/S",OTHER / OPEN WORLD,AWARD_FIRST_EVIDENCE,577,119308.8,46.045996533795496
USASPENDING_V1,USA,FA3010  81 CONS CC,OTHER / OPEN WORLD,AWARD_FIRST_EVIDENCE,575,72792.58,51.87293913043478
USASPENDING_V1,USA,NATIONAL INSTITUTES OF HEALTH NIA,OTHER / OPEN WORLD,AWARD_FIRST_EVIDENCE,575,23006.0,50.91485217391304
USASPENDING_V1,USA,FCI ATLANTA,OTHER / OPEN WORLD,AWARD_FIRST_EVIDENCE,568,28214.300000000003,46.39707746478873
USASPENDING_V1,USA,FA4690  28 CONS PKC,OTHER / OPEN WORLD,AWARD_FIRST_EVIDENCE,567,59826.86,49.008430335097
USASPENDING_V1,USA,U.S. EMBASSY ROME,OTHER / OPEN WORLD,AWARD_FIRST_EVIDENCE,567,17270.14,45.31601410934744
USASPENDING_V1,USA,MDC GUAYANBO,OTHER / OPEN WORLD,AWARD_FIRST_EVIDENCE,567,13356.55,44.031322751322755
USASPENDING_V1,USA,MARSOC H92257,OTHER / OPEN WORLD,AWARD_FIRST_EVIDENCE,564,65814.48,52.8013475177305
USASPENDING_V1,USA,NER SERVICES MABO (43000),OTHER / OPEN WORLD,AWARD_FIRST_EVIDENCE,564,51746.5,48.67900709219858
USASPENDING_V1,USA,FCI EDGEFIELD,OTHER / OPEN WORLD,AWARD_FIRST_EVIDENCE,564,21424.055,46.968758865248226
USASPENDING_V1,USA,U.S. EMBASSY ABUJA,OTHER / OPEN WORLD,AWARD_FIRST_EVIDENCE,564,18323.985,45.60705673758865
USASPENDING_V1,USA,PBS R4 AMD GULF COAST BRANCH,OTHER / OPEN WORLD,AWARD_FIRST_EVIDENCE,564,21086.760000000002,42.0363829787234
USASPENDING_V1,USA,CRIMINAL DIVISION,OTHER / OPEN WORLD,AWARD_FIRST_EVIDENCE,563,65747.85,53.63417406749556
USASPENDING_V1,USA,IMR SANTA FE(12100),OTHER / OPEN WORLD,AWARD_FIRST_EVIDENCE,563,36400.0,49.88206039076377
USASPENDING_V1,USA,PBS R11  BUILDING SERVICES DIVISION CENTER 2,OTHER / OPEN WORLD,AWARD_FIRST_EVIDENCE,562,17746.6,41.03231316725979
USASPENDING_V1,USA,GRAND COULEE POWER OFFICE,OTHER / OPEN WORLD,AWARD_FIRST_EVIDENCE,561,24339.0,47.65187165775401
USASPENDING_V1,USA,FCI WILLIAMSBURG,OTHER / OPEN WORLD,AWARD_FIRST_EVIDENCE,561,22803.2,45.87632798573975
USASPENDING_V1,USA,PBS R2 SIMPLIFIED ACQ BR GROUP 2,OTHER / OPEN WORLD,AWARD_FIRST_EVIDENCE,561,14816.25,42.91336898395722
USASPENDING_V1,USA,FA9101  AEDC PKP   PROCRMNT BR,OTHER / OPEN WORLD,AWARD_FIRST_EVIDENCE,560,134850.69,51.989535714285715
USASPENDING_V1,USA,FPS EAST CCG DIV 1 ACQ DIV,OTHER / OPEN WORLD,AWARD_FIRST_EVIDENCE,558,1021230.8200000001,49.75175627240144
USASPENDING_V1,USA,FCI PEKIN,OTHER / OPEN WORLD,AWARD_FIRST_EVIDENCE,558,22119.85,46.00523297491039
USASPENDING_V1,USA,FCI MIAMI,OTHER / OPEN WORLD,AWARD_FIRST_EVIDENCE,558,13133.529999999999,45.99541218637993
USASPENDING_V1,USA,FCI SANDSTONE,OTHER / OPEN WORLD,AWARD_FIRST_EVIDENCE,558,5440.76,43.34505376344086
USASPENDING_V1,USA,DEFENSE MICROELECTRONICS ACTIVITY,OTHER / OPEN WORLD,AWARD_FIRST_EVIDENCE,557,1401346.63,57.76592459605027
USASPENDING_V1,USA,W4PZ USA MED RSCH ACQUIS ACT,OTHER / OPEN WORLD,AWARD_FIRST_EVIDENCE,556,240199.185,56.282697841726616
USASPENDING_V1,USA,U.S. EMBASSY SAN SALVADOR,OTHER / OPEN WORLD,AWARD_FIRST_EVIDENCE,556,19422.575,47.162338129496405
USASPENDING_V1,USA,MCC SAN DIEGO,OTHER / OPEN WORLD,AWARD_FIRST_EVIDENCE,556,10815.8,43.55625899280575
USASPENDING_V1,USA,NAC PHARMACEUTICALS (36E797),OTHER / OPEN WORLD,AWARD_FIRST_EVIDENCE,556,0.0,42.670251798561154
USASPENDING_V1,USA,MILLENNIUM CHALLENGE CORPORATION,OTHER / OPEN WORLD,AWARD_FIRST_EVIDENCE,555,545814.15,55.80609009009009
USASPENDING_V1,USA,U.S.  EMBASSY CAIRO,OTHER / OPEN WORLD,AWARD_FIRST_EVIDENCE,554,14435.560000000001,45.203212996389894
USASPENDING_V1,USA,DEFENSE HUMAN RESOURCES ACTIVITY,OTHER / OPEN WORLD,AWARD_FIRST_EVIDENCE,553,130567.0,56.6550452079566
USASPENDING_V1,USA,NCIS QUANTICO VA,OTHER / OPEN WORLD,AWARD_FIRST_EVIDENCE,553,47100.0,54.869692585895116
USASPENDING_V1,USA,W7NU USPFO ACTIVITY OH ARNG,OTHER / OPEN WORLD,AWARD_FIRST_EVIDENCE,552,15304.635,47.807028985507245
USASPENDING_V1,USA,"PROCUREMENT DIVISION, PSS",OTHER / OPEN WORLD,AWARD_FIRST_EVIDENCE,551,215747.8,50.74606170598911
USASPENDING_V1,USA,"USDA-FS, CSA INTERMOUNTAIN 1",OTHER / OPEN WORLD,AWARD_FIRST_EVIDENCE,551,28917.81,46.07281306715063
USASPENDING_V1,USA,FA4897 366 CONS PKP,OTHER / OPEN WORLD,AWARD_FIRST_EVIDENCE,549,54774.65,49.073551912568306
USASPENDING_V1,USA,FCI THOMSON,OTHER / OPEN WORLD,AWARD_FIRST_EVIDENCE,548,21818.995000000003,46.6556204379562
USASPENDING_V1,USA,FCC OAKDALE,OTHER / OPEN WORLD,AWARD_FIRST_EVIDENCE,548,30732.45,46.40036496350365
USASPENDING_V1,USA,U.S.  EMBASSY BRASILIA,OTHER / OPEN WORLD,AWARD_FIRST_EVIDENCE,546,13221.560000000001,45.29970695970696
USASPENDING_V1,USA,NATIONAL INSTITUTES OF HEALTH NHGRI,OTHER / OPEN WORLD,AWARD_FIRST_EVIDENCE,545,22589.04,51.851009174311926
USASPENDING_V1,USA,FA4686 9 CONS PK,OTHER / OPEN WORLD,AWARD_FIRST_EVIDENCE,544,60347.0,48.69455882352941
USASPENDING_V1,USA,FA8773 ACC 38 CONS,OTHER / OPEN WORLD,AWARD_FIRST_EVIDENCE,542,112530.0,59.54354243542436
USASPENDING_V1,USA,"USDA-FS, CSA NORTHWEST 6",OTHER / OPEN WORLD,AWARD_FIRST_EVIDENCE,542,51144.265,42.295977859778596
USASPENDING_V1,USA,PREPAREDNESS SECTION(PRE20),OTHER / OPEN WORLD,AWARD_FIRST_EVIDENCE,539,229500.0,54.86916512059369
USASPENDING_V1,USA,PBS PROJECT DELIVERY EAST - BRANCH E,OTHER / OPEN WORLD,AWARD_FIRST_EVIDENCE,539,20217.13,41.56649350649351
USASPENDING_V1,USA,FA9401  377 MSG PK,OTHER / OPEN WORLD,AWARD_FIRST_EVIDENCE,538,52172.675,53.226691449814126
USASPENDING_V1,USA,FCI ASHLAND,OTHER / OPEN WORLD,AWARD_FIRST_EVIDENCE,538,19509.045,45.89011152416357
USASPENDING_V1,USA,FCI LORETTO,OTHER / OPEN WORLD,AWARD_FIRST_EVIDENCE,538,11138.77,43.84449814126394
USASPENDING_V1,USA,FA8656 AFLCMC EBX,OTHER / OPEN WORLD,AWARD_FIRST_EVIDENCE,537,0.0,37.38826815642458
USASPENDING_V1,USA,DOL-ITAS DIVISION B PROCUREMENT,OTHER / OPEN WORLD,AWARD_FIRST_EVIDENCE,536,101196.0,57.6535447761194
USASPENDING_V1,USA,FA8771  AFLCMC GBK,OTHER / OPEN WORLD,AWARD_FIRST_EVIDENCE,536,250000.0,56.80731343283582
USASPENDING_V1,USA,FPC ALDERSON,OTHER / OPEN WORLD,AWARD_FIRST_EVIDENCE,535,14995.02,44.73360747663551
USASPENDING_V1,USA,"USDA-FS, CSA INTERMOUNTAIN 4",OTHER / OPEN WORLD,AWARD_FIRST_EVIDENCE,533,30505.7,46.223527204502815
USASPENDING_V1,USA,FDC MIAMI,OTHER / OPEN WORLD,AWARD_FIRST_EVIDENCE,533,12280.0,46.22236397748593
USASPENDING_V1,USA,FCI THREE RIVERS,OTHER / OPEN WORLD,AWARD_FIRST_EVIDENCE,533,15258.25,45.08176360225141
USASPENDING_V1,USA,U.S. EMBASSY JAKARTA,OTHER / OPEN WORLD,AWARD_FIRST_EVIDENCE,532,15290.81,46.22278195488722
USASPENDING_V1,USA,GSA FAS AAS REGION 4,OTHER / OPEN WORLD,AWARD_FIRST_EVIDENCE,531,1879941.05,56.5438418079096
USASPENDING_V1,USA,REGION 3 CONTRACTING OFFICE,OTHER / OPEN WORLD,AWARD_FIRST_EVIDENCE,531,119523.12,53.620527306967986
USASPENDING_V1,USA,W2SN ENDIST HONOLULU,OTHER / OPEN WORLD,AWARD_FIRST_EVIDENCE,531,341077.54,47.83871939736346
USASPENDING_V1,USA,FPS EAST CCG DIV 3 ACQ DIV,OTHER / OPEN WORLD,AWARD_FIRST_EVIDENCE,530,145633.12,51.31415094339623
USASPENDING_V1,USA,FA4626  341 CONS  LGC,OTHER / OPEN WORLD,AWARD_FIRST_EVIDENCE,530,57430.055,48.29094339622642
USASPENDING_V1,USA,FCI SCHUYLKILL,OTHER / OPEN WORLD,AWARD_FIRST_EVIDENCE,528,24264.765,45.83681818181818
USASPENDING_V1,USA,MCC CHICAGO,OTHER / OPEN WORLD,AWARD_FIRST_EVIDENCE,528,9218.59,42.808446969696966
USASPENDING_V1,USA,CALIFORNIA STATE OFFICE,OTHER / OPEN WORLD,AWARD_FIRST_EVIDENCE,527,52204.0,50.12258064516129
USASPENDING_V1,USA,GSA/FAS FURNITURE SYSTEMS MGT DIV,Hardware / AV resale,AWARD_FIRST_EVIDENCE,526,737.85,51.69555133079848
USASPENDING_V1,USA,FA4803  20 CONS LGCA,OTHER / OPEN WORLD,AWARD_FIRST_EVIDENCE,526,76167.51000000001,49.682813688212924
USASPENDING_V1,USA,FCI TERMINAL ISLAND,OTHER / OPEN WORLD,AWARD_FIRST_EVIDENCE,526,18284.635000000002,46.03288973384031
USASPENDING_V1,USA,U.S. EMBASSY BOGOTA,OTHER / OPEN WORLD,AWARD_FIRST_EVIDENCE,526,16027.59,44.72961977186312
USASPENDING_V1,USA,DEFENSE CI AND SECURITY AGENCY,OTHER / OPEN WORLD,AWARD_FIRST_EVIDENCE,524,398184.33,56.65270992366412
USASPENDING_V1,USA,U.S. EMBASSY ISLAMABAD,OTHER / OPEN WORLD,AWARD_FIRST_EVIDENCE,524,22025.85,46.40175572519084
USASPENDING_V1,USA,BASE NEW ORLEANS(00029),OTHER / OPEN WORLD,AWARD_FIRST_EVIDENCE,523,16346.0,43.91598470363289
USASPENDING_V1,USA,SER SOUTH MABO (54000),OTHER / OPEN WORLD,AWARD_FIRST_EVIDENCE,521,54120.15,49.51090211132438
USASPENDING_V1,USA,"USDA-FS, CSA EAST 6",OTHER / OPEN WORLD,AWARD_FIRST_EVIDENCE,521,24912.89,46.32721689059501
USASPENDING_V1,USA,PBS R4 AMD SOUTHERN BRANCH,OTHER / OPEN WORLD,AWARD_FIRST_EVIDENCE,520,27932.475,43.005153846153846
USASPENDING_V1,USA,NSWC CRANE,Office supplies / consumables resale,AWARD_FIRST_EVIDENCE,519,230.68,59.72462427745665
USASPENDING_V1,USA,NASA AMES RESEARCH CENTER,OTHER / OPEN WORLD,AWARD_FIRST_EVIDENCE,518,617317.4450000001,54.74239382239382
USASPENDING_V1,USA,FA4613  90 CONS PK,OTHER / OPEN WORLD,AWARD_FIRST_EVIDENCE,518,81603.0,50.23976833976834
USASPENDING_V1,USA,FCC YAZOO CITY,OTHER / OPEN WORLD,AWARD_FIRST_EVIDENCE,515,60000.0,46.97328155339806
USASPENDING_V1,USA,W7M7 USPFO ACTIVITY IN ARNG,OTHER / OPEN WORLD,AWARD_FIRST_EVIDENCE,515,26255.84,46.78073786407767
USASPENDING_V1,USA,FCI BERLIN,OTHER / OPEN WORLD,AWARD_FIRST_EVIDENCE,514,13092.470000000001,44.47575875486381
USASPENDING_V1,USA,NAVAL MEDICAL CENTER SAN DIEGO CA,OTHER / OPEN WORLD,AWARD_FIRST_EVIDENCE,514,217.23000000000002,41.37536964980545
USASPENDING_V1,USA,USUHS,OTHER / OPEN WORLD,AWARD_FIRST_EVIDENCE,513,36563.5,52.3375828460039
USASPENDING_V1,USA,U.S. EMBASSY BEIJING,OTHER / OPEN WORLD,AWARD_FIRST_EVIDENCE,513,20217.43,47.03216374269006
USASPENDING_V1,USA,FA8132  AFSC PZIMC,OTHER / OPEN WORLD,AWARD_FIRST_EVIDENCE,511,56040.0,50.34743639921722
USASPENDING_V1,USA,GREAT PLAINS REGIONAL OFFICE,OTHER / OPEN WORLD,AWARD_FIRST_EVIDENCE,511,57485.0,49.32363992172211
USASPENDING_V1,USA,US MINT DENVER,OTHER / OPEN WORLD,AWARD_FIRST_EVIDENCE,511,3322.0,45.46900195694716
USASPENDING_V1,USA,PBS PROJECT DELIVERY CENTRAL - BRANCH E,OTHER / OPEN WORLD,AWARD_FIRST_EVIDENCE,511,20401.63,41.22771037181996
USASPENDING_V1,USA,"USDA-FS, CSA NORTHWEST 1",OTHER / OPEN WORLD,AWARD_FIRST_EVIDENCE,509,45511.0,47.2094695481336
USASPENDING_V1,USA,PWR PORE MABO (84000),OTHER / OPEN WORLD,AWARD_FIRST_EVIDENCE,508,28441.96,47.83307086614173
USASPENDING_V1,USA,FCI EL RENO,OTHER / OPEN WORLD,AWARD_FIRST_EVIDENCE,508,20000.0,46.2848031496063
USASPENDING_V1,USA,FCI ALICEVILLE,OTHER / OPEN WORLD,AWARD_FIRST_EVIDENCE,507,33921.46,46.92520710059171
USASPENDING_V1,USA,RPO WEST (36C24W),OTHER / OPEN WORLD,AWARD_FIRST_EVIDENCE,505,53415.0,50.84368316831683
USASPENDING_V1,USA,CIVIL RIGHTS DIVISION,OTHER / OPEN WORLD,AWARD_FIRST_EVIDENCE,502,14677.0,51.83155378486056
USASPENDING_V1,USA,FA8101  AFSC PZIOA,OTHER / OPEN WORLD,AWARD_FIRST_EVIDENCE,502,35512.369999999995,51.348326693227094
USASPENDING_V1,USA,COMMODITY FUTURES TRADING COMM,OTHER / OPEN WORLD,AWARD_FIRST_EVIDENCE,501,98537.2,57.65409181636726
USASPENDING_V1,USA,GREAT PLAINS REGION,OTHER / OPEN WORLD,AWARD_FIRST_EVIDENCE,500,17081.045,47.36772
USASPENDING_V1,USA,DEFENSE INFORMATION SYSTEMS AGENCY,OTHER / OPEN WORLD,AWARD_FIRST_EVIDENCE,498,601600.0,55.02562248995984
USASPENDING_V1,USA,"USDA-FS, CSA SOUTHWEST 4",OTHER / OPEN WORLD,AWARD_FIRST_EVIDENCE,498,40519.5,49.15200803212851
USASPENDING_V1,USA,"USDA-FS, CSA INTERMOUNTAIN 2",OTHER / OPEN WORLD,AWARD_FIRST_EVIDENCE,497,27274.0,45.26555331991952
USASPENDING_V1,USA,W6QK ACC-APG CONT CT WASH OFC,OTHER / OPEN WORLD,AWARD_FIRST_EVIDENCE,496,1051195.86,54.99193548387097
USASPENDING_V1,USA,FA8750  AFRL RIK,OTHER / OPEN WORLD,AWARD_FIRST_EVIDENCE,494,4218931.0,59.437125506072874
USASPENDING_V1,USA,NAVAL MEDICAL RESEARCH CENTER,OTHER / OPEN WORLD,AWARD_FIRST_EVIDENCE,494,30018.165,52.327044534412956
USASPENDING_V1,USA,W7NS USPFO ACTIVITY NC ARNG,OTHER / OPEN WORLD,AWARD_FIRST_EVIDENCE,493,16757.0,47.95350912778905
USASPENDING_V1,USA,HQ DEFENSE MEDIA ACTIVITY,OTHER / OPEN WORLD,AWARD_FIRST_EVIDENCE,492,71907.435,55.916382113821136
USASPENDING_V1,USA,USP CANAAN,OTHER / OPEN WORLD,AWARD_FIRST_EVIDENCE,490,28036.215,45.59326530612245
USASPENDING_V1,USA,SRF AND JRMC YOKOSUKA,OTHER / OPEN WORLD,AWARD_FIRST_EVIDENCE,490,3937.9449999999997,35.65244897959184
USASPENDING_V1,USA,FCC TUCSON,OTHER / OPEN WORLD,AWARD_FIRST_EVIDENCE,489,20563.2,45.7321472392638
USASPENDING_V1,USA,FCI MEMPHIS,OTHER / OPEN WORLD,AWARD_FIRST_EVIDENCE,489,18624.58,45.67145194274028
USASPENDING_V1,USA,COLORADO STATE OFFICE,OTHER / OPEN WORLD,AWARD_FIRST_EVIDENCE,488,24682.195,47.30270491803279
USASPENDING_V1,USA,"USDA-FS, CSA EAST 5",OTHER / OPEN WORLD,AWARD_FIRST_EVIDENCE,488,26853.105,45.57311475409836
USASPENDING_V1,USA,FA4460  19 CONS PKA,OTHER / OPEN WORLD,AWARD_FIRST_EVIDENCE,487,54724.56,49.747227926078025
USASPENDING_V1,USA,"USDA-FS, CSA EAST 1",OTHER / OPEN WORLD,AWARD_FIRST_EVIDENCE,487,24957.3,45.09285420944558
USASPENDING_V1,USA,DCMA RADARS AND SENSORS,OTHER / OPEN WORLD,AWARD_FIRST_EVIDENCE,486,2633909.99,55.12539094650206
USASPENDING_V1,USA,FA5685  39 CONS LGC,OTHER / OPEN WORLD,AWARD_FIRST_EVIDENCE,486,74686.075,47.27205761316873
USASPENDING_V1,USA,SER WEST(52000),OTHER / OPEN WORLD,AWARD_FIRST_EVIDENCE,485,33000.0,48.36544329896907
USASPENDING_V1,USA,"USDA-FS, CSA INTERMOUNTAIN 7",OTHER / OPEN WORLD,AWARD_FIRST_EVIDENCE,485,22154.0,44.96837113402062
USASPENDING_V1,USA,FA2550  50 CONS PKP,OTHER / OPEN WORLD,AWARD_FIRST_EVIDENCE,484,59752.350000000006,52.581239669421485
USASPENDING_V1,USA,FA8751  AFRL RIKO,OTHER / OPEN WORLD,AWARD_FIRST_EVIDENCE,483,49998.0,52.584389233954454
USASPENDING_V1,USA,U.S. EMBASSY SANTO DOMINGO,OTHER / OPEN WORLD,AWARD_FIRST_EVIDENCE,483,19918.28,46.821614906832295
USASPENDING_V1,USA,FCI GILMER,OTHER / OPEN WORLD,AWARD_FIRST_EVIDENCE,482,29446.795,46.29622406639004
USASPENDING_V1,USA,FCI BASTROP,OTHER / OPEN WORLD,AWARD_FIRST_EVIDENCE,480,12442.314999999999,44.96908333333333
USASPENDING_V1,USA,FCI MCKEAN,OTHER / OPEN WORLD,AWARD_FIRST_EVIDENCE,479,17179.03,43.34263048016702
USASPENDING_V1,USA,PENSION BENEFIT GUARANTY CORP,OTHER / OPEN WORLD,AWARD_FIRST_EVIDENCE,478,658213.6599999999,55.66004184100419
USASPENDING_V1,USA,INTL BOUNDARY  WATER COMM US MEX,OTHER / OPEN WORLD,AWARD_FIRST_EVIDENCE,477,90574.8,51.283522012578615
USASPENDING_V1,USA,"USDA-FS, CSA NORTHWEST 4",OTHER / OPEN WORLD,AWARD_FIRST_EVIDENCE,477,16174.0,44.06788259958071
USASPENDING_V1,USA,"USDA-FS, CSA INTERMOUNTAIN 6",OTHER / OPEN WORLD,AWARD_FIRST_EVIDENCE,476,26941.41,46.37554621848739
USASPENDING_V1,USA,DEFENSE FINANCE AND ACCOUNTING SVC,OTHER / OPEN WORLD,AWARD_FIRST_EVIDENCE,473,189145.0,55.95492600422833
USASPENDING_V1,USA,IT STRATEGY AND MODERNIZATION,Call centre / helpdesk operations,AWARD_FIRST_EVIDENCE,472,481257.66500000004,68.35203389830508
USASPENDING_V1,USA,BASE HONOLULU(00034),OTHER / OPEN WORLD,AWARD_FIRST_EVIDENCE,472,16550.8,46.54983050847458
USASPENDING_V1,USA,BASE SEATTLE(00033),OTHER / OPEN WORLD,AWARD_FIRST_EVIDENCE,472,9864.0,44.44775423728814
USASPENDING_V1,USA,U.S. EMBASSY DAKAR,OTHER / OPEN WORLD,AWARD_FIRST_EVIDENCE,468,17293.835,46.01880341880342
USASPENDING_V1,USA,FCI JESUP,OTHER / OPEN WORLD,AWARD_FIRST_EVIDENCE,467,25853.24,46.37010706638116
USASPENDING_V1,USA,W7NB USPFO ACTIVITY LA ARNG,OTHER / OPEN WORLD,AWARD_FIRST_EVIDENCE,466,8448.39,47.569098712446355
USASPENDING_V1,USA,FTC OKLAHOMA CITY,OTHER / OPEN WORLD,AWARD_FIRST_EVIDENCE,466,24871.5,46.667124463519315
USASPENDING_V1,USA,PBS R11  BUILDING SERVICES DIVISION CENTER 3,OTHER / OPEN WORLD,AWARD_FIRST_EVIDENCE,466,13552.885,40.268755364806864
USASPENDING_V1,USA,FCI SHERIDAN,OTHER / OPEN WORLD,AWARD_FIRST_EVIDENCE,465,29464.99,47.11058064516129
USASPENDING_V1,USA,AMERICAN EMBASSY PORT-AU-PRINCE,OTHER / OPEN WORLD,AWARD_FIRST_EVIDENCE,465,29321.0,46.17643010752688
USASPENDING_V1,USA,FPC BRYAN,OTHER / OPEN WORLD,AWARD_FIRST_EVIDENCE,465,11312.27,44.575913978494626
USASPENDING_V1,USA,PBS R3 CHARLESTON FIELD OFFICE,OTHER / OPEN WORLD,AWARD_FIRST_EVIDENCE,464,13831.265,39.22974137931035
USASPENDING_V1,USA,W6QM MICC-FT RUCKER,OTHER / OPEN WORLD,AWARD_FIRST_EVIDENCE,463,118123.12,49.48634989200864
USASPENDING_V1,USA,NER SUPPLY MABO(45000),OTHER / OPEN WORLD,AWARD_FIRST_EVIDENCE,462,69188.275,49.68069264069264
USASPENDING_V1,USA,W2SN ENDIST FAR EAST,OTHER / OPEN WORLD,AWARD_FIRST_EVIDENCE,462,471201.26,49.26255411255411
USASPENDING_V1,USA,FCI BENNETTSVILLE,OTHER / OPEN WORLD,AWARD_FIRST_EVIDENCE,462,20664.825,44.894891774891775
USASPENDING_V1,USA,US MINT PHILADELPHIA,OTHER / OPEN WORLD,AWARD_FIRST_EVIDENCE,461,13560.66,47.762169197396965
USASPENDING_V1,USA,FCI TALLADEGA,OTHER / OPEN WORLD,AWARD_FIRST_EVIDENCE,459,20487.43,46.28631808278867
USASPENDING_V1,USA,"USDA-FS, CSA EAST 7",OTHER / OPEN WORLD,AWARD_FIRST_EVIDENCE,459,16715.19,46.095250544662306
USASPENDING_V1,USA,W6QK ACC RRAD,OTHER / OPEN WORLD,AWARD_FIRST_EVIDENCE,458,174629.51,49.8264192139738
USASPENDING_V1,USA,REGION 2: EMERGENCY PREPAREDNESS AN,OTHER / OPEN WORLD,AWARD_FIRST_EVIDENCE,458,8854.8,47.45541484716157
USASPENDING_V1,USA,PAE STRATEGIC SYSTEMS PROGRAMS,OTHER / OPEN WORLD,AWARD_FIRST_EVIDENCE,457,565300.0,57.98100656455142
USASPENDING_V1,USA,C5I DIVISION 2 KEARNEYSVILLE,OTHER / OPEN WORLD,AWARD_FIRST_EVIDENCE,455,50170.32,55.453318681318684
USASPENDING_V1,USA,FA5702  379 ECONS,OTHER / OPEN WORLD,AWARD_FIRST_EVIDENCE,455,107739.92,47.76443956043956
USASPENDING_V1,USA,PBS PROJECT DELIVERY EAST - BRANCH B,OTHER / OPEN WORLD,AWARD_FIRST_EVIDENCE,455,19660.1,40.20940659340659
USASPENDING_V1,USA,TECHNOLOGY ACQUISITION CENTER AUSTIN (36C10A),OTHER / OPEN WORLD,AWARD_FIRST_EVIDENCE,454,325917.815,60.20647577092511
USASPENDING_V1,USA,DCMA SPRINGFIELD,OTHER / OPEN WORLD,AWARD_FIRST_EVIDENCE,452,12742.38,48.22871681415929
USASPENDING_V1,USA,DCMA OHIO RIVER VALLEY,OTHER / OPEN WORLD,AWARD_FIRST_EVIDENCE,450,153612.68,51.588
USASPENDING_V1,USA,FCI WASECA,OTHER / OPEN WORLD,AWARD_FIRST_EVIDENCE,450,15674.96,46.7016
USASPENDING_V1,USA,USDA FOREST SERVICE-SPOC EAST,OTHER / OPEN WORLD,AWARD_FIRST_EVIDENCE,449,99250.0,50.9980846325167
USASPENDING_V1,USA,FBI-JEH,Call centre / helpdesk operations,AWARD_FIRST_EVIDENCE,447,70762.29,62.32295302013423
USASPENDING_V1,USA,U.S. EMBASSY AMMAN,OTHER / OPEN WORLD,AWARD_FIRST_EVIDENCE,445,21581.92,48.47847191011236
USASPENDING_V1,USA,MWR MIDWEST REGION(60000),OTHER / OPEN WORLD,AWARD_FIRST_EVIDENCE,444,39997.39,48.83225225225225
USASPENDING_V1,USA,MISSION ESSENTIALS,OTHER / OPEN WORLD,AWARD_FIRST_EVIDENCE,444,64395.0,47.89081081081081
USASPENDING_V1,USA,ACQUISITIONS -  AQM SILMS,Call centre / helpdesk operations,AWARD_FIRST_EVIDENCE,443,2698.62,56.80144469525959
USASPENDING_V1,USA,EM-ENVIRONMENTAL MGMT CON BUS CTR,OTHER / OPEN WORLD,AWARD_FIRST_EVIDENCE,443,265281.97,51.63024830699774
USASPENDING_V1,USA,LOS ANGELES CA DIVISION OFFICE,OTHER / OPEN WORLD,AWARD_FIRST_EVIDENCE,443,3780.0,48.183160270880364
USASPENDING_V1,USA,W7NV USPFO ACTIVITY OK ARNG,OTHER / OPEN WORLD,AWARD_FIRST_EVIDENCE,443,7553.88,47.45313769751693
USASPENDING_V1,USA,NASA ARMSTRONG FLIGHT RESEARCH CNTR,OTHER / OPEN WORLD,AWARD_FIRST_EVIDENCE,443,101274.75,45.992234762979685
USASPENDING_V1,USA,FA8224  AFSC OL H PZIM,OTHER / OPEN WORLD,AWARD_FIRST_EVIDENCE,442,100226.84,49.23135746606335
USASPENDING_V1,USA,U.S. EMBASSY RIYADH,OTHER / OPEN WORLD,AWARD_FIRST_EVIDENCE,442,18348.545,46.62117647058824
USASPENDING_V1,USA,FCI DANBURY,OTHER / OPEN WORLD,AWARD_FIRST_EVIDENCE,441,25256.81,47.00190476190476
USASPENDING_V1,USA,FA3030  17 CONS CC,OTHER / OPEN WORLD,AWARD_FIRST_EVIDENCE,440,80771.75,52.04368181818182
USASPENDING_V1,USA,"USDA-FS, CSA SOUTHWEST 1",OTHER / OPEN WORLD,AWARD_FIRST_EVIDENCE,440,37996.665,46.73436363636364
USASPENDING_V1,USA,FA8125  AFSC PZIMA,OTHER / OPEN WORLD,AWARD_FIRST_EVIDENCE,439,81816.0,48.80642369020501
USASPENDING_V1,USA,FA5215  766 ESS PKP,OTHER / OPEN WORLD,AWARD_FIRST_EVIDENCE,438,236226.72,53.33397260273973
USASPENDING_V1,USA,SER NORTH MABO (53000),OTHER / OPEN WORLD,AWARD_FIRST_EVIDENCE,438,52185.135,48.311506849315066
USASPENDING_V1,USA,W2SD ENDIST NORFOLK,OTHER / OPEN WORLD,AWARD_FIRST_EVIDENCE,438,297411.0,47.49479452054795
USASPENDING_V1,USA,U.S. EMBASSY TOKYO,OTHER / OPEN WORLD,AWARD_FIRST_EVIDENCE,437,27295.35,48.3075057208238
USASPENDING_V1,USA,FA8604  AFLCMC PZI,Call centre / helpdesk operations,AWARD_FIRST_EVIDENCE,436,57126.41,64.44224770642202
USASPENDING_V1,USA,"USDA-FS, CSA EAST 9",OTHER / OPEN WORLD,AWARD_FIRST_EVIDENCE,436,21159.205,49.773853211009175
USASPENDING_V1,USA,MDC LOS ANGELES,OTHER / OPEN WORLD,AWARD_FIRST_EVIDENCE,436,18255.019999999997,45.687660550458716
USASPENDING_V1,USA,BASE KODIAK(00045),OTHER / OPEN WORLD,AWARD_FIRST_EVIDENCE,435,23666.43,47.099862068965514
USASPENDING_V1,USA,"FWS, IT GOODS",OTHER / OPEN WORLD,AWARD_FIRST_EVIDENCE,434,26965.1,55.27557603686636
USASPENDING_V1,USA,SC OAK RIDGE OFFICE,OTHER / OPEN WORLD,AWARD_FIRST_EVIDENCE,434,68410.05,53.831382488479264
USASPENDING_V1,USA,FA2816  SMC PK PKO,OTHER / OPEN WORLD,AWARD_FIRST_EVIDENCE,434,80417.23999999999,52.96239631336405
USASPENDING_V1,USA,DCMA MISSILES,OTHER / OPEN WORLD,AWARD_FIRST_EVIDENCE,434,214652.0,49.020875576036865
USASPENDING_V1,USA,POLICY  PLANNING STAFF (JMD),OTHER / OPEN WORLD,AWARD_FIRST_EVIDENCE,433,46590.24,56.82263279445728
USASPENDING_V1,USA,W6QM MICC-FT CARSON,OTHER / OPEN WORLD,AWARD_FIRST_EVIDENCE,433,106480.0,50.506050808314086
USASPENDING_V1,USA,HOUSTON TX DIVISION OFFICE,OTHER / OPEN WORLD,AWARD_FIRST_EVIDENCE,432,3507.75,46.055092592592594
USASPENDING_V1,USA,FA7146  SAF OC PK,OTHER / OPEN WORLD,AWARD_FIRST_EVIDENCE,431,1663803.76,57.35549883990719
USASPENDING_V1,USA,DEFENSE COMMISSARY AGENCY- EUR AREA,OTHER / OPEN WORLD,AWARD_FIRST_EVIDENCE,431,64363.72,47.175313225058005
USASPENDING_V1,USA,FCI FAIRTON,OTHER / OPEN WORLD,AWARD_FIRST_EVIDENCE,431,20795.95,45.32909512761021
USASPENDING_V1,USA,"CONSTRUCTION, FINANCE, ADMINISTRATIVE & IA DIVISION",OTHER / OPEN WORLD,AWARD_FIRST_EVIDENCE,430,189421.5,53.223441860465115
USASPENDING_V1,USA,FA8213  AFLCMC EBHK,OTHER / OPEN WORLD,AWARD_FIRST_EVIDENCE,430,996457.075,52.496697674418606
USASPENDING_V1,USA,CPO : PHILADELPHIA OPERATIONS BRANC,OTHER / OPEN WORLD,AWARD_FIRST_EVIDENCE,430,144572.31,51.822883720930236
USASPENDING_V1,USA,USP LEE,OTHER / OPEN WORLD,AWARD_FIRST_EVIDENCE,429,28250.0,46.381491841491844
USASPENDING_V1,USA,FCI OTISVILLE,OTHER / OPEN WORLD,AWARD_FIRST_EVIDENCE,429,23600.0,46.335151515151516
USASPENDING_V1,USA,W6QM MICC-FT POLK,OTHER / OPEN WORLD,AWARD_FIRST_EVIDENCE,428,97540.95999999999,47.09191588785047
USASPENDING_V1,USA,MONTANA STATE OFFICE,OTHER / OPEN WORLD,AWARD_FIRST_EVIDENCE,427,39590.0,48.18571428571428
USASPENDING_V1,USA,W39L USA NG READINESS CENTER,OTHER / OPEN WORLD,AWARD_FIRST_EVIDENCE,426,1271517.4849999999,54.74530516431925
USASPENDING_V1,USA,"GSA/FAS/GSS/QSCB, SUPPLY CHAIN MANAGEMENT CONTRACTING DIVISION",Uniforms / PPE resale,AWARD_FIRST_EVIDENCE,426,128.1,51.62859154929578
USASPENDING_V1,USA,ALASKA REGIONAL OFFICE(97000),OTHER / OPEN WORLD,AWARD_FIRST_EVIDENCE,426,40600.0,50.15774647887324
USASPENDING_V1,USA,U.S. EMBASSY DOHA,OTHER / OPEN WORLD,AWARD_FIRST_EVIDENCE,424,16465.44,48.09731132075472
USASPENDING_V1,USA,PBS R9 AMD SAT SAN FRANCISCO SUPPORT SECTION,OTHER / OPEN WORLD,AWARD_FIRST_EVIDENCE,424,19443.89,42.77391509433962
USASPENDING_V1,USA,FA4452  763 ESS,OTHER / OPEN WORLD,AWARD_FIRST_EVIDENCE,423,98239.44,52.74950354609929
USASPENDING_V1,USA,DOL - CAS DIVISION 1 PROCUREMENT,OTHER / OPEN WORLD,AWARD_FIRST_EVIDENCE,423,103812.5,52.4383451536643
USASPENDING_V1,USA,USP MCCREARY,OTHER / OPEN WORLD,AWARD_FIRST_EVIDENCE,423,27940.0,46.345721040189126
USASPENDING_V1,USA,U.S.EMBASSY KINSHASA,OTHER / OPEN WORLD,AWARD_FIRST_EVIDENCE,422,22392.0,49.74559241706161
USASPENDING_V1,USA,PROGRAM SUPPORT CTR SUPPLY SVC CTR,OTHER / OPEN WORLD,AWARD_FIRST_EVIDENCE,419,53012.0,51.94200477326969
USASPENDING_V1,USA,COMMANDING GENERAL (M68450),OTHER / OPEN WORLD,AWARD_FIRST_EVIDENCE,419,34740.0,47.66830548926014
USASPENDING_V1,USA,W7NE USPFO ACTIVITY MA ARNG,OTHER / OPEN WORLD,AWARD_FIRST_EVIDENCE,418,8121.65,46.41784688995215
USASPENDING_V1,USA,PBS R11  BUILDING SERVICES DIVISION CENTER 4,OTHER / OPEN WORLD,AWARD_FIRST_EVIDENCE,418,16375.625,41.83248803827751
USASPENDING_V1,USA,PBS PROJECT DELIVERY EAST - BRANCH D,OTHER / OPEN WORLD,AWARD_FIRST_EVIDENCE,418,16665.245000000003,41.37421052631579
USASPENDING_V1,USA,WESTERN REGION,OTHER / OPEN WORLD,AWARD_FIRST_EVIDENCE,416,27643.489999999998,49.53850961538461
USASPENDING_V1,USA,FCI MCDOWELL,OTHER / OPEN WORLD,AWARD_FIRST_EVIDENCE,416,30770.9,46.925240384615385
USASPENDING_V1,USA,FCI SEAGOVILLE,OTHER / OPEN WORLD,AWARD_FIRST_EVIDENCE,416,26216.82,45.754759615384614
USASPENDING_V1,USA,U.S. EMBASSY VIENNA,OTHER / OPEN WORLD,AWARD_FIRST_EVIDENCE,416,12424.225,43.80677884615385
USASPENDING_V1,USA,FA4621  22 CONS PK,OTHER / OPEN WORLD,AWARD_FIRST_EVIDENCE,415,62455.86,49.66713253012048
USASPENDING_V1,USA,FA4911  378 ECONS,OTHER / OPEN WORLD,AWARD_FIRST_EVIDENCE,415,103926.28,48.73277108433735
USASPENDING_V1,USA,FCI MILAN,OTHER / OPEN WORLD,AWARD_FIRST_EVIDENCE,415,28791.0,47.85893975903615
USASPENDING_V1,USA,W6QM MICC FT LEE,OTHER / OPEN WORLD,AWARD_FIRST_EVIDENCE,413,206157.6,52.04813559322034
USASPENDING_V1,USA,PBS R9 AMD SAT LOS ANGELES SUPPORT SECTION,OTHER / OPEN WORLD,AWARD_FIRST_EVIDENCE,413,13635.2,39.907990314769975
USASPENDING_V1,USA,MWR OHIO(64000),OTHER / OPEN WORLD,AWARD_FIRST_EVIDENCE,412,31935.905,47.68456310679612
USASPENDING_V1,USA,PWR OLYM MABO(83000),OTHER / OPEN WORLD,AWARD_FIRST_EVIDENCE,410,37227.75,47.966341463414636
USASPENDING_V1,USA,"FWS, IT SERVICES",OTHER / OPEN WORLD,AWARD_FIRST_EVIDENCE,409,40847.15,56.85100244498778
USASPENDING_V1,USA,U.S.EMBASSY LIMA,OTHER / OPEN WORLD,AWARD_FIRST_EVIDENCE,409,16850.0,47.723080684596574
USASPENDING_V1,USA,"USDA-FS, CSA EAST 12",OTHER / OPEN WORLD,AWARD_FIRST_EVIDENCE,407,113115.0,43.91189189189189
USASPENDING_V1,USA,PBS R3 ACQ MGMT DIV SOUTH,OTHER / OPEN WORLD,AWARD_FIRST_EVIDENCE,406,185349.57,46.88768472906404
USASPENDING_V1,USA,FA5236  JUSMAGTHAI RESOURCE MGT,OTHER / OPEN WORLD,AWARD_FIRST_EVIDENCE,406,5756.950000000001,44.66019704433498
USASPENDING_V1,USA,OFFICE OF NAVAL RESEARCH SAN DIEGO,OTHER / OPEN WORLD,AWARD_FIRST_EVIDENCE,405,680982.53,54.88148148148148
USASPENDING_V1,USA,HANFORD FIELD OFFICE,OTHER / OPEN WORLD,AWARD_FIRST_EVIDENCE,405,430598.4,53.79906172839506
USASPENDING_V1,USA,W075 ENDIST ALBUQUERQUE,OTHER / OPEN WORLD,AWARD_FIRST_EVIDENCE,405,183346.0,51.26469135802469
USASPENDING_V1,USA,MSPB FINANCIAL AND ADMIN MANAGEMENT,OTHER / OPEN WORLD,AWARD_FIRST_EVIDENCE,405,2800.0,48.00567901234568
USASPENDING_V1,USA,FDC PHILADELPHIA,OTHER / OPEN WORLD,AWARD_FIRST_EVIDENCE,404,36238.89,47.51594059405941
USASPENDING_V1,USA,DCMA NAVAL SPECIAL EMPHASIS OPS,OTHER / OPEN WORLD,AWARD_FIRST_EVIDENCE,403,228075.0,52.032059553349875
USASPENDING_V1,USA,U.S.EMBASSY GUATEMALA CITY,OTHER / OPEN WORLD,AWARD_FIRST_EVIDENCE,403,18434.9,46.79985111662531
USASPENDING_V1,USA,"PROCUREMENT DIVISION, ISB",OTHER / OPEN WORLD,AWARD_FIRST_EVIDENCE,399,45826.05,50.67478696741855
USASPENDING_V1,USA,FCI TEXARKANA,OTHER / OPEN WORLD,AWARD_FIRST_EVIDENCE,399,30400.0,47.135739348370926
USASPENDING_V1,USA,U.S. EMBASSY DAR ES SALAAM,OTHER / OPEN WORLD,AWARD_FIRST_EVIDENCE,399,17866.14,45.65017543859649
USASPENDING_V1,USA,REGION 4 CONTRACTING OFFICE,OTHER / OPEN WORLD,AWARD_FIRST_EVIDENCE,398,101149.5,55.54206030150754
USASPENDING_V1,USA,DOL - CAS DIVISION 2 PROCUREMENT,OTHER / OPEN WORLD,AWARD_FIRST_EVIDENCE,398,699316.13,54.197738693467336
USASPENDING_V1,USA,U.S. EMBASSY TEGUCIGALPA,OTHER / OPEN WORLD,AWARD_FIRST_EVIDENCE,398,18266.309999999998,47.70437185929648
USASPENDING_V1,USA,FA8227  AFSC OL H PZIM,OTHER / OPEN WORLD,AWARD_FIRST_EVIDENCE,395,76000.0,49.692506329113925
USASPENDING_V1,USA,PBS PROJECT DELIVERY EAST - BRANCH A,OTHER / OPEN WORLD,AWARD_FIRST_EVIDENCE,395,19861.78,40.32491139240506
USASPENDING_V1,USA,FA8651 AFRL RAZ,OTHER / OPEN WORLD,AWARD_FIRST_EVIDENCE,394,1249936.79,58.647969543147205
USASPENDING_V1,USA,COURT SERVICES  OFFENDER SUPV AGCY,OTHER / OPEN WORLD,AWARD_FIRST_EVIDENCE,394,64445.0,52.1938578680203
USASPENDING_V1,USA,PACIFIC NW REGION PN 6615,OTHER / OPEN WORLD,AWARD_FIRST_EVIDENCE,394,98499.0,49.014111675126905
USASPENDING_V1,USA,U.S. EMBASSY SAN JOSE,OTHER / OPEN WORLD,AWARD_FIRST_EVIDENCE,394,18236.055,47.38203045685279
USASPENDING_V1,USA,PBS PROJECT DELIVERY CENTRAL - BRANCH F,OTHER / OPEN WORLD,AWARD_FIRST_EVIDENCE,394,23858.665,40.868071065989845
USASPENDING_V1,USA,CISA CONTRACTING ACTIVITY,OTHER / OPEN WORLD,AWARD_FIRST_EVIDENCE,393,1193945.65,58.74636132315521
USASPENDING_V1,USA,AMERICAN EMBASSY BOGOTA - NAS,OTHER / OPEN WORLD,AWARD_FIRST_EVIDENCE,393,35700.88,48.63664122137405
USASPENDING_V1,USA,NAVOPSPTCEN NORFOLK,OTHER / OPEN WORLD,AWARD_FIRST_EVIDENCE,393,4242.0,46.55267175572519
USASPENDING_V1,USA,"FWS, CONSTRUCTION A/E TEAM 2",OTHER / OPEN WORLD,AWARD_FIRST_EVIDENCE,393,53545.0,45.56936386768448
USASPENDING_V1,USA,U.S. EMBASSY TUNIS,OTHER / OPEN WORLD,AWARD_FIRST_EVIDENCE,392,13432.58,44.01397959183674
USASPENDING_V1,USA,FA8726  AFLCMC HNK C3IN,OTHER / OPEN WORLD,AWARD_FIRST_EVIDENCE,391,746073.03,58.89570332480818
USASPENDING_V1,USA,W2SN ENDIST JAPAN,OTHER / OPEN WORLD,AWARD_FIRST_EVIDENCE,391,375075.74,51.05171355498721
USASPENDING_V1,USA,"USDA-FS, CSA SOUTHWEST 5",OTHER / OPEN WORLD,AWARD_FIRST_EVIDENCE,391,29358.0,47.52705882352941
USASPENDING_V1,USA,U.S. EMBASSY ABIDJAN,OTHER / OPEN WORLD,AWARD_FIRST_EVIDENCE,389,22140.77,48.09372750642674
USASPENDING_V1,USA,0906 AQ CO     DET B CONTRACTI,OTHER / OPEN WORLD,AWARD_FIRST_EVIDENCE,389,39539.88,44.76185089974293
USASPENDING_V1,USA,RRB - ACQUISITION MGMT DIVISION,OTHER / OPEN WORLD,AWARD_FIRST_EVIDENCE,388,36110.0,53.90824742268041
USASPENDING_V1,USA,FA4659  319 CONS PK,OTHER / OPEN WORLD,AWARD_FIRST_EVIDENCE,388,74760.83,50.62061855670103
USASPENDING_V1,USA,WORKFORCE DEVELOPMENT-APDP,OTHER / OPEN WORLD,AWARD_FIRST_EVIDENCE,387,16006.99,49.54950904392765
USASPENDING_V1,USA,FCI OXFORD,OTHER / OPEN WORLD,AWARD_FIRST_EVIDENCE,387,17525.81,46.32118863049096
USASPENDING_V1,USA,U.S. EMBASSY KAMPALA,OTHER / OPEN WORLD,AWARD_FIRST_EVIDENCE,386,20211.665,46.997564766839375
USASPENDING_V1,USA,FA8250  AFSC PZAAA,OTHER / OPEN WORLD,AWARD_FIRST_EVIDENCE,385,60161.2,46.34135064935065
USASPENDING_V1,USA,CEU CLEVELAND(00083),OTHER / OPEN WORLD,AWARD_FIRST_EVIDENCE,384,454084.0,50.572604166666665
USASPENDING_V1,USA,NATIONAL OFFICE - DO/OTA,OTHER / OPEN WORLD,AWARD_FIRST_EVIDENCE,383,282636.38,52.15279373368146
USASPENDING_V1,USA,FPC MORGANTOWN,OTHER / OPEN WORLD,AWARD_FIRST_EVIDENCE,383,11993.42,43.48689295039164
USASPENDING_V1,USA,NATIONAL INSTITUTES OF HEALTH,OTHER / OPEN WORLD,AWARD_FIRST_EVIDENCE,382,17818.03,51.43429319371728
USASPENDING_V1,USA,ARC DIV PROC SVCS - MINT,OTHER / OPEN WORLD,AWARD_FIRST_EVIDENCE,381,22715.0,55.71223097112861
USASPENDING_V1,USA,W6QM MICC-FT JACKSON,OTHER / OPEN WORLD,AWARD_FIRST_EVIDENCE,381,109590.0,48.29186351706037
USASPENDING_V1,USA,AMERICAN EMBASSY TEL AVIV,OTHER / OPEN WORLD,AWARD_FIRST_EVIDENCE,381,14883.0,45.71968503937008
USASPENDING_V1,USA,CALIFORNIA INDIAN HEALTH SERVICE,OTHER / OPEN WORLD,AWARD_FIRST_EVIDENCE,381,40109.21,45.210971128608925
USASPENDING_V1,USA,HQ USASOC CONTRACTING,OTHER / OPEN WORLD,AWARD_FIRST_EVIDENCE,380,54897.455,51.60284210526316
USASPENDING_V1,USA,FCI ENGLEWOOD,OTHER / OPEN WORLD,AWARD_FIRST_EVIDENCE,380,15856.075,45.48273684210526
USASPENDING_V1,USA,AMSAM-SPK,OTHER / OPEN WORLD,AWARD_FIRST_EVIDENCE,379,959550.12,51.619788918205806
USASPENDING_V1,USA,UTAH STATE OFFICE,OTHER / OPEN WORLD,AWARD_FIRST_EVIDENCE,378,59960.0,50.00703703703704
USASPENDING_V1,USA,NTSB ACQ  LEASE MGMT DIVISION,OTHER / OPEN WORLD,AWARD_FIRST_EVIDENCE,377,39902.0,52.93893899204244
USASPENDING_V1,USA,NAVOPSPTCEN WASHINGTON DC,OTHER / OPEN WORLD,AWARD_FIRST_EVIDENCE,376,200000.0,57.353191489361706
USASPENDING_V1,USA,PWR LAME(81000),OTHER / OPEN WORLD,AWARD_FIRST_EVIDENCE,375,53488.85,48.47941333333333
USASPENDING_V1,USA,BASE CLEVELAND(00030),OTHER / OPEN WORLD,AWARD_FIRST_EVIDENCE,375,20271.25,45.72752
USASPENDING_V1,USA,FA8119  AFSC PZABC,OTHER / OPEN WORLD,AWARD_FIRST_EVIDENCE,374,98300.44,44.5579679144385
USASPENDING_V1,USA,FCI MANCHESTER,OTHER / OPEN WORLD,AWARD_FIRST_EVIDENCE,373,24333.0,47.467774798927614
USASPENDING_V1,USA,0413 AQ HQ     CONTRACT AUG,OTHER / OPEN WORLD,AWARD_FIRST_EVIDENCE,372,77200.05,48.55241935483871
USASPENDING_V1,USA,INFORMATION TECHNOLOGY ACQ DIV (ITA,OTHER / OPEN WORLD,AWARD_FIRST_EVIDENCE,371,85425.4,56.1077628032345
USASPENDING_V1,USA,FA8251  AFSC PZABB,OTHER / OPEN WORLD,AWARD_FIRST_EVIDENCE,370,194201.9,46.070702702702704
USASPENDING_V1,USA,"Intermountain Regional Office, Region 4",OTHER / OPEN WORLD,AWARD_FIRST_EVIDENCE,369,29431.1,50.45615176151762
USASPENDING_V1,USA,"Regional Office, R1",OTHER / OPEN WORLD,AWARD_FIRST_EVIDENCE,369,14592.0,48.716422764227644
USASPENDING_V1,USA,DCMA CONTRACT LIFECYCLE MGMT,OTHER / OPEN WORLD,AWARD_FIRST_EVIDENCE,368,2646061.0,53.53663043478261
USASPENDING_V1,USA,"FWS, CONSTRUCTION A/E TEAM 1",OTHER / OPEN WORLD,AWARD_FIRST_EVIDENCE,368,75612.75,47.254510869565216
USASPENDING_V1,USA,"USDA-FS, CSA NORTHWEST 5",OTHER / OPEN WORLD,AWARD_FIRST_EVIDENCE,366,36142.58,48.92956284153006
USASPENDING_V1,USA,USDA FOREST SERVICE-SPOC IM,OTHER / OPEN WORLD,AWARD_FIRST_EVIDENCE,365,80600.0,48.30865753424658
USASPENDING_V1,USA,MITIGATION SECTION(MIT60),OTHER / OPEN WORLD,AWARD_FIRST_EVIDENCE,364,1438813.1,54.652967032967034
USASPENDING_V1,USA,VBA FIELD CONTRACTING (36C10E),OTHER / OPEN WORLD,AWARD_FIRST_EVIDENCE,364,21240.0,47.457967032967034
USASPENDING_V1,USA,U.S. EMBASSY PANAMA CITY,OTHER / OPEN WORLD,AWARD_FIRST_EVIDENCE,364,20144.440000000002,47.29467032967033
USASPENDING_V1,USA,USP ATWATER,OTHER / OPEN WORLD,AWARD_FIRST_EVIDENCE,363,24979.92,45.63151515151515
USASPENDING_V1,USA,BASE ALAMEDA(00031),OTHER / OPEN WORLD,AWARD_FIRST_EVIDENCE,363,18566.92,45.28143250688705
USASPENDING_V1,USA,W40M MRCO EUROPE,OTHER / OPEN WORLD,AWARD_FIRST_EVIDENCE,362,77623.7,49.540939226519335
USASPENDING_V1,USA,DCSO COLUMBUS-DIVISION-1,OTHER / OPEN WORLD,AWARD_FIRST_EVIDENCE,360,67616.83,51.19433333333333
USASPENDING_V1,USA,NIH NIAMS,OTHER / OPEN WORLD,AWARD_FIRST_EVIDENCE,359,24104.5,50.618607242339834
USASPENDING_V1,USA,ACF OFFICE OF GOVERNMENT CONTRACTING SERVICES,OTHER / OPEN WORLD,AWARD_FIRST_EVIDENCE,357,1667742.0,59.055238095238096
USASPENDING_V1,USA,PBS R11 SPECIAL PROGRAMS DIVISION WHITE HOUSE BRANCH,OTHER / OPEN WORLD,AWARD_FIRST_EVIDENCE,357,29916.88,44.936470588235295
USASPENDING_V1,USA,"USDA-FS, CSA EAST 11",OTHER / OPEN WORLD,AWARD_FIRST_EVIDENCE,357,45802.0,42.92
USASPENDING_V1,USA,FSA ACQUISITIONS OFFICE,OTHER / OPEN WORLD,AWARD_FIRST_EVIDENCE,356,877649.79,56.3726404494382
USASPENDING_V1,USA,DCMA SOUTH (DALLAS),OTHER / OPEN WORLD,AWARD_FIRST_EVIDENCE,356,23545.515,49.221460674157306
USASPENDING_V1,USA,U.S. EMBASSY LUSAKA,OTHER / OPEN WORLD,AWARD_FIRST_EVIDENCE,356,29217.97,45.19702247191011
USASPENDING_V1,USA,DLA TROOP SUPPORT,Data entry / clerical processing,AWARD_FIRST_EVIDENCE,355,4329.86,70.72045070422536
USASPENDING_V1,USA,U.S. EMBASSY SEOUL,OTHER / OPEN WORLD,AWARD_FIRST_EVIDENCE,355,17068.58,47.33447887323943
USASPENDING_V1,USA,U.S. EMBASSY HARARE,OTHER / OPEN WORLD,AWARD_FIRST_EVIDENCE,354,20496.125,47.15768361581921
USASPENDING_V1,USA,AMERICAN CONSULATE LAGOS,OTHER / OPEN WORLD,AWARD_FIRST_EVIDENCE,354,20093.02,46.14039548022599
USASPENDING_V1,USA,FA8051  772 ESS PKD,OTHER / OPEN WORLD,AWARD_FIRST_EVIDENCE,353,593802.0,53.27626062322946
USASPENDING_V1,USA,"FWS, CONSTRUCTION A/E TEAM 3",OTHER / OPEN WORLD,AWARD_FIRST_EVIDENCE,353,96942.8,48.3185835694051
USASPENDING_V1,USA,FA7022  AMIC DET 2 OL PATRICK PKA,OTHER / OPEN WORLD,AWARD_FIRST_EVIDENCE,352,421753.625,54.48971590909091
USASPENDING_V1,USA,U.S. ATTORNEYS OFFICE-NY(S) (USA54),OTHER / OPEN WORLD,AWARD_FIRST_EVIDENCE,352,12894.349999999999,50.802102272727275
USASPENDING_V1,USA,CPS OFFICE OF TRANSITION INITIATIVES,OTHER / OPEN WORLD,AWARD_FIRST_EVIDENCE,349,338556.7,52.73363896848137
USASPENDING_V1,USA,NAVAJO REGION,OTHER / OPEN WORLD,AWARD_FIRST_EVIDENCE,349,35076.0,49.57667621776504
USASPENDING_V1,USA,693JJ4 OFFICE OF ACQUISITION MGT,OTHER / OPEN WORLD,AWARD_FIRST_EVIDENCE,348,272412.4,55.702528735632185
USASPENDING_V1,USA,6923G2 DOT  MARITIME ADMINISTRATION,OTHER / OPEN WORLD,AWARD_FIRST_EVIDENCE,348,22792.5,50.03637931034483
USASPENDING_V1,USA,OFFICE OF INVESTIGATIVE TECHNOLOGY,OTHER / OPEN WORLD,AWARD_FIRST_EVIDENCE,348,5238.65,48.605919540229884
USASPENDING_V1,USA,ASPR/DAAPPO/ORM HQ,OTHER / OPEN WORLD,AWARD_FIRST_EVIDENCE,347,136906.89,51.81417867435159
USASPENDING_V1,USA,U.S. EMBASSY KATHMANDU,OTHER / OPEN WORLD,AWARD_FIRST_EVIDENCE,347,17800.0,45.228472622478385
USASPENDING_V1,USA,GSA/FAS/GSS/QSCBA/SPECIAL CONTRACTING BRANCH A AND QSCBB SPECIAL CONTRACTING BRANCH B,Data entry / clerical processing,AWARD_FIRST_EVIDENCE,346,213.8,64.25526011560693
USASPENDING_V1,USA,W7NF USPFO ACTIVITY MI ARNG,OTHER / OPEN WORLD,AWARD_FIRST_EVIDENCE,343,45000.0,51.30198250728863
USASPENDING_V1,USA,W7MW USPFO ACTIVITY AR ARNG,OTHER / OPEN WORLD,AWARD_FIRST_EVIDENCE,343,20000.0,50.927813411078716
USASPENDING_V1,USA,DCMA AIMO ST AUGUSTINE,OTHER / OPEN WORLD,AWARD_FIRST_EVIDENCE,343,931798.14,49.07935860058309
USASPENDING_V1,USA,DCSO RICHMOND DIVISION #1,OTHER / OPEN WORLD,AWARD_FIRST_EVIDENCE,342,87721.765,50.794736842105266
USASPENDING_V1,USA,NATIONAL INSTITUTES OF HEALTH NINDS,OTHER / OPEN WORLD,AWARD_FIRST_EVIDENCE,341,13680.0,50.39847507331378
USASPENDING_V1,USA,"USDA-FS, CSA SOUTHWEST 2",OTHER / OPEN WORLD,AWARD_FIRST_EVIDENCE,341,38856.09,48.32545454545455
USASPENDING_V1,USA,W7N3 USPFO ACTIVITY UT ARNG,OTHER / OPEN WORLD,AWARD_FIRST_EVIDENCE,341,11200.0,47.72475073313783
USASPENDING_V1,USA,FA9453  AFRL RVK,OTHER / OPEN WORLD,AWARD_FIRST_EVIDENCE,340,1249998.2850000001,61.54817647058824
USASPENDING_V1,USA,U.S. EMBASSY MAPUTO,OTHER / OPEN WORLD,AWARD_FIRST_EVIDENCE,340,19132.825,46.31988235294118
USASPENDING_V1,USA,USDA/RD/REGIONAL ACQ DIVISION,OTHER / OPEN WORLD,AWARD_FIRST_EVIDENCE,338,6267.5,48.013254437869826
USASPENDING_V1,USA,BASE ELIZABETH CITY(00081),OTHER / OPEN WORLD,AWARD_FIRST_EVIDENCE,338,10979.0,43.5212426035503
USASPENDING_V1,USA,PBS PROJECT DELIVERY WEST - BRANCH B,OTHER / OPEN WORLD,AWARD_FIRST_EVIDENCE,338,21126.85,41.427455621301775
USASPENDING_V1,USA,PBS R3 PITTSBURGH FIELD OFFICE,OTHER / OPEN WORLD,AWARD_FIRST_EVIDENCE,337,12626.68,39.50373887240356
USASPENDING_V1,USA,OMAS STRATEGIC BUYING CENTER - INFORMATION TECHNOLOGY,OTHER / OPEN WORLD,AWARD_FIRST_EVIDENCE,336,204536.11,60.599583333333335
USASPENDING_V1,USA,DCMA RADARS AND SENSORS (NASHUA),OTHER / OPEN WORLD,AWARD_FIRST_EVIDENCE,336,1839778.0,55.05095238095238
USASPENDING_V1,USA,FCI LA TUNA,OTHER / OPEN WORLD,AWARD_FIRST_EVIDENCE,336,21812.535,46.636785714285715
USASPENDING_V1,USA,SAN FRANCISCO CA DIVISION OFFICE,OTHER / OPEN WORLD,AWARD_FIRST_EVIDENCE,336,2574.135,44.18767857142857
USASPENDING_V1,USA,ACQUISITIONS - AQM MOMENTUM,Hardware / AV resale,AWARD_FIRST_EVIDENCE,335,28579.7,68.78919402985075
USASPENDING_V1,USA,"USDA-FS, CSA INTERMOUNTAIN 5",OTHER / OPEN WORLD,AWARD_FIRST_EVIDENCE,335,11004.0,41.886388059701495
USASPENDING_V1,USA,FA2541  SSC COMRCL SVS OFC SSC CMK,OTHER / OPEN WORLD,AWARD_FIRST_EVIDENCE,334,1578262.635,59.514251497005986
USASPENDING_V1,USA,USDA FOOD AND NUTRITION ADMINISTRATION,OTHER / OPEN WORLD,AWARD_FIRST_EVIDENCE,334,263819.16000000003,55.78688622754491
USASPENDING_V1,USA,U.S. EMBASSY KUWAIT,OTHER / OPEN WORLD,AWARD_FIRST_EVIDENCE,334,14386.595000000001,44.693652694610776
USASPENDING_V1,USA,GSA FAS AAS REGION 9,OTHER / OPEN WORLD,AWARD_FIRST_EVIDENCE,333,1999988.3,57.684984984984986
USASPENDING_V1,USA,OFFICE OF INSPECTOR GENERAL OIG (36C10M),OTHER / OPEN WORLD,AWARD_FIRST_EVIDENCE,333,21322.68,51.06630630630631
USASPENDING_V1,USA,FA5808  332 AEW ECONS CONS,OTHER / OPEN WORLD,AWARD_FIRST_EVIDENCE,333,121267.5,49.00438438438439
USASPENDING_V1,USA,U.S. EMBASSY MADRID,OTHER / OPEN WORLD,AWARD_FIRST_EVIDENCE,333,18287.9,45.93963963963964
USASPENDING_V1,USA,FA5570  501 CSW RCO,OTHER / OPEN WORLD,AWARD_FIRST_EVIDENCE,332,58937.96,49.406746987951806
USASPENDING_V1,USA,PBS R7 NON-PROSPECTUS - EASTERN,OTHER / OPEN WORLD,AWARD_FIRST_EVIDENCE,332,70280.905,47.628493975903616
USASPENDING_V1,USA,U.S. EMBASSY JERUSALEM,OTHER / OPEN WORLD,AWARD_FIRST_EVIDENCE,332,18975.73,46.937168674698796
USASPENDING_V1,USA,FCI PHOENIX,OTHER / OPEN WORLD,AWARD_FIRST_EVIDENCE,331,26404.08,47.211842900302116
USASPENDING_V1,USA,AMERICAN EMBASSY HONG KONG,OTHER / OPEN WORLD,AWARD_FIRST_EVIDENCE,331,15682.46,45.35154078549849
USASPENDING_V1,USA,EM-PORTSMOUTH/PADUCAH PROJECT OFC,OTHER / OPEN WORLD,AWARD_FIRST_EVIDENCE,330,21050.125,54.44830303030303
USASPENDING_V1,USA,W6QM MICC-FT SILL,OTHER / OPEN WORLD,AWARD_FIRST_EVIDENCE,330,50031.4,48.17606060606061
USASPENDING_V1,USA,FDC HOUSTON,OTHER / OPEN WORLD,AWARD_FIRST_EVIDENCE,330,14061.285,45.91224242424242
USASPENDING_V1,USA,WESTERN-SIERRA NEVADA REGION,OTHER / OPEN WORLD,AWARD_FIRST_EVIDENCE,329,72100.93,50.79775075987842
USASPENDING_V1,USA,FA3099  47 CONF CC,OTHER / OPEN WORLD,AWARD_FIRST_EVIDENCE,328,58184.96,50.64689024390244
USASPENDING_V1,USA,FA5703  386 ECONS LGC,OTHER / OPEN WORLD,AWARD_FIRST_EVIDENCE,328,69839.39499999999,47.22780487804878
USASPENDING_V1,USA,INFORMATION TECHNOLOGY DEVELOPMENT AND SUSTAINMENT,OTHER / OPEN WORLD,AWARD_FIRST_EVIDENCE,327,491277.15,57.112415902140675
USASPENDING_V1,USA,PBS PROJECT DELIVERY EAST - BRANCH C,OTHER / OPEN WORLD,AWARD_FIRST_EVIDENCE,327,16735.19,40.87149847094801
USASPENDING_V1,USA,USDA OIG RESOURCE MGMT DIVISION,OTHER / OPEN WORLD,AWARD_FIRST_EVIDENCE,326,54835.335,55.42963190184049
USASPENDING_V1,USA,BASE BOSTON(00024),OTHER / OPEN WORLD,AWARD_FIRST_EVIDENCE,325,11240.0,44.6912
USASPENDING_V1,USA,GSA/FAS OFFICE OF ACQUISITION OPERA,OTHER / OPEN WORLD,AWARD_FIRST_EVIDENCE,325,0.0,37.44596923076923
USASPENDING_V1,USA,US TRADE AND DEVELOPMENT AGENCY,OTHER / OPEN WORLD,AWARD_FIRST_EVIDENCE,324,178669.685,52.614012345679015
USASPENDING_V1,USA,FA8124  AFLCMC LPK,OTHER / OPEN WORLD,AWARD_FIRST_EVIDENCE,324,517218.38,48.24858024691358
USASPENDING_V1,USA,FA8534  AFLCMC WNKAC,OTHER / OPEN WORLD,AWARD_FIRST_EVIDENCE,324,718715.0,46.65845679012346
USASPENDING_V1,USA,FCI MENDOTA,OTHER / OPEN WORLD,AWARD_FIRST_EVIDENCE,324,23430.559999999998,46.24123456790124
USASPENDING_V1,USA,FA8003  771 ENTERPRISE SOURCING SQ,OTHER / OPEN WORLD,AWARD_FIRST_EVIDENCE,322,1000.0,47.61639751552795
USASPENDING_V1,USA,FA8538  AFSC PZAAB,OTHER / OPEN WORLD,AWARD_FIRST_EVIDENCE,322,302781.07999999996,45.911180124223606
USASPENDING_V1,USA,J8 WHCA RESOURCE MANAGEMENT,OTHER / OPEN WORLD,AWARD_FIRST_EVIDENCE,321,50000.0,53.41133956386293
USASPENDING_V1,USA,DEPARTMENTAL OPERATIONS ACQUISITIONS DIVISION I,OTHER / OPEN WORLD,AWARD_FIRST_EVIDENCE,321,150015.0,52.325732087227415
USASPENDING_V1,USA,W7MT USPFO ACTIVITY AL ARNG,OTHER / OPEN WORLD,AWARD_FIRST_EVIDENCE,321,30020.0,51.30118380062305
USASPENDING_V1,USA,WYOMING STATE OFFICE,OTHER / OPEN WORLD,AWARD_FIRST_EVIDENCE,320,31794.0,47.4006875
USASPENDING_V1,USA,693JK3 ACQUISITION SERVICES DIV.,OTHER / OPEN WORLD,AWARD_FIRST_EVIDENCE,319,151600.0,55.91134796238244
USASPENDING_V1,USA,W072 ENDIST CHICAGO,OTHER / OPEN WORLD,AWARD_FIRST_EVIDENCE,319,109129.74,48.72119122257053
USASPENDING_V1,USA,U.S. EMBASSY YAOUNDE,OTHER / OPEN WORLD,AWARD_FIRST_EVIDENCE,318,16567.870000000003,48.727044025157234
USASPENDING_V1,USA,FA2543  460 CONS,OTHER / OPEN WORLD,AWARD_FIRST_EVIDENCE,317,115791.8,51.867003154574135
USASPENDING_V1,USA,U.S. EMBASSY WARSAW,OTHER / OPEN WORLD,AWARD_FIRST_EVIDENCE,317,13245.8,44.54763406940063
USASPENDING_V1,USA,C5I DIVISION 1 ALEXANDRIA,OTHER / OPEN WORLD,AWARD_FIRST_EVIDENCE,316,737908.2949999999,58.767405063291136
USASPENDING_V1,USA,W072 ENDIST DETROIT,OTHER / OPEN WORLD,AWARD_FIRST_EVIDENCE,316,187256.125,48.500822784810126
USASPENDING_V1,USA,DOL - CAS DIVISION 3 PROCUREMENT,OTHER / OPEN WORLD,AWARD_FIRST_EVIDENCE,315,101280.48,51.49466666666667
USASPENDING_V1,USA,0409 AQ HQ     CONTRACT =,OTHER / OPEN WORLD,AWARD_FIRST_EVIDENCE,315,132408.36,51.39022222222222
USASPENDING_V1,USA,PBS R2 REPAIR AND ALTERATIONS BRANCH,OTHER / OPEN WORLD,AWARD_FIRST_EVIDENCE,315,332640.9,49.575047619047616
USASPENDING_V1,USA,W7NX USPFO ACTIVITY PA ARNG,OTHER / OPEN WORLD,AWARD_FIRST_EVIDENCE,314,41776.72,49.921847133757964
USASPENDING_V1,USA,FA8533  AFLCMC ROKB,OTHER / OPEN WORLD,AWARD_FIRST_EVIDENCE,314,145989.15,43.09917197452229
USASPENDING_V1,USA,W6QK CCAD CONTR OFF,OTHER / OPEN WORLD,AWARD_FIRST_EVIDENCE,313,37327.0,51.18421725239617
USASPENDING_V1,USA,"USDA-FS, CSA SOUTHWEST 3",OTHER / OPEN WORLD,AWARD_FIRST_EVIDENCE,312,43010.47,49.63570512820513
USASPENDING_V1,USA,FCI SAFFORD,OTHER / OPEN WORLD,AWARD_FIRST_EVIDENCE,312,18224.425,46.310064102564105
USASPENDING_V1,USA,PBS R3 PHILADELPHIA FIELD OFFICE,OTHER / OPEN WORLD,AWARD_FIRST_EVIDENCE,312,10296.119999999999,39.056858974358974
USASPENDING_V1,USA,OPERATIONAL TEST AND EVALUATION,OTHER / OPEN WORLD,AWARD_FIRST_EVIDENCE,311,225073.0,51.23395498392283
USASPENDING_V1,USA,W7NR USPFO ACTIVITY NY ARNG,OTHER / OPEN WORLD,AWARD_FIRST_EVIDENCE,310,25080.0,50.02412903225807
USASPENDING_V1,USA,IRS BEP IT ACQUISITION,OTHER / OPEN WORLD,AWARD_FIRST_EVIDENCE,309,176221.18,59.910485436893204
USASPENDING_V1,USA,W6QM MICC-FT IRWIN,OTHER / OPEN WORLD,AWARD_FIRST_EVIDENCE,309,47754.6,47.70802588996764
USASPENDING_V1,USA,W7NG USPFO ACTIVITY MN ARNG,OTHER / OPEN WORLD,AWARD_FIRST_EVIDENCE,308,95151.5,50.36051948051948
USASPENDING_V1,USA,W7NK USPFO ACTIVITY MT ARNG,OTHER / OPEN WORLD,AWARD_FIRST_EVIDENCE,308,24047.5,49.82805194805195
USASPENDING_V1,USA,DCMA JAPAN,OTHER / OPEN WORLD,AWARD_FIRST_EVIDENCE,308,6220.26,38.21402597402597
USASPENDING_V1,USA,CG ACADEMY(00039),OTHER / OPEN WORLD,AWARD_FIRST_EVIDENCE,307,23047.08,50.80749185667752
USASPENDING_V1,USA,TRIDENT REFIT FACILITY,OTHER / OPEN WORLD,AWARD_FIRST_EVIDENCE,307,37192.0,49.798241042345275
USASPENDING_V1,USA,PBS R4 AMD BLUE RIDGE WEST BRANCH,OTHER / OPEN WORLD,AWARD_FIRST_EVIDENCE,307,26677.04,41.55504885993486
USASPENDING_V1,USA,DCMA SPACE ENTERPRISE,OTHER / OPEN WORLD,AWARD_FIRST_EVIDENCE,306,1278282.0,55.96718954248366
USASPENDING_V1,USA,FA5422  406 AEW CONS,OTHER / OPEN WORLD,AWARD_FIRST_EVIDENCE,305,116187.0,48.57796721311475
USASPENDING_V1,USA,OFFICE INSPECTOR GENERAL,OTHER / OPEN WORLD,AWARD_FIRST_EVIDENCE,304,101786.695,56.54855263157895
USASPENDING_V1,USA,DLA TROOP SUPPORT,Uniforms / PPE resale,AWARD_FIRST_EVIDENCE,303,105426.4,61.886468646864685
USASPENDING_V1,USA,FA9451  AFRL RDK,OTHER / OPEN WORLD,AWARD_FIRST_EVIDENCE,303,1249989.0,61.78963696369637
USASPENDING_V1,USA,ROCKY MOUNTAIN REGION,OTHER / OPEN WORLD,AWARD_FIRST_EVIDENCE,303,21272.68,51.05029702970297
USASPENDING_V1,USA,USDA FOREST SERVICE-SPOC SW,OTHER / OPEN WORLD,AWARD_FIRST_EVIDENCE,302,122921.0,50.39046357615894
USASPENDING_V1,USA,PBS R6 CONSTRUCTION ACQUISITION BRANCH,OTHER / OPEN WORLD,AWARD_FIRST_EVIDENCE,302,133139.465,48.79523178807947
USASPENDING_V1,USA,USDA FOREST SERVICE,Call centre / helpdesk operations,AWARD_FIRST_EVIDENCE,301,8302.1,60.481328903654486
USASPENDING_V1,USA,U.S.  EMBASSY BERN,OTHER / OPEN WORLD,AWARD_FIRST_EVIDENCE,301,25404.16,49.523189368770765
USASPENDING_V1,USA,NASHVILLE AREA INDIAN HEALTH SVC,OTHER / OPEN WORLD,AWARD_FIRST_EVIDENCE,301,32490.0,49.25594684385382
USASPENDING_V1,USA,U.S EMBASSY THE HAGUE,OTHER / OPEN WORLD,AWARD_FIRST_EVIDENCE,301,20615.13,46.150099667774086
USASPENDING_V1,USA,EL PASO TX DIVISION OFFICE,OTHER / OPEN WORLD,AWARD_FIRST_EVIDENCE,301,3275.0,45.235548172757476
USASPENDING_V1,USA,U.S. EMBASSY FREETOWN,OTHER / OPEN WORLD,AWARD_FIRST_EVIDENCE,301,11891.29,44.906046511627906
USASPENDING_V1,USA,PBS PROJECT DELIVERY CENTRAL - BRANCH D,OTHER / OPEN WORLD,AWARD_FIRST_EVIDENCE,301,17056.6,40.60511627906977
USASPENDING_V1,USA,C5I DIVISION 3 PORTSMOUTH,OTHER / OPEN WORLD,AWARD_FIRST_EVIDENCE,300,911928.96,52.9692
USASPENDING_V1,USA,U.S. EMBASSY ACCRA,OTHER / OPEN WORLD,AWARD_FIRST_EVIDENCE,299,15974.86,45.70408026755853
USASPENDING_V1,USA,FA8052  773 ESS,OTHER / OPEN WORLD,AWARD_FIRST_EVIDENCE,298,396279.195,56.74791946308725
USASPENDING_V1,USA,"USDA-FS, CSA NORTHWEST 7",OTHER / OPEN WORLD,AWARD_FIRST_EVIDENCE,298,66125.5,42.78093959731544
USASPENDING_V1,USA,DOL - ITAS DIVISION A PROCUREMENT,OTHER / OPEN WORLD,AWARD_FIRST_EVIDENCE,296,2800163.8,60.46668918918919
USASPENDING_V1,USA,U.S EMBASSY ABU DHABI,OTHER / OPEN WORLD,AWARD_FIRST_EVIDENCE,296,18487.75,47.69033783783784
USASPENDING_V1,USA,ARC DIV PROC SVCS - FINCEN,OTHER / OPEN WORLD,AWARD_FIRST_EVIDENCE,295,161316.38,56.844610169491524
USASPENDING_V1,USA,FA2330 ARSPC MGNT SYSTMS AFLCMC/HBA,OTHER / OPEN WORLD,AWARD_FIRST_EVIDENCE,295,179994.125,50.10793220338983
USASPENDING_V1,USA,"U.S. DEPT OF JUSTICE, USMS",OTHER / OPEN WORLD,AWARD_FIRST_EVIDENCE,294,465950.45999999996,48.24061224489796
USASPENDING_V1,USA,FDC HONOLULU,OTHER / OPEN WORLD,AWARD_FIRST_EVIDENCE,294,20000.0,45.66829931972789
USASPENDING_V1,USA,PBS R4 AMD BLUE RIDGE EAST BRANCH,OTHER / OPEN WORLD,AWARD_FIRST_EVIDENCE,294,21388.285,41.80707482993197
USASPENDING_V1,USA,INDIAN EDUCATION ACQUISITION OFFICE,Call centre / helpdesk operations,AWARD_FIRST_EVIDENCE,293,28335.85,62.467167235494884
USASPENDING_V1,USA,FPC YANKTON,OTHER / OPEN WORLD,AWARD_FIRST_EVIDENCE,293,15000.0,44.58259385665529
USASPENDING_V1,USA,U.S. EMBASSY NDJAMENA,OTHER / OPEN WORLD,AWARD_FIRST_EVIDENCE,292,31053.805,50.07164383561644
USASPENDING_V1,USA,U.S. ATTORNEYS OFFICE-CA(C) (USA12),OTHER / OPEN WORLD,AWARD_FIRST_EVIDENCE,291,18283.0,51.70481099656357
USASPENDING_V1,USA,NUWC DIV NEWPORT,Call centre / helpdesk operations,AWARD_FIRST_EVIDENCE,290,17108.205,60.78848275862069
USASPENDING_V1,USA,NATIONAL MUSEUM OF NATURAL HISTORY,OTHER / OPEN WORLD,AWARD_FIRST_EVIDENCE,290,40803.25,53.02606896551724
USASPENDING_V1,USA,W7N2 USPFO ACTIVITY TX ARNG,OTHER / OPEN WORLD,AWARD_FIRST_EVIDENCE,290,19046.75,49.11448275862069
USASPENDING_V1,USA,PWR GOGA(86000),OTHER / OPEN WORLD,AWARD_FIRST_EVIDENCE,290,69829.5,49.04034482758621
USASPENDING_V1,USA,ST. LOUIS MO DIVISION OFFICE,OTHER / OPEN WORLD,AWARD_FIRST_EVIDENCE,290,4205.450000000001,47.873586206896555
USASPENDING_V1,USA,U.S. EMBASSY TBILISI,OTHER / OPEN WORLD,AWARD_FIRST_EVIDENCE,290,18089.295,45.93041379310345
USASPENDING_V1,USA,PBS PROJECT DELIVERY WEST - BRANCH C,OTHER / OPEN WORLD,AWARD_FIRST_EVIDENCE,290,23691.295,41.757724137931035
USASPENDING_V1,USA,U.S. EMBASSY CANBERRA,OTHER / OPEN WORLD,AWARD_FIRST_EVIDENCE,289,18830.42,48.02401384083045
USASPENDING_V1,USA,U.S. EMBASSY LILONGWE,OTHER / OPEN WORLD,AWARD_FIRST_EVIDENCE,289,20000.0,46.22740484429066
USASPENDING_V1,USA,NAVAL SUPPLY SYSTEMS COMMAND,OTHER / OPEN WORLD,AWARD_FIRST_EVIDENCE,289,0.0,35.35930795847751
USASPENDING_V1,USA,FA2823  AFTC PZIO,Call centre / helpdesk operations,AWARD_FIRST_EVIDENCE,288,60994.965,64.333125
USASPENDING_V1,USA,W075 ENDIST SAN FRAN,OTHER / OPEN WORLD,AWARD_FIRST_EVIDENCE,288,246419.095,52.054375
USASPENDING_V1,USA,FA3022 14 CONS LGCA,OTHER / OPEN WORLD,AWARD_FIRST_EVIDENCE,288,67850.0,49.23048611111111
USASPENDING_V1,USA,W072 ENDIST BUFFALO,OTHER / OPEN WORLD,AWARD_FIRST_EVIDENCE,287,189243.03,49.482996515679446
USASPENDING_V1,USA,DIVISION OF ACQUISITIONS POLICY HQ,OTHER / OPEN WORLD,AWARD_FIRST_EVIDENCE,286,213346.61,58.12055944055944
USASPENDING_V1,USA,CWMD ACQ DIV,OTHER / OPEN WORLD,AWARD_FIRST_EVIDENCE,286,386384.43,55.93405594405594
USASPENDING_V1,USA,U.S. EMBASSY LUANDA,OTHER / OPEN WORLD,AWARD_FIRST_EVIDENCE,286,16672.5,46.865664335664334
USASPENDING_V1,USA,REGION 8 CONTRACTING OFFICE,OTHER / OPEN WORLD,AWARD_FIRST_EVIDENCE,285,193216.92,53.716070175438595
USASPENDING_V1,USA,DCMA FIXED WING ST LOUIS,OTHER / OPEN WORLD,AWARD_FIRST_EVIDENCE,285,173304.0,52.61922807017544
USASPENDING_V1,USA,DCSO PHILADELPHIA,Call centre / helpdesk operations,AWARD_FIRST_EVIDENCE,284,265092.78,67.69
USASPENDING_V1,USA,DCSO RICHMOND DIVISION #2,OTHER / OPEN WORLD,AWARD_FIRST_EVIDENCE,284,218127.63,55.23225352112676
USASPENDING_V1,USA,REGION 1 CONTRACTING OFFICE,OTHER / OPEN WORLD,AWARD_FIRST_EVIDENCE,284,112216.55,53.694859154929574
USASPENDING_V1,USA,PBS PROJECT DELIVERY WEST - BRANCH E,OTHER / OPEN WORLD,AWARD_FIRST_EVIDENCE,284,19622.34,41.294154929577466
USASPENDING_V1,USA,PBS R7 PROG SUPPORT - CAPITAL AND IDIQ,OTHER / OPEN WORLD,AWARD_FIRST_EVIDENCE,284,2000.0,38.908239436619716
USASPENDING_V1,USA,PBS R3 BALTIMORE/WOODLAWN FIELD OFFICE,OTHER / OPEN WORLD,AWARD_FIRST_EVIDENCE,283,13601.5,40.48572438162544
USASPENDING_V1,USA,NAVAL MEDICAL RESEARCH UNIT SOUTH,OTHER / OPEN WORLD,AWARD_FIRST_EVIDENCE,282,3736.5,46.201631205673756
USASPENDING_V1,USA,AMERICAN EMBASSY ATHENS,OTHER / OPEN WORLD,AWARD_FIRST_EVIDENCE,281,10023.3,44.37060498220641
USASPENDING_V1,USA,FA8136  AFSC PZIOB,OTHER / OPEN WORLD,AWARD_FIRST_EVIDENCE,280,90556.76999999999,57.29785714285714
USASPENDING_V1,USA,NAVAL SAFETY AND ENVIRONMENTAL,OTHER / OPEN WORLD,AWARD_FIRST_EVIDENCE,280,23276.754999999997,51.245714285714286
USASPENDING_V1,USA,W076 ENDIST GALVESTON,OTHER / OPEN WORLD,AWARD_FIRST_EVIDENCE,280,200991.325,46.35207142857143
USASPENDING_V1,USA,"DLA AVIATION AT WARNER ROBINS, GA",OTHER / OPEN WORLD,AWARD_FIRST_EVIDENCE,279,301348.8,50.164802867383514
USASPENDING_V1,USA,ALASKA FIRE SERVICE,OTHER / OPEN WORLD,AWARD_FIRST_EVIDENCE,279,22985.65,48.519498207885306
USASPENDING_V1,USA,U.S. EMBASSY SINGAPORE,OTHER / OPEN WORLD,AWARD_FIRST_EVIDENCE,279,21080.49,47.340931899641575
USASPENDING_V1,USA,U.S. EMBASSY COLOMBO,OTHER / OPEN WORLD,AWARD_FIRST_EVIDENCE,279,15595.2,46.174623655913976
USASPENDING_V1,USA,PBS RETAIL UTILITY PROCUREMENTS,OTHER / OPEN WORLD,AWARD_FIRST_EVIDENCE,277,19703.0,44.796895306859206
USASPENDING_V1,USA,FA7037 AMIC DET 2 JBSA,OTHER / OPEN WORLD,AWARD_FIRST_EVIDENCE,276,396629.81,56.63166666666667
USASPENDING_V1,USA,FA8134  AFLCMC WVV,OTHER / OPEN WORLD,AWARD_FIRST_EVIDENCE,276,1870444.3399999999,48.551086956521736
USASPENDING_V1,USA,U.S. EMBASSY BUDAPEST,OTHER / OPEN WORLD,AWARD_FIRST_EVIDENCE,276,17997.305,46.0831884057971
USASPENDING_V1,USA,NAVY & MARINE CORPS FORCE HEALTH,OTHER / OPEN WORLD,AWARD_FIRST_EVIDENCE,276,12518.4,42.572826086956525
USASPENDING_V1,USA,ACQUISITIONS - AQM MOMENTUM,Survey / market research,AWARD_FIRST_EVIDENCE,275,68000.0,76.17956363636364
USASPENDING_V1,USA,W6QM MICC-CARLISLE BARRACKS,OTHER / OPEN WORLD,AWARD_FIRST_EVIDENCE,275,75300.0,52.97876363636364
USASPENDING_V1,USA,MWR NEKOTA(63000),OTHER / OPEN WORLD,AWARD_FIRST_EVIDENCE,275,29842.2,45.8992
USASPENDING_V1,USA,ARIZONA STATE OFFICE,OTHER / OPEN WORLD,AWARD_FIRST_EVIDENCE,273,42055.0,49.16454212454212
USASPENDING_V1,USA,NAC FACILITY PURCHASING SUPPORT (36S797),OTHER / OPEN WORLD,AWARD_FIRST_EVIDENCE,272,83037.42000000001,51.27007352941177
USASPENDING_V1,USA,DOL - CAS DIVISION 4 PROCUREMENT,OTHER / OPEN WORLD,AWARD_FIRST_EVIDENCE,271,77000.0,51.52472324723247
USASPENDING_V1,USA,DEPT OF COMMERCE NOAA,Hardware / AV resale,AWARD_FIRST_EVIDENCE,270,79993.5,71.3737037037037
USASPENDING_V1,USA,FA8730  KESSEL RUN AFLCMC/HBBK,OTHER / OPEN WORLD,AWARD_FIRST_EVIDENCE,270,1483540.9449999998,56.81103703703704
USASPENDING_V1,USA,FLETC ARTESIA PROCUREMENT OFFICE,OTHER / OPEN WORLD,AWARD_FIRST_EVIDENCE,269,58316.89,49.24706319702602
USASPENDING_V1,USA,DEPARTMENTAL OPERATIONS ACQUISITION DIVISION II,OTHER / OPEN WORLD,AWARD_FIRST_EVIDENCE,268,154940.16999999998,55.37477611940299
USASPENDING_V1,USA,U.S. EMBASSY MANAGUA,OTHER / OPEN WORLD,AWARD_FIRST_EVIDENCE,268,14669.795,44.258731343283586
USASPENDING_V1,USA,INFORMATION TECHNOLOGY CONTRACTING DIVISION,Call centre / helpdesk operations,AWARD_FIRST_EVIDENCE,267,60991.37,63.33280898876404
USASPENDING_V1,USA,U.S. EMBASSY ADDIS ABABA,OTHER / OPEN WORLD,AWARD_FIRST_EVIDENCE,266,16707.295,46.02142857142857
USASPENDING_V1,USA,U.S. EMBASSY NOUAKCHOTT,OTHER / OPEN WORLD,AWARD_FIRST_EVIDENCE,265,20035.15,46.490641509433964
USASPENDING_V1,USA,FA8524  AFSC PZAAA,OTHER / OPEN WORLD,AWARD_FIRST_EVIDENCE,265,70200.0,43.37011320754717
USASPENDING_V1,USA,OFC OF CHIEF INFORMATION OFFICER,OTHER / OPEN WORLD,AWARD_FIRST_EVIDENCE,264,48528.225,58.85257575757576
USASPENDING_V1,USA,FA8523 AFMC/AFLCMC ESYC,OTHER / OPEN WORLD,AWARD_FIRST_EVIDENCE,264,2197497.385,51.563863636363635
USASPENDING_V1,USA,"Southwestern Regional Office, Region 3",OTHER / OPEN WORLD,AWARD_FIRST_EVIDENCE,263,25860.87,49.14980988593156
USASPENDING_V1,USA,U.S. EMBASSY NASSAU,OTHER / OPEN WORLD,AWARD_FIRST_EVIDENCE,263,34166.69,47.032015209125476
USASPENDING_V1,USA,EASTERN OKLAHOMA REGION,OTHER / OPEN WORLD,AWARD_FIRST_EVIDENCE,263,2400.0,46.08250950570342
USASPENDING_V1,USA,U.S. EMBASSY RABAT,OTHER / OPEN WORLD,AWARD_FIRST_EVIDENCE,262,17448.07,47.56549618320611
USASPENDING_V1,USA,AMERICAN EMBASSY GENEVA,OTHER / OPEN WORLD,AWARD_FIRST_EVIDENCE,262,16856.65,46.19564885496183
USASPENDING_V1,USA,FA8527  AFLCMC C3IAK,OTHER / OPEN WORLD,AWARD_FIRST_EVIDENCE,259,1197452.07,58.56069498069498
USASPENDING_V1,USA,W7MY USPFO ACTIVITY CO ARNG,OTHER / OPEN WORLD,AWARD_FIRST_EVIDENCE,259,26229.41,51.58223938223938
USASPENDING_V1,USA,FA8629 AFLCMC WISK SOF/PR,OTHER / OPEN WORLD,AWARD_FIRST_EVIDENCE,258,198792.595,51.214108527131785
USASPENDING_V1,USA,BASE PORTSMOUTH(00027),OTHER / OPEN WORLD,AWARD_FIRST_EVIDENCE,258,17823.555,44.45565891472868
USASPENDING_V1,USA,U.S. EMBASSY MOSCOW,OTHER / OPEN WORLD,AWARD_FIRST_EVIDENCE,257,22000.8,45.22793774319066
USASPENDING_V1,USA,PBS R3 RICHMOND FIELD OFFICE,OTHER / OPEN WORLD,AWARD_FIRST_EVIDENCE,257,14817.47,39.669416342412454
USASPENDING_V1,USA,FA8635 ADV TRNG CPBLTES AFLCMC WNRK,OTHER / OPEN WORLD,AWARD_FIRST_EVIDENCE,256,1000.0,41.8265625
USASPENDING_V1,USA,W7M9 USPFO ACTIVITY KS ARNG,OTHER / OPEN WORLD,AWARD_FIRST_EVIDENCE,255,16080.0,49.21074509803922
USASPENDING_V1,USA,U.S. EMBASSY ANKARA,OTHER / OPEN WORLD,AWARD_FIRST_EVIDENCE,255,13865.0,44.206196078431375
USASPENDING_V1,USA,WORKFORCE & ENTERPRISE OPERATIONS,OTHER / OPEN WORLD,AWARD_FIRST_EVIDENCE,254,143440.0,51.68921259842519
USASPENDING_V1,USA,PWR HONO MABO(82000),OTHER / OPEN WORLD,AWARD_FIRST_EVIDENCE,254,50153.395000000004,48.84763779527559
USASPENDING_V1,USA,U.S. EMBASSY DHAKA,OTHER / OPEN WORLD,AWARD_FIRST_EVIDENCE,254,13156.635,44.88669291338583
USASPENDING_V1,USA,W2R2 COLD RGNS RSCH ENG LAB,OTHER / OPEN WORLD,AWARD_FIRST_EVIDENCE,253,83520.0,52.89873517786561
USASPENDING_V1,USA,"DOI, NPS CONOPS STRATEGIC",OTHER / OPEN WORLD,AWARD_FIRST_EVIDENCE,253,44250.0,49.88110671936759
USASPENDING_V1,USA,U.S. EMBASSY BUENOS AIRES,OTHER / OPEN WORLD,AWARD_FIRST_EVIDENCE,252,16154.64,46.682698412698414
USASPENDING_V1,USA,ACQUISITIONS - AQM MOMENTUM,Call centre / helpdesk operations,AWARD_FIRST_EVIDENCE,251,16496.1,60.68239043824701
USASPENDING_V1,USA,JUSTICE PRISONER AIR TRANSPORTATION SYSTEM,OTHER / OPEN WORLD,AWARD_FIRST_EVIDENCE,251,23535.21,51.80573705179283
USASPENDING_V1,USA,SMITHSONIAN ASTROPHYSICAL OBSERVATORY,OTHER / OPEN WORLD,AWARD_FIRST_EVIDENCE,251,20010.0,50.80525896414343
USASPENDING_V1,USA,W7MV USPFO ACTIVITY AZ ARNG,OTHER / OPEN WORLD,AWARD_FIRST_EVIDENCE,251,17846.0,46.97426294820717
USASPENDING_V1,USA,U.S. EMBASSY HANOI,OTHER / OPEN WORLD,AWARD_FIRST_EVIDENCE,251,16122.93,46.5789641434263
USASPENDING_V1,USA,"USDA-FS, CSA SOUTHWEST 6",OTHER / OPEN WORLD,AWARD_FIRST_EVIDENCE,251,185000.0,45.69075697211155
USASPENDING_V1,USA,W2R2 CONST ENGRG LAB,OTHER / OPEN WORLD,AWARD_FIRST_EVIDENCE,250,135380.06,55.8556
USASPENDING_V1,USA,"USDA-FS, CSA EAST 10",OTHER / OPEN WORLD,AWARD_FIRST_EVIDENCE,250,42937.17,49.81416
USASPENDING_V1,USA,BOSTON MA DIVISION OFFICE,OTHER / OPEN WORLD,AWARD_FIRST_EVIDENCE,250,4853.200000000001,47.90512
USASPENDING_V1,USA,USAID/SOUTH AFRICA,OTHER / OPEN WORLD,AWARD_FIRST_EVIDENCE,248,105010.08499999999,53.736532258064514
USASPENDING_V1,USA,PBS R11 SPECIAL PROGRAMS DIVISION ACQUISITION REGIONAL SUPPORT,OTHER / OPEN WORLD,AWARD_FIRST_EVIDENCE,248,173308.91,49.89637096774194
USASPENDING_V1,USA,ENTERPRISE INFORMATION TECHNOLOGY,OTHER / OPEN WORLD,AWARD_FIRST_EVIDENCE,247,1098589.98,59.91927125506073
USASPENDING_V1,USA,FA8222  AFSC OL H PZIE,OTHER / OPEN WORLD,AWARD_FIRST_EVIDENCE,247,109862.0,57.24032388663968
USASPENDING_V1,USA,"INTERNATIONAL TRADE COMMISSION, UNITED STATES",OTHER / OPEN WORLD,AWARD_FIRST_EVIDENCE,247,41848.0,55.95117408906883
USASPENDING_V1,USA,FA6606  439 CONF PK,OTHER / OPEN WORLD,AWARD_FIRST_EVIDENCE,247,57950.0,50.01765182186235
USASPENDING_V1,USA,OMAS STRATEGIC BUYING CENTER - HHS MISSION,OTHER / OPEN WORLD,AWARD_FIRST_EVIDENCE,246,1004557.99,57.950325203252035
USASPENDING_V1,USA,PBS R1 NATIONAL CONTRACTS TEAM,OTHER / OPEN WORLD,AWARD_FIRST_EVIDENCE,246,25551.0,48.54666666666667
USASPENDING_V1,USA,FPAC BUS CNTR-ACQ DIV-PCARD SEC,OTHER / OPEN WORLD,AWARD_FIRST_EVIDENCE,246,12351.645,43.335447154471545
USASPENDING_V1,USA,U.S. EMBASSY SKOPJE,OTHER / OPEN WORLD,AWARD_FIRST_EVIDENCE,245,8416.63,42.78612244897959
USASPENDING_V1,USA,NATIONAL MUSEUM OF AFRICAN AMERICAN HISTORY AND CULTURE,OTHER / OPEN WORLD,AWARD_FIRST_EVIDENCE,244,33451.5,53.884590163934426
USASPENDING_V1,USA,CEU PROVIDENCE(000G1),OTHER / OPEN WORLD,AWARD_FIRST_EVIDENCE,244,409400.775,50.54565573770492
USASPENDING_V1,USA,ARC DIV PROC SVCS - DO,OTHER / OPEN WORLD,AWARD_FIRST_EVIDENCE,243,153731.83,57.93843621399177
USASPENDING_V1,USA,SAN DIEGO CA DIVISION OFFICE,OTHER / OPEN WORLD,AWARD_FIRST_EVIDENCE,243,4139.49,48.583456790123456
USASPENDING_V1,USA,AHRQ/HEALTHCARE RESEARCH  QUALITY,OTHER / OPEN WORLD,AWARD_FIRST_EVIDENCE,242,520000.0,60.38165289256198
USASPENDING_V1,USA,CORPORATION FOR NTL  COMM SERVICE,OTHER / OPEN WORLD,AWARD_FIRST_EVIDENCE,242,111891.125,56.850578512396694
USASPENDING_V1,USA,ARC DIV PROC SVCS - TIGTA,OTHER / OPEN WORLD,AWARD_FIRST_EVIDENCE,242,45961.625,56.62834710743802
USASPENDING_V1,USA,U.S. EMBASSY DJIBOUTI,OTHER / OPEN WORLD,AWARD_FIRST_EVIDENCE,242,21627.12,48.3996694214876
USASPENDING_V1,USA,U.S. EMBASSY KYIV,OTHER / OPEN WORLD,AWARD_FIRST_EVIDENCE,242,14295.4,46.128181818181815
USASPENDING_V1,USA,SF OPERATIONS AND MAINTINANCE,OTHER / OPEN WORLD,AWARD_FIRST_EVIDENCE,241,25000.0,49.50954356846473
USASPENDING_V1,USA,U.S. EMBASSY MONROVIA,OTHER / OPEN WORLD,AWARD_FIRST_EVIDENCE,241,28309.83,48.24149377593361
USASPENDING_V1,USA,W6QM MICC-YUMA PROV GRD,OTHER / OPEN WORLD,AWARD_FIRST_EVIDENCE,241,71244.35,47.51626556016598
USASPENDING_V1,USA,"USDA-FS, CSA SOUTHWEST 7",OTHER / OPEN WORLD,AWARD_FIRST_EVIDENCE,241,115904.75,46.49419087136929
USASPENDING_V1,USA,W6QM MICC-DUGWAY PROV GRD,OTHER / OPEN WORLD,AWARD_FIRST_EVIDENCE,240,191288.7,49.782333333333334
USASPENDING_V1,USA,DCMA GREAT LAKES,OTHER / OPEN WORLD,AWARD_FIRST_EVIDENCE,240,95248.235,48.94016666666667
USASPENDING_V1,USA,RESEARCHDEVELOPMENT CNTR(00032),OTHER / OPEN WORLD,AWARD_FIRST_EVIDENCE,240,5152.18,48.43325
USASPENDING_V1,USA,CEU OAKLAND(00088),OTHER / OPEN WORLD,AWARD_FIRST_EVIDENCE,239,684273.36,50.63205020920502
USASPENDING_V1,USA,W7N1 USPFO ACTIVITY TN ARNG,OTHER / OPEN WORLD,AWARD_FIRST_EVIDENCE,239,27399.16,48.31589958158996
USASPENDING_V1,USA,U.S. EMBASSY CONAKRY,OTHER / OPEN WORLD,AWARD_FIRST_EVIDENCE,239,17735.41,47.74150627615063
USASPENDING_V1,USA,ATLANTA GA DIVISION OFFICE,OTHER / OPEN WORLD,AWARD_FIRST_EVIDENCE,239,5598.0,47.71774058577406
USASPENDING_V1,USA,DLA AVIATION,Hardware / AV resale,AWARD_FIRST_EVIDENCE,238,11547.5,64.76470588235294
USASPENDING_V1,USA,USDA FOREST SERVICE-SPOC NW,OTHER / OPEN WORLD,AWARD_FIRST_EVIDENCE,238,119857.255,51.27058823529412
USASPENDING_V1,USA,MIAMI FL DIVISION OFFICE,OTHER / OPEN WORLD,AWARD_FIRST_EVIDENCE,238,5919.495,49.12764705882353
USASPENDING_V1,USA,REGION 6 CONTRACTING OFFICE,OTHER / OPEN WORLD,AWARD_FIRST_EVIDENCE,237,300000.0,57.39476793248945
USASPENDING_V1,USA,FA8137  AFSC PZIOC,OTHER / OPEN WORLD,AWARD_FIRST_EVIDENCE,237,744208.09,48.88995780590717
USASPENDING_V1,USA,GSA FAS AAS REGION 7,OTHER / OPEN WORLD,AWARD_FIRST_EVIDENCE,236,6415675.285,57.30338983050847
USASPENDING_V1,USA,REGION 1: EMERGENCY PREPAREDNESS AN,OTHER / OPEN WORLD,AWARD_FIRST_EVIDENCE,236,12058.84,48.40686440677966
USASPENDING_V1,USA,W6QM MICC-FORT BUCHANAN (RC),OTHER / OPEN WORLD,AWARD_FIRST_EVIDENCE,236,18345.0,44.39305084745763
USASPENDING_V1,USA,"GSA/FAS SCIENTFC,TEMP SVCS,ADINT",Hardware / AV resale,AWARD_FIRST_EVIDENCE,235,71.34,58.03131914893617
USASPENDING_V1,USA,NSWC CRANE,Call centre / helpdesk operations,AWARD_FIRST_EVIDENCE,235,1105.5,57.77940425531915
USASPENDING_V1,USA,FA8684 AFLCMC RODK,OTHER / OPEN WORLD,AWARD_FIRST_EVIDENCE,235,1000.0,46.39327659574468
USASPENDING_V1,USA,DENVER FED CENTER,Call centre / helpdesk operations,AWARD_FIRST_EVIDENCE,234,26543.585,60.27957264957265
USASPENDING_V1,USA,FA8108  AFSC PZIE,OTHER / OPEN WORLD,AWARD_FIRST_EVIDENCE,234,4136356.4299999997,47.957692307692305
USASPENDING_V1,USA,"USDA-FS, CSA INTERMOUNTAIN 3",OTHER / OPEN WORLD,AWARD_FIRST_EVIDENCE,234,27388.5,44.74111111111111
USASPENDING_V1,USA,U.S. EMBASSY WINDHOEK,OTHER / OPEN WORLD,AWARD_FIRST_EVIDENCE,234,11877.855,43.41991452991453
USASPENDING_V1,USA,PBS PROJECT DELIVERY WEST - BRANCH D,OTHER / OPEN WORLD,AWARD_FIRST_EVIDENCE,234,20976.725,40.99017094017094
USASPENDING_V1,USA,W7NF USPFO ACTIVITY MIANG 127,OTHER / OPEN WORLD,AWARD_FIRST_EVIDENCE,232,62446.325,49.29586206896552
USASPENDING_V1,USA,U.S.EMBASSY OTTAWA,OTHER / OPEN WORLD,AWARD_FIRST_EVIDENCE,232,16994.870000000003,45.44698275862069
USASPENDING_V1,USA,PBS PROJECT DELIVERY WEST - BRANCH A,OTHER / OPEN WORLD,AWARD_FIRST_EVIDENCE,232,26305.845,41.85241379310345
USASPENDING_V1,USA,FA4417 1 SOCONS,Call centre / helpdesk operations,AWARD_FIRST_EVIDENCE,231,77895.0,65.11662337662338
USASPENDING_V1,USA,COMMANDING OFFICER,Call centre / helpdesk operations,AWARD_FIRST_EVIDENCE,231,70015.84,62.43948051948052
USASPENDING_V1,USA,NATIONAL LABOR RELATIONS BOARD,OTHER / OPEN WORLD,AWARD_FIRST_EVIDENCE,231,90343.0,55.45887445887446
USASPENDING_V1,USA,FPAC BUS CNTR-ACQ DIV-IT_ENTERP SEC,OTHER / OPEN WORLD,AWARD_FIRST_EVIDENCE,231,171443.36,55.180952380952384
USASPENDING_V1,USA,DENVER CO DIVISION OFFICE,OTHER / OPEN WORLD,AWARD_FIRST_EVIDENCE,231,2488.0,47.742077922077925
USASPENDING_V1,USA,W7NT USPFO ACTIVITY ND ARNG,OTHER / OPEN WORLD,AWARD_FIRST_EVIDENCE,230,18209.5,46.8215652173913
USASPENDING_V1,USA,U.S.  EMBASSY BELGRADE,OTHER / OPEN WORLD,AWARD_FIRST_EVIDENCE,230,8859.54,41.449304347826086
USASPENDING_V1,USA,DSCO FEDMALL,OTHER / OPEN WORLD,AWARD_FIRST_EVIDENCE,230,363.035,40.90765217391304
USASPENDING_V1,USA,PBS R10 CONSTRUCTION ACQUISITIONS BRANCH,OTHER / OPEN WORLD,AWARD_FIRST_EVIDENCE,229,117299.0,45.6753711790393
USASPENDING_V1,USA,FA9304  AFTC PZZ,OTHER / OPEN WORLD,AWARD_FIRST_EVIDENCE,228,193226.24,52.276666666666664
USASPENDING_V1,USA,CPO : ATLANTA OPERATIONS BRANCH,OTHER / OPEN WORLD,AWARD_FIRST_EVIDENCE,228,309829.775,47.303333333333335
USASPENDING_V1,USA,GSA/FAS/ITC/POLARIS GWAC,OTHER / OPEN WORLD,AWARD_FIRST_EVIDENCE,228,0.0,42.7
USASPENDING_V1,USA,IT OPERATIONS,Call centre / helpdesk operations,AWARD_FIRST_EVIDENCE,227,820000.0,69.29577092511013
USASPENDING_V1,USA,NAVAL HEALTH RESEARCH CENTER,OTHER / OPEN WORLD,AWARD_FIRST_EVIDENCE,227,25000.0,51.61348017621145
USASPENDING_V1,USA,NEW ORLEANS LA DIVISION OFFICE,OTHER / OPEN WORLD,AWARD_FIRST_EVIDENCE,227,6139.06,49.31057268722467
USASPENDING_V1,USA,FPC MONTGOMERY,OTHER / OPEN WORLD,AWARD_FIRST_EVIDENCE,227,20252.0,46.88502202643172
USASPENDING_V1,USA,FA8517  AFSC PZAAC,OTHER / OPEN WORLD,AWARD_FIRST_EVIDENCE,227,89656.0,46.24149779735683
USASPENDING_V1,USA,PBS PROJECT DELIVERY CENTRAL - BRANCH C,OTHER / OPEN WORLD,AWARD_FIRST_EVIDENCE,227,14625.62,40.455859030837004
USASPENDING_V1,USA,USAID M/CIO,OTHER / OPEN WORLD,AWARD_FIRST_EVIDENCE,226,643407.24,60.10221238938053
USASPENDING_V1,USA,SUP OF SHIPBUILDING CONV AND REPAIR,Office supplies / consumables resale,AWARD_FIRST_EVIDENCE,226,340.47,58.51920353982301
USASPENDING_V1,USA,FA8681  AFLCMC EBD,OTHER / OPEN WORLD,AWARD_FIRST_EVIDENCE,226,138156.0,49.638141592920356
USASPENDING_V1,USA,SF SMITHSONIAN FACILITIES,OTHER / OPEN WORLD,AWARD_FIRST_EVIDENCE,226,26615.125,49.34159292035398
USASPENDING_V1,USA,U.S. EMBASSY QUITO,OTHER / OPEN WORLD,AWARD_FIRST_EVIDENCE,226,27047.9,48.27070796460177
USASPENDING_V1,USA,AMERICAN CONSULATE KARACHI,OTHER / OPEN WORLD,AWARD_FIRST_EVIDENCE,225,14516.13,43.59724444444444
USASPENDING_V1,USA,TECHNOLOGY ACQUISITION CENTER NJ (36C10B),Software licences / SaaS resale,AWARD_FIRST_EVIDENCE,223,461741.87,81.88977578475337
USASPENDING_V1,USA,ACQUISITIONS - AQM ARIBA,Hardware / AV resale,AWARD_FIRST_EVIDENCE,223,2198.0,68.98520179372197
USASPENDING_V1,USA,ASPR/ORM-SNS,OTHER / OPEN WORLD,AWARD_FIRST_EVIDENCE,223,1141690.2,52.714349775784754
USASPENDING_V1,USA,U.S. EMBASSY BAMAKO,OTHER / OPEN WORLD,AWARD_FIRST_EVIDENCE,223,30415.99,47.047174887892375
USASPENDING_V1,USA,FA8122  AFSC PZAAB,OTHER / OPEN WORLD,AWARD_FIRST_EVIDENCE,223,243189.0,46.02735426008969
USASPENDING_V1,USA,DEPT OF COMMERCE NOAA,Call centre / helpdesk operations,AWARD_FIRST_EVIDENCE,222,29711.565,62.87504504504504
USASPENDING_V1,USA,DCSO-COLUMBUS-DIVISION-2,OTHER / OPEN WORLD,AWARD_FIRST_EVIDENCE,222,79131.94,50.13513513513514
USASPENDING_V1,USA,PBS R9 AMD RECURRING SERVICES,OTHER / OPEN WORLD,AWARD_FIRST_EVIDENCE,222,592744.2,47.87108108108108
USASPENDING_V1,USA,FA4814 6 CONS PK,Call centre / helpdesk operations,AWARD_FIRST_EVIDENCE,221,72956.7,62.752126696832576
USASPENDING_V1,USA,NEW MEXICO STATE OFFICE,OTHER / OPEN WORLD,AWARD_FIRST_EVIDENCE,221,40476.0,49.8414479638009
USASPENDING_V1,USA,W7N5 USPFO ACTIVITY VA ARNG,OTHER / OPEN WORLD,AWARD_FIRST_EVIDENCE,221,16660.0,49.0247963800905
USASPENDING_V1,USA,MWR MISSOURI MABO(62000),OTHER / OPEN WORLD,AWARD_FIRST_EVIDENCE,221,20837.5,46.614932126696836
USASPENDING_V1,USA,PBS PROJECT DELIVERY CENTRAL - BRANCH B,OTHER / OPEN WORLD,AWARD_FIRST_EVIDENCE,221,24625.57,42.26280542986425
USASPENDING_V1,USA,NATIONAL INSTITUTES OF HEALTH OLAO,Call centre / helpdesk operations,AWARD_FIRST_EVIDENCE,220,68654.105,65.94045454545454
USASPENDING_V1,USA,REGION 2 CONTRACTING OFFICE,OTHER / OPEN WORLD,AWARD_FIRST_EVIDENCE,220,246064.35,57.907
USASPENDING_V1,USA,ARC DIV PROC SVCS - TTB,OTHER / OPEN WORLD,AWARD_FIRST_EVIDENCE,220,71119.73,56.34409090909091
USASPENDING_V1,USA,CEU MIAMI(00082),OTHER / OPEN WORLD,AWARD_FIRST_EVIDENCE,220,481037.7,48.844545454545454
USASPENDING_V1,USA,W7N8 USPFO ACTIVITY WI ARNG,OTHER / OPEN WORLD,AWARD_FIRST_EVIDENCE,220,24540.05,48.83972727272727
USASPENDING_V1,USA,W7MT USPFO ACTIVITY ALANG 187,OTHER / OPEN WORLD,AWARD_FIRST_EVIDENCE,220,9229.25,48.53063636363636
USASPENDING_V1,USA,FA6703  94TH CONTRACTING FLIGHT PK,OTHER / OPEN WORLD,AWARD_FIRST_EVIDENCE,220,62824.905,48.10481818181818
USASPENDING_V1,USA,W7M6 USPFO ACTIVITY ILANG 182,OTHER / OPEN WORLD,AWARD_FIRST_EVIDENCE,220,5207.795,44.90109090909091
USASPENDING_V1,USA,WESTERN-DESERT SOUTHWEST REGION,OTHER / OPEN WORLD,AWARD_FIRST_EVIDENCE,218,83942.51999999999,49.37522935779816
USASPENDING_V1,USA,W7NK USPFO ACTIVITY MTANG 120,OTHER / OPEN WORLD,AWARD_FIRST_EVIDENCE,218,22827.0,46.885871559633024
USASPENDING_V1,USA,USDA/RD/STRATEGIC ACQUISITION DIV 2,OTHER / OPEN WORLD,AWARD_FIRST_EVIDENCE,218,5500.0,46.14651376146789
USASPENDING_V1,USA,W6QK ACC-RI,Hardware / AV resale,AWARD_FIRST_EVIDENCE,217,0.0,59.00506912442396
USASPENDING_V1,USA,FA2518 USSF SPOC/SAIO,OTHER / OPEN WORLD,AWARD_FIRST_EVIDENCE,216,2883169.245,57.608518518518515
USASPENDING_V1,USA,REGION 10: FEDERAL EMERGENCY MANAGEMENT,OTHER / OPEN WORLD,AWARD_FIRST_EVIDENCE,216,5995.455,48.091574074074074
USASPENDING_V1,USA,DLA LAND AND MARITIME,Office supplies / consumables resale,AWARD_FIRST_EVIDENCE,214,4761.0,61.03336448598131
USASPENDING_V1,USA,MILITARY SEALIFT COMMAND BATS,OTHER / OPEN WORLD,AWARD_FIRST_EVIDENCE,214,29467.5,44.80700934579439
USASPENDING_V1,USA,NAV REG SE RCC JAX,OTHER / OPEN WORLD,AWARD_FIRST_EVIDENCE,214,0.0,39.40140186915888
USASPENDING_V1,USA,FPC DULUTH,OTHER / OPEN WORLD,AWARD_FIRST_EVIDENCE,213,19988.7,45.35774647887324
USASPENDING_V1,USA,GPC COMPONENT PROGRAM MANAGER,Office supplies / consumables resale,AWARD_FIRST_EVIDENCE,211,405.4,58.595924170616115
USASPENDING_V1,USA,U.S. EMBASSY LISBON,OTHER / OPEN WORLD,AWARD_FIRST_EVIDENCE,211,18304.03,44.76872037914692
USASPENDING_V1,USA,U.S. EMBASSY KUALA LUMPUR,OTHER / OPEN WORLD,AWARD_FIRST_EVIDENCE,211,14528.22,44.61649289099526
USASPENDING_V1,USA,NAVSUP FLT LOG CTR NORFOLK,Call centre / helpdesk operations,AWARD_FIRST_EVIDENCE,210,65080.045,63.75295238095238
USASPENDING_V1,USA,ANTITRUST DIVISION,OTHER / OPEN WORLD,AWARD_FIRST_EVIDENCE,210,41872.06,56.22190476190476
USASPENDING_V1,USA,NAVSUP FLT LOG CTR NORFOLK,Office supplies / consumables resale,AWARD_FIRST_EVIDENCE,209,538.25,58.560287081339716
USASPENDING_V1,USA,U.S. EMBASSY BRAZZAVILLE,OTHER / OPEN WORLD,AWARD_FIRST_EVIDENCE,208,25084.585,47.90528846153846
USASPENDING_V1,USA,U.S. EMBASSY OUAGADOUGOU,OTHER / OPEN WORLD,AWARD_FIRST_EVIDENCE,208,17180.15,45.74365384615385
USASPENDING_V1,USA,NATIONAL CEMETERY ADMIN (36C786),Uniforms / PPE resale,AWARD_FIRST_EVIDENCE,207,6131.8,57.88434782608696
USASPENDING_V1,USA,IDAHO OPERATIONS OFFICE,OTHER / OPEN WORLD,AWARD_FIRST_EVIDENCE,207,166442.13,55.09217391304348
USASPENDING_V1,USA,NIWC ATLANTIC,Call centre / helpdesk operations,AWARD_FIRST_EVIDENCE,206,126635.38,64.93368932038835
USASPENDING_V1,USA,CEU JUNEAU(00087),OTHER / OPEN WORLD,AWARD_FIRST_EVIDENCE,206,455024.80500000005,50.40058252427185
USASPENDING_V1,USA,FA8126  AFSC PZIMB,OTHER / OPEN WORLD,AWARD_FIRST_EVIDENCE,206,50630.5,49.54097087378641
USASPENDING_V1,USA,W7NV USPFO ACTIVITY OKANG 138,OTHER / OPEN WORLD,AWARD_FIRST_EVIDENCE,206,3017.0,44.73233009708738
USASPENDING_V1,USA,FA6643  AF RESERVE CMD HQ AFRC PK,OTHER / OPEN WORLD,AWARD_FIRST_EVIDENCE,205,239829.0,58.22175609756098
USASPENDING_V1,USA,DOL - CAS DIVISION 5 PROCUREMENT,OTHER / OPEN WORLD,AWARD_FIRST_EVIDENCE,205,113280.0,54.410536585365854
USASPENDING_V1,USA,NEW YORK NY DIVISION,OTHER / OPEN WORLD,AWARD_FIRST_EVIDENCE,205,15309.31,48.965073170731706
USASPENDING_V1,USA,U.S.  EMBASSY BUJUMBURA,OTHER / OPEN WORLD,AWARD_FIRST_EVIDENCE,205,21094.21,45.92790243902439
USASPENDING_V1,USA,BASE KETCHIKAN(00035),OTHER / OPEN WORLD,AWARD_FIRST_EVIDENCE,205,11232.0,45.60058536585366
USASPENDING_V1,USA,NR READINESS COMMAND SOUTHWEST,OTHER / OPEN WORLD,AWARD_FIRST_EVIDENCE,204,10162.5,43.1128431372549
USASPENDING_V1,USA,W6QK ACC CCDC STTC,OTHER / OPEN WORLD,AWARD_FIRST_EVIDENCE,203,1499946.74,65.0143842364532
USASPENDING_V1,USA,FA2394 USAF AFMC AFRL PZL AFRL RXKM,OTHER / OPEN WORLD,AWARD_FIRST_EVIDENCE,203,1759963.0,63.142660098522164
USASPENDING_V1,USA,U.S. ATTORNEYS OFFICE-FL(S) (USA04),OTHER / OPEN WORLD,AWARD_FIRST_EVIDENCE,203,14583.8,49.37448275862069
USASPENDING_V1,USA,W7MX USPFO ACTIVITY CA ARNG,OTHER / OPEN WORLD,AWARD_FIRST_EVIDENCE,202,49629.78,52.85019801980198
USASPENDING_V1,USA,FEMA,OTHER / OPEN WORLD,AWARD_FIRST_EVIDENCE,202,263644.51,50.135940594059406
USASPENDING_V1,USA,BASE CHARLESTON,OTHER / OPEN WORLD,AWARD_FIRST_EVIDENCE,202,23452.0,46.21217821782178
USASPENDING_V1,USA,PBS R9 AMD CAPITAL PROJECTS,OTHER / OPEN WORLD,AWARD_FIRST_EVIDENCE,202,397123.815,45.40059405940594
USASPENDING_V1,USA,"TTS TECHNOLOGY ACQUISITION DIVISION, INTERNAL ACQUISITION",OTHER / OPEN WORLD,AWARD_FIRST_EVIDENCE,201,639583.84,56.05323383084577
USASPENDING_V1,USA,NATIONAL INSTITUTES OF HEALTH NLM,Call centre / helpdesk operations,AWARD_FIRST_EVIDENCE,200,61469.009999999995,65.162
USASPENDING_V1,USA,ALASKA STATE OFFICE,OTHER / OPEN WORLD,AWARD_FIRST_EVIDENCE,200,45222.0,51.1287
USASPENDING_V1,USA,W7PA USPFO ACTIVITY PR ARNG,OTHER / OPEN WORLD,AWARD_FIRST_EVIDENCE,200,28568.0,50.9014
USASPENDING_V1,USA,U.S.  EMBASSY DUBLIN,OTHER / OPEN WORLD,AWARD_FIRST_EVIDENCE,200,13831.91,45.4266
USASPENDING_V1,USA,GSA FAS AAS REGION 3,OTHER / OPEN WORLD,AWARD_FIRST_EVIDENCE,199,8685882.08,58.388140703517585
USASPENDING_V1,USA,U.S. EMBASSY NIAMEY,OTHER / OPEN WORLD,AWARD_FIRST_EVIDENCE,199,21537.11,49.86361809045226
USASPENDING_V1,USA,FA8206  AFSC PZACA (ICBM),OTHER / OPEN WORLD,AWARD_FIRST_EVIDENCE,199,67539.0,47.12562814070352
USASPENDING_V1,USA,FA2377 USAF AFMC AFRL PZL AFRL RYKS,OTHER / OPEN WORLD,AWARD_FIRST_EVIDENCE,198,1799974.0,60.20292929292929
USASPENDING_V1,USA,6923G5 GREAT LAKES ST LAWRENCE SWY DEV. CORP.,OTHER / OPEN WORLD,AWARD_FIRST_EVIDENCE,198,25000.0,49.5149494949495
USASPENDING_V1,USA,U.S. EMBASSY KIGALI,OTHER / OPEN WORLD,AWARD_FIRST_EVIDENCE,198,23417.239999999998,47.3940404040404
USASPENDING_V1,USA,W7M3 USPFO ACTIVITY GA ARNG,OTHER / OPEN WORLD,AWARD_FIRST_EVIDENCE,197,64590.0,52.758680203045685
USASPENDING_V1,USA,SPECIAL OPERATIONS,Call centre / helpdesk operations,AWARD_FIRST_EVIDENCE,196,164877.02000000002,68.84877551020408
USASPENDING_V1,USA,DLA LAND AND MARITIME,Hardware / AV resale,AWARD_FIRST_EVIDENCE,196,4928.35,61.03387755102041
USASPENDING_V1,USA,FA8540  AFLCMC ESKB,OTHER / OPEN WORLD,AWARD_FIRST_EVIDENCE,196,543235.5,49.073469387755104
USASPENDING_V1,USA,W6QK SIAD CONTR OFF,OTHER / OPEN WORLD,AWARD_FIRST_EVIDENCE,196,48226.125,48.066326530612244
USASPENDING_V1,USA,FA8522  AFSC PZABB,OTHER / OPEN WORLD,AWARD_FIRST_EVIDENCE,196,521706.2,47.86714285714286
USASPENDING_V1,USA,"COMMANDER, NAVY REGION NORTHWEST",OTHER / OPEN WORLD,AWARD_FIRST_EVIDENCE,196,12693.48,40.55336734693878
USASPENDING_V1,USA,DCMA KOREA,OTHER / OPEN WORLD,AWARD_FIRST_EVIDENCE,196,8795.974999999999,38.85591836734694
USASPENDING_V1,USA,DEFENSE HUMAN RESOURCES ACTIVITY,Call centre / helpdesk operations,AWARD_FIRST_EVIDENCE,195,9191.96,60.988512820512824
USASPENDING_V1,USA,CISA  ACQ DIV,OTHER / OPEN WORLD,AWARD_FIRST_EVIDENCE,195,1533024.08,57.085846153846155
USASPENDING_V1,USA,TAX DIVISION,OTHER / OPEN WORLD,AWARD_FIRST_EVIDENCE,195,56160.0,55.12102564102564
USASPENDING_V1,USA,NATIONAL INSTITUTES OF HEALTH NCATS,OTHER / OPEN WORLD,AWARD_FIRST_EVIDENCE,195,13149.15,50.46523076923077
USASPENDING_V1,USA,PBS R9 AMD FIELD PROJECTS,OTHER / OPEN WORLD,AWARD_FIRST_EVIDENCE,194,413527.37,47.880927835051544
USASPENDING_V1,USA,PBS R11 CONSTRUCTION SERVICES DIVSION CENTER 1,OTHER / OPEN WORLD,AWARD_FIRST_EVIDENCE,194,232883.975,47.142164948453605
USASPENDING_V1,USA,AMERICAN EMBASSY BRIDGETOWN,OTHER / OPEN WORLD,AWARD_FIRST_EVIDENCE,194,14880.279999999999,45.5580412371134
USASPENDING_V1,USA,W7N7 USPFO ACTIVITY WV ARNG,OTHER / OPEN WORLD,AWARD_FIRST_EVIDENCE,193,25800.0,49.181761658031085
USASPENDING_V1,USA,FA6648  482 LSS LGC,OTHER / OPEN WORLD,AWARD_FIRST_EVIDENCE,193,47536.0,49.038860103626945
USASPENDING_V1,USA,PRIVATIZATION - CO,OTHER / OPEN WORLD,AWARD_FIRST_EVIDENCE,192,181791.155,57.7259375
USASPENDING_V1,USA,SECURITY TECHNOLOGY,OTHER / OPEN WORLD,AWARD_FIRST_EVIDENCE,192,2432407.935,52.287708333333335
USASPENDING_V1,USA,FA2487  AFTC PZZD (EGLIN),OTHER / OPEN WORLD,AWARD_FIRST_EVIDENCE,192,159604.5,49.3721875
USASPENDING_V1,USA,CPO : CHICAGO OPERATIONS BRANCH,OTHER / OPEN WORLD,AWARD_FIRST_EVIDENCE,192,24505.0,49.042291666666664
USASPENDING_V1,USA,FA5706 380 ECONS CONS,OTHER / OPEN WORLD,AWARD_FIRST_EVIDENCE,192,83814.92,46.58833333333333
USASPENDING_V1,USA,U.S. EMBASSY ASUNCION,OTHER / OPEN WORLD,AWARD_FIRST_EVIDENCE,192,11347.05,42.28791666666667
USASPENDING_V1,USA,U.S. EMBASSY BAKU,OTHER / OPEN WORLD,AWARD_FIRST_EVIDENCE,192,0.0,40.5265625
USASPENDING_V1,USA,CYBER PROCUREMENT OFFICE,OTHER / OPEN WORLD,AWARD_FIRST_EVIDENCE,191,342865.6,59.13287958115183
USASPENDING_V1,USA,U.S. EMBASSY SANTIAGO,OTHER / OPEN WORLD,AWARD_FIRST_EVIDENCE,191,20512.54,48.43664921465969
USASPENDING_V1,USA,FA2486  AFTC PZZC (EGLIN),OTHER / OPEN WORLD,AWARD_FIRST_EVIDENCE,189,420000.0,52.64402116402116
USASPENDING_V1,USA,W7M2 USPFO ACTIVITY FL ARNG,OTHER / OPEN WORLD,AWARD_FIRST_EVIDENCE,189,35460.0,50.07068783068783
USASPENDING_V1,USA,U.S. EMBASSY DUSHANBE,OTHER / OPEN WORLD,AWARD_FIRST_EVIDENCE,189,13850.0,45.496931216931216
USASPENDING_V1,USA,U.S. EMBASSY PHNOM PENH,OTHER / OPEN WORLD,AWARD_FIRST_EVIDENCE,189,20251.0,44.008148148148145
USASPENDING_V1,USA,W7N0 USPFO ACTIVITY SDANG 114,OTHER / OPEN WORLD,AWARD_FIRST_EVIDENCE,188,69795.0,52.3331914893617
USASPENDING_V1,USA,U.S. EMBASSY KINGSTON,OTHER / OPEN WORLD,AWARD_FIRST_EVIDENCE,188,20451.18,48.382659574468086
USASPENDING_V1,USA,U.S. EMBASSY ANTANANARIVO,OTHER / OPEN WORLD,AWARD_FIRST_EVIDENCE,188,17107.46,47.57574468085107
USASPENDING_V1,USA,NSWC INDIAN HEAD DIVISION,Office supplies / consumables resale,AWARD_FIRST_EVIDENCE,187,167.64,58.46994652406417
USASPENDING_V1,USA,SOCAFRICA  CONTRACTING OFFICE,OTHER / OPEN WORLD,AWARD_FIRST_EVIDENCE,187,104100.0,52.13229946524064
USASPENDING_V1,USA,W7MX USPFO ACTIVITY CAANG 195,OTHER / OPEN WORLD,AWARD_FIRST_EVIDENCE,187,5400.0,43.82770053475936
USASPENDING_V1,USA,DCMA MID-ATLANTIC (BALTIMORE),OTHER / OPEN WORLD,AWARD_FIRST_EVIDENCE,186,999999.495,56.37440860215054
USASPENDING_V1,USA,DEPT OF LABOR-OASAM-OFC  PROC SVCS,OTHER / OPEN WORLD,AWARD_FIRST_EVIDENCE,186,688062.535,55.365591397849464
USASPENDING_V1,USA,DEFENSE COMMISSARY AGENCY,Office supplies / consumables resale,AWARD_FIRST_EVIDENCE,185,265.8,57.07145945945946
USASPENDING_V1,USA,FA8139  AFSC PZIMB  SOFTWARE,OTHER / OPEN WORLD,AWARD_FIRST_EVIDENCE,185,74935.0,55.52118918918919
USASPENDING_V1,USA,NATIONAL INTITUTES OF HEALTH NIDCD,OTHER / OPEN WORLD,AWARD_FIRST_EVIDENCE,185,19400.87,51.173405405405404
USASPENDING_V1,USA,AMER EMBASSY NAIROBI - USAID/KENYA,OTHER / OPEN WORLD,AWARD_FIRST_EVIDENCE,185,61963.73,51.043243243243246
USASPENDING_V1,USA,FA8612  AFLCMC C3BM C3,OTHER / OPEN WORLD,AWARD_FIRST_EVIDENCE,185,0.0,42.307135135135134
USASPENDING_V1,USA,FLEET READINESS CENTER SOUTHEAST,OTHER / OPEN WORLD,AWARD_FIRST_EVIDENCE,185,37.5,35.90378378378379
USASPENDING_V1,USA,NAVOPSPTCEN FT DIX,OTHER / OPEN WORLD,AWARD_FIRST_EVIDENCE,184,250000.0,57.42434782608696
USASPENDING_V1,USA,W7M8 USPFO ACTIVITY IA ARNG,OTHER / OPEN WORLD,AWARD_FIRST_EVIDENCE,184,31048.25,52.64402173913044
USASPENDING_V1,USA,AMERICAN CONSULATE DUBAI,OTHER / OPEN WORLD,AWARD_FIRST_EVIDENCE,184,22713.785,48.7
USASPENDING_V1,USA,US MINT WEST POINT,OTHER / OPEN WORLD,AWARD_FIRST_EVIDENCE,184,14015.39,47.108260869565214
USASPENDING_V1,USA,FA8539  AFSC PZABA,OTHER / OPEN WORLD,AWARD_FIRST_EVIDENCE,184,232374.72999999998,46.77347826086957
USASPENDING_V1,USA,AMERICAN CONSULATE CHENNAI,OTHER / OPEN WORLD,AWARD_FIRST_EVIDENCE,184,0.0,39.84923913043478
USASPENDING_V1,USA,FA9300  AFTC PZR,OTHER / OPEN WORLD,AWARD_FIRST_EVIDENCE,183,899965.0,61.51300546448088
USASPENDING_V1,USA,FA8609 AFLCMC WLCK KC46,OTHER / OPEN WORLD,AWARD_FIRST_EVIDENCE,183,427678.98,48.79967213114754
USASPENDING_V1,USA,PBS R4 AMD SPECIAL PROJECTS BRANCH,OTHER / OPEN WORLD,AWARD_FIRST_EVIDENCE,183,64000.0,48.094098360655735
USASPENDING_V1,USA,U.S. EMBASSY PRISTINA,OTHER / OPEN WORLD,AWARD_FIRST_EVIDENCE,183,10151.11,43.842622950819674
USASPENDING_V1,USA,PBS CENTRALIZED ACQUISITION SERVICES - CUSTOMER CONTRACTING BRANCH B,OTHER / OPEN WORLD,AWARD_FIRST_EVIDENCE,182,21302.21,44.01065934065934
USASPENDING_V1,USA,FA8770 AFLCMC GBK,OTHER / OPEN WORLD,AWARD_FIRST_EVIDENCE,181,2799181.38,60.454585635359116
USASPENDING_V1,USA,FA8621 AFLCMC WNSK SIMS,OTHER / OPEN WORLD,AWARD_FIRST_EVIDENCE,181,3310520.03,54.95900552486188
USASPENDING_V1,USA,CPO : CPO; ACFO; SFCOD; ATLANTA OPE,OTHER / OPEN WORLD,AWARD_FIRST_EVIDENCE,181,564807.11,46.889502762430936
USASPENDING_V1,USA,FCI RAY BROOK,OTHER / OPEN WORLD,AWARD_FIRST_EVIDENCE,181,23444.72,43.96419889502762
USASPENDING_V1,USA,GSA/FAS/PSHC/PROF SRVCS SCHED-PSS,Survey / market research,AWARD_FIRST_EVIDENCE,180,0.0,59.093
USASPENDING_V1,USA,SOUTHWESTERN POWER ADMINISTRATION,OTHER / OPEN WORLD,AWARD_FIRST_EVIDENCE,180,50474.295,52.925222222222224
USASPENDING_V1,USA,FA8203 AFSC PZAAB,OTHER / OPEN WORLD,AWARD_FIRST_EVIDENCE,180,469756.635,51.81444444444445
USASPENDING_V1,USA,PBS R00 SPECIAL PROGRAMS DIVISION,OTHER / OPEN WORLD,AWARD_FIRST_EVIDENCE,180,353419.46499999997,50.702777777777776
USASPENDING_V1,USA,W7NH USPFO ACTIVITY MSANG 186,OTHER / OPEN WORLD,AWARD_FIRST_EVIDENCE,180,9620.0,47.92988888888889
USASPENDING_V1,USA,U.S. EMBASSY PORT MORESBY,OTHER / OPEN WORLD,AWARD_FIRST_EVIDENCE,180,18617.09,47.13155555555556
USASPENDING_V1,USA,U.S. EMBASSY SARAJEVO,OTHER / OPEN WORLD,AWARD_FIRST_EVIDENCE,180,17769.620000000003,46.76011111111111
USASPENDING_V1,USA,CONSULATE GENERAL SAO PAULO,OTHER / OPEN WORLD,AWARD_FIRST_EVIDENCE,180,17582.52,46.734
USASPENDING_V1,USA,DEPT OF COMMERCE SSPO,Hardware / AV resale,AWARD_FIRST_EVIDENCE,179,58635.05,74.12782122905028
USASPENDING_V1,USA,FA6675 301 CONF PK,OTHER / OPEN WORLD,AWARD_FIRST_EVIDENCE,179,28700.0,49.51441340782123
USASPENDING_V1,USA,DCSO-P NEW CUMBERLAND,Office supplies / consumables resale,AWARD_FIRST_EVIDENCE,178,8857.5,68.79022471910112
USASPENDING_V1,USA,FA5575  496 ABS PK,OTHER / OPEN WORLD,AWARD_FIRST_EVIDENCE,178,102031.79000000001,48.75112359550562
USASPENDING_V1,USA,FA8734  AFLCMC GBK,OTHER / OPEN WORLD,AWARD_FIRST_EVIDENCE,177,22924.32,53.60870056497175
USASPENDING_V1,USA,W7M4 USPFO ACTIVITY HIANG 154,OTHER / OPEN WORLD,AWARD_FIRST_EVIDENCE,177,19375.42,48.51887005649718
USASPENDING_V1,USA,PBS R7 NON-PROSPECTUS - BORDER,OTHER / OPEN WORLD,AWARD_FIRST_EVIDENCE,177,72313.28,47.711412429378534
USASPENDING_V1,USA,PBS R11 CONSTRUCTION SERVICES DIVSION CENTER 4,OTHER / OPEN WORLD,AWARD_FIRST_EVIDENCE,175,476069.0,49.65314285714286
USASPENDING_V1,USA,DCMA EUROPE,OTHER / OPEN WORLD,AWARD_FIRST_EVIDENCE,175,192300.0,49.612
USASPENDING_V1,USA,US MINT SAN FRANCISCO,OTHER / OPEN WORLD,AWARD_FIRST_EVIDENCE,175,28814.27,49.434514285714286
USASPENDING_V1,USA,W7M6 USPFO ACTIVITY ILANG 183,OTHER / OPEN WORLD,AWARD_FIRST_EVIDENCE,175,6450.12,44.60628571428571
USASPENDING_V1,USA,DCMA AIMO OKLAHOMA CITY,OTHER / OPEN WORLD,AWARD_FIRST_EVIDENCE,174,2567599.5549999997,51.38896551724138
USASPENDING_V1,USA,STRATEGIC WEAPONS FAC LANT FINANCIA,OTHER / OPEN WORLD,AWARD_FIRST_EVIDENCE,174,18639.5,48.43827586206896
USASPENDING_V1,USA,W7M8 USPFO ACTIVITY IAANG 185,OTHER / OPEN WORLD,AWARD_FIRST_EVIDENCE,174,5530.0,47.43494252873563
USASPENDING_V1,USA,W7M4 USPFO ACTIVITY HI ARNG,OTHER / OPEN WORLD,AWARD_FIRST_EVIDENCE,174,10370.64,47.3648275862069
USASPENDING_V1,USA,EXEC OFC FOR IMMIGRATION REVIEW,OTHER / OPEN WORLD,AWARD_FIRST_EVIDENCE,173,128820.0,56.76092485549133
USASPENDING_V1,USA,U.S. ATTORNEYS OFFICE-CA(S) (USA98),OTHER / OPEN WORLD,AWARD_FIRST_EVIDENCE,173,3584.02,46.430982658959536
USASPENDING_V1,USA,W7N4 USPFO ACTIVITY VT ARNG,OTHER / OPEN WORLD,AWARD_FIRST_EVIDENCE,172,22511.965,50.369418604651166
USASPENDING_V1,USA,FCI DUBLIN,OTHER / OPEN WORLD,AWARD_FIRST_EVIDENCE,172,16608.055,45.312209302325584
USASPENDING_V1,USA,FDCC(00047),OTHER / OPEN WORLD,AWARD_FIRST_EVIDENCE,172,280133.645,43.95418604651163
USASPENDING_V1,USA,SUPPLY OFFICER,OTHER / OPEN WORLD,AWARD_FIRST_EVIDENCE,171,125289.99,54.35988304093567
USASPENDING_V1,USA,"GSA/FAS/GSS/QSCA, MULTIPLE AWARD SCHEDULE CONTRACTING DIVISION",Office supplies / consumables resale,AWARD_FIRST_EVIDENCE,171,0.0,49.974736842105266
USASPENDING_V1,USA,W7N1 USPFO ACTIVITY TNANG 118,OTHER / OPEN WORLD,AWARD_FIRST_EVIDENCE,171,18033.12,49.13485380116959
USASPENDING_V1,USA,U.S. EMBASSY LA PAZ,OTHER / OPEN WORLD,AWARD_FIRST_EVIDENCE,171,12391.61,44.288654970760234
USASPENDING_V1,USA,ARC DIV PROC SVCS - AFRH,OTHER / OPEN WORLD,AWARD_FIRST_EVIDENCE,170,174163.84,52.63294117647059
USASPENDING_V1,USA,W7N6 USPFO ACTIVITY WA ARNG,OTHER / OPEN WORLD,AWARD_FIRST_EVIDENCE,170,29317.0,50.20235294117647
USASPENDING_V1,USA,REGION 5 : EMERGENCY PREPAREDNESS A,OTHER / OPEN WORLD,AWARD_FIRST_EVIDENCE,170,6265.775,47.22082352941177
USASPENDING_V1,USA,W7NX USPFO ACTIVITY PAANG 193,OTHER / OPEN WORLD,AWARD_FIRST_EVIDENCE,169,22928.58,50.31325443786982
USASPENDING_V1,USA,FA5025  356 ECEG PK,OTHER / OPEN WORLD,AWARD_FIRST_EVIDENCE,169,51435.0,48.107455621301774
USASPENDING_V1,USA,"PHOENIX, AZ DIVISION OFFICE",OTHER / OPEN WORLD,AWARD_FIRST_EVIDENCE,169,3971.95,47.482485207100595
USASPENDING_V1,USA,NATIONAL INSTITUTES OF HEALTH NICHD,Call centre / helpdesk operations,AWARD_FIRST_EVIDENCE,168,45173.42,62.81190476190476
USASPENDING_V1,USA,GSA FAS AAS REGION 11,OTHER / OPEN WORLD,AWARD_FIRST_EVIDENCE,168,5326598.404999999,58.03809523809524
USASPENDING_V1,USA,SUP OF SHIPBUILDING GROTON,OTHER / OPEN WORLD,AWARD_FIRST_EVIDENCE,168,19638.695,47.94428571428571
USASPENDING_V1,USA,NAVOPSPTCEN EARLE,OTHER / OPEN WORLD,AWARD_FIRST_EVIDENCE,168,790.75,43.41916666666667
USASPENDING_V1,USA,PBS R3 DELAWARE VALLEY FIELD OFFICE,OTHER / OPEN WORLD,AWARD_FIRST_EVIDENCE,168,17464.095,41.15845238095238
USASPENDING_V1,USA,ACQUISITIONS -  AQM SILMS,Office supplies / consumables resale,AWARD_FIRST_EVIDENCE,167,2597.05,61.3037125748503
USASPENDING_V1,USA,DIRECTOR OF CONTRACTING,OTHER / OPEN WORLD,AWARD_FIRST_EVIDENCE,167,62139.34,53.46694610778443
USASPENDING_V1,USA,U.S. EMBASSY SUVA,OTHER / OPEN WORLD,AWARD_FIRST_EVIDENCE,167,15054.74,48.89053892215569
USASPENDING_V1,USA,FA6656  910 AW LGC  YNGSTN WRN ARPT,OTHER / OPEN WORLD,AWARD_FIRST_EVIDENCE,167,21509.86,46.36634730538922
USASPENDING_V1,USA,GSA/FAS ADMIN SVCS ACQUISITION BR(2,Hardware / AV resale,AWARD_FIRST_EVIDENCE,166,102.2,52.802530120481926
USASPENDING_V1,USA,"USDA-FS, CSA EAST 8",OTHER / OPEN WORLD,AWARD_FIRST_EVIDENCE,166,30132.735,49.28072289156626
USASPENDING_V1,USA,OMAHA DIVISION OFFICE,OTHER / OPEN WORLD,AWARD_FIRST_EVIDENCE,166,4526.0,47.97831325301205
USASPENDING_V1,USA,PBS R7 - NON-PROSPECTUS - NORTHERN,OTHER / OPEN WORLD,AWARD_FIRST_EVIDENCE,166,71741.475,47.05457831325301
USASPENDING_V1,USA,FA4885  HQ USMTM LGC,OTHER / OPEN WORLD,AWARD_FIRST_EVIDENCE,166,39136.8,46.78409638554217
USASPENDING_V1,USA,OVERSIGHT AND ASSISTANCE TEAM (FAO),OTHER / OPEN WORLD,AWARD_FIRST_EVIDENCE,166,24997.5,45.183734939759034
USASPENDING_V1,USA,W7N9 USPFO ACTIVITY WY ARNG,OTHER / OPEN WORLD,AWARD_FIRST_EVIDENCE,166,6166.59,44.259518072289154
USASPENDING_V1,USA,248-NETWORK CONTRACT OFFICE 8 (36C248),Hardware / AV resale,AWARD_FIRST_EVIDENCE,165,47705.4,66.51660606060607
USASPENDING_V1,USA,DLA  LAND AND MARITIME (ALBANY),OTHER / OPEN WORLD,AWARD_FIRST_EVIDENCE,165,62651.26,52.12339393939394
USASPENDING_V1,USA,CDR US PACIFIC COMMAND USPACOM,OTHER / OPEN WORLD,AWARD_FIRST_EVIDENCE,164,56804.270000000004,53.594756097560975
USASPENDING_V1,USA,DCMA FIXED WING FT WORTH,OTHER / OPEN WORLD,AWARD_FIRST_EVIDENCE,164,550088.08,51.578658536585365
USASPENDING_V1,USA,ALBUQERQUE ACQUISITION OFFICE,OTHER / OPEN WORLD,AWARD_FIRST_EVIDENCE,164,19941.295,49.442926829268295
USASPENDING_V1,USA,FA4486  765 ABS CONF,OTHER / OPEN WORLD,AWARD_FIRST_EVIDENCE,164,93950.83,48.66951219512195
USASPENDING_V1,USA,W7NT USPFO ACTIVITY NDANG 119,OTHER / OPEN WORLD,AWARD_FIRST_EVIDENCE,164,15985.17,47.900365853658535
USASPENDING_V1,USA,W7NR USPFO ACTIVITY NYANG 105,OTHER / OPEN WORLD,AWARD_FIRST_EVIDENCE,164,8779.0,47.11390243902439
USASPENDING_V1,USA,U.S. EMBASSY ZAGREB,OTHER / OPEN WORLD,AWARD_FIRST_EVIDENCE,164,10731.095,42.879634146341466
USASPENDING_V1,USA,AMERICAN CONSULATE LAHORE,OTHER / OPEN WORLD,AWARD_FIRST_EVIDENCE,164,0.0,39.455975609756095
USASPENDING_V1,USA,FA3016  502 CONS CL,Call centre / helpdesk operations,AWARD_FIRST_EVIDENCE,163,61064.4,64.80907975460123
USASPENDING_V1,USA,DISA PL8,OTHER / OPEN WORLD,AWARD_FIRST_EVIDENCE,163,772040.69,59.953742331288346
USASPENDING_V1,USA,DCMA VERTICAL LIFT STRATFORD,OTHER / OPEN WORLD,AWARD_FIRST_EVIDENCE,163,385798.0,52.556319018404906
USASPENDING_V1,USA,W7N3 USPFO ACTIVITY UTANG 151,OTHER / OPEN WORLD,AWARD_FIRST_EVIDENCE,163,869.06,46.97226993865031
USASPENDING_V1,USA,DALLAS TX DIVISION OFFICE,OTHER / OPEN WORLD,AWARD_FIRST_EVIDENCE,163,4454.01,46.81889570552147
USASPENDING_V1,USA,NEW ORLEANS CONTRACT OPS  MGMT BRA,OTHER / OPEN WORLD,AWARD_FIRST_EVIDENCE,163,27064.16,46.723680981595095
USASPENDING_V1,USA,FA6800 AFICC 767 ESF,OTHER / OPEN WORLD,AWARD_FIRST_EVIDENCE,162,780561.875,55.85382716049383
USASPENDING_V1,USA,0408 AQ HQ     KUWAIT,OTHER / OPEN WORLD,AWARD_FIRST_EVIDENCE,162,152263.58000000002,52.336172839506176
USASPENDING_V1,USA,USAID/SOUTH SUDAN,OTHER / OPEN WORLD,AWARD_FIRST_EVIDENCE,162,42375.04,49.13617283950617
USASPENDING_V1,USA,W7MV USPFO ACTIVITY AZANG 162,OTHER / OPEN WORLD,AWARD_FIRST_EVIDENCE,162,20203.25,48.58259259259259
USASPENDING_V1,USA,ARC DIV PROC SVCS - IAF,OTHER / OPEN WORLD,AWARD_FIRST_EVIDENCE,161,71390.0,53.01316770186335
USASPENDING_V1,USA,"US DOJ, USMS OFC SECURITY CONTRACTS",OTHER / OPEN WORLD,AWARD_FIRST_EVIDENCE,161,1493621.08,50.50074534161491
USASPENDING_V1,USA,FA8811 ASSRD ACSS TO SPC SSC/AAK-LA,OTHER / OPEN WORLD,AWARD_FIRST_EVIDENCE,161,77430233.5,49.03527950310559
USASPENDING_V1,USA,W7NJ USPFO ACTIVITY MO ARNG,OTHER / OPEN WORLD,AWARD_FIRST_EVIDENCE,161,23641.0,48.956397515527954
USASPENDING_V1,USA,PBS R3 ACQ MGMT DIV  NORTH,OTHER / OPEN WORLD,AWARD_FIRST_EVIDENCE,161,251806.65,47.662236024844724
USASPENDING_V1,USA,DETROIT MI DIVISION,OTHER / OPEN WORLD,AWARD_FIRST_EVIDENCE,161,2769.28,46.715403726708075
USASPENDING_V1,USA,GSA/FAS/PSHC/HCATS,OTHER / OPEN WORLD,AWARD_FIRST_EVIDENCE,161,0.0,41.77204968944099
USASPENDING_V1,USA,PBS R6 SMALL PROJECTS ACQUISITION ST. LOUIS EAST,OTHER / OPEN WORLD,AWARD_FIRST_EVIDENCE,161,21527.77,41.0688198757764
USASPENDING_V1,USA,NAVSUP WEAPON SYSTEMS SUPPORT MECH,Call centre / helpdesk operations,AWARD_FIRST_EVIDENCE,160,22836.3,61.74675
USASPENDING_V1,USA,NATIONAL INSTITUTES OF HEALTH NIDCR,OTHER / OPEN WORLD,AWARD_FIRST_EVIDENCE,160,24999.5,50.912375
USASPENDING_V1,USA,FA8526  AFLCMC WLMKA,OTHER / OPEN WORLD,AWARD_FIRST_EVIDENCE,160,486891.75,50.862625
USASPENDING_V1,USA,AVIATION DIVISION,OTHER / OPEN WORLD,AWARD_FIRST_EVIDENCE,160,7476.08,49.92475
USASPENDING_V1,USA,NASA STENNIS SPACE CENTER,OTHER / OPEN WORLD,AWARD_FIRST_EVIDENCE,160,564475.75,48.42375
USASPENDING_V1,USA,CARIBBEAN DIVISION OFFICE,OTHER / OPEN WORLD,AWARD_FIRST_EVIDENCE,160,4114.25,45.435625
USASPENDING_V1,USA,U.S. EMBASSY YEREVAN,OTHER / OPEN WORLD,AWARD_FIRST_EVIDENCE,160,11134.310000000001,44.841
USASPENDING_V1,USA,U.S. EMBASSY PORT OF SPAIN,OTHER / OPEN WORLD,AWARD_FIRST_EVIDENCE,160,0.0,42.190875
USASPENDING_V1,USA,W7M5 USPFO ACTIVITY ID ARNG,OTHER / OPEN WORLD,AWARD_FIRST_EVIDENCE,159,40000.0,52.699622641509436
USASPENDING_V1,USA,FLETC PROCUREMENT CHELTENHAM OFFICE,OTHER / OPEN WORLD,AWARD_FIRST_EVIDENCE,159,10483.56,48.98616352201258
USASPENDING_V1,USA,U.S. EMBASSY TIRANA,OTHER / OPEN WORLD,AWARD_FIRST_EVIDENCE,159,24058.61,47.50201257861635
USASPENDING_V1,USA,PBS R4 AMD STRATEGIC PROGRAM SUPPORT,OTHER / OPEN WORLD,AWARD_FIRST_EVIDENCE,159,2000.0,35.68138364779874
USASPENDING_V1,USA,"PHILADELPHIA, PA DIVISION OFFICE",OTHER / OPEN WORLD,AWARD_FIRST_EVIDENCE,158,4272.85,50.42569620253165
USASPENDING_V1,USA,U.S. EMBASSY COPENHAGEN,OTHER / OPEN WORLD,AWARD_FIRST_EVIDENCE,158,14517.735,46.520379746835445
USASPENDING_V1,USA,FA8576  AFLCMC ESKC,OTHER / OPEN WORLD,AWARD_FIRST_EVIDENCE,158,81519.0,44.38139240506329
USASPENDING_V1,USA,W6QK ACC-APG,Hardware / AV resale,AWARD_FIRST_EVIDENCE,157,110573.0,70.41133757961784
USASPENDING_V1,USA,262-NETWORK CONTRACT OFFICE 22 (36C262),Hardware / AV resale,AWARD_FIRST_EVIDENCE,157,87679.9,69.66178343949045
USASPENDING_V1,USA,NAVAL SURFACE WARFARE CENTER,Call centre / helpdesk operations,AWARD_FIRST_EVIDENCE,157,6089.9,58.77312101910828
USASPENDING_V1,USA,SUBSTANCE ABUSE MENTAL HEALTH SVC,OTHER / OPEN WORLD,AWARD_FIRST_EVIDENCE,157,3703477.0,57.43133757961783
USASPENDING_V1,USA,W7NG USPFO ACTIVITY MNANG 148,OTHER / OPEN WORLD,AWARD_FIRST_EVIDENCE,157,15410.66,47.10496815286624
USASPENDING_V1,USA,FA8509  AFLCMC WIUKA,OTHER / OPEN WORLD,AWARD_FIRST_EVIDENCE,156,2403815.965,51.7125641025641
USASPENDING_V1,USA,U.S. EMBASSY COTONOU,OTHER / OPEN WORLD,AWARD_FIRST_EVIDENCE,156,15951.119999999999,49.258974358974356
USASPENDING_V1,USA,OFFICE OF FINANCE AND OPERATIONS,OTHER / OPEN WORLD,AWARD_FIRST_EVIDENCE,156,6692.5,47.357948717948716
USASPENDING_V1,USA,NAVAL AIR WARFARE CENTER AIR DIV,Call centre / helpdesk operations,AWARD_FIRST_EVIDENCE,155,76729.8,62.95870967741936
USASPENDING_V1,USA,W6QK AATD CONTR OFF,OTHER / OPEN WORLD,AWARD_FIRST_EVIDENCE,155,804672.05,58.573032258064515
USASPENDING_V1,USA,EXECUTIVE OFFICE FOR U.S. TRUSTEES,OTHER / OPEN WORLD,AWARD_FIRST_EVIDENCE,155,69510.0,55.70683870967742
USASPENDING_V1,USA,FA8579  SOFTWARE SPRT AFSC PZIM,OTHER / OPEN WORLD,AWARD_FIRST_EVIDENCE,155,61023.5,55.088903225806455
USASPENDING_V1,USA,W7N0 USPFO ACTIVITY SD ARNG,OTHER / OPEN WORLD,AWARD_FIRST_EVIDENCE,155,25624.6,49.641290322580645
USASPENDING_V1,USA,REGOIN 3: EMERGENCY PREPAREDNESS AN,OTHER / OPEN WORLD,AWARD_FIRST_EVIDENCE,155,5998.0,47.14529032258064
USASPENDING_V1,USA,IBC ACQ SVCS DIRECTORATE (00004),Hardware / AV resale,AWARD_FIRST_EVIDENCE,154,49997.065,69.76987012987013
USASPENDING_V1,USA,GSA/FAS/PSHC/PROF SRVCS SCHED-PSS,Translation,AWARD_FIRST_EVIDENCE,154,0.0,64.49948051948051
USASPENDING_V1,USA,"CREDENTIALING, SCREENING & INTELLIGENCE ANALYSIS",OTHER / OPEN WORLD,AWARD_FIRST_EVIDENCE,154,195108.28999999998,53.75233766233766
USASPENDING_V1,USA,U.S. ATTORNEYS OFFICE-TX(W) (USA80),OTHER / OPEN WORLD,AWARD_FIRST_EVIDENCE,154,26225.4,50.50441558441558
USASPENDING_V1,USA,PBS R11 CONSTRUCTION SERVICES DIVSION CTR 2,OTHER / OPEN WORLD,AWARD_FIRST_EVIDENCE,154,639339.78,48.46493506493506
USASPENDING_V1,USA,AMERICAN CONSULATE TIJUANA,OTHER / OPEN WORLD,AWARD_FIRST_EVIDENCE,154,14177.17,46.50402597402597
USASPENDING_V1,USA,U.S. EMBASSY GABORONE,OTHER / OPEN WORLD,AWARD_FIRST_EVIDENCE,154,15067.79,46.153636363636366
USASPENDING_V1,USA,U.S. EMBASSY BUCHAREST,OTHER / OPEN WORLD,AWARD_FIRST_EVIDENCE,154,12441.42,42.77025974025974
USASPENDING_V1,USA,PBS R3 ACQ MGMT DIV CONTRACT SUPPORT,OTHER / OPEN WORLD,AWARD_FIRST_EVIDENCE,154,5030.8,40.713896103896104
USASPENDING_V1,USA,FA8102  AFLCMC WI,OTHER / OPEN WORLD,AWARD_FIRST_EVIDENCE,153,642121.0,51.174771241830065
USASPENDING_V1,USA,SPECIAL MISSION TRAINING CENTER (SM,OTHER / OPEN WORLD,AWARD_FIRST_EVIDENCE,153,55050.0,50.83856209150327
USASPENDING_V1,USA,W7NV USPFO ACTIVITY OKANG 137,OTHER / OPEN WORLD,AWARD_FIRST_EVIDENCE,153,10000.0,47.89633986928104
USASPENDING_V1,USA,U.S. ATTORNEYS OFFICE-IL(N) (USA24),OTHER / OPEN WORLD,AWARD_FIRST_EVIDENCE,152,17980.0,50.50973684210526
USASPENDING_V1,USA,W7N8 USPFO ACTIVITY WIANG CRTC,OTHER / OPEN WORLD,AWARD_FIRST_EVIDENCE,152,30550.440000000002,48.43631578947368
USASPENDING_V1,USA,FA6712  911 AW LGC,OTHER / OPEN WORLD,AWARD_FIRST_EVIDENCE,152,25682.5,45.9525
USASPENDING_V1,USA,COMMANDER,Call centre / helpdesk operations,AWARD_FIRST_EVIDENCE,151,90412.88,61.94158940397351
USASPENDING_V1,USA,NAC LAUNDRY AND PACS,OTHER / OPEN WORLD,AWARD_FIRST_EVIDENCE,151,390234.46,54.80158940397351
USASPENDING_V1,USA,PBS R11 CONSTRUCTION SERVICES DIVSION CENTER 3,OTHER / OPEN WORLD,AWARD_FIRST_EVIDENCE,151,389141.35,49.90529801324503
USASPENDING_V1,USA,FCI ESTILL,OTHER / OPEN WORLD,AWARD_FIRST_EVIDENCE,151,8104.25,46.47112582781457
USASPENDING_V1,USA,GPC COMPONENT PROGRAM MANAGER,Call centre / helpdesk operations,AWARD_FIRST_EVIDENCE,150,18655.485,61.68813333333333
USASPENDING_V1,USA,DLA AVIATION,Office supplies / consumables resale,AWARD_FIRST_EVIDENCE,150,150.72,54.44533333333333
USASPENDING_V1,USA,FA8228  AFSC OL H PZIM,OTHER / OPEN WORLD,AWARD_FIRST_EVIDENCE,150,117548.775,53.2556
USASPENDING_V1,USA,U.S.EMBASSY BELMOPAN,OTHER / OPEN WORLD,AWARD_FIRST_EVIDENCE,150,19437.125,47.71586666666666
USASPENDING_V1,USA,PBS R7 NON-PROSPECTUS - GREATER WEST,OTHER / OPEN WORLD,AWARD_FIRST_EVIDENCE,150,52451.605,47.578133333333334
USASPENDING_V1,USA,U.S.  EMBASSY HAVANA,OTHER / OPEN WORLD,AWARD_FIRST_EVIDENCE,149,19766.59,49.05194630872483
USASPENDING_V1,USA,U.S. ATTORNEYS OFFICE-TX(S) (USA79),OTHER / OPEN WORLD,AWARD_FIRST_EVIDENCE,149,12300.0,48.353959731543625
USASPENDING_V1,USA,258-NETWORK CNTRCT OFF 22G (36C258),OTHER / OPEN WORLD,AWARD_FIRST_EVIDENCE,148,229112.94,51.83608108108108
USASPENDING_V1,USA,AMERICAN CONSULATE RIO DE JANEIRO,OTHER / OPEN WORLD,AWARD_FIRST_EVIDENCE,148,18548.754999999997,46.942702702702704
USASPENDING_V1,USA,DEFENSE CONTRACT MANAGMENT OFFICE,OTHER / OPEN WORLD,AWARD_FIRST_EVIDENCE,147,104226.21,55.63210884353742
USASPENDING_V1,USA,NUWC DIV NEWPORT,Office supplies / consumables resale,AWARD_FIRST_EVIDENCE,147,627.42,54.39333333333333
USASPENDING_V1,USA,DLA  ENERGY,OTHER / OPEN WORLD,AWARD_FIRST_EVIDENCE,147,104517431.13,54.15170068027211
USASPENDING_V1,USA,NAVAL POSTGRADUATE SCHOOL,OTHER / OPEN WORLD,AWARD_FIRST_EVIDENCE,147,28452.14,53.87510204081633
USASPENDING_V1,USA,U.S. EMBASSY MUSCAT,OTHER / OPEN WORLD,AWARD_FIRST_EVIDENCE,147,24545.45,49.56040816326531
USASPENDING_V1,USA,PBS R6 SMALL PROJECTS ACQUISITION NEBRASKA,OTHER / OPEN WORLD,AWARD_FIRST_EVIDENCE,147,20319.56,41.89551020408163
USASPENDING_V1,USA,FA2280  AFRL/RGKA,OTHER / OPEN WORLD,AWARD_FIRST_EVIDENCE,146,574004.5,59.32164383561644
USASPENDING_V1,USA,W6RN USA GEOSPATIAL CTR,OTHER / OPEN WORLD,AWARD_FIRST_EVIDENCE,146,752443.875,58.271369863013696
USASPENDING_V1,USA,DCMA VERTICAL LIFT OWEGO,OTHER / OPEN WORLD,AWARD_FIRST_EVIDENCE,146,403636.3,54.12082191780822
USASPENDING_V1,USA,REGION 7: EMERGENCY PREPAREDNESS AN,OTHER / OPEN WORLD,AWARD_FIRST_EVIDENCE,146,8778.07,47.76945205479452
USASPENDING_V1,USA,SOUTHEAST LABORATORY,OTHER / OPEN WORLD,AWARD_FIRST_EVIDENCE,146,4772.625,47.22931506849315
USASPENDING_V1,USA,AMERICAN CONSULATE JEDDAH,OTHER / OPEN WORLD,AWARD_FIRST_EVIDENCE,146,19962.465,44.736712328767126
USASPENDING_V1,USA,AMERICAN CONSULATE ISTANBUL,OTHER / OPEN WORLD,AWARD_FIRST_EVIDENCE,146,16115.92,44.5727397260274
USASPENDING_V1,USA,PRETRIAL SERVICES,OTHER / OPEN WORLD,AWARD_FIRST_EVIDENCE,145,54314.31,52.04551724137931
USASPENDING_V1,USA,U.S. EMBASSY LOME,OTHER / OPEN WORLD,AWARD_FIRST_EVIDENCE,145,14232.65,44.3511724137931
USASPENDING_V1,USA,697DCK REGIONAL ACQUISITIONS SVCS,Hardware / AV resale,AWARD_FIRST_EVIDENCE,144,79331.82,75.64472222222223
USASPENDING_V1,USA,260-NETWORK CONTRACT OFFICE 20 (36C260),Courier / mail fulfilment,AWARD_FIRST_EVIDENCE,143,66430.12,59.86783216783217
USASPENDING_V1,USA,DCMA AIMO GREENVILLE,OTHER / OPEN WORLD,AWARD_FIRST_EVIDENCE,143,2209667.75,49.10125874125874
USASPENDING_V1,USA,NEW JERSEY DIVISION OFFICE,OTHER / OPEN WORLD,AWARD_FIRST_EVIDENCE,143,5838.0,47.34923076923077
USASPENDING_V1,USA,IBC ACQ SVCS DIRECTORATE (00004),Software licences / SaaS resale,AWARD_FIRST_EVIDENCE,142,146562.53999999998,78.88507042253521
USASPENDING_V1,USA,W6QK ACC-RSA,Hardware / AV resale,AWARD_FIRST_EVIDENCE,142,68575.26000000001,74.48450704225353
USASPENDING_V1,USA,CPO : FHA HOUSING SUPPORT DIVISION,OTHER / OPEN WORLD,AWARD_FIRST_EVIDENCE,142,728252.95,57.32971830985915
USASPENDING_V1,USA,ARC DIV PROC SVCS - CNCS,OTHER / OPEN WORLD,AWARD_FIRST_EVIDENCE,142,90924.22,54.51338028169014
USASPENDING_V1,USA,FMCS,OTHER / OPEN WORLD,AWARD_FIRST_EVIDENCE,142,28357.48,54.1625352112676
USASPENDING_V1,USA,FA8823  SUSTAINMENT MCPNT SSC/PKL,OTHER / OPEN WORLD,AWARD_FIRST_EVIDENCE,142,2281824.0,54.00661971830986
USASPENDING_V1,USA,FA8819 SDA AND COMBAT POWER SZK-LA,OTHER / OPEN WORLD,AWARD_FIRST_EVIDENCE,142,584573.13,51.04225352112676
USASPENDING_V1,USA,"FWS, HURRICANE & RECOVERY",OTHER / OPEN WORLD,AWARD_FIRST_EVIDENCE,142,166988.31,49.25535211267606
USASPENDING_V1,USA,U.S. EMBASSY BANGUI,OTHER / OPEN WORLD,AWARD_FIRST_EVIDENCE,142,16625.21,48.66042253521127
USASPENDING_V1,USA,TECHNOLOGY ACQUISITION CENTER NJ (36C10B),Call centre / helpdesk operations,AWARD_FIRST_EVIDENCE,141,821765.26,69.06326241134752
USASPENDING_V1,USA,CIVIL DIVISION,Call centre / helpdesk operations,AWARD_FIRST_EVIDENCE,141,7904.0,58.00609929078014
USASPENDING_V1,USA,FEDERAL ELECTION COMMISSION,OTHER / OPEN WORLD,AWARD_FIRST_EVIDENCE,141,82671.29,56.8445390070922
USASPENDING_V1,USA,DLA TROOP SUPPORT,Software licences / SaaS resale,AWARD_FIRST_EVIDENCE,140,54317.905,70.10985714285714
USASPENDING_V1,USA,NAVY RECRUITING COMMAND,OTHER / OPEN WORLD,AWARD_FIRST_EVIDENCE,140,180731.565,53.12585714285714
USASPENDING_V1,USA,CPO : CPO; ACFO; WFCOD; REAL ESTATE,OTHER / OPEN WORLD,AWARD_FIRST_EVIDENCE,140,324000.0,50.78628571428571
USASPENDING_V1,USA,NORTHWEST REGION,OTHER / OPEN WORLD,AWARD_FIRST_EVIDENCE,140,33884.1,50.524
USASPENDING_V1,USA,U.S. EMBASSY PODGORICA,OTHER / OPEN WORLD,AWARD_FIRST_EVIDENCE,140,14733.355,46.92285714285714
USASPENDING_V1,USA,U.S. EMBASSY PRAGUE,OTHER / OPEN WORLD,AWARD_FIRST_EVIDENCE,140,17508.235,46.165142857142854
USASPENDING_V1,USA,U.S. EMBASSY NICOSIA,OTHER / OPEN WORLD,AWARD_FIRST_EVIDENCE,140,15819.74,43.091142857142856
USASPENDING_V1,USA,DLA AVIATION,Data entry / clerical processing,AWARD_FIRST_EVIDENCE,139,6917.5,71.60906474820143
USASPENDING_V1,USA,FA8136  AFSC PZIOB,Call centre / helpdesk operations,AWARD_FIRST_EVIDENCE,139,60771.0,66.031654676259
USASPENDING_V1,USA,USAID/WEST AFRICA REGIONAL,OTHER / OPEN WORLD,AWARD_FIRST_EVIDENCE,139,205818.37,54.37640287769784
USASPENDING_V1,USA,USAID/UGANDA,OTHER / OPEN WORLD,AWARD_FIRST_EVIDENCE,139,99962.81,53.10748201438849
USASPENDING_V1,USA,FA8207  AFNWC PZBC,OTHER / OPEN WORLD,AWARD_FIRST_EVIDENCE,139,348895.0,50.30834532374101
USASPENDING_V1,USA,FA5641  764 ESS PK,OTHER / OPEN WORLD,AWARD_FIRST_EVIDENCE,138,1356778.51,53.443333333333335
USASPENDING_V1,USA,W7M8 USPFO ACTIVITY IAANG 132,OTHER / OPEN WORLD,AWARD_FIRST_EVIDENCE,138,20443.33,51.43913043478261
USASPENDING_V1,USA,FA8504  AFLCMC WLNKA,OTHER / OPEN WORLD,AWARD_FIRST_EVIDENCE,138,1038019.0549999999,48.11072463768116
USASPENDING_V1,USA,W7NL USPFO ACTIVITY NEANG 155,OTHER / OPEN WORLD,AWARD_FIRST_EVIDENCE,138,9148.75,44.14463768115942
USASPENDING_V1,USA,U.S. EMBASSY PRAIA,OTHER / OPEN WORLD,AWARD_FIRST_EVIDENCE,138,0.0,38.92478260869565
USASPENDING_V1,USA,SUP OF SHIPBUILDING GROTON,Office supplies / consumables resale,AWARD_FIRST_EVIDENCE,137,458.79,58.45941605839416
USASPENDING_V1,USA,USDA/RD/STRATEGIC ACQUISITION DIV,OTHER / OPEN WORLD,AWARD_FIRST_EVIDENCE,137,236571.42,53.68817518248175
USASPENDING_V1,USA,W7NZ USPFO ACTIVITY SC ARNG,OTHER / OPEN WORLD,AWARD_FIRST_EVIDENCE,137,28675.75,52.85138686131387
USASPENDING_V1,USA,W7N9 USPFO ACTIVITY WYANG 153,OTHER / OPEN WORLD,AWARD_FIRST_EVIDENCE,137,12000.0,47.37021897810219
USASPENDING_V1,USA,"LAB - ANN ARBOR, MI - CO OFFICE",OTHER / OPEN WORLD,AWARD_FIRST_EVIDENCE,136,44959.97,52.309705882352944
USASPENDING_V1,USA,W7NR USPFO ACTIVITY NYANG 174,OTHER / OPEN WORLD,AWARD_FIRST_EVIDENCE,136,37790.0,49.03367647058823
USASPENDING_V1,USA,ARC DIV PROC SVCS - CFPB,OTHER / OPEN WORLD,AWARD_FIRST_EVIDENCE,135,105960.0,57.25614814814815
USASPENDING_V1,USA,USAID/JORDAN,OTHER / OPEN WORLD,AWARD_FIRST_EVIDENCE,134,75000.0,50.11686567164179
USASPENDING_V1,USA,NIWC PACIFIC,Call centre / helpdesk operations,AWARD_FIRST_EVIDENCE,133,100377.98,63.770526315789475
USASPENDING_V1,USA,NAVAIR WARFARE CTR AIRCRAFT DIV,Call centre / helpdesk operations,AWARD_FIRST_EVIDENCE,133,452084.78,63.522706766917295
USASPENDING_V1,USA,MWR MIDWEST REGION(60000),Call centre / helpdesk operations,AWARD_FIRST_EVIDENCE,133,16606.04,61.830375939849624
USASPENDING_V1,USA,IT ACQUISITION CENTER OF EXCELLENCE (ACE),OTHER / OPEN WORLD,AWARD_FIRST_EVIDENCE,133,285124.4,55.73714285714286
USASPENDING_V1,USA,FA8556 AFLCMC EBUK,OTHER / OPEN WORLD,AWARD_FIRST_EVIDENCE,133,780663.0,52.14466165413534
USASPENDING_V1,USA,FA8553  AFLCMC WLNKB,OTHER / OPEN WORLD,AWARD_FIRST_EVIDENCE,133,575640.0,50.39744360902256
USASPENDING_V1,USA,FLEET ACTIVITIES OKINAWA,OTHER / OPEN WORLD,AWARD_FIRST_EVIDENCE,133,4684.28,41.54736842105263
USASPENDING_V1,USA,COMMANDING OFFICER,Office supplies / consumables resale,AWARD_FIRST_EVIDENCE,132,346.065,57.96333333333333
USASPENDING_V1,USA,USAID/NIGERIA,OTHER / OPEN WORLD,AWARD_FIRST_EVIDENCE,132,62167.92,52.52045454545455
USASPENDING_V1,USA,AMERICAN CONSULATE MUMBAI,OTHER / OPEN WORLD,AWARD_FIRST_EVIDENCE,132,18123.97,46.393787878787876
USASPENDING_V1,USA,BASE NATIONAL CAPITAL REGION(000G8),OTHER / OPEN WORLD,AWARD_FIRST_EVIDENCE,132,20243.15,44.278333333333336
USASPENDING_V1,USA,FA9302  AFTC PZZ,Call centre / helpdesk operations,AWARD_FIRST_EVIDENCE,131,61135.8,65.01862595419847
USASPENDING_V1,USA,MRPBS MINNEAPOLIS MN,Call centre / helpdesk operations,AWARD_FIRST_EVIDENCE,131,29490.01,58.303969465648855
USASPENDING_V1,USA,DEPT OF LABOR OIG - PROCUREMENT OFC,OTHER / OPEN WORLD,AWARD_FIRST_EVIDENCE,131,170454.8,54.81893129770992
USASPENDING_V1,USA,693KA7 ENROUTE & TERMINAL CONTRACTS,OTHER / OPEN WORLD,AWARD_FIRST_EVIDENCE,131,4877669.0,53.29160305343512
USASPENDING_V1,USA,U.S. EMBASSY OSLO,OTHER / OPEN WORLD,AWARD_FIRST_EVIDENCE,131,14803.56,47.34793893129771
USASPENDING_V1,USA,ACQUISITIONS - RPSO FRANKFURT,Translation,AWARD_FIRST_EVIDENCE,130,32529.0,80.36769230769231
USASPENDING_V1,USA,AMERICAN CONSULATE MILAN,OTHER / OPEN WORLD,AWARD_FIRST_EVIDENCE,130,15579.23,48.746923076923075
USASPENDING_V1,USA,W7M2 USPFO ACTIVITY FLANG 125,OTHER / OPEN WORLD,AWARD_FIRST_EVIDENCE,130,82065.45,48.55784615384616
USASPENDING_V1,USA,DEPT OF COMMERCE NOAA,Software licences / SaaS resale,AWARD_FIRST_EVIDENCE,129,34778.59,76.32093023255814
USASPENDING_V1,USA,USAID/UKRAINE,OTHER / OPEN WORLD,AWARD_FIRST_EVIDENCE,129,179935.94,52.8462015503876
USASPENDING_V1,USA,W7NM USPFO ACTIVITY NV ARNG,OTHER / OPEN WORLD,AWARD_FIRST_EVIDENCE,129,25540.88,51.02248062015504
USASPENDING_V1,USA,W7NB USPFO ACTIVITY LAANG 159,OTHER / OPEN WORLD,AWARD_FIRST_EVIDENCE,129,32418.33,49.77364341085271
USASPENDING_V1,USA,W7NY USPFO ACTIVITY RI ARNG,OTHER / OPEN WORLD,AWARD_FIRST_EVIDENCE,129,3748.32,47.36403100775194
USASPENDING_V1,USA,U.S. EMBASSY TASHKENT,OTHER / OPEN WORLD,AWARD_FIRST_EVIDENCE,129,14365.0,46.30263565891473
USASPENDING_V1,USA,NATIONAL INSTITUTES OF HEALTH OLAO,Hardware / AV resale,AWARD_FIRST_EVIDENCE,128,14648.01,64.89796875
USASPENDING_V1,USA,DSCO FEDMALL,Office supplies / consumables resale,AWARD_FIRST_EVIDENCE,128,412.75,57.469375
USASPENDING_V1,USA,U.S. EMBASSY WELLINGTON,OTHER / OPEN WORLD,AWARD_FIRST_EVIDENCE,128,16107.970000000001,47.49734375
USASPENDING_V1,USA,U.S. EMBASSY GEORGETOWN,OTHER / OPEN WORLD,AWARD_FIRST_EVIDENCE,128,12834.605,43.768125
USASPENDING_V1,USA,FA8201  AFSC OL H PZIO,Call centre / helpdesk operations,AWARD_FIRST_EVIDENCE,127,48346.0,62.26677165354331
USASPENDING_V1,USA,FA8528  AFLCMC WIKA,OTHER / OPEN WORLD,AWARD_FIRST_EVIDENCE,127,8672736.0,51.076377952755905
USASPENDING_V1,USA,W7MZ USPFO ACTIVITY CT ARNG,OTHER / OPEN WORLD,AWARD_FIRST_EVIDENCE,127,25000.0,51.06551181102362
USASPENDING_V1,USA,U.S. EMBASSY ALGIERS,OTHER / OPEN WORLD,AWARD_FIRST_EVIDENCE,127,21524.34,47.63779527559055
USASPENDING_V1,USA,U.S. EMBASSY MALABO,OTHER / OPEN WORLD,AWARD_FIRST_EVIDENCE,127,21747.25,47.44503937007874
USASPENDING_V1,USA,AMERICAN CONSULATE CAPE TOWN,OTHER / OPEN WORLD,AWARD_FIRST_EVIDENCE,127,16706.21,46.89763779527559
USASPENDING_V1,USA,AMERICAN CONSULATE ERBIL,OTHER / OPEN WORLD,AWARD_FIRST_EVIDENCE,127,24446.13,46.574488188976375
USASPENDING_V1,USA,U.S. EMBASSY BISHKEK,OTHER / OPEN WORLD,AWARD_FIRST_EVIDENCE,127,436.15,42.07574803149606
USASPENDING_V1,USA,HEADQUATERS,Translation,AWARD_FIRST_EVIDENCE,126,3065.6949999999997,71.93301587301588
USASPENDING_V1,USA,CPO : IT PROGRAM SUPPORT DIVISION; NOI,OTHER / OPEN WORLD,AWARD_FIRST_EVIDENCE,126,2701666.8600000003,62.53523809523809
USASPENDING_V1,USA,GSA FAS AAS REGION 8,OTHER / OPEN WORLD,AWARD_FIRST_EVIDENCE,126,9498610.99,57.384126984126986
USASPENDING_V1,USA,STRATEGIC PETROLEUM RESERVE,OTHER / OPEN WORLD,AWARD_FIRST_EVIDENCE,126,226294.0,53.105873015873016
USASPENDING_V1,USA,USDA/RD/CONTRACT OPERATIONS BRANCH,OTHER / OPEN WORLD,AWARD_FIRST_EVIDENCE,126,64027.58,52.82142857142857
USASPENDING_V1,USA,MSTC DENVER,OTHER / OPEN WORLD,AWARD_FIRST_EVIDENCE,126,10975.275000000001,52.48761904761905
USASPENDING_V1,USA,USAID/MALAWI,OTHER / OPEN WORLD,AWARD_FIRST_EVIDENCE,126,57177.895000000004,51.265079365079366
USASPENDING_V1,USA,PBS R7 ENERGY & ACQUISITON SUPPORT,OTHER / OPEN WORLD,AWARD_FIRST_EVIDENCE,126,93112.025,49.514920634920635
USASPENDING_V1,USA,U.S. ATTORNEYS OFFICE-CA(E) (USA97),OTHER / OPEN WORLD,AWARD_FIRST_EVIDENCE,126,12583.895,48.625238095238096
USASPENDING_V1,USA,PBS REGULATED UTILITY PROCUREMENT DIVISION,OTHER / OPEN WORLD,AWARD_FIRST_EVIDENCE,126,0.0,41.21984126984127
USASPENDING_V1,USA,GOVERNMENT ACCOUNTABILITY OFFICE,Transcription / captioning,AWARD_FIRST_EVIDENCE,125,2166.18,70.90528
USASPENDING_V1,USA,NAVOPSPTCEN BALTIMORE,OTHER / OPEN WORLD,AWARD_FIRST_EVIDENCE,125,500000.0,58.5776
USASPENDING_V1,USA,SMITHSONIAN TROPICAL RESEARCH INSTITUTE,OTHER / OPEN WORLD,AWARD_FIRST_EVIDENCE,125,20470.76,51.31072
USASPENDING_V1,USA,FA8106 AFLCMC WNDK,OTHER / OPEN WORLD,AWARD_FIRST_EVIDENCE,125,2818728.37,47.97952
USASPENDING_V1,USA,WESTERN LABORATORY,OTHER / OPEN WORLD,AWARD_FIRST_EVIDENCE,125,3012.94,45.78256
USASPENDING_V1,USA,NAVOPSPTCEN JACKSONVILLE,OTHER / OPEN WORLD,AWARD_FIRST_EVIDENCE,125,0.0,42.8944
USASPENDING_V1,USA,"USDA, OCP-POD-ACQ-MGMT-BRANCH-FTC",Call centre / helpdesk operations,AWARD_FIRST_EVIDENCE,124,36191.64,60.4441935483871
USASPENDING_V1,USA,NSWC CARDEROCK,Call centre / helpdesk operations,AWARD_FIRST_EVIDENCE,124,3900.135,56.616290322580646
USASPENDING_V1,USA,PBS R2 CAPITAL CONSTRUCTION BRANCH,OTHER / OPEN WORLD,AWARD_FIRST_EVIDENCE,124,1065323.2149999999,47.645483870967745
USASPENDING_V1,USA,W6QK ACC-RSA COS,OTHER / OPEN WORLD,AWARD_FIRST_EVIDENCE,123,157364.99,58.46585365853659
USASPENDING_V1,USA,OJP OCIO ENTERPRISE APP DEV,OTHER / OPEN WORLD,AWARD_FIRST_EVIDENCE,123,160828.8,58.31626016260162
USASPENDING_V1,USA,OMAS STRATEGIC BUYING CENTER - PROFESSIONAL SERVICES,OTHER / OPEN WORLD,AWARD_FIRST_EVIDENCE,123,614433.61,57.309918699186994
USASPENDING_V1,USA,COMMANDING GENERAL,Uniforms / PPE resale,AWARD_FIRST_EVIDENCE,123,7889.1,54.227967479674795
USASPENDING_V1,USA,REGION 8 : EMERGENCY PREPAREDNESS A,OTHER / OPEN WORLD,AWARD_FIRST_EVIDENCE,123,5882.02,46.531544715447154
USASPENDING_V1,USA,PBS R6 SMALL PROJECTS ACQUISITION KANSAS CITY SOUTH,OTHER / OPEN WORLD,AWARD_FIRST_EVIDENCE,123,27560.0,41.083739837398376
USASPENDING_V1,USA,FA4800  633 CONS PKP,Call centre / helpdesk operations,AWARD_FIRST_EVIDENCE,122,57263.4,64.17262295081967
USASPENDING_V1,USA,NATIONAL ZOOLOGICAL PARK,OTHER / OPEN WORLD,AWARD_FIRST_EVIDENCE,122,30000.0,53.31590163934426
USASPENDING_V1,USA,W7NA USPFO ACTIVITY KY ARNG,OTHER / OPEN WORLD,AWARD_FIRST_EVIDENCE,122,22890.39,51.42147540983606
USASPENDING_V1,USA,DCMA NORTHEAST (SYRACUSE),OTHER / OPEN WORLD,AWARD_FIRST_EVIDENCE,122,251155.37,51.00950819672131
USASPENDING_V1,USA,U.S. ATTORNEYS OFFICE-NY(S) (USA54),Translation,AWARD_FIRST_EVIDENCE,121,14734.18,79.17553719008265
USASPENDING_V1,USA,252-NETWORK CONTRACT OFFICE 12 (36C252),Hardware / AV resale,AWARD_FIRST_EVIDENCE,121,72179.05,68.4107438016529
USASPENDING_V1,USA,BASE LOS ANGELES/LONG BEACH(00037),OTHER / OPEN WORLD,AWARD_FIRST_EVIDENCE,121,20139.59,45.66330578512397
USASPENDING_V1,USA,PBS R6 SMALL PROJECTS ACQUISITION IOWA,OTHER / OPEN WORLD,AWARD_FIRST_EVIDENCE,121,24090.0,41.44198347107438
USASPENDING_V1,USA,NAVY REGION MID ATLANTIC,Office supplies / consumables resale,AWARD_FIRST_EVIDENCE,120,20777.54,60.24883333333333
USASPENDING_V1,USA,U.S. ATTORNEYS OFFICE-NV (USA48),OTHER / OPEN WORLD,AWARD_FIRST_EVIDENCE,120,7989.375,47.745
USASPENDING_V1,USA,FDCC DET SEATTLE(00050),OTHER / OPEN WORLD,AWARD_FIRST_EVIDENCE,120,323792.0,47.68033333333333
USASPENDING_V1,USA,U.S. EMBASSY SOFIA,OTHER / OPEN WORLD,AWARD_FIRST_EVIDENCE,120,23899.815,47.6245
USASPENDING_V1,USA,NAVAL HOSPITAL YOKOSUKA,OTHER / OPEN WORLD,AWARD_FIRST_EVIDENCE,120,1006.01,36.74583333333333
USASPENDING_V1,USA,NATIONAL CMOP OFFICE (36C770),Office supplies / consumables resale,AWARD_FIRST_EVIDENCE,119,207360.0,69.89411764705882
USASPENDING_V1,USA,NAVAL POSTGRADUATE SCHOOL,Call centre / helpdesk operations,AWARD_FIRST_EVIDENCE,119,36484.46,60.941848739495796
USASPENDING_V1,USA,FA2057 AFLCMC HNJK,OTHER / OPEN WORLD,AWARD_FIRST_EVIDENCE,119,197958.66,58.49680672268907
USASPENDING_V1,USA,FA8689  AFLCMC WIIK        UAS,OTHER / OPEN WORLD,AWARD_FIRST_EVIDENCE,119,18616351.555,56.15966386554622
USASPENDING_V1,USA,USAID/RDMA/THAILAND,OTHER / OPEN WORLD,AWARD_FIRST_EVIDENCE,119,72871.0,52.94218487394958
USASPENDING_V1,USA,FA4664  452 MSG PK,OTHER / OPEN WORLD,AWARD_FIRST_EVIDENCE,119,53400.0,49.283529411764704
USASPENDING_V1,USA,U.S. EMBASSY MANAMA,OTHER / OPEN WORLD,AWARD_FIRST_EVIDENCE,119,18300.27,47.4946218487395
USASPENDING_V1,USA,SSA OFC OF ACQUISITION  GRANTS,Translation,AWARD_FIRST_EVIDENCE,118,5460.0,72.78525423728813
USASPENDING_V1,USA,250-NETWORK CONTRACT OFFICE 10 (36C250),Hardware / AV resale,AWARD_FIRST_EVIDENCE,118,57882.4,69.3235593220339
USASPENDING_V1,USA,FA4861  99 CONS LGC,Call centre / helpdesk operations,AWARD_FIRST_EVIDENCE,118,51146.5,62.62593220338983
USASPENDING_V1,USA,W7MX USPFO ACTIVITY CAANG 146,OTHER / OPEN WORLD,AWARD_FIRST_EVIDENCE,118,47396.1,51.5964406779661
USASPENDING_V1,USA,USAID/MOZAMBIQUE,OTHER / OPEN WORLD,AWARD_FIRST_EVIDENCE,118,68927.6,51.01966101694915
USASPENDING_V1,USA,FA8818  SSC/AAK-KT,OTHER / OPEN WORLD,AWARD_FIRST_EVIDENCE,118,1179470.0,49.758983050847455
USASPENDING_V1,USA,U.S. ATTORNEYS OFFICE-AZ (USA08),OTHER / OPEN WORLD,AWARD_FIRST_EVIDENCE,118,11759.4,48.42457627118644
USASPENDING_V1,USA,W7QP USPFO ACTIVITY GU ARNG,OTHER / OPEN WORLD,AWARD_FIRST_EVIDENCE,118,13098.6,48.28135593220339
USASPENDING_V1,USA,U.S. EMBASSY VIENTIANE,OTHER / OPEN WORLD,AWARD_FIRST_EVIDENCE,118,20990.0,47.708474576271186
USASPENDING_V1,USA,SPEC TESTING  RESEARCH LABORATORY,OTHER / OPEN WORLD,AWARD_FIRST_EVIDENCE,118,7728.885,44.997966101694914
USASPENDING_V1,USA,USAID/ETHIOPIA,OTHER / OPEN WORLD,AWARD_FIRST_EVIDENCE,117,164716.25,55.295042735042735
USASPENDING_V1,USA,SAVANNAH RIVER OPERATIONS OFFICE,OTHER / OPEN WORLD,AWARD_FIRST_EVIDENCE,117,103134.39,53.50153846153846
USASPENDING_V1,USA,USAID/EGYPT,OTHER / OPEN WORLD,AWARD_FIRST_EVIDENCE,117,56729.0,51.532478632478636
USASPENDING_V1,USA,W7NL USPFO ACTIVITY NE ARNG,OTHER / OPEN WORLD,AWARD_FIRST_EVIDENCE,117,28813.9,51.11538461538461
USASPENDING_V1,USA,W7NQ USPFO ACTIVITY NM ARNG,OTHER / OPEN WORLD,AWARD_FIRST_EVIDENCE,117,22520.0,50.735726495726496
USASPENDING_V1,USA,TRACEN YORKTOWN(00041),OTHER / OPEN WORLD,AWARD_FIRST_EVIDENCE,117,43807.18,49.869572649572646
USASPENDING_V1,USA,BUILDING AND FACILITIES (FAO),OTHER / OPEN WORLD,AWARD_FIRST_EVIDENCE,117,129750.0,49.37401709401709
USASPENDING_V1,USA,MILITARY SEALIFT FLEET SUPPORT CMD,OTHER / OPEN WORLD,AWARD_FIRST_EVIDENCE,117,54239.75,47.927521367521365
USASPENDING_V1,USA,FBI-JEH,Hardware / AV resale,AWARD_FIRST_EVIDENCE,116,73500.0,74.52206896551724
USASPENDING_V1,USA,NATIONAL INSTITUTES OF HEALTH NIAID,Call centre / helpdesk operations,AWARD_FIRST_EVIDENCE,116,55842.33,64.69327586206897
USASPENDING_V1,USA,FA2396 USAF AFMC AFRL PZL AFRL PZLE,Call centre / helpdesk operations,AWARD_FIRST_EVIDENCE,116,64778.8,64.16689655172414
USASPENDING_V1,USA,USAID OIG,OTHER / OPEN WORLD,AWARD_FIRST_EVIDENCE,116,112053.92499999999,58.365172413793104
USASPENDING_V1,USA,W7NP USPFO ACTIVITY NJ ARNG,OTHER / OPEN WORLD,AWARD_FIRST_EVIDENCE,116,24559.625,51.66034482758621
USASPENDING_V1,USA,FA8505  AFLCMC WAQKB,OTHER / OPEN WORLD,AWARD_FIRST_EVIDENCE,116,830684.45,51.28431034482759
USASPENDING_V1,USA,U.S. EMBASSY MASERU,OTHER / OPEN WORLD,AWARD_FIRST_EVIDENCE,116,17255.075,46.46637931034483
USASPENDING_V1,USA,U.S. EMBASSY DILI,OTHER / OPEN WORLD,AWARD_FIRST_EVIDENCE,116,17091.195,45.57327586206897
USASPENDING_V1,USA,"UNITED STATES DEPARTMENT OF JUSTICE, DBA FEDERAL PRISON INDUSTRIES",OTHER / OPEN WORLD,AWARD_FIRST_EVIDENCE,116,24227.465,45.48051724137931
USASPENDING_V1,USA,WASHINGTON HEADQUARTERS SERVICES,Software licences / SaaS resale,AWARD_FIRST_EVIDENCE,115,150000.0,78.92469565217391
USASPENDING_V1,USA,FA8501  OPL CONTRACTING AFSC/PZIO,Call centre / helpdesk operations,AWARD_FIRST_EVIDENCE,115,30625.54,58.26452173913044
USASPENDING_V1,USA,U.S. ATTORNEYS OFFICE-NJ (USA50),OTHER / OPEN WORLD,AWARD_FIRST_EVIDENCE,115,93652.48,52.139478260869566
USASPENDING_V1,USA,DEA LOUISVILLE OFFICE,OTHER / OPEN WORLD,AWARD_FIRST_EVIDENCE,115,6500.0,49.90973913043478
USASPENDING_V1,USA,FA6633  934 AW PK,OTHER / OPEN WORLD,AWARD_FIRST_EVIDENCE,115,24041.3,48.535304347826084
USASPENDING_V1,USA,FA8109  AFSC PZAAC,OTHER / OPEN WORLD,AWARD_FIRST_EVIDENCE,115,161071.0,48.008347826086954
USASPENDING_V1,USA,PBS OFFICE OF FACILITIES MANAGEMENT,OTHER / OPEN WORLD,AWARD_FIRST_EVIDENCE,115,0.0,41.19530434782609
USASPENDING_V1,USA,FA2391 USAF AFMC AFRL PZL AFRL RQKP,OTHER / OPEN WORLD,AWARD_FIRST_EVIDENCE,114,1197726.6400000001,60.07491228070175
USASPENDING_V1,USA,FA2385 USAF AFMC AFRL PZL AFRL RSKD,OTHER / OPEN WORLD,AWARD_FIRST_EVIDENCE,114,1797502.135,57.27070175438597
USASPENDING_V1,USA,SOCCENT,OTHER / OPEN WORLD,AWARD_FIRST_EVIDENCE,114,115143.5,52.924561403508775
USASPENDING_V1,USA,FA8214  AFNWC PZBB,OTHER / OPEN WORLD,AWARD_FIRST_EVIDENCE,114,5507809.475,51.938421052631575
USASPENDING_V1,USA,U.S. EMBASSY MBABANE,OTHER / OPEN WORLD,AWARD_FIRST_EVIDENCE,114,21953.684999999998,48.75298245614035
USASPENDING_V1,USA,W7NZ USPFO ACTIVITY SCANG 169,OTHER / OPEN WORLD,AWARD_FIRST_EVIDENCE,114,24959.0,47.66877192982456
USASPENDING_V1,USA,244-NETWORK CONTRACT OFFICE 4 (36C244),Hardware / AV resale,AWARD_FIRST_EVIDENCE,113,23000.0,64.21486725663716
USASPENDING_V1,USA,HQ USSOCOM,Call centre / helpdesk operations,AWARD_FIRST_EVIDENCE,113,76746.72,63.66513274336283
USASPENDING_V1,USA,NSWC DAHLGREN,Call centre / helpdesk operations,AWARD_FIRST_EVIDENCE,113,37890.0,60.63309734513275
USASPENDING_V1,USA,NATIONAL ENDOWMENT FOR THE ARTS,OTHER / OPEN WORLD,AWARD_FIRST_EVIDENCE,113,76296.83,55.31256637168141
USASPENDING_V1,USA,W7NR USPFO ACTIVITY NYANG 106,OTHER / OPEN WORLD,AWARD_FIRST_EVIDENCE,113,50364.0,51.43946902654867
USASPENDING_V1,USA,W7N1 USPFO ACTIVITY TNANG 134,OTHER / OPEN WORLD,AWARD_FIRST_EVIDENCE,113,91127.84,50.4212389380531
USASPENDING_V1,USA,W7NR USPFO ACTIVITY NYANG 109,OTHER / OPEN WORLD,AWARD_FIRST_EVIDENCE,113,43398.0,50.08318584070796
USASPENDING_V1,USA,PBS R11 SPECIAL PROGRAMS FDA 80 BRANCH,OTHER / OPEN WORLD,AWARD_FIRST_EVIDENCE,113,159867.0,49.933097345132744
USASPENDING_V1,USA,NASA SHARED SERVICES CENTER,Hardware / AV resale,AWARD_FIRST_EVIDENCE,112,135505.5,68.90375
USASPENDING_V1,USA,FA8630  AFLCMC WFK AFSAC,OTHER / OPEN WORLD,AWARD_FIRST_EVIDENCE,112,709183.495,56.39375
USASPENDING_V1,USA,NAVAL OCEANOGRAPHIC OFFICE,OTHER / OPEN WORLD,AWARD_FIRST_EVIDENCE,112,58584.82,55.24071428571428
USASPENDING_V1,USA,FA2291 AFLCMC C3NK,OTHER / OPEN WORLD,AWARD_FIRST_EVIDENCE,112,1085691.065,54.89339285714286
USASPENDING_V1,USA,FA8682  AFLCMC EBJK,OTHER / OPEN WORLD,AWARD_FIRST_EVIDENCE,112,11586157.48,54.02160714285714
USASPENDING_V1,USA,W7ND USPFO ACTIVITY MD ARNG,OTHER / OPEN WORLD,AWARD_FIRST_EVIDENCE,112,26167.715,51.808571428571426
USASPENDING_V1,USA,NAVY REGION MID ATLANTIC,OTHER / OPEN WORLD,AWARD_FIRST_EVIDENCE,112,21898.545,44.97857142857143
USASPENDING_V1,USA,FDA OFFICE OF ACQ  GRANT SVCS,Software licences / SaaS resale,AWARD_FIRST_EVIDENCE,111,174528.0,80.2127927927928
USASPENDING_V1,USA,IBC ACQ SVCS DIRECTORATE (00004),Survey / market research,AWARD_FIRST_EVIDENCE,111,50942.09,72.7781981981982
USASPENDING_V1,USA,W6QK ACC-RI,Call centre / helpdesk operations,AWARD_FIRST_EVIDENCE,111,100905.5,66.19711711711712
USASPENDING_V1,USA,FA4407  375 CONS LGC,Call centre / helpdesk operations,AWARD_FIRST_EVIDENCE,111,49795.32,64.42792792792793
USASPENDING_V1,USA,FA8691  AFLCMC WINK      SENSORS,OTHER / OPEN WORLD,AWARD_FIRST_EVIDENCE,111,3554624.1,50.7581981981982
USASPENDING_V1,USA,FA8112  AFSC PZIMC,OTHER / OPEN WORLD,AWARD_FIRST_EVIDENCE,111,53926.48,50.3609009009009
USASPENDING_V1,USA,U.S. ATTORNEYS OFFICE-CA(N) (USA11),OTHER / OPEN WORLD,AWARD_FIRST_EVIDENCE,111,14755.5,50.2809009009009
USASPENDING_V1,USA,FA8212  AFSC OLH PZABA,OTHER / OPEN WORLD,AWARD_FIRST_EVIDENCE,111,119967.39,49.961801801801805
USASPENDING_V1,USA,TRACEN PETALUMA(00049),OTHER / OPEN WORLD,AWARD_FIRST_EVIDENCE,111,22890.0,47.905585585585584
USASPENDING_V1,USA,AMERICAN CONSULATE GUANGZHOU,OTHER / OPEN WORLD,AWARD_FIRST_EVIDENCE,111,15563.74,46.60630630630631
USASPENDING_V1,USA,U.S. EMBASSY VILNIUS,OTHER / OPEN WORLD,AWARD_FIRST_EVIDENCE,111,14995.93,45.74378378378378
USASPENDING_V1,USA,PBS R9 AMD SAT LEASING SUPPORT SECT,OTHER / OPEN WORLD,AWARD_FIRST_EVIDENCE,111,18290.34,42.524504504504506
USASPENDING_V1,USA,CDC OFFICE OF ACQUISITION SERVICES,Hardware / AV resale,AWARD_FIRST_EVIDENCE,110,172699.14500000002,71.21363636363637
USASPENDING_V1,USA,NASA IT PROCUREMENT OFFICE,Call centre / helpdesk operations,AWARD_FIRST_EVIDENCE,110,346175.385,67.39509090909091
USASPENDING_V1,USA,FA8218 ALFCMC WNRK,Call centre / helpdesk operations,AWARD_FIRST_EVIDENCE,110,75636.5,59.632
USASPENDING_V1,USA,FA2318  AFLCMC C3MK,OTHER / OPEN WORLD,AWARD_FIRST_EVIDENCE,110,2649941.605,58.99763636363636
USASPENDING_V1,USA,NAVOPSPTCEN PUERTO RICO,OTHER / OPEN WORLD,AWARD_FIRST_EVIDENCE,110,0.0,45.196363636363635
USASPENDING_V1,USA,AMERICAN CONSULATE HO CHI MINH,OTHER / OPEN WORLD,AWARD_FIRST_EVIDENCE,110,12313.44,44.17672727272727
USASPENDING_V1,USA,ACQUISITIONS - AQM MOMENTUM,Software licences / SaaS resale,AWARD_FIRST_EVIDENCE,109,86290.06,79.39174311926605
USASPENDING_V1,USA,6973GH FRANCHISE ACQUISITION SVCS,Hardware / AV resale,AWARD_FIRST_EVIDENCE,109,34185.0,65.97467889908256
USASPENDING_V1,USA,FA2384 USAF AFMC AFRL PZL AFRL RAKH,OTHER / OPEN WORLD,AWARD_FIRST_EVIDENCE,109,1249485.36,60.324770642201834
USASPENDING_V1,USA,NARA CONTRACTING OFFICE,Office supplies / consumables resale,AWARD_FIRST_EVIDENCE,109,6477.22,58.923853211009174
USASPENDING_V1,USA,GSA FAS AAS REGION 10,OTHER / OPEN WORLD,AWARD_FIRST_EVIDENCE,109,1338803.41,56.06770642201835
USASPENDING_V1,USA,NATIONAL MUSEUM OF THE AMERICAN INDIAN,OTHER / OPEN WORLD,AWARD_FIRST_EVIDENCE,109,29915.0,53.566422018348625
USASPENDING_V1,USA,DCMA MISSILES (TUCSON),OTHER / OPEN WORLD,AWARD_FIRST_EVIDENCE,109,185043.0,50.36807339449541
USASPENDING_V1,USA,FA8220 AFLCMC WNDT,OTHER / OPEN WORLD,AWARD_FIRST_EVIDENCE,109,962308.35,50.03706422018349
USASPENDING_V1,USA,ATF | ACQUISITIONS MANAGEMENT DIVISION,Transcription / captioning,AWARD_FIRST_EVIDENCE,108,2537.5,74.29444444444445
USASPENDING_V1,USA,246-NETWORK CONTRACTING OFFICE 6 (36C246),Hardware / AV resale,AWARD_FIRST_EVIDENCE,108,73632.29000000001,69.35907407407407
USASPENDING_V1,USA,CPO : RESEARCH AND COMMUNITY SUPPOR,OTHER / OPEN WORLD,AWARD_FIRST_EVIDENCE,108,962979.5700000001,57.95740740740741
USASPENDING_V1,USA,"ACQUISITION DIRECTORATE, GERMANY",OTHER / OPEN WORLD,AWARD_FIRST_EVIDENCE,108,43314.18,52.40833333333333
USASPENDING_V1,USA,FA4654 434 CONF LGC,OTHER / OPEN WORLD,AWARD_FIRST_EVIDENCE,108,68242.0,49.8137037037037
USASPENDING_V1,USA,W7ND USPFO ACTIVITY MDANG 175,OTHER / OPEN WORLD,AWARD_FIRST_EVIDENCE,108,41167.619999999995,49.69
USASPENDING_V1,USA,CPO : PROGRAM SUPPORT BRANCH DENVER,OTHER / OPEN WORLD,AWARD_FIRST_EVIDENCE,108,77046.48000000001,49.37685185185185
USASPENDING_V1,USA,U.S. EMBASSY STOCKHOLM,OTHER / OPEN WORLD,AWARD_FIRST_EVIDENCE,108,23089.17,48.132962962962964
USASPENDING_V1,USA,U.S. EMBASSY ULAANBAATAR,OTHER / OPEN WORLD,AWARD_FIRST_EVIDENCE,108,13015.32,44.97
USASPENDING_V1,USA,FA8210  AFLCMC WNRK HILL,OTHER / OPEN WORLD,AWARD_FIRST_EVIDENCE,107,881983.09,51.54878504672897
USASPENDING_V1,USA,FA4913  AFCENT PMO,OTHER / OPEN WORLD,AWARD_FIRST_EVIDENCE,107,78936.0,50.96392523364486
USASPENDING_V1,USA,SOUTHERN PLAINS REGION,OTHER / OPEN WORLD,AWARD_FIRST_EVIDENCE,107,24565.0,48.99196261682243
USASPENDING_V1,USA,FWS CONSTRUCTION & A/E - BIL/DISASTER,OTHER / OPEN WORLD,AWARD_FIRST_EVIDENCE,107,67674.0,48.77308411214953
USASPENDING_V1,USA,NAC FEDERAL SUPPLY SCHEDULE (36F797),Recruitment / temporary staffing,AWARD_FIRST_EVIDENCE,107,0.0,47.5
USASPENDING_V1,USA,EL PASO INTELLIGENCE CENTER,OTHER / OPEN WORLD,AWARD_FIRST_EVIDENCE,107,3504.0,44.982616822429904
USASPENDING_V1,USA,IBC ACQ SVCS DIRECTORATE (00004),Call centre / helpdesk operations,AWARD_FIRST_EVIDENCE,106,125366.0,65.56358490566038
USASPENDING_V1,USA,DOL - JCAS WEST PROCUREMENT,OTHER / OPEN WORLD,AWARD_FIRST_EVIDENCE,106,47603294.085,60.90150943396226
USASPENDING_V1,USA,NAVSUP FLT LOG CTR  SAN DIEGO,Office supplies / consumables resale,AWARD_FIRST_EVIDENCE,106,523.66,57.439433962264154
USASPENDING_V1,USA,DCMA APO PRATT AND WHITNEY EH,OTHER / OPEN WORLD,AWARD_FIRST_EVIDENCE,106,792814.745,52.27169811320755
USASPENDING_V1,USA,U.S. EMBASSY ASHGABAT,OTHER / OPEN WORLD,AWARD_FIRST_EVIDENCE,106,33601.29,49.74679245283019
USASPENDING_V1,USA,SOUTH CENTRAL LABORATORY,OTHER / OPEN WORLD,AWARD_FIRST_EVIDENCE,106,7339.4400000000005,48.7477358490566
USASPENDING_V1,USA,CHICAGO IL DIVISION OFFICE,OTHER / OPEN WORLD,AWARD_FIRST_EVIDENCE,106,10150.975,48.26018867924528
USASPENDING_V1,USA,FA2517  21 CONS BLDG 350,Call centre / helpdesk operations,AWARD_FIRST_EVIDENCE,105,72682.98,64.85580952380953
USASPENDING_V1,USA,FA8222  AFSC OL H PZIE,Call centre / helpdesk operations,AWARD_FIRST_EVIDENCE,105,60588.0,63.51980952380952
USASPENDING_V1,USA,HEADQUATERS,Uniforms / PPE resale,AWARD_FIRST_EVIDENCE,105,14610.71,61.48285714285714
USASPENDING_V1,USA,USAID/AFGHANISTAN,OTHER / OPEN WORLD,AWARD_FIRST_EVIDENCE,105,337334.67,55.05390476190476
USASPENDING_V1,USA,DOI OSMRE (CO),OTHER / OPEN WORLD,AWARD_FIRST_EVIDENCE,105,43986.92,49.92761904761905
USASPENDING_V1,USA,DCMA SEATTLE,OTHER / OPEN WORLD,AWARD_FIRST_EVIDENCE,105,386616.49,49.926857142857145
USASPENDING_V1,USA,W7N2 USPFO ACTIVITY TXANG 149,OTHER / OPEN WORLD,AWARD_FIRST_EVIDENCE,105,25224.12,48.19657142857143
USASPENDING_V1,USA,AMERICAN CONSULATE CURACAO,OTHER / OPEN WORLD,AWARD_FIRST_EVIDENCE,105,4655.73,41.532380952380954
USASPENDING_V1,USA,USCIS CONTRACTING OFFICE(ERBUR),Translation,AWARD_FIRST_EVIDENCE,104,101286.195,78.67173076923076
USASPENDING_V1,USA,FA8625  AFLCMC WLNK C130,OTHER / OPEN WORLD,AWARD_FIRST_EVIDENCE,104,6795480.495,52.95326923076923
USASPENDING_V1,USA,W7PA USPFO ACTIVITY PRANG 156,OTHER / OPEN WORLD,AWARD_FIRST_EVIDENCE,104,29740.434999999998,50.01019230769231
USASPENDING_V1,USA,U.S. EMBASSY NUR-SULTAN,OTHER / OPEN WORLD,AWARD_FIRST_EVIDENCE,104,12702.265,44.473076923076924
USASPENDING_V1,USA,SSA OFC OF ACQUISITION  GRANTS,Software licences / SaaS resale,AWARD_FIRST_EVIDENCE,103,326622.4,79.3704854368932
USASPENDING_V1,USA,NATIONAL INSTITUTES OF HEALTH NIDA,Call centre / helpdesk operations,AWARD_FIRST_EVIDENCE,103,26706.19,64.33145631067961
USASPENDING_V1,USA,WASHINGTON CONTRACTING OFFICE,Call centre / helpdesk operations,AWARD_FIRST_EVIDENCE,103,43736.81,64.17747572815534
USASPENDING_V1,USA,DOL - JCAS EAST PROCUREMENT,OTHER / OPEN WORLD,AWARD_FIRST_EVIDENCE,103,47634050.61,58.34135922330097
USASPENDING_V1,USA,HQ SOCEUR,OTHER / OPEN WORLD,AWARD_FIRST_EVIDENCE,103,34892.97,53.1821359223301
USASPENDING_V1,USA,SURFACE COMBAT SYSTEMS TRAINING COM,OTHER / OPEN WORLD,AWARD_FIRST_EVIDENCE,103,26709.16,49.82621359223301
USASPENDING_V1,USA,W7M9 USPFO ACTIVITY KSANG 184,OTHER / OPEN WORLD,AWARD_FIRST_EVIDENCE,103,29852.0,49.73378640776699
USASPENDING_V1,USA,242-NETWORK CONTRACT OFFICE 02 (36C242),Transcription / captioning,AWARD_FIRST_EVIDENCE,102,3459.75,71.59725490196078
USASPENDING_V1,USA,NAVIFOR,Office supplies / consumables resale,AWARD_FIRST_EVIDENCE,102,767.3,57.95823529411765
USASPENDING_V1,USA,DCMA APO GE ENGINES LYNN,OTHER / OPEN WORLD,AWARD_FIRST_EVIDENCE,102,3128305.05,52.73647058823529
USASPENDING_V1,USA,FPC PENSACOLA,OTHER / OPEN WORLD,AWARD_FIRST_EVIDENCE,102,22802.34,49.26980392156863
USASPENDING_V1,USA,NIWC PACIFIC,Software licences / SaaS resale,AWARD_FIRST_EVIDENCE,101,67950.0,76.90059405940595
USASPENDING_V1,USA,NSWC PHILADELPHIA DIV,Call centre / helpdesk operations,AWARD_FIRST_EVIDENCE,101,53556.4,62.98059405940594
USASPENDING_V1,USA,NATIONAL OFFICE - IRS DO/IT BRANCH,OTHER / OPEN WORLD,AWARD_FIRST_EVIDENCE,101,286262.6,58.403564356435645
USASPENDING_V1,USA,USAID/TANZANIA,OTHER / OPEN WORLD,AWARD_FIRST_EVIDENCE,101,118393.0,55.03504950495049
USASPENDING_V1,USA,DCMA OHIO RIVER VALLEY (DAYTON),OTHER / OPEN WORLD,AWARD_FIRST_EVIDENCE,101,602760.0,53.44653465346535
USASPENDING_V1,USA,AMERICAN EMBASSY BAGHDAD,OTHER / OPEN WORLD,AWARD_FIRST_EVIDENCE,101,25515.51,45.812871287128715
USASPENDING_V1,USA,NASA SHARED SERVICES CENTER,Software licences / SaaS resale,AWARD_FIRST_EVIDENCE,100,41588.82,77.8666
USASPENDING_V1,USA,NAVFACSYSCOM SOUTHWEST,Hardware / AV resale,AWARD_FIRST_EVIDENCE,100,364219.0,69.744
USASPENDING_V1,USA,COUNCIL OF THE INSPECTORS GENERAL,OTHER / OPEN WORLD,AWARD_FIRST_EVIDENCE,100,26738.504999999997,57.8624
USASPENDING_V1,USA,FA8205  AFLCMC WAUK,OTHER / OPEN WORLD,AWARD_FIRST_EVIDENCE,100,11586794.280000001,51.445
USASPENDING_V1,USA,AMERICAN CONSULATE MONTERREY,OTHER / OPEN WORLD,AWARD_FIRST_EVIDENCE,100,20536.335,48.858
USASPENDING_V1,USA,AMERICAN CONSULATE CASABLANCA,OTHER / OPEN WORLD,AWARD_FIRST_EVIDENCE,100,19079.31,47.7122
USASPENDING_V1,USA,NAVSUP FLT LOG CTR NORFOLK,Software licences / SaaS resale,AWARD_FIRST_EVIDENCE,99,104580.0,78.84363636363636
USASPENDING_V1,USA,W7M7 USPFO ACTIVITY INANG 122,OTHER / OPEN WORLD,AWARD_FIRST_EVIDENCE,99,34500.0,49.87616161616162
USASPENDING_V1,USA,W7N8 USPFO ACTIVITY WIANG 115,OTHER / OPEN WORLD,AWARD_FIRST_EVIDENCE,99,27144.99,48.69414141414141
USASPENDING_V1,USA,AMERICAN CONSULATE MONTREAL,OTHER / OPEN WORLD,AWARD_FIRST_EVIDENCE,99,13403.8,44.84949494949495
USASPENDING_V1,USA,USCIS CONTRACTING OFFICE(ERBUR),Software licences / SaaS resale,AWARD_FIRST_EVIDENCE,98,369728.95,81.27489795918368
USASPENDING_V1,USA,SSA OFC OF ACQUISITION  GRANTS,Transcription / captioning,AWARD_FIRST_EVIDENCE,98,671806.57,78.13714285714286
USASPENDING_V1,USA,USAID/COLOMBIA,OTHER / OPEN WORLD,AWARD_FIRST_EVIDENCE,98,62756.635,54.59122448979592
USASPENDING_V1,USA,DCMA FIXED WING PUGET SOUND,OTHER / OPEN WORLD,AWARD_FIRST_EVIDENCE,98,213569.53,54.078979591836735
USASPENDING_V1,USA,USAID/SENEGAL,OTHER / OPEN WORLD,AWARD_FIRST_EVIDENCE,98,37488.14,52.17081632653061
USASPENDING_V1,USA,FA8626 AFLCMC LPAK,OTHER / OPEN WORLD,AWARD_FIRST_EVIDENCE,98,3474073.8,51.140408163265306
USASPENDING_V1,USA,W2SR ENDIST CARIBBEAN(PROVIS),OTHER / OPEN WORLD,AWARD_FIRST_EVIDENCE,98,127491.1,51.08102040816326
USASPENDING_V1,USA,FPS CENTRAL CCG ACQ DIV,OTHER / OPEN WORLD,AWARD_FIRST_EVIDENCE,98,6798.525,47.73285714285714
USASPENDING_V1,USA,OFC OF CHIEF INFORMATION OFFICER,Software licences / SaaS resale,AWARD_FIRST_EVIDENCE,97,68782.66,79.57690721649485
USASPENDING_V1,USA,COMMANDER,Software licences / SaaS resale,AWARD_FIRST_EVIDENCE,97,104000.0,77.69072164948453
USASPENDING_V1,USA,FA4819  325 CONS PKP,Call centre / helpdesk operations,AWARD_FIRST_EVIDENCE,97,59937.26,65.84927835051546
USASPENDING_V1,USA,ACQUISITIONS - AQM MOMENTUM,Uniforms / PPE resale,AWARD_FIRST_EVIDENCE,97,40746.8,65.78680412371133
USASPENDING_V1,USA,FA8772  AFLCMC HNIK,OTHER / OPEN WORLD,AWARD_FIRST_EVIDENCE,97,1221025.0,59.379793814432986
USASPENDING_V1,USA,FA8807 MIL COMM AND PNT SSC/CGK,OTHER / OPEN WORLD,AWARD_FIRST_EVIDENCE,97,7299000.0,53.971546391752575
USASPENDING_V1,USA,JMD-PROCUREMENT SERVICES SECTION,Courier / mail fulfilment,AWARD_FIRST_EVIDENCE,97,3000.0,48.543917525773196
USASPENDING_V1,USA,NORTH CENTRAL LABORATORY,OTHER / OPEN WORLD,AWARD_FIRST_EVIDENCE,97,2624.51,45.173814432989694
USASPENDING_V1,USA,NAVFACSYSCOM PACIFIC,Hardware / AV resale,AWARD_FIRST_EVIDENCE,96,258968.0,66.663125
USASPENDING_V1,USA,NSWC CRANE,Hardware / AV resale,AWARD_FIRST_EVIDENCE,96,1369.455,65.62020833333334
USASPENDING_V1,USA,DLA MARITIME - PUGET SOUND,Office supplies / consumables resale,AWARD_FIRST_EVIDENCE,96,20184.0,62.57729166666667
USASPENDING_V1,USA,"FWS, NRDAR",OTHER / OPEN WORLD,AWARD_FIRST_EVIDENCE,96,139677.83000000002,55.51541666666667
USASPENDING_V1,USA,INSTITUTE OF MUSEUM  LIBRARY SVCS,OTHER / OPEN WORLD,AWARD_FIRST_EVIDENCE,96,114843.67499999999,54.924166666666665
USASPENDING_V1,USA,DUSN (M) DON/A,OTHER / OPEN WORLD,AWARD_FIRST_EVIDENCE,96,54793.83,52.410833333333336
USASPENDING_V1,USA,AMERICAN CONSULATE CIUDAD JUAREZ,OTHER / OPEN WORLD,AWARD_FIRST_EVIDENCE,96,16113.31,45.642916666666665
USASPENDING_V1,USA,U.S. EMBASSY RIGA,OTHER / OPEN WORLD,AWARD_FIRST_EVIDENCE,96,11410.395,43.940625
USASPENDING_V1,USA,PBS R6 SMALL PROJECTS ACQUISITION KANSAS,OTHER / OPEN WORLD,AWARD_FIRST_EVIDENCE,96,20797.45,40.4175
USASPENDING_V1,USA,DOL-ITAS DIVISION B PROCUREMENT,Software licences / SaaS resale,AWARD_FIRST_EVIDENCE,95,134491.17,79.56421052631579
USASPENDING_V1,USA,NAVOPSPTCEN NEW LONDON,OTHER / OPEN WORLD,AWARD_FIRST_EVIDENCE,95,250000.0,57.681894736842104
USASPENDING_V1,USA,NSWC INDIAN HEAD DIVISION,Call centre / helpdesk operations,AWARD_FIRST_EVIDENCE,95,186.18,56.58842105263158
USASPENDING_V1,USA,TSI EURASIA REGIONAL OFC-PRAGUE,OTHER / OPEN WORLD,AWARD_FIRST_EVIDENCE,95,29900.0,52.90210526315789
USASPENDING_V1,USA,ARC DIV PROC SVCS - ADF,OTHER / OPEN WORLD,AWARD_FIRST_EVIDENCE,95,137127.15,52.38294736842105
USASPENDING_V1,USA,FA8107  AFLCMC WBK-1,OTHER / OPEN WORLD,AWARD_FIRST_EVIDENCE,95,3350962.0,52.04694736842105
USASPENDING_V1,USA,USAID/WEST BANK GAZA,OTHER / OPEN WORLD,AWARD_FIRST_EVIDENCE,95,96504.48,51.48968421052631
USASPENDING_V1,USA,FEDERAL MARITIME COMMISSION,OTHER / OPEN WORLD,AWARD_FIRST_EVIDENCE,95,21611.09,51.45242105263158
USASPENDING_V1,USA,DCMA APO INDY-SA,OTHER / OPEN WORLD,AWARD_FIRST_EVIDENCE,95,2025000.0,49.30147368421053
USASPENDING_V1,USA,W076 ENDIST EXPEDITION(PROVIS),OTHER / OPEN WORLD,AWARD_FIRST_EVIDENCE,95,360170.0,45.427368421052634
USASPENDING_V1,USA,"USDA, OCP-POD-ACQ-MGMT-BRANCH-FTC",Software licences / SaaS resale,AWARD_FIRST_EVIDENCE,94,42345.05,76.37531914893617
USASPENDING_V1,USA,FA7014  AFDW PK,Call centre / helpdesk operations,AWARD_FIRST_EVIDENCE,94,539063.225,66.62936170212765
USASPENDING_V1,USA,DOL - JCAS - AEC,OTHER / OPEN WORLD,AWARD_FIRST_EVIDENCE,94,1810728.0899999999,50.15446808510638
USASPENDING_V1,USA,AMERICAN CONSULATE DHAHRAN,OTHER / OPEN WORLD,AWARD_FIRST_EVIDENCE,94,35655.0,49.21255319148936
USASPENDING_V1,USA,DCMA FIXED WING MARIETTA,OTHER / OPEN WORLD,AWARD_FIRST_EVIDENCE,94,1061846.48,48.971489361702126
USASPENDING_V1,USA,U.S. ATTORNEYS OFFICE-MI(E) (USA39),OTHER / OPEN WORLD,AWARD_FIRST_EVIDENCE,94,10200.0,48.27085106382979
USASPENDING_V1,USA,242-NETWORK CONTRACT OFFICE 02 (36C242),Hardware / AV resale,AWARD_FIRST_EVIDENCE,93,34428.94,65.60903225806452
USASPENDING_V1,USA,244-NETWORK CONTRACT OFFICE 4 (36C244),Courier / mail fulfilment,AWARD_FIRST_EVIDENCE,93,30000.0,57.65806451612903
USASPENDING_V1,USA,FA2381 FORCE PROTECTION AFLCMC/HBUK,OTHER / OPEN WORLD,AWARD_FIRST_EVIDENCE,93,3385875.31,53.78666666666667
USASPENDING_V1,USA,FA2263 AFLCMC ROMK AFMETCAL,OTHER / OPEN WORLD,AWARD_FIRST_EVIDENCE,93,244661.17,52.89397849462365
USASPENDING_V1,USA,U.S. ATTORNEYS OFFICE-LA(W) (USA35),OTHER / OPEN WORLD,AWARD_FIRST_EVIDENCE,93,9882.5,48.8847311827957
USASPENDING_V1,USA,U.S. EMBASSY RANGOON,OTHER / OPEN WORLD,AWARD_FIRST_EVIDENCE,93,19670.0,46.96193548387097
USASPENDING_V1,USA,W7N1 USPFO ACTIVITY TNANG 164,OTHER / OPEN WORLD,AWARD_FIRST_EVIDENCE,93,10000.0,46.29827956989247
USASPENDING_V1,USA,U.S. EMBASSY LJUBLJANA,OTHER / OPEN WORLD,AWARD_FIRST_EVIDENCE,93,10037.88,42.751182795698924
USASPENDING_V1,USA,PBS R6 SMALL PROJECTS ACQUISITION KANSAS CITY NORTH,OTHER / OPEN WORLD,AWARD_FIRST_EVIDENCE,93,28330.0,41.26752688172043
USASPENDING_V1,USA,COMMANDER FLEET ACT YOKOSUKA,OTHER / OPEN WORLD,AWARD_FIRST_EVIDENCE,93,13182.79,37.770967741935486
USASPENDING_V1,USA,INVESTIGATIONS AND OPERATIONS SUPPORT DALLAS,Software licences / SaaS resale,AWARD_FIRST_EVIDENCE,92,97701.0,79.58239130434782
USASPENDING_V1,USA,FA2383 FOREIGN MLTRY SLS AFLCMC/HBN,OTHER / OPEN WORLD,AWARD_FIRST_EVIDENCE,92,2758428.65,59.17630434782609
USASPENDING_V1,USA,BUREAU OF INDIAN AFFAIRS,Call centre / helpdesk operations,AWARD_FIRST_EVIDENCE,92,13087.5,57.06260869565217
USASPENDING_V1,USA,ARC DIV PROC SVCS - CDFI,OTHER / OPEN WORLD,AWARD_FIRST_EVIDENCE,92,200222.155,54.1054347826087
USASPENDING_V1,USA,OPERATIONS SUPPORT DIVISION(00001),OTHER / OPEN WORLD,AWARD_FIRST_EVIDENCE,92,28342.67,53.796521739130434
USASPENDING_V1,USA,W7M5 USPFO ACTIVITY IDANG 124,OTHER / OPEN WORLD,AWARD_FIRST_EVIDENCE,92,37610.5,50.39
USASPENDING_V1,USA,W7NU USPFO ACTIVITY OHANG 179,OTHER / OPEN WORLD,AWARD_FIRST_EVIDENCE,92,52994.740000000005,50.28173913043478
USASPENDING_V1,USA,PBS R6 SERVICES ACQUISITION BRANCH,OTHER / OPEN WORLD,AWARD_FIRST_EVIDENCE,92,1010094.865,49.74630434782609
USASPENDING_V1,USA,AMERICAN EMBASSY SHANGHAI,OTHER / OPEN WORLD,AWARD_FIRST_EVIDENCE,92,19498.25,49.243478260869566
USASPENDING_V1,USA,U.S. EMBASSY LIBREVILLE,OTHER / OPEN WORLD,AWARD_FIRST_EVIDENCE,92,26247.525,47.88782608695652
USASPENDING_V1,USA,AMERICAN CONSULATE GENERAL  ALMATY,OTHER / OPEN WORLD,AWARD_FIRST_EVIDENCE,92,18547.455,46.85478260869565
USASPENDING_V1,USA,JMD-PROCUREMENT SERVICES SECTION,Translation,AWARD_FIRST_EVIDENCE,91,176033.54,78.65494505494506
USASPENDING_V1,USA,FA0021  AFICA 765 SCONF,OTHER / OPEN WORLD,AWARD_FIRST_EVIDENCE,91,1748333.02,59.55428571428571
USASPENDING_V1,USA,CPO : CPO; ACFO; SFCOD; FT WORTH OP,OTHER / OPEN WORLD,AWARD_FIRST_EVIDENCE,91,321926.22,57.778021978021975
USASPENDING_V1,USA,693JF9 HEADQUARTERS,OTHER / OPEN WORLD,AWARD_FIRST_EVIDENCE,91,6035498.0,56.432967032967035
USASPENDING_V1,USA,GSA FAS AAS REGION 6,OTHER / OPEN WORLD,AWARD_FIRST_EVIDENCE,91,805130.36,52.9821978021978
USASPENDING_V1,USA,FA8615 AFLCMC WAMK F16,OTHER / OPEN WORLD,AWARD_FIRST_EVIDENCE,91,535580.52,52.23406593406593
USASPENDING_V1,USA,AMERICAN EMBASSY MEXICO - NAS,OTHER / OPEN WORLD,AWARD_FIRST_EVIDENCE,91,35531.23,51.50593406593406
USASPENDING_V1,USA,NATIONAL INSTITUTES OF HEALTH NEI,OTHER / OPEN WORLD,AWARD_FIRST_EVIDENCE,91,15765.75,50.72923076923077
USASPENDING_V1,USA,FA8525  AFLCMC WLSKA,OTHER / OPEN WORLD,AWARD_FIRST_EVIDENCE,91,1046194.34,49.58879120879121
USASPENDING_V1,USA,AMERICAN CONSULATE JOHANNESBURG,OTHER / OPEN WORLD,AWARD_FIRST_EVIDENCE,91,18989.0,49.152527472527474
USASPENDING_V1,USA,U.S. EMBASSY BANJUL,OTHER / OPEN WORLD,AWARD_FIRST_EVIDENCE,91,16682.51,48.643736263736265
USASPENDING_V1,USA,OFFICE OF POSTSECONDARY EDUCATION,OTHER / OPEN WORLD,AWARD_FIRST_EVIDENCE,91,1200.0,48.463736263736266
USASPENDING_V1,USA,AMERICAN CONSULATE GUADALAJARA,OTHER / OPEN WORLD,AWARD_FIRST_EVIDENCE,91,15339.66,46.364615384615384
USASPENDING_V1,USA,0410 AQ HQ     CONTRACT,Translation,AWARD_FIRST_EVIDENCE,90,9590.0,75.20066666666666
USASPENDING_V1,USA,HQ DEF CONTRACT MANAGEMENT AGENCY,Office supplies / consumables resale,AWARD_FIRST_EVIDENCE,90,136.17000000000002,57.14355555555556
USASPENDING_V1,USA,OPM DELEGATED PROCUREMENT OFFICES,OTHER / OPEN WORLD,AWARD_FIRST_EVIDENCE,90,56001.494999999995,56.97266666666667
USASPENDING_V1,USA,USAID/EL SALVADOR,OTHER / OPEN WORLD,AWARD_FIRST_EVIDENCE,90,40261.0,51.44111111111111
USASPENDING_V1,USA,AMERICAN CONSULATE MERIDA,OTHER / OPEN WORLD,AWARD_FIRST_EVIDENCE,90,21909.635000000002,47.36688888888889
USASPENDING_V1,USA,TEXAS NPSC(TXNP),OTHER / OPEN WORLD,AWARD_FIRST_EVIDENCE,90,4075.2,46.83533333333333
USASPENDING_V1,USA,AMERICAN CONSULATE KOLKATA,OTHER / OPEN WORLD,AWARD_FIRST_EVIDENCE,90,12459.814999999999,41.76733333333333
USASPENDING_V1,USA,DLA LAND AND MARITIME,Data entry / clerical processing,AWARD_FIRST_EVIDENCE,89,4114.12,71.46022471910112
USASPENDING_V1,USA,NSWC CARDEROCK,Hardware / AV resale,AWARD_FIRST_EVIDENCE,89,7615.5,70.83056179775281
USASPENDING_V1,USA,261-NETWORK CONTRACT OFFICE 21 (36C261),Hardware / AV resale,AWARD_FIRST_EVIDENCE,89,58302.76,69.54067415730337
USASPENDING_V1,USA,DIGITAL EVIDENCE LABORATORY,OTHER / OPEN WORLD,AWARD_FIRST_EVIDENCE,89,5930.7,49.79842696629213
USASPENDING_V1,USA,U.S. ATTORNEYS OFFICE-NC(E) (USA56),OTHER / OPEN WORLD,AWARD_FIRST_EVIDENCE,89,8043.75,49.11528089887641
USASPENDING_V1,USA,U.S. EMBASSY MOGADISHU,OTHER / OPEN WORLD,AWARD_FIRST_EVIDENCE,89,24000.0,47.26539325842697
USASPENDING_V1,USA,6913G6 VOLPE NATL. TRANS. SYS CNTR,Survey / market research,AWARD_FIRST_EVIDENCE,88,6220.92,66.83613636363637
USASPENDING_V1,USA,NATIONAL INSTITUTES OF HEALTH - CC,Call centre / helpdesk operations,AWARD_FIRST_EVIDENCE,88,89989.64,64.00931818181819
USASPENDING_V1,USA,DCSO COLUMBUS,OTHER / OPEN WORLD,AWARD_FIRST_EVIDENCE,88,545400.0,54.27818181818182
USASPENDING_V1,USA,W7NE USPFO ACTIVITY MAANG 102,OTHER / OPEN WORLD,AWARD_FIRST_EVIDENCE,88,44035.2,52.42136363636364
USASPENDING_V1,USA,FLRA,OTHER / OPEN WORLD,AWARD_FIRST_EVIDENCE,88,26320.0,52.089772727272724
USASPENDING_V1,USA,FA8105  AFLCMC  WKK,OTHER / OPEN WORLD,AWARD_FIRST_EVIDENCE,88,773710.0,49.39818181818182
USASPENDING_V1,USA,FA8218 ALFCMC WNRK,OTHER / OPEN WORLD,AWARD_FIRST_EVIDENCE,88,429607.83999999997,48.60318181818182
USASPENDING_V1,USA,U.S. EMBASSY MONTEVIDEO,OTHER / OPEN WORLD,AWARD_FIRST_EVIDENCE,88,14580.415,47.75659090909091
USASPENDING_V1,USA,DIV OF ACQ AND COOPERATIVE SUPPORT,Call centre / helpdesk operations,AWARD_FIRST_EVIDENCE,87,117401.52,63.64436781609196
USASPENDING_V1,USA,246-NETWORK CONTRACTING OFFICE 6 (36C246),Courier / mail fulfilment,AWARD_FIRST_EVIDENCE,87,251915.84,60.60988505747127
USASPENDING_V1,USA,DOD EDUCATION ACTIVITY,Office supplies / consumables resale,AWARD_FIRST_EVIDENCE,87,2240.54,60.03103448275862
USASPENDING_V1,USA,DCMA SPECIAL PRGMS UNMANNED SYSTEMS,OTHER / OPEN WORLD,AWARD_FIRST_EVIDENCE,87,8166578.0,55.289655172413795
USASPENDING_V1,USA,FA8204  AFNWC PZBG,OTHER / OPEN WORLD,AWARD_FIRST_EVIDENCE,87,226325.0,54.32574712643678
USASPENDING_V1,USA,USAID/PHILIPPINES,OTHER / OPEN WORLD,AWARD_FIRST_EVIDENCE,87,45672.0,53.60551724137931
USASPENDING_V1,USA,W7M6 USPFO ACTIVITY IL ARNG,OTHER / OPEN WORLD,AWARD_FIRST_EVIDENCE,87,37295.15,52.04574712643678
USASPENDING_V1,USA,SEATTLE WA DIVISION OFFICE,OTHER / OPEN WORLD,AWARD_FIRST_EVIDENCE,87,12122.4,48.31655172413793
USASPENDING_V1,USA,W7N6 USPFO ACTIVITY WAANG 141,OTHER / OPEN WORLD,AWARD_FIRST_EVIDENCE,87,35942.4,46.84758620689655
USASPENDING_V1,USA,SCRO,OTHER / OPEN WORLD,AWARD_FIRST_EVIDENCE,87,12199.68,44.05264367816092
USASPENDING_V1,USA,GENERAL CONTRACTING SECTION (FAO),OTHER / OPEN WORLD,AWARD_FIRST_EVIDENCE,87,0.0,43.155402298850575
USASPENDING_V1,USA,NIH NCI,Call centre / helpdesk operations,AWARD_FIRST_EVIDENCE,86,26804.415,66.05279069767442
USASPENDING_V1,USA,W6QK ACC-APG,Call centre / helpdesk operations,AWARD_FIRST_EVIDENCE,86,98772.45,65.65697674418605
USASPENDING_V1,USA,"FWS, IT GOODS",Call centre / helpdesk operations,AWARD_FIRST_EVIDENCE,86,15778.045,61.74813953488372
USASPENDING_V1,USA,OJP OCIO ENT INFRASTRUCTURE,OTHER / OPEN WORLD,AWARD_FIRST_EVIDENCE,86,128032.85500000001,56.684418604651164
USASPENDING_V1,USA,NATIONAL ENDOWMENT FOR THE,OTHER / OPEN WORLD,AWARD_FIRST_EVIDENCE,86,14479.095,54.50186046511628
USASPENDING_V1,USA,OCCUP SAFETY  HEALTH REVIEW COMM,OTHER / OPEN WORLD,AWARD_FIRST_EVIDENCE,86,44553.6,53.88837209302326
USASPENDING_V1,USA,DCMA SOUTHERN CAL (SAN DIEGO),OTHER / OPEN WORLD,AWARD_FIRST_EVIDENCE,86,712733.45,53.428372093023256
USASPENDING_V1,USA,W7MY USPFO ACTIVITY COANG 140,OTHER / OPEN WORLD,AWARD_FIRST_EVIDENCE,86,43894.45,49.80441860465116
USASPENDING_V1,USA,FA6670  914 AW LGC,OTHER / OPEN WORLD,AWARD_FIRST_EVIDENCE,86,43536.795,48.53023255813954
USASPENDING_V1,USA,U.S. EMBASSY VALLETTA,OTHER / OPEN WORLD,AWARD_FIRST_EVIDENCE,86,20843.019999999997,48.42813953488372
USASPENDING_V1,USA,W7N5 USPFO ACTIVITY VAANG 192,OTHER / OPEN WORLD,AWARD_FIRST_EVIDENCE,86,24886.184999999998,47.624186046511625
USASPENDING_V1,USA,SPECIAL OPERATIONS,Transcription / captioning,AWARD_FIRST_EVIDENCE,85,2970.82,76.82094117647058
USASPENDING_V1,USA,249-NETWORK CONTRACT OFFICE 9 (36C249),Hardware / AV resale,AWARD_FIRST_EVIDENCE,85,53535.3,67.8755294117647
USASPENDING_V1,USA,NAVAL SURFACE WARFARE CENTER,Hardware / AV resale,AWARD_FIRST_EVIDENCE,85,5741.9,67.33294117647058
USASPENDING_V1,USA,FA8555  AFLCMC C3IBK,OTHER / OPEN WORLD,AWARD_FIRST_EVIDENCE,85,337296.97,52.43694117647059
USASPENDING_V1,USA,FEDERAL MINE SAFETY  HEALTH REVIEW,OTHER / OPEN WORLD,AWARD_FIRST_EVIDENCE,85,23334.78,50.960235294117645
USASPENDING_V1,USA,W7MU USPFO ACTIVITY AKANG 176,OTHER / OPEN WORLD,AWARD_FIRST_EVIDENCE,85,56966.83,50.94376470588235
USASPENDING_V1,USA,AMERICAN CONSULATE HYDERABAD,OTHER / OPEN WORLD,AWARD_FIRST_EVIDENCE,85,14271.91,45.1644705882353
USASPENDING_V1,USA,U.S. EMBASSY PARAMARIBO,OTHER / OPEN WORLD,AWARD_FIRST_EVIDENCE,85,10000.0,42.33788235294118
USASPENDING_V1,USA,NAVSEA HQ,Hardware / AV resale,AWARD_FIRST_EVIDENCE,84,3130.665,62.867619047619044
USASPENDING_V1,USA,CDC OFFICE OF ACQUISITION SERVICES,Call centre / helpdesk operations,AWARD_FIRST_EVIDENCE,84,24411.61,62.221666666666664
USASPENDING_V1,USA,NAVAL SURFACE WARFARE CENTER,Office supplies / consumables resale,AWARD_FIRST_EVIDENCE,84,397.99,58.40095238095238
USASPENDING_V1,USA,W7M1 USPFO ACTIVITY DC ARNG,OTHER / OPEN WORLD,AWARD_FIRST_EVIDENCE,84,61629.65,51.88095238095238
USASPENDING_V1,USA,W7NE USPFO ACTIVITY MAANG 104,OTHER / OPEN WORLD,AWARD_FIRST_EVIDENCE,84,33595.11,49.37119047619048
USASPENDING_V1,USA,FA8809 SDA AND CMBT PWR SSC/SZK-IK,OTHER / OPEN WORLD,AWARD_FIRST_EVIDENCE,84,2007520.0,48.43071428571429
USASPENDING_V1,USA,W7MW USPFO ACTIVITY ARANG 188,OTHER / OPEN WORLD,AWARD_FIRST_EVIDENCE,84,26303.6,48.02952380952381
USASPENDING_V1,USA,U.S. EMBASSY CHISINAU,OTHER / OPEN WORLD,AWARD_FIRST_EVIDENCE,84,11194.205000000002,43.29642857142857
USASPENDING_V1,USA,TAXPAYER FOCUSED SUPPORT,Call centre / helpdesk operations,AWARD_FIRST_EVIDENCE,83,79661.61,67.18795180722891
USASPENDING_V1,USA,FA8100  AFSC PZIEC,OTHER / OPEN WORLD,AWARD_FIRST_EVIDENCE,83,1052072.0,57.532289156626504
USASPENDING_V1,USA,SELECTIVE SERVICE SYSTEM (SSS),OTHER / OPEN WORLD,AWARD_FIRST_EVIDENCE,83,52320.0,57.3689156626506
USASPENDING_V1,USA,FA2401 SPACE DEVELOPMENT AGENCY SDA,OTHER / OPEN WORLD,AWARD_FIRST_EVIDENCE,83,1723748.46,56.74578313253012
USASPENDING_V1,USA,W7RQ USPFO ACTIVITY VI ARNG,OTHER / OPEN WORLD,AWARD_FIRST_EVIDENCE,83,36765.16,51.46722891566265
USASPENDING_V1,USA,SSA OFC OF ACQUISITION  GRANTS,Call centre / helpdesk operations,AWARD_FIRST_EVIDENCE,82,529749.46,64.83756097560976
USASPENDING_V1,USA,VBA FIELD CONTRACTING (36C10E),Courier / mail fulfilment,AWARD_FIRST_EVIDENCE,82,2010.7350000000001,52.33658536585366
USASPENDING_V1,USA,PBS R2 BUILDING SRVCS BR GROUP 1,OTHER / OPEN WORLD,AWARD_FIRST_EVIDENCE,82,227150.83500000002,46.955365853658535
USASPENDING_V1,USA,AMERICAN EMBASSY GUAYAQUIL,OTHER / OPEN WORLD,AWARD_FIRST_EVIDENCE,82,18402.05,45.473414634146344
USASPENDING_V1,USA,W6QK ACC-APG NATICK,Software licences / SaaS resale,AWARD_FIRST_EVIDENCE,81,169254.99,79.7120987654321
USASPENDING_V1,USA,256-NETWORK CONTRACT OFFICE 16 (36C256),Hardware / AV resale,AWARD_FIRST_EVIDENCE,81,73733.2,69.64444444444445
USASPENDING_V1,USA,250-NETWORK CONTRACT OFFICE 10 (36C250),Courier / mail fulfilment,AWARD_FIRST_EVIDENCE,81,190000.0,61.10444444444445
USASPENDING_V1,USA,RPO CENTRAL (36C24C),OTHER / OPEN WORLD,AWARD_FIRST_EVIDENCE,81,86948.0,52.568641975308644
USASPENDING_V1,USA,FA8202  AFLCMC WWAK,OTHER / OPEN WORLD,AWARD_FIRST_EVIDENCE,81,1061038.58,51.532345679012344
USASPENDING_V1,USA,W7NP USPFO ACTIVITY NJANG 177,OTHER / OPEN WORLD,AWARD_FIRST_EVIDENCE,81,31300.0,49.5
USASPENDING_V1,USA,FA8128  AFNWC PZN,OTHER / OPEN WORLD,AWARD_FIRST_EVIDENCE,81,487813.0,49.279012345679014
USASPENDING_V1,USA,OPERATIONS SUPPORT DIVISION,OTHER / OPEN WORLD,AWARD_FIRST_EVIDENCE,81,13756.4,47.1
USASPENDING_V1,USA,U.S. EMBASSY TALLINN,OTHER / OPEN WORLD,AWARD_FIRST_EVIDENCE,81,14471.29,44.94320987654321
USASPENDING_V1,USA,SIUSLAW NATIONAL FOREST,OTHER / OPEN WORLD,AWARD_FIRST_EVIDENCE,81,0.0,35.013827160493825
USASPENDING_V1,USA,INVESTIGATIONS AND OPERATIONS SUPPORT DALLAS,Hardware / AV resale,AWARD_FIRST_EVIDENCE,80,101133.37,74.14
USASPENDING_V1,USA,260-NETWORK CONTRACT OFFICE 20 (36C260),Call centre / helpdesk operations,AWARD_FIRST_EVIDENCE,80,20210.205,61.45525
USASPENDING_V1,USA,DCMA AIMO NORTH TX,OTHER / OPEN WORLD,AWARD_FIRST_EVIDENCE,80,13225300.5,55.17075
USASPENDING_V1,USA,NAVY PERSONNEL COMMAND,OTHER / OPEN WORLD,AWARD_FIRST_EVIDENCE,80,34244.04,53.8815
USASPENDING_V1,USA,W7NU USPFO ACTIVITY OHANG 180,OTHER / OPEN WORLD,AWARD_FIRST_EVIDENCE,80,28350.0,50.165
USASPENDING_V1,USA,W7NG USPFO ACTIVITY MNANG 133,OTHER / OPEN WORLD,AWARD_FIRST_EVIDENCE,80,35457.86,49.19125
USASPENDING_V1,USA,EASTERN REGION,OTHER / OPEN WORLD,AWARD_FIRST_EVIDENCE,80,19585.995000000003,48.57725
USASPENDING_V1,USA,NORTHEAST LABORATORY,OTHER / OPEN WORLD,AWARD_FIRST_EVIDENCE,80,7949.02,46.4405
USASPENDING_V1,USA,NAVAL SUPPORT ACTIVITY SOUDA BAY,OTHER / OPEN WORLD,AWARD_FIRST_EVIDENCE,80,2461.0,36.36725
USASPENDING_V1,USA,NAVSUP WEAPON SYSTEMS SUPPORT MECH,Hardware / AV resale,AWARD_FIRST_EVIDENCE,79,19876.99,71.38708860759493
USASPENDING_V1,USA,DEFENSE HEALTH AGENCY,Hardware / AV resale,AWARD_FIRST_EVIDENCE,79,75259.0,69.70025316455697
USASPENDING_V1,USA,NSWC PHILADELPHIA DIV,Office supplies / consumables resale,AWARD_FIRST_EVIDENCE,79,505.1,58.73493670886076
USASPENDING_V1,USA,FA8723  AFLCMC HBQK C BM,OTHER / OPEN WORLD,AWARD_FIRST_EVIDENCE,79,3996929.0,53.73721518987342
USASPENDING_V1,USA,W7MW USPFO ACTIVITY ARANG 189,OTHER / OPEN WORLD,AWARD_FIRST_EVIDENCE,79,67500.0,50.652151898734175
USASPENDING_V1,USA,U.S. ATTORNEYS OFFICE-TX(N) (USA77),OTHER / OPEN WORLD,AWARD_FIRST_EVIDENCE,79,27974.5,50.539240506329115
USASPENDING_V1,USA,W7MX USPFO ACTIVITY CAANG 163,OTHER / OPEN WORLD,AWARD_FIRST_EVIDENCE,79,29938.0,50.34151898734177
USASPENDING_V1,USA,SOUTHERN REGION FIRE AVIATION,OTHER / OPEN WORLD,AWARD_FIRST_EVIDENCE,79,17707.9,49.271645569620254
USASPENDING_V1,USA,W7N7 USPFO ACTIVITY WVANG 167,OTHER / OPEN WORLD,AWARD_FIRST_EVIDENCE,79,30389.63,48.93594936708861
USASPENDING_V1,USA,PBS R7 PROG SUPPORT - REGIONAL SUPPORT,OTHER / OPEN WORLD,AWARD_FIRST_EVIDENCE,79,74605.61,48.67417721518987
USASPENDING_V1,USA,NAVOPSPTCEN MANCHESTER,OTHER / OPEN WORLD,AWARD_FIRST_EVIDENCE,79,2688.0,44.58177215189873
USASPENDING_V1,USA,CDC OFFICE OF ACQUISITION SERVICES,Software licences / SaaS resale,AWARD_FIRST_EVIDENCE,78,88195.26,78.79974358974358
USASPENDING_V1,USA,FDA OFFICE OF ACQ  GRANT SVCS,Hardware / AV resale,AWARD_FIRST_EVIDENCE,78,115274.655,71.10512820512821
USASPENDING_V1,USA,USDA FOREST SERVICE,Hardware / AV resale,AWARD_FIRST_EVIDENCE,78,65072.445,68.49230769230769
USASPENDING_V1,USA,241-NETWORK CONTRACT OFFICE 01 (36C241),Hardware / AV resale,AWARD_FIRST_EVIDENCE,78,40520.595,67.59282051282051
USASPENDING_V1,USA,PBS R4 AMD CAPITAL/AE BRANCH,OTHER / OPEN WORLD,AWARD_FIRST_EVIDENCE,78,670686.6950000001,50.72948717948718
USASPENDING_V1,USA,W7N6 USPFO ACTIVITY WAANG 194,OTHER / OPEN WORLD,AWARD_FIRST_EVIDENCE,78,50924.475,50.697435897435895
USASPENDING_V1,USA,PARTNERSHIP&DEVELOPMENT DIVISION (PDD),OTHER / OPEN WORLD,AWARD_FIRST_EVIDENCE,78,26160.345,49.27333333333333
USASPENDING_V1,USA,U.S. ATTORNEYS OFFICE-CO (USA13),OTHER / OPEN WORLD,AWARD_FIRST_EVIDENCE,78,11212.165,48.892051282051284
USASPENDING_V1,USA,FLEET ACTIVITIES SASEBO,OTHER / OPEN WORLD,AWARD_FIRST_EVIDENCE,78,5538.575,39.184615384615384
USASPENDING_V1,USA,NATIONAL INSTITUTES OF HEALTH NIAID,Hardware / AV resale,AWARD_FIRST_EVIDENCE,77,82113.11,73.94883116883116
USASPENDING_V1,USA,IT CONTRACTING DIVISION - PL83,Hardware / AV resale,AWARD_FIRST_EVIDENCE,77,24212.48,73.49038961038961
USASPENDING_V1,USA,257-NETWORK CONTRACT OFFICE 17 (36C257),Hardware / AV resale,AWARD_FIRST_EVIDENCE,77,143490.0,70.25350649350649
USASPENDING_V1,USA,FA3020  82 CONS LGC,Call centre / helpdesk operations,AWARD_FIRST_EVIDENCE,77,92737.0,64.86051948051949
USASPENDING_V1,USA,NETWORK CONTRACT OFFICE 19 (36C259),Courier / mail fulfilment,AWARD_FIRST_EVIDENCE,77,140400.0,60.85636363636364
USASPENDING_V1,USA,FA8806 BATTLE MNGMNT C3 SSC/BCK,OTHER / OPEN WORLD,AWARD_FIRST_EVIDENCE,77,2908152.32,55.743376623376626
USASPENDING_V1,USA,NATIONAL MUSEUM OF AMERICAN HISTORY,OTHER / OPEN WORLD,AWARD_FIRST_EVIDENCE,77,35084.0,53.123116883116886
USASPENDING_V1,USA,FA8520  AFLCMC EBUK,OTHER / OPEN WORLD,AWARD_FIRST_EVIDENCE,77,428476.0,50.75506493506494
USASPENDING_V1,USA,W7NU USPFO ACTIVITY OHANG 178,OTHER / OPEN WORLD,AWARD_FIRST_EVIDENCE,77,18920.0,49.58701298701299
USASPENDING_V1,USA,Rocky Mountain Regional Office,OTHER / OPEN WORLD,AWARD_FIRST_EVIDENCE,77,19791.0,48.69350649350649
USASPENDING_V1,USA,W7NR USPFO ACTIVITY NYANG 107,OTHER / OPEN WORLD,AWARD_FIRST_EVIDENCE,77,16714.5,48.30623376623377
USASPENDING_V1,USA,OFFICE OF THE CHIEF FINANCIAL OFFICER,OTHER / OPEN WORLD,AWARD_FIRST_EVIDENCE,76,212783.5,54.748684210526314
USASPENDING_V1,USA,FA3029 71 FTW CVC,OTHER / OPEN WORLD,AWARD_FIRST_EVIDENCE,76,160698.33000000002,50.93421052631579
USASPENDING_V1,USA,W7NU USPFO ACTIVITY OHANG 121,OTHER / OPEN WORLD,AWARD_FIRST_EVIDENCE,76,17191.75,49.95078947368421
USASPENDING_V1,USA,PBS ACQ CENTER FACILITY MGMT SERVICES - R3,OTHER / OPEN WORLD,AWARD_FIRST_EVIDENCE,76,732776.9750000001,48.56473684210526
USASPENDING_V1,USA,PBS FACILITY MANAGEMENT EAST - BRANCH C,OTHER / OPEN WORLD,AWARD_FIRST_EVIDENCE,76,437854.425,47.171578947368424
USASPENDING_V1,USA,U.S. ATTORNEYS OFFICE-MI(W) (USA40),OTHER / OPEN WORLD,AWARD_FIRST_EVIDENCE,76,7821.71,47.07868421052632
USASPENDING_V1,USA,LIBRARY OF CONGRESS FEDLINK,OTHER / OPEN WORLD,AWARD_FIRST_EVIDENCE,76,0.0,41.58578947368421
USASPENDING_V1,USA,FPAC BUS CNTR-ACQ DIV-IT_ENTERP SEC,Call centre / helpdesk operations,AWARD_FIRST_EVIDENCE,75,60794.76,60.07653333333333
USASPENDING_V1,USA,NAVSEALOGCENKYPTDIVNUWC  MECH PA,OTHER / OPEN WORLD,AWARD_FIRST_EVIDENCE,75,67464.14,53.142133333333334
USASPENDING_V1,USA,W7NC USPFO ACTIVITY ME ARNG,OTHER / OPEN WORLD,AWARD_FIRST_EVIDENCE,75,26880.0,52.6488
USASPENDING_V1,USA,W7MT USPFO ACTIVITY ALANG 117,OTHER / OPEN WORLD,AWARD_FIRST_EVIDENCE,75,25951.2,48.461333333333336
USASPENDING_V1,USA,U.S. EMBASSY HELSINKI,OTHER / OPEN WORLD,AWARD_FIRST_EVIDENCE,75,11057.83,43.38
USASPENDING_V1,USA,W6QK ACC-RI,Software licences / SaaS resale,AWARD_FIRST_EVIDENCE,74,207611.515,80.3681081081081
USASPENDING_V1,USA,ADMINISTRATION FACILITIES TRAINING CONTRACTING DIVISION,Hardware / AV resale,AWARD_FIRST_EVIDENCE,74,1716593.3450000002,69.71972972972974
USASPENDING_V1,USA,245-NETWORK CONTRACT OFFICE 5 (36C245),Hardware / AV resale,AWARD_FIRST_EVIDENCE,74,84327.745,68.24756756756757
USASPENDING_V1,USA,USAID/CENTRAL ASIA/KAZAKHSTAN,OTHER / OPEN WORLD,AWARD_FIRST_EVIDENCE,74,127330.475,54.31675675675676
USASPENDING_V1,USA,W7NA USPFO ACTIVITY KYANG 123,OTHER / OPEN WORLD,AWARD_FIRST_EVIDENCE,74,30923.190000000002,51.14783783783784
USASPENDING_V1,USA,REGIONAL SUPPORT CENTER – AMMAN,OTHER / OPEN WORLD,AWARD_FIRST_EVIDENCE,74,26898.59,49.02918918918919
USASPENDING_V1,USA,U.S. ATTORNEYS OFFICE-TN(M) (USA75),OTHER / OPEN WORLD,AWARD_FIRST_EVIDENCE,74,7659.16,48.63189189189189
USASPENDING_V1,USA,U.S. ATTORNEYS OFFICE-SC (USA71),OTHER / OPEN WORLD,AWARD_FIRST_EVIDENCE,74,18400.0,48.57054054054054
USASPENDING_V1,USA,BASE CAPE COD(00052),OTHER / OPEN WORLD,AWARD_FIRST_EVIDENCE,74,33895.270000000004,47.7654054054054
USASPENDING_V1,USA,697DCK REGIONAL ACQUISITIONS SVCS,Software licences / SaaS resale,AWARD_FIRST_EVIDENCE,73,128630.49,76.18657534246576
USASPENDING_V1,USA,OFC OF ACQUSITION  GRANTS-NATIONAL,Hardware / AV resale,AWARD_FIRST_EVIDENCE,73,48984.0,67.30328767123288
USASPENDING_V1,USA,IMR SANTA FE(12100),Call centre / helpdesk operations,AWARD_FIRST_EVIDENCE,73,27740.0,61.73835616438356
USASPENDING_V1,USA,W7NW USPFO ACTIVITY OR ARNG,OTHER / OPEN WORLD,AWARD_FIRST_EVIDENCE,73,24000.0,51.057534246575344
USASPENDING_V1,USA,W7MX USPFO ACTIVITY CAANG 144,OTHER / OPEN WORLD,AWARD_FIRST_EVIDENCE,73,50971.2,48.43260273972603
USASPENDING_V1,USA,INFORMATION TECHNOLOGY COMMODITIES AND TELECOMMUNICATIONS,Hardware / AV resale,AWARD_FIRST_EVIDENCE,72,30084.645,74.86194444444445
USASPENDING_V1,USA,NSWC PHILADELPHIA DIV,Hardware / AV resale,AWARD_FIRST_EVIDENCE,72,30042.475,70.4675
USASPENDING_V1,USA,CPO : IT OPERATIONS SUPPORT DIVISION; NOF,OTHER / OPEN WORLD,AWARD_FIRST_EVIDENCE,72,1817851.995,63.025555555555556
USASPENDING_V1,USA,FA2835 AFLCMC HANSCOM PZI,Call centre / helpdesk operations,AWARD_FIRST_EVIDENCE,72,34959.1,62.94694444444445
USASPENDING_V1,USA,FAS SYSTEMS TRANSFORMATION,OTHER / OPEN WORLD,AWARD_FIRST_EVIDENCE,72,632934.9099999999,57.49638888888889
USASPENDING_V1,USA,NCTAMS LANT,Office supplies / consumables resale,AWARD_FIRST_EVIDENCE,72,283.175,57.024166666666666
USASPENDING_V1,USA,FA2398 CM CT INT SRV RCN AFLCMC/HBG,OTHER / OPEN WORLD,AWARD_FIRST_EVIDENCE,72,3839549.825,54.7625
USASPENDING_V1,USA,FA8110 AFLCMC WBK-2 B-2,OTHER / OPEN WORLD,AWARD_FIRST_EVIDENCE,72,6908957.885,53.653333333333336
USASPENDING_V1,USA,W7M0 USPFO ACTIVITY DE ARNG,OTHER / OPEN WORLD,AWARD_FIRST_EVIDENCE,72,28892.75,53.55916666666667
USASPENDING_V1,USA,OFFICE OF PROTECTIVE SERVICES,OTHER / OPEN WORLD,AWARD_FIRST_EVIDENCE,72,35018.0,53.321666666666665
USASPENDING_V1,USA,USAID/GUATEMALA,OTHER / OPEN WORLD,AWARD_FIRST_EVIDENCE,72,21229.075,50.79138888888889
USASPENDING_V1,USA,PBS R11 CONSTRUCTION SERVICES DIVSION,OTHER / OPEN WORLD,AWARD_FIRST_EVIDENCE,72,71674.98999999999,47.250277777777775
USASPENDING_V1,USA,SOUTHWEST LABORATORY,OTHER / OPEN WORLD,AWARD_FIRST_EVIDENCE,72,5074.505,45.99444444444445
USASPENDING_V1,USA,MID-ATLANTIC LABORATORY,OTHER / OPEN WORLD,AWARD_FIRST_EVIDENCE,72,3011.535,43.844166666666666
USASPENDING_V1,USA,OFC OF ACQUISITION AND GRANTS MGMT,Hardware / AV resale,AWARD_FIRST_EVIDENCE,71,4724892.0,75.93943661971831
USASPENDING_V1,USA,NAVSUP FLT LOG CTR NORFOLK,Hardware / AV resale,AWARD_FIRST_EVIDENCE,71,33475.96,70.94901408450704
USASPENDING_V1,USA,NAVFACSYSCOM MID-ATLANTIC,Hardware / AV resale,AWARD_FIRST_EVIDENCE,71,160103.0,66.09352112676056
USASPENDING_V1,USA,W6QM MICC-JB LEWIS-MC CHORD,Call centre / helpdesk operations,AWARD_FIRST_EVIDENCE,71,29526.64,61.710422535211265
USASPENDING_V1,USA,NAVAL AIR WARFARE CENTER,Call centre / helpdesk operations,AWARD_FIRST_EVIDENCE,71,32020.05,60.64732394366197
USASPENDING_V1,USA,CHIEF INFORMATION OFFICER,OTHER / OPEN WORLD,AWARD_FIRST_EVIDENCE,71,268473.44,55.47746478873239
USASPENDING_V1,USA,U.S. ATTORNEYS OFFICE-PA(E) (USA66),OTHER / OPEN WORLD,AWARD_FIRST_EVIDENCE,71,68750.0,52.78281690140845
USASPENDING_V1,USA,U.S. ATTORNEYS OFFICE-MA (USA38),OTHER / OPEN WORLD,AWARD_FIRST_EVIDENCE,71,10656.25,49.11267605633803
USASPENDING_V1,USA,U.S. ATTORNEYS OFFICE-MT (USA46),OTHER / OPEN WORLD,AWARD_FIRST_EVIDENCE,71,5665.97,46.64985915492958
USASPENDING_V1,USA,NAVOPSPTCEN BESSEMER,OTHER / OPEN WORLD,AWARD_FIRST_EVIDENCE,71,0.0,45.33380281690141
USASPENDING_V1,USA,PBS ACQ CENTER FACILITY MGMT SERVICES - R11,OTHER / OPEN WORLD,AWARD_FIRST_EVIDENCE,71,144721.68,45.25802816901408
USASPENDING_V1,USA,AMERICAN EMBASSY CHIANG MAI,OTHER / OPEN WORLD,AWARD_FIRST_EVIDENCE,71,14820.07,44.85239436619718
USASPENDING_V1,USA,NAVSUP WEAPON SYSTEMS SUPPORT,Hardware / AV resale,AWARD_FIRST_EVIDENCE,70,109625.5,69.21142857142857
USASPENDING_V1,USA,MWR OHIO(64000),Call centre / helpdesk operations,AWARD_FIRST_EVIDENCE,70,19763.575,62.621428571428574
USASPENDING_V1,USA,VHA CHIEF LOGISTICS OFFICE (36C240),OTHER / OPEN WORLD,AWARD_FIRST_EVIDENCE,70,275494247.82,52.78
USASPENDING_V1,USA,FA4600  55 CONS  PKP,Call centre / helpdesk operations,AWARD_FIRST_EVIDENCE,69,65638.4,64.89072463768116
USASPENDING_V1,USA,OFC OF ACQUSITION  GRANTS-NATIONAL,Call centre / helpdesk operations,AWARD_FIRST_EVIDENCE,69,48217.2,63.05652173913043
USASPENDING_V1,USA,NAVSUP WEAPON SYSTEMS SUPPORT MECH,Office supplies / consumables resale,AWARD_FIRST_EVIDENCE,69,4573.38,59.63478260869565
USASPENDING_V1,USA,FAS-OCAS-OIA (OFFICE OF INTERNAL ACQUISITIONS),OTHER / OPEN WORLD,AWARD_FIRST_EVIDENCE,69,234864.72,59.25971014492754
USASPENDING_V1,USA,24 SOW,OTHER / OPEN WORLD,AWARD_FIRST_EVIDENCE,69,39990.0,52.61739130434783
USASPENDING_V1,USA,U.S. ATTORNEYS OFFICE-WV(N) (USA87),OTHER / OPEN WORLD,AWARD_FIRST_EVIDENCE,69,8655.72,47.35246376811594
USASPENDING_V1,USA,AMERICAN CONSULATE MATAMOROS,OTHER / OPEN WORLD,AWARD_FIRST_EVIDENCE,69,16948.08,46.35855072463768
USASPENDING_V1,USA,260-NETWORK CONTRACT OFFICE 20 (36C260),Hardware / AV resale,AWARD_FIRST_EVIDENCE,68,51259.020000000004,69.52058823529411
USASPENDING_V1,USA,0411 AQ HQ     CONTRACT AUG,Office supplies / consumables resale,AWARD_FIRST_EVIDENCE,68,146402.525,69.01529411764706
USASPENDING_V1,USA,FA4877  355 CONS PK,Call centre / helpdesk operations,AWARD_FIRST_EVIDENCE,68,45969.43,64.76323529411765
USASPENDING_V1,USA,NATIONAL INSTITUTE OF  HEALTH NIEHS,Call centre / helpdesk operations,AWARD_FIRST_EVIDENCE,68,62000.84,64.01117647058824
USASPENDING_V1,USA,FA2217  COCOM C2 AFLCMC/HBC,OTHER / OPEN WORLD,AWARD_FIRST_EVIDENCE,68,540654.35,58.83
USASPENDING_V1,USA,OFFICE OF NAVAL RESEARCH CHICAGO,OTHER / OPEN WORLD,AWARD_FIRST_EVIDENCE,68,1495360.0,56.013823529411766
USASPENDING_V1,USA,USAID/DEMOCRATIC REPUBLIC OF CONGO,OTHER / OPEN WORLD,AWARD_FIRST_EVIDENCE,68,93469.51999999999,53.68558823529412
USASPENDING_V1,USA,NATIONAL INSTITUTES OF HEALTH NINR,OTHER / OPEN WORLD,AWARD_FIRST_EVIDENCE,68,18947.745000000003,48.919411764705885
USASPENDING_V1,USA,PBS R6 SMALL PROJECTS ACQUISITION ST. LOUIS WEST,OTHER / OPEN WORLD,AWARD_FIRST_EVIDENCE,68,17633.464999999997,41.52970588235294
USASPENDING_V1,USA,OFFICE OF TRAINING,Uniforms / PPE resale,AWARD_FIRST_EVIDENCE,67,21873.02,66.12626865671642
USASPENDING_V1,USA,GSA FAS AAS REGION 2,OTHER / OPEN WORLD,AWARD_FIRST_EVIDENCE,67,6566030.42,58.08716417910448
USASPENDING_V1,USA,0410 AQ HQ     CONTRACTING SUP,OTHER / OPEN WORLD,AWARD_FIRST_EVIDENCE,67,70389.75,49.6110447761194
USASPENDING_V1,USA,NUCLEAR REGULATORY COMMISSION,Software licences / SaaS resale,AWARD_FIRST_EVIDENCE,66,148283.815,79.33181818181818
USASPENDING_V1,USA,IT CONTRACTING DIVISION - PL83,Software licences / SaaS resale,AWARD_FIRST_EVIDENCE,66,121691.34,78.63757575757576
USASPENDING_V1,USA,247-NETWORK CONTRACT OFFICE 7 (36C247),Hardware / AV resale,AWARD_FIRST_EVIDENCE,66,74395.25,69.83151515151515
USASPENDING_V1,USA,NETWORK CONTRACT OFFICE 23 (36C263),Hardware / AV resale,AWARD_FIRST_EVIDENCE,66,49146.825,68.27424242424243
USASPENDING_V1,USA,FA8652 AFRL HQ AFRL/PK,OTHER / OPEN WORLD,AWARD_FIRST_EVIDENCE,66,131794.385,60.32090909090909
USASPENDING_V1,USA,FA9550  AFRL AFOSR,OTHER / OPEN WORLD,AWARD_FIRST_EVIDENCE,66,250000.0,59.6730303030303
USASPENDING_V1,USA,W6QM MICC-FT SILL,Office supplies / consumables resale,AWARD_FIRST_EVIDENCE,66,494.725,57.13818181818182
USASPENDING_V1,USA,W7NQ USPFO ACTIVITY NMANG 150,OTHER / OPEN WORLD,AWARD_FIRST_EVIDENCE,66,21120.555,50.73848484848485
USASPENDING_V1,USA,W7NW USPFO ACTIVITY ORANG 173,OTHER / OPEN WORLD,AWARD_FIRST_EVIDENCE,66,33207.75,48.96060606060606
USASPENDING_V1,USA,"FA2523  DETACHMENT 1, 21 CONS",OTHER / OPEN WORLD,AWARD_FIRST_EVIDENCE,66,269704.70999999996,48.411212121212124
USASPENDING_V1,USA,NAVOPSPTCEN ROCHESTER,OTHER / OPEN WORLD,AWARD_FIRST_EVIDENCE,66,1993.94,43.93181818181818
USASPENDING_V1,USA,AMERICAN CONSULATE ADANA,OTHER / OPEN WORLD,AWARD_FIRST_EVIDENCE,66,0.0,39.31939393939394
USASPENDING_V1,USA,NIWC PACIFIC,Hardware / AV resale,AWARD_FIRST_EVIDENCE,65,90923.62,72.0356923076923
USASPENDING_V1,USA,W6QM MICC-FDO FT HOOD,Call centre / helpdesk operations,AWARD_FIRST_EVIDENCE,65,107977.65,64.83938461538462
USASPENDING_V1,USA,247-NETWORK CONTRACT OFFICE 7 (36C247),Courier / mail fulfilment,AWARD_FIRST_EVIDENCE,65,225000.0,61.53938461538461
USASPENDING_V1,USA,ARC DIV PROC SVCS - HUD OIG,OTHER / OPEN WORLD,AWARD_FIRST_EVIDENCE,65,129847.17,56.482461538461536
USASPENDING_V1,USA,FA9422 AFNWC/NDK AFNWC/NDKK,OTHER / OPEN WORLD,AWARD_FIRST_EVIDENCE,65,1792224.0,55.28953846153846
USASPENDING_V1,USA,DCMA VERTICAL LIFT PHILADELPHIA,OTHER / OPEN WORLD,AWARD_FIRST_EVIDENCE,65,32427632.0,53.969846153846156
USASPENDING_V1,USA,W7N4 USPFO ACTIVITY VTANG 158,OTHER / OPEN WORLD,AWARD_FIRST_EVIDENCE,65,48568.34,50.460307692307694
USASPENDING_V1,USA,PBS R00 ACQUISITION SUPPORT DIVISION,OTHER / OPEN WORLD,AWARD_FIRST_EVIDENCE,65,87221.18,50.280923076923074
USASPENDING_V1,USA,U.S. ATTORNEYS OFFICE-OR (USA65),OTHER / OPEN WORLD,AWARD_FIRST_EVIDENCE,65,12448.08,49.215384615384615
USASPENDING_V1,USA,U.S. ATTORNEYS OFFICE-WA(W) (USA86),OTHER / OPEN WORLD,AWARD_FIRST_EVIDENCE,65,10150.0,48.520923076923076
USASPENDING_V1,USA,FA8638 AFLCMC HBKD,OTHER / OPEN WORLD,AWARD_FIRST_EVIDENCE,65,888304.0,48.37230769230769
USASPENDING_V1,USA,W7M3 USPFO ACTIVITY GAANG 165,OTHER / OPEN WORLD,AWARD_FIRST_EVIDENCE,65,22560.0,48.058461538461536
USASPENDING_V1,USA,U.S. EMBASSY KOROR,OTHER / OPEN WORLD,AWARD_FIRST_EVIDENCE,65,16500.0,47.33384615384615
USASPENDING_V1,USA,BOISE DISTRICT OFFICE,OTHER / OPEN WORLD,AWARD_FIRST_EVIDENCE,65,16000.0,46.74923076923077
USASPENDING_V1,USA,AMERICAN CONSULATE TORONTO,OTHER / OPEN WORLD,AWARD_FIRST_EVIDENCE,65,13582.88,45.52153846153846
USASPENDING_V1,USA,U.S. EMBASSY PORT LOUIS,OTHER / OPEN WORLD,AWARD_FIRST_EVIDENCE,65,11746.57,44.96430769230769
USASPENDING_V1,USA,DEFENSE HEALTH AGENCY,Call centre / helpdesk operations,AWARD_FIRST_EVIDENCE,64,788575.675,69.1296875
USASPENDING_V1,USA,ACQUISITIONS - AQM MOMENTUM,Office supplies / consumables resale,AWARD_FIRST_EVIDENCE,64,51260.75,65.9784375
USASPENDING_V1,USA,W2V6 USA ENG SPT CTR HUNTSVIL,Hardware / AV resale,AWARD_FIRST_EVIDENCE,64,2168114.41,65.8809375
USASPENDING_V1,USA,0409 AQ HQ     CONTRACT,Call centre / helpdesk operations,AWARD_FIRST_EVIDENCE,64,140476.9,65.3
USASPENDING_V1,USA,NSWC CARDEROCK,Office supplies / consumables resale,AWARD_FIRST_EVIDENCE,64,316.6,57.5028125
USASPENDING_V1,USA,WOODROW WILSON INTERNATIONAL CENTER FOR INTERNATIONAL SCHOLARS,OTHER / OPEN WORLD,AWARD_FIRST_EVIDENCE,64,47067.83,56.7521875
USASPENDING_V1,USA,SMITHSONIAN INSTITUTION LIBRARIES AND ARCHIVES,OTHER / OPEN WORLD,AWARD_FIRST_EVIDENCE,64,25153.5,56.41375
USASPENDING_V1,USA,FORCES SURVEILLANCE SUPPORT CENTER,OTHER / OPEN WORLD,AWARD_FIRST_EVIDENCE,64,77598.72,55.8796875
USASPENDING_V1,USA,USAID/HAITI,OTHER / OPEN WORLD,AWARD_FIRST_EVIDENCE,64,140924.215,52.3503125
USASPENDING_V1,USA,U.S. EMBASSY ASMARA,OTHER / OPEN WORLD,AWARD_FIRST_EVIDENCE,64,25743.745,49.359375
USASPENDING_V1,USA,U.S. EMBASSY JUBA,OTHER / OPEN WORLD,AWARD_FIRST_EVIDENCE,64,21842.765,49.0634375
USASPENDING_V1,USA,MID-WEST REGION,OTHER / OPEN WORLD,AWARD_FIRST_EVIDENCE,64,5036.975,48.9921875
USASPENDING_V1,USA,U.S. ATTORNEYS OFFICE-MD (USA37),OTHER / OPEN WORLD,AWARD_FIRST_EVIDENCE,64,11117.895,48.5478125
USASPENDING_V1,USA,U.S. ATTORNEYS OFFICE-LA(E) (USA33),OTHER / OPEN WORLD,AWARD_FIRST_EVIDENCE,64,5675.0,46.14125
USASPENDING_V1,USA,ARC DIV PROC SVCS - MINT,Software licences / SaaS resale,AWARD_FIRST_EVIDENCE,63,28289.85,76.14285714285714
USASPENDING_V1,USA,FA5270  18 CONS PK,Call centre / helpdesk operations,AWARD_FIRST_EVIDENCE,63,60780.0,64.15968253968254
USASPENDING_V1,USA,NATIONAL INSTITUTES OF HEALTH OLAO,Uniforms / PPE resale,AWARD_FIRST_EVIDENCE,63,21012.13,62.11174603174603
USASPENDING_V1,USA,GREAT PLAINS AREA INDIAN HEALTH SVC,Recruitment / temporary staffing,AWARD_FIRST_EVIDENCE,63,101597.23,60.5984126984127
USASPENDING_V1,USA,W6J1 RCCTO REDSTONE,OTHER / OPEN WORLD,AWARD_FIRST_EVIDENCE,63,294300.0,55.074285714285715
USASPENDING_V1,USA,DCMA CONTRACT TERMINATIONS GROUP,OTHER / OPEN WORLD,AWARD_FIRST_EVIDENCE,63,364060.0,54.38126984126984
USASPENDING_V1,USA,FA8611 AFLCMC WAUK F22,OTHER / OPEN WORLD,AWARD_FIRST_EVIDENCE,63,36981000.0,54.06285714285714
USASPENDING_V1,USA,NATIONAL HANSENS DISEASE PROGRAM,OTHER / OPEN WORLD,AWARD_FIRST_EVIDENCE,63,245154.0,52.02063492063492
USASPENDING_V1,USA,W7NM USPFO ACTIVITY NVANG 152,OTHER / OPEN WORLD,AWARD_FIRST_EVIDENCE,63,41340.96,51.65555555555556
USASPENDING_V1,USA,FA8606 AFLCMC ROUK HS AFLCMC/ROUK,OTHER / OPEN WORLD,AWARD_FIRST_EVIDENCE,63,774028.0,51.3431746031746
USASPENDING_V1,USA,W7NH USPFO ACTIVITY MSANG CRTC,OTHER / OPEN WORLD,AWARD_FIRST_EVIDENCE,63,51120.51,50.378412698412696
USASPENDING_V1,USA,U.S. ATTORNEYS OFFICE-IL(S) (USA25),OTHER / OPEN WORLD,AWARD_FIRST_EVIDENCE,63,5375.0,48.98253968253968
USASPENDING_V1,USA,U.S. ATTORNEYS OFFICE-KY(E) (USA32),OTHER / OPEN WORLD,AWARD_FIRST_EVIDENCE,63,18996.42,48.35079365079365
USASPENDING_V1,USA,GSA/NATL INFO TECH PROGRAM (NITCP),OTHER / OPEN WORLD,AWARD_FIRST_EVIDENCE,63,0.0,47.3584126984127
USASPENDING_V1,USA,U.S. EMBASSY BRATISLAVA,OTHER / OPEN WORLD,AWARD_FIRST_EVIDENCE,63,13306.07,45.953968253968256
USASPENDING_V1,USA,CDC OFFICE OF ACQUISITION SERVICES,Survey / market research,AWARD_FIRST_EVIDENCE,62,933497.125,78.63
USASPENDING_V1,USA,FA8139  AFSC PZIMB  SOFTWARE,Call centre / helpdesk operations,AWARD_FIRST_EVIDENCE,62,85505.93,65.49967741935484
USASPENDING_V1,USA,NATIONAL INSTITUTES OF HEALTH NIA,Call centre / helpdesk operations,AWARD_FIRST_EVIDENCE,62,60881.16,65.02193548387096
USASPENDING_V1,USA,W07V ENDIST ST LOUIS,Office supplies / consumables resale,AWARD_FIRST_EVIDENCE,62,245.32,57.09193548387097
USASPENDING_V1,USA,NAVAL HOSPITAL SIGONELLA ITALY,Office supplies / consumables resale,AWARD_FIRST_EVIDENCE,62,119.1,57.07483870967742
USASPENDING_V1,USA,CPO : MANAGEMENT SUPPORT DIVISION,OTHER / OPEN WORLD,AWARD_FIRST_EVIDENCE,62,195023.005,56.06645161290323
USASPENDING_V1,USA,FA8622 AFLCMC AZS EPASS,OTHER / OPEN WORLD,AWARD_FIRST_EVIDENCE,62,42905749.370000005,55.789032258064516
USASPENDING_V1,USA,FA8634 AFLCMC WAQK F15,OTHER / OPEN WORLD,AWARD_FIRST_EVIDENCE,62,58376251.565,53.80516129032258
USASPENDING_V1,USA,NAVOPSPTCEN ATLANTA,OTHER / OPEN WORLD,AWARD_FIRST_EVIDENCE,62,3912.0,47.66129032258065
USASPENDING_V1,USA,AMERICAN CONSULATE NUEVO LAREDO,OTHER / OPEN WORLD,AWARD_FIRST_EVIDENCE,62,16135.93,47.52290322580645
USASPENDING_V1,USA,NAVOPSPTCEN AUGUST,OTHER / OPEN WORLD,AWARD_FIRST_EVIDENCE,62,2815.5,45.93225806451613
USASPENDING_V1,USA,JOINT POW MIA ACCOUNTING COMMAND,OTHER / OPEN WORLD,AWARD_FIRST_EVIDENCE,62,20509.864999999998,43.81290322580645
USASPENDING_V1,USA,ACQUISITIONS -  AQM SILMS,Hardware / AV resale,AWARD_FIRST_EVIDENCE,61,6540.0,70.18885245901639
USASPENDING_V1,USA,W6QK ACC-RSA,Video production / post-production,AWARD_FIRST_EVIDENCE,61,3180483.0,70.11245901639344
USASPENDING_V1,USA,USAID/ZIMBABWE,OTHER / OPEN WORLD,AWARD_FIRST_EVIDENCE,61,95428.74,53.33901639344262
USASPENDING_V1,USA,NUCLEAR REGLATORY COMMISSION,OTHER / OPEN WORLD,AWARD_FIRST_EVIDENCE,61,2400.0,51.691803278688525
USASPENDING_V1,USA,W7NC USPFO ACTIVITY MEANG 101,OTHER / OPEN WORLD,AWARD_FIRST_EVIDENCE,61,23780.99,50.787540983606554
USASPENDING_V1,USA,W7NF USPFO ACTIVITY MIANG CRTC,OTHER / OPEN WORLD,AWARD_FIRST_EVIDENCE,61,57287.47,50.10327868852459
USASPENDING_V1,USA,AMERICAN CONSULATE OSAKA-KOBE,OTHER / OPEN WORLD,AWARD_FIRST_EVIDENCE,61,19000.0,48.279016393442625
USASPENDING_V1,USA,W6QK ACC-APG,Software licences / SaaS resale,AWARD_FIRST_EVIDENCE,60,212323.2,78.08733333333333
USASPENDING_V1,USA,DIRECTOR SCO,OTHER / OPEN WORLD,AWARD_FIRST_EVIDENCE,60,1647414.0,59.771
USASPENDING_V1,USA,248-NETWORK CONTRACT OFFICE 8 (36C248),Courier / mail fulfilment,AWARD_FIRST_EVIDENCE,60,202102.82,59.757
USASPENDING_V1,USA,CONTRACTING AND PROCUREMENT,OTHER / OPEN WORLD,AWARD_FIRST_EVIDENCE,60,1336367.3050000002,55.093
USASPENDING_V1,USA,DEFENSE NUCLEAR FAC SAFETY BOARD,OTHER / OPEN WORLD,AWARD_FIRST_EVIDENCE,60,48853.805,54.96933333333333
USASPENDING_V1,USA,W7NP USPFO ACTIVITY NJANG 108,OTHER / OPEN WORLD,AWARD_FIRST_EVIDENCE,60,24957.120000000003,51.074666666666666
USASPENDING_V1,USA,USAID/MADAGASCAR,OTHER / OPEN WORLD,AWARD_FIRST_EVIDENCE,60,20162.510000000002,50.24933333333333
USASPENDING_V1,USA,NAVAL BRANCH HEALTH CLINIC GROTON,OTHER / OPEN WORLD,AWARD_FIRST_EVIDENCE,60,187.81,41.08866666666667
USASPENDING_V1,USA,693JJ6 FEDERAL RAILROAD ADMIN,Hardware / AV resale,AWARD_FIRST_EVIDENCE,59,453305.3,72.86745762711864
USASPENDING_V1,USA,NETWORK CONTRACT OFFICE 19 (36C259),Hardware / AV resale,AWARD_FIRST_EVIDENCE,59,73305.36,69.81389830508475
USASPENDING_V1,USA,FLETC GLYNCO PROCUREMENT OFFICE,Call centre / helpdesk operations,AWARD_FIRST_EVIDENCE,59,37793.72,63.69118644067797
USASPENDING_V1,USA,NATIONAL CEMETERY ADMIN (36C786),Hardware / AV resale,AWARD_FIRST_EVIDENCE,59,6480.0,62.64610169491525
USASPENDING_V1,USA,FA9401  377 MSG PK,Call centre / helpdesk operations,AWARD_FIRST_EVIDENCE,59,46500.0,62.12271186440678
USASPENDING_V1,USA,NATIONAL INSTITUTES OF HEALTH OLAO,Office supplies / consumables resale,AWARD_FIRST_EVIDENCE,59,10180.0,60.85389830508475
USASPENDING_V1,USA,WESTERN REGION,Call centre / helpdesk operations,AWARD_FIRST_EVIDENCE,59,12970.6,58.85796610169491
USASPENDING_V1,USA,DLA DISPOSITION SERVICES -  EBS,Office supplies / consumables resale,AWARD_FIRST_EVIDENCE,59,395.95,57.05898305084746
USASPENDING_V1,USA,W7NF USPFO ACTIVITY MIANG 110,OTHER / OPEN WORLD,AWARD_FIRST_EVIDENCE,59,97800.0,52.085084745762714
USASPENDING_V1,USA,NATIONAL MUSEUM OF AFRICAN ART,OTHER / OPEN WORLD,AWARD_FIRST_EVIDENCE,59,18905.45,50.763728813559325
USASPENDING_V1,USA,W7NJ USPFO ACTIVITY MOANG 139,OTHER / OPEN WORLD,AWARD_FIRST_EVIDENCE,59,27897.36,49.92915254237288
USASPENDING_V1,USA,CEU HONOLULU(00086),OTHER / OPEN WORLD,AWARD_FIRST_EVIDENCE,59,524341.0,49.718305084745765
USASPENDING_V1,USA,ALBUQUERQUE SERVICE CENTER,OTHER / OPEN WORLD,AWARD_FIRST_EVIDENCE,59,12546.9,49.594915254237286
USASPENDING_V1,USA,W7N2 USPFO ACTIVITY TXANG 136,OTHER / OPEN WORLD,AWARD_FIRST_EVIDENCE,59,31895.63,49.56677966101695
USASPENDING_V1,USA,U.S. EMBASSY BANDAR SERI BEGAWA,OTHER / OPEN WORLD,AWARD_FIRST_EVIDENCE,59,29648.58,49.0864406779661
USASPENDING_V1,USA,NATIONAL STRIKE FORCE COMMAND CTR(0,OTHER / OPEN WORLD,AWARD_FIRST_EVIDENCE,59,14345.0,49.02508474576271
USASPENDING_V1,USA,W7M6 USPFO ACTIVITY ILANG 126,OTHER / OPEN WORLD,AWARD_FIRST_EVIDENCE,59,32061.74,48.171186440677964
USASPENDING_V1,USA,PBS FACILITY MANAGEMENT EAST - BRANCH A,OTHER / OPEN WORLD,AWARD_FIRST_EVIDENCE,59,179554.2,47.777966101694915
USASPENDING_V1,USA,INFORMATION TECHNOLOGY DIVISION,Software licences / SaaS resale,AWARD_FIRST_EVIDENCE,58,117608.85,79.22275862068966
USASPENDING_V1,USA,NATIONAL OPERATIONS CENTER,Hardware / AV resale,AWARD_FIRST_EVIDENCE,58,161206.75,64.58620689655173
USASPENDING_V1,USA,FA4610 30 CONS PK,Call centre / helpdesk operations,AWARD_FIRST_EVIDENCE,58,42723.725,64.00896551724138
USASPENDING_V1,USA,DLA TROOP SUPPORT,Signage / display production,AWARD_FIRST_EVIDENCE,58,137.55,60.74172413793104
USASPENDING_V1,USA,USAID/PAKISTAN,OTHER / OPEN WORLD,AWARD_FIRST_EVIDENCE,58,213006.0,53.93931034482759
USASPENDING_V1,USA,OFC OF SPECIAL EDU AND REHAB SVCS,OTHER / OPEN WORLD,AWARD_FIRST_EVIDENCE,58,8293.75,45.724137931034484
USASPENDING_V1,USA,ACQUISITIONS - ELSO ANTWERP,OTHER / OPEN WORLD,AWARD_FIRST_EVIDENCE,58,6222.16,44.65344827586207
USASPENDING_V1,USA,INFORMATION TECHNOLOGY DIVISION,Call centre / helpdesk operations,AWARD_FIRST_EVIDENCE,57,64000.0,67.03894736842105
USASPENDING_V1,USA,FA7000  10 CONS LGC,Call centre / helpdesk operations,AWARD_FIRST_EVIDENCE,57,66226.0,66.68526315789474
USASPENDING_V1,USA,USAID/CAUCASUS/GEORGIA,OTHER / OPEN WORLD,AWARD_FIRST_EVIDENCE,57,367822.0,54.289824561403506
USASPENDING_V1,USA,W7MX USPFO ACTIVITY CAANG 129,OTHER / OPEN WORLD,AWARD_FIRST_EVIDENCE,57,77360.0,52.64421052631579
USASPENDING_V1,USA,FA8675  AFLCMC EBAK,OTHER / OPEN WORLD,AWARD_FIRST_EVIDENCE,57,130531.0,48.636842105263156
USASPENDING_V1,USA,AMERICAN CONSULATE HERMOSILLO,OTHER / OPEN WORLD,AWARD_FIRST_EVIDENCE,57,16328.76,48.04350877192982
USASPENDING_V1,USA,FA3300  42 CONS CC,Call centre / helpdesk operations,AWARD_FIRST_EVIDENCE,56,64078.8,65.215
USASPENDING_V1,USA,NATIONAL INSTITUTES OF HEALTH,Call centre / helpdesk operations,AWARD_FIRST_EVIDENCE,56,33665.65,64.70678571428572
USASPENDING_V1,USA,FA8658  AFLCMC EBR EBZ,OTHER / OPEN WORLD,AWARD_FIRST_EVIDENCE,56,1598711.0,60.933928571428574
USASPENDING_V1,USA,INDIAN EDUCATION ACQUISITION OFFICE,Office supplies / consumables resale,AWARD_FIRST_EVIDENCE,56,18732.205,60.13428571428572
USASPENDING_V1,USA,FA8802 INTEGRATION OPERATION PIKPKE,OTHER / OPEN WORLD,AWARD_FIRST_EVIDENCE,56,3826443.79,59.88285714285714
USASPENDING_V1,USA,FA2204 THTR BTTL CNTRL AFLCMC/HBD,OTHER / OPEN WORLD,AWARD_FIRST_EVIDENCE,56,134501.94,57.76357142857143
USASPENDING_V1,USA,W7N3 USPFO ACTIVITY UT ARNG,Call centre / helpdesk operations,AWARD_FIRST_EVIDENCE,56,3149.95,57.11035714285714
USASPENDING_V1,USA,NAVAL MEDICAL LOGISTICS COMMAND,OTHER / OPEN WORLD,AWARD_FIRST_EVIDENCE,56,63506.645000000004,51.1525
USASPENDING_V1,USA,U.S. ATTORNEYS OFFICE-NM (USA51),OTHER / OPEN WORLD,AWARD_FIRST_EVIDENCE,56,12944.744999999999,50.35892857142857
USASPENDING_V1,USA,FA3103 AFICC KUO,OTHER / OPEN WORLD,AWARD_FIRST_EVIDENCE,56,25594.175,49.285
USASPENDING_V1,USA,U.S. ATTORNEYS OFFICE-AL(N) (USA01),OTHER / OPEN WORLD,AWARD_FIRST_EVIDENCE,56,11161.744999999999,48.5325
USASPENDING_V1,USA,NAVOPSPTCEN PENSACOLA,OTHER / OPEN WORLD,AWARD_FIRST_EVIDENCE,56,8736.0,47.732142857142854
USASPENDING_V1,USA,PBS R2 BUILDING SRVCS BR GROUP 2,OTHER / OPEN WORLD,AWARD_FIRST_EVIDENCE,56,137627.405,47.24892857142857
USASPENDING_V1,USA,U.S. ATTORNEYS OFFICE-PR (USA69),OTHER / OPEN WORLD,AWARD_FIRST_EVIDENCE,56,4568.825000000001,47.22071428571429
USASPENDING_V1,USA,AMERICAN CONSULATE NOGALES,OTHER / OPEN WORLD,AWARD_FIRST_EVIDENCE,56,13799.975,47.1075
USASPENDING_V1,USA,JMD-PROCUREMENT SERVICES SECTION,Transcription / captioning,AWARD_FIRST_EVIDENCE,55,620841.66,82.19163636363636
USASPENDING_V1,USA,244-NETWORK CONTRACT OFFICE 4 (36C244),Translation,AWARD_FIRST_EVIDENCE,55,1136.4,67.92363636363636
USASPENDING_V1,USA,W071 ENDIST OMAHA,Hardware / AV resale,AWARD_FIRST_EVIDENCE,55,324002.92,67.69490909090909
USASPENDING_V1,USA,FA3010  81 CONS CC,Call centre / helpdesk operations,AWARD_FIRST_EVIDENCE,55,47082.55,63.92545454545454
USASPENDING_V1,USA,DITCO-PAC,Call centre / helpdesk operations,AWARD_FIRST_EVIDENCE,55,23390.14,61.00363636363636
USASPENDING_V1,USA,OFFICE OF MANAGEMENT,OTHER / OPEN WORLD,AWARD_FIRST_EVIDENCE,55,152157.4,57.64909090909091
USASPENDING_V1,USA,"USDA, OCFO-NFC-ACQ-MGMT OFFICE",OTHER / OPEN WORLD,AWARD_FIRST_EVIDENCE,55,36358.72,54.64
USASPENDING_V1,USA,USAID/RWANDA,OTHER / OPEN WORLD,AWARD_FIRST_EVIDENCE,55,700000.0,54.22836363636364
USASPENDING_V1,USA,W7M7 USPFO ACTIVITY INANG 181,OTHER / OPEN WORLD,AWARD_FIRST_EVIDENCE,55,42567.69,54.10363636363636
USASPENDING_V1,USA,CENTER FOR FOLKLIFE AND CULTURAL HERITAGE,OTHER / OPEN WORLD,AWARD_FIRST_EVIDENCE,55,19404.0,51.02072727272727
USASPENDING_V1,USA,W7NS USPFO ACTIVITY NCANG 145,OTHER / OPEN WORLD,AWARD_FIRST_EVIDENCE,55,74596.32,50.922909090909094
USASPENDING_V1,USA,CENTRAL OFFICE,OTHER / OPEN WORLD,AWARD_FIRST_EVIDENCE,55,214510.0,49.276363636363634
USASPENDING_V1,USA,U.S. ATTORNEYS OFFICE-NY(W) (USA55),OTHER / OPEN WORLD,AWARD_FIRST_EVIDENCE,55,16286.4,48.552727272727275
USASPENDING_V1,USA,U.S. ATTORNEYS OFFICE-MN (USA41),OTHER / OPEN WORLD,AWARD_FIRST_EVIDENCE,55,18724.55,48.509454545454545
USASPENDING_V1,USA,W7N2 USPFO ACTIVITY TXANG 147,OTHER / OPEN WORLD,AWARD_FIRST_EVIDENCE,55,30096.34,48.36872727272727
USASPENDING_V1,USA,U.S. ATTORNEYS OFFICE-MS(S) (USA43),OTHER / OPEN WORLD,AWARD_FIRST_EVIDENCE,55,7935.0,47.35272727272727
USASPENDING_V1,USA,U.S. ATTORNEYS OFFICE-UT (USA81),OTHER / OPEN WORLD,AWARD_FIRST_EVIDENCE,55,8000.0,47.16472727272727
USASPENDING_V1,USA,NAC HIGH TECH CONTRACTING (36H797),OTHER / OPEN WORLD,AWARD_FIRST_EVIDENCE,55,0.0,41.02181818181818
USASPENDING_V1,USA,DEPT OF COMMERCE SSPO,Printing / mailing / routing,AWARD_FIRST_EVIDENCE,54,21134.53,76.18925925925926
USASPENDING_V1,USA,FA8501  OPL CONTRACTING AFSC/PZIO,Hardware / AV resale,AWARD_FIRST_EVIDENCE,54,44753.555,75.21222222222222
USASPENDING_V1,USA,WASHINGTON HEADQUARTERS SERVICES,Hardware / AV resale,AWARD_FIRST_EVIDENCE,54,80785.625,71.16444444444444
USASPENDING_V1,USA,FA4608  2 CONS LGC,Call centre / helpdesk operations,AWARD_FIRST_EVIDENCE,54,63572.93,64.58740740740741
USASPENDING_V1,USA,DLA MARITIME - NORFOLK,Office supplies / consumables resale,AWARD_FIRST_EVIDENCE,54,2033.4,60.345925925925926
USASPENDING_V1,USA,GREAT PLAINS REGION,Call centre / helpdesk operations,AWARD_FIRST_EVIDENCE,54,11930.119999999999,58.276296296296294
USASPENDING_V1,USA,PORTSMOUTH NAVAL SHIPYARD GF,Office supplies / consumables resale,AWARD_FIRST_EVIDENCE,54,670.775,57.96925925925926
USASPENDING_V1,USA,NAVOPSPTCEN EARLE,Office supplies / consumables resale,AWARD_FIRST_EVIDENCE,54,336.32,56.92
USASPENDING_V1,USA,AMERICAN CONSULATE SHENYANG,OTHER / OPEN WORLD,AWARD_FIRST_EVIDENCE,54,24769.305,48.71666666666667
USASPENDING_V1,USA,U.S.EMBASSY LUXEMBOURG,OTHER / OPEN WORLD,AWARD_FIRST_EVIDENCE,54,14880.595000000001,46.60925925925926
USASPENDING_V1,USA,PBS CENTRALIZED ACQUISITION SERVICES - CUSTOMER CONTRACTING BRANCH A,OTHER / OPEN WORLD,AWARD_FIRST_EVIDENCE,54,30814.25,46.01111111111111
USASPENDING_V1,USA,U.S. ATTORNEYS OFFICE-IL(C) (USA26),OTHER / OPEN WORLD,AWARD_FIRST_EVIDENCE,54,8112.4,45.877037037037034
USASPENDING_V1,USA,U.S. ATTORNEYS OFFICE-OK(N) (USA62),OTHER / OPEN WORLD,AWARD_FIRST_EVIDENCE,54,2640.0,45.09185185185185
USASPENDING_V1,USA,DCSO PHILADELPHIA,Software licences / SaaS resale,AWARD_FIRST_EVIDENCE,53,352626.93,80.09094339622642
USASPENDING_V1,USA,DEPT OF COMMERCE PTO,Software licences / SaaS resale,AWARD_FIRST_EVIDENCE,53,106612.5,79.31283018867924
USASPENDING_V1,USA,INFORMATION TECHNOLOGY DIVISION,Hardware / AV resale,AWARD_FIRST_EVIDENCE,53,52153.4,72.69509433962264
USASPENDING_V1,USA,NATIONAL INSTITUTES OF HEALTH NHLBI,Hardware / AV resale,AWARD_FIRST_EVIDENCE,53,58421.01,72.56301886792453
USASPENDING_V1,USA,FA5613  700 CONS PK,Call centre / helpdesk operations,AWARD_FIRST_EVIDENCE,53,41614.1,64.09094339622642
USASPENDING_V1,USA,256-NETWORK CONTRACT OFFICE 16 (36C256),Courier / mail fulfilment,AWARD_FIRST_EVIDENCE,53,113334.48,60.282641509433965
USASPENDING_V1,USA,NATIONAL SECURITY DIVISION,OTHER / OPEN WORLD,AWARD_FIRST_EVIDENCE,53,66912.0,57.88716981132075
USASPENDING_V1,USA,FA8702  AFLCMC PZE NON PEO,OTHER / OPEN WORLD,AWARD_FIRST_EVIDENCE,53,302383191.37,57.23811320754717
USASPENDING_V1,USA,USAID/BANGLADESH,OTHER / OPEN WORLD,AWARD_FIRST_EVIDENCE,53,81212.76,54.151320754716984
USASPENDING_V1,USA,USAID/KOSOVO,OTHER / OPEN WORLD,AWARD_FIRST_EVIDENCE,53,184695.24,53.89924528301887
USASPENDING_V1,USA,USAID/NEPAL,OTHER / OPEN WORLD,AWARD_FIRST_EVIDENCE,53,122543.54,53.57433962264151
USASPENDING_V1,USA,USAID/INDONESIA,OTHER / OPEN WORLD,AWARD_FIRST_EVIDENCE,53,34452.01,53.05433962264151
USASPENDING_V1,USA,"COMMANDING OFFICER, MWTC",OTHER / OPEN WORLD,AWARD_FIRST_EVIDENCE,53,32540.0,50.301509433962266
USASPENDING_V1,USA,DCMA AIMO EGLIN,OTHER / OPEN WORLD,AWARD_FIRST_EVIDENCE,53,2290330.73,50.10716981132075
USASPENDING_V1,USA,W7NW USPFO ACTIVITY ORANG 142,OTHER / OPEN WORLD,AWARD_FIRST_EVIDENCE,53,34155.0,49.44603773584905
USASPENDING_V1,USA,U.S. ATTORNEYS OFFICE-VA(W) (USA84),OTHER / OPEN WORLD,AWARD_FIRST_EVIDENCE,53,8485.2,47.89811320754717
USASPENDING_V1,USA,U.S. ATTORNEYS OFFICE-NY(N) (USA52),OTHER / OPEN WORLD,AWARD_FIRST_EVIDENCE,53,11550.0,47.75471698113208
USASPENDING_V1,USA,U.S. ATTORNEYS OFFICE-AK (USA06),OTHER / OPEN WORLD,AWARD_FIRST_EVIDENCE,53,3414.13,47.030188679245285
USASPENDING_V1,USA,HQ DEFENSE MEDIA ACTIVITY,Call centre / helpdesk operations,AWARD_FIRST_EVIDENCE,52,177849.0,67.92038461538462
USASPENDING_V1,USA,FA9301  AFTC PZIO,Call centre / helpdesk operations,AWARD_FIRST_EVIDENCE,52,56413.54,64.285
USASPENDING_V1,USA,JMD-PROCUREMENT SERVICES SECTION,Call centre / helpdesk operations,AWARD_FIRST_EVIDENCE,52,192584.07,62.79115384615385
USASPENDING_V1,USA,INVESTIGATIONS AND OPERATIONS SUPPORT DALLAS,Courier / mail fulfilment,AWARD_FIRST_EVIDENCE,52,68551.08,59.034615384615385
USASPENDING_V1,USA,NNSA NAVAL REACTORS LAB FLD OFFICE,OTHER / OPEN WORLD,AWARD_FIRST_EVIDENCE,52,266682.945,54.84153846153846
USASPENDING_V1,USA,GSA/FAS/GSS/QSCBA/SPECIAL CONTRACTING BRANCH A AND QSCBB SPECIAL CONTRACTING BRANCH B,Uniforms / PPE resale,AWARD_FIRST_EVIDENCE,52,1073.15,54.13384615384616
USASPENDING_V1,USA,W7MU USPFO ACTIVITY AK ARNG,OTHER / OPEN WORLD,AWARD_FIRST_EVIDENCE,52,29389.0,54.004230769230766
USASPENDING_V1,USA,USAID/LIBERIA,OTHER / OPEN WORLD,AWARD_FIRST_EVIDENCE,52,88905.0,53.60269230769231
USASPENDING_V1,USA,FA8138  AFLCMC WBK,OTHER / OPEN WORLD,AWARD_FIRST_EVIDENCE,52,8596811.595,53.25884615384616
USASPENDING_V1,USA,FA8575  AFLCMC WAQKA,OTHER / OPEN WORLD,AWARD_FIRST_EVIDENCE,52,4260778.73,53.082692307692305
USASPENDING_V1,USA,U.S. ATTORNEYS OFFICE-MO(W) (USA45),OTHER / OPEN WORLD,AWARD_FIRST_EVIDENCE,52,5759.5,48.075
USASPENDING_V1,USA,ATC MOBILE(00048),OTHER / OPEN WORLD,AWARD_FIRST_EVIDENCE,52,12575.75,45.65576923076923
USASPENDING_V1,USA,NAVAL AIR FACILITY ATSUGI JAPAN,OTHER / OPEN WORLD,AWARD_FIRST_EVIDENCE,52,18098.1,37.48461538461538
USASPENDING_V1,USA,262-NETWORK CONTRACT OFFICE 22 (36C262),Software licences / SaaS resale,AWARD_FIRST_EVIDENCE,51,117265.43,79.0643137254902
USASPENDING_V1,USA,INFORMATION TECHNOLOGY CONTRACTING DIVISION,Hardware / AV resale,AWARD_FIRST_EVIDENCE,51,382284.62,76.29529411764706
USASPENDING_V1,USA,NAVAJO AREA INDIAN HEALTH SVC,Office supplies / consumables resale,AWARD_FIRST_EVIDENCE,51,23711.95,65.89176470588235
USASPENDING_V1,USA,FA2299  AFNWC/PZHW,OTHER / OPEN WORLD,AWARD_FIRST_EVIDENCE,51,574205.0,60.512549019607846
USASPENDING_V1,USA,ADVANCED RESEARCH PROJECTS AGENCY FOR HEALTH (ARPA-H),OTHER / OPEN WORLD,AWARD_FIRST_EVIDENCE,51,1012281.92,55.10862745098039
USASPENDING_V1,USA,"DLA AVIATION AT OGDEN, UT",OTHER / OPEN WORLD,AWARD_FIRST_EVIDENCE,51,163320.12,54.411764705882355
USASPENDING_V1,USA,USAID/ZAMBIA,OTHER / OPEN WORLD,AWARD_FIRST_EVIDENCE,51,351776.02,54.024313725490195
USASPENDING_V1,USA,U.S. ATTORNEYS OFFICE-VA(E) (USA83),OTHER / OPEN WORLD,AWARD_FIRST_EVIDENCE,51,10350.88,48.343529411764706
USASPENDING_V1,USA,U.S. ATTORNEYS OFFICE-KS (USA31),OTHER / OPEN WORLD,AWARD_FIRST_EVIDENCE,51,3500.0,44.83921568627451
USASPENDING_V1,USA,CLOSEOUT,Software licences / SaaS resale,AWARD_FIRST_EVIDENCE,50,238140.945,80.3328
USASPENDING_V1,USA,NATIONAL INSTITUTES OF HEALTH OLAO,Software licences / SaaS resale,AWARD_FIRST_EVIDENCE,50,111348.645,80.146
USASPENDING_V1,USA,DEPT OF COMMERCE NIST,Software licences / SaaS resale,AWARD_FIRST_EVIDENCE,50,51334.445,78.356
USASPENDING_V1,USA,ARMY MED RES ACQ ACTIVITY,Hardware / AV resale,AWARD_FIRST_EVIDENCE,50,249950.375,76.0832
USASPENDING_V1,USA,"USDA, OCP-POD-ACQ-MGMT-BRANCH-FTC",Hardware / AV resale,AWARD_FIRST_EVIDENCE,50,108475.795,73.202
USASPENDING_V1,USA,SSA OFC OF ACQUISITION  GRANTS,Hardware / AV resale,AWARD_FIRST_EVIDENCE,50,138424.64,71.6916
USASPENDING_V1,USA,U. S. SECRET SERVICE,Uniforms / PPE resale,AWARD_FIRST_EVIDENCE,50,101062.72,63.6656
USASPENDING_V1,USA,DLA DISTRIBUTION,Hardware / AV resale,AWARD_FIRST_EVIDENCE,50,6037.5,56.958
USASPENDING_V1,USA,FA7046  HQ AFOTEC A 7K,OTHER / OPEN WORLD,AWARD_FIRST_EVIDENCE,50,59194.55,56.2224
USASPENDING_V1,USA,SOUTHEASTERN POWER ADMINISTRATION,OTHER / OPEN WORLD,AWARD_FIRST_EVIDENCE,50,48680.4,55.212
USASPENDING_V1,USA,CHEMICAL SAFETY  HAZARD INVEST BRD,OTHER / OPEN WORLD,AWARD_FIRST_EVIDENCE,50,26910.25,52.4516
USASPENDING_V1,USA,U.S. ATTORNEYS OFFICE-TX(E) (USA78),OTHER / OPEN WORLD,AWARD_FIRST_EVIDENCE,50,6751.3,47.43
USASPENDING_V1,USA,W7NJ USPFO ACTIVITY MOANG 131,OTHER / OPEN WORLD,AWARD_FIRST_EVIDENCE,50,38035.104999999996,47.1968
USASPENDING_V1,USA,USDA  AMS  COTTON DIVISION,OTHER / OPEN WORLD,AWARD_FIRST_EVIDENCE,50,177693.96,47.1432
USASPENDING_V1,USA,FLTREADCEN NORTHWEST,OTHER / OPEN WORLD,AWARD_FIRST_EVIDENCE,50,1500.0,33.44
USASPENDING_V1,USA,W6QK ACC-APG ADELPHI,Software licences / SaaS resale,AWARD_FIRST_EVIDENCE,49,120440.0,79.96122448979592
USASPENDING_V1,USA,EOP - OFFICE OF ADMINISTRATION,Translation,AWARD_FIRST_EVIDENCE,49,66534.0,78.72408163265307
USASPENDING_V1,USA,W6QK ACC-RSA,Software licences / SaaS resale,AWARD_FIRST_EVIDENCE,49,42153.2,77.00775510204082
USASPENDING_V1,USA,FA3016  502 CONS CL,Hardware / AV resale,AWARD_FIRST_EVIDENCE,49,70720.27,73.87632653061225
USASPENDING_V1,USA,FA6643  AF RESERVE CMD HQ AFRC PK,Call centre / helpdesk operations,AWARD_FIRST_EVIDENCE,49,257024.0,67.51591836734694
USASPENDING_V1,USA,FA8228  AFSC OL H PZIM,Call centre / helpdesk operations,AWARD_FIRST_EVIDENCE,49,92216.56,65.35632653061225
USASPENDING_V1,USA,W6QM MICC-FT KNOX,Call centre / helpdesk operations,AWARD_FIRST_EVIDENCE,49,118336.0,64.9069387755102
USASPENDING_V1,USA,W40M MRCO EAST,Office supplies / consumables resale,AWARD_FIRST_EVIDENCE,49,384.42,57.11102040816326
USASPENDING_V1,USA,ADVANCED RSRCH PROJ AGENCY ARPA-E,OTHER / OPEN WORLD,AWARD_FIRST_EVIDENCE,49,142500.0,56.15469387755102
USASPENDING_V1,USA,HEADQUARTERS OFFICE,OTHER / OPEN WORLD,AWARD_FIRST_EVIDENCE,49,30960.48,54.74367346938776
USASPENDING_V1,USA,ARC DIV PROC SVCS - EAC,OTHER / OPEN WORLD,AWARD_FIRST_EVIDENCE,49,75914.35,53.72857142857143
USASPENDING_V1,USA,USAID/HONDURAS,OTHER / OPEN WORLD,AWARD_FIRST_EVIDENCE,49,83293.82,52.92448979591837
USASPENDING_V1,USA,NATIONAL INSTITUTES OF HEALTH NIAAA,OTHER / OPEN WORLD,AWARD_FIRST_EVIDENCE,49,22464.0,52.64734693877551
USASPENDING_V1,USA,W7M1 USPFO ACTIVITY DCANG 113,OTHER / OPEN WORLD,AWARD_FIRST_EVIDENCE,49,57240.0,51.10081632653061
USASPENDING_V1,USA,U.S. EMBASSY REYKJAVIK,OTHER / OPEN WORLD,AWARD_FIRST_EVIDENCE,49,16574.55,48.27265306122449
USASPENDING_V1,USA,U.S. ATTORNEYS OFFICE-NC(M) (USA57),OTHER / OPEN WORLD,AWARD_FIRST_EVIDENCE,49,9847.8,48.08857142857143
USASPENDING_V1,USA,NAVOPSPTCEN TAMPA,OTHER / OPEN WORLD,AWARD_FIRST_EVIDENCE,49,0.0,45.51020408163265
USASPENDING_V1,USA,NAVAL HOSPITAL SIGONELLA ITALY,OTHER / OPEN WORLD,AWARD_FIRST_EVIDENCE,49,322.08,42.9669387755102
USASPENDING_V1,USA,DEPT OF COMMERCE SSPO,Software licences / SaaS resale,AWARD_FIRST_EVIDENCE,48,97338.81,78.9375
USASPENDING_V1,USA,WASHINGTON HEADQUARTERS SERVICES,Call centre / helpdesk operations,AWARD_FIRST_EVIDENCE,48,248923.52500000002,68.655
USASPENDING_V1,USA,INDIAN HEALTH SERVICE,Hardware / AV resale,AWARD_FIRST_EVIDENCE,48,24928.47,68.22125
USASPENDING_V1,USA,TECHNOLOGY ACQUISITION CENTER AUSTIN (36C10A),Call centre / helpdesk operations,AWARD_FIRST_EVIDENCE,48,239023.525,65.64083333333333
USASPENDING_V1,USA,NUWC DIV NEWPORT,Hardware / AV resale,AWARD_FIRST_EVIDENCE,48,9685.515,65.54708333333333
USASPENDING_V1,USA,OJP NATIONAL INSTITUTE JUSTICE,OTHER / OPEN WORLD,AWARD_FIRST_EVIDENCE,48,744755.29,54.3925
USASPENDING_V1,USA,ARC DIV PROC SVCS - NMB,OTHER / OPEN WORLD,AWARD_FIRST_EVIDENCE,48,72733.69,54.32458333333334
USASPENDING_V1,USA,U.S. ATTORNEYS OFFICE-NC(W) (USA58),OTHER / OPEN WORLD,AWARD_FIRST_EVIDENCE,48,22221.745,49.080416666666665
USASPENDING_V1,USA,U.S. ATTORNEYS OFFICE-OH(N) (USA60),OTHER / OPEN WORLD,AWARD_FIRST_EVIDENCE,48,13910.95,48.634166666666665
USASPENDING_V1,USA,U.S. ATTORNEYS OFFICE-HI (USA22),OTHER / OPEN WORLD,AWARD_FIRST_EVIDENCE,48,4372.8,47.49166666666667
USASPENDING_V1,USA,U.S. ATTORNEYS OFFICE-GA(S) (USA21),OTHER / OPEN WORLD,AWARD_FIRST_EVIDENCE,48,5433.625,47.4125
USASPENDING_V1,USA,AMERICAN CONSULATE SURABAYA,OTHER / OPEN WORLD,AWARD_FIRST_EVIDENCE,48,15176.71,47.07333333333333
USASPENDING_V1,USA,WASHINGTON HEADQUARTERS SERVICES,Translation,AWARD_FIRST_EVIDENCE,47,20950.0,79.26255319148936
USASPENDING_V1,USA,REGION 4: EMERGENCY PREPAREDNESS AN,Translation,AWARD_FIRST_EVIDENCE,47,4141.2,72.42851063829787
USASPENDING_V1,USA,NSWC DAHLGREN,Software licences / SaaS resale,AWARD_FIRST_EVIDENCE,47,5062.32,71.12765957446808
USASPENDING_V1,USA,CINCINNATI ACQUISITION DIV (CAD),Hardware / AV resale,AWARD_FIRST_EVIDENCE,47,443370.0,68.76425531914893
USASPENDING_V1,USA,PRIVATIZATION - CO,Call centre / helpdesk operations,AWARD_FIRST_EVIDENCE,47,120584.65,64.09191489361702
USASPENDING_V1,USA,U. S. SECRET SERVICE,Call centre / helpdesk operations,AWARD_FIRST_EVIDENCE,47,279176.04,63.505106382978724
USASPENDING_V1,USA,OFC OF ACQUISITION  GRANTS-DENVER,Call centre / helpdesk operations,AWARD_FIRST_EVIDENCE,47,32968.5,61.50340425531915
USASPENDING_V1,USA,262-NETWORK CONTRACT OFFICE 22 (36C262),Courier / mail fulfilment,AWARD_FIRST_EVIDENCE,47,75000.0,59.16382978723404
USASPENDING_V1,USA,W074 ENDIST MOBILE,Office supplies / consumables resale,AWARD_FIRST_EVIDENCE,47,238.42,57.124255319148936
USASPENDING_V1,USA,COMMANDER,Office supplies / consumables resale,AWARD_FIRST_EVIDENCE,47,1000.0,57.068936170212766
USASPENDING_V1,USA,OJP VICTIMS OF CRIME,OTHER / OPEN WORLD,AWARD_FIRST_EVIDENCE,47,1637641.62,56.7068085106383
USASPENDING_V1,USA,W2R2 TOPO ENGRG LAB,OTHER / OPEN WORLD,AWARD_FIRST_EVIDENCE,47,55000.0,56.58468085106383
USASPENDING_V1,USA,"GSA/FAS/GSS/QSCB, SUPPLY CHAIN MANAGEMENT CONTRACTING DIVISION",Recruitment / temporary staffing,AWARD_FIRST_EVIDENCE,47,266.88,55.15531914893617
USASPENDING_V1,USA,SILC-CON SPECIALIZATION,OTHER / OPEN WORLD,AWARD_FIRST_EVIDENCE,47,231725.0,54.340425531914896
USASPENDING_V1,USA,0410 AQ HQ     CONTRACT AUG,OTHER / OPEN WORLD,AWARD_FIRST_EVIDENCE,47,95280.0,53.39872340425532
USASPENDING_V1,USA,U.S. ATTORNEYS OFFICE-GA(N) (USA19),OTHER / OPEN WORLD,AWARD_FIRST_EVIDENCE,47,77034.48,50.94468085106383
USASPENDING_V1,USA,W7NH USPFO ACTIVITY MSANG 172,OTHER / OPEN WORLD,AWARD_FIRST_EVIDENCE,47,48691.66,49.03787234042553
USASPENDING_V1,USA,W7M0 USPFO ACTIVITY DEANG 166,OTHER / OPEN WORLD,AWARD_FIRST_EVIDENCE,47,29724.51,48.68425531914894
USASPENDING_V1,USA,FEDERAL BUREAU OF PRISONS,OTHER / OPEN WORLD,AWARD_FIRST_EVIDENCE,47,30000.0,46.251063829787235
USASPENDING_V1,USA,U.S. ATTORNEYS OFFICE-IN(S) (USA28),OTHER / OPEN WORLD,AWARD_FIRST_EVIDENCE,47,4856.25,46.02595744680851
USASPENDING_V1,USA,STRATEGIC WEAPONS FAC PAC FINANCIAL,OTHER / OPEN WORLD,AWARD_FIRST_EVIDENCE,47,9500.0,41.00468085106383
USASPENDING_V1,USA,INFORMATION TECHNOLOGY CONTRACTING DIVISION,Software licences / SaaS resale,AWARD_FIRST_EVIDENCE,46,393554.155,79.33521739130435
USASPENDING_V1,USA,OFFICE OF INSPECTOR GENERAL OIG (36C10M),Software licences / SaaS resale,AWARD_FIRST_EVIDENCE,46,25320.0,76.17782608695653
USASPENDING_V1,USA,W6QK ACC-APG DIR,Hardware / AV resale,AWARD_FIRST_EVIDENCE,46,170655.5,75.9
USASPENDING_V1,USA,FA7014  AFDW PK,Hardware / AV resale,AWARD_FIRST_EVIDENCE,46,377000.0,74.49913043478261
USASPENDING_V1,USA,FA8649 USAF SBIR STTR CNTRCTNG AFRL,Hardware / AV resale,AWARD_FIRST_EVIDENCE,46,1241052.5,74.36739130434782
USASPENDING_V1,USA,MRPBS MINNEAPOLIS MN,Hardware / AV resale,AWARD_FIRST_EVIDENCE,46,31605.425,70.29695652173913
USASPENDING_V1,USA,W6QK ACC-PICA,Call centre / helpdesk operations,AWARD_FIRST_EVIDENCE,46,41887.825,63.775217391304345
USASPENDING_V1,USA,U.S. EMBASSY FREETOWN,Office supplies / consumables resale,AWARD_FIRST_EVIDENCE,46,12688.55,62.06913043478261
USASPENDING_V1,USA,CPO : GNMA SUPPORT DIVISION,OTHER / OPEN WORLD,AWARD_FIRST_EVIDENCE,46,2306142.0,58.57043478260869
USASPENDING_V1,USA,W6QK ACC-RI,Uniforms / PPE resale,AWARD_FIRST_EVIDENCE,46,2307.31,56.514782608695654
USASPENDING_V1,USA,PBS ENERGY DIVISION,OTHER / OPEN WORLD,AWARD_FIRST_EVIDENCE,46,2341439.32,51.13260869565217
USASPENDING_V1,USA,GSA/FAS/ITC OFFICE OF ENTERPRISE TELECOMMUNICATIONS SOLUTIONS ACQUISITIONS,OTHER / OPEN WORLD,AWARD_FIRST_EVIDENCE,46,0.0,50.48913043478261
USASPENDING_V1,USA,DCMA OHIO RIVER VALLEY (DETROIT),OTHER / OPEN WORLD,AWARD_FIRST_EVIDENCE,46,59601.0,49.176521739130436
USASPENDING_V1,USA,U.S. ATTORNEYS OFFICE-NE (USA47),OTHER / OPEN WORLD,AWARD_FIRST_EVIDENCE,46,5644.62,47.340434782608696
USASPENDING_V1,USA,U.S. ATTORNEYS OFFICE-VI (USA94),OTHER / OPEN WORLD,AWARD_FIRST_EVIDENCE,46,4998.485000000001,44.89565217391304
USASPENDING_V1,USA,NAVOPSPTCEN SHREVEPORT,OTHER / OPEN WORLD,AWARD_FIRST_EVIDENCE,46,3410.0,44.72826086956522
USASPENDING_V1,USA,PBS R6  CAPITAL CONSTRUCTION AND IDV BRANCH,OTHER / OPEN WORLD,AWARD_FIRST_EVIDENCE,46,0.0,37.565652173913044
USASPENDING_V1,USA,COMPACFLT,OTHER / OPEN WORLD,AWARD_FIRST_EVIDENCE,46,950.8,37.37869565217391
USASPENDING_V1,USA,SAC FREDERICK (36C10X),Transcription / captioning,AWARD_FIRST_EVIDENCE,45,9747.0,78.61955555555555
USASPENDING_V1,USA,POLICY  PLANNING STAFF (JMD),Software licences / SaaS resale,AWARD_FIRST_EVIDENCE,45,56878.4,76.82444444444444
USASPENDING_V1,USA,W6QM MICC FDO FT BRAGG,Hardware / AV resale,AWARD_FIRST_EVIDENCE,45,102865.52,75.15422222222222
USASPENDING_V1,USA,262-NETWORK CONTRACT OFFICE 22 (36C262),Transcription / captioning,AWARD_FIRST_EVIDENCE,45,13735.16,74.97777777777777
USASPENDING_V1,USA,FA8604  AFLCMC PZI,Hardware / AV resale,AWARD_FIRST_EVIDENCE,45,31712.1,74.77333333333333
USASPENDING_V1,USA,NAVFACSYSCOM SOUTHEAST,Hardware / AV resale,AWARD_FIRST_EVIDENCE,45,387659.06,66.824
USASPENDING_V1,USA,MRPBS MINNEAPOLIS MN,Uniforms / PPE resale,AWARD_FIRST_EVIDENCE,45,65840.0,65.38933333333334
USASPENDING_V1,USA,CLOSEOUT,Uniforms / PPE resale,AWARD_FIRST_EVIDENCE,45,118554.21,65.24266666666666
USASPENDING_V1,USA,FMC BUTNER,Office supplies / consumables resale,AWARD_FIRST_EVIDENCE,45,3933.36,60.40888888888889
USASPENDING_V1,USA,DEFENSE HEALTH AGENCY,Office supplies / consumables resale,AWARD_FIRST_EVIDENCE,45,869.0,60.11511111111111
USASPENDING_V1,USA,DCSO PHILADELPHIA,Office supplies / consumables resale,AWARD_FIRST_EVIDENCE,45,288.58,57.86933333333333
USASPENDING_V1,USA,DCMA VERTICAL LIFT STRATFORD,Office supplies / consumables resale,AWARD_FIRST_EVIDENCE,45,182.43,56.95111111111111
USASPENDING_V1,USA,DCMA VERTICAL LIFT TEXAS,OTHER / OPEN WORLD,AWARD_FIRST_EVIDENCE,45,3323799.53,55.94844444444445
USASPENDING_V1,USA,OJP BUREAU OF JUSTICE ASSISTANCE,OTHER / OPEN WORLD,AWARD_FIRST_EVIDENCE,45,2205185.13,55.71511111111111
USASPENDING_V1,USA,SMITHSONIAN LATINO CENTER,OTHER / OPEN WORLD,AWARD_FIRST_EVIDENCE,45,41500.0,54.757777777777775
USASPENDING_V1,USA,"USAID/PERU AV. LA ENCALADA,",OTHER / OPEN WORLD,AWARD_FIRST_EVIDENCE,45,31051.67,52.45066666666666
USASPENDING_V1,USA,W7NN USPFO ACTIVITY NH ARNG,OTHER / OPEN WORLD,AWARD_FIRST_EVIDENCE,45,47896.51,52.112
USASPENDING_V1,USA,MRP WARRANTED CARDHOLDERS,OTHER / OPEN WORLD,AWARD_FIRST_EVIDENCE,45,15600.0,45.541333333333334
USASPENDING_V1,USA,NIWC ATLANTIC,Hardware / AV resale,AWARD_FIRST_EVIDENCE,44,167701.3,76.04409090909091
USASPENDING_V1,USA,OPERATION SERVICES,Call centre / helpdesk operations,AWARD_FIRST_EVIDENCE,44,125684.02500000001,68.36454545454545
USASPENDING_V1,USA,FBI-JEH,Office supplies / consumables resale,AWARD_FIRST_EVIDENCE,44,41557.979999999996,65.20863636363636
USASPENDING_V1,USA,OFC OF CHIEF INFORMATION OFFICER,Call centre / helpdesk operations,AWARD_FIRST_EVIDENCE,44,33087.08,62.75181818181818
USASPENDING_V1,USA,ALASKA REGIONAL OFFICE(97000),Call centre / helpdesk operations,AWARD_FIRST_EVIDENCE,44,26148.035,61.073181818181816
USASPENDING_V1,USA,GREAT PLAINS REGIONAL OFFICE,Hardware / AV resale,AWARD_FIRST_EVIDENCE,44,5490.5,58.167272727272724
USASPENDING_V1,USA,PBS PROJECT DELIVERY CAPITAL CONSTRUCTION - BRANCH EAST,OTHER / OPEN WORLD,AWARD_FIRST_EVIDENCE,44,1799622.675,51.517272727272726
USASPENDING_V1,USA,W7NX USPFO ACTIVITY PAANG 171,OTHER / OPEN WORLD,AWARD_FIRST_EVIDENCE,44,45952.119999999995,49.02363636363636
USASPENDING_V1,USA,U.S. ATTORNEYS OFFICE-PA(M) (USA67),OTHER / OPEN WORLD,AWARD_FIRST_EVIDENCE,44,11512.5,46.569545454545455
USASPENDING_V1,USA,U.S. ATTORNEYS OFFICE-KY(W) (USA33),OTHER / OPEN WORLD,AWARD_FIRST_EVIDENCE,44,6955.395,46.06590909090909
USASPENDING_V1,USA,NAVRESCEN NEW YORK CITY,OTHER / OPEN WORLD,AWARD_FIRST_EVIDENCE,44,3840.0,45.28181818181818
USASPENDING_V1,USA,U. S. SECRET SERVICE,Software licences / SaaS resale,AWARD_FIRST_EVIDENCE,43,262836.0,80.05813953488372
USASPENDING_V1,USA,"USDA, OCP-POD-ACQ-MGMT-BRANCH-FTC",Website support / accessibility / hosting,AWARD_FIRST_EVIDENCE,43,458914.94,79.27906976744185
USASPENDING_V1,USA,FDA OFFICE OF ACQ  GRANT SVCS,Translation,AWARD_FIRST_EVIDENCE,43,28216.0,76.40883720930232
USASPENDING_V1,USA,W6QK ACC-APG CONT CT SW SECTOR,Hardware / AV resale,AWARD_FIRST_EVIDENCE,43,49506.72,73.6093023255814
USASPENDING_V1,USA,REGION 6 : EMERGENCY PREPAREDNESS A,Translation,AWARD_FIRST_EVIDENCE,43,5920.6,73.31860465116279
USASPENDING_V1,USA,255-NETWORK CONTRACT OFFICE 15 (36C255),Hardware / AV resale,AWARD_FIRST_EVIDENCE,43,56913.62,67.93069767441861
USASPENDING_V1,USA,W074 ENDIST JACKSNVLLE,Hardware / AV resale,AWARD_FIRST_EVIDENCE,43,119804.99,67.5893023255814
USASPENDING_V1,USA,FA4890  HQ ACC AMIC,Call centre / helpdesk operations,AWARD_FIRST_EVIDENCE,43,62638.0,67.24418604651163
USASPENDING_V1,USA,261-NETWORK CONTRACT OFFICE 21 (36C261),Courier / mail fulfilment,AWARD_FIRST_EVIDENCE,43,180508.16,62.55069767441861
USASPENDING_V1,USA,OFFICE OF THE CHIEF PROCUREMENT OFFICER,Uniforms / PPE resale,AWARD_FIRST_EVIDENCE,43,11243.97,58.24511627906977
USASPENDING_V1,USA,242-NETWORK CONTRACT OFFICE 02 (36C242),Courier / mail fulfilment,AWARD_FIRST_EVIDENCE,43,9190.0,56.76930232558139
USASPENDING_V1,USA,FA8721  AFLCMC PZE CM,OTHER / OPEN WORLD,AWARD_FIRST_EVIDENCE,43,71674222.14,56.36372093023256
USASPENDING_V1,USA,W7M3 USPFO ACTIVITY GAANG 116,OTHER / OPEN WORLD,AWARD_FIRST_EVIDENCE,43,98973.36,56.10139534883721
USASPENDING_V1,USA,FA8672 AFLCMC EBDM,OTHER / OPEN WORLD,AWARD_FIRST_EVIDENCE,43,12277751.0,53.777674418604654
USASPENDING_V1,USA,USAID/ INDIA,OTHER / OPEN WORLD,AWARD_FIRST_EVIDENCE,43,44977.38,52.6246511627907
USASPENDING_V1,USA,PROCUREMENT MANAGEMENT OFFICE,OTHER / OPEN WORLD,AWARD_FIRST_EVIDENCE,43,102061.7,52.23348837209302
USASPENDING_V1,USA,U.S. ATTORNEYS OFFICE-WA(E) (USA85),OTHER / OPEN WORLD,AWARD_FIRST_EVIDENCE,43,5741.0,48.46976744186046
USASPENDING_V1,USA,U.S. ATTORNEYS OFFICE-AL(S) (USA03),OTHER / OPEN WORLD,AWARD_FIRST_EVIDENCE,43,1400.0,46.53953488372093
USASPENDING_V1,USA,PBS R9 SAN DIEGO FIELD OFFICE,OTHER / OPEN WORLD,AWARD_FIRST_EVIDENCE,43,24433.76,43.84651162790698
USASPENDING_V1,USA,DLA EUROPE & AFRICA TROOP SUPPORT,OTHER / OPEN WORLD,AWARD_FIRST_EVIDENCE,43,29419.98,41.57209302325582
USASPENDING_V1,USA,NAVAL MED READINESS LOGISITICS CMD,OTHER / OPEN WORLD,AWARD_FIRST_EVIDENCE,43,275.31,39.730232558139534
USASPENDING_V1,USA,FBI-JEH,Software licences / SaaS resale,AWARD_FIRST_EVIDENCE,42,205800.25,79.27285714285715
USASPENDING_V1,USA,IBC ACQ SVCS DIRECTORATE (00004),Website support / accessibility / hosting,AWARD_FIRST_EVIDENCE,42,173608.65,77.9552380952381
USASPENDING_V1,USA,GPC COMPONENT PROGRAM MANAGER,Hardware / AV resale,AWARD_FIRST_EVIDENCE,42,15476.279999999999,67.92619047619047
USASPENDING_V1,USA,DEPT OF COMMERCE PTO,Call centre / helpdesk operations,AWARD_FIRST_EVIDENCE,42,377716.365,67.05333333333333
USASPENDING_V1,USA,DEPT OF COMMERCE PTO,Office supplies / consumables resale,AWARD_FIRST_EVIDENCE,42,35488.405,63.47857142857143
USASPENDING_V1,USA,FA4419   97 CONF  CC,Call centre / helpdesk operations,AWARD_FIRST_EVIDENCE,42,61115.1,63.38
USASPENDING_V1,USA,W6QM MICC-FDO FT EUSTIS,Call centre / helpdesk operations,AWARD_FIRST_EVIDENCE,42,139693.26,63.18857142857143
USASPENDING_V1,USA,ARC DIV PROC SVCS - OIG,OTHER / OPEN WORLD,AWARD_FIRST_EVIDENCE,42,123724.25,57.205714285714286
USASPENDING_V1,USA,U.S. ATTORNEYS OFFICE-TN(E) (USA74),OTHER / OPEN WORLD,AWARD_FIRST_EVIDENCE,42,6414.3,49.3847619047619
USASPENDING_V1,USA,W7NN USPFO ACTIVITY NHANG 157,OTHER / OPEN WORLD,AWARD_FIRST_EVIDENCE,42,61526.685,49.25666666666667
USASPENDING_V1,USA,NCRO,OTHER / OPEN WORLD,AWARD_FIRST_EVIDENCE,42,12511.689999999999,48.01904761904762
USASPENDING_V1,USA,PBS FACILITY MANAGEMENT EAST - BRANCH B,OTHER / OPEN WORLD,AWARD_FIRST_EVIDENCE,42,2922300.0,47.70238095238095
USASPENDING_V1,USA,AMERICAN CONSULATE PESHAWAR,OTHER / OPEN WORLD,AWARD_FIRST_EVIDENCE,42,10284.865000000002,43.12619047619047
USASPENDING_V1,USA,NATIONAL ACQUISITIONS - CO,Translation,AWARD_FIRST_EVIDENCE,41,2426234.03,81.63414634146342
USASPENDING_V1,USA,GOVERNMENT ACCOUNTABILITY OFFICE,Survey / market research,AWARD_FIRST_EVIDENCE,41,189636.3,75.67219512195122
USASPENDING_V1,USA,USCIS CONTRACTING OFFICE(ERBUR),Call centre / helpdesk operations,AWARD_FIRST_EVIDENCE,41,3814633.22,70.43170731707318
USASPENDING_V1,USA,PORTSMOUTH NAVAL SHIPYARD GF,Call centre / helpdesk operations,AWARD_FIRST_EVIDENCE,41,66462.0,66.20390243902439
USASPENDING_V1,USA,USCIS CONTRACTING OFFICE(ERBUR),Office supplies / consumables resale,AWARD_FIRST_EVIDENCE,41,37531.2,65.94195121951219
USASPENDING_V1,USA,ACQUISITIONS – AQM MOMENTUM RFMS,OTHER / OPEN WORLD,AWARD_FIRST_EVIDENCE,41,584671.42,56.048780487804876
USASPENDING_V1,USA,FA8616 AFLCMC WBZK B2,OTHER / OPEN WORLD,AWARD_FIRST_EVIDENCE,41,12445547.98,53.79121951219512
USASPENDING_V1,USA,DCMA SALT LAKE CITY,OTHER / OPEN WORLD,AWARD_FIRST_EVIDENCE,41,3300678.31,53.424878048780485
USASPENDING_V1,USA,USAID SEC,OTHER / OPEN WORLD,AWARD_FIRST_EVIDENCE,41,97219.67,53.319024390243904
USASPENDING_V1,USA,ALASKA REGION,OTHER / OPEN WORLD,AWARD_FIRST_EVIDENCE,41,13392.1,53.242439024390244
USASPENDING_V1,USA,OFFICE OF EXHIBITS CENTRAL,OTHER / OPEN WORLD,AWARD_FIRST_EVIDENCE,41,26200.0,51.583414634146344
USASPENDING_V1,USA,AMERICAN CONSULATE NAPLES,OTHER / OPEN WORLD,AWARD_FIRST_EVIDENCE,41,17543.41,47.79024390243902
USASPENDING_V1,USA,U.S. ATTORNEYS OFFICE-CT (USA14),OTHER / OPEN WORLD,AWARD_FIRST_EVIDENCE,41,6820.68,47.321951219512194
USASPENDING_V1,USA,U.S. ATTORNEYS OFFICE-OK(W) (USA64),OTHER / OPEN WORLD,AWARD_FIRST_EVIDENCE,41,4372.8,46.32487804878049
USASPENDING_V1,USA,U.S. ATTORNEYS OFFICE-WI(W) (USA90),OTHER / OPEN WORLD,AWARD_FIRST_EVIDENCE,41,2000.0,44.81317073170732
USASPENDING_V1,USA,PBS FACILITY MANAGEMENT WEST - BRANCH B,OTHER / OPEN WORLD,AWARD_FIRST_EVIDENCE,41,298780.08,44.43853658536585
USASPENDING_V1,USA,OPERATION SERVICES,Transcription / captioning,AWARD_FIRST_EVIDENCE,40,11025.0,79.23
USASPENDING_V1,USA,PROGRAM SUPPORT CENTER ACQ MGMT SVC,Hardware / AV resale,AWARD_FIRST_EVIDENCE,40,541975.655,75.22
USASPENDING_V1,USA,W40M MRC0 WEST,Hardware / AV resale,AWARD_FIRST_EVIDENCE,40,60942.08,69.476
USASPENDING_V1,USA,NAVAJO AREA INDIAN HEALTH SVC,Hardware / AV resale,AWARD_FIRST_EVIDENCE,40,17917.739999999998,65.855
USASPENDING_V1,USA,260-NETWORK CONTRACT OFFICE 20 (36C260),Office supplies / consumables resale,AWARD_FIRST_EVIDENCE,40,34391.020000000004,65.162
USASPENDING_V1,USA,COMMANDING GENERAL,Office supplies / consumables resale,AWARD_FIRST_EVIDENCE,40,38743.64,63.0555
USASPENDING_V1,USA,EASTERN OKLAHOMA REGION,Call centre / helpdesk operations,AWARD_FIRST_EVIDENCE,40,7707.215,57.025
USASPENDING_V1,USA,VETERANS BENEFITS ADMIN (36C10D),Courier / mail fulfilment,AWARD_FIRST_EVIDENCE,40,7414.305,55.265
USASPENDING_V1,USA,U.S. ATTORNEYS OFFICE-PA(W) (USA68),OTHER / OPEN WORLD,AWARD_FIRST_EVIDENCE,40,9483.529999999999,48.239
USASPENDING_V1,USA,U.S. ATTORNEYS OFFICE-TN(W) (USA76),OTHER / OPEN WORLD,AWARD_FIRST_EVIDENCE,40,2931.175,45.6805
USASPENDING_V1,USA,693JJ3 ACQUISITION AND GRANTS MGT,Website support / accessibility / hosting,AWARD_FIRST_EVIDENCE,39,316020.88,79.95128205128205
USASPENDING_V1,USA,OFFICE OF CENTRALIZED ACQUISITION SERVICES,Software licences / SaaS resale,AWARD_FIRST_EVIDENCE,39,111600.0,78.60974358974359
USASPENDING_V1,USA,TAXPAYER FOCUSED SUPPORT,Translation,AWARD_FIRST_EVIDENCE,39,75000.0,75.76051282051282
USASPENDING_V1,USA,US MINT HEADQUARTERS,Survey / market research,AWARD_FIRST_EVIDENCE,39,176548.0,73.3825641025641
USASPENDING_V1,USA,HEADQUATERS,Hardware / AV resale,AWARD_FIRST_EVIDENCE,39,52340.0,72.75435897435898
USASPENDING_V1,USA,DIV OF ACQ AND COOPERATIVE SUPPORT,Hardware / AV resale,AWARD_FIRST_EVIDENCE,39,55316.43,71.68051282051282
USASPENDING_V1,USA,LOS ANGELES CA DIVISION OFFICE,Transcription / captioning,AWARD_FIRST_EVIDENCE,39,1000.0,69.8076923076923
USASPENDING_V1,USA,W6QK ACC-APG NATICK,Uniforms / PPE resale,AWARD_FIRST_EVIDENCE,39,703193.02,68.03333333333333
USASPENDING_V1,USA,NATIONAL INSTITUTES OF HEALTH NHLBI,Call centre / helpdesk operations,AWARD_FIRST_EVIDENCE,39,98114.11,67.60666666666667
USASPENDING_V1,USA,FA8307  AFLCMC HNCK HNC CYBER & NTR,Call centre / helpdesk operations,AWARD_FIRST_EVIDENCE,39,157001.36,66.90564102564103
USASPENDING_V1,USA,FA2550  50 CONS PKP,Call centre / helpdesk operations,AWARD_FIRST_EVIDENCE,39,42117.0,64.72461538461539
USASPENDING_V1,USA,FA4801 49 CONS PK,Call centre / helpdesk operations,AWARD_FIRST_EVIDENCE,39,43677.25,62.87230769230769
USASPENDING_V1,USA,NAVSUP FLT LOG CTR  SAN DIEGO,Call centre / helpdesk operations,AWARD_FIRST_EVIDENCE,39,42915.78,61.67948717948718
USASPENDING_V1,USA,ACQUISITIONS - AQM ARIBA,Office supplies / consumables resale,AWARD_FIRST_EVIDENCE,39,1679.26,60.68666666666667
USASPENDING_V1,USA,NAVAL UNDERSEA WARFARE CENTER,Office supplies / consumables resale,AWARD_FIRST_EVIDENCE,39,118.58,58.165128205128205
USASPENDING_V1,USA,DIRECTOR OF CONTRACTING,Office supplies / consumables resale,AWARD_FIRST_EVIDENCE,39,182.2,57.2174358974359
USASPENDING_V1,USA,FA2371 US AWACS AFLCMC/HBS,OTHER / OPEN WORLD,AWARD_FIRST_EVIDENCE,39,9060202.0,56.874871794871794
USASPENDING_V1,USA,TSI EAST/SOUTH ASIA REG OF-BANGKOK,OTHER / OPEN WORLD,AWARD_FIRST_EVIDENCE,39,29400.0,55.93076923076923
USASPENDING_V1,USA,NAVOPSPTCEN NEW CASTLE,OTHER / OPEN WORLD,AWARD_FIRST_EVIDENCE,39,250000.0,55.76358974358974
USASPENDING_V1,USA,USAID DCHA/OFDA,OTHER / OPEN WORLD,AWARD_FIRST_EVIDENCE,39,526737.52,52.38974358974359
USASPENDING_V1,USA,W7N8 USPFO ACTIVITY WIANG 128,OTHER / OPEN WORLD,AWARD_FIRST_EVIDENCE,39,42172.8,49.39179487179487
USASPENDING_V1,USA,PBS FACILITY MANAGEMENT EAST - BRANCH D,OTHER / OPEN WORLD,AWARD_FIRST_EVIDENCE,39,991172.32,48.77538461538462
USASPENDING_V1,USA,U.S. ATTORNEYS OFFICE-VT (USA82),OTHER / OPEN WORLD,AWARD_FIRST_EVIDENCE,39,2056.2,48.135897435897434
USASPENDING_V1,USA,SPECIAL OPERATIONS DIVISION,OTHER / OPEN WORLD,AWARD_FIRST_EVIDENCE,39,11324.6,46.9574358974359
USASPENDING_V1,USA,OAS OFFICE OF INTERNAL ACQUISITION,Software licences / SaaS resale,AWARD_FIRST_EVIDENCE,38,224506.77500000002,80.37105263157895
USASPENDING_V1,USA,SUPPORT SERVICES SECTION(SS40),Software licences / SaaS resale,AWARD_FIRST_EVIDENCE,38,74352.56,77.03315789473685
USASPENDING_V1,USA,OFC OF ACQUISITION AND GRANTS MGMT,Survey / market research,AWARD_FIRST_EVIDENCE,38,2078977.5,74.78894736842105
USASPENDING_V1,USA,FA8773 ACC 38 CONS,Call centre / helpdesk operations,AWARD_FIRST_EVIDENCE,38,54442.17,65.64473684210526
USASPENDING_V1,USA,FDA OFFICE OF ACQ  GRANT SVCS,Call centre / helpdesk operations,AWARD_FIRST_EVIDENCE,38,356800.13,65.38105263157895
USASPENDING_V1,USA,FA4686 9 CONS PK,Call centre / helpdesk operations,AWARD_FIRST_EVIDENCE,38,59224.7,64.9278947368421
USASPENDING_V1,USA,FA5215  766 ESS PKP,Call centre / helpdesk operations,AWARD_FIRST_EVIDENCE,38,53541.0,64.45368421052632
USASPENDING_V1,USA,WASHINGTON HEADQUARTERS SERVICES,Uniforms / PPE resale,AWARD_FIRST_EVIDENCE,38,18295.45,63.58526315789474
USASPENDING_V1,USA,FA7000  10 CONS LGC,Uniforms / PPE resale,AWARD_FIRST_EVIDENCE,38,77943.11,62.70578947368421
USASPENDING_V1,USA,AMERICAN EMBASSY NAIROBI,Office supplies / consumables resale,AWARD_FIRST_EVIDENCE,38,12524.21,62.52684210526316
USASPENDING_V1,USA,MARSOC H92257,Call centre / helpdesk operations,AWARD_FIRST_EVIDENCE,38,33814.46,60.29842105263158
USASPENDING_V1,USA,ROCKY MOUNTAIN REGION,Call centre / helpdesk operations,AWARD_FIRST_EVIDENCE,38,17844.93,59.043157894736844
USASPENDING_V1,USA,FA8810  SPACE SENSING SSC/SNK,OTHER / OPEN WORLD,AWARD_FIRST_EVIDENCE,38,7252229.0,58.97736842105263
USASPENDING_V1,USA,US MINT DENVER,Office supplies / consumables resale,AWARD_FIRST_EVIDENCE,38,162.45999999999998,58.183157894736844
USASPENDING_V1,USA,255-NETWORK CONTRACT OFFICE 15 (36C255),Courier / mail fulfilment,AWARD_FIRST_EVIDENCE,38,195136.82,57.77368421052632
USASPENDING_V1,USA,OJP OA ACQUISITIONS,OTHER / OPEN WORLD,AWARD_FIRST_EVIDENCE,38,282729.72,54.293157894736844
USASPENDING_V1,USA,USAID/MERP (MID EAST REG PRO FRANK),OTHER / OPEN WORLD,AWARD_FIRST_EVIDENCE,38,363261.58999999997,53.515263157894736
USASPENDING_V1,USA,ASSOCIATE DIRECTOR FIELD OPER,OTHER / OPEN WORLD,AWARD_FIRST_EVIDENCE,38,85642.63,53.316315789473684
USASPENDING_V1,USA,692L79 DOT FAA TECHNICAL CENTER,OTHER / OPEN WORLD,AWARD_FIRST_EVIDENCE,38,245811.5,50.59789473684211
USASPENDING_V1,USA,U.S. ATTORNEYS OFFICE-FL(M) (USA18),OTHER / OPEN WORLD,AWARD_FIRST_EVIDENCE,38,14485.83,49.532105263157895
USASPENDING_V1,USA,W7M9 USPFO ACTIVITY KSANG 190,OTHER / OPEN WORLD,AWARD_FIRST_EVIDENCE,38,19906.63,48.44
USASPENDING_V1,USA,U.S. ATTORNEYS OFFICE-RI (USA70),OTHER / OPEN WORLD,AWARD_FIRST_EVIDENCE,38,11727.43,48.05842105263158
USASPENDING_V1,USA,U.S. ATTORNEYS OFFICE-MS(N) (USA42),OTHER / OPEN WORLD,AWARD_FIRST_EVIDENCE,38,2833.1099999999997,45.61578947368421
USASPENDING_V1,USA,PBS R9 ACQUISITION MANAGEMENT DIV,OTHER / OPEN WORLD,AWARD_FIRST_EVIDENCE,38,37110.0,42.79210526315789
USASPENDING_V1,USA,TECHNOLOGY ACQUISITION CENTER AUSTIN (36C10A),Software licences / SaaS resale,AWARD_FIRST_EVIDENCE,37,285120.0,80.63243243243244
USASPENDING_V1,USA,PROGRAM SUPPORT CENTER ACQ MGMT SVC,Software licences / SaaS resale,AWARD_FIRST_EVIDENCE,37,167075.27,79.14972972972973
USASPENDING_V1,USA,NATIONAL INSTITUTES OF HEALTH NHLBI,Software licences / SaaS resale,AWARD_FIRST_EVIDENCE,37,41594.14,78.26216216216216
USASPENDING_V1,USA,NATIONAL SECURITY DIVISION,Software licences / SaaS resale,AWARD_FIRST_EVIDENCE,37,77112.48,77.76486486486486
USASPENDING_V1,USA,261-NETWORK CONTRACT OFFICE 21 (36C261),Signage / display production,AWARD_FIRST_EVIDENCE,37,146003.25,77.04594594594595
USASPENDING_V1,USA,DEFENSE HUMAN RESOURCES ACTIVITY,Survey / market research,AWARD_FIRST_EVIDENCE,37,803327.4,76.33891891891892
USASPENDING_V1,USA,0413 AQ HQ     RCO-HI,Hardware / AV resale,AWARD_FIRST_EVIDENCE,37,111895.0,74.75189189189189
USASPENDING_V1,USA,OFC OF PERF MGMT AND CFO,Hardware / AV resale,AWARD_FIRST_EVIDENCE,37,167231.69,74.55243243243243
USASPENDING_V1,USA,W2R2 USA ENGR R & D CTR,Hardware / AV resale,AWARD_FIRST_EVIDENCE,37,74562.92,72.71945945945946
USASPENDING_V1,USA,PHOENIX AREA INDIAN HEALTH SVC,Hardware / AV resale,AWARD_FIRST_EVIDENCE,37,41320.26,71.34756756756757
USASPENDING_V1,USA,OFC OF ACQUISITION AND GRANTS MGMT,Call centre / helpdesk operations,AWARD_FIRST_EVIDENCE,37,8453844.59,69.72378378378379
USASPENDING_V1,USA,USUHS,Uniforms / PPE resale,AWARD_FIRST_EVIDENCE,37,136627.2,69.55945945945946
USASPENDING_V1,USA,"692M15 ACQUISITION & GRANTS, AAQ600",Call centre / helpdesk operations,AWARD_FIRST_EVIDENCE,37,1614548.68,67.71675675675675
USASPENDING_V1,USA,DEPT OF COMMERCE NIST,Call centre / helpdesk operations,AWARD_FIRST_EVIDENCE,37,82730.33,65.74432432432432
USASPENDING_V1,USA,FA7037 AMIC DET 2 JBSA,Call centre / helpdesk operations,AWARD_FIRST_EVIDENCE,37,74214.57,65.32108108108108
USASPENDING_V1,USA,W6QK ACC-RSA,Call centre / helpdesk operations,AWARD_FIRST_EVIDENCE,37,70295.55,64.77837837837838
USASPENDING_V1,USA,NAVAJO AREA INDIAN HEALTH SVC,Call centre / helpdesk operations,AWARD_FIRST_EVIDENCE,37,35186.3,64.47621621621622
USASPENDING_V1,USA,PBS R5 ACQUISITION MANAGEMENT DIVISION,Hardware / AV resale,AWARD_FIRST_EVIDENCE,37,28240.05,63.62
USASPENDING_V1,USA,USDA ARS AFM APD,Call centre / helpdesk operations,AWARD_FIRST_EVIDENCE,37,65745.77,61.454594594594596
USASPENDING_V1,USA,NAV REG MA RCC NORFOLK,Office supplies / consumables resale,AWARD_FIRST_EVIDENCE,37,275.68,56.92
USASPENDING_V1,USA,DCMA MID-ATLANTIC (PHILADELPHIA),OTHER / OPEN WORLD,AWARD_FIRST_EVIDENCE,37,198750.0,52.79513513513513
USASPENDING_V1,USA,"LAB - LAS VEGAS, NV - CO OFFICE",OTHER / OPEN WORLD,AWARD_FIRST_EVIDENCE,37,34250.8,51.858378378378376
USASPENDING_V1,USA,FA8552  AFLCMC WIU,OTHER / OPEN WORLD,AWARD_FIRST_EVIDENCE,37,1093447.62,51.59567567567568
USASPENDING_V1,USA,SMITHSONIAN ENVIRONMENTAL RESEARCH CENTER,OTHER / OPEN WORLD,AWARD_FIRST_EVIDENCE,37,20500.0,50.81891891891892
USASPENDING_V1,USA,PBS CENTRALIZED ACQUISITION SERVICES - CUSTOMER CONTRACTING BRANCH B,Recruitment / temporary staffing,AWARD_FIRST_EVIDENCE,37,0.0,49.6
USASPENDING_V1,USA,W7MZ USPFO ACTIVITY CTANG 103,OTHER / OPEN WORLD,AWARD_FIRST_EVIDENCE,37,50000.0,49.41837837837838
USASPENDING_V1,USA,U.S. EMBASSY KHARTOUM,OTHER / OPEN WORLD,AWARD_FIRST_EVIDENCE,37,30015.58,49.104324324324324
USASPENDING_V1,USA,U.S. ATTORNEYS OFFICE-FL(N) (USA17),OTHER / OPEN WORLD,AWARD_FIRST_EVIDENCE,37,8745.6,48.51513513513513
USASPENDING_V1,USA,U.S. ATTORNEYS OFFICE-SD (USA73),OTHER / OPEN WORLD,AWARD_FIRST_EVIDENCE,37,4285.49,46.8054054054054
USASPENDING_V1,USA,NAVIFOR,OTHER / OPEN WORLD,AWARD_FIRST_EVIDENCE,37,297.64,41.76864864864865
USASPENDING_V1,USA,NAVAL AIR STATION WHIDBEY ISLAND,OTHER / OPEN WORLD,AWARD_FIRST_EVIDENCE,37,6000.0,35.83945945945946
USASPENDING_V1,USA,FA2517  21 CONS BLDG 350,Software licences / SaaS resale,AWARD_FIRST_EVIDENCE,36,89164.65,80.32722222222222
USASPENDING_V1,USA,NIH NCI,Software licences / SaaS resale,AWARD_FIRST_EVIDENCE,36,83624.94,79.79611111111112
USASPENDING_V1,USA,MRPBS MINNEAPOLIS MN,Software licences / SaaS resale,AWARD_FIRST_EVIDENCE,36,75824.48000000001,77.89944444444444
USASPENDING_V1,USA,OFFICE OF CONTRACTS,Hardware / AV resale,AWARD_FIRST_EVIDENCE,36,93769.88500000001,74.7088888888889
USASPENDING_V1,USA,CRIMINAL DIVISION,Software licences / SaaS resale,AWARD_FIRST_EVIDENCE,36,25969.300000000003,74.25
USASPENDING_V1,USA,FA8726  AFLCMC HNK C3IN,Call centre / helpdesk operations,AWARD_FIRST_EVIDENCE,36,212615.54499999998,67.31444444444445
USASPENDING_V1,USA,0410 AQ HQ     CONTRACT,Office supplies / consumables resale,AWARD_FIRST_EVIDENCE,36,91948.45999999999,64.86722222222222
USASPENDING_V1,USA,NAVY & MARINE CORPS FORCE HEALTH,Office supplies / consumables resale,AWARD_FIRST_EVIDENCE,36,170.96,57.18
USASPENDING_V1,USA,GSA/FAS/PSHC/CONTRACT OPERATIONS,OTHER / OPEN WORLD,AWARD_FIRST_EVIDENCE,36,31117.5,54.013888888888886
USASPENDING_V1,USA,GSA/FAS ADMIN SVCS ACQUISITION BR(2,Uniforms / PPE resale,AWARD_FIRST_EVIDENCE,36,382.095,52.38
USASPENDING_V1,USA,USAID/MOLDOVA,OTHER / OPEN WORLD,AWARD_FIRST_EVIDENCE,36,97990.0,50.64
USASPENDING_V1,USA,INTEGRATION AVIATION SYS SYS 21 WKG,OTHER / OPEN WORLD,AWARD_FIRST_EVIDENCE,36,373737.5,49.843333333333334
USASPENDING_V1,USA,W7NY USPFO ACTIVITY RIANG 143,OTHER / OPEN WORLD,AWARD_FIRST_EVIDENCE,36,27705.5,49.34
USASPENDING_V1,USA,U.S. ATTORNEYS OFFICE-ID (USA23),OTHER / OPEN WORLD,AWARD_FIRST_EVIDENCE,36,4710.3099999999995,46.391666666666666
USASPENDING_V1,USA,CDC OFFICE OF ACQUISITION SERVICES,Translation,AWARD_FIRST_EVIDENCE,35,401430.4,79.91657142857143
USASPENDING_V1,USA,FLEET READINESS CENTER,Software licences / SaaS resale,AWARD_FIRST_EVIDENCE,35,34947.88,78.30457142857144
USASPENDING_V1,USA,IT CONTRACTING DIVISION - PL84,Software licences / SaaS resale,AWARD_FIRST_EVIDENCE,35,259073.0,76.51028571428571
USASPENDING_V1,USA,NAVAL SURFACE WARFARE CENTER,Software licences / SaaS resale,AWARD_FIRST_EVIDENCE,35,25774.74,76.29314285714285
USASPENDING_V1,USA,SUPPORT SERVICES SECTION(SS40),Translation,AWARD_FIRST_EVIDENCE,35,47874.0,75.00057142857143
USASPENDING_V1,USA,PEACE CORPS OACM,Translation,AWARD_FIRST_EVIDENCE,35,5440.0,74.80742857142857
USASPENDING_V1,USA,NATIONAL INSTITUTES OF HEALTH NIDA,Hardware / AV resale,AWARD_FIRST_EVIDENCE,35,121992.88,73.43314285714285
USASPENDING_V1,USA,DLA DISTRIBUTION,Translation,AWARD_FIRST_EVIDENCE,35,10000.0,73.19428571428571
USASPENDING_V1,USA,FA5587  48 CONS (ADMIN ONLY NO REQ),Hardware / AV resale,AWARD_FIRST_EVIDENCE,35,28537.2,72.76514285714286
USASPENDING_V1,USA,GSA/FAS CENTER FOR IT SCHEDULE PROG,Translation,AWARD_FIRST_EVIDENCE,35,0.0,62.15714285714286
USASPENDING_V1,USA,DUSN (M) DON/A,Office supplies / consumables resale,AWARD_FIRST_EVIDENCE,35,490.78,57.505714285714284
USASPENDING_V1,USA,NAVAL SPECIAL WARFARE COMMAND,Office supplies / consumables resale,AWARD_FIRST_EVIDENCE,35,577.8,57.40857142857143
USASPENDING_V1,USA,NAVAL BRANCH HEALTH CLINIC GROTON,Office supplies / consumables resale,AWARD_FIRST_EVIDENCE,35,226.5,57.05714285714286
USASPENDING_V1,USA,EM-OAK RIDGE,OTHER / OPEN WORLD,AWARD_FIRST_EVIDENCE,35,275020.01,54.08
USASPENDING_V1,USA,USAID DCHA/OTI,OTHER / OPEN WORLD,AWARD_FIRST_EVIDENCE,35,278329.21,52.88857142857143
USASPENDING_V1,USA,NAVFACSYSCOM WASHINGTON,Office supplies / consumables resale,AWARD_FIRST_EVIDENCE,35,617.61,52.58
USASPENDING_V1,USA,FA8637 AFLCMC WID ATTACK SYSTEMS,OTHER / OPEN WORLD,AWARD_FIRST_EVIDENCE,35,21005714.54,52.21942857142857
USASPENDING_V1,USA,"TSI, BOTSWANA (3511/6511)",OTHER / OPEN WORLD,AWARD_FIRST_EVIDENCE,35,27600.0,50.873714285714286
USASPENDING_V1,USA,ACQUISITIONS - US MISSION TO THE UN,OTHER / OPEN WORLD,AWARD_FIRST_EVIDENCE,35,12369.71,50.08571428571429
USASPENDING_V1,USA,U.S. ATTORNEYS OFFICE-OK(E) (USA63),OTHER / OPEN WORLD,AWARD_FIRST_EVIDENCE,35,32449.4,47.44171428571428
USASPENDING_V1,USA,U.S. ATTORNEYS OFFICE-GA(M) (USA20),OTHER / OPEN WORLD,AWARD_FIRST_EVIDENCE,35,8000.0,47.22857142857143
USASPENDING_V1,USA,U.S. ATTORNEYS OFFICE-LA(M) (USA95),OTHER / OPEN WORLD,AWARD_FIRST_EVIDENCE,35,5852.73,46.628571428571426
USASPENDING_V1,USA,SERO,OTHER / OPEN WORLD,AWARD_FIRST_EVIDENCE,35,1705.48,43.85542857142857
USASPENDING_V1,USA,GSA FAS AAS CIVILIAN (QFD),OTHER / OPEN WORLD,AWARD_FIRST_EVIDENCE,35,3500.0,37.28285714285714
USASPENDING_V1,USA,FA8307  AFLCMC HNCK HNC CYBER & NTR,Software licences / SaaS resale,AWARD_FIRST_EVIDENCE,34,211605.65999999997,80.70705882352941
USASPENDING_V1,USA,INFO TECH ACQ CENTER,Software licences / SaaS resale,AWARD_FIRST_EVIDENCE,34,549420.1799999999,79.68235294117648
USASPENDING_V1,USA,C5I DIVISION 2 KEARNEYSVILLE,Software licences / SaaS resale,AWARD_FIRST_EVIDENCE,34,92415.3,78.44470588235293
USASPENDING_V1,USA,FA8773 ACC 38 CONS,Hardware / AV resale,AWARD_FIRST_EVIDENCE,34,53672.405,75.50823529411765
USASPENDING_V1,USA,JMD-PROCUREMENT SERVICES SECTION,Hardware / AV resale,AWARD_FIRST_EVIDENCE,34,131934.29499999998,75.03294117647059
USASPENDING_V1,USA,U.S. ATTORNEYS OFFICE-CA(S) (USA98),Transcription / captioning,AWARD_FIRST_EVIDENCE,34,3138.625,72.32411764705883
USASPENDING_V1,USA,NATIONAL INSTITUTES OF HEALTH - CC,Hardware / AV resale,AWARD_FIRST_EVIDENCE,34,51332.850000000006,71.7335294117647
USASPENDING_V1,USA,SECURITIES AND EXCHANGE COMMISSION,Call centre / helpdesk operations,AWARD_FIRST_EVIDENCE,34,176009.15,71.20529411764706
USASPENDING_V1,USA,NCIS QUANTICO VA,Translation,AWARD_FIRST_EVIDENCE,34,446.76,67.06235294117647
USASPENDING_V1,USA,COMMANDING GENERAL,Call centre / helpdesk operations,AWARD_FIRST_EVIDENCE,34,59592.020000000004,66.63588235294118
USASPENDING_V1,USA,FA4620  92 CONS LGC,Call centre / helpdesk operations,AWARD_FIRST_EVIDENCE,34,43117.759999999995,64.55235294117647
USASPENDING_V1,USA,250-NETWORK CONTRACT OFFICE 10 (36C250),Call centre / helpdesk operations,AWARD_FIRST_EVIDENCE,34,38326.8,64.15411764705883
USASPENDING_V1,USA,TEXAS NPSC(TXNP),Call centre / helpdesk operations,AWARD_FIRST_EVIDENCE,34,3176079.005,61.84058823529412
USASPENDING_V1,USA,ARIBA DOMESTIC PCARDS,Courier / mail fulfilment,AWARD_FIRST_EVIDENCE,34,25943.635000000002,60.00588235294118
USASPENDING_V1,USA,NAVAJO REGION,Call centre / helpdesk operations,AWARD_FIRST_EVIDENCE,34,8494.720000000001,58.656470588235294
USASPENDING_V1,USA,ALBUQERQUE ACQUISITION OFFICE,Call centre / helpdesk operations,AWARD_FIRST_EVIDENCE,34,17061.07,58.52411764705882
USASPENDING_V1,USA,"GSA/FAS/GSS/QSCA, MULTIPLE AWARD SCHEDULE CONTRACTING DIVISION",Hardware / AV resale,AWARD_FIRST_EVIDENCE,34,0.0,58.41882352941177
USASPENDING_V1,USA,U.S. EMBASSY ISLAMABAD,Office supplies / consumables resale,AWARD_FIRST_EVIDENCE,34,11696.32,58.178823529411765
USASPENDING_V1,USA,ANACOSTIA MUSEUM AND CENTER FOR AFRICAN AMERICAN HISTORY  CULTURE,OTHER / OPEN WORLD,AWARD_FIRST_EVIDENCE,34,32391.245000000003,53.698235294117644
USASPENDING_V1,USA,SI MUSEUM CONSERVATION INSTITUTE,OTHER / OPEN WORLD,AWARD_FIRST_EVIDENCE,34,27842.295,53.40764705882353
USASPENDING_V1,USA,NMRTC GUAM,OTHER / OPEN WORLD,AWARD_FIRST_EVIDENCE,34,81482.32,51.326470588235296
USASPENDING_V1,USA,NUCLEAR REGULATORY COMM REGION IV,OTHER / OPEN WORLD,AWARD_FIRST_EVIDENCE,34,5744.450000000001,51.16235294117647
USASPENDING_V1,USA,U.S. ATTORNEYS OFFICE-ME (USA36),OTHER / OPEN WORLD,AWARD_FIRST_EVIDENCE,34,11224.1,48.69529411764706
USASPENDING_V1,USA,U.S. ATTORNEYS OFFICE-(WY) (USA91),OTHER / OPEN WORLD,AWARD_FIRST_EVIDENCE,34,7465.0,47.781176470588235
USASPENDING_V1,USA,DCMA AMERICAS,OTHER / OPEN WORLD,AWARD_FIRST_EVIDENCE,34,58869.765,47.73058823529412
USASPENDING_V1,USA,FA7014  AFDW PK,Software licences / SaaS resale,AWARD_FIRST_EVIDENCE,33,258817.99,80.37818181818182
USASPENDING_V1,USA,FA3016  502 CONS CL,Software licences / SaaS resale,AWARD_FIRST_EVIDENCE,33,102637.71,78.68181818181819
USASPENDING_V1,USA,"USDA, OCP-POD-ACQ-MGMT-BRANCH-FTC",Translation,AWARD_FIRST_EVIDENCE,33,65875.18,75.85515151515152
USASPENDING_V1,USA,W6QK ACC-PICA,Hardware / AV resale,AWARD_FIRST_EVIDENCE,33,139860.0,75.70181818181818
USASPENDING_V1,USA,OPERATION SERVICES,Translation,AWARD_FIRST_EVIDENCE,33,34036.09,75.67696969696969
USASPENDING_V1,USA,PHOENIX AREA INDIAN HEALTH SVC,Data entry / clerical processing,AWARD_FIRST_EVIDENCE,33,39999.3,74.82787878787879
USASPENDING_V1,USA,FA8649 USAF SBIR STTR CNTRCTNG AFRL,Training / e-learning,AWARD_FIRST_EVIDENCE,33,1248121.0,74.68181818181819
USASPENDING_V1,USA,NATIONAL INSTITUTES OF HEALTH NICHD,Hardware / AV resale,AWARD_FIRST_EVIDENCE,33,40756.65,74.2739393939394
USASPENDING_V1,USA,USDA ARS AFM APD,Hardware / AV resale,AWARD_FIRST_EVIDENCE,33,43590.35,69.77333333333333
USASPENDING_V1,USA,ARC DIV PROC SVCS - TTB,Call centre / helpdesk operations,AWARD_FIRST_EVIDENCE,33,112535.4,66.08909090909091
USASPENDING_V1,USA,SC OAK RIDGE OFFICE,Call centre / helpdesk operations,AWARD_FIRST_EVIDENCE,33,79063.33,65.0430303030303
USASPENDING_V1,USA,NETWORK CONTRACT OFFICE 23 (36C263),Courier / mail fulfilment,AWARD_FIRST_EVIDENCE,33,441034.37,64.09272727272727
USASPENDING_V1,USA,BORDER ENFORCEMENT CONTRACTING DIVISION,Uniforms / PPE resale,AWARD_FIRST_EVIDENCE,33,72519.3,62.75272727272727
USASPENDING_V1,USA,MWR MISSOURI MABO(62000),Call centre / helpdesk operations,AWARD_FIRST_EVIDENCE,33,20729.95,62.70727272727273
USASPENDING_V1,USA,249-NETWORK CONTRACT OFFICE 9 (36C249),Courier / mail fulfilment,AWARD_FIRST_EVIDENCE,33,82114.6,59.88787878787879
USASPENDING_V1,USA,NAVSUP FLC BAHRAIN,Office supplies / consumables resale,AWARD_FIRST_EVIDENCE,33,698.95,58.516363636363636
USASPENDING_V1,USA,NSWC DAHLGREN,Office supplies / consumables resale,AWARD_FIRST_EVIDENCE,33,312.4,57.986666666666665
USASPENDING_V1,USA,0409 AQ HQ     CONTRACT =,Office supplies / consumables resale,AWARD_FIRST_EVIDENCE,33,603.86,57.35636363636364
USASPENDING_V1,USA,U.S. EMBASSY BOGOTA,Office supplies / consumables resale,AWARD_FIRST_EVIDENCE,33,0.0,54.48969696969697
USASPENDING_V1,USA,PACIFIC REGION,OTHER / OPEN WORLD,AWARD_FIRST_EVIDENCE,33,13602.07,52.47939393939394
USASPENDING_V1,USA,USAID/ARMENIA,OTHER / OPEN WORLD,AWARD_FIRST_EVIDENCE,33,40531.52,50.834545454545456
USASPENDING_V1,USA,COMMANDER NAVAL LEGAL SERV COMMAND,OTHER / OPEN WORLD,AWARD_FIRST_EVIDENCE,33,55979.0,48.481818181818184
USASPENDING_V1,USA,MCC NEW YORK,OTHER / OPEN WORLD,AWARD_FIRST_EVIDENCE,33,41217.95,47.275757575757574
USASPENDING_V1,USA,HAWAII VOLCANO OBSERVATORY(00087),OTHER / OPEN WORLD,AWARD_FIRST_EVIDENCE,33,12945.3,47.1030303030303
USASPENDING_V1,USA,"OFFICE OF ACQ OPS, TTL ORDER",OTHER / OPEN WORLD,AWARD_FIRST_EVIDENCE,33,127610.0,46.157575757575756
USASPENDING_V1,USA,DLA INSTALLATION MANAGEMENT SUSQ,OTHER / OPEN WORLD,AWARD_FIRST_EVIDENCE,33,301.59,40.163636363636364
USASPENDING_V1,USA,SOCAFRICA  CONTRACTING OFFICE,Translation,AWARD_FIRST_EVIDENCE,32,53650.0,81.433125
USASPENDING_V1,USA,ACQUISITIONS - AQM MOMENTUM,Translation,AWARD_FIRST_EVIDENCE,32,62265.345,80.115625
USASPENDING_V1,USA,FA8604  AFLCMC PZI,Software licences / SaaS resale,AWARD_FIRST_EVIDENCE,32,65114.64,78.678125
USASPENDING_V1,USA,NIWC ATLANTIC,Software licences / SaaS resale,AWARD_FIRST_EVIDENCE,32,310598.67,78.155
USASPENDING_V1,USA,USCIS CONTRACTING OFFICE(ERBUR),Hardware / AV resale,AWARD_FIRST_EVIDENCE,32,748105.755,77.665
USASPENDING_V1,USA,NIH NCI,Hardware / AV resale,AWARD_FIRST_EVIDENCE,32,346853.375,75.13625
USASPENDING_V1,USA,NASA GODDARD SPACE FLIGHT CENTER,Hardware / AV resale,AWARD_FIRST_EVIDENCE,32,1350585.205,71.5025
USASPENDING_V1,USA,HEADQUARTERS ACQUISITION DIV (HQAD),Hardware / AV resale,AWARD_FIRST_EVIDENCE,32,97773.0,71.4875
USASPENDING_V1,USA,COMMANDING OFFICER,Hardware / AV resale,AWARD_FIRST_EVIDENCE,32,91586.425,69.725
USASPENDING_V1,USA,NUCLEAR REGULATORY COMMISSION,Call centre / helpdesk operations,AWARD_FIRST_EVIDENCE,32,235252.79499999998,66.38625
USASPENDING_V1,USA,OFFICE OF CENTRALIZED ACQUISITION SERVICES,Call centre / helpdesk operations,AWARD_FIRST_EVIDENCE,32,148789.15,65.330625
USASPENDING_V1,USA,ACQUISITIONS - AQM MOMENTUM,Cloud / hosting / managed IT,AWARD_FIRST_EVIDENCE,32,146099.63,63.175625
USASPENDING_V1,USA,OFFICE OF ACQUISITON  GRANTS,Call centre / helpdesk operations,AWARD_FIRST_EVIDENCE,32,25639.559999999998,63.02125
USASPENDING_V1,USA,HEADQUATERS,Call centre / helpdesk operations,AWARD_FIRST_EVIDENCE,32,25495.0,60.335625
USASPENDING_V1,USA,W072 ENDIST PITTSBURGH,Office supplies / consumables resale,AWARD_FIRST_EVIDENCE,32,168.38,57.8325
USASPENDING_V1,USA,NAVOPSPTCEN MIAMI,OTHER / OPEN WORLD,AWARD_FIRST_EVIDENCE,32,250000.0,57.5
USASPENDING_V1,USA,"DLA AVIATION AT WARNER ROBINS, GA",Office supplies / consumables resale,AWARD_FIRST_EVIDENCE,32,396.525,57.2575
USASPENDING_V1,USA,W7N3 USPFO ACTIVITY UTANG 151,Call centre / helpdesk operations,AWARD_FIRST_EVIDENCE,32,894.05,56.5175
USASPENDING_V1,USA,SUP OF SHIPBUILDING CONV AND REPAIR,Call centre / helpdesk operations,AWARD_FIRST_EVIDENCE,32,434.54499999999996,56.0925
USASPENDING_V1,USA,USAID/VIETNAM,OTHER / OPEN WORLD,AWARD_FIRST_EVIDENCE,32,677479.5,55.365
USASPENDING_V1,USA,SMITHSONIAN AMERICAN ART MUSEUM,OTHER / OPEN WORLD,AWARD_FIRST_EVIDENCE,32,33900.0,53.885625
USASPENDING_V1,USA,USAID/MOROCO,OTHER / OPEN WORLD,AWARD_FIRST_EVIDENCE,32,94526.25,52.52
USASPENDING_V1,USA,FA8507  ALCMC ESKC,OTHER / OPEN WORLD,AWARD_FIRST_EVIDENCE,32,3569395.295,52.393125
USASPENDING_V1,USA,U.S. ATTORNEYS OFFICE-OH(S) (USA61),OTHER / OPEN WORLD,AWARD_FIRST_EVIDENCE,32,31441.225,48.584375
USASPENDING_V1,USA,U.S. ATTORNEYS OFFICE-IA(N) (USA29),OTHER / OPEN WORLD,AWARD_FIRST_EVIDENCE,32,10199.52,46.2
USASPENDING_V1,USA,U.S. ATTORNEYS OFFICE-WI(E) (USA89),OTHER / OPEN WORLD,AWARD_FIRST_EVIDENCE,32,6763.02,44.39375
USASPENDING_V1,USA,MID ATLANTIC REGIONAL OFFICE,OTHER / OPEN WORLD,AWARD_FIRST_EVIDENCE,32,7424.985000000001,43.525
USASPENDING_V1,USA,NAVAL CONSTRUCTION TRAINING CENTER,OTHER / OPEN WORLD,AWARD_FIRST_EVIDENCE,32,968.15,41.028125
USASPENDING_V1,USA,PBS CENTER FOR ELECTRIC VEHICLE INFRASTRUCTURE,OTHER / OPEN WORLD,AWARD_FIRST_EVIDENCE,32,2500.0,29.901875
USASPENDING_V1,USA,OMAS STRATEGIC BUYING CENTER - INFORMATION TECHNOLOGY,Software licences / SaaS resale,AWARD_FIRST_EVIDENCE,31,361346.4,80.13806451612903
USASPENDING_V1,USA,IT STRATEGY AND MODERNIZATION,Software licences / SaaS resale,AWARD_FIRST_EVIDENCE,31,470431.08,79.82903225806452
USASPENDING_V1,USA,NAVSUP WEAPON SYSTEMS SUPPORT MECH,Data entry / clerical processing,AWARD_FIRST_EVIDENCE,31,27234.0,78.76645161290323
USASPENDING_V1,USA,NASA IT PROCUREMENT OFFICE,Software licences / SaaS resale,AWARD_FIRST_EVIDENCE,31,383138.0,78.5083870967742
USASPENDING_V1,USA,NATIONAL INSTITUTES OF HEALTH NIAID,Software licences / SaaS resale,AWARD_FIRST_EVIDENCE,31,40383.0,77.64
USASPENDING_V1,USA,6973GH FRANCHISE ACQUISITION SVCS,Software licences / SaaS resale,AWARD_FIRST_EVIDENCE,31,56508.05,76.98387096774194
USASPENDING_V1,USA,255-NETWORK CONTRACT OFFICE 15 (36C255),Transcription / captioning,AWARD_FIRST_EVIDENCE,31,14961.75,75.88516129032259
USASPENDING_V1,USA,OPM DC CENTRAL OFFICE CONTRACTING,Training / e-learning,AWARD_FIRST_EVIDENCE,31,229494.81,75.14516129032258
USASPENDING_V1,USA,DEFENSE HEALTH AGENCY HCD WEST,Hardware / AV resale,AWARD_FIRST_EVIDENCE,31,136743.0,70.52451612903226
USASPENDING_V1,USA,BORDER ENFORCEMENT CONTRACTING DIVISION,Hardware / AV resale,AWARD_FIRST_EVIDENCE,31,44336.4,68.3883870967742
USASPENDING_V1,USA,NAVAL INFORMATION WARFARE SYSTEMS,Call centre / helpdesk operations,AWARD_FIRST_EVIDENCE,31,975800.0,65.66387096774193
USASPENDING_V1,USA,COMPTROLLER OF CURRENCY ACQS,Call centre / helpdesk operations,AWARD_FIRST_EVIDENCE,31,619938.08,63.68387096774194
USASPENDING_V1,USA,AVIATION LOGISTICS CENTER (ALC)(00038),Office supplies / consumables resale,AWARD_FIRST_EVIDENCE,31,4821.0,59.44903225806451
USASPENDING_V1,USA,ST. LOUIS MO DIVISION OFFICE,Call centre / helpdesk operations,AWARD_FIRST_EVIDENCE,31,4241.91,58.65096774193548
USASPENDING_V1,USA,US EMBASSY BANGKOK,Office supplies / consumables resale,AWARD_FIRST_EVIDENCE,31,0.0,57.19548387096774
USASPENDING_V1,USA,NAVOPSPTCEN SHREVEPORT,Office supplies / consumables resale,AWARD_FIRST_EVIDENCE,31,223.95,56.92
USASPENDING_V1,USA,FA4704 12 AF (AFSOUTH) A4,OTHER / OPEN WORLD,AWARD_FIRST_EVIDENCE,31,88110.0,53.67741935483871
USASPENDING_V1,USA,DEFENSE LOGISTICS AGENCY (DLA),OTHER / OPEN WORLD,AWARD_FIRST_EVIDENCE,31,97143.8,52.06774193548387
USASPENDING_V1,USA,CONSOLIDATED EXECUTIVE OFFICE (JMD),OTHER / OPEN WORLD,AWARD_FIRST_EVIDENCE,31,16736.3,50.703870967741935
USASPENDING_V1,USA,FA8678 AFLCMC EBAY,OTHER / OPEN WORLD,AWARD_FIRST_EVIDENCE,31,2292940.0,50.501935483870966
USASPENDING_V1,USA,PBS R9 EAST BAY FIELD OFFICE,OTHER / OPEN WORLD,AWARD_FIRST_EVIDENCE,31,34763.32,46.013548387096776
USASPENDING_V1,USA,PBS R6 ACQUISITION MANAGEMENT DIVISION,OTHER / OPEN WORLD,AWARD_FIRST_EVIDENCE,31,0.0,30.34193548387097
USASPENDING_V1,USA,VETERANS BENEFITS ADMIN (36C10D),Translation,AWARD_FIRST_EVIDENCE,30,249994.72,80.956
USASPENDING_V1,USA,261-NETWORK CONTRACT OFFICE 21 (36C261),Software licences / SaaS resale,AWARD_FIRST_EVIDENCE,30,92437.9,80.86
USASPENDING_V1,USA,"692M15 ACQUISITION & GRANTS, AAQ600",Software licences / SaaS resale,AWARD_FIRST_EVIDENCE,30,56942.619999999995,79.05266666666667
USASPENDING_V1,USA,NATIONAL ENERGY TECHNOLOGY LABORATORY,Software licences / SaaS resale,AWARD_FIRST_EVIDENCE,30,72049.695,78.896
USASPENDING_V1,USA,FCC,Software licences / SaaS resale,AWARD_FIRST_EVIDENCE,30,47451.884999999995,78.322
USASPENDING_V1,USA,244-NETWORK CONTRACT OFFICE 4 (36C244),Software licences / SaaS resale,AWARD_FIRST_EVIDENCE,30,47698.31,78.01
USASPENDING_V1,USA,TECHNOLOGY ACQUISITION CENTER NJ (36C10B),Hardware / AV resale,AWARD_FIRST_EVIDENCE,30,3121856.52,77.72266666666667
USASPENDING_V1,USA,246-NETWORK CONTRACTING OFFICE 6 (36C246),Software licences / SaaS resale,AWARD_FIRST_EVIDENCE,30,59170.850000000006,77.46
USASPENDING_V1,USA,W6QM MICC-FT KNOX,Hardware / AV resale,AWARD_FIRST_EVIDENCE,30,68595.94,76.616
USASPENDING_V1,USA,W6QM MICC-FT LEAVENWORTH,Hardware / AV resale,AWARD_FIRST_EVIDENCE,30,32666.239999999998,72.592
USASPENDING_V1,USA,FA5209  374 CONS PK,Hardware / AV resale,AWARD_FIRST_EVIDENCE,30,86074.37,72.26
USASPENDING_V1,USA,FLETC GLYNCO PROCUREMENT OFFICE,Office supplies / consumables resale,AWARD_FIRST_EVIDENCE,30,89485.79000000001,71.77866666666667
USASPENDING_V1,USA,693JK4 OST,Hardware / AV resale,AWARD_FIRST_EVIDENCE,30,36514.57,71.70866666666667
USASPENDING_V1,USA,COMMANDER NAVAL LEGAL SERV COMMAND,Transcription / captioning,AWARD_FIRST_EVIDENCE,30,3683.6,71.69
USASPENDING_V1,USA,IBC ACQ SVCS DIRECTORATE (00004),Cloud / hosting / managed IT,AWARD_FIRST_EVIDENCE,30,1422914.8199999998,67.07333333333334
USASPENDING_V1,USA,FA8771  AFLCMC GBK,Call centre / helpdesk operations,AWARD_FIRST_EVIDENCE,30,50098.965,66.632
USASPENDING_V1,USA,W39L USA NG READINESS CENTER,Call centre / helpdesk operations,AWARD_FIRST_EVIDENCE,30,349684.5,66.55
USASPENDING_V1,USA,248-NETWORK CONTRACT OFFICE 8 (36C248),Office supplies / consumables resale,AWARD_FIRST_EVIDENCE,30,35999.93,66.29333333333334
USASPENDING_V1,USA,FA8224  AFSC OL H PZIM,Call centre / helpdesk operations,AWARD_FIRST_EVIDENCE,30,65933.54000000001,66.22066666666667
USASPENDING_V1,USA,COMMODITIES & SERVICES ACQUISITION SERVICE (36C791),Hardware / AV resale,AWARD_FIRST_EVIDENCE,30,110578.4,65.39133333333334
USASPENDING_V1,USA,W6QK ACC-APG CONT CT SW SECTOR,Call centre / helpdesk operations,AWARD_FIRST_EVIDENCE,30,49567.81,64.61466666666666
USASPENDING_V1,USA,FA4484  87 CONS PK,Call centre / helpdesk operations,AWARD_FIRST_EVIDENCE,30,54895.2,63.492
USASPENDING_V1,USA,WORKFORCE DEVELOPMENT-APDP,Call centre / helpdesk operations,AWARD_FIRST_EVIDENCE,30,34957.035,63.43866666666667
USASPENDING_V1,USA,0413 AQ HQ     RCO-HI,Call centre / helpdesk operations,AWARD_FIRST_EVIDENCE,30,56243.175,63.13333333333333
USASPENDING_V1,USA,UNIFORM DISTRO CTR (UDC)(000G9),Uniforms / PPE resale,AWARD_FIRST_EVIDENCE,30,23585.6,62.72
USASPENDING_V1,USA,FA5000  673 CONS LGC,Call centre / helpdesk operations,AWARD_FIRST_EVIDENCE,30,30450.295,62.21
USASPENDING_V1,USA,BORDER ENFORCEMENT CONTRACTING DIVISION,Courier / mail fulfilment,AWARD_FIRST_EVIDENCE,30,80141.98000000001,61.866
USASPENDING_V1,USA,WASHINGTON HEADQUARTERS SERVICES,Office supplies / consumables resale,AWARD_FIRST_EVIDENCE,30,326.45000000000005,59.669333333333334
USASPENDING_V1,USA,FPAC BUS CNTR-ACQ DIV-PCARD SEC,Call centre / helpdesk operations,AWARD_FIRST_EVIDENCE,30,17668.17,57.63466666666667
USASPENDING_V1,USA,SUPPORT SERVICES SECTION(SS40),Recruitment / temporary staffing,AWARD_FIRST_EVIDENCE,30,41868.259999999995,57.21
USASPENDING_V1,USA,MORRIS K UDALL FOUND  US INST,OTHER / OPEN WORLD,AWARD_FIRST_EVIDENCE,30,78272.62,55.528666666666666
USASPENDING_V1,USA,USAID/IRAQ,OTHER / OPEN WORLD,AWARD_FIRST_EVIDENCE,30,202550.0,55.501333333333335
USASPENDING_V1,USA,FA2548 SPC RPD CPBLTS OFFC SPC RCO,OTHER / OPEN WORLD,AWARD_FIRST_EVIDENCE,30,68464.455,54.728
USASPENDING_V1,USA,NAVAL WAR COLLEGE,OTHER / OPEN WORLD,AWARD_FIRST_EVIDENCE,30,23646.4,54.654
USASPENDING_V1,USA,"USDA-FS, CSA EAST 4",Hardware / AV resale,AWARD_FIRST_EVIDENCE,30,0.0,53.86
USASPENDING_V1,USA,"COOPER-HEWITT, NATIONAL DESIGN MUSEUM",OTHER / OPEN WORLD,AWARD_FIRST_EVIDENCE,30,39530.0,52.53333333333333
USASPENDING_V1,USA,PBS OFFICE OF ACQUISITION MANAGEMENT,OTHER / OPEN WORLD,AWARD_FIRST_EVIDENCE,30,247500.055,51.382
USASPENDING_V1,USA,USAID HCTM,OTHER / OPEN WORLD,AWARD_FIRST_EVIDENCE,30,13397.76,51.086
USASPENDING_V1,USA,TUCSON AREA INDIAN HEALTH SERVICE,OTHER / OPEN WORLD,AWARD_FIRST_EVIDENCE,30,45988.0,49.428666666666665
USASPENDING_V1,USA,DEPT OF COMMERCE OS,OTHER / OPEN WORLD,AWARD_FIRST_EVIDENCE,30,44862.94,46.49733333333333
USASPENDING_V1,USA,FA8554  AFSC EBUK,OTHER / OPEN WORLD,AWARD_FIRST_EVIDENCE,30,216065.5,46.05
USASPENDING_V1,USA,U.S. ATTORNEYS OFFICE-WV(S) (USA88),OTHER / OPEN WORLD,AWARD_FIRST_EVIDENCE,30,4625.295,45.513333333333335
USASPENDING_V1,USA,U.S. ATTORNEYS OFFICE-NH (USA49),OTHER / OPEN WORLD,AWARD_FIRST_EVIDENCE,30,2655.67,45.13
USASPENDING_V1,USA,FA2488  AFTC PZZA EGLIN,OTHER / OPEN WORLD,AWARD_FIRST_EVIDENCE,30,60941.75,42.82533333333333
USASPENDING_V1,USA,U.S. ATTORNEYS OFFICE-IA(S) (USA30),OTHER / OPEN WORLD,AWARD_FIRST_EVIDENCE,30,3324.4449999999997,41.54866666666667
USASPENDING_V1,USA,OFC OF ACQUISITION AND GRANTS MGMT,Website support / accessibility / hosting,AWARD_FIRST_EVIDENCE,29,5287558.0,85.15448275862069
USASPENDING_V1,USA,SECURITIES AND EXCHANGE COMMISSION,Software licences / SaaS resale,AWARD_FIRST_EVIDENCE,29,251836.67,81.15655172413793
USASPENDING_V1,USA,COMPTROLLER OF CURRENCY ACQS,Software licences / SaaS resale,AWARD_FIRST_EVIDENCE,29,237583.7,80.46689655172413
USASPENDING_V1,USA,NAVAL RESEARCH LABORATORY,Software licences / SaaS resale,AWARD_FIRST_EVIDENCE,29,39360.5,78.6448275862069
USASPENDING_V1,USA,W27P USA ACQ SPT CTR,Hardware / AV resale,AWARD_FIRST_EVIDENCE,29,1899934.35,78.39793103448275
USASPENDING_V1,USA,DHA ENTERPRISE MED SUPPORT EMS-CD,Hardware / AV resale,AWARD_FIRST_EVIDENCE,29,56815.5,76.39793103448275
USASPENDING_V1,USA,DEPT OF COMMERCE NOAA,Survey / market research,AWARD_FIRST_EVIDENCE,29,2056300.22,76.2248275862069
USASPENDING_V1,USA,DEPT OF COMMERCE SSPO,Translation,AWARD_FIRST_EVIDENCE,29,44166.25,74.93379310344828
USASPENDING_V1,USA,NSWC CARDEROCK,Translation,AWARD_FIRST_EVIDENCE,29,2872.0,73.09034482758621
USASPENDING_V1,USA,UPPER COLORADO REGIONAL OFFICE,Hardware / AV resale,AWARD_FIRST_EVIDENCE,29,362970.84,71.27172413793103
USASPENDING_V1,USA,GSA FAS AAS REGION 1,Uniforms / PPE resale,AWARD_FIRST_EVIDENCE,29,1062292.0,69.62344827586207
USASPENDING_V1,USA,DSC CONTRACTING SERVICES DIVISION,Hardware / AV resale,AWARD_FIRST_EVIDENCE,29,172595.92,69.1655172413793
USASPENDING_V1,USA,NARA CONTRACTING OFFICE,Call centre / helpdesk operations,AWARD_FIRST_EVIDENCE,29,84332.98,67.44620689655173
USASPENDING_V1,USA,C5I DIVISION 2 KEARNEYSVILLE,Call centre / helpdesk operations,AWARD_FIRST_EVIDENCE,29,38828.62,65.24689655172413
USASPENDING_V1,USA,INFORMATION TECHNOLOGY COMMODITIES AND TELECOMMUNICATIONS,Call centre / helpdesk operations,AWARD_FIRST_EVIDENCE,29,41615.88,64.6751724137931
USASPENDING_V1,USA,FLETC GLYNCO PROCUREMENT OFFICE,Uniforms / PPE resale,AWARD_FIRST_EVIDENCE,29,204000.02,63.93655172413793
USASPENDING_V1,USA,FA2521  45 CONS PK,Call centre / helpdesk operations,AWARD_FIRST_EVIDENCE,29,85802.0,63.897241379310344
USASPENDING_V1,USA,U.S. EMBASSY ABUJA,Office supplies / consumables resale,AWARD_FIRST_EVIDENCE,29,15874.22,62.88206896551724
USASPENDING_V1,USA,DOD EDUCATION ACTIVITY,Hardware / AV resale,AWARD_FIRST_EVIDENCE,29,10539.9,62.14551724137931
USASPENDING_V1,USA,W6QK ACC-RI,Office supplies / consumables resale,AWARD_FIRST_EVIDENCE,29,10790.66,61.76344827586207
USASPENDING_V1,USA,RRB - ACQUISITION MGMT DIVISION,Office supplies / consumables resale,AWARD_FIRST_EVIDENCE,29,11876.49,61.31310344827586
USASPENDING_V1,USA,FA8751  AFRL RIKO,Call centre / helpdesk operations,AWARD_FIRST_EVIDENCE,29,17845.55,60.51793103448276
USASPENDING_V1,USA,MILLENNIUM CHALLENGE CORPORATION,Hardware / AV resale,AWARD_FIRST_EVIDENCE,29,0.0,59.48137931034483
USASPENDING_V1,USA,U.S. ATTORNEYS OFFICE-NY(S) (USA54),Office supplies / consumables resale,AWARD_FIRST_EVIDENCE,29,2878.74,58.992413793103445
USASPENDING_V1,USA,U.S. EMBASSY BEIJING,Office supplies / consumables resale,AWARD_FIRST_EVIDENCE,29,0.0,58.502758620689654
USASPENDING_V1,USA,"BUREAU FOR INCLUSIVE GROWTH, PARTNERSHIP, AND INNOVATION",OTHER / OPEN WORLD,AWARD_FIRST_EVIDENCE,29,20808711.44,58.244827586206895
USASPENDING_V1,USA,USAID/MALI,OTHER / OPEN WORLD,AWARD_FIRST_EVIDENCE,29,867034.0,57.641379310344824
USASPENDING_V1,USA,FA8617 AFLCMC WNDI/WNB TRNG ARCRFT,OTHER / OPEN WORLD,AWARD_FIRST_EVIDENCE,29,1799939.0,57.63862068965517
USASPENDING_V1,USA,245-NETWORK CONTRACT OFFICE 5 (36C245),Courier / mail fulfilment,AWARD_FIRST_EVIDENCE,29,23006.97,57.389655172413796
USASPENDING_V1,USA,FA2293 AFNWC PZHS,OTHER / OPEN WORLD,AWARD_FIRST_EVIDENCE,29,6102417.0,56.18206896551724
USASPENDING_V1,USA,USAID DCHA/FFP,OTHER / OPEN WORLD,AWARD_FIRST_EVIDENCE,29,228371.17,53.141379310344824
USASPENDING_V1,USA,BUREAU OF INDIAN AFFAIRS,Uniforms / PPE resale,AWARD_FIRST_EVIDENCE,29,3850.45,52.82137931034483
USASPENDING_V1,USA,NATIONAL ASSESSMENT GOVERNING BOARD,OTHER / OPEN WORLD,AWARD_FIRST_EVIDENCE,29,40995.31,51.08275862068965
USASPENDING_V1,USA,EQUAL EMPLOYMENET OPPORTUNITY COMM,OTHER / OPEN WORLD,AWARD_FIRST_EVIDENCE,29,12730.0,50.37448275862069
USASPENDING_V1,USA,AMERICAN CONSULATE BARCELONA,OTHER / OPEN WORLD,AWARD_FIRST_EVIDENCE,29,24683.14,47.990344827586206
USASPENDING_V1,USA,U.S. ATTORNEYS OFFICE-MO(E) (USA44),OTHER / OPEN WORLD,AWARD_FIRST_EVIDENCE,29,8000.0,47.05862068965517
USASPENDING_V1,USA,U.S. ATTORNEYS OFFICE-AR(W) (USA10),OTHER / OPEN WORLD,AWARD_FIRST_EVIDENCE,29,2000.0,44.343448275862066
USASPENDING_V1,USA,DEPT OF COMMERCE CENSUS,Software licences / SaaS resale,AWARD_FIRST_EVIDENCE,28,178591.58000000002,80.36928571428571
USASPENDING_V1,USA,BORDER ENFORCEMENT CONTRACTING DIVISION,Software licences / SaaS resale,AWARD_FIRST_EVIDENCE,28,155749.88,79.18428571428572
USASPENDING_V1,USA,NATIONAL INSTITUTES OF HEALTH NLM,Software licences / SaaS resale,AWARD_FIRST_EVIDENCE,28,81743.235,78.95785714285714
USASPENDING_V1,USA,FBI-JEH,Translation,AWARD_FIRST_EVIDENCE,28,26637.02,77.67571428571429
USASPENDING_V1,USA,248-NETWORK CONTRACT OFFICE 8 (36C248),Translation,AWARD_FIRST_EVIDENCE,28,52654.415,76.84071428571428
USASPENDING_V1,USA,REGION 2: EMERGENCY PREPAREDNESS AN,Translation,AWARD_FIRST_EVIDENCE,28,15272.599999999999,75.31214285714286
USASPENDING_V1,USA,262-NETWORK CONTRACT OFFICE 22 (36C262),Signage / display production,AWARD_FIRST_EVIDENCE,28,134736.08500000002,72.17714285714285
USASPENDING_V1,USA,FA4861  99 CONS LGC,Hardware / AV resale,AWARD_FIRST_EVIDENCE,28,56218.5,71.29928571428572
USASPENDING_V1,USA,OFFICE OF ACQUISITION,Hardware / AV resale,AWARD_FIRST_EVIDENCE,28,103995.565,70.66785714285714
USASPENDING_V1,USA,HQ CONTRACT OPERATIONS (CG-912)(000,Hardware / AV resale,AWARD_FIRST_EVIDENCE,28,21184.84,68.77357142857143
USASPENDING_V1,USA,"USDA-FS, AT-INCIDENT MGT SPT BRANCH",Office supplies / consumables resale,AWARD_FIRST_EVIDENCE,28,22416.629999999997,66.43285714285715
USASPENDING_V1,USA,NGA PROCUREMENT  CONTRACTS,Call centre / helpdesk operations,AWARD_FIRST_EVIDENCE,28,31484.61,66.27214285714285
USASPENDING_V1,USA,6973GH FRANCHISE ACQUISITION SVCS,Office supplies / consumables resale,AWARD_FIRST_EVIDENCE,28,106642.5,63.902142857142856
USASPENDING_V1,USA,241-NETWORK CONTRACT OFFICE 01 (36C241),Courier / mail fulfilment,AWARD_FIRST_EVIDENCE,28,337533.31,62.465
USASPENDING_V1,USA,ACQUISITION MANAGEMENT DIVISION,Call centre / helpdesk operations,AWARD_FIRST_EVIDENCE,28,57098.25,62.29142857142857
USASPENDING_V1,USA,SER EAST MABO(51000),Call centre / helpdesk operations,AWARD_FIRST_EVIDENCE,28,23140.455,61.89642857142857
USASPENDING_V1,USA,257-NETWORK CONTRACT OFFICE 17 (36C257),Courier / mail fulfilment,AWARD_FIRST_EVIDENCE,28,188500.0,60.26428571428571
USASPENDING_V1,USA,GREAT PLAINS REGIONAL OFFICE,Call centre / helpdesk operations,AWARD_FIRST_EVIDENCE,28,18528.86,59.55142857142857
USASPENDING_V1,USA,FA8820  SUSTAINMENT SDACP SSC/PKL,OTHER / OPEN WORLD,AWARD_FIRST_EVIDENCE,28,5312499.79,59.348571428571425
USASPENDING_V1,USA,HQ CONTRACT OPERATIONS (CG-912)(000,Uniforms / PPE resale,AWARD_FIRST_EVIDENCE,28,17508.0,59.27214285714286
USASPENDING_V1,USA,OJP OCIO ITSD,OTHER / OPEN WORLD,AWARD_FIRST_EVIDENCE,28,95163.79000000001,57.51857142857143
USASPENDING_V1,USA,NAVSUP FLT LOG CTR JACKSONVILLE,Office supplies / consumables resale,AWARD_FIRST_EVIDENCE,28,485.855,56.92
USASPENDING_V1,USA,NAVAL HOSPITAL BEAUFORT,Office supplies / consumables resale,AWARD_FIRST_EVIDENCE,28,176.07,56.92
USASPENDING_V1,USA,ASPR-ORM-HCORE,OTHER / OPEN WORLD,AWARD_FIRST_EVIDENCE,28,1832041.08,55.70285714285714
USASPENDING_V1,USA,AMERICAN EMBASSY HONG KONG,Office supplies / consumables resale,AWARD_FIRST_EVIDENCE,28,0.0,52.587857142857146
USASPENDING_V1,USA,DCMA APO HAMILTON SUNDSTRAND WL,OTHER / OPEN WORLD,AWARD_FIRST_EVIDENCE,28,540444.375,52.183571428571426
USASPENDING_V1,USA,FA8142  AFLCMC HBK HFGCS,OTHER / OPEN WORLD,AWARD_FIRST_EVIDENCE,28,831793.73,50.95428571428572
USASPENDING_V1,USA,U.S. ATTORNEYS OFFICE-DE (USA15),OTHER / OPEN WORLD,AWARD_FIRST_EVIDENCE,28,3101.1800000000003,45.21785714285714
USASPENDING_V1,USA,AMERICAN CONSULATE HAMILTON,OTHER / OPEN WORLD,AWARD_FIRST_EVIDENCE,28,12335.0,45.15714285714286
USASPENDING_V1,USA,WXRO,OTHER / OPEN WORLD,AWARD_FIRST_EVIDENCE,28,366.5,40.142857142857146
USASPENDING_V1,USA,260-NETWORK CONTRACT OFFICE 20 (36C260),Software licences / SaaS resale,AWARD_FIRST_EVIDENCE,27,75716.25,79.81037037037036
USASPENDING_V1,USA,WESTERN-CORPORATE SERVICES OFFICE,Software licences / SaaS resale,AWARD_FIRST_EVIDENCE,27,76698.47,78.41111111111111
USASPENDING_V1,USA,OFC OF PERF MGMT AND CFO,Software licences / SaaS resale,AWARD_FIRST_EVIDENCE,27,99722.52,78.01777777777778
USASPENDING_V1,USA,NAVAL AIR WARFARE CENTER AIR DIV,Software licences / SaaS resale,AWARD_FIRST_EVIDENCE,27,22600.0,76.45111111111112
USASPENDING_V1,USA,HEADQUATERS,Software licences / SaaS resale,AWARD_FIRST_EVIDENCE,27,26729.8,76.0325925925926
USASPENDING_V1,USA,CIVIL RIGHTS DIVISION,Software licences / SaaS resale,AWARD_FIRST_EVIDENCE,27,21567.34,74.67407407407407
USASPENDING_V1,USA,COMMANDER,Hardware / AV resale,AWARD_FIRST_EVIDENCE,27,52586.0,70.48296296296296
USASPENDING_V1,USA,FA2816  SMC PK PKO,Call centre / helpdesk operations,AWARD_FIRST_EVIDENCE,27,172095.1,67.15555555555555
USASPENDING_V1,USA,FA4452  763 ESS,Call centre / helpdesk operations,AWARD_FIRST_EVIDENCE,27,128200.66,66.94148148148147
USASPENDING_V1,USA,W7NX USPFO ACTIVITY PA ARNG,Call centre / helpdesk operations,AWARD_FIRST_EVIDENCE,27,119900.0,66.3637037037037
USASPENDING_V1,USA,W6QM MICC-FT GORDON,Call centre / helpdesk operations,AWARD_FIRST_EVIDENCE,27,62057.95,65.40074074074074
USASPENDING_V1,USA,U.S. EMBASSY BRUSSELS,Event support / production,AWARD_FIRST_EVIDENCE,27,170044.84,60.10740740740741
USASPENDING_V1,USA,W6QK ACC-APG DIR,Office supplies / consumables resale,AWARD_FIRST_EVIDENCE,27,301.92,58.75259259259259
USASPENDING_V1,USA,W6QM MICC-FT DRUM,Office supplies / consumables resale,AWARD_FIRST_EVIDENCE,27,19500.0,58.01481481481481
USASPENDING_V1,USA,FA2549 STARCOM CONTRACTING PK,OTHER / OPEN WORLD,AWARD_FIRST_EVIDENCE,27,7785336.11,56.447407407407404
USASPENDING_V1,USA,FA8530  AFSC PZIE,OTHER / OPEN WORLD,AWARD_FIRST_EVIDENCE,27,1273271.31,55.5
USASPENDING_V1,USA,USAID/CAMBODIA,OTHER / OPEN WORLD,AWARD_FIRST_EVIDENCE,27,182666.66,55.157037037037036
USASPENDING_V1,USA,USAID/BOSNIA/HERZ,OTHER / OPEN WORLD,AWARD_FIRST_EVIDENCE,27,517828.0,55.05037037037037
USASPENDING_V1,USA,0419 AQ HQ     CONTRACTING SUP,OTHER / OPEN WORLD,AWARD_FIRST_EVIDENCE,27,113496.0,54.97851851851852
USASPENDING_V1,USA,DCMA NORTHEAST (HARTFORD),OTHER / OPEN WORLD,AWARD_FIRST_EVIDENCE,27,829766.67,54.611111111111114
USASPENDING_V1,USA,U.S. EMBASSY ISLAMABAD,Courier / mail fulfilment,AWARD_FIRST_EVIDENCE,27,0.0,49.974074074074075
USASPENDING_V1,USA,AMERICAN EMBASSY AUCKLAND,OTHER / OPEN WORLD,AWARD_FIRST_EVIDENCE,27,27031.05,49.1
USASPENDING_V1,USA,W7MU USPFO ACTIVITY AKANG 168,OTHER / OPEN WORLD,AWARD_FIRST_EVIDENCE,27,31761.97,48.717777777777776
USASPENDING_V1,USA,PBS R2 BUILDING SRVCS BR GROUP 3,OTHER / OPEN WORLD,AWARD_FIRST_EVIDENCE,27,2435791.08,46.92666666666667
USASPENDING_V1,USA,GSA/FAS REGIONAL FLEET MGT OFC(CW00,OTHER / OPEN WORLD,AWARD_FIRST_EVIDENCE,27,16686.98,43.855555555555554
USASPENDING_V1,USA,CONTRACTS AND ACQUISTIONS MANAGEMEN,Website support / accessibility / hosting,AWARD_FIRST_EVIDENCE,26,1470917.2,81.99
USASPENDING_V1,USA,VBA FIELD CONTRACTING (36C10E),Translation,AWARD_FIRST_EVIDENCE,26,229817.81,81.22615384615385
USASPENDING_V1,USA,USDA FOREST SERVICE,Software licences / SaaS resale,AWARD_FIRST_EVIDENCE,26,80449.47,80.11153846153846
USASPENDING_V1,USA,JMD-PROCUREMENT SERVICES SECTION,Software licences / SaaS resale,AWARD_FIRST_EVIDENCE,26,200279.02500000002,79.95307692307692
USASPENDING_V1,USA,DEFENSE CI AND SECURITY AGENCY,Software licences / SaaS resale,AWARD_FIRST_EVIDENCE,26,188620.03000000003,79.57384615384615
USASPENDING_V1,USA,DC COURTS,Software licences / SaaS resale,AWARD_FIRST_EVIDENCE,26,94489.705,78.81538461538462
USASPENDING_V1,USA,NAVSUP FLT LOG CTR  SAN DIEGO,Software licences / SaaS resale,AWARD_FIRST_EVIDENCE,26,25540.0,76.65692307692308
USASPENDING_V1,USA,693JJ3 ACQUISITION AND GRANTS MGT,Hardware / AV resale,AWARD_FIRST_EVIDENCE,26,248283.54499999998,74.60307692307693
USASPENDING_V1,USA,USAID M/OAA,Hardware / AV resale,AWARD_FIRST_EVIDENCE,26,3429034.0,73.5576923076923
USASPENDING_V1,USA,W071 ENDIST PORTLAND,Hardware / AV resale,AWARD_FIRST_EVIDENCE,26,100269.67,70.1676923076923
USASPENDING_V1,USA,NSWC INDIAN HEAD DIVISION,Hardware / AV resale,AWARD_FIRST_EVIDENCE,26,4967.57,69.41153846153846
USASPENDING_V1,USA,NATIONAL OFFICE - IRS DO/IT BRANCH,Call centre / helpdesk operations,AWARD_FIRST_EVIDENCE,26,1292900.44,69.24076923076923
USASPENDING_V1,USA,"WATER, TRIBAL & SCIENCE DIVISION",Hardware / AV resale,AWARD_FIRST_EVIDENCE,26,664223.0,67.30923076923077
USASPENDING_V1,USA,INFO TECH ACQ CENTER,Call centre / helpdesk operations,AWARD_FIRST_EVIDENCE,26,1867943.1800000002,67.13923076923076
USASPENDING_V1,USA,DEFENSE INFORMATION SYSTEMS AGENCY,Call centre / helpdesk operations,AWARD_FIRST_EVIDENCE,26,157788.4,65.69153846153846
USASPENDING_V1,USA,NATIONAL ENERGY TECHNOLOGY LABORATORY,Call centre / helpdesk operations,AWARD_FIRST_EVIDENCE,26,193876.28,64.92153846153846
USASPENDING_V1,USA,W6QK ACC ANAD,Call centre / helpdesk operations,AWARD_FIRST_EVIDENCE,26,32961.59,62.24230769230769
USASPENDING_V1,USA,NIH NITAA DITA-DVI OF INFO TECH ACQ,Call centre / helpdesk operations,AWARD_FIRST_EVIDENCE,26,157822.825,61.18153846153846
USASPENDING_V1,USA,0409 AQ HQ     CONTRACT,Office supplies / consumables resale,AWARD_FIRST_EVIDENCE,26,619.79,60.04153846153846
USASPENDING_V1,USA,MISSILE DEFENSE AGENCY (MDA),Office supplies / consumables resale,AWARD_FIRST_EVIDENCE,26,437.86,59.22615384615385
USASPENDING_V1,USA,693C73 EASTERN FED LANDS DIVISION,Hardware / AV resale,AWARD_FIRST_EVIDENCE,26,56026.494999999995,58.215384615384615
USASPENDING_V1,USA,DEFENSE CONTRACT MANAGMENT OFFICE,Office supplies / consumables resale,AWARD_FIRST_EVIDENCE,26,262.075,58.20307692307692
USASPENDING_V1,USA,ASSOCIATE DIRECTOR ECONOMIC PROGRAMS,OTHER / OPEN WORLD,AWARD_FIRST_EVIDENCE,26,1994104.35,57.97076923076923
USASPENDING_V1,USA,ARC DIV PROC SVCS - ACCESS BOARD,OTHER / OPEN WORLD,AWARD_FIRST_EVIDENCE,26,68876.28,57.57076923076923
USASPENDING_V1,USA,FA8055  771 ESS EGI,OTHER / OPEN WORLD,AWARD_FIRST_EVIDENCE,26,3476988.7199999997,55.846923076923076
USASPENDING_V1,USA,W6KD USACE EIT SVCS,OTHER / OPEN WORLD,AWARD_FIRST_EVIDENCE,26,19878.375,55.55769230769231
USASPENDING_V1,USA,USAID/TIMOR-LESTE,OTHER / OPEN WORLD,AWARD_FIRST_EVIDENCE,26,44319.565,54.39076923076923
USASPENDING_V1,USA,DSCO FEDMALL,Call centre / helpdesk operations,AWARD_FIRST_EVIDENCE,26,946.52,54.22846153846154
USASPENDING_V1,USA,AMERICAN CONSULATE LAHORE,Office supplies / consumables resale,AWARD_FIRST_EVIDENCE,26,0.0,52.63153846153846
USASPENDING_V1,USA,GSA/FAS HEARTLAND ACQUISITION CENTE,Office supplies / consumables resale,AWARD_FIRST_EVIDENCE,26,20.64,51.99923076923077
USASPENDING_V1,USA,MISSION SUPPORT ORLANDO,OTHER / OPEN WORLD,AWARD_FIRST_EVIDENCE,26,181093.04,51.64769230769231
USASPENDING_V1,USA,NATIONAL PORTRAIT GALLERY,OTHER / OPEN WORLD,AWARD_FIRST_EVIDENCE,26,24637.5,50.62
USASPENDING_V1,USA,OJP OA BUSINESS RESOURCES,OTHER / OPEN WORLD,AWARD_FIRST_EVIDENCE,26,46144.14,50.08923076923077
USASPENDING_V1,USA,PBS FACILITY MANAGEMENT WEST - BRANCH A,OTHER / OPEN WORLD,AWARD_FIRST_EVIDENCE,26,591132.92,48.23
USASPENDING_V1,USA,EASTERN REGION USDA FOREST SERVICE,OTHER / OPEN WORLD,AWARD_FIRST_EVIDENCE,26,20250.0,47.24846153846154
USASPENDING_V1,USA,PBS ACQ CENTER FACILITY MGMT SERVICES - R4,OTHER / OPEN WORLD,AWARD_FIRST_EVIDENCE,26,102295.35,45.87769230769231
USASPENDING_V1,USA,TRACEN CAPE MAY(00042),OTHER / OPEN WORLD,AWARD_FIRST_EVIDENCE,26,11528.125,43.963846153846156
USASPENDING_V1,USA,EXPLOSIVE ORDNANCE DISPOSAL GROUP 1,OTHER / OPEN WORLD,AWARD_FIRST_EVIDENCE,26,413.66999999999996,40.84076923076923
USASPENDING_V1,USA,GSA/FAS/PSHC/ HUMAN CAPITAL SCHED,OTHER / OPEN WORLD,AWARD_FIRST_EVIDENCE,26,0.0,38.144615384615385
USASPENDING_V1,USA,W6QK ACC-PICA,Software licences / SaaS resale,AWARD_FIRST_EVIDENCE,25,111842.91,80.5136
USASPENDING_V1,USA,ENTERPRISE INFORMATION TECHNOLOGY,Software licences / SaaS resale,AWARD_FIRST_EVIDENCE,25,304201.15,80.3288
USASPENDING_V1,USA,FA2396 USAF AFMC AFRL PZL AFRL PZLE,Software licences / SaaS resale,AWARD_FIRST_EVIDENCE,25,56761.81,79.8824
USASPENDING_V1,USA,NATIONAL INSTITUTES OF HEALTH NIA,Software licences / SaaS resale,AWARD_FIRST_EVIDENCE,25,24995.0,78.528
USASPENDING_V1,USA,NETWORK CONTRACT OFFICE 19 (36C259),Translation,AWARD_FIRST_EVIDENCE,25,28017.92,77.876
USASPENDING_V1,USA,COMMANDING GENERAL,Software licences / SaaS resale,AWARD_FIRST_EVIDENCE,25,55569.7,77.512
USASPENDING_V1,USA,HRSA HEADQUARTERS,Hardware / AV resale,AWARD_FIRST_EVIDENCE,25,395150.68,76.3456
USASPENDING_V1,USA,245-NETWORK CONTRACT OFFICE 5 (36C245),Transcription / captioning,AWARD_FIRST_EVIDENCE,25,7206.91,76.124
USASPENDING_V1,USA,USDA FOREST SERVICE,Translation,AWARD_FIRST_EVIDENCE,25,58325.42,74.136
USASPENDING_V1,USA,245-NETWORK CONTRACT OFFICE 5 (36C245),Translation,AWARD_FIRST_EVIDENCE,25,3500.0,73.4
USASPENDING_V1,USA,PROGRAM SUPPORT CENTER ACQ MGMT SVC,Call centre / helpdesk operations,AWARD_FIRST_EVIDENCE,25,3217756.8,70.7072
USASPENDING_V1,USA,DEPT OF COMMERCE NIST,Hardware / AV resale,AWARD_FIRST_EVIDENCE,25,97912.79,69.5
USASPENDING_V1,USA,NSWC DAHLGREN,Hardware / AV resale,AWARD_FIRST_EVIDENCE,25,19807.0,68.9472
USASPENDING_V1,USA,GREAT PLAINS AREA INDIAN HEALTH SVC,Hardware / AV resale,AWARD_FIRST_EVIDENCE,25,34317.0,68.892
USASPENDING_V1,USA,NIH A  E CONSTRUCTION,Hardware / AV resale,AWARD_FIRST_EVIDENCE,25,128503.0,67.9264
USASPENDING_V1,USA,NATIONAL OPERATIONS CENTER,Call centre / helpdesk operations,AWARD_FIRST_EVIDENCE,25,309202.34,65.9744
USASPENDING_V1,USA,DEPT OF COMMERCE CENSUS,Office supplies / consumables resale,AWARD_FIRST_EVIDENCE,25,11802.17,65.324
USASPENDING_V1,USA,FA4803  20 CONS LGCA,Call centre / helpdesk operations,AWARD_FIRST_EVIDENCE,25,49547.0,64.1504
USASPENDING_V1,USA,NAVAL SPECIAL WARFARE COMMAND,Call centre / helpdesk operations,AWARD_FIRST_EVIDENCE,25,67822.4,62.4472
USASPENDING_V1,USA,ACQUISITIONS - RPSO FRANKFURT,Hardware / AV resale,AWARD_FIRST_EVIDENCE,25,24871.5,61.696
USASPENDING_V1,USA,W6QK ACC-APG CONT CT SW SECTOR,Office supplies / consumables resale,AWARD_FIRST_EVIDENCE,25,421.23,60.108
USASPENDING_V1,USA,OJP OA HUMAN RESOURCES,OTHER / OPEN WORLD,AWARD_FIRST_EVIDENCE,25,404484.87,58.888
USASPENDING_V1,USA,OJP JUNENILE DEL PREVENT,OTHER / OPEN WORLD,AWARD_FIRST_EVIDENCE,25,1538503.71,57.8704
USASPENDING_V1,USA,W40M MRC0 WEST,Office supplies / consumables resale,AWARD_FIRST_EVIDENCE,25,318.0,57.612
USASPENDING_V1,USA,OFFICE OF NAVAL RESEARCH ATLANTA,OTHER / OPEN WORLD,AWARD_FIRST_EVIDENCE,25,2256015.0,57.552
USASPENDING_V1,USA,ASSOCIATE DIRECTOR DECENNIAL CENSUS,OTHER / OPEN WORLD,AWARD_FIRST_EVIDENCE,25,1127539.2,57.1224
USASPENDING_V1,USA,NAVAIR WARFARE CTR AIRCRAFT DIV,Office supplies / consumables resale,AWARD_FIRST_EVIDENCE,25,0.0,57.084
USASPENDING_V1,USA,U.S. ABILITYONE COMMISSION,OTHER / OPEN WORLD,AWARD_FIRST_EVIDENCE,25,159747.84,56.0792
USASPENDING_V1,USA,ARC DIV PROC SVCS - CSB,OTHER / OPEN WORLD,AWARD_FIRST_EVIDENCE,25,92076.71,53.0952
USASPENDING_V1,USA,USAID/MEXICO,OTHER / OPEN WORLD,AWARD_FIRST_EVIDENCE,25,1000000.0,52.6816
USASPENDING_V1,USA,SI TRAVELING EXHIBITION SERVICES,OTHER / OPEN WORLD,AWARD_FIRST_EVIDENCE,25,22580.0,52.5304
USASPENDING_V1,USA,USAID/GHANA,OTHER / OPEN WORLD,AWARD_FIRST_EVIDENCE,25,59075.66,51.7856
USASPENDING_V1,USA,SOCNORTH PB,OTHER / OPEN WORLD,AWARD_FIRST_EVIDENCE,25,76275.0,50.6912
USASPENDING_V1,USA,HIRSHHORN MUSEUM AND SCULPTURE GARDEN,OTHER / OPEN WORLD,AWARD_FIRST_EVIDENCE,25,22360.0,49.8048
USASPENDING_V1,USA,MOAB FIELD OFFICE,OTHER / OPEN WORLD,AWARD_FIRST_EVIDENCE,25,81720.7,49.732
USASPENDING_V1,USA,PBS R9 GOLDEN GATE FIELD OFFICE,OTHER / OPEN WORLD,AWARD_FIRST_EVIDENCE,25,29500.0,46.404
USASPENDING_V1,USA,U.S. ATTORNEYS OFFICE-AR(E) (USA09),OTHER / OPEN WORLD,AWARD_FIRST_EVIDENCE,25,2700.0,46.276
USASPENDING_V1,USA,AMERICAN CONSULATE CALGARY,OTHER / OPEN WORLD,AWARD_FIRST_EVIDENCE,25,10407.89,42.968
USASPENDING_V1,USA,PROGRAM SUPPORT CENTER ACQ MGMT SVC,Website support / accessibility / hosting,AWARD_FIRST_EVIDENCE,24,1701643.1549999998,83.85333333333334
USASPENDING_V1,USA,DEFENSE FINANCE AND ACCOUNTING SVC,Software licences / SaaS resale,AWARD_FIRST_EVIDENCE,24,175546.38,80.07666666666667
USASPENDING_V1,USA,256-NETWORK CONTRACT OFFICE 16 (36C256),Software licences / SaaS resale,AWARD_FIRST_EVIDENCE,24,61346.795,79.71666666666667
USASPENDING_V1,USA,MISSION SUPPORT CONTRACTING DIVISION,Software licences / SaaS resale,AWARD_FIRST_EVIDENCE,24,62498.82,79.36166666666666
USASPENDING_V1,USA,NASA SHARED SERVICES CENTER,Translation,AWARD_FIRST_EVIDENCE,24,28665.0,78.50416666666666
USASPENDING_V1,USA,FA8139  AFSC PZIMB  SOFTWARE,Software licences / SaaS resale,AWARD_FIRST_EVIDENCE,24,73795.48000000001,78.395
USASPENDING_V1,USA,ARMY MED RES ACQ ACTIVITY,Software licences / SaaS resale,AWARD_FIRST_EVIDENCE,24,58437.615000000005,77.87083333333334
USASPENDING_V1,USA,U.S. ATTORNEYS OFFICE-TX(S) (USA79),Translation,AWARD_FIRST_EVIDENCE,24,15215.57,77.54916666666666
USASPENDING_V1,USA,NSWC CRANE,Software licences / SaaS resale,AWARD_FIRST_EVIDENCE,24,50509.71,77.20416666666667
USASPENDING_V1,USA,260-NETWORK CONTRACT OFFICE 20 (36C260),Transcription / captioning,AWARD_FIRST_EVIDENCE,24,12217.955,76.9125
USASPENDING_V1,USA,DEPT OF COMMERCE SSPO,Survey / market research,AWARD_FIRST_EVIDENCE,24,148733.0,75.77833333333334
USASPENDING_V1,USA,BORDER ENFORCEMENT CONTRACTING DIVISION,Translation,AWARD_FIRST_EVIDENCE,24,39591.64,75.255
USASPENDING_V1,USA,W2SD ENDIST NEW ENGLAND,Hardware / AV resale,AWARD_FIRST_EVIDENCE,24,725121.7,69.60833333333333
USASPENDING_V1,USA,DHA ENTERPRISE MED SUPPORT EMS-CD,Call centre / helpdesk operations,AWARD_FIRST_EVIDENCE,24,1087596.045,69.305
USASPENDING_V1,USA,OFFICE OF ACQUISITON  GRANTS,Hardware / AV resale,AWARD_FIRST_EVIDENCE,24,36160.85,68.59583333333333
USASPENDING_V1,USA,CLOSEOUT,Call centre / helpdesk operations,AWARD_FIRST_EVIDENCE,24,398217.615,68.215
USASPENDING_V1,USA,FCI SANDSTONE,Translation,AWARD_FIRST_EVIDENCE,24,132.125,66.3625
USASPENDING_V1,USA,W7MX USPFO ACTIVITY CA ARNG,Call centre / helpdesk operations,AWARD_FIRST_EVIDENCE,24,89645.89499999999,66.29
USASPENDING_V1,USA,DOL - ITAS DIVISION A PROCUREMENT,Call centre / helpdesk operations,AWARD_FIRST_EVIDENCE,24,696447.6699999999,65.51666666666667
USASPENDING_V1,USA,"FWS, IT SERVICES",Call centre / helpdesk operations,AWARD_FIRST_EVIDENCE,24,36618.740000000005,63.89416666666666
USASPENDING_V1,USA,FA4690  28 CONS PKC,Call centre / helpdesk operations,AWARD_FIRST_EVIDENCE,24,26868.75,61.66166666666667
USASPENDING_V1,USA,GREAT PLAINS AREA INDIAN HEALTH SVC,Call centre / helpdesk operations,AWARD_FIRST_EVIDENCE,24,21882.175,61.495
USASPENDING_V1,USA,FA8730  KESSEL RUN AFLCMC/HBBK,Call centre / helpdesk operations,AWARD_FIRST_EVIDENCE,24,55635.64,61.06916666666667
USASPENDING_V1,USA,6973GH FRANCHISE ACQUISITION SVCS,Call centre / helpdesk operations,AWARD_FIRST_EVIDENCE,24,46838.44,60.06916666666667
USASPENDING_V1,USA,OPERATION SERVICES,Courier / mail fulfilment,AWARD_FIRST_EVIDENCE,24,62074.380000000005,59.8325
USASPENDING_V1,USA,FCC BEAUMONT,Office supplies / consumables resale,AWARD_FIRST_EVIDENCE,24,3089.6949999999997,59.35333333333333
USASPENDING_V1,USA,U.S. EMBASSY PRETORIA,Office supplies / consumables resale,AWARD_FIRST_EVIDENCE,24,12794.42,58.49916666666667
USASPENDING_V1,USA,NAVAL CONSTRUCTION TRAINING CENTER,Office supplies / consumables resale,AWARD_FIRST_EVIDENCE,24,642.16,58.49
USASPENDING_V1,USA,"COMMANDER, NAVY REGION NORTHWEST",Office supplies / consumables resale,AWARD_FIRST_EVIDENCE,24,491.23,57.74333333333333
USASPENDING_V1,USA,W7N3 USPFO ACTIVITY UT ARNG,Office supplies / consumables resale,AWARD_FIRST_EVIDENCE,24,220.45,57.47833333333333
USASPENDING_V1,USA,NAVAL SUPPORT ACTIVITY SOUDA BAY,Office supplies / consumables resale,AWARD_FIRST_EVIDENCE,24,571.575,57.3325
USASPENDING_V1,USA,FA8735 NUCLEAR NTW DIV AFNWC PZHN,OTHER / OPEN WORLD,AWARD_FIRST_EVIDENCE,24,5837370.0,57.204166666666666
USASPENDING_V1,USA,FA8690  AFLCMC WIAK GLOBAL HAWK,OTHER / OPEN WORLD,AWARD_FIRST_EVIDENCE,24,41286966.6,55.1225
USASPENDING_V1,USA,OJP CHIEF FINANCE OFFICE,OTHER / OPEN WORLD,AWARD_FIRST_EVIDENCE,24,657255.185,54.44083333333333
USASPENDING_V1,USA,AMERICAN EMBASSY TEL AVIV,Office supplies / consumables resale,AWARD_FIRST_EVIDENCE,24,0.0,53.4325
USASPENDING_V1,USA,PBS R9 SAN FRANCISCO SERVICE CTR,OTHER / OPEN WORLD,AWARD_FIRST_EVIDENCE,24,737718.595,52.778333333333336
USASPENDING_V1,USA,GSA/FAS CENTER FOR IT SCHEDULE PROG,Call centre / helpdesk operations,AWARD_FIRST_EVIDENCE,24,0.0,52.7175
USASPENDING_V1,USA,0414 AQ HQ     CONTRACTING SUP,OTHER / OPEN WORLD,AWARD_FIRST_EVIDENCE,24,107096.975,51.8
USASPENDING_V1,USA,"LAB - MONTGOMERY, AL - CO OFFICE",OTHER / OPEN WORLD,AWARD_FIRST_EVIDENCE,24,31169.725,51.2
USASPENDING_V1,USA,GSA/FAS HEARTLAND ACQUISITION CENTE,Hardware / AV resale,AWARD_FIRST_EVIDENCE,24,109.925,50.075
USASPENDING_V1,USA,PBS PROJECT DELIVERY CAPITAL CONSTRUCTION - BRANCH NORTHEAST,OTHER / OPEN WORLD,AWARD_FIRST_EVIDENCE,24,922511.75,50.04333333333334
USASPENDING_V1,USA,DCMA AIMO SAN ANTONIO,OTHER / OPEN WORLD,AWARD_FIRST_EVIDENCE,24,30785744.38,49.0125
USASPENDING_V1,USA,"697DCC SOUTHWEST REGION, LOGISTICS",OTHER / OPEN WORLD,AWARD_FIRST_EVIDENCE,24,25166.85,48.92166666666667
USASPENDING_V1,USA,UNIFORM DISTRO CTR (UDC)(000G9),OTHER / OPEN WORLD,AWARD_FIRST_EVIDENCE,24,16387.0,47.2625
USASPENDING_V1,USA,U.S. ATTORNEYS OFFICE-AL(M) (USA02),OTHER / OPEN WORLD,AWARD_FIRST_EVIDENCE,24,2719.54,46.62083333333333
USASPENDING_V1,USA,PPQ EDINBURG TX,OTHER / OPEN WORLD,AWARD_FIRST_EVIDENCE,24,22406.5,46.25416666666667
USASPENDING_V1,USA,AMERICAN CONSULATE PORTO ALEGRE,OTHER / OPEN WORLD,AWARD_FIRST_EVIDENCE,24,17864.260000000002,46.141666666666666
USASPENDING_V1,USA,ELECTRONIC ATTACK WING US PACIFIC,OTHER / OPEN WORLD,AWARD_FIRST_EVIDENCE,24,1375.0,33.0
USASPENDING_V1,USA,USDA ARS AFM APD,Software licences / SaaS resale,AWARD_FIRST_EVIDENCE,23,226393.45,80.1295652173913
USASPENDING_V1,USA,248-NETWORK CONTRACT OFFICE 8 (36C248),Software licences / SaaS resale,AWARD_FIRST_EVIDENCE,23,65652.3,79.97391304347826
USASPENDING_V1,USA,EOP - OFFICE OF ADMINISTRATION,Software licences / SaaS resale,AWARD_FIRST_EVIDENCE,23,164555.0,79.27217391304347
USASPENDING_V1,USA,ACQUISITIONS - AQM MOMENTUM,Transcription / captioning,AWARD_FIRST_EVIDENCE,23,24697.44,78.51739130434783
USASPENDING_V1,USA,W6QK ACC-APG NATICK,Hardware / AV resale,AWARD_FIRST_EVIDENCE,23,108419.07,78.08
USASPENDING_V1,USA,249-NETWORK CONTRACT OFFICE 9 (36C249),Software licences / SaaS resale,AWARD_FIRST_EVIDENCE,23,80357.31,77.91217391304347
USASPENDING_V1,USA,NAVAL AIR WARFARE CENTER,Software licences / SaaS resale,AWARD_FIRST_EVIDENCE,23,35976.5,76.3391304347826
USASPENDING_V1,USA,INFORMATION TECHNOLOGY ACQ DIV (ITA,Software licences / SaaS resale,AWARD_FIRST_EVIDENCE,23,43199.61,75.66869565217391
USASPENDING_V1,USA,NASA GLENN RESEARCH CENTER,Uniforms / PPE resale,AWARD_FIRST_EVIDENCE,23,387906.0,75.12782608695652
USASPENDING_V1,USA,FA4417 1 SOCONS,Hardware / AV resale,AWARD_FIRST_EVIDENCE,23,50475.6,74.66782608695652
USASPENDING_V1,USA,NUWC DIV NEWPORT,Software licences / SaaS resale,AWARD_FIRST_EVIDENCE,23,6767.56,74.06521739130434
USASPENDING_V1,USA,252-NETWORK CONTRACT OFFICE 12 (36C252),Signage / display production,AWARD_FIRST_EVIDENCE,23,249814.08,73.22782608695653
USASPENDING_V1,USA,FPS EAST CCG DIV 3 ACQ DIV,Hardware / AV resale,AWARD_FIRST_EVIDENCE,23,2032065.42,72.45913043478261
USASPENDING_V1,USA,FA5236  JUSMAGTHAI RESOURCE MGT,Translation,AWARD_FIRST_EVIDENCE,23,2057.14,71.22695652173913
USASPENDING_V1,USA,TREASURY OPERATIONS,Hardware / AV resale,AWARD_FIRST_EVIDENCE,23,102500.0,69.32608695652173
USASPENDING_V1,USA,MP-REGIONAL OFFICE,Hardware / AV resale,AWARD_FIRST_EVIDENCE,23,65000.0,68.69739130434783
USASPENDING_V1,USA,NGA PROCUREMENT  CONTRACTS,Hardware / AV resale,AWARD_FIRST_EVIDENCE,23,22979.74,68.43304347826087
USASPENDING_V1,USA,INVESTIGATIONS AND OPERATIONS SUPPORT DALLAS,Call centre / helpdesk operations,AWARD_FIRST_EVIDENCE,23,77976.0,68.22782608695653
USASPENDING_V1,USA,693JJ3 ACQUISITION AND GRANTS MGT,Call centre / helpdesk operations,AWARD_FIRST_EVIDENCE,23,353468.36,67.08521739130435
USASPENDING_V1,USA,MISSION ESSENTIALS,Uniforms / PPE resale,AWARD_FIRST_EVIDENCE,23,158000.0,65.08260869565217
USASPENDING_V1,USA,HEADQUATERS,Office supplies / consumables resale,AWARD_FIRST_EVIDENCE,23,23188.5,64.60695652173914
USASPENDING_V1,USA,FA2318  AFLCMC C3MK,Call centre / helpdesk operations,AWARD_FIRST_EVIDENCE,23,42671.22,64.42521739130434
USASPENDING_V1,USA,NIH NIAMS,Call centre / helpdesk operations,AWARD_FIRST_EVIDENCE,23,31760.78,64.3495652173913
USASPENDING_V1,USA,W7N9 USPFO ACTIVITY WY ARNG,Call centre / helpdesk operations,AWARD_FIRST_EVIDENCE,23,39917.0,63.19304347826087
USASPENDING_V1,USA,FA4809  4TH CONS SQ CC,Call centre / helpdesk operations,AWARD_FIRST_EVIDENCE,23,43900.2,62.915652173913045
USASPENDING_V1,USA,W7M5 USPFO ACTIVITY ID ARNG,Call centre / helpdesk operations,AWARD_FIRST_EVIDENCE,23,62400.0,62.184347826086956
USASPENDING_V1,USA,FBI-JEH,Uniforms / PPE resale,AWARD_FIRST_EVIDENCE,23,16495.54,62.071304347826086
USASPENDING_V1,USA,DCMA MOUNTAIN PACIFIC (DENVER),OTHER / OPEN WORLD,AWARD_FIRST_EVIDENCE,23,1749230.0,59.68869565217391
USASPENDING_V1,USA,DLA TROOP SUPPORT,Transcription / captioning,AWARD_FIRST_EVIDENCE,23,50.96,58.84782608695652
USASPENDING_V1,USA,W2R2 USA ENGR R & D CTR,Office supplies / consumables resale,AWARD_FIRST_EVIDENCE,23,347.72,58.07217391304348
USASPENDING_V1,USA,OFFICE OF INSPECTOR GENERAL,Call centre / helpdesk operations,AWARD_FIRST_EVIDENCE,23,2014.91,57.77391304347826
USASPENDING_V1,USA,OJP BUREAU OF JUSTICE STATISTICS,OTHER / OPEN WORLD,AWARD_FIRST_EVIDENCE,23,119289.6,55.9895652173913
USASPENDING_V1,USA,EM-CARLSBAD,OTHER / OPEN WORLD,AWARD_FIRST_EVIDENCE,23,2590937.0,55.35130434782609
USASPENDING_V1,USA,U.S. ATTORNEYS OFFICE - (OLE),OTHER / OPEN WORLD,AWARD_FIRST_EVIDENCE,23,20978.34,54.7695652173913
USASPENDING_V1,USA,DCMA RADARS & SENSORS (LOS ANGELES),OTHER / OPEN WORLD,AWARD_FIRST_EVIDENCE,23,737572.0,53.57217391304348
USASPENDING_V1,USA,"BUREAU FOR RESILIENCE, ENVIRONMENT, AND FOOD SECURITY",OTHER / OPEN WORLD,AWARD_FIRST_EVIDENCE,23,82094.5,53.162608695652175
USASPENDING_V1,USA,USAID/LEBANON,OTHER / OPEN WORLD,AWARD_FIRST_EVIDENCE,23,10731451.0,52.735652173913046
USASPENDING_V1,USA,USP TERRE HAUTE,Courier / mail fulfilment,AWARD_FIRST_EVIDENCE,23,1961.64,52.517391304347825
USASPENDING_V1,USA,U.S. EMBASSY MINSK,OTHER / OPEN WORLD,AWARD_FIRST_EVIDENCE,23,201492.0,51.79565217391304
USASPENDING_V1,USA,W7MV USPFO ACTIVITY AZANG 161,OTHER / OPEN WORLD,AWARD_FIRST_EVIDENCE,23,41999.0,51.24260869565217
USASPENDING_V1,USA,PBS R9 AMD ENERGY & NON RECURRING SERVICES,OTHER / OPEN WORLD,AWARD_FIRST_EVIDENCE,23,36360.0,50.375652173913046
USASPENDING_V1,USA,DCMA PACIFIC (SINGAPORE),OTHER / OPEN WORLD,AWARD_FIRST_EVIDENCE,23,1116469.9,48.16173913043478
USASPENDING_V1,USA,OFFICE OF LAW ENFORCEMENT AND SECUR,OTHER / OPEN WORLD,AWARD_FIRST_EVIDENCE,23,12000.0,47.291304347826085
USASPENDING_V1,USA,NERO,OTHER / OPEN WORLD,AWARD_FIRST_EVIDENCE,23,2017.78,45.16434782608696
USASPENDING_V1,USA,AMERICAN CONSULATE DURBAN,OTHER / OPEN WORLD,AWARD_FIRST_EVIDENCE,23,19376.5,44.61304347826087
USASPENDING_V1,USA,OFC OF ELEMENTARY AND SECONDARY EDU,OTHER / OPEN WORLD,AWARD_FIRST_EVIDENCE,23,3500.0,44.237391304347824
USASPENDING_V1,USA,OCHOCO NATIONAL FOREST,OTHER / OPEN WORLD,AWARD_FIRST_EVIDENCE,23,0.0,36.46086956521739
USASPENDING_V1,USA,NATIONAL INSTITUTES OF HEALTH OLAO,Website support / accessibility / hosting,AWARD_FIRST_EVIDENCE,22,271676.1,79.77181818181818
USASPENDING_V1,USA,NETWORK CONTRACT OFFICE 19 (36C259),Software licences / SaaS resale,AWARD_FIRST_EVIDENCE,22,218156.45,79.66181818181818
USASPENDING_V1,USA,DEFENSE HEALTH AGENCY,Software licences / SaaS resale,AWARD_FIRST_EVIDENCE,22,58579.520000000004,78.93
USASPENDING_V1,USA,AVIATION LOGISTICS CENTER (ALC)(00038),Software licences / SaaS resale,AWARD_FIRST_EVIDENCE,22,274536.005,78.43545454545455
USASPENDING_V1,USA,W27P USA ACQ SPT CTR,Training / e-learning,AWARD_FIRST_EVIDENCE,22,1899786.0150000001,78.32181818181819
USASPENDING_V1,USA,6913G6 VOLPE NATL. TRANS. SYS CNTR,Software licences / SaaS resale,AWARD_FIRST_EVIDENCE,22,65573.64,77.26818181818182
USASPENDING_V1,USA,REGION 9: EMERGENCY PREPAREDNESS AN,Translation,AWARD_FIRST_EVIDENCE,22,90892.5,76.88909090909091
USASPENDING_V1,USA,FA2823  AFTC PZIO,Hardware / AV resale,AWARD_FIRST_EVIDENCE,22,112079.37,76.85363636363637
USASPENDING_V1,USA,HQ USSOCOM,Hardware / AV resale,AWARD_FIRST_EVIDENCE,22,104398.555,75.87272727272727
USASPENDING_V1,USA,248-NETWORK CONTRACT OFFICE 8 (36C248),Signage / display production,AWARD_FIRST_EVIDENCE,22,128257.725,75.18727272727273
USASPENDING_V1,USA,FLETC GLYNCO PROCUREMENT OFFICE,Hardware / AV resale,AWARD_FIRST_EVIDENCE,22,61091.175,71.91363636363636
USASPENDING_V1,USA,W075 ENDIST SACRAMENTO,Hardware / AV resale,AWARD_FIRST_EVIDENCE,22,741645.1799999999,71.68
USASPENDING_V1,USA,NAVAL AIR WARFARE CENTER AIR DIV,Hardware / AV resale,AWARD_FIRST_EVIDENCE,22,59619.66,71.33454545454545
USASPENDING_V1,USA,FA4600  55 CONS  PKP,Hardware / AV resale,AWARD_FIRST_EVIDENCE,22,66908.65,70.05090909090909
USASPENDING_V1,USA,NATIONAL ACQUISITIONS - CO,Hardware / AV resale,AWARD_FIRST_EVIDENCE,22,10496.625,68.3709090909091
USASPENDING_V1,USA,U.S.  EMBASSY BRASILIA,Translation,AWARD_FIRST_EVIDENCE,22,0.0,66.88
USASPENDING_V1,USA,W6QK ACC- DTA,Call centre / helpdesk operations,AWARD_FIRST_EVIDENCE,22,222552.825,66.77090909090909
USASPENDING_V1,USA,NAVAL AIR WARFARE CENTER,Hardware / AV resale,AWARD_FIRST_EVIDENCE,22,36180.0,66.51363636363637
USASPENDING_V1,USA,250-NETWORK CONTRACT OFFICE 10 (36C250),Office supplies / consumables resale,AWARD_FIRST_EVIDENCE,22,34631.75,64.02
USASPENDING_V1,USA,W6QM MICC-FT SILL,Call centre / helpdesk operations,AWARD_FIRST_EVIDENCE,22,142577.0,63.39090909090909
USASPENDING_V1,USA,241-NETWORK CONTRACT OFFICE 01 (36C241),Recruitment / temporary staffing,AWARD_FIRST_EVIDENCE,22,559748.865,63.018181818181816
USASPENDING_V1,USA,SUP OF SHIPBUILDING CONV AND REPAIR,Hardware / AV resale,AWARD_FIRST_EVIDENCE,22,2750.94,62.79
USASPENDING_V1,USA,"FWS, SAT TEAM 2",Hardware / AV resale,AWARD_FIRST_EVIDENCE,22,15375.0,62.55909090909091
USASPENDING_V1,USA,NAVSUP WEAPON SYSTEMS SUPPORT,Call centre / helpdesk operations,AWARD_FIRST_EVIDENCE,22,161380.0,62.54818181818182
USASPENDING_V1,USA,252-NETWORK CONTRACT OFFICE 12 (36C252),Courier / mail fulfilment,AWARD_FIRST_EVIDENCE,22,145520.425,61.20363636363636
USASPENDING_V1,USA,U.S. EMBASSY MANILA,Office supplies / consumables resale,AWARD_FIRST_EVIDENCE,22,0.0,56.807272727272725
USASPENDING_V1,USA,Director and Deputy Director,OTHER / OPEN WORLD,AWARD_FIRST_EVIDENCE,22,212931.845,55.70727272727273
USASPENDING_V1,USA,OJP AUDIT AND ASSESSMENT,OTHER / OPEN WORLD,AWARD_FIRST_EVIDENCE,22,246054.355,55.46272727272727
USASPENDING_V1,USA,USAID/SRI LANKA,OTHER / OPEN WORLD,AWARD_FIRST_EVIDENCE,22,231629.595,54.53818181818182
USASPENDING_V1,USA,USAID GH,OTHER / OPEN WORLD,AWARD_FIRST_EVIDENCE,22,922793.5,54.1
USASPENDING_V1,USA,OFFICE OF CIVIL RIGHTS,OTHER / OPEN WORLD,AWARD_FIRST_EVIDENCE,22,12540.5,53.658181818181816
USASPENDING_V1,USA,FA8140  AFSC PZIOB,OTHER / OPEN WORLD,AWARD_FIRST_EVIDENCE,22,19698.27,51.14090909090909
USASPENDING_V1,USA,MUSEUM SUPPORT CENTER,OTHER / OPEN WORLD,AWARD_FIRST_EVIDENCE,22,46474.185,50.943636363636365
USASPENDING_V1,USA,ASIAN PACIFIC AMERICAN CENTER,OTHER / OPEN WORLD,AWARD_FIRST_EVIDENCE,22,26910.0,50.68636363636364
USASPENDING_V1,USA,FA8694  ADVANCED AIRCRAFT AFLCMC WA,OTHER / OPEN WORLD,AWARD_FIRST_EVIDENCE,22,2645977.7,49.27090909090909
USASPENDING_V1,USA,US NAVAL HOSPITAL OKINAWA,OTHER / OPEN WORLD,AWARD_FIRST_EVIDENCE,22,39431.415,49.263636363636365
USASPENDING_V1,USA,U.S. EMBASSY MAJURO,OTHER / OPEN WORLD,AWARD_FIRST_EVIDENCE,22,30209.93,48.275454545454544
USASPENDING_V1,USA,U.S. ATTORNEYS OFFICE-ND (USA59),OTHER / OPEN WORLD,AWARD_FIRST_EVIDENCE,22,4056.2,46.61545454545455
USASPENDING_V1,USA,AMERICAN CONSULATE VANCOUVER,OTHER / OPEN WORLD,AWARD_FIRST_EVIDENCE,22,15251.380000000001,46.472727272727276
USASPENDING_V1,USA,AMERICAN CONSULATE KARACHI,Courier / mail fulfilment,AWARD_FIRST_EVIDENCE,22,0.0,46.35909090909091
USASPENDING_V1,USA,NAVOPSPTCEN NASHVILLE,OTHER / OPEN WORLD,AWARD_FIRST_EVIDENCE,22,0.0,44.07727272727273
USASPENDING_V1,USA,248-NETWORK CONTRACT OFFICE 8 (36C248),Transcription / captioning,AWARD_FIRST_EVIDENCE,21,33710.3,81.61428571428571
USASPENDING_V1,USA,IRS BEP IT ACQUISITION,Software licences / SaaS resale,AWARD_FIRST_EVIDENCE,21,581871.25,81.16095238095238
USASPENDING_V1,USA,W40M MRC0 WEST,Software licences / SaaS resale,AWARD_FIRST_EVIDENCE,21,60198.0,79.57142857142857
USASPENDING_V1,USA,NATIONAL INSTITUTES OF HEALTH NIDA,Software licences / SaaS resale,AWARD_FIRST_EVIDENCE,21,36543.62,78.36952380952381
USASPENDING_V1,USA,CHIEF INFORMATION OFFICER,Software licences / SaaS resale,AWARD_FIRST_EVIDENCE,21,60714.29,78.02380952380952
USASPENDING_V1,USA,GOLDEN FIELD OFFICE,Website support / accessibility / hosting,AWARD_FIRST_EVIDENCE,21,234851.84,76.96
USASPENDING_V1,USA,257-NETWORK CONTRACT OFFICE 17 (36C257),Translation,AWARD_FIRST_EVIDENCE,21,10222.8,76.4895238095238
USASPENDING_V1,USA,OFC OF PERF MGMT AND CFO,Translation,AWARD_FIRST_EVIDENCE,21,74704.0,76.3247619047619
USASPENDING_V1,USA,W7N3 USPFO ACTIVITY UT ARNG,Hardware / AV resale,AWARD_FIRST_EVIDENCE,21,43218.0,75.81904761904762
USASPENDING_V1,USA,FA8903  772 ESS PK,Hardware / AV resale,AWARD_FIRST_EVIDENCE,21,781457.0,75.69619047619048
USASPENDING_V1,USA,DEFENSE THREAT REDUCTION AGENCY,Hardware / AV resale,AWARD_FIRST_EVIDENCE,21,479539.75,74.79619047619047
USASPENDING_V1,USA,HEADQUATERS,Transcription / captioning,AWARD_FIRST_EVIDENCE,21,3332.0,73.95238095238095
USASPENDING_V1,USA,CONTRACTS AND ACQUISTIONS MANAGEMEN,Hardware / AV resale,AWARD_FIRST_EVIDENCE,21,3603482.83,73.6895238095238
USASPENDING_V1,USA,NASA KENNEDY SPACE CENTER,Hardware / AV resale,AWARD_FIRST_EVIDENCE,21,784539.71,72.73809523809524
USASPENDING_V1,USA,0409 AQ HQ     CONTRACT,Hardware / AV resale,AWARD_FIRST_EVIDENCE,21,107600.83,71.64285714285714
USASPENDING_V1,USA,RPO EAST (36C24E),Hardware / AV resale,AWARD_FIRST_EVIDENCE,21,36615.0,69.97619047619048
USASPENDING_V1,USA,OFC OF PERF MGMT AND CFO,Call centre / helpdesk operations,AWARD_FIRST_EVIDENCE,21,239626.48,69.53333333333333
USASPENDING_V1,USA,USMCFP SPRINGFIELD,Translation,AWARD_FIRST_EVIDENCE,21,4251.5,69.52285714285715
USASPENDING_V1,USA,NASA MARSHALL SPACE FLIGHT CENTER,Hardware / AV resale,AWARD_FIRST_EVIDENCE,21,298674.0,69.19238095238096
USASPENDING_V1,USA,NAVAL RESEARCH LABORATORY,Hardware / AV resale,AWARD_FIRST_EVIDENCE,21,21080.66,68.94380952380952
USASPENDING_V1,USA,SAC FREDERICK (36C10X),Call centre / helpdesk operations,AWARD_FIRST_EVIDENCE,21,128298.0,68.79142857142857
USASPENDING_V1,USA,NARA CONTRACTING OFFICE,Hardware / AV resale,AWARD_FIRST_EVIDENCE,21,23041.85,68.54095238095238
