warehouse_source,country,broad_family,code,title_signature,records,median_value,median_bidders,avg_priority
USASPENDING_V1,USA,Web / digital,541512,"igf::ot::igf  tricare online (tol) tier iii sustainment is to maintain tol, as the military health systems (mhs) patient",1,22475186.29,1.0,69.88
USASPENDING_V1,USA,Web / digital,236220,"award of <n>pk<n>c<n>, otay mesa pedestrian walkway replacement, u.s. land port of entry- otay mesa main building, <n> p",1,3072945.76,1.0,69.88
USASPENDING_V1,USA,Web / digital,541512,contract to provide employees compensation operations and management portal (ecomp) support services for the department ,1,56083678.7,1.0,69.88
USASPENDING_V1,USA,Web / digital,541611,ofam<n> c <n>.  grants closeout support services,1,2555265.27,1.0,69.88
USASPENDING_V1,USA,Web / digital,541611,contract closeout support for the operations acquisition division,1,4939839.64,1.0,69.88
USASPENDING_V1,USA,Web / digital,541611,closeout and reconciliation support services,1,3949568.37,1.0,69.88
USASPENDING_V1,USA,Web / digital,541519,"igf::cl::igf for closely associated - web enhancement design, development, implementation, operation, and maintenance of",1,15425229.65,1.0,69.88
USASPENDING_V1,USA,Web / digital,541330,igf::ot::igf  efast pa <n>-<n>-cs nas defense programs support in support of nas security and enterprise operations (nas,1,4050099.55,1.0,69.88
USASPENDING_V1,USA,Web / digital,541611,op closeout contract services,1,2269720.3,1.0,69.88
USASPENDING_V1,USA,Web / digital,325120,nasa agency-wide supply of gaseous and liquid helium with messer for the nasa balloon operations contract at the columbi,1,4705027.4,1.0,69.88
USASPENDING_V1,USA,Web / digital,336411,admin mod for closeout.  miscellaneous communication equipment,1,114843662.57,1.0,69.88
USASPENDING_V1,USA,Language / transcription,541611,language services,1,6071742.41,1.0,69.88
USASPENDING_V1,USA,Web / digital,541511,"development and replacement of the aging, independence, and disability program data portal (agid <n>.<n>",1,2995047.11,1.0,69.88
USASPENDING_V1,USA,Web / digital,541611,"igf::ot::igf  the contractor shall provide technical programmatic support services for na-mb-<n>.<n>, to include:  <n>. ",1,3181606.16,1.0,69.88
USASPENDING_V1,USA,Web / digital,541512,web access security subsystem(wass) contract: security utility for the hud enterprise portal. igf::ot::igf,1,3999042.36,1.0,69.88
USASPENDING_V1,USA,Web / digital,561621,purchase and installation of z-portal system and option year maintenance,1,2732763.0,1.0,69.88
USASPENDING_V1,USA,Web / digital,541512,eo<n> - uc portal,1,4449887.8,1.0,69.88
USASPENDING_V1,USA,Web / digital,541611,reconciliation and closeout support services,1,4834031.94,1.0,69.88
USASPENDING_V1,USA,Web / digital,541513,healthcare digital platform physical,1,2491254.69,1.0,69.88
USASPENDING_V1,USA,Language / transcription,541611,igf::cl::igf travel management support to the office of language services.,1,9365955.2,1.0,69.88
USASPENDING_V1,USA,Web / digital,488310,"igf::ot::igf nseod watercraft operations, maintenance",1,3109283.23,1.0,69.88
USASPENDING_V1,USA,Web / digital,541611,contract closeout and reconciliation support,1,2224483.0,1.0,69.88
USASPENDING_V1,USA,Language / transcription,541714,the <n>th medical wing science and technology office requires technical and professional support services in support of ,1,5654404.31,1.0,69.88
USASPENDING_V1,USA,Web / digital,325180,neodymium oxide (nd<n>o<n>) and praseodymium oxide (pr<n>o<n>),1,10986002.7,1.0,69.88
USASPENDING_V1,USA,Web / digital,334517,lease of z-portal backscatter inspection system for trucks and cargo,1,4911994.81,1.0,69.88
USASPENDING_V1,USA,Language / transcription,541720,support translational and operational science and technology advance to improve cdc,1,2205550.0,1.0,69.88
USASPENDING_V1,USA,Web / digital,541990,ofr contract closeout support,1,10472030.32,1.0,69.88
USASPENDING_V1,USA,Web / digital,541611,"services, policy, e-business, & closeout support",1,10736471.0,1.0,69.88
USASPENDING_V1,USA,Web / digital,541611,igf::ct::igf this is a firm-fixed price contract for contract closeout support services.,1,2790602.4,1.0,69.88
USASPENDING_V1,USA,Web / digital,541712,"igf::ct::igf ct <n>-<n> portal development, test, and hosting for department of defense (dod) federal voting assistance ",1,3795393.0,1.0,69.88
USASPENDING_V1,USA,Web / digital,561210,baseops services,1,92349452.93,1.0,69.88
USASPENDING_V1,USA,Web / digital,541611,"the contractor shall provide on-site, administrative and contract closeout support services to the centers for medicare&",1,6619302.53,1.0,69.88
USASPENDING_V1,USA,Web / digital,541519,ko portal (b-kop) sustainment support,1,2738558.4,1.0,69.88
USASPENDING_V1,USA,Web / digital,488210,the federal railroad administration (fra) seeks the development of testing and validation of mobile railcar inspection p,1,2563479.96,1.0,69.88
USASPENDING_V1,USA,Web / digital,541330,"usaid has many physically complete contracts, grants, and cooperative agreements (together referred to as awards). these",1,5381378.91,1.0,69.88
USASPENDING_V1,USA,Web / digital,541611,the contractor shall provide various on-site and contracting officer representative (cor) approved off-site (also referr,1,4347057.38,1.0,69.88
USASPENDING_V1,USA,Web / digital,221121,ovec: this is a fixed unit rate contract to provide electric utility service for the portsmouth gaseous diffusion plant ,1,220733258.75,1.0,69.88
USASPENDING_V1,USA,Web / digital,561210,"custodial, grounds, and maintenance services at the el portal.  services at catalina are limited to custodial and a/c ma",1,3256239.04,1.0,69.88
USASPENDING_V1,USA,Web / digital,541611,the purpose of this requirement is to award the <n> closeout support services contract.,1,3405405.84,1.0,69.88
USASPENDING_V1,USA,Web / digital,541611,unaccompanied alien children (uac) portal program support,1,4999980.25,1.0,69.88
USASPENDING_V1,USA,Web / digital,541511,the task order supports the education stabilization fund (esf) transparency portal which provides data management and st,1,5657260.89,1.0,69.88
USASPENDING_V1,USA,Web / digital,541611,digital platform maintenance and limited enhancement and strategic digital program management,1,10143794.74,1.0,69.88
USASPENDING_V1,USA,Web / digital,541611,eeo data collection and closeout activities: eeo-<n>; eeo-<n>; eeo-<n> and eeo-<n> (fy <n> - fy <n>),1,2808432.28,1.0,69.88
USASPENDING_V1,USA,Web / digital,516110,renewal of usagm mw transmission services by far east broadcasting company-korea from seoul and jeju.,1,3197683.08,1.0,69.88
USASPENDING_V1,USA,Web / digital,541511,cost and performance portal (cpp),1,9115206.1,1.0,69.88
USASPENDING_V1,USA,Web / digital,325120,ssc delivery order (do) for gaseous helium (ghe),1,5587297.36,1.0,69.88
USASPENDING_V1,USA,Web / digital,325120,nasa agency-wide supply of gaseous and liquid helium with linde for the nasa balloon operations contract at csbf.,1,2042680.0,1.0,69.88
USASPENDING_V1,USA,Web / digital,541512,"integrated enterprise contract (iep) the iep provides fully integrated core services,  it infrastructure, operations, se",1,196438630.97,1.0,69.88
USASPENDING_V1,USA,Web / digital,541513,"contractor support  dme (momentum, eacquisitions, vendor portal, fpng) pop <n>/<n>/<n> - <n>/<n>/<n>",1,9087866.4,1.0,69.88
USASPENDING_V1,USA,Web / digital,561621,security system install - k<n>/seoul,1,2497432.33,1.0,69.88
USASPENDING_V1,USA,Web / digital,519130,clinical portal of medical information,1,21817191.83,1.0,69.88
USASPENDING_V1,USA,Web / digital,541611,single application portal (sap) support,1,3057783.2,1.0,69.88
USASPENDING_V1,USA,Web / digital,334517,the purpose of this contract is to purchase multi energy portal systems and services.,1,14993662.0,1.0,69.88
USASPENDING_V1,USA,Web / digital,541330,base - epr portal support,1,20390362.04,1.0,69.88
USASPENDING_V1,USA,Web / digital,333923,modify two <n>/<n> ton portal cranes at norfolk naval shipyard (nnsy) for support of pier side special purpose service (,1,4798894.78,1.0,69.88
USASPENDING_V1,USA,Web / digital,541519,n<n>c open data portal and community engagement support services for ncats (covid-<n> action),1,5895541.44,1.0,69.88
USASPENDING_V1,USA,Web / digital,541611,coast guard credentialing opportunities portal analysis support services,1,3214015.79,1.0,69.88
USASPENDING_V1,USA,Web / digital,334517,low energy portal system,1,10622738.0,1.0,69.88
USASPENDING_V1,USA,Web / digital,511210,ntp hl pacs stat portal & analytics,1,2271811.22,1.0,69.88
USASPENDING_V1,USA,Web / digital,541715,igf::ot::igf r&d multi-energy portal (mep) test and evaluation project,1,39135574.24,1.0,69.88
USASPENDING_V1,USA,Web / digital,541512,uc portal <n> month transition,1,4198344.5,1.0,69.88
USASPENDING_V1,USA,Web / digital,334517,this task order is to purchase multi energy portal systems and services.,1,18480970.0,1.0,69.88
USASPENDING_V1,USA,Web / digital,541330,"contract closeout support services for the volpe center's office of acquisitions, subject to the availability of fy<n> f",1,3822010.06,1.0,69.88
USASPENDING_V1,USA,Web / digital,541513,"contractor support o&m and dme (momentum, eacquisitions, vendor portal, fpng)  pop <n>/<n>/<n> - <n>/<n>/<n>",1,9555298.78,1.0,69.88
USASPENDING_V1,USA,Web / digital,541715,"dod sbir/sttr roadmap, proposal submission portal and reporting",1,35908811.05,1.0,69.88
USASPENDING_V1,USA,Web / digital,562910,igf::ot::igf parcel c closeout,1,3994336.05,1.0,69.88
USASPENDING_V1,USA,Web / digital,325120,nasa agency-wide supply of gaseous and liquid helium with linde for the nasa balloon operations contract at the columbia,1,2042680.0,1.0,69.88
USASPENDING_V1,USA,Web / digital,541513,deob and closeout,1,2006435.0,0.0,69.88
USASPENDING_V1,USA,Web / digital,541512,cder intake and data exchange (nextgen portal) solution,1,3562382.63,1.0,69.88
USASPENDING_V1,USA,Web / digital,541611,contract administration and closeout support services.,1,2874176.1,1.0,69.88
USASPENDING_V1,USA,Web / digital,325120,nasa agency-wide supply of gaseous and liquid helium with messer for the nasa balloon operations contract at csbf.,1,4705027.4,1.0,69.88
USASPENDING_V1,USA,Web / digital,561210,"provide the department of energy, office of headquarters procurement services with contract closeout and purchase card p",1,5989213.91,1.0,69.88
USASPENDING_V1,USA,Web / digital,325120,gn<n> - gaseous nitrogen supply and pipeline maintenance for ksc.,1,158195053.22,1.0,69.88
USASPENDING_V1,USA,Web / digital,541611,"the purpose of this pr request is for david evans associates, inc. (dea) to provide  fta region ii tro(<n>) with project",1,4395300.0,1.0,69.88
USASPENDING_V1,USA,Web / digital,541611,contract closeout support services for pd,2,1679752.705,1.0,69.64
USASPENDING_V1,USA,Web / digital,518210,igf::ot::igf other functions. contract for passenger fee data portal system (pfdps) web-portal support services.,1,1061625.63,1.0,69.4
USASPENDING_V1,USA,Web / digital,541519,hhs learning portal technical&project support,1,571382.0,1.0,69.4
USASPENDING_V1,USA,Language / transcription,541715,quality assessment support for the national institute of environmental health services (niehs) to conduct assessments of,1,1094464.0,1.0,69.4
USASPENDING_V1,USA,Web / digital,221210,this is a five-year fixed unit rate contract for the transportation of natural gas to the portsmouth gaseous diffusion p,1,1050000.0,1.0,69.4
USASPENDING_V1,USA,Web / digital,611699,iraq security cooperation information portal (scip) training support,1,554718.0,1.0,69.4
USASPENDING_V1,USA,Web / digital,334517,z-portal x-ray and z-portal backscatter van extended plan contract,1,535512.0,1.0,69.4
USASPENDING_V1,USA,Web / digital,315999,pss - replace <n> boon edam tap-<n> portals,1,674558.35,1.0,69.4
USASPENDING_V1,USA,Web / digital,541519,"office of the united states trade representative portal enhancements required by whit to help support trade enforcement,",1,774713.24,1.0,69.4
USASPENDING_V1,USA,Web / digital,336411,"<n>!sensor,gaseous mass",1,504485.8,1.0,69.4
USASPENDING_V1,USA,Web / digital,541990,base award funding for closeout,1,650300.54,1.0,69.4
USASPENDING_V1,USA,Web / digital,812930,"igf::ot::igf <n> maryland ave sw (portals) garage, <n> spaces",1,1714097.76,1.0,69.4
USASPENDING_V1,USA,Web / digital,541611,censeo - ebbp support tasks <n>&<n>,1,530341.24,1.0,69.4
USASPENDING_V1,USA,Web / digital,541519,"women, infants and children (wic) food delivery portal (fdp) follow-on",1,513311.16,1.0,69.4
USASPENDING_V1,USA,Web / digital,561110,nichd: oa services: contract closeout support,1,923512.4,1.0,69.4
USASPENDING_V1,USA,Language / transcription,541690,"igf::ot::igf the university of texas at el paso ""career and research development program for underrepresented scholars c",1,841203.39,1.0,69.4
USASPENDING_V1,USA,Web / digital,561110,"to support the consultations, sustainment, administration, maintenance, and future development of saf/ia sharepoint onli",1,625528.8,1.0,69.4
USASPENDING_V1,USA,Language / transcription,541940,"translational research program/ vivarium support services, ambis <n>",1,746199.9,1.0,69.4
USASPENDING_V1,USA,Web / digital,541611,"rad<n> support services in the following areas: acquisition system administration, contract closeout, and implementation",1,1845200.0,1.0,69.4
USASPENDING_V1,USA,Language / transcription,334516,"the national institute on aging (nia), intramural research program (irp), translational gerontology branch (tgb) require",1,721631.0,1.0,69.4
USASPENDING_V1,USA,Web / digital,518210,igf::ot::igf  the passenger fee data portal system (pfdps) going through eagle ii small business and itbuy for operation,1,814731.73,1.0,69.4
USASPENDING_V1,USA,Web / digital,541611,igf::ot::igf os closeout contract,1,1808627.51,1.0,69.4
USASPENDING_V1,USA,Web / digital,562910,roy pray portal repairs  the roy pray mine site has been determined to be eligible for listing on the national register ,1,656311.03,1.0,69.4
USASPENDING_V1,USA,Web / digital,334510,percutaneous osseointegrated prothesis devices,1,1686528.12,1.0,69.4
USASPENDING_V1,USA,Web / digital,541512,coordination & access portal for standards (caps),1,735593.85,1.0,69.4
USASPENDING_V1,USA,Web / digital,541611,cisa closeout services,1,1126159.2,1.0,69.4
USASPENDING_V1,USA,Web / digital,541611,contract closeout support service,1,1584404.0,1.0,69.4
USASPENDING_V1,USA,Language / transcription,621511,reference lab testing & interpretation services,1,620299.32,1.0,69.4
USASPENDING_V1,USA,Language / transcription,621111,diagnostic medical imaging interpretation services for the sisseton-wahpeton service unit,1,593730.0,1.0,69.4
USASPENDING_V1,USA,Web / digital,519130,online subscription - standard & poor's ratings direct global credit portal,1,1762250.0,1.0,69.4
USASPENDING_V1,USA,Web / digital,541611,igf::ot::igf  operational manager (om) support for the joint united states forces korea (usfk) portal and integrated thr,1,1263589.53,1.0,69.4
USASPENDING_V1,USA,Web / digital,236220,"installation of cbp infrastructure for security, camera, structural requirements etc. otay mesa forward operating lab, o",1,799871.76,1.0,69.4
USASPENDING_V1,USA,Language / transcription,811210,"the department of health and human services (hhs), national institutes of health (nih), national center for advancing tr",1,695604.0,1.0,69.4
USASPENDING_V1,USA,Web / digital,541512,support for the environmental information management portals (eimp) for the pacific islands (guam epa and cnmi).,1,868539.11,1.0,69.4
USASPENDING_V1,USA,Web / digital,541511,"veterans service organization (vso) training responsibility, involvement, and preparation (trip) portal",1,857308.74,1.0,69.4
USASPENDING_V1,USA,Web / digital,334517,service contract for as&e z-portal x-ray and its components.,1,926352.0,1.0,69.4
USASPENDING_V1,USA,Web / digital,541512,"requirement for maintenance and enhancements to the radresponder online portal tool in support of s&t, national urban se",1,622262.26,1.0,69.4
USASPENDING_V1,USA,Language / transcription,541930,sign language services (unclassified and classified up to secret),1,535754.19,1.0,69.4
USASPENDING_V1,USA,Web / digital,541512,office of medicare hearings and appeals (omha) ecape e-appeal public portal module,1,923213.76,1.0,69.4
USASPENDING_V1,USA,Web / digital,541611,temp contract specialist (closeout),1,754043.45,1.0,69.4
USASPENDING_V1,USA,Web / digital,562910,bpmd at portal repairs-,1,938887.8,1.0,69.4
USASPENDING_V1,USA,Web / digital,236220,"otay mesa ahu replacement, <n> paseo international, san diego, ca <n>-<n>.",1,1270870.0,1.0,69.4
USASPENDING_V1,USA,Web / digital,334517,gold level service plan for z portal and z backscatter van detection systems,1,1171023.0,1.0,69.4
USASPENDING_V1,USA,Web / digital,541511,"piadc optimized facility closeout, orient point, new york",1,1053531.12,1.0,69.4
USASPENDING_V1,USA,Language / transcription,541930,over the phone interpretation services for clinical center,1,639486.0,1.0,69.4
USASPENDING_V1,USA,Web / digital,541611,phase <n> of pilot program for abilityone closeout support.,1,894383.2,1.0,69.4
USASPENDING_V1,USA,Web / digital,541611,financial support v&v closeout,1,1056876.23,1.0,69.4
USASPENDING_V1,USA,Web / digital,334517,fy<n> requirement to purchase preventative and as-needed maintenance on the already installed z-portal machine to ensure,1,991294.0,1.0,69.4
USASPENDING_V1,USA,Web / digital,541611,contract administration and closeout support services bridge,1,572880.0,1.0,69.4
USASPENDING_V1,USA,Document / data processing,334516,focused ion beam scanning electron microscopes,1,6652281.25,1.0,69.34
USASPENDING_V1,USA,Document / data processing,517810,provide continued mission operations and data processing support services to continue performing key climate measurement,1,13382823.0,1.0,69.34
USASPENDING_V1,USA,Document / data processing,541611,the purpose of this contract is to provide for strategic collections and clearance (scc) support services.,1,2094358.64,1.0,69.34
USASPENDING_V1,USA,Document / data processing,541611,"services involving procurement management support, coordination, and reporting of requirements.  develop of document man",1,4178461.06,1.0,69.34
USASPENDING_V1,USA,Document / data processing,541519,records management team electronic records retention project,1,10384380.0,1.0,69.34
USASPENDING_V1,USA,Document / data processing,541330,tsis-<n> mission operations and data processing,1,16391380.0,1.0,69.34
USASPENDING_V1,USA,Document / data processing,561110,arpc records management service contract,1,2440283.06,1.0,69.34
USASPENDING_V1,USA,Document / data processing,561499,records management support for the nci technology transfer center,1,2013546.32,1.0,69.34
USASPENDING_V1,USA,Document / data processing,518210,electronic record management application (erma) bridge,1,2113258.0,1.0,69.34
USASPENDING_V1,USA,Document / data processing,541611,base year,1,3677508.24,1.0,69.34
USASPENDING_V1,USA,Document / data processing,561110,"igf::ot::igf administrative, records management and mailroom support services for los alamos field office - na-<n>-la.",1,2347339.11,1.0,69.34
USASPENDING_V1,USA,Document / data processing,541715,standoff difference raman spectroscopy with automated depth scanning lrbaa,1,3639072.0,1.0,69.34
USASPENDING_V1,USA,Document / data processing,334112,"rems reports writing standard fedramp; analytics bi suite viewer fedramp, analytics bi suite explorer fedramp; data lake",1,2087720.0,1.0,69.34
USASPENDING_V1,USA,Document / data processing,541611,"psc r<n> - project management services for operation, development, and implementation of epa's controlled unclassified i",1,2633266.04,1.0,69.34
USASPENDING_V1,USA,Document / data processing,561990,"multifamily housing programs records migrating, indexing, scanning, imaging of records for internet igf::cl::igf",1,6104559.09,1.0,69.34
USASPENDING_V1,USA,Document / data processing,561110,administrative support services for visa passport imcom psd.,1,5734546.88,1.0,69.34
USASPENDING_V1,USA,Document / data processing,541611,content mgmt digital strategy for records management and alignment with pcim,1,3212601.6,1.0,69.34
USASPENDING_V1,USA,Document / data processing,339999,"please issue new call order under <n>aqmm<n>a<n> for bpa contract holder 'ads' in the amount of $<n>,<n>,<n>.<n> exbs bo",1,21157681.79,1.0,69.34
USASPENDING_V1,USA,Document / data processing,541199,the purpose of this award is to procure services for the nationwide labor services at the national archives federal reco,1,11002602.97,1.0,69.34
USASPENDING_V1,USA,Document / data processing,541512,esm application technical support,1,2099931.6,1.0,69.34
USASPENDING_V1,USA,Document / data processing,561720,this contract for janitorial and landscaping services at the national archives atlanta regional office is hereby issued ,1,2698704.79,1.0,69.34
USASPENDING_V1,USA,Document / data processing,541512,"the enterprise integration and innovation center office of the chief information officer policy, privacy, and records br",1,3777843.19,1.0,69.34
USASPENDING_V1,USA,Document / data processing,517911,vaccine tracking operations and maintenance,1,24174968.18,1.0,69.34
USASPENDING_V1,USA,Document / data processing,541511,electronic records management support services,1,2197036.8,1.0,69.34
USASPENDING_V1,USA,Document / data processing,541519,visage <n> open archive licensing for visn <n>,1,5239534.75,1.0,69.34
USASPENDING_V1,USA,Document / data processing,541611,records management support for cbp data requirements,1,3990696.0,1.0,69.34
USASPENDING_V1,USA,Document / data processing,541512,"deployment, data transfer of legacy data, operations, and sustainment of the dataark health information archive services",1,10426754.04,1.0,69.34
USASPENDING_V1,USA,Document / data processing,541512,"dovel technologies, llc:<n> [<n>-<n>] cgmp document management system",1,2033722.17,1.0,69.34
USASPENDING_V1,USA,Document / data processing,519190,regional records management and regional library management,1,2672552.51,1.0,69.34
USASPENDING_V1,USA,Document / data processing,541519,dams task order <n> electronic document and records management support services,1,4661280.09,1.0,69.34
USASPENDING_V1,USA,Document / data processing,561499,uscis office of intake and document production (oidp) document management division (dmd) notice mailing systems equipmen,1,4071484.03,1.0,69.34
USASPENDING_V1,USA,Document / data processing,541990,defense threat reduction information analysis center operations,1,41608709.18,1.0,69.34
USASPENDING_V1,USA,Document / data processing,541330,cpff labor ceiling for clins <n>-<n>,1,27371594.49,1.0,69.34
USASPENDING_V1,USA,Document / data processing,541990,"direct <n>(a) award of a one (<n>), <n>-month period and three (<n>) option year(s), firm fixed price (ffp) records mana",1,2608732.8,1.0,69.34
USASPENDING_V1,USA,Document / data processing,541611,records management and library services,1,4467008.0,1.0,69.34
USASPENDING_V1,USA,Document / data processing,541690,dams to <n> edrm support services,1,2078497.0,1.0,69.34
USASPENDING_V1,USA,Document / data processing,561110,"administrative, records management, and mailroom support services for the nnsa los alamos field office",1,3973377.0,1.0,69.34
USASPENDING_V1,USA,Document / data processing,541611,"provide the <n>th delta operations squadron support staff financial management services within the categories of, financ",1,2227574.4,1.0,69.34
USASPENDING_V1,USA,Document / data processing,541512,scanning indexing and support services,1,3217694.52,1.0,69.34
USASPENDING_V1,USA,Document / data processing,541611,the purpose of this contract is to provide air cargo branch support services for program management.,1,3408745.69,1.0,69.34
USASPENDING_V1,USA,Document / data processing,541611,"""crtb technical support services"" call order under bpa <n>herc<n>a<n>",1,2453878.11,1.0,69.34
USASPENDING_V1,USA,Document / data processing,541611,the contractor shall provide records management support to all program offices within epa region <n>. records management,1,3152998.17,1.0,69.34
USASPENDING_V1,USA,Document / data processing,541512,records management technician,1,4103041.33,1.0,69.34
USASPENDING_V1,USA,Document / data processing,541512,contractor support to provide remote maintenance of the existing application to include evaluation and updates of tax la,1,7915149.89,1.0,69.34
USASPENDING_V1,USA,Document / data processing,561410,"records management, customer service, and management of military personnel record system.",1,4126449.01,1.0,69.34
USASPENDING_V1,USA,Document / data processing,541715,support for the snow and ice distributed active archive center (daac) for the earth observing system data and informatio,1,53987266.0,1.0,69.34
USASPENDING_V1,USA,Document / data processing,541715,acquire services for the continued development and operation of the synthetic aperture radar distributed active archive ,1,55373980.0,1.0,69.34
USASPENDING_V1,USA,Document / data processing,518210,amazon professional service,1,6442204.0,1.0,69.34
USASPENDING_V1,USA,Document / data processing,541690,data processing & analytics for ehr,1,2765198.28,1.0,69.34
USASPENDING_V1,USA,Document / data processing,541512,firm fixed price award center for drug evaluation and research (cder) - regulatory review systems analysis and sunset su,1,3508732.19,1.0,69.34
USASPENDING_V1,USA,Document / data processing,611710,"to achieve this goal, an annual records management refresher training and targeted role-based training to instruct perso",1,5915482.24,1.0,69.34
USASPENDING_V1,USA,Document / data processing,541512,national archives and records administration (nara) enterprise customer relationship management (ecrm) for the nextgen a,1,5224481.04,1.0,69.34
USASPENDING_V1,USA,Document / data processing,541711,"management and support of the niehs archives, frozen tissue bank and specimen repository",1,41581952.47,1.0,69.34
USASPENDING_V1,USA,Document / data processing,541512,electronic data records management system,1,2265389.41,1.0,69.34
USASPENDING_V1,USA,Document / data processing,541330,"the scope of the apfit effort is to deliver an agile, robotic system for collecting radome/radar data paired with a data",1,11000000.0,1.0,69.34
USASPENDING_V1,USA,Document / data processing,541611,early care and education data archive (ece data archive),1,4495772.3,1.0,69.34
USASPENDING_V1,USA,Document / data processing,518210,electronic records and information management support services,1,3429176.76,1.0,69.34
USASPENDING_V1,USA,Document / data processing,541611,cbi program implementation contractor support,1,2594952.7,1.0,69.34
USASPENDING_V1,USA,Document / data processing,541611,records management support for dha,1,13426944.68,1.0,69.34
USASPENDING_V1,USA,Document / data processing,541511,"cms initiated a competitive procurement in <n> to develop a new system, the drug data processing system (ddps) to implem",1,2182855.58,1.0,69.34
USASPENDING_V1,USA,Document / data processing,541519,"o&m support for the national archives and records administration's highview systems (addres, urts, and stairs)",1,6843034.67,1.0,69.34
USASPENDING_V1,USA,Document / data processing,518210,data extract and reporting,1,2575296.18,1.0,69.34
USASPENDING_V1,USA,Document / data processing,493120,management and support of an archives and repository contract (aarc) for the national toxicology program (ntp) and the n,1,28371382.29,1.0,69.34
USASPENDING_V1,USA,Document / data processing,561210,inventory and records management services,1,2016389.37,1.0,69.34
USASPENDING_V1,USA,Document / data processing,518210,private medical records retrieval services,1,25341855.19,1.0,69.34
USASPENDING_V1,USA,Document / data processing,541519,scanning&indexing of medical records services,1,12090307.57,1.0,69.34
USASPENDING_V1,USA,Document / data processing,561990,"provide planning and analysis support, acquisition and financial assistance systems support, mailroom operations support",1,3522680.56,1.0,69.34
USASPENDING_V1,USA,Document / data processing,518210,email enterprise records and document management system,1,40203068.49,1.0,69.34
USASPENDING_V1,USA,Document / data processing,221310,new water and sewer contract at archives ii.,1,2954284.58,1.0,69.34
USASPENDING_V1,USA,Document / data processing,541611,call order for national records management program support for office of mission support (oms) under bpa <n>herc<n>a<n>,1,2845272.84,1.0,69.34
USASPENDING_V1,USA,Document / data processing,541330,document management services,1,2558313.48,1.0,69.34
USASPENDING_V1,USA,Document / data processing,541511,"data enclave of university of chicago to usda clients who are accessing confidential and sensitive data, including arms,",1,2678591.8,1.0,69.34
USASPENDING_V1,USA,Document / data processing,541519,vulnerability scanning service,1,2462244.0,1.0,69.34
USASPENDING_V1,USA,Document / data processing,561990,"new contract for mail services at archives i, ii, suitland, and federal register.",1,3577144.95,1.0,69.34
USASPENDING_V1,USA,Document / data processing,541513,electronic document and records management system edrms at fema headquarters and the <n> regions.,1,2959710.79,1.0,69.34
USASPENDING_V1,USA,Document / data processing,334111,procurement of on site technical support services for united states army records management declassification agency (rmd,1,49513909.1,1.0,69.34
USASPENDING_V1,USA,Document / data processing,518210,document processing center (dpc) support services,1,3564199.14,1.0,69.34
USASPENDING_V1,USA,Document / data processing,541512,firm fixed price award cber document control center and records management services   cor: richard thomas richard.thomas,1,5249642.37,1.0,69.34
USASPENDING_V1,USA,Document / data processing,518210,toxic inhalation hazard (tih)/rail security-sensitive material (rssm) railcar car location message (clm) and global posi,1,7374480.0,1.0,69.34
USASPENDING_V1,USA,Document / data processing,511210,skillsoft leadership development program (sldp) and digital transformation (dt) bundled solution,1,2228884.0,1.0,69.34
USASPENDING_V1,USA,Document / data processing,541611,soaps to<n> - records management services,1,12576620.24,1.0,69.34
USASPENDING_V1,USA,Document / data processing,541512,provide data processing support services,1,3592599.0,1.0,69.34
USASPENDING_V1,USA,Document / data processing,518210,housing transaccess support (hts),1,2909051.0,1.0,69.34
USASPENDING_V1,USA,Document / data processing,541715,"national addiction and hiv data archive program. april <n>, <n> - march <n>, <n>. n<n>da-<n>-<n>.base award.",1,5310953.0,1.0,69.34
USASPENDING_V1,USA,Document / data processing,541690,digital asset management solution dams to <n>,1,5312561.0,1.0,69.34
USASPENDING_V1,USA,Document / data processing,541511,igf::ot::igf ogc case and document management system (cdms),1,5149662.09,1.0,69.34
USASPENDING_V1,USA,Document / data processing,541690,child and family data archive,1,3973951.0,1.0,69.34
USASPENDING_V1,USA,Document / data processing,541519,agency support for records management program,1,5558344.22,1.0,69.34
USASPENDING_V1,USA,Document / data processing,541519,this is a continued contract iaw dfars <n>.<n>(c)(i) and replaces contract w<n>l<n>c<n> for the exercise of option perio,1,3499510.68,1.0,69.34
USASPENDING_V1,USA,Document / data processing,624230,"direct care services (dcs) including all personnel, services, and resources necessary to provide for icf based care and ",1,11116068.7,1.0,69.34
USASPENDING_V1,USA,Document / data processing,334516,acquisition of an aberration corrected scanning and transmission electron microscope stem for the analysis of astromater,1,4872674.0,1.0,69.34
USASPENDING_V1,USA,Document / data processing,518210,records management production processing and scanning support,1,16780641.89,1.0,69.34
USASPENDING_V1,USA,Document / data processing,541611,archivist and records management services,1,691901.88,1.0,68.86
USASPENDING_V1,USA,Document / data processing,541618,usda/oascr: center for civil rights operations (ccro)/ data and records management division (drmd)/ compliance and polic,1,1744756.0,1.0,68.86
USASPENDING_V1,USA,Document / data processing,518210,"records management, records storage and release of information services for vapahcs.",1,1585905.01,1.0,68.86
USASPENDING_V1,USA,Document / data processing,541519,sharepoint technical support,1,511527.89,1.0,68.86
USASPENDING_V1,USA,Document / data processing,334516,field emission scanning electron microscope (fesem) for nist cnst nanofab user facility.,1,653702.74,1.0,68.86
USASPENDING_V1,USA,Document / data processing,621511,utilize a discovery-based proteomics platform in archived plasma samples collected in the baltimore longitudinal study o,1,1083600.02,1.0,68.86
USASPENDING_V1,USA,Document / data processing,541519,igf::ct::igf sharepoint records management interface,1,949421.81,1.0,68.86
USASPENDING_V1,USA,Document / data processing,334516,purchase of jeol low vacuum scanning electron microscope (sem),1,709000.0,1.0,68.86
USASPENDING_V1,USA,Document / data processing,561410,scanning and certification,1,757400.0,1.0,68.86
USASPENDING_V1,USA,Document / data processing,541712,igf::ot::igf verfication and validation of metadata for test&evalaution (vivaldi),1,743340.8,1.0,68.86
USASPENDING_V1,USA,Document / data processing,423450,pacs maintenance service,1,656269.8,1.0,68.86
USASPENDING_V1,USA,Document / data processing,518111,medical records scanning/indexing/storage,1,883424.4,1.0,68.86
USASPENDING_V1,USA,Document / data processing,518210,"ogc scanning services, base plus four option years.",1,801929.82,1.0,68.86
USASPENDING_V1,USA,Document / data processing,561110,"this is an <n>(a) set-aside for bluepath labs, llc to provide collaborative applications development and support for the",1,1028717.86,1.0,68.86
USASPENDING_V1,USA,Document / data processing,561110,base year labor for option contract,1,504028.4,1.0,68.86
USASPENDING_V1,USA,Document / data processing,333314,leica stellaris <n> laser scanning confocal and fluorescence lifetime microscope,1,722551.39,1.0,68.86
USASPENDING_V1,USA,Document / data processing,927110,"specific topic sf<n>-d<n> terasense, inc: the scope of this effort is to develop and deliver modex, our next-generation ",1,1800038.53,1.0,68.86
USASPENDING_V1,USA,Document / data processing,518210,this task order is for electronic records and information management support services for the student and exchange visit,1,1021811.7,1.0,68.86
USASPENDING_V1,USA,Document / data processing,541511,digitize msha paper-based temporary files.,1,785680.55,1.0,68.86
USASPENDING_V1,USA,Document / data processing,561110,goodwill eopf backscanning,1,1852562.67,1.0,68.86
USASPENDING_V1,USA,Document / data processing,541519,vha visn <n> medicine reconciliation tool,1,1395042.45,1.0,68.86
USASPENDING_V1,USA,Document / data processing,561720,custodial & related services for the national archives and records administration (nara) warehouse building located at <,1,664059.99,1.0,68.86
USASPENDING_V1,USA,Document / data processing,541990,mail services staffing support,1,1946333.23,1.0,68.86
USASPENDING_V1,USA,Document / data processing,541611,"department of justice, executive office for united states trustees (eoust) program professional services support (accoun",1,1147560.0,1.0,68.86
USASPENDING_V1,USA,Document / data processing,541620,lonestar army ammunition plant (lsaap) records management system,1,855936.0,1.0,68.86
USASPENDING_V1,USA,Document / data processing,541512,support for the records & information management (rim) office,1,1082248.0,1.0,68.86
USASPENDING_V1,USA,Document / data processing,493110,patient medical records storage and scanning,1,880786.62,1.0,68.86
USASPENDING_V1,USA,Document / data processing,813312,"white oak natural resources&w ildlife management plan services, located at the federal research center(frc), <n> new ham",1,610015.02,1.0,68.86
USASPENDING_V1,USA,Document / data processing,541611,forms management support,1,1342049.95,1.0,68.86
USASPENDING_V1,USA,Document / data processing,484210,archive relocation services,1,792064.33,1.0,68.86
USASPENDING_V1,USA,Document / data processing,334516,carl zeiss lattice sim <n> laser scanning structured illumination super-resolution light microscope and associated suppl,1,771710.39,1.0,68.86
USASPENDING_V1,USA,Document / data processing,541990,the executive secretariat (<n>) has a requirement for contract support services to assist in the records management and ,1,1742797.64,1.0,68.86
USASPENDING_V1,USA,Document / data processing,541511,electronic document management.,1,1985318.4,1.0,68.86
USASPENDING_V1,USA,Document / data processing,561990,records management support.,1,980799.23,1.0,68.86
USASPENDING_V1,USA,Document / data processing,541519,records management support - base,1,1533157.52,1.0,68.86
USASPENDING_V1,USA,Document / data processing,493110,new contract award for records management services. the period of performance is from <n>/<n>/<n> to <n>/<n>/<n>.,1,1991746.29,1.0,68.86
USASPENDING_V1,USA,Document / data processing,541511,nossp,1,549480.84,1.0,68.86
USASPENDING_V1,USA,Document / data processing,541611,non personal services to include managing the central file unit (cfu) which supports rd records management activities at,1,651790.16,1.0,68.86
USASPENDING_V1,USA,Document / data processing,561499,litigation hold release destruction/transfer clean up project,1,1050793.3,1.0,68.86
USASPENDING_V1,USA,Document / data processing,541330,"this effort will focus on establishing interface standards, integrating a cobot arm and mobile base with ares, and demon",1,1300000.0,1.0,68.86
USASPENDING_V1,USA,Document / data processing,518210,igf::ot::igf for other functions - real estate web-based services,1,652207.5,1.0,68.86
USASPENDING_V1,USA,Document / data processing,518210,"records management, storing, and destruction for the department of education",1,1343357.72,1.0,68.86
USASPENDING_V1,USA,Document / data processing,541990,acquisition support services,1,1325265.64,1.0,68.86
USASPENDING_V1,USA,Document / data processing,541611,the purpose of this contract is to provide shredding and scanning services.,1,733442.29,1.0,68.86
USASPENDING_V1,USA,Document / data processing,561110,administrative and document management services,1,1058864.51,1.0,68.86
USASPENDING_V1,USA,Document / data processing,519120,base period - wdmet archival scanning - paper records,1,1578884.03,1.0,68.86
USASPENDING_V1,USA,Document / data processing,333298,"igf::ot::igf file storage, scanning, and indexing services",1,1823096.9,1.0,68.86
USASPENDING_V1,USA,Document / data processing,541611,records management and knowledge management support services,1,1830192.6,1.0,68.86
USASPENDING_V1,USA,Document / data processing,541512,scanning isso services,1,969273.6,1.0,68.86
USASPENDING_V1,USA,Document / data processing,561410,document support services,1,1123930.08,1.0,68.86
USASPENDING_V1,USA,Document / data processing,541611,call order for cui implementation support services for oms under bpa <n>herc<n>a<n>,1,722365.48,1.0,68.86
USASPENDING_V1,USA,Document / data processing,334516,purchase of tescan mira<n> scanning electron microscope for automated particle analysis,1,655369.0,1.0,68.86
USASPENDING_V1,USA,Document / data processing,334516,purchase of cryogenic focused ion beam scanning electron microscope - aquilos <n> microscope and components,1,1559377.0,1.0,68.86
USASPENDING_V1,USA,Document / data processing,541611,administrative labor support for national personnel records center (nprc) military personnel records facility,1,1625722.44,1.0,68.86
USASPENDING_V1,USA,Document / data processing,541715,"compact high channel count high speed digitizing, processing, and storage system for (sal) and (sar)",1,748305.96,1.0,68.86
USASPENDING_V1,USA,Document / data processing,541611,records management.,1,1747984.0,1.0,68.86
USASPENDING_V1,USA,Document / data processing,561720,eo<n>: modification to implement covid-<n> safety protocols at the federal archives and records center located in chicag,1,548860.75,1.0,68.86
USASPENDING_V1,USA,Document / data processing,541715,scanning uv mirror (suvm) assemblies and rfbr assessment services,1,651460.07,1.0,68.86
USASPENDING_V1,USA,Document / data processing,561110,information management services - base records management,1,1945657.68,1.0,68.86
USASPENDING_V1,USA,Document / data processing,541990,funding for third party quality control. contractor will qc scanning contractor digitized records prior to ingestion int,1,1165843.2,1.0,68.86
USASPENDING_V1,USA,Document / data processing,561110,records management services,1,572888.87,1.0,68.86
USASPENDING_V1,USA,Document / data processing,541512,security operations and web application scanning specialists,1,813306.84,1.0,68.86
USASPENDING_V1,USA,Document / data processing,334516,procurement of a variable pressure field emission scanning electron microscope system for nist el,1,629889.0,1.0,68.86
USASPENDING_V1,USA,Document / data processing,493190,records retention and retrieval services,1,579096.47,1.0,68.86
USASPENDING_V1,USA,Document / data processing,541611,child and family data archive,1,1543435.0,1.0,68.86
USASPENDING_V1,USA,Document / data processing,334515,plasma-focused ion beam scanning electron microscope (fib-sem),1,1938545.7,1.0,68.86
USASPENDING_V1,USA,Document / data processing,493190,"office of criminal investigations evidence storage, transportation, disposal contract",1,777538.31,1.0,68.86
USASPENDING_V1,USA,Document / data processing,519120,archive clerk services,1,752332.0,1.0,68.86
USASPENDING_V1,USA,Document / data processing,541519,electronic records management solicition,1,1750637.31,1.0,68.86
USASPENDING_V1,USA,Document / data processing,611430,records management training and recorded narration,1,541660.22,1.0,68.86
USASPENDING_V1,USA,Document / data processing,518210,enrollment services and vetting programs (esvp) document management services (dms),1,1378722.97,1.0,68.86
USASPENDING_V1,USA,Document / data processing,561990,"this contract for mailroom services at the archives i, ii, federal register, and suitland is hereby issued with a period",1,1617645.87,1.0,68.86
USASPENDING_V1,USA,Document / data processing,333314,scanning electron microscope (sem),1,669157.62,1.0,68.86
USASPENDING_V1,USA,Document / data processing,541519,nal public access metadata support services,1,510873.6,1.0,68.86
USASPENDING_V1,USA,Document / data processing,517312,treasury departmental offices at&t firstnet wireless service. covid-<n>,1,873072.37,1.0,68.86
USASPENDING_V1,USA,Document / data processing,334111,electronic records management (erm) system licensing contract - micro focus enterprise content manager (formerly hewlett,1,727455.72,1.0,68.86
USASPENDING_V1,USA,Document / data processing,561720,"janitorial services to be preformed at the federal archives record center <n> s. pulaski road, chicago, il <n>.",1,514643.72,1.0,68.86
USASPENDING_V1,USA,Document / data processing,518210,"direct <n>(a) award of a <n>-month, firm fixed price (ffp) contract for the food and drug administration (fda), human fo",1,859066.9,1.0,68.86
USASPENDING_V1,USA,Document / data processing,541519,"efast pa <n>-<n>-nv, case and document management system (cdms)",1,1173463.14,1.0,68.86
USASPENDING_V1,USA,Document / data processing,541611,operation and support of the ctep pio,1,1627005.0,1.0,68.86
USASPENDING_V1,USA,Document / data processing,541611,litigation support services,1,749000.0,1.0,68.86
USASPENDING_V1,USA,Document / data processing,334516,this requirement is for a variable pressure environmental scanning electron microscope system for the <n> mxss/mxdtac at,1,643628.0,1.0,68.86
USASPENDING_V1,USA,Document / data processing,518210,document management system and services,1,720073.04,1.0,68.86
USASPENDING_V1,USA,Document / data processing,541611,records management analyst,1,1271401.68,1.0,68.86
USASPENDING_V1,USA,Document / data processing,541611,to contract for fra records management support services for inventorying and disposing paper records to comply with omb ,1,783264.0,1.0,68.86
USASPENDING_V1,USA,Document / data processing,493110,"call provides records storage,digital scanning,scanning quality assurance & control,secure records disposition,transport",1,1494071.32,1.0,68.86
USASPENDING_V1,USA,Document / data processing,561110,"administrative, records management, and mailroom support services for the nnsa los alamos field office.",1,811168.0,1.0,68.86
USASPENDING_V1,USA,Document / data processing,493110,"record scanning, indexing, web repository",1,611114.35,1.0,68.86
USASPENDING_V1,USA,Document / data processing,541715,"r&d, subcontractor, & odcs investigating noise with scanning probes to enhance the coherence of transoms",1,1892208.0,1.0,68.86
USASPENDING_V1,USA,Document / data processing,519190,information and records management (irm) policy and compliance support,1,1347327.16,1.0,68.86
USASPENDING_V1,USA,Document / data processing,511210,va law enforcement training center police records management system,1,700750.05,1.0,68.86
USASPENDING_V1,USA,Document / data processing,541519,it concepts will provide services to the office of ceser for it support services and records management.,1,1433472.0,1.0,68.86
USASPENDING_V1,USA,Document / data processing,541620,fuds records management contract,1,799505.28,1.0,68.86
USASPENDING_V1,USA,Document / data processing,334516,the acquisition of one (<n>) carl zeiss lsm <n> airyscan <n> laser scanning confocal microscope system,1,733050.7,1.0,68.86
USASPENDING_V1,USA,Document / data processing,541620,oehe dsfc gis support,1,630599.9,1.0,68.86
USASPENDING_V1,USA,Document / data processing,493110,shredding services and offsite storage,1,1032591.73,1.0,68.86
USASPENDING_V1,USA,Document / data processing,541519,it security support services fy <n>,1,1293043.74,1.0,68.86
USASPENDING_V1,USA,Document / data processing,541990,csda program: maxar evaluation <n> task for legion archive imagery data,1,1000000.0,1.0,68.86
USASPENDING_V1,USA,Document / data processing,518210,him bpa to scanning services,1,650010.0,1.0,68.86
USASPENDING_V1,USA,Document / data processing,541519,web scanning and source code scanning tools,1,520718.29,1.0,68.86
USASPENDING_V1,USA,Web / digital,334517,"this delivery order is issued against the indefinite delivery, indefinite quantity contract <n>b<n>c<n>d<n>.this order s",3,8408290.0,3.0,68.48
USASPENDING_V1,USA,Web / digital,334517,"this delivery order is issued against the indefinite delivery, indefinite quantity contract <n>b<n>c<n>d<n> for non-intr",1,7774499.0,3.0,68.48
USASPENDING_V1,USA,Web / digital,541511,the purpose of this contract is to provide education stabilization fund (esf) transparency portal (ed-esftp) support ser,1,3226115.08,2.0,68.48
USASPENDING_V1,USA,Web / digital,541611,"the goal is to support dsseo team with the outreach, education and agent/broker engagement efforts",1,23528356.42,3.0,68.48
USASPENDING_V1,USA,Language / transcription,493120,management and support of an archives and repository contract for the national toxicology program (ntp) and the national,1,13653684.0,2.0,68.48
USASPENDING_V1,USA,Web / digital,541330,efast procurement action #: <n>-<n> for nas security and enterprise operations (naseo) directorate support services,1,56280603.77,2.0,68.48
USASPENDING_V1,USA,Web / digital,541611,portal build-release <n>-<n> spt-per sprint,1,2463925.07,2.0,68.48
USASPENDING_V1,USA,Web / digital,334517,this delivery order is for multi- energy portals.,1,128444256.12,3.0,68.48
USASPENDING_V1,USA,Web / digital,541330,the united states coast guard (uscg) requires program and contract closeout support services for the chiefs of contracti,1,8147091.34,3.0,68.48
USASPENDING_V1,USA,Web / digital,D399,closeout,1,2226423.91,2.0,68.48
USASPENDING_V1,USA,Web / digital,541519,the comptroller services portal csp,1,8110857.54,3.0,68.48
USASPENDING_V1,USA,Web / digital,541715,censeo,1,4773985.0,2.0,68.48
USASPENDING_V1,USA,Web / digital,541330,efast <n>-<n>-cs nas defense programs (ndp) support in support of nas security and enterprise operations (naseo),1,6120286.94,2.0,68.48
USASPENDING_V1,USA,Web / digital,541511,ace portal support services task order under cbp's ebmss bpa,1,29674064.54,2.0,68.48
USASPENDING_V1,USA,Web / digital,541519,itss ii - vmap - vegetation management action portal,1,6329375.62,3.0,68.48
USASPENDING_V1,USA,Web / digital,325120,delivery order for gaseous helium required for stennis space center (ssc) as described on kennedy space center's (ksc's),1,49432236.04,2.0,68.48
USASPENDING_V1,USA,Web / digital,541611,closeout and obligation processing support services.,1,2522884.19,3.0,68.48
USASPENDING_V1,USA,Web / digital,334517,this delivery order is issued against idiq contract <n>b<n>c<n>d<n> for multi energy portals.,1,27644287.12,3.0,68.48
USASPENDING_V1,USA,Web / digital,334517,"multi-energy portal (mep) system for port of buffalo, peace bridge",1,7707546.0,3.0,68.48
USASPENDING_V1,USA,Web / digital,237990,rm<n>-<n> dd<n> portal crane rail repairs,1,20785970.0,2.0,68.48
USASPENDING_V1,USA,Web / digital,333923,"<n>-ton portal crane overhaul, trf, kings bay, ga",1,3895517.0,2.0,68.48
USASPENDING_V1,USA,Web / digital,541611,pks-hill-williams-afsts amc kmp portal,1,28196848.0,3.0,68.48
USASPENDING_V1,USA,Web / digital,541611,support of the onearc program to build and maintain functionality within the onearc portal.,1,5651097.76,3.0,68.48
USASPENDING_V1,USA,Web / digital,541990,logistics support (nseod supply),1,9088351.25,2.0,68.48
USASPENDING_V1,USA,Web / digital,333923,"<n> ton portal crane, psnsy",1,348501960.0,2.0,68.48
USASPENDING_V1,USA,Web / digital,541611,"to provide grants management support for grant programs, pre-award, award, post-award and closeout phases of the grants ",1,4463995.4,2.0,68.48
USASPENDING_V1,USA,Web / digital,334517,this delivery order is for multi - energy portals.,1,186433309.12,3.0,68.48
USASPENDING_V1,USA,Web / digital,334517,low energy portal for gordie howe international bridge location.,1,10727100.0,2.0,68.48
USASPENDING_V1,USA,Web / digital,541711,"this task order is for the development of a protocol, clinical trial implementation, closeout and analysis of a phase <n",1,8820522.74,3.0,68.48
USASPENDING_V1,USA,Web / digital,541611,standard application process (sap) portal,1,3610801.0,3.0,68.48
USASPENDING_V1,USA,Web / digital,236220,mc site support for relocatable mass properties facility afseo,1,2015247.69,2.0,68.48
USASPENDING_V1,USA,Web / digital,541519,mission analytics portal (map) phase <n> project for data analytics project,1,2998486.12,3.0,68.48
USASPENDING_V1,USA,Web / digital,541512,no cost extension to the grex enhancement: portal to tempo migration  ~~~~~~~~~~~~~~~~~~~~~~~~~~~~~~~~~~~~~~~~~~~~~~~~~~,1,11151819.13,2.0,68.48
USASPENDING_V1,USA,Web / digital,541330,epr portal support,1,4533179.73,2.0,68.48
USASPENDING_V1,USA,Web / digital,541611,contract closeout services,2,416036.055,1.0,68.2
USASPENDING_V1,USA,Web / digital,541611,contract closeout support services,5,3900806.4,1.0,68.148
USASPENDING_V1,USA,Consulting / research / audit,541715,sbir phase iii,3,7700000.0,1.0,68.08
USASPENDING_V1,USA,Consulting / research / audit,541715,rif research and development,2,2735414.83,1.0,68.08
USASPENDING_V1,USA,Consulting / research / audit,336992,arv-<n> prototype vehicle procurement.,2,20851656.759999998,1.0,68.08
USASPENDING_V1,USA,Consulting / research / audit,541715,"award against baa w<n>kgu<n>rpn<n>, topic <n>, technologies for navigation warfare applications",2,5910244.975,1.0,68.08
USASPENDING_V1,USA,Consulting / research / audit,541715,nadacs support,2,20718662.630000003,1.0,68.08
USASPENDING_V1,USA,Consulting / research / audit,541611,implementation of the hedis medicare health outcomes survey,2,4096007.5,1.0,68.08
USASPENDING_V1,USA,Consulting / research / audit,541715,<n> systematic evidence reviews to support the uspstf - group a,2,2623885.41,1.0,68.08
USASPENDING_V1,USA,Consulting / research / audit,541715,support services,2,4469242.14,1.0,68.08
USASPENDING_V1,USA,Consulting / research / audit,541715,thrust measurement system,2,7402903.085,1.0,68.08
USASPENDING_V1,USA,Consulting / research / audit,561110,"sbir/sttr support services to the department of energy (doe), small business innovation research (sbir) and small busine",2,3575396.1499999994,1.0,68.08
USASPENDING_V1,USA,Consulting / research / audit,541715,<n> systematic evidence reviews to support the u.s. preventive services task force - group a,2,2458203.5,1.0,68.08
USASPENDING_V1,USA,Consulting / research / audit,541330,cet <n>-<n> new task order,2,6561041.38,1.0,68.08
USASPENDING_V1,USA,Consulting / research / audit,541620,igf::ot::igf  environmental health services,2,5386160.875,1.0,68.08
USASPENDING_V1,USA,Consulting / research / audit,541712,supplies and services,2,21500197.155,1.0,68.08
USASPENDING_V1,USA,Consulting / research / audit,541715,see attachment <n> - sow,2,7755650.71,1.0,68.08
USASPENDING_V1,USA,Consulting / research / audit,541330,the advanced technology support program (atsp) contract acquires progressive microelectronic capability solutions for re,2,3905112.5,1.0,68.08
USASPENDING_V1,USA,Consulting / research / audit,541720,"the purpose of this contract is to obtain survey instrument administration, training, analysis, and scoring support for ",2,7826819.5,1.0,68.08
USASPENDING_V1,USA,Consulting / research / audit,541715,"technical analysis for the department of the army search, track, acquire, radiate, eliminate project office and program ",2,129481959.0,1.0,68.08
USASPENDING_V1,USA,Consulting / research / audit,541512,"business analysis, application, program and project support services (baps)",2,3163123.66,1.0,68.08
USASPENDING_V1,USA,Consulting / research / audit,541715,science and technology for autonomous teammates (stat),2,10846622.5,1.0,68.08
USASPENDING_V1,USA,Consulting / research / audit,541710,<n>-<n>-<n> and (&) <n>-<n>-<n> aids research phfe,2,21313807.5,1.0,68.08
USASPENDING_V1,USA,Consulting / research / audit,541715,research and development (r&d),2,2809005.6399999997,1.0,68.08
USASPENDING_V1,USA,Consulting / research / audit,541715,sub-zero li-ion battery technology development - high power and energy defense energy storage for space systems,1,2173884.0,1.0,68.08
USASPENDING_V1,USA,Consulting / research / audit,541712,bioeffects and standards,1,9660826.0,1.0,68.08
USASPENDING_V1,USA,Consulting / research / audit,541380,study of e-cigarette aerosol toxicity in in vivo nonclinical models.,1,38812828.5,1.0,68.08
USASPENDING_V1,USA,Consulting / research / audit,541715,"topic af<n>-dcso<n>, proposal f<n>s-<n>, sequential phase ii small business innovation research (sbir) - odin artificial",1,2999411.0,1.0,68.08
USASPENDING_V1,USA,Consulting / research / audit,541714,application of smart data analytics for biomanufacturing - baa pmqwp <n>,1,5000001.0,1.0,68.08
USASPENDING_V1,USA,Consulting / research / audit,541990,expert advisory it and acq support,1,69949073.02,1.0,68.08
USASPENDING_V1,USA,Consulting / research / audit,541715,star - autonomous nuclear tritium sensor (ants),1,7274983.0,1.0,68.08
USASPENDING_V1,USA,Consulting / research / audit,519290,"computer assisted legal research iaw attachment <n>, statement of requirement. lexisnexis revised proposal dated <n> mar",1,3105811.36,1.0,68.08
USASPENDING_V1,USA,Consulting / research / audit,541715,asynchronous imaging detector,1,2124158.0,1.0,68.08
USASPENDING_V1,USA,Consulting / research / audit,541715,base odam task <n> and task <n>,1,4944145.0,1.0,68.08
USASPENDING_V1,USA,Consulting / research / audit,541690,"scientific research, eo<n>",1,8998551.0,1.0,68.08
USASPENDING_V1,USA,Consulting / research / audit,541715,labor - one (<n>) year base,1,2569469.0,1.0,68.08
USASPENDING_V1,USA,Consulting / research / audit,541715,manufacturing advances in the scaling of thin electro-optic resources for making integrated niobate devices (mastermind),1,3855604.0,1.0,68.08
USASPENDING_V1,USA,Consulting / research / audit,541715,"stealthy, autonomous, propeller-less, agile (sapa) vehicle for mine countermeasures",1,5215869.0,1.0,68.08
USASPENDING_V1,USA,Consulting / research / audit,541330,operations and maintenance of mongolian arrays and support of research and development studies.,1,7233456.1,1.0,68.08
USASPENDING_V1,USA,Consulting / research / audit,541519,"labor hour award center for drug evaluation and research (cder) - office of computational science (ocs) scientific, tech",1,3211741.93,1.0,68.08
USASPENDING_V1,USA,Consulting / research / audit,541715,airborne systems integration division sensitive compartmented information operational support research and development,1,29187058.0,1.0,68.08
USASPENDING_V1,USA,Consulting / research / audit,325414,"development of mrna vaccine to licensure for the prevention of covid-<n>. clin <n> - pre-award cost, clin <n> - developm",1,1754345480.45,1.0,68.08
USASPENDING_V1,USA,Consulting / research / audit,541715,aerial delivery research and development baa,1,8142449.97,1.0,68.08
USASPENDING_V1,USA,Consulting / research / audit,611710,igf::ot::igf research program,1,6685789.55,1.0,68.08
USASPENDING_V1,USA,Consulting / research / audit,541715,next-generation hall thruster study (nghts),1,26609026.66,1.0,68.08
USASPENDING_V1,USA,Consulting / research / audit,541611,evaluation of the tobacco regulatory science research portfolio,1,2805176.19,1.0,68.08
USASPENDING_V1,USA,Consulting / research / audit,541720,medicare part d claims analyses,1,4719848.0,1.0,68.08
USASPENDING_V1,USA,Consulting / research / audit,541512,non-personal services,1,5193082.0,1.0,68.08
USASPENDING_V1,USA,Consulting / research / audit,541715,isa&i study program,1,4806103.0,1.0,68.08
USASPENDING_V1,USA,Consulting / research / audit,541519,it subscription and consulting support services,1,54202505.55,1.0,68.08
USASPENDING_V1,USA,Consulting / research / audit,541715,environmentally adaptive geospatial learning and exploitation (eagle),1,13335149.0,1.0,68.08
USASPENDING_V1,USA,Consulting / research / audit,541611,national center of excellence for patient-centered outcomes research data,1,9177022.84,1.0,68.08
USASPENDING_V1,USA,Consulting / research / audit,541712,nuclear capabilities services,1,57103304.0,1.0,68.08
USASPENDING_V1,USA,Consulting / research / audit,541715,"fcs-p<n>-cr. if more information is needed, please contact the co directly.",1,3249267.0,1.0,68.08
USASPENDING_V1,USA,Consulting / research / audit,541712,igf::ot::igf naval aviation logistics it solutions naval air systems command aviation readiness and resource analysis de,1,31163604.0,1.0,68.08
USASPENDING_V1,USA,Consulting / research / audit,541618,organizational modernization support for dod healthcare management system modernization program office.,1,12280022.43,1.0,68.08
USASPENDING_V1,USA,Consulting / research / audit,541715,sbir phase iii effort - identify and predict deterioration and failure of transparent armor,1,11053000.0,1.0,68.08
USASPENDING_V1,USA,Consulting / research / audit,541712,igf::ot::igf silicon carbide vertical jfet power electronics for mea,1,20694037.0,1.0,68.08
USASPENDING_V1,USA,Consulting / research / audit,541715,igf::ot::igf research&development,1,2999998.0,1.0,68.08
USASPENDING_V1,USA,Consulting / research / audit,541611,"oversight of state performance - federal and state survey/certification and technical assistance to state agencies,",1,36112340.52,1.0,68.08
USASPENDING_V1,USA,Consulting / research / audit,541611,this contract is to provide cpi with support within medicare part c radv activities support program integrity efforts fo,1,33535052.79,1.0,68.08
USASPENDING_V1,USA,Consulting / research / audit,541714,"inv-<n> for the treatment of mustard gas keratopathy under baa-<n>-<n>-sol-<n>, area of interest <n>.<n>.",1,38965983.0,1.0,68.08
USASPENDING_V1,USA,Consulting / research / audit,541715,large format high dynamic range lwir solution for airborne,1,2349948.0,1.0,68.08
USASPENDING_V1,USA,Consulting / research / audit,541715,"small business innovation research (sbir) iii titled ""wide area persistent surveillance hostile fire and unmanned aerial",1,12514788.01,1.0,68.08
USASPENDING_V1,USA,Consulting / research / audit,541720,leveraging real-world data (rwd) to investigate the natural history of rare cancers treated in the us community oncology,1,2949902.0,1.0,68.08
USASPENDING_V1,USA,Consulting / research / audit,541715,new contract for air cargo lrbaa high-density cargo scanner,1,2876625.73,1.0,68.08
USASPENDING_V1,USA,Consulting / research / audit,541715,systematic evidence reviews to support the uspstf - <n> topic buy (group b),1,2510740.0,1.0,68.08
USASPENDING_V1,USA,Consulting / research / audit,541710,<n>!<n>!<n>!cz<n>  !smc/pkj los angeles afb         !f<n>c<n>  !a!n! !n!                   !<n>!<n>!<n>!<n>!<n>!n!lockhe,1,7293203067.99,1.0,68.08
USASPENDING_V1,USA,Consulting / research / audit,541715,sbir phase iii for research and development of gun launched interceptors,1,9199345.0,1.0,68.08
USASPENDING_V1,USA,Consulting / research / audit,541512,digital first ecosystem scaling effort,1,8536500.0,1.0,68.08
USASPENDING_V1,USA,Consulting / research / audit,541715,advanced materials and processes,1,60246930.67,1.0,68.08
USASPENDING_V1,USA,Consulting / research / audit,519120,us epa at rtp research library services,1,14001536.47,1.0,68.08
USASPENDING_V1,USA,Consulting / research / audit,541715,multiple engagement technologies,1,6247070.0,1.0,68.08
USASPENDING_V1,USA,Consulting / research / audit,541715,the purpose of this pr is to fund a new small business innovative research (sbir) to expand the innovations developed in,1,2249156.33,1.0,68.08
USASPENDING_V1,USA,Consulting / research / audit,541712,igf::ot::igf  r&d airdrop mission planning,1,4927612.03,1.0,68.08
USASPENDING_V1,USA,Consulting / research / audit,336415,hall effect thruster capability study,1,4718222.0,1.0,68.08
USASPENDING_V1,USA,Consulting / research / audit,541715,creating human agents for simulation environments (chase) research & development contract for imitation learning (il) co,1,2469839.0,1.0,68.08
USASPENDING_V1,USA,Consulting / research / audit,541715,high velocity erosion (hive) system,1,5336695.0,1.0,68.08
USASPENDING_V1,USA,Consulting / research / audit,541715,ukraine. provide continued research and development to the casualty care assessment of russo-ukraine war.,1,3972973.92,1.0,68.08
USASPENDING_V1,USA,Consulting / research / audit,541715,eo<n>  euvst - phase b,1,33759708.0,1.0,68.08
USASPENDING_V1,USA,Consulting / research / audit,541611,to award a research data assistance center (resdac) contract with a base year and four additional option years.,1,18344014.0,1.0,68.08
USASPENDING_V1,USA,Consulting / research / audit,541512,deia consulting,1,2100164.11,1.0,68.08
USASPENDING_V1,USA,Consulting / research / audit,541712,igf::ot::igf <n>-<n>c-<n> atmospheric aerosol prediction and applications research and development,1,10079916.73,1.0,68.08
USASPENDING_V1,USA,Consulting / research / audit,541715,sbir phase iii nano electro fuel (nef) flow battery,1,4000000.0,1.0,68.08
USASPENDING_V1,USA,Consulting / research / audit,541712,cambridge,1,41152370.0,1.0,68.08
USASPENDING_V1,USA,Consulting / research / audit,541620,archeological surveys for castle and windy fires.,1,6973410.4,1.0,68.08
USASPENDING_V1,USA,Consulting / research / audit,541715,"advanced computational analysis used to identify, defeat, and assess weapons of mass destruction",1,12627887.58,1.0,68.08
USASPENDING_V1,USA,Consulting / research / audit,541712,tfast phase iii,1,2953066.0,1.0,68.08
USASPENDING_V1,USA,Consulting / research / audit,541715,real-time analysis of biosecurity threats from sequencing (rabits),1,3954029.1,1.0,68.08
USASPENDING_V1,USA,Consulting / research / audit,541715,"development, maturation, and integration of technology for artificial intelligence (ai)-assisted targeting, rapid fires ",1,18281478.92,1.0,68.08
USASPENDING_V1,USA,Consulting / research / audit,541714,wake forest - organ tissue equivalent (ote) platform for vaccine testing,1,8994720.27,1.0,68.08
USASPENDING_V1,USA,Consulting / research / audit,541715,"to improve the collection, synthesis, and visualization of data in order to gain enhanced situational awareness and deci",1,6596415.93,1.0,68.08
USASPENDING_V1,USA,Consulting / research / audit,541715,teancity proposal was submitted in response to baa-w<n>kgu<n>r<n>,1,28530551.9,1.0,68.08
USASPENDING_V1,USA,Consulting / research / audit,541715,risk reduction though improved train makeup and train handling long-trains,1,3363768.36,1.0,68.08
USASPENDING_V1,USA,Consulting / research / audit,541712,igf::ot::igf - statistical and data coordinating center for clinical research in infectious diseases(sdcc),1,104207594.33,1.0,68.08
USASPENDING_V1,USA,Consulting / research / audit,541715,ithaqua ta<n>,1,4258817.0,1.0,68.08
USASPENDING_V1,USA,Consulting / research / audit,541715,advanced integrated motor manufacturing,1,129494248.0,1.0,68.08
USASPENDING_V1,USA,Consulting / research / audit,541715,elastomeric inspection study,1,2739926.55,1.0,68.08
USASPENDING_V1,USA,Consulting / research / audit,541715,"sbir ph iii topic n<n>-<n>, modeling algorithms for unmanned weapons management systems",1,2370001.17,1.0,68.08
USASPENDING_V1,USA,Consulting / research / audit,541715,hispanic community health study - study of latinos (hchs-sol) san diego field center - task area a - core study operatio,1,3070153.0,1.0,68.08
USASPENDING_V1,USA,Consulting / research / audit,541715,highly electrified aircraft resilient power systems,1,4303386.0,1.0,68.08
USASPENDING_V1,USA,Consulting / research / audit,541990,base year labor- mem fuzing and technology,1,2055381.31,1.0,68.08
USASPENDING_V1,USA,Consulting / research / audit,541715,research and development (base effort),1,12794148.0,1.0,68.08
USASPENDING_V1,USA,Consulting / research / audit,541990,"project management, business advisory, and decision support services",1,17066260.04,1.0,68.08
USASPENDING_V1,USA,Consulting / research / audit,541715,"centers for disease control and prevention   professional, technical, scientific, epidemiological and public health supp",1,5410619.13,1.0,68.08
USASPENDING_V1,USA,Consulting / research / audit,541712,groundshock services,1,7737610.78,1.0,68.08
USASPENDING_V1,USA,Consulting / research / audit,541330,"new task order for research, development & acquisition support office (rdaso) support services to the u.s. army medical ",1,7957122.21,1.0,68.08
USASPENDING_V1,USA,Consulting / research / audit,541715,"research, development, technical analysis, prototyping, and fabrication of integrated circuits (ics).",1,18457663.0,1.0,68.08
USASPENDING_V1,USA,Consulting / research / audit,541611,small area estimation and geospatial analysis for older americans act programs,1,2999897.0,1.0,68.08
USASPENDING_V1,USA,Consulting / research / audit,541519,ncats research services core (rsc) limited specialized scientific services,1,2898476.64,1.0,68.08
USASPENDING_V1,USA,Consulting / research / audit,541712,igf::ot::igf - award: support for the conduct of studies to evaluate the toxicologic potential of select test agents for,1,28097984.95,1.0,68.08
USASPENDING_V1,USA,Consulting / research / audit,541714,"barda will implement a randomized, double-blind, placebo-controlled, multicenter phase <n> trial in the us to evaluate t",1,117399278.0,1.0,68.08
USASPENDING_V1,USA,Consulting / research / audit,541715,misr-d satellite-payload ait,1,13500000.0,1.0,68.08
USASPENDING_V1,USA,Consulting / research / audit,541715,research and development of micro- light-emitting-diodes based ultraviolet scene technology (must) prototype,1,3312005.73,1.0,68.08
USASPENDING_V1,USA,Consulting / research / audit,541611,consumer assessment of health plans cahps   ma and ma-pds ffs and pdps   national implementation of the ma and pdp cahps,1,30092608.0,1.0,68.08
USASPENDING_V1,USA,Consulting / research / audit,541330,the advanced technology support program (atsp) contract acquires progressive microelectronic capability solutions for de,1,2207600.0,1.0,68.08
USASPENDING_V1,USA,Consulting / research / audit,AZ12,r&d,1,3165626.6,1.0,68.08
USASPENDING_V1,USA,Consulting / research / audit,541611,bay-delta office (bdo) reinitiation of consultation on the long-term operation of the central valley project and state w,1,15549235.0,1.0,68.08
USASPENDING_V1,USA,Consulting / research / audit,541712,prototyping integration facility (pif),1,39336619.28,1.0,68.08
USASPENDING_V1,USA,Consulting / research / audit,511210,saturn sky,1,67216504.0,1.0,68.08
USASPENDING_V1,USA,Consulting / research / audit,541690,baa - anema progarm,1,2169031.53,1.0,68.08
USASPENDING_V1,USA,Consulting / research / audit,541715,e<n> low cost power panels ara baa,1,25200503.0,1.0,68.08
USASPENDING_V1,USA,Consulting / research / audit,541712,vision science task order,1,6335688.0,1.0,68.08
USASPENDING_V1,USA,Consulting / research / audit,541711,igf::ot::igf hologic - the base period of the contract will support development of a blood-screening assay for the detec,1,3714953.81,1.0,68.08
USASPENDING_V1,USA,Consulting / research / audit,541715,small business innovative research sbir phase iii mentis sciences proposal msi <n>-<n> for hypersonic radome and apertur,1,3271904.0,1.0,68.08
USASPENDING_V1,USA,Consulting / research / audit,541715,small business innovative research (sbir) ph iii maturation of the vr<n>k-a advanced upper stage engine,1,22605083.25,1.0,68.08
USASPENDING_V1,USA,Consulting / research / audit,541519,operational readiness assessment audit services to evaluate and communicate on organizational readiness for oracle healt,1,7095652.64,1.0,68.08
USASPENDING_V1,USA,Consulting / research / audit,541720,this data indicators project will provide detailed data reports about end stage renal disease (esrd) dialysis facilities,1,21803255.0,1.0,68.08
USASPENDING_V1,USA,Consulting / research / audit,541715,igf::ot::igf   probabilistic cognitive molecular computing processor (pcmcp)  darpa baa hr<n>s<n>,1,3471137.0,1.0,68.08
USASPENDING_V1,USA,Consulting / research / audit,334515,small business innovation research phase iii - rehost to the versatile depot automated test station (vdats),1,5600856.7,1.0,68.08
USASPENDING_V1,USA,Consulting / research / audit,541715,"sbir/sttr phase ii r&d:  weapon inspection, sustainment and recording device.",1,2636649.0,1.0,68.08
USASPENDING_V1,USA,Consulting / research / audit,541715,research & development for nrl space sciences division,1,60875884.8,1.0,68.08
USASPENDING_V1,USA,Consulting / research / audit,541715,new contract for exploitation of mesonets for emergency preparedness and response in weather extremes (empower) project.,1,2974413.0,1.0,68.08
USASPENDING_V1,USA,Consulting / research / audit,541990,igf::ot::igf sjogren's international collaborative clinical alliance (sicca) biorepository,1,2077380.35,1.0,68.08
USASPENDING_V1,USA,Consulting / research / audit,611430,health outreach and research to improve health equity for racial and ethnic minorities and tribal populations,1,3642262.16,1.0,68.08
USASPENDING_V1,USA,Consulting / research / audit,541715,technology for enhanced remote sensing and imaging (trai).  baa contract to blue halo labs.,1,4291108.59,1.0,68.08
USASPENDING_V1,USA,Consulting / research / audit,541715,space environment impacts on hf propagation-call <n> (mase),1,7794622.0,1.0,68.08
USASPENDING_V1,USA,Consulting / research / audit,541715,dragonfly,1,8783933.0,1.0,68.08
USASPENDING_V1,USA,Consulting / research / audit,492110,walter reed army institute of research (wrair) specimen shipping and supply management services,1,3672357.69,1.0,68.08
USASPENDING_V1,USA,Consulting / research / audit,541715,sbir/sttr phase ii r&d - advanced development of inception technologies for requirements management (adit-rm),1,2499603.56,1.0,68.08
USASPENDING_V1,USA,Consulting / research / audit,541714,veterinary medicine support services in support of us army medical research institute of infectious diseases,1,4204362.23,1.0,68.08
USASPENDING_V1,USA,Consulting / research / audit,541715,algorithm development for resilient on orbit image processing,1,8653279.0,1.0,68.08
USASPENDING_V1,USA,Consulting / research / audit,541714,"research and development- aoi #<n>+ seeking to manufacture and obtain regulatory approval for the cytotracker bv, a poin",1,2483472.0,1.0,68.08
USASPENDING_V1,USA,Consulting / research / audit,541715,science and technology for autonomous teammates,1,8894199.0,1.0,68.08
USASPENDING_V1,USA,Consulting / research / audit,R499,"<n>-<n>-<n>, <n>, <n> - tbtc study: case, texas, columbia",1,28962132.0,0.0,68.08
USASPENDING_V1,USA,Consulting / research / audit,541715,flyer one - towards digital-first airworthiness certification,1,28126362.79,1.0,68.08
USASPENDING_V1,USA,Consulting / research / audit,541330,"title: brian holloway- energy and materials technical support task #<n> for technical review, evaluations/assesment and ",1,2802558.83,1.0,68.08
USASPENDING_V1,USA,Consulting / research / audit,541715,intelligent collaborative&adaptive trusted transparent teaming interfaces (icat<n>i),1,24744743.0,1.0,68.08
USASPENDING_V1,USA,Consulting / research / audit,541611,feasibility study to determine replacement options for the vamc atlanta ga,1,2382533.22,1.0,68.08
USASPENDING_V1,USA,Consulting / research / audit,541715,"prospective, natural history study of sars cov-<n> infection in wake forest health care workers using innovative samplin",1,27273623.0,1.0,68.08
USASPENDING_V1,USA,Consulting / research / audit,541715,mk<n>a reentry vehicle technology maturation and risk reduction research and development,1,271095741.0,1.0,68.08
USASPENDING_V1,USA,Consulting / research / audit,541712,igf::ot::igf the population assessment of tobacco and health (path) study period of performance: <n>/<n>/<n>-<n>/<n>/<n>,1,505254551.54,1.0,68.08
USASPENDING_V1,USA,Consulting / research / audit,541712,support to naval surface warfare center (nswc) crane for sustainment and development of manned and unmanned airborne wea,1,42697001.0,1.0,68.08
USASPENDING_V1,USA,Consulting / research / audit,541715,site activation test and evaluation and sustainment in support of the underwater launch test capability program,1,76212567.0,1.0,68.08
USASPENDING_V1,USA,Consulting / research / audit,541712,igf::ot::igf  r&d guided airdrop,1,9481977.48,1.0,68.08
USASPENDING_V1,USA,Consulting / research / audit,541715,"new darpa baa contract for chase program, technical proposal titled, horus: hardening and orchestrating responses under ",1,3036899.18,1.0,68.08
USASPENDING_V1,USA,Consulting / research / audit,336413,tcs baseline development,1,41038683.98,1.0,68.08
USASPENDING_V1,USA,Consulting / research / audit,541715,sbir/sttr phase ii r&d - innovative integrated optical driver for ultra-low-loss imu miniaturization,1,2675326.0,1.0,68.08
USASPENDING_V1,USA,Consulting / research / audit,541712,research involving electromagnetic armor,1,2252029.78,1.0,68.08
USASPENDING_V1,USA,Consulting / research / audit,541715,scientific study,1,3612349.0,1.0,68.08
USASPENDING_V1,USA,Consulting / research / audit,541715,new baa contract for darpa chase program.,1,5763473.49,1.0,68.08
USASPENDING_V1,USA,Consulting / research / audit,485113,igf::ot::igf railway support and consulting services,1,3570071.71,1.0,68.08
USASPENDING_V1,USA,Consulting / research / audit,541715,transformational air mobility systems,1,2999918.0,1.0,68.08
USASPENDING_V1,USA,Consulting / research / audit,541511,award of disclosure avoidance research and implementation. <n>(a) direct award to knexus research corp.,1,2240809.1,1.0,68.08
USASPENDING_V1,USA,Consulting / research / audit,541712,igf::ct::igf  naval air systems command (navair) and united states (u.s.) army program executive office (peo) aviation c,1,45309783.0,1.0,68.08
USASPENDING_V1,USA,Consulting / research / audit,541715,d-hesl,1,8999837.0,1.0,68.08
USASPENDING_V1,USA,Consulting / research / audit,541990,technical assessment board army research laboratory (arl) and army research office (aro),1,4384710.0,1.0,68.08
USASPENDING_V1,USA,Consulting / research / audit,541715,"rapid assessment, maturation, prototyping, and transition of emerging structural technologies",1,368277973.0,1.0,68.08
USASPENDING_V1,USA,Consulting / research / audit,541519,small business innovation research (sbir) iii for military gears (milgears) expansion,1,10196129.23,1.0,68.08
USASPENDING_V1,USA,Consulting / research / audit,541690,sap consulting services for lmp,1,8393812.31,1.0,68.08
USASPENDING_V1,USA,Consulting / research / audit,541330,"cet <n>-<n>, relocatable over-the-horizon radar (rothr) puerto rico antenna (prant) upgrade",1,17598569.0,1.0,68.08
USASPENDING_V1,USA,Consulting / research / audit,541715,sbir phase iii proposal entitled low-cost ultra-high strength steels for building and hardening structures u<n>,1,4065892.0,1.0,68.08
USASPENDING_V1,USA,Consulting / research / audit,541715,general hospital corporation,1,2333872.0,1.0,68.08
USASPENDING_V1,USA,Consulting / research / audit,541715,autonomous capabilities,1,4475000.0,1.0,68.08
USASPENDING_V1,USA,Consulting / research / audit,541714,baa setting patient-centric quality standards (pcqs) for modified release (mr) oral drug products with biopredictive in ,1,2212490.0,1.0,68.08
USASPENDING_V1,USA,Consulting / research / audit,611310,the purpose of this contract is to continue the development and maintenance of nasa's very long baseline interferometry ,1,7155984.99,1.0,68.08
USASPENDING_V1,USA,Consulting / research / audit,541715,joint deployment and distribution enterprise (jdde) mission assurance coordinator (jmac),1,3515530.98,1.0,68.08
USASPENDING_V1,USA,Consulting / research / audit,541715,sbir/sttr phase ii r&d; rapid high-quality c/c composites,1,9485799.0,1.0,68.08
USASPENDING_V1,USA,Consulting / research / audit,541611,"administrative, analytical and consulting services to the defense health agency assistant director, combat support agenc",1,49764950.14,1.0,68.08
USASPENDING_V1,USA,Consulting / research / audit,541611,national implementation of the outpatient and ambulatory surgery cahps (oas cahps) survey,1,7526905.6,1.0,68.08
USASPENDING_V1,USA,Consulting / research / audit,518210,national sleep research resource (nsrr),1,8241010.0,1.0,68.08
USASPENDING_V1,USA,Consulting / research / audit,541211,the purpose of the delivery/task order is to provide financial statement audit services to the u.s. department of energy,1,88971529.89,1.0,68.08
USASPENDING_V1,USA,Consulting / research / audit,541611,financial practice business study and business process review.,1,3380107.44,1.0,68.08
USASPENDING_V1,USA,Consulting / research / audit,541611,covid-<n> pandemic response and scenario planning,1,48820265.36,1.0,68.08
USASPENDING_V1,USA,Consulting / research / audit,541611,"advisory, assistance, and administrative technical support to arng-ili.",1,5936817.84,1.0,68.08
USASPENDING_V1,USA,Consulting / research / audit,541715,eo ir & isr rd <n> month  effort,1,12535035.69,1.0,68.08
USASPENDING_V1,USA,Consulting / research / audit,541810,marketing and business development services,1,5432666.45,1.0,68.08
USASPENDING_V1,USA,Consulting / research / audit,541715,"munitions planning, assessment, and analysis for the air force research laboratory munitions directorate",1,35734582.0,1.0,68.08
USASPENDING_V1,USA,Consulting / research / audit,541715,lunar environment heliospheric x-ray imager (lexi),1,3318911.0,1.0,68.08
USASPENDING_V1,USA,Consulting / research / audit,541715,joint semi-automated forces research and development to navy virtual and constructive fleet training naval surface warfa,1,182313636.0,1.0,68.08
USASPENDING_V1,USA,Consulting / research / audit,233320,"espc for ada, ok laboratory",1,10977055.0,1.0,68.08
USASPENDING_V1,USA,Consulting / research / audit,541715,system acquisition and reliability improvement for the fixed wing project office,1,41408035.0,1.0,68.08
USASPENDING_V1,USA,Consulting / research / audit,541715,survivability and combat effectiveness analysis for air force life cycle management center (aflcmc) combat effectiveness,1,67831300.8,1.0,68.08
USASPENDING_V1,USA,Consulting / research / audit,541715,"baa <n>-<n>, improved penetration methodology with ara u<n>",1,3679964.81,1.0,68.08
USASPENDING_V1,USA,Consulting / research / audit,541715,the purpose of this contract between dhs and netrise is to procure research and development services in novel firmware a,1,3006054.0,1.0,68.08
USASPENDING_V1,USA,Consulting / research / audit,541611,award of task order information management advisory council (imac),1,6497945.61,1.0,68.08
USASPENDING_V1,USA,Consulting / research / audit,541720,"evaluation of independence at home demonstration, years <n>-<n>",1,3504978.0,1.0,68.08
USASPENDING_V1,USA,Consulting / research / audit,541715,"the contractor proposed to add a suite of capabilities to the camera analytic system for training, learning, and educati",1,2866404.0,1.0,68.08
USASPENDING_V1,USA,Consulting / research / audit,541715,the purpose of this award is to issue a new task order for checked and carry on baggage rt support at the tsl.,1,3585897.15,1.0,68.08
USASPENDING_V1,USA,Consulting / research / audit,928110,advanced laser modeling and simulation <n> (alms<n>),1,7499557.0,1.0,68.08
USASPENDING_V1,USA,Consulting / research / audit,541712,"igf::ct::igf dt <n>-<n>, mine resistant ambush protected (mrap) family of vehicles (fov)",1,32755013.0,1.0,68.08
USASPENDING_V1,USA,Consulting / research / audit,541715,follow-on ramp task order,1,10376960.31,1.0,68.08
USASPENDING_V1,USA,Consulting / research / audit,541990,this is a new firm fixed price (ffp) task order to provide its deployment evaluation program technical and program suppo,1,2297471.91,1.0,68.08
USASPENDING_V1,USA,Consulting / research / audit,562910,"per- and polyfluoroalkyl substances (pfas) data gap investigation (dgi), feasibility study (fs), proposed plan (pp), and",1,9402932.45,1.0,68.08
USASPENDING_V1,USA,Consulting / research / audit,541715,compact rugged electron accelerator technology (create),1,20435123.0,1.0,68.08
USASPENDING_V1,USA,Consulting / research / audit,541712,weapons of mass destruction civil support team,1,23091010.51,1.0,68.08
USASPENDING_V1,USA,Consulting / research / audit,541715,"small, innovative, missions for planetary exploration (simplex)",1,58791526.0,1.0,68.08
USASPENDING_V1,USA,Consulting / research / audit,541712,vaccine treatment evaluation units,1,2438831.85,1.0,68.08
USASPENDING_V1,USA,Consulting / research / audit,541715,patriot recapitalization and modernization upgrade effort us army aviation and missile life cycle management command (am,1,44431478.0,1.0,68.08
USASPENDING_V1,USA,Consulting / research / audit,541715,sedac facilitates the analysis and portrayal of the human dimensions of global change needed for earth science research.,1,8821159.89,1.0,68.08
USASPENDING_V1,USA,Consulting / research / audit,541990,the contractor shall provide complete trip-its<n>us deployment program tech to support the intelligent transportation sy,1,3415169.52,1.0,68.08
USASPENDING_V1,USA,Consulting / research / audit,336414,research and development services related to the production of the mars ascent vehicle integrated systemchan,1,274362203.0,1.0,68.08
USASPENDING_V1,USA,Consulting / research / audit,541330,igf::ot::igf high resolution <n>d geospatial information,1,707864033.24,1.0,68.08
USASPENDING_V1,USA,Consulting / research / audit,541611,survey for earned doctorates (sed),1,12641467.0,1.0,68.08
USASPENDING_V1,USA,Consulting / research / audit,336411,provide flight test instrumentation installation onto cf-<n>'s wings.,1,14545797.0,1.0,68.08
USASPENDING_V1,USA,Consulting / research / audit,541715,demonstrate the performance of a set of algorithms and processes to obtain and maintain custody of resident space object,1,3528405.26,1.0,68.08
USASPENDING_V1,USA,Consulting / research / audit,541715,the contractor shall provide comprehensive quality assessment programs to clinical pharmacology laboratories (labs) that,1,9981845.0,1.0,68.08
USASPENDING_V1,USA,Consulting / research / audit,541720,"core infrastructure support for surveillance, epidemiology, and end results (seer) -   louisiana state university  healt",1,14685303.27,1.0,68.08
USASPENDING_V1,USA,Consulting / research / audit,541715,"space superiority modeling, simulation, and analyses, and applications solutions for air force research laboratory space",1,74415271.0,1.0,68.08
USASPENDING_V1,USA,Consulting / research / audit,541715,gravitics orbital carrier stratfi,1,30000000.0,1.0,68.08
USASPENDING_V1,USA,Consulting / research / audit,541715,turret gunner survivability and simulation environment r&d services,1,8398391.97,1.0,68.08
USASPENDING_V1,USA,Consulting / research / audit,541712,"igf::ot::igf<n>i duke university; task order hhsn<n>-<n>-<n>.a<n>b<n>c<n>d<n>.<n>- a randomized, double-blind, placebo-c",1,11990436.62,1.0,68.08
USASPENDING_V1,USA,Consulting / research / audit,541715,starfire indutstries er<n>-<n> research and development contract,1,2657986.0,1.0,68.08
USASPENDING_V1,USA,Consulting / research / audit,541715,"devices, components, and subsystem research and analyses for air force research laboratory (afrl)/electronic devices bra",1,41669196.0,1.0,68.08
USASPENDING_V1,USA,Consulting / research / audit,541715,shape stable nose tip production expansion feasibility study,1,3742866.45,1.0,68.08
USASPENDING_V1,USA,Consulting / research / audit,336413,mcap integration support,1,2733959.0,1.0,68.08
USASPENDING_V1,USA,Consulting / research / audit,481212,commercial lunar payload services (clps) contract task order cx-<n>b,1,94000000.0,1.0,68.08
USASPENDING_V1,USA,Consulting / research / audit,541715,wff shoreline resiliency studies,1,3087167.0,1.0,68.08
USASPENDING_V1,USA,Consulting / research / audit,541330,usw-dss services,1,4376529.96,1.0,68.08
USASPENDING_V1,USA,Consulting / research / audit,541990,nwss simso data support,1,4575059.88,1.0,68.08
USASPENDING_V1,USA,Consulting / research / audit,541715,deliver a cognitive psychology-based iw support tool.,1,4543638.64,1.0,68.08
USASPENDING_V1,USA,Consulting / research / audit,541330,"this task is to develop, prototype, integrate and test a solution for e<n>b advanced extremely high frequency integratio",1,6128208.0,1.0,68.08
USASPENDING_V1,USA,Consulting / research / audit,541715,exploiting data for geospatial enterprise solutions (edges),1,5413952.83,1.0,68.08
USASPENDING_V1,USA,Consulting / research / audit,541990,data abstraction support services,1,20582799.32,1.0,68.08
USASPENDING_V1,USA,Consulting / research / audit,541990,military operational medicine research program (momrp) support services,1,5572140.46,1.0,68.08
USASPENDING_V1,USA,Consulting / research / audit,541519,contractor shall provide specialized assistance and professional consulting services to assist with rrf management syste,1,3059567.65,1.0,68.08
USASPENDING_V1,USA,Consulting / research / audit,541715,experiment for long life innovative energy,1,10248703.0,1.0,68.08
USASPENDING_V1,USA,Consulting / research / audit,541715,liquified natural gas for aviation propulsion,1,3500000.0,1.0,68.08
USASPENDING_V1,USA,Consulting / research / audit,541519,palm power devices,1,4073488.0,0.0,68.08
USASPENDING_V1,USA,Consulting / research / audit,541710,<n>!<n>!<n>!n<n>!space and naval warfare systems !n<n>c<n>  !a!n! !n!             !      !<n>!<n>!<n>!<n>!<n>!n!northrop,1,47280593.0,1.0,68.08
USASPENDING_V1,USA,Consulting / research / audit,541712,"igf::ot::igf, r&d - vascular intervention/innovations therapeutic advances",1,2471797.88,1.0,68.08
USASPENDING_V1,USA,Consulting / research / audit,541715,on demand lvc training capability,1,2662995.0,1.0,68.08
USASPENDING_V1,USA,Consulting / research / audit,541714,the production of well characterized challenge material of bsl-<n>/<n> viruses.,1,2754181.22,1.0,68.08
USASPENDING_V1,USA,Consulting / research / audit,541712,electromagnetic reliability and effects prediction,1,16970691.0,1.0,68.08
USASPENDING_V1,USA,Consulting / research / audit,541715,counter improvised threat systems test and evaluation for the naval air war center weapons division quick reaction capab,1,51780663.0,1.0,68.08
USASPENDING_V1,USA,Consulting / research / audit,541715,technology transfer office support for the usamrmc office of research and technology applications,1,4282190.4,1.0,68.08
USASPENDING_V1,USA,Consulting / research / audit,541720,"""other function"" igf::ot::igf what works clearinghouse (wwc) develops and establishes wwc study evidence standards and a",1,31825607.09,1.0,68.08
USASPENDING_V1,USA,Consulting / research / audit,541990,ncats research services section support <n>.<n> (rsss-<n>.<n>),1,31564221.69,1.0,68.08
USASPENDING_V1,USA,Consulting / research / audit,541715,igf::ot:: igf solid state laser effects and modeling (sslem),1,36043319.0,1.0,68.08
USASPENDING_V1,USA,Consulting / research / audit,541715,southern cross integrated flight research experiment - scifire,1,33548870.0,1.0,68.08
USASPENDING_V1,USA,Consulting / research / audit,541712,igf::ot::igf sbir iii fulcrum ii-advanced payload,1,4076639.25,1.0,68.08
USASPENDING_V1,USA,Consulting / research / audit,541715,sbir phase iii night hypersonic testing,1,2050440.0,1.0,68.08
USASPENDING_V1,USA,Consulting / research / audit,541715,blacksky global moving target engagement,1,7076196.0,1.0,68.08
USASPENDING_V1,USA,Consulting / research / audit,541720,"the what works clearinghouse: organization of reporting of evidence on graduation, achievement, and nonacademic outcomes",1,15160148.0,1.0,68.08
USASPENDING_V1,USA,Consulting / research / audit,541715,commercial augmentation service,1,27509944.95,1.0,68.08
USASPENDING_V1,USA,Consulting / research / audit,541715,"omc process to performance evaluation,research,and analysis",1,6217487.0,1.0,68.08
USASPENDING_V1,USA,Consulting / research / audit,541715,manufacturable high power electromagnetic sources for directed energy systems,1,7755683.0,1.0,68.08
USASPENDING_V1,USA,Consulting / research / audit,334220,small business innovation research phase <n>b strategic funding increase for gotenna,1,14996830.1,1.0,68.08
USASPENDING_V1,USA,Consulting / research / audit,541715,"sbir phase iii, modular cooling capacity for tactical aircraft",1,4389276.0,1.0,68.08
USASPENDING_V1,USA,Consulting / research / audit,541990,task order against boa # <n>rsat<n>g<n>,1,5611667.42,1.0,68.08
USASPENDING_V1,USA,Consulting / research / audit,541712,"igf::ot::igf marine corps prepositioning and war reserve program life cycle management, headquarters marine corps. insta",1,32313024.0,1.0,68.08
USASPENDING_V1,USA,Consulting / research / audit,541712,force protection /mission assurance /antiterrorism homeland defense technical analysis for us army north joint force lan,1,6061050.0,1.0,68.08
USASPENDING_V1,USA,Consulting / research / audit,541720,<n> demonstration support - base year,1,24078381.0,1.0,68.08
USASPENDING_V1,USA,Consulting / research / audit,541620,ehss <n>(a) contracto,1,3663775.54,1.0,68.08
USASPENDING_V1,USA,Consulting / research / audit,541714,research and development for in-space production concepts of nanobioreactor models. this was awarded off of the nasa res,1,4000000.0,1.0,68.08
USASPENDING_V1,USA,Consulting / research / audit,541715,"blast characterization support services for wrair in silver springs, md",1,7565356.15,1.0,68.08
USASPENDING_V1,USA,Consulting / research / audit,541715,hybrid artificial intelligence and autonomy research and development considered operationally relevant and explainable (,1,38766425.0,1.0,68.08
USASPENDING_V1,USA,Consulting / research / audit,541712,division:  explosives ppa:  explosive detection  thrust:  manhattan ii program: manhattan ii project: mass spectrometry ,1,11623039.6,1.0,68.08
USASPENDING_V1,USA,Consulting / research / audit,811219,"national center for toxicological research (nctr) on-site laboratory equipment maintenance, repair, and fabrication serv",1,3617296.2,1.0,68.08
USASPENDING_V1,USA,Consulting / research / audit,541519,gartner research subscription base plus <n> options,1,3055201.58,1.0,68.08
USASPENDING_V1,USA,Consulting / research / audit,541715,the primary objective of this requirement is to make the rich clinical information encoded by billions of real-world lab,1,2000000.0,1.0,68.08
USASPENDING_V1,USA,Consulting / research / audit,541715,new baa steel-r in exercises.,1,2057736.0,1.0,68.08
USASPENDING_V1,USA,Consulting / research / audit,541710,<n>-<n>-<n>,1,5358859.37,1.0,68.08
USASPENDING_V1,USA,Consulting / research / audit,238210,"jcn <n> f&e funding in the amount of $<n>,<n>,<n>.<n> to cusa consulting, llc for the nome, ak - ome (wsa) eld installat",1,3548831.85,1.0,68.08
USASPENDING_V1,USA,Consulting / research / audit,541715,hierarchical reliability and resiliency research for flying microgrid,1,5088100.0,1.0,68.08
USASPENDING_V1,USA,Consulting / research / audit,511110,sbir/sttr phase ii r&d,1,2484596.0,1.0,68.08
USASPENDING_V1,USA,Consulting / research / audit,541990,science and technology program protection (s t pp)  system security platform and technology (s<n>pt) development,1,4109118.16,1.0,68.08
USASPENDING_V1,USA,Consulting / research / audit,541611,phase <n> of an earnings loss study focusing on quantifying the loss in earnings capacity experienced by service-disable,1,22495321.38,1.0,68.08
USASPENDING_V1,USA,Consulting / research / audit,541710,"<n>-<n>-<n>, btsg",1,44798100.0,1.0,68.08
USASPENDING_V1,USA,Consulting / research / audit,541715,satellite technology for operational management (storm),1,48960193.61,1.0,68.08
USASPENDING_V1,USA,Consulting / research / audit,336411,f-<n>a/b/c landing gear final analyses,1,31925992.0,1.0,68.08
USASPENDING_V1,USA,Consulting / research / audit,541618,advisory and assistance services for utility management programs for doe contractor operated facilities in northern cali,1,2811568.38,1.0,68.08
USASPENDING_V1,USA,Consulting / research / audit,541611,the national center for education evaluation and regional assistance of the us department of educations institute of edu,1,8830886.25,1.0,68.08
USASPENDING_V1,USA,Consulting / research / audit,541712,laser eye protection (lep),1,2811766.0,1.0,68.08
USASPENDING_V1,USA,Consulting / research / audit,541611,"igf::ot::igf this contract will require the performance of data reporting and analysis, data/statistical analysis, and p",1,3984909.78,1.0,68.08
USASPENDING_V1,USA,Consulting / research / audit,541715,emerging technologies enabling composable modeling and simulation as a service.,1,6188563.0,1.0,68.08
USASPENDING_V1,USA,Consulting / research / audit,541620,igf::ot::igf support for portsmouth/paducah site specific advisory boards,1,4135475.0,1.0,68.08
USASPENDING_V1,USA,Consulting / research / audit,611310,casual inference analyst support services for va funded research,1,3183776.76,1.0,68.08
USASPENDING_V1,USA,Consulting / research / audit,541611,support services for the graduate student survey (gss),1,7098878.0,1.0,68.08
USASPENDING_V1,USA,Consulting / research / audit,541715,"hrl lab, llc is proposing an extension of its qubits for computing foundry (qcf) program, with a primary focus on optimi",1,3123453.0,1.0,68.08
USASPENDING_V1,USA,Consulting / research / audit,611310,phenomic/genomic support services,1,3062130.32,1.0,68.08
USASPENDING_V1,USA,Consulting / research / audit,541715,biological and emerging infections research resources program (bei-rrp),1,67520071.0,1.0,68.08
USASPENDING_V1,USA,Consulting / research / audit,541990,intelligent transportation systems (its) professional capability building (pcb): its training and cohort development and,1,5923243.52,1.0,68.08
USASPENDING_V1,USA,Consulting / research / audit,611310,prospective cohort to evaluate the immunogenicity and effectiveness of covid-<n> vaccines among frontline workers,1,21677978.76,1.0,68.08
USASPENDING_V1,USA,Consulting / research / audit,541715,mobile modular payload processing demonstrator,1,3160482.99,1.0,68.08
USASPENDING_V1,USA,Consulting / research / audit,541611,igf::ot::igf etrs/clinical research,1,16121814.64,1.0,68.08
USASPENDING_V1,USA,Consulting / research / audit,541611,health program evaluation,1,7199789.09,1.0,68.08
USASPENDING_V1,USA,Consulting / research / audit,541380,development of mach <n> quiet wind tunnel,1,10000000.0,1.0,68.08
USASPENDING_V1,USA,Consulting / research / audit,541715,"iarpa agile program project title:  ""honeycomb system:  research & demonstration for the iarpa agile program""",1,15053421.0,1.0,68.08
USASPENDING_V1,USA,Consulting / research / audit,541620,provide services and collect data for nists greenhouse gas measurement research program,1,4273344.0,1.0,68.08
USASPENDING_V1,USA,Consulting / research / audit,541611,evaluation of the capacity building collaborative,1,9281586.05,1.0,68.08
USASPENDING_V1,USA,Consulting / research / audit,541712,igf::ot::igf multi-e-beam lithography,1,32300000.0,1.0,68.08
USASPENDING_V1,USA,Consulting / research / audit,561110,support for small business innovation research/small business technology transfer (sbir/sttr),1,18023062.4,1.0,68.08
USASPENDING_V1,USA,Consulting / research / audit,541715,missile irradiance target system phase <n>,1,3714657.6,1.0,68.08
USASPENDING_V1,USA,Consulting / research / audit,541715,automated test analysis,1,209931284.06,1.0,68.08
USASPENDING_V1,USA,Consulting / research / audit,561612,security services for mobile research vehicles,1,2959784.31,1.0,68.08
USASPENDING_V1,USA,Consulting / research / audit,541715,rutgers hypersonic,1,4901155.0,1.0,68.08
USASPENDING_V1,USA,Consulting / research / audit,541611,igf::ot::igf - hedis medicare health outcomes survey,1,4510682.18,1.0,68.08
USASPENDING_V1,USA,Consulting / research / audit,541715,modeling & simulation discovery & reuse,1,3432607.0,1.0,68.08
USASPENDING_V1,USA,Consulting / research / audit,541715,quantum & artificial intelligence technologies for next generation armament systems,1,10484496.0,1.0,68.08
USASPENDING_V1,USA,Consulting / research / audit,541715,research and development surface targeting rapid integrated kill chain engagement module (strikem),1,2976787.0,1.0,68.08
USASPENDING_V1,USA,Consulting / research / audit,541715,"research, development, test, evaluation, and strategic initiatives for joint program executive office for chemical, biol",1,62779127.44,1.0,68.08
USASPENDING_V1,USA,Consulting / research / audit,541715,new baa contract for the darpa chase program.,1,7191404.32,1.0,68.08
USASPENDING_V1,USA,Consulting / research / audit,541715,"the contractor shall provide all labor, materials, and travel necessary to deliver msegr studies and instrumentation pla",1,9868891.6,1.0,68.08
USASPENDING_V1,USA,Consulting / research / audit,541715,"building enhancements: new baa effort, gamesim proposes to improve the quality, accuracy, and usability of procedurally ",1,8398120.64,1.0,68.08
USASPENDING_V1,USA,Consulting / research / audit,541715,gda sbir phase iii support,1,6741839.52,1.0,68.08
USASPENDING_V1,USA,Consulting / research / audit,541611,administer nist's postdoctoral research associateship program,1,2613003.0,1.0,68.08
USASPENDING_V1,USA,Consulting / research / audit,541611,new task order award technical support and assistance to fhwa's next generation national household travel survey program,1,2402385.78,1.0,68.08
USASPENDING_V1,USA,Consulting / research / audit,541712,igf::ot::igf contract/order no. w<n>p<n>t-<n>-d-a<n>/ky<n> program:  national security agency-government off the shelf (,1,35679008.03,1.0,68.08
USASPENDING_V1,USA,Consulting / research / audit,541715,airborne multifunction unmanned sensor for exploration,1,3499956.0,1.0,68.08
USASPENDING_V1,USA,Consulting / research / audit,541618,phase iii small business innovation research effort to support organizational transformation for the program executive o,1,27725967.93,1.0,68.08
USASPENDING_V1,USA,Consulting / research / audit,541715,waveforms and antennas for attritable systems and platforms,1,4999959.0,1.0,68.08
USASPENDING_V1,USA,Consulting / research / audit,541715,"advancing tools, techniques, and information for canine universal sensing lrbaa award",1,4050281.0,1.0,68.08
USASPENDING_V1,USA,Consulting / research / audit,541714,digital twin research support services,1,6264737.37,1.0,68.08
USASPENDING_V1,USA,Consulting / research / audit,541715,"obtain highly specialized technical research, development and delivery capabilities",1,21071325.51,1.0,68.08
USASPENDING_V1,USA,Consulting / research / audit,541715,to issue a new hybrid ffp/cpff task order non-personal technical support services for the hydraulics (hyd) laboratory un,1,9098002.54,1.0,68.08
USASPENDING_V1,USA,Consulting / research / audit,541715,"anti-tamper executive agent program office, technology development, broad agency announcement, brick",1,2137341.53,1.0,68.08
USASPENDING_V1,USA,Consulting / research / audit,541611,"program advisory, policy development, and mission support services to the joint assessment and enabling capability portf",1,4666202.63,1.0,68.08
USASPENDING_V1,USA,Consulting / research / audit,541720,rapid cycle innovation program - rcip - base,1,4780983.0,1.0,68.08
USASPENDING_V1,USA,Consulting / research / audit,541715,non-destructive evaulation of thick scarf repaired composites and related as-manufactured structures,1,2748218.0,1.0,68.08
USASPENDING_V1,USA,Consulting / research / audit,541611,base services and general operational support - summit consulting llc,1,2932830.18,1.0,68.08
USASPENDING_V1,USA,Consulting / research / audit,541712,igf::ot::igf research in propulsion sciences iii,1,42191777.3,1.0,68.08
USASPENDING_V1,USA,Consulting / research / audit,541714,manufacturing of a colon-delivery formulation platform of metronidazole for treating clostridium difficile infection,1,2123458.0,1.0,68.08
USASPENDING_V1,USA,Consulting / research / audit,541715,automated analysis and assessment of ongoing maritime operations,1,10624344.0,1.0,68.08
USASPENDING_V1,USA,Consulting / research / audit,541712,"tas: <n>   main account: <n>                                            ""marti information management including routing""",1,2204602.0,1.0,68.08
USASPENDING_V1,USA,Consulting / research / audit,541712,igf::ot::igf  baa for multi-sensor data aggregation analysis,1,24109632.0,1.0,68.08
USASPENDING_V1,USA,Consulting / research / audit,541715,the university of toronto institute for aerospace studies space flight lab (sfl) will detect the emission of short gamma,1,6427806.0,1.0,68.08
USASPENDING_V1,USA,Consulting / research / audit,541715,research and development services for bit-flip suppressed fluxonium gates for high-threshold error correction,1,12516862.0,1.0,68.08
USASPENDING_V1,USA,Consulting / research / audit,541715,services and materials to conduct research and development under small business innovation research topic n<n>-<n> entit,1,2856651.0,1.0,68.08
USASPENDING_V1,USA,Consulting / research / audit,541715,sdsfie- r&d,1,2688154.05,1.0,68.08
USASPENDING_V1,USA,Consulting / research / audit,541715,atr for handheld screening systems lrbaa award,1,2420611.5,1.0,68.08
USASPENDING_V1,USA,Consulting / research / audit,541990,its professional capacity building program support,1,2689790.21,1.0,68.08
USASPENDING_V1,USA,Consulting / research / audit,541715,united states air force bomber reliability and sustainment improvement program for the air force life cycle management c,1,51711756.0,1.0,68.08
USASPENDING_V1,USA,Consulting / research / audit,541690,igf::cl::igf research&technology protection support services,1,2530466.36,1.0,68.08
USASPENDING_V1,USA,Consulting / research / audit,541690,advisory and assistance services,1,11646279.74,1.0,68.08
USASPENDING_V1,USA,Consulting / research / audit,541611,choice outcome study,1,2625731.0,1.0,68.08
USASPENDING_V1,USA,Consulting / research / audit,336414,sip,1,86173151.0,1.0,68.08
USASPENDING_V1,USA,Consulting / research / audit,541611,the contractor will provide the office of clean coal and carbon management and the doe office of policy with analytical ,1,6389815.5,1.0,68.08
USASPENDING_V1,USA,Consulting / research / audit,541990,research and development for innovation to operation support,1,3760773.68,1.0,68.08
USASPENDING_V1,USA,Consulting / research / audit,541715,synthetic aperture radar for government operations (sargo),1,9998447.45,1.0,68.08
USASPENDING_V1,USA,Consulting / research / audit,112990,task order <n> for the development and maintenance of a multigenotypic aged mouse colony.,1,7179409.0,1.0,68.08
USASPENDING_V1,USA,Consulting / research / audit,541990,igf::ot::igf   mitre exercise of option year <n>,1,26523906.74,1.0,68.08
USASPENDING_V1,USA,Consulting / research / audit,541519,operational readiness assessment audit services,1,3718670.13,1.0,68.08
USASPENDING_V1,USA,Consulting / research / audit,541715,this contract is for spectral exploitation camera for targeting and reconnaissance system operation and support,1,2266241.59,1.0,68.08
USASPENDING_V1,USA,Consulting / research / audit,541715,pre-kit consumables and thermocouples (p-cat),1,8000000.0,1.0,68.08
USASPENDING_V1,USA,Consulting / research / audit,541715,survivability and lethality analysis for pacific theater and futures capabilities for the pacific air forces,1,118312212.0,1.0,68.08
USASPENDING_V1,USA,Consulting / research / audit,541712,performance of studies in support of the cet-raidir program.,1,49500000.0,1.0,68.08
USASPENDING_V1,USA,Consulting / research / audit,541715,"igf::ot::igf effective hazardous agent detection and response for indoor environments phases iib, iii",1,3769073.83,1.0,68.08
USASPENDING_V1,USA,Consulting / research / audit,541715,hypersonic air-breather research and manufacturing expansion (harmex),1,12835483.0,1.0,68.08
USASPENDING_V1,USA,Consulting / research / audit,541715,survivability and vulnerability technical analyses for navy expeditionary combat command commander naval expeditionary c,1,68689484.0,1.0,68.08
USASPENDING_V1,USA,Consulting / research / audit,541715,sigma+program/human-based sensor system for presymptomatic biological exposure detection (sigmahumansense),1,8710563.88,1.0,68.08
USASPENDING_V1,USA,Consulting / research / audit,541715,shotglass,1,4339485.0,1.0,68.08
USASPENDING_V1,USA,Consulting / research / audit,541715,fy<n> f<n>sr <n>d<n>g<n> afscen fm <n> pzimb sbir ph<n> topic af<n>-dcso<n> persistent power supplies to extend the life,1,2000000.0,1.0,68.08
USASPENDING_V1,USA,Consulting / research / audit,541712,"fief-dom face, iris ear and fingerprint dominance",1,6875229.0,1.0,68.08
USASPENDING_V1,USA,Consulting / research / audit,541990,igf::ot::igf nia central biorepository - data coordination and systems management,1,2410422.52,1.0,68.08
USASPENDING_V1,USA,Consulting / research / audit,541715,"acquire assays to support covid-<n> vaccine development efforts, in response to baa-<n>-<n>-sol-<n>, area of interest <n",1,23234896.0,1.0,68.08
USASPENDING_V1,USA,Consulting / research / audit,541715,technology integration and assessment research and development for united states northern command and north american aer,1,138245484.0,1.0,68.08
USASPENDING_V1,USA,Consulting / research / audit,541712,igf::ot::igf nts-<n> ground segment,1,39671212.0,1.0,68.08
USASPENDING_V1,USA,Consulting / research / audit,541710,issuance of delivery order <n>,1,25826679.0,1.0,68.08
USASPENDING_V1,USA,Consulting / research / audit,541715,"see section j, attachment <n>, p<n>-<n>-<n> performance work statement (pws) critical minerals and materials research an",1,253653619.0,1.0,68.08
USASPENDING_V1,USA,Consulting / research / audit,541712,igf::ot::igf phase ii randomized placebo-controlled trial of prostvac (psa-tricom) in patients with clinically localized,1,2513110.92,1.0,68.08
USASPENDING_V1,USA,Consulting / research / audit,541715,the development and evaluation of improved lhe znni and cadmium plating processing,1,3288292.6,1.0,68.08
USASPENDING_V1,USA,Consulting / research / audit,541720,impact study of strategies to accelerate math learning: phase iii activities.,1,3865703.4,1.0,68.08
USASPENDING_V1,USA,Consulting / research / audit,334511,integration labor,1,5603754.0,1.0,68.08
USASPENDING_V1,USA,Consulting / research / audit,541330,research&development,1,12217951.04,1.0,68.08
USASPENDING_V1,USA,Consulting / research / audit,541711,to award a base task order.,1,2801444.0,1.0,68.08
USASPENDING_V1,USA,Consulting / research / audit,541715,"services for baa proposal <n>-<n>, wildfire research and technology development for active- and pre-fire management, sub",1,2999612.0,1.0,68.08
USASPENDING_V1,USA,Consulting / research / audit,541330,air force civil engineer center (afcec) base realignment and closure (brac) advisory and assistance services (a&as) supp,1,57910691.72,1.0,68.08
USASPENDING_V1,USA,Consulting / research / audit,541714,genetic and epidemiological factors for age-related traits and diseases in the sardinian population (sardinia<n>); perio,1,11408934.0,1.0,68.08
USASPENDING_V1,USA,Consulting / research / audit,541715,program management office transportation systems family of vehicles support army program executive office (peo) combat s,1,31172203.0,1.0,68.08
USASPENDING_V1,USA,Consulting / research / audit,541715,"modeling, simulations, and analysis",1,2290643.0,1.0,68.08
USASPENDING_V1,USA,Consulting / research / audit,541940,"national institutes of health (nih), national institute of child health and human development (nichd), aquatic care and ",1,3690695.68,1.0,68.08
USASPENDING_V1,USA,Consulting / research / audit,336411,technical interchange meetings (tims),1,3103784.0,1.0,68.08
USASPENDING_V1,USA,Consulting / research / audit,541715,hermes white paper #mwp<n> / compact modular case production for tactical missiles,1,2838188.13,1.0,68.08
USASPENDING_V1,USA,Consulting / research / audit,541512,the purpose for this acquisition is to procure data act and data analysis consulting support services to be provided by ,1,4499997.4,1.0,68.08
USASPENDING_V1,USA,Consulting / research / audit,541715,pks-hill-booker- bma sbir,1,25615936.93,1.0,68.08
USASPENDING_V1,USA,Consulting / research / audit,541715,operations analysis & vulnerability,1,10733999.0,1.0,68.08
USASPENDING_V1,USA,Consulting / research / audit,541720,shepherd (dom <n>) ncird influenza hhts <n>,1,3477833.74,1.0,68.08
USASPENDING_V1,USA,Consulting / research / audit,524298,review recovery audit contractors claim determinations on medicare claims that were paid under part a or b of title xvii,1,13263552.42,1.0,68.08
USASPENDING_V1,USA,Consulting / research / audit,541715,spectrum management research and analysis for air force spectrum management office,1,18695055.0,1.0,68.08
USASPENDING_V1,USA,Consulting / research / audit,541512,kana wave sbir phase iii,1,8859000.0,1.0,68.08
USASPENDING_V1,USA,Consulting / research / audit,541715,hifire flight controls (hf<n>-c) flight system development and test,1,22156409.43,1.0,68.08
USASPENDING_V1,USA,Consulting / research / audit,541611,"igf::cl,ct::igf physical security and security administrative consulting services",1,5576770.4,1.0,68.08
USASPENDING_V1,USA,Consulting / research / audit,333314,wide field of view testbed wide-area six-degree payload pre-launch and post-launch activities,1,10917413.0,1.0,68.08
USASPENDING_V1,USA,Consulting / research / audit,336414,igf::ct::igf  aehf sv<n>/<n> production - uca parts,1,248118174.0,1.0,68.08
USASPENDING_V1,USA,Consulting / research / audit,541712,ct <n>-<n> labor/odcs (fee bearing),1,74487085.0,1.0,68.08
USASPENDING_V1,USA,Consulting / research / audit,541715,demonstration of long life <n>n thrusters with ascent and other af-m<n> formulations,1,5531764.0,1.0,68.08
USASPENDING_V1,USA,Consulting / research / audit,541330,requirements support readiness analysis advisory and assistance services.,1,11904625.13,1.0,68.08
USASPENDING_V1,USA,Consulting / research / audit,624230,this purchase order incorporates the settlement agreement between the government and cherokee nation management & consul,1,2146471.56,1.0,68.08
USASPENDING_V1,USA,Consulting / research / audit,541712,igf::ot::igf  --  baa,1,9609334.0,1.0,68.08
USASPENDING_V1,USA,Consulting / research / audit,541714,development of a novel pralidoxime chloride auto-injector device,1,33258615.0,1.0,68.08
USASPENDING_V1,USA,Consulting / research / audit,541712,"technology development projects to develop technologies to enhance the detection, physical and functional characterizati",1,101020987.0,1.0,68.08
USASPENDING_V1,USA,Consulting / research / audit,541715,task order <n>: newborn screening follow-up study of congenital cytomegalovirus infection,1,3494712.0,1.0,68.08
USASPENDING_V1,USA,Consulting / research / audit,541712,igf::ot::igf - characterizing the impact of ionospheric wave structures - othr - basic award,1,12025115.0,1.0,68.08
USASPENDING_V1,USA,Consulting / research / audit,541715,explosion proof precision leveling upgrade for weapons storage support structure,1,2248203.0,1.0,68.08
USASPENDING_V1,USA,Consulting / research / audit,541715,new darpa sbir ii - trailblazer decision maker (tbdm) alignable and efficient algorithmic decision-makers,1,2949283.84,1.0,68.08
USASPENDING_V1,USA,Consulting / research / audit,541715,the services to be performed hereunder shall be subject to the requirements and standards contained in attachment <n> - ,1,4284000.0,1.0,68.08
USASPENDING_V1,USA,Consulting / research / audit,541720,baa fy<n> topic <n> - colorado school of public health,1,2221083.0,1.0,68.08
USASPENDING_V1,USA,Consulting / research / audit,561210,short term base ops,1,66194827.36,1.0,68.08
USASPENDING_V1,USA,Consulting / research / audit,541711,"igf::ot::igf <n>i uga co<n> base task order funding; iid can <n> $<n>,<n>,<n>",1,3047069.82,1.0,68.08
USASPENDING_V1,USA,Consulting / research / audit,541715,contract award and exercise of option <n> for the integration of the improved turbine engine (ite) onto the uh/hh-<n>m b,1,112760514.5,1.0,68.08
USASPENDING_V1,USA,Consulting / research / audit,541990,igf::ot::igf  the contract will support the aviation safety reporting system (asrs) and related systems by providing mai,1,46839313.98,1.0,68.08
USASPENDING_V1,USA,Consulting / research / audit,541512,vm insights integrated management support,1,3113641.41,1.0,68.08
USASPENDING_V1,USA,Consulting / research / audit,541715,sbir iii directed energy modeling for cross-domain analysis,1,8913357.0,1.0,68.08
USASPENDING_V1,USA,Consulting / research / audit,541715,the scope of this task order includes activities defined in the idiq contract for task area c: phase i healthy volunteer,1,2021154.0,1.0,68.08
USASPENDING_V1,USA,Consulting / research / audit,541712,igf::ot::igf directed energy aeromedical application discovery,1,3180000.0,1.0,68.08
USASPENDING_V1,USA,Consulting / research / audit,541715,joint multi-channel infusion pump - award off two-step call on a broad agency announcement,1,4564569.0,1.0,68.08
USASPENDING_V1,USA,Consulting / research / audit,541715,baa topic <n>.<n> - advancing crispr based diagnostics in response to ongoing pathogenic threats,1,3737899.0,1.0,68.08
USASPENDING_V1,USA,Consulting / research / audit,336414,swup,1,8864892.0,1.0,68.08
USASPENDING_V1,USA,Consulting / research / audit,541715,"igf::ot::igf darpa small business technology transfer (sttr)phase ii for efforts entitled, ""teammate aware autonomy (taa",1,2471676.34,1.0,68.08
USASPENDING_V1,USA,Consulting / research / audit,541712,igf::ot::igf base period-theoretical&experimental,1,2144783.0,1.0,68.08
USASPENDING_V1,USA,Consulting / research / audit,541712,igf::ot::igf advanced development of paraffin-based hybrid rockets,1,2050201.0,1.0,68.08
USASPENDING_V1,USA,Consulting / research / audit,541715,iac mac <n> chemical biological radiological nuclear defense testing and analytics for joint enterprise fielding and sur,1,105934394.0,1.0,68.08
USASPENDING_V1,USA,Consulting / research / audit,541611,national implementation of the cahps hospice survey,1,6020505.9,1.0,68.08
USASPENDING_V1,USA,Consulting / research / audit,541990,"characterize naloxones clinical use, risks, benefits, and effectiveness for reversing opioid overdoses in pre-hospital s",1,2710011.0,1.0,68.08
USASPENDING_V1,USA,Consulting / research / audit,115310,strategic surveys to fulfill northwest forest plan survey requirement,1,2342223.0,1.0,68.08
USASPENDING_V1,USA,Consulting / research / audit,541712,"igf::cl::igf  dt-<n>-<n>: to study, analyze, research, and develop deliverables to advance defense systems (ds) related ",1,42022097.0,1.0,68.08
USASPENDING_V1,USA,Consulting / research / audit,541715,"research and development, hdct effort titled ""uflatpack accelerometer-gyroscope sensor using hybrid integrated photonics",1,7445824.0,1.0,68.08
USASPENDING_V1,USA,Consulting / research / audit,541714,development of a self-test device for gonorrhea,1,5940307.0,1.0,68.08
USASPENDING_V1,USA,Consulting / research / audit,541714,"nonclinical microbiological, safety, toxicology, and pharmacokinetic services",1,10981531.69,1.0,68.08
USASPENDING_V1,USA,Consulting / research / audit,541511,support for the information security program - all of us research program,1,3653444.88,1.0,68.08
USASPENDING_V1,USA,Consulting / research / audit,541219,research consulting services.,1,2168469.97,1.0,68.08
USASPENDING_V1,USA,Consulting / research / audit,541611,this contract is to employ air to collect and prepare imls' public library survey,1,2858266.54,1.0,68.08
USASPENDING_V1,USA,Consulting / research / audit,541512,microsoft consulting services task order under mes idiq,1,4437281.38,1.0,68.08
USASPENDING_V1,USA,Consulting / research / audit,541711,igf::ot::igf - microbiology and infectious diseases biological research repository  (mid brr),1,140973858.69,1.0,68.08
USASPENDING_V1,USA,Consulting / research / audit,541715,"the purpose of this requisition is to commit $<n>,<n>,<n>.<n>  for dhs s&t to award a new contract for research, assessm",1,10385468.96,1.0,68.08
USASPENDING_V1,USA,Consulting / research / audit,541715,united semiconductor inspa phase <n>,1,8371390.0,1.0,68.08
USASPENDING_V1,USA,Consulting / research / audit,541712,"advancement of force protection systems, night vision and electronic sensors directorate and the naval surface warfare c",1,56124780.0,1.0,68.08
USASPENDING_V1,USA,Consulting / research / audit,541611,new acquisition the purpose is to obtain comprehensive and efficient consulting services to support the department of ho,1,2597446.0,1.0,68.08
USASPENDING_V1,USA,Consulting / research / audit,541710,<n>!<n>!<n>!cz<n> !smc/pkz los angeles afb !f<n>c<n> !a!n! !n! !<n>!<n>!<n>!<n>!<n>!n!trw inc !<n> space park blvd !redo,1,84694693.0,1.0,68.08
USASPENDING_V1,USA,Consulting / research / audit,541715,share and wavetrain with integrated forecasting techniques (swift),1,4999618.0,1.0,68.08
USASPENDING_V1,USA,Consulting / research / audit,541715,fabrication of the <n>.<n>% scale full span and semi-span high lift common research model for testing in the nasa langle,1,2172930.0,1.0,68.08
USASPENDING_V1,USA,Consulting / research / audit,541715,high power adaptive directed energy sys eps (hades-eps),1,13326987.0,1.0,68.08
USASPENDING_V1,USA,Consulting / research / audit,541611,pa <n>-<n>-n<n> nextgen enterprise information security research and development support,1,4918658.47,1.0,68.08
USASPENDING_V1,USA,Consulting / research / audit,541715,"sbir phase iii - r&d to focus on scientific assessments of limitations in development, deployment and use of scalable vi",1,6642212.0,1.0,68.08
USASPENDING_V1,USA,Consulting / research / audit,541715,the scope of stratfi effort is to research and develop an advanced ai-based dynamic extended reality (xr) platform for <,1,4299998.23,1.0,68.08
USASPENDING_V1,USA,Consulting / research / audit,541219,state and national survey of child and adolescent well-being services,1,17105034.71,1.0,68.08
USASPENDING_V1,USA,Consulting / research / audit,541715,rapid analysis and manufacturing technology propulsion (rampt) project,1,16508259.0,1.0,68.08
USASPENDING_V1,USA,Consulting / research / audit,541715,non ionic surfactant vesicles (nisvs) as a drug delivery and targeting systems for antimicrobials,1,6400448.87,1.0,68.08
USASPENDING_V1,USA,Consulting / research / audit,541330,defense science board summer study support services,1,7125600.23,1.0,68.08
USASPENDING_V1,USA,Consulting / research / audit,541330,support staff,1,8022271.35,1.0,68.08
USASPENDING_V1,USA,Consulting / research / audit,541712,igf::ot::igfsupport of the research effort to evaluate the toxic and carcinogenic potential of test agents in laboratory,1,150072517.32,1.0,68.08
USASPENDING_V1,USA,Consulting / research / audit,541715,sbir iii- semiconductor process for oscillating heat pipes,1,7237094.0,1.0,68.08
USASPENDING_V1,USA,Consulting / research / audit,541715,sbir/sttr phase ii r&d: test methodology&equipment for radiation hardened interceptors.,1,3357711.38,1.0,68.08
USASPENDING_V1,USA,Consulting / research / audit,541715,small business innovative research (sbir) phase ii effort for research and development of advanced tactical facial recog,1,3762595.8,1.0,68.08
USASPENDING_V1,USA,Consulting / research / audit,541715,energy readiness project for fuel sources,1,4798819.0,1.0,68.08
USASPENDING_V1,USA,Consulting / research / audit,541611,cisas isd has a requirement to improve the security and resilience of the defense critical infrastructure assessments wi,1,3996276.96,1.0,68.08
USASPENDING_V1,USA,Consulting / research / audit,334519,the overall objective of this contract is to advance the development of the frontlineodp(tm) system for producing a poin,1,135607236.0,1.0,68.08
USASPENDING_V1,USA,Consulting / research / audit,541715,to support and assist the national institute of environmental health sciences by conducting ongoing and recurring evalua,1,35376336.0,1.0,68.08
USASPENDING_V1,USA,Consulting / research / audit,541690,walrus and polar bear research and management support,1,2895446.0,1.0,68.08
USASPENDING_V1,USA,Consulting / research / audit,541330,task order award for sensor based observation of physiological episodes.,1,5233607.0,1.0,68.08
USASPENDING_V1,USA,Consulting / research / audit,541715,exploitation of overhead persistent infrared data for environmental intelligence products,1,2877848.0,1.0,68.08
USASPENDING_V1,USA,Consulting / research / audit,541715,scale-up and commercialization of rare earth separation from mining wastes using chromatography - small business innovat,1,3996218.0,1.0,68.08
USASPENDING_V1,USA,Consulting / research / audit,541712,igf::ot::igf epir reaserch and development baa award,1,5136911.01,1.0,68.08
USASPENDING_V1,USA,Consulting / research / audit,332993,joint air to surface standoff missile enterprise analytics support,1,3616273.9,1.0,68.08
USASPENDING_V1,USA,Consulting / research / audit,541715,rads - radar disruption systems,1,6799997.0,1.0,68.08
USASPENDING_V1,USA,Consulting / research / audit,541711,igf::ot::igf other functions human studies research support for environmental epidemiologic studies,1,16787068.23,1.0,68.08
USASPENDING_V1,USA,Consulting / research / audit,541715,military readiness research support services,1,24039019.19,1.0,68.08
USASPENDING_V1,USA,Consulting / research / audit,541715,environmental analysis and assessment for headquarters special operations command central j<n> directorate,1,37431445.34,1.0,68.08
USASPENDING_V1,USA,Consulting / research / audit,541611,technical advisory services for development and implementation oversight of sanitation infrastructure investments and in,1,2492288.88,1.0,68.08
USASPENDING_V1,USA,Consulting / research / audit,541715,"reconnaissance missions to binary asteroids will study the formation and evolutionary implications for small ""rubble pil",1,48909694.0,1.0,68.08
USASPENDING_V1,USA,Consulting / research / audit,541715,this modification awards a new contract and obligates funds for the base period.,1,2970140.92,1.0,68.08
USASPENDING_V1,USA,Consulting / research / audit,541715,propulsive adaptor for long-duration orbital maneuvers,1,19975607.0,1.0,68.08
USASPENDING_V1,USA,Consulting / research / audit,541715,"new task order $<n>,<n>k under idiq for developmental test and evaluation for advanced imaging technology automated targ",1,3454865.18,1.0,68.08
USASPENDING_V1,USA,Consulting / research / audit,541330,"research, development, test & evaluation program technical support",1,4239868.77,1.0,68.08
USASPENDING_V1,USA,Consulting / research / audit,541330,the structures and propulsion branch (ang-e<n>) is part of the aviation research division (ang-e<n>) at the faa william ,1,9189754.65,1.0,68.08
USASPENDING_V1,USA,Consulting / research / audit,541715,research and development effort for innovative ways to enhance the generation and utilization of cost-effective and inte,1,19945028.0,1.0,68.08
USASPENDING_V1,USA,Consulting / research / audit,541611,fuel advisory and assistance,1,26042336.44,1.0,68.08
USASPENDING_V1,USA,Consulting / research / audit,541611,support for analytic capacity of the national survey of early care and education public-use and restricted-use data,1,4281672.18,1.0,68.08
USASPENDING_V1,USA,Consulting / research / audit,541211,omb circular a-<n> audit services,1,2111876.56,1.0,68.08
USASPENDING_V1,USA,Consulting / research / audit,541715,nadacs mesh upgrade support,1,4194720.0,1.0,68.08
USASPENDING_V1,USA,Consulting / research / audit,541511,"igf::cl,ct::igf  research and development services for the department of homeland security, science and technology direc",1,7894514.0,1.0,68.08
USASPENDING_V1,USA,Consulting / research / audit,541715,"integration services supporting incremental upgrades, block upgrades, and future generations of mk <n> family of systems",1,41625538.84,1.0,68.08
USASPENDING_V1,USA,Consulting / research / audit,541715,"assured space-based pnt innovation, research & experiment (aspire) r&d program.   in accordance with:  <n> usc <n> advan",1,31523489.0,1.0,68.08
USASPENDING_V1,USA,Consulting / research / audit,541690,nist resident research associateship program,1,2057975.95,1.0,68.08
USASPENDING_V1,USA,Consulting / research / audit,541990,its jpo office management and program advisory committee support,1,3488844.1,1.0,68.08
USASPENDING_V1,USA,Consulting / research / audit,541715,joint integrated air and missile defense organization advanced development and analysis,1,36304113.44,1.0,68.08
USASPENDING_V1,USA,Consulting / research / audit,541712,test support,1,5491296.43,1.0,68.08
USASPENDING_V1,USA,Consulting / research / audit,541330,"pr <n>-<n>-<n>   research and development in electro/optic (eo) and infrared (ir) for advanced intelligence, surveillanc",1,50114729.13,1.0,68.08
USASPENDING_V1,USA,Consulting / research / audit,541715,baa el <n> <n> year <n> provide research in support of the baa proposal number baa el <n> <n> for the demonstration of t,1,13550000.0,1.0,68.08
USASPENDING_V1,USA,Consulting / research / audit,541990,cp<n> grant program evaluations,1,8712585.0,1.0,68.08
USASPENDING_V1,USA,Consulting / research / audit,541611,the purpose of this purchase request is to issue a new base award for trust consulting services to support the office of,1,3260426.0,1.0,68.08
USASPENDING_V1,USA,Consulting / research / audit,561790,"supercool metals sbir ii proposal l<n>-<n> entitled "" efficient fabrication of components for air and space systems thro",1,2881126.34,1.0,68.08
USASPENDING_V1,USA,Consulting / research / audit,541715,research and analysis for materiel fielding and training united states army tank automotive and armaments command- life ,1,70120197.0,1.0,68.08
USASPENDING_V1,USA,Consulting / research / audit,541715,stratfi <n>.<n> sbir phase <n> - bilt,1,4963565.0,1.0,68.08
USASPENDING_V1,USA,Consulting / research / audit,541715,"technical analyses and strategic and operational planning for warfighting readiness for commander, submarine force, unit",1,56263170.0,1.0,68.08
USASPENDING_V1,USA,Consulting / research / audit,541620,nos/ocs: provide consulting and management services.,1,5566241.36,1.0,68.08
USASPENDING_V1,USA,Consulting / research / audit,336412,light off detector (lod) nre labor and material,1,7169081.0,1.0,68.08
USASPENDING_V1,USA,Consulting / research / audit,541690,completion of development of athena for ferc.,1,5236557.21,1.0,68.08
USASPENDING_V1,USA,Consulting / research / audit,541715,this award is to do research and development to streamline aerial resupply and airdrop operations.,1,5880630.59,1.0,68.08
USASPENDING_V1,USA,Consulting / research / audit,541715,strike will apply its hpic process to complex single chip assemblies of active and passive photonic components in suppor,1,2240218.0,1.0,68.08
USASPENDING_V1,USA,Consulting / research / audit,541511,microsoft support and consulting services,1,2653183.12,1.0,68.08
USASPENDING_V1,USA,Consulting / research / audit,541330,"fy<n> fc uk effort.  fiscal year (fy) <n> procurement, research and development, and sustainment efforts for the united ",1,4110639.34,1.0,68.08
USASPENDING_V1,USA,Consulting / research / audit,541715,"baa- advanced technologies for generating, composing, and provisioning simulation-as-a- service. research and developmen",1,9954442.0,1.0,68.08
USASPENDING_V1,USA,Consulting / research / audit,541712,"research, development, test and evaluation (rdt&e) for intelligence, surveillance, reconnaissance, and targeting (isr&t)",1,45269166.0,1.0,68.08
USASPENDING_V1,USA,Consulting / research / audit,541715,advanced liquid rocket engine for application and launch,1,3150000.0,1.0,68.08
USASPENDING_V1,USA,Consulting / research / audit,AZ11,advanced distributed learning,1,4455372.04,1.0,68.08
USASPENDING_V1,USA,Consulting / research / audit,561612,electronic security system expansion at armed forces radiobiology research institute (afrri) buildings <n> and <n>.,1,2970091.59,1.0,68.08
USASPENDING_V1,USA,Consulting / research / audit,541712,research and development for planning support and analysis,1,74707736.62,1.0,68.08
USASPENDING_V1,USA,Consulting / research / audit,541712,cost estimation and analysis support services,1,3302504.54,1.0,68.08
USASPENDING_V1,USA,Consulting / research / audit,541712,igf::ot::igf ds tat dt-<n>-<n>,1,10651160.0,1.0,68.08
USASPENDING_V1,USA,Consulting / research / audit,541330,"research, development, training, and equipment for electronic warfare equipment.",1,2327063.95,1.0,68.08
USASPENDING_V1,USA,Consulting / research / audit,AZ11,ctc,1,2475321.56,1.0,68.08
USASPENDING_V1,USA,Consulting / research / audit,541715,new darpa baa - blue pills,1,2101123.98,1.0,68.08
USASPENDING_V1,USA,Consulting / research / audit,541712,testable hardware toolkit modernization & improvements,1,4545589.0,1.0,68.08
USASPENDING_V1,USA,Consulting / research / audit,541715,baa research and development for a testbed for integration of combat medicine training solutions and platforms.,1,5702273.0,1.0,68.08
USASPENDING_V1,USA,Consulting / research / audit,541715,unm cosmiac advanced space power protypes (aspp),1,4839255.0,1.0,68.08
USASPENDING_V1,USA,Consulting / research / audit,541720,theoretical & experimental support,1,2953646.0,1.0,68.08
USASPENDING_V1,USA,Consulting / research / audit,541715,preclinical medications screening in dependence models of alcohol use disorder.  base contract plus <n> options through ,1,2219998.95,1.0,68.08
USASPENDING_V1,USA,Consulting / research / audit,541715,advanced research and development activities for novel immunogenicity assays and sample collection technologies as part ,1,126485055.0,1.0,68.08
USASPENDING_V1,USA,Consulting / research / audit,541710,solar probe pre-phase a formulation support,1,31444197.0,1.0,68.08
USASPENDING_V1,USA,Consulting / research / audit,541720,shepherd <n> domain <n>-b<n> household transmission,1,3599997.0,1.0,68.08
USASPENDING_V1,USA,Consulting / research / audit,541715,advanced helicopter seating system ph <n>,1,18109947.65,1.0,68.08
USASPENDING_V1,USA,Consulting / research / audit,541715,"darpa baa - smartkm- knowledge management, curation, and analysis",1,3121317.39,1.0,68.08
USASPENDING_V1,USA,Consulting / research / audit,541512,"the purpose of this action is to execute a <n>-month extension with deloitte consulting, llc to ensure continuity of a&a",1,6654053.66,1.0,68.08
USASPENDING_V1,USA,Consulting / research / audit,541611,"support in consultative services, strategic planning, program management, outreach activities and support, administrativ",1,4464235.25,1.0,68.08
USASPENDING_V1,USA,Consulting / research / audit,541330,"operations, maintenance, and modification of the chapel hill facility, research triangle park, nc",1,7750262.0,1.0,68.08
USASPENDING_V1,USA,Consulting / research / audit,541715,atmosphere observing system (aos) polarimeter phase a study,1,5081114.25,1.0,68.08
USASPENDING_V1,USA,Consulting / research / audit,541511,"cape - stratfi, sequential sbir phase ii",1,13180591.55,1.0,68.08
USASPENDING_V1,USA,Consulting / research / audit,541715,sequential phase ii small business innovation research assured access to space (aats) common operating picture (cop),1,3499999.92,1.0,68.08
USASPENDING_V1,USA,Consulting / research / audit,541712,igf::ot::igfscientific information management and literature-based evaluations for the national toxicology program (ntp),1,59699895.66,1.0,68.08
USASPENDING_V1,USA,Consulting / research / audit,541519,technology research and advisory services,1,4296313.0,1.0,68.08
USASPENDING_V1,USA,Consulting / research / audit,541330,advisory and assistance services in support of the air force reserve command's distributed mission operations program,1,2588973.95,1.0,68.08
USASPENDING_V1,USA,Consulting / research / audit,541715,novel timber research and development,1,3012027.0,1.0,68.08
USASPENDING_V1,USA,Consulting / research / audit,541611,family options study,1,7777807.0,1.0,68.08
USASPENDING_V1,USA,Consulting / research / audit,541715,lrbaa atak support,1,10107145.43,1.0,68.08
USASPENDING_V1,USA,Consulting / research / audit,541330,common data link,1,5411064.0,1.0,68.08
USASPENDING_V1,USA,Consulting / research / audit,541713,igf::ot::igf hemopure&bioplasma fdp studies,1,8220994.8,1.0,68.08
USASPENDING_V1,USA,Consulting / research / audit,541711,eltrombopag: a medical countermeasure to mitigate thrombocytopenia following myelosuppressive doses of radiationsee stat,1,16334774.81,1.0,68.08
USASPENDING_V1,USA,Consulting / research / audit,541712,dynamic examination and characterization of digital entities (decode),1,9284133.0,1.0,68.08
USASPENDING_V1,USA,Consulting / research / audit,541715,battlespace environment for science and technology test,1,5101298.24,1.0,68.08
USASPENDING_V1,USA,Consulting / research / audit,541714,optimization of remedies at navy's legacy sites,1,2055103.9,1.0,68.08
USASPENDING_V1,USA,Consulting / research / audit,541611,program management support for peo eis gfebs,1,4508855.48,1.0,68.08
USASPENDING_V1,USA,Consulting / research / audit,541712,integrated battle planning capability,1,3274778.0,1.0,68.08
USASPENDING_V1,USA,Consulting / research / audit,511130,law research services,1,2687159.0,1.0,68.08
USASPENDING_V1,USA,Consulting / research / audit,336411,"procurement of supplies and services for as<n> surveyor drones, bumblebee v<n>, bumblebee v<n>, and hornets.",1,265382200.0,1.0,68.08
USASPENDING_V1,USA,Consulting / research / audit,541711,model development and medical counter measures (mcms) for bsl-<n> agents in nhps.,1,3270971.0,1.0,68.08
USASPENDING_V1,USA,Consulting / research / audit,541714,research challenges related to environmentally friendly propellants in metered dose inhalers,1,2196449.0,1.0,68.08
USASPENDING_V1,USA,Consulting / research / audit,541330,"cet <n>-<n>, award a new task order",1,12414690.0,1.0,68.08
USASPENDING_V1,USA,Consulting / research / audit,541715,"sbir topic <n>, fast-track, tapered guidewires for transcatheter electrosurgery",1,2199922.0,1.0,68.08
USASPENDING_V1,USA,Consulting / research / audit,541715,beyond line of sight autonomous wide field intelligent geolocation,1,4525000.0,1.0,68.08
USASPENDING_V1,USA,Consulting / research / audit,541330,cet <n>-<n> new task order award,1,2155109.0,1.0,68.08
USASPENDING_V1,USA,Consulting / research / audit,541715,igf::ot::igf nida international research and training program support services,1,3397876.27,1.0,68.08
USASPENDING_V1,USA,Consulting / research / audit,541715,"the approach implements an active aperture array methodology by leveraging advances in electronics, beamforming and gan ",1,10781010.0,1.0,68.08
USASPENDING_V1,USA,Consulting / research / audit,541690,expert consulting services,1,2653295.15,1.0,68.08
USASPENDING_V1,USA,Consulting / research / audit,541715,title: nestor <n>d<n> / ziva corporation,1,2299960.0,1.0,68.08
USASPENDING_V1,USA,Consulting / research / audit,541612,consulting/testing services,1,3212949.51,1.0,68.08
USASPENDING_V1,USA,Consulting / research / audit,541712,"igf::ot::igf  baa-afrl-rqkhc-<n>-<n>, up-armoring at-risk military couples: a prospective study of committed relations",1,2256800.0,1.0,68.08
USASPENDING_V1,USA,Consulting / research / audit,336414,international space station,1,22443251423.3,1.0,68.08
USASPENDING_V1,USA,Consulting / research / audit,541712,self sustaining living modules,1,2701118.46,1.0,68.08
USASPENDING_V1,USA,Consulting / research / audit,541715,visible infrared imaging radiometer suite (viirs) atmosphere science investigator-led processing system (sips),1,17084052.0,1.0,68.08
USASPENDING_V1,USA,Consulting / research / audit,623990,<n> licensed secure care beds for unaccompanied alien children (uac) to ensure available and timely admission of uac who,1,14059017.0,1.0,68.08
USASPENDING_V1,USA,Consulting / research / audit,541712,igf::ot::igf   funding for clin <n>,1,18250856.31,1.0,68.08
USASPENDING_V1,USA,Consulting / research / audit,541713,"to conduct a study entitled, ""risk evaluation and mitigation strategy (rems) programs to promote appropriate medication ",1,4419354.0,1.0,68.08
USASPENDING_V1,USA,Consulting / research / audit,541715,"united states air force bomber reliability and sustainment improvement  for air force life cycle management center, b-<n",1,82551866.0,1.0,68.08
USASPENDING_V1,USA,Consulting / research / audit,541715,rapid innovation fund abrasion resistant coating,1,2970324.85,1.0,68.08
USASPENDING_V1,USA,Consulting / research / audit,541715,development and application of a national pediatric sepsis event surveillance definition,1,2090402.0,1.0,68.08
USASPENDING_V1,USA,Consulting / research / audit,541715,high power sources and effects - advancing the understanding of the electromagnetic field - material interaction and res,1,4714153.0,1.0,68.08
USASPENDING_V1,USA,Consulting / research / audit,541712,darpa - class act,1,5028892.91,1.0,68.08
USASPENDING_V1,USA,Consulting / research / audit,541715,"signature training systems development, security, and operations for signature measurement technologies and systems divi",1,125013456.0,1.0,68.08
USASPENDING_V1,USA,Consulting / research / audit,541712,"explainable artificial intelligent applications within integrated dynamic visualization environments, air force research",1,41939966.0,1.0,68.08
USASPENDING_V1,USA,Consulting / research / audit,541519,dod oig it change consulting services,1,5386602.55,1.0,68.08
USASPENDING_V1,USA,Consulting / research / audit,541618,office of naval research global arlington office support services,1,3280241.0,1.0,68.08
USASPENDING_V1,USA,Consulting / research / audit,541715,small business innovative research phase ii to <n>k additive - proposal l<n>s-<n> under topic dla<n>-<n> for grave to cr,1,3907033.0,1.0,68.08
USASPENDING_V1,USA,Consulting / research / audit,541715,counter cruise missile experimentation: hypervelocity projectile (hvp) all-up-round (aur) experiment,1,29977639.46,1.0,68.08
USASPENDING_V1,USA,Consulting / research / audit,541714,the development of antimicrobials for the treatment of resistant fungal and bacterial infections - ota,1,122501232.0,1.0,68.08
USASPENDING_V1,USA,Consulting / research / audit,541715,sbir ph iii torch technologies llc rapid scene creation for multispectral terrain signature models and simulations,1,12934919.14,1.0,68.08
USASPENDING_V1,USA,Consulting / research / audit,541715,baa <n>-<n>a mississippi state university data analytics and visualization system infrastructure u<n>im<n>,1,9258441.0,1.0,68.08
USASPENDING_V1,USA,Consulting / research / audit,541715,technical training product development for the naval air warfare center aircraft division air systems group,1,71319181.0,1.0,68.08
USASPENDING_V1,USA,Consulting / research / audit,541712,igf::ot::igf baby hug follow-up ii,1,4945536.05,1.0,68.08
USASPENDING_V1,USA,Consulting / research / audit,541714,conduct a phase <n>b efficacy study as prescribed in aoi<n> with coviliv a proprietary live attenuated virus covid-<n> v,1,57630647.0,1.0,68.08
USASPENDING_V1,USA,Consulting / research / audit,541611,technical assistance services in support to the initiative to support promising research (inspire) program,1,11794438.0,1.0,68.08
USASPENDING_V1,USA,Consulting / research / audit,541715,"anti-tamper executive agent, call #<n>, die in cavity vertically integrated packaging",1,2104522.0,1.0,68.08
USASPENDING_V1,USA,Consulting / research / audit,541715,"research, development, test and evaluation of test articles",1,3226043.0,1.0,68.08
USASPENDING_V1,USA,Consulting / research / audit,561210,"operations & maintenance services for usda, ars, southeast area, u.s. horticultural research laboratory, fort pierce, fl",1,5942687.89,1.0,68.08
USASPENDING_V1,USA,Consulting / research / audit,541990,strategic advisory services for gms (na-<n>),1,7848204.47,1.0,68.08
USASPENDING_V1,USA,Consulting / research / audit,541620,order for research and analysis division (rad) analytical support services for office of secure transportation - na-<n>,1,10832753.97,1.0,68.08
USASPENDING_V1,USA,Consulting / research / audit,541715,laboratory and scientific analysis,1,2293375.2,1.0,68.08
USASPENDING_V1,USA,Consulting / research / audit,541715,bonded unitized composites large-scale structural demonstration,1,18395518.0,1.0,68.08
USASPENDING_V1,USA,Consulting / research / audit,541711,research and development facilities,1,62146947.55,1.0,68.08
USASPENDING_V1,USA,Consulting / research / audit,541715,commercial weather data pilot - data validation and assimilation for precipitation radar constellation with technology r,1,16499984.95,1.0,68.08
USASPENDING_V1,USA,Consulting / research / audit,541611,environmental consulting for orphan wells program office (owpo),1,2500237.39,1.0,68.08
USASPENDING_V1,USA,Consulting / research / audit,541715,research and development sbir phase iii,1,7267373.03,1.0,68.08
USASPENDING_V1,USA,Consulting / research / audit,541715,precision nutrition research & development for the united states special operations command,1,18732618.83,1.0,68.08
USASPENDING_V1,USA,Consulting / research / audit,541715,spectral signature of objects in a space-like operational environment,1,3213300.0,1.0,68.08
USASPENDING_V1,USA,Consulting / research / audit,541715,to develop an intramuscular inactivated whole virus vaccine from early product selection through a phase i clinical tria,1,10006905.89,1.0,68.08
USASPENDING_V1,USA,Consulting / research / audit,541715,otv nozzle effort,1,3138532.01,1.0,68.08
USASPENDING_V1,USA,Consulting / research / audit,541712,igf::cl::igf imaging x-ray polarimetry explorer (ixpe) phase a,1,118319721.0,1.0,68.08
USASPENDING_V1,USA,Consulting / research / audit,541715,incremental funding for clin <n>,1,3266720.43,1.0,68.08
USASPENDING_V1,USA,Consulting / research / audit,541715,covid wastewater,1,8665208.0,1.0,68.08
USASPENDING_V1,USA,Consulting / research / audit,541712,igf::ot::igf base task - research and development,1,7689139.78,1.0,68.08
USASPENDING_V1,USA,Consulting / research / audit,541519,"analytical support, west point, ny <n>.       the contractor shall provide analytic services in support of oema research",1,2331278.04,1.0,68.08
USASPENDING_V1,USA,Consulting / research / audit,541711,preclinical models of infectious diseseas - development of ferret and hamster reagents for immunological studies,1,3545985.0,1.0,68.08
USASPENDING_V1,USA,Consulting / research / audit,541611,hud seeks a contractor who shall provide services related to research and business support to administer the large amoun,1,2485666.0,1.0,68.08
USASPENDING_V1,USA,Consulting / research / audit,541990,choice plus study,1,8740601.0,1.0,68.08
USASPENDING_V1,USA,Consulting / research / audit,541720,"pkh: lansberg: snyder, wingman connect r&d study",1,6527778.1,1.0,68.08
USASPENDING_V1,USA,Consulting / research / audit,541715,weapon systems research and analysis for the air force nuclear weapons center,1,236883827.0,1.0,68.08
USASPENDING_V1,USA,Consulting / research / audit,541715,grids iii overseas humanitarian assistance shared information system (ohasis),1,2427964.32,1.0,68.08
USASPENDING_V1,USA,Consulting / research / audit,541715,baa <n>-<n> univeristy of missouri  u<n>itd,1,3324973.0,1.0,68.08
USASPENDING_V1,USA,Consulting / research / audit,541720,cusp for hai prevention,1,7572896.0,1.0,68.08
USASPENDING_V1,USA,Consulting / research / audit,541330,enabling technologies: net zero and resilience applications for the army's industrial base facilities.,1,2877032.0,1.0,68.08
USASPENDING_V1,USA,Consulting / research / audit,541715,necotech automated crack sealing system - sequential phase ii tacfi necotech llc tacfi py<n>.<n> c<n> proposal #: f<n>s-,1,2000000.0,1.0,68.08
USASPENDING_V1,USA,Consulting / research / audit,541715,rapid innovation fund (rif): usaf additive manufacture (am) of tooling via large format material extrusion,1,2141409.69,1.0,68.08
USASPENDING_V1,USA,Consulting / research / audit,541715,multi-look for simultaneous,1,5799600.0,1.0,68.08
USASPENDING_V1,USA,Consulting / research / audit,541715,"novation from cpic to ucsf effect. <n>/<n>/<n>--surveillance, epidemiology, and end results (seer) program, pop: <n>/<n>",1,40678118.51,1.0,68.08
USASPENDING_V1,USA,Consulting / research / audit,541712,igf::ot::igf   dt <n>-<n> labor&odcs,1,12322568.0,1.0,68.08
USASPENDING_V1,USA,Consulting / research / audit,541715,"research programs office scientific, technical and administrative support",1,13338947.33,1.0,68.08
USASPENDING_V1,USA,Consulting / research / audit,541330,igf::ot::igf oasis direct award wosb pool <n> for logistics integration and operations research support services.,1,5337546.61,1.0,68.08
USASPENDING_V1,USA,Consulting / research / audit,541715,agile factory floor is a two-year effort aimed at minimizing the amount of permanent infrastructure necessary for safe a,1,4645800.0,1.0,68.08
USASPENDING_V1,USA,Consulting / research / audit,541720,technical assistance to support state efforts to integrate care for dual eligible individuals,1,9637185.46,1.0,68.08
USASPENDING_V1,USA,Consulting / research / audit,541330,marine surveyor support contract for ft. eustis watercraft inspection branch.,1,3920760.66,1.0,68.08
USASPENDING_V1,USA,Consulting / research / audit,541715,do laboratory prescribed and ad libitum use sessions represent real-world ends use,1,4511759.0,1.0,68.08
USASPENDING_V1,USA,Consulting / research / audit,541712,cambridge program,1,15896830.0,1.0,68.08
USASPENDING_V1,USA,Consulting / research / audit,541611,the contractor shall provide the necessary subject matter expertise and support to enable continued advancement of vas r,1,4573161.42,1.0,68.08
USASPENDING_V1,USA,Consulting / research / audit,541715,"phase iii sbir research and development contract for project titled ""canine freeze dried plasma system""",1,8761227.3,1.0,68.08
USASPENDING_V1,USA,Consulting / research / audit,541519,pkf/farnworth/wood - technology research and advisory services award,1,5072782.48,1.0,68.08
USASPENDING_V1,USA,Consulting / research / audit,541715,"optics, plasma technology and electro-magnetic antenna structures",1,3685756.0,1.0,68.08
USASPENDING_V1,USA,Consulting / research / audit,541715,hardened materials and processing research,1,14693291.0,1.0,68.08
USASPENDING_V1,USA,Consulting / research / audit,336413,mh<n> inductions and study,1,9844601.17,1.0,68.08
USASPENDING_V1,USA,Consulting / research / audit,541910,state prosecutors process mapping tool,1,8791579.6,1.0,68.08
USASPENDING_V1,USA,Consulting / research / audit,541990,ost st<n> statistics technical and consulting support,1,5568755.84,1.0,68.08
USASPENDING_V1,USA,Consulting / research / audit,541715,"new contract $<n>,<n>k under idiq for checked and carry-on baggage certification readiness testing (crt) support.",1,5954641.65,1.0,68.08
USASPENDING_V1,USA,Consulting / research / audit,541715,autonomouns collaborative coherent electromagnetic,1,2899991.9,1.0,68.08
USASPENDING_V1,USA,Consulting / research / audit,541330,"igf::ot::igf research and development advanced aircraft studies analyses, and test support (cpff), travel (cost no fee",1,9000000.0,1.0,68.08
USASPENDING_V1,USA,Consulting / research / audit,541715,agile apertures,1,3394425.0,1.0,68.08
USASPENDING_V1,USA,Consulting / research / audit,541611,"project coordination and subject matter expert support for high level strategic research security, counterintelligence, ",1,3311920.0,1.0,68.08
USASPENDING_V1,USA,Consulting / research / audit,541512,project chrysalis loe a-b,1,3292415.0,1.0,68.08
USASPENDING_V1,USA,Consulting / research / audit,541715,runway and airfield augmentation,1,2239804.0,1.0,68.08
USASPENDING_V1,USA,Consulting / research / audit,541715,study for leo demands,1,2739629.12,1.0,68.08
USASPENDING_V1,USA,Consulting / research / audit,541611,"base award: nimhd us burden of health disparities providing epidemiological research support on how diseases, injuries a",1,13152838.0,1.0,68.08
USASPENDING_V1,USA,Consulting / research / audit,541720,this task order supports the national household education (nhes) and the national training and education workforce surve,1,6057647.52,1.0,68.08
USASPENDING_V1,USA,Consulting / research / audit,541715,"award of zymeron's dha sbir phase ii medical r&d contract for ""development for a novel countermeasure, radiodefender, as",1,2999992.85,1.0,68.08
USASPENDING_V1,USA,Consulting / research / audit,541519,csips bpa call order for the it security,1,4821067.8,1.0,68.08
USASPENDING_V1,USA,Consulting / research / audit,541611,program and administrative support for aeronautics research mission directorate (armd),1,4411591.6,1.0,68.08
USASPENDING_V1,USA,Consulting / research / audit,541715,sprint #<n>,1,2977172.0,1.0,68.08
USASPENDING_V1,USA,Consulting / research / audit,541712,igf::ot::igf   technical evaluation for theoretical and experimental support for vulnerability and hardening (v&h) activ,1,2146078.74,1.0,68.08
USASPENDING_V1,USA,Consulting / research / audit,541611,s&t board study analysis,1,2676674.73,1.0,68.08
USASPENDING_V1,USA,Consulting / research / audit,541715,"research and development of innovative new capabilities in radar and optical data acquisition, processing and analysis. ",1,9999532.5,1.0,68.08
USASPENDING_V1,USA,Consulting / research / audit,541715,turbomachinery research and development,1,6699987.0,1.0,68.08
USASPENDING_V1,USA,Consulting / research / audit,541715,expendable data exfiltration (edex) advancements,1,3549231.0,1.0,68.08
USASPENDING_V1,USA,Consulting / research / audit,519290,"comprehensive research service contract. one <n>-month base period, one <n>-month option period. <n>/<n>/<n>-<n>/<n>/<n>",1,5934360.0,1.0,68.08
USASPENDING_V1,USA,Consulting / research / audit,541712,igf::ot::igf research&development for enhanced i.s.r. sensor&system capability note:  this is a nrl baa and the solicita,1,40644667.04,1.0,68.08
USASPENDING_V1,USA,Consulting / research / audit,541712,ct <n>-<n> collection and distribution of science and technology research results for defense technical information cent,1,16861053.0,1.0,68.08
USASPENDING_V1,USA,Consulting / research / audit,336413,weapons integration study,1,2630725.14,1.0,68.08
USASPENDING_V1,USA,Consulting / research / audit,541710,"<n>-<n>-<n>, <n>, <n> - tbtc study: case, texas, columbia",1,14771465.0,1.0,68.08
USASPENDING_V1,USA,Consulting / research / audit,541715,ethos:  custom synthetic endothermic fuel,1,4000000.0,1.0,68.08
USASPENDING_V1,USA,Consulting / research / audit,541715,space situational awareness (ssa) micro-satellite bus (agilesat),1,25244994.0,1.0,68.08
USASPENDING_V1,USA,Consulting / research / audit,541330,dso office - wide bfm support,1,5145895.28,1.0,68.08
USASPENDING_V1,USA,Consulting / research / audit,531120,"this call provides for repairs, maintenance, alterations, and electrical consumption to nasa hq.",1,7000000.0,1.0,68.08
USASPENDING_V1,USA,Consulting / research / audit,541715,"mission preparation (plan)  crew, instructor, and flight controller training (train) , and real-time mission execution (",1,428217039.51,1.0,68.08
USASPENDING_V1,USA,Consulting / research / audit,541611,atf strategic consulting,1,3635915.92,1.0,68.08
USASPENDING_V1,USA,Consulting / research / audit,541715,r&d services for low altitude nuclear explosion prototype development,1,11612881.0,1.0,68.08
USASPENDING_V1,USA,Consulting / research / audit,334516,provide long read sequencing kits to the laboratory of neurogenetics (lng) for neurodegenerative disease research.,1,2959768.21,1.0,68.08
USASPENDING_V1,USA,Consulting / research / audit,541715,magi trial research support,1,6068588.12,1.0,68.08
USASPENDING_V1,USA,Consulting / research / audit,541715,acquisition study on diminishing supplies/parts.,1,5499644.89,1.0,68.08
USASPENDING_V1,USA,Consulting / research / audit,541715,new darpa sbir phase ii // solicitation nsf <n>-<n>,1,5399999.84,1.0,68.08
USASPENDING_V1,USA,Consulting / research / audit,541611,pcg comparative billing report and program for evaluating payment patterns electronic report data analysis (pcg cbr/pepp,1,2991021.86,1.0,68.08
USASPENDING_V1,USA,Consulting / research / audit,541715,zero volt battery technology small business innovative research,1,6000000.0,1.0,68.08
USASPENDING_V1,USA,Consulting / research / audit,541715,"maturation of orbitec upper stage engine, sbir iii",1,3018245.0,1.0,68.08
USASPENDING_V1,USA,Consulting / research / audit,541611,department of veterans affairs universal stakeholder participation surveys (uspeq),1,3378695.81,1.0,68.08
USASPENDING_V1,USA,Consulting / research / audit,336414,"incorporate fpds transaction code <n> for ""ep basic implementation""",1,17621885.0,1.0,68.08
USASPENDING_V1,USA,Consulting / research / audit,541715,ibex research support services,1,2055881.92,1.0,68.08
USASPENDING_V1,USA,Consulting / research / audit,541715,embedded training for next generation combat systems contract effort will be in integration of existing and new live and,1,14736047.0,1.0,68.08
USASPENDING_V1,USA,Consulting / research / audit,541611,advisory & assistance services,1,39804976.73,1.0,68.08
USASPENDING_V1,USA,Consulting / research / audit,483114,"noaa, alaska fisheries science center - vessel charter to conduct biennial bottom trawl survey of alaskan groundfish",1,4981475.74,1.0,68.08
USASPENDING_V1,USA,Consulting / research / audit,541712,base effort - research&development,1,6826135.0,1.0,68.08
USASPENDING_V1,USA,Consulting / research / audit,541712,flumed igf::ot::igf for other functions,1,31266323.25,1.0,68.08
USASPENDING_V1,USA,Consulting / research / audit,518210,center for biologics evaluation and research (cber) requirement for their biologics effectiveness and safety (best) init,1,13239710.13,1.0,68.08
USASPENDING_V1,USA,Consulting / research / audit,541715,flight experiments on testbed,1,28063853.6,1.0,68.08
USASPENDING_V1,USA,Consulting / research / audit,541611,the purpose of this task order is to continue the national implementation of the hospital outpatient departments (hopds),1,4073623.0,1.0,68.08
USASPENDING_V1,USA,Consulting / research / audit,541715,"spectrum technical, policy, and strategic assessments for department of defense chief information officer electromagneti",1,44457149.0,1.0,68.08
USASPENDING_V1,USA,Consulting / research / audit,541611,youth risk behavior survey,1,6089471.0,1.0,68.08
USASPENDING_V1,USA,Consulting / research / audit,541715,repair of corroded fastener holes in hybrid airframes,1,17746306.0,1.0,68.08
USASPENDING_V1,USA,Consulting / research / audit,541712,research and development - tactical shelters team - aewd - igf::ot::igf,1,5413408.45,1.0,68.08
USASPENDING_V1,USA,Consulting / research / audit,541715,additive manufacturing at scale,1,4222161.34,1.0,68.08
USASPENDING_V1,USA,Consulting / research / audit,541712,"igf::ot::igf jackson heart study renewal undergraduate training and education center activities include, among other tas",1,5168467.93,1.0,68.08
USASPENDING_V1,USA,Consulting / research / audit,541715,advanced photon counting computed tomography,1,4141958.0,1.0,68.08
USASPENDING_V1,USA,Consulting / research / audit,541715,"cwmd obaa award to auton systems, llc for rpm research and development",1,2062286.58,1.0,68.08
USASPENDING_V1,USA,Consulting / research / audit,541715,scale ti am for critical airframe structures,1,8390350.0,1.0,68.08
USASPENDING_V1,USA,Consulting / research / audit,541715,safer ii - please contact the co directly if more information is needed.,1,3478621.0,1.0,68.08
USASPENDING_V1,USA,Consulting / research / audit,541219,pkh/santos/powell af/a<n> dsi advisory and assistance support services,1,11827170.77,1.0,68.08
USASPENDING_V1,USA,Consulting / research / audit,541715,thermoplastic composites for large high-rate aircraft structures,1,6699607.0,1.0,68.08
USASPENDING_V1,USA,Consulting / research / audit,541715,igf::ot::igf:: base year work effort,1,2148608.0,1.0,68.08
USASPENDING_V1,USA,Consulting / research / audit,541330,aft r&d,1,11476181.22,1.0,68.08
USASPENDING_V1,USA,Consulting / research / audit,541611,the objective of this contract is to provide support for the ongoing survey of chemical and biological information for p,1,3646672.31,1.0,68.08
USASPENDING_V1,USA,Consulting / research / audit,541614,the logistics support services contract supports the logistics management division at nasa ames research center. logisti,1,8016055.88,1.0,68.08
USASPENDING_V1,USA,Consulting / research / audit,541715,next generation zonal radar follow on contract,1,15254797.97,1.0,68.08
USASPENDING_V1,USA,Consulting / research / audit,541715,"rs<n> contract under w<n>p<n>t<n>d<n> entitled, ""soldier tactical/expidentiary power"" (step)",1,81902506.34,1.0,68.08
USASPENDING_V1,USA,Consulting / research / audit,541715,launch assessment threat indications and notification (latin),1,12482961.0,1.0,68.08
USASPENDING_V1,USA,Consulting / research / audit,541715,"advanced manufacturing of munitions, sbir phase iii",1,4515000.0,1.0,68.08
USASPENDING_V1,USA,Consulting / research / audit,541715,ir cps ws development and integration,1,4261956081.0,1.0,68.08
USASPENDING_V1,USA,Consulting / research / audit,541715,advanced manufacturing of energetics,1,9700440.0,1.0,68.08
USASPENDING_V1,USA,Consulting / research / audit,541712,sbir iii to<n>,1,2756534.0,1.0,68.08
USASPENDING_V1,USA,Consulting / research / audit,541720,shepherd <n> domain <n>-a<n> vision <n>.<n>,1,20348779.0,1.0,68.08
USASPENDING_V1,USA,Consulting / research / audit,541715,"to develop a process to automate the service life extension (sle) process, and to utilize the navy cartridge and propell",1,2150001.82,1.0,68.08
USASPENDING_V1,USA,Consulting / research / audit,541715,small business innovative research phase iii for radomes,1,2548188.25,1.0,68.08
USASPENDING_V1,USA,Consulting / research / audit,541519,provide services in support of u.s. army combat capabilities development command (devcom). this task order shall supply ,1,3811326.74,1.0,68.08
USASPENDING_V1,USA,Consulting / research / audit,541612,initiative to support promising research (inspire),1,4729781.94,1.0,68.08
USASPENDING_V1,USA,Consulting / research / audit,541611,national implementation of the in-center hemodialysis cahps survey,1,8257882.0,1.0,68.08
USASPENDING_V1,USA,Consulting / research / audit,541713,new award for <n>.<n>m over <n> years.,1,4191954.57,1.0,68.08
USASPENDING_V1,USA,Consulting / research / audit,541715,"advanced visualization, automation, and novel computing enterprise (advance) is to research, investigate, compare, and p",1,28479117.0,1.0,68.08
USASPENDING_V1,USA,Consulting / research / audit,541712,"igf::ot::igf project no. rc-<n>, restoring function to a novel ecosystem in the presence of one of the world's most dest",1,2117768.87,1.0,68.08
USASPENDING_V1,USA,Consulting / research / audit,541511,utilizing artificial intelligence for operational energy,1,3242533.81,1.0,68.08
USASPENDING_V1,USA,Consulting / research / audit,541690,mahidol oxford research tropical unit veterinary lab capacity building,1,8450392.66,1.0,68.08
USASPENDING_V1,USA,Consulting / research / audit,541715,atr mcas phase v.,1,21544940.0,1.0,68.08
USASPENDING_V1,USA,Consulting / research / audit,541512,high performance computing technical support,1,3620303.29,1.0,68.08
USASPENDING_V1,USA,Consulting / research / audit,541330,support for the amtrak daily long-distance service study project,1,12642963.42,1.0,68.08
USASPENDING_V1,USA,Consulting / research / audit,541712,nuclear detonation human survivability modeling,1,20849439.81,1.0,68.08
USASPENDING_V1,USA,Consulting / research / audit,541715,"this is a sbir iii contract in support of the dod, stemming from previous sbir phase i & ii topics including af<n>-<n>, ",1,467952788.15,1.0,68.08
USASPENDING_V1,USA,Consulting / research / audit,541611,dhs cisa has identified a requirement to assist cisas infrastructure security division with improving the security and r,1,3108199.79,1.0,68.08
USASPENDING_V1,USA,Consulting / research / audit,541715,award r&d services contract in fy<n> as a follow on to <n>za<n>c<n> to continue security feature development efforts.,1,2483161.5,1.0,68.08
USASPENDING_V1,USA,Consulting / research / audit,541611,this contract is for assistance to provide evaluation technical assistance and other supports to maximize the strength o,1,4485714.88,1.0,68.08
USASPENDING_V1,USA,Consulting / research / audit,541715,"hypersonic defense component technology, sow titled ""technology maturation of a cavity flow sensor"", research and develo",1,8783655.95,1.0,68.08
USASPENDING_V1,USA,Consulting / research / audit,336413,e-<n>d mgue risk reduction support,1,4814176.86,1.0,68.08
USASPENDING_V1,USA,Consulting / research / audit,541715,infections and immunoepidemiology branch (iib) & integrative tumor epidemiology branch (iteb) support services,1,10215340.0,1.0,68.08
USASPENDING_V1,USA,Consulting / research / audit,541715,applied research - mems fuzing and technology,1,2660159.56,1.0,68.08
USASPENDING_V1,USA,Consulting / research / audit,541611,igf::ot::igf economic and research analysis support,1,4020101.42,1.0,68.08
USASPENDING_V1,USA,Consulting / research / audit,541715,new darpa baa - castle - red pills: programs iteratively learning leveled-up strategies,1,2698551.0,1.0,68.08
USASPENDING_V1,USA,Consulting / research / audit,541715,vacuum electronics r&d support services,1,13208173.0,1.0,68.08
USASPENDING_V1,USA,Consulting / research / audit,541715,baa- adaptive framework for intelligent tutoring (afit). r&d for the generalizable intelligent framework for tutoring (g,1,4937189.62,1.0,68.08
USASPENDING_V1,USA,Consulting / research / audit,541715,"defense system technical analysis and assessment of survivability, vulnerabilities, and lethality for air force global s",1,45551443.0,1.0,68.08
USASPENDING_V1,USA,Consulting / research / audit,541715,fast processing of solid rocket nozzles and leading edges,1,3000000.0,1.0,68.08
USASPENDING_V1,USA,Consulting / research / audit,541715,reserved,1,89762768.0,1.0,68.08
USASPENDING_V1,USA,Consulting / research / audit,541715,chemical threats and threat materials hazard and risk analysis for the united states army combat capabilities developmen,1,32791937.0,1.0,68.08
USASPENDING_V1,USA,Consulting / research / audit,541715,high school students united with nasa to create hardware (hunch),1,4000000.0,1.0,68.08
USASPENDING_V1,USA,Consulting / research / audit,541715,dose-finding study of kratom alkaloids pilot,1,2370057.0,1.0,68.08
USASPENDING_V1,USA,Consulting / research / audit,541330,new contract: research library management and support contract.,1,4548330.47,1.0,68.08
USASPENDING_V1,USA,Consulting / research / audit,541990,traumatic brain injury center of excellence (tbicoe) research and support services,1,20347845.27,1.0,68.08
USASPENDING_V1,USA,Consulting / research / audit,541611,deloitte - hr high risk staffing study  automated staffing tool <n>.<n> and staff wellness program development,1,3569570.38,1.0,68.08
USASPENDING_V1,USA,Consulting / research / audit,541611,ira risk management modernization consulting services,1,2229312.0,1.0,68.08
USASPENDING_V1,USA,Consulting / research / audit,541715,characterization and assessment of threats by experiment analysis and research for the department of homeland security s,1,202345822.0,1.0,68.08
USASPENDING_V1,USA,Consulting / research / audit,335311,research and development of naval power systems,1,13434489.99,1.0,68.08
USASPENDING_V1,USA,Consulting / research / audit,541712,igf::ot::igf; pr <n>-<n>-<n> research and development for chemical/materials r&d and sensors/systems development,1,27469312.0,1.0,68.08
USASPENDING_V1,USA,Consulting / research / audit,541714,this contract includes preclinical and manufacturing development activities including cell line development process deve,1,65806222.33,1.0,68.08
USASPENDING_V1,USA,Consulting / research / audit,541715,"provide definitive evidence on the effectiveness, safety, and mechanisms of low titer group o whole blood (ltowb) and tr",1,37609453.78,1.0,68.08
USASPENDING_V1,USA,Consulting / research / audit,541715,research and development - <n>,1,13599509.17,1.0,68.08
USASPENDING_V1,USA,Consulting / research / audit,541715,risk-based assessments,1,3152956.64,1.0,68.08
USASPENDING_V1,USA,Consulting / research / audit,541715,this is a sequential phase ii small business innovation and research (sbir) to develop prototype unmanned aircraft.,1,44048027.0,1.0,68.08
USASPENDING_V1,USA,Consulting / research / audit,541714,scientific & technical research support services,1,41375507.93,1.0,68.08
USASPENDING_V1,USA,Consulting / research / audit,541990,"specialized technical, analytic, and program operations research and systems analysis (orsa) support services",1,22565005.63,1.0,68.08
USASPENDING_V1,USA,Consulting / research / audit,541612,the purpose of this requisition is to establish a contract for hr consulting services.,1,3317638.99,1.0,68.08
USASPENDING_V1,USA,Consulting / research / audit,519210,"subscription to westlaw online legal research service, a web-based, computer-assisted, legal, news, and business informa",1,3371514.6,1.0,68.08
USASPENDING_V1,USA,Consulting / research / audit,541715,<n>-<n>a: environmentally qualified miniaturized robust beam director.tracker for the towed optical plume simulator,1,3082316.13,1.0,68.08
USASPENDING_V1,USA,Consulting / research / audit,541712,igf::ot::igf   experimentation for sensor systems integration (ex-s<n>i) program army research laboratory sensors and el,1,35536671.0,1.0,68.08
USASPENDING_V1,USA,Consulting / research / audit,541611,advisory and assistance services support follow-on,1,9504739.56,1.0,68.08
USASPENDING_V1,USA,Consulting / research / audit,541715,life cycle research and analysis for cargo helicopter systems for cargo helicopter ch-<n> project management office,1,228085051.0,1.0,68.08
USASPENDING_V1,USA,Consulting / research / audit,336411,af-<n>-<n> grp b hardware delivery acquisition,1,2022373.0,1.0,68.08
USASPENDING_V1,USA,Consulting / research / audit,541715,base year command post shielding effectiveness improvements and complexing,1,3286926.0,1.0,68.08
USASPENDING_V1,USA,Consulting / research / audit,541715,technical training product development for the naval air systems command,1,42570641.0,1.0,68.08
USASPENDING_V1,USA,Consulting / research / audit,541715,smallsat electrospray thruster system development,1,2806685.74,1.0,68.08
USASPENDING_V1,USA,Consulting / research / audit,541715,ultra-stable telescope research and analysis - critical technologies (ultra-ct),1,8642331.0,1.0,68.08
USASPENDING_V1,USA,Consulting / research / audit,541712,operations analysis branch (oab),1,6025523.68,1.0,68.08
USASPENDING_V1,USA,Consulting / research / audit,541715,sbir phase iii mbse,1,141255859.47,1.0,68.08
USASPENDING_V1,USA,Consulting / research / audit,541620,"igf::ot::igf environmental, occupational health and safety services for foh regions <n>, <n>, <n>, <n>, <n>, <n>, <n>, <",1,11032333.96,1.0,68.08
USASPENDING_V1,USA,Consulting / research / audit,541715,"to develop advanced weapons technology, specifically related to counter-electronics high power microwave advanced missil",1,4084284.0,1.0,68.08
USASPENDING_V1,USA,Consulting / research / audit,541512,administrative management and general management consulting services,1,4937784.18,1.0,68.08
USASPENDING_V1,USA,Consulting / research / audit,541715,xona d<n>p<n>,1,3146202.1,1.0,68.08
USASPENDING_V1,USA,Consulting / research / audit,541715,<n> systematic evidence reviews to support the uspstf - group b,1,2826000.0,1.0,68.08
USASPENDING_V1,USA,Consulting / research / audit,541714,characterization of severe coronavirus infection,1,9412272.0,1.0,68.08
USASPENDING_V1,USA,Consulting / research / audit,541715,ministrike guided munition for uas,1,2424269.2,1.0,68.08
USASPENDING_V1,USA,Consulting / research / audit,541715,small business innovative research sbir iii to solve technologies for proposal phiii-<n> for application of saipa techno,1,2418510.0,1.0,68.08
USASPENDING_V1,USA,Consulting / research / audit,541990,the purpose of this contract is to acquire research and development to enhance a prototype data sharing arrangement for ,1,2229999.0,1.0,68.08
USASPENDING_V1,USA,Consulting / research / audit,541712,"igf::ot::igf initial award and funding for dt-<n>-<n> ""electronic warfare and test support for air national guard air fo",1,48891218.0,1.0,68.08
USASPENDING_V1,USA,Consulting / research / audit,541714,non-personal services for research support services for blast induced neurotrauma research and analysis at the walter re,1,9034489.09,1.0,68.08
USASPENDING_V1,USA,Consulting / research / audit,561110,igf::ct::igf this requirement is for the office of naval research (onr)  administrative and educational outreach support,1,3878927.72,1.0,68.08
USASPENDING_V1,USA,Consulting / research / audit,541715,"small business innovative research (sbir) phase iii ""maturation of snc upper stage vortex engine enhancement""",1,20151403.78,1.0,68.08
USASPENDING_V1,USA,Consulting / research / audit,541512,tamuct other direct costs,1,2982103.0,1.0,68.08
USASPENDING_V1,USA,Consulting / research / audit,336414,"sbir phase ii stratfi to apex technology, inc for multi-mission satellites for leo and geo dynamic space operations",1,30000000.0,1.0,68.08
USASPENDING_V1,USA,Consulting / research / audit,541512,agile scrum framework development support for the corporate information system (cis) application update&development,1,7052826.96,1.0,68.08
USASPENDING_V1,USA,Consulting / research / audit,541715,usaf bomber reliability and sustainment improvement program,1,39853433.0,1.0,68.08
USASPENDING_V1,USA,Consulting / research / audit,541715,ph<n> a<n> digital depot topic af<n>-cs<n>d mesh model generation (company grid raster),1,2000000.0,1.0,68.08
USASPENDING_V1,USA,Consulting / research / audit,541712,base yr - labor,1,8017298.05,1.0,68.08
USASPENDING_V1,USA,Consulting / research / audit,541715,manufacturing process improvement for alon production,1,8851478.0,1.0,68.08
USASPENDING_V1,USA,Consulting / research / audit,335314,national transonic facility (ntf) drive motor control system repairs at nasa langley research center (larc).,1,4382202.19,1.0,68.08
USASPENDING_V1,USA,Consulting / research / audit,541219,research consulting services,1,4054633.32,1.0,68.08
USASPENDING_V1,USA,Consulting / research / audit,541715,"kill chain integration and data weaponization research, analysis, and testing",1,20304702.0,1.0,68.08
USASPENDING_V1,USA,Consulting / research / audit,541380,characterize seroprevalence of sars cov-<n> antibodies in the us population,1,46421050.44,1.0,68.08
USASPENDING_V1,USA,Consulting / research / audit,541715,vbied detection technology development,1,5005940.0,1.0,68.08
USASPENDING_V1,USA,Consulting / research / audit,541715,"modification, production, maintenance and at sea operational support of naval research laboratory's autonomous underwate",1,18434402.5,1.0,68.08
USASPENDING_V1,USA,Consulting / research / audit,541715,"performance modeling toolkit for autonomous, trusted ai target detection, tracking and identification/classification",1,11919827.0,1.0,68.08
USASPENDING_V1,USA,Consulting / research / audit,541618,outreach engagement and stem consulting,1,4188344.28,1.0,68.08
USASPENDING_V1,USA,Consulting / research / audit,541715,phase iii small business innovative research effort for trackless moving targets,1,28348171.4,1.0,68.08
USASPENDING_V1,USA,Consulting / research / audit,541715,"survivability and vulnerability analysis, assessment, training, and education for usarpac",1,45702098.0,1.0,68.08
USASPENDING_V1,USA,Consulting / research / audit,541715,"lrbaa baa project entitled ""enhanced contact and non-contact trace explosives sampling and detection research topic.""",1,3356709.0,1.0,68.08
USASPENDING_V1,USA,Consulting / research / audit,541715,"services and materials necessary to conduct research under sbir topic mda<n>-<n>, entitled anti-tamper technology for mi",1,2739864.01,1.0,68.08
USASPENDING_V1,USA,Consulting / research / audit,541330,r&d research for aft,1,6778447.9,1.0,68.08
USASPENDING_V1,USA,Consulting / research / audit,541712,r&d - fy <n>  tas::<n> <n>::tas,1,2409415.68,1.0,68.08
USASPENDING_V1,USA,Consulting / research / audit,541712,sbir phase iii - falconsat propulsion experiment program,1,4029198.72,1.0,68.08
USASPENDING_V1,USA,Consulting / research / audit,541720,"igf::ot::igf - ""other functions"" - u.s. participation in the trends in international mathematics and science study (tims",1,22709456.61,1.0,68.08
USASPENDING_V1,USA,Consulting / research / audit,541611,professional consulting services,1,3758060.61,1.0,68.08
USASPENDING_V1,USA,Consulting / research / audit,541690,the purpose of this procurement is to provide research support services of low activity waste (law) glass crystallizatio,1,4584592.0,1.0,68.08
USASPENDING_V1,USA,Consulting / research / audit,541715,"<n>authority   deep throttling, liquid, bi propellant rocket engine",1,4498342.0,1.0,68.08
USASPENDING_V1,USA,Consulting / research / audit,541715,research&developement (base),1,2668177.0,1.0,68.08
USASPENDING_V1,USA,Consulting / research / audit,541715,"passive rf-based target detection, identification, and geolocation for rf seekers",1,4319938.27,1.0,68.08
USASPENDING_V1,USA,Consulting / research / audit,541715,triple raven (tr) mid-altitude demonstrator (mad-<n>) continuation and mad-<n> development,1,7068239.0,1.0,68.08
USASPENDING_V1,USA,Consulting / research / audit,541715,heterogeneous optical w/v-band demonstration (howd),1,16923957.0,1.0,68.08
USASPENDING_V1,USA,Consulting / research / audit,541715,industrialization of oxide/oxide composites for hypersonic,1,8764619.0,1.0,68.08
USASPENDING_V1,USA,Consulting / research / audit,334511,hp/<n> carbon dioxide removal by ionic liquid sorbent,1,9858109.77,1.0,68.08
USASPENDING_V1,USA,Consulting / research / audit,541715,one-meter class drilling for planetary exploration,1,15387998.0,1.0,68.08
USASPENDING_V1,USA,Consulting / research / audit,541715,auxilium phase <n>,1,9465734.0,1.0,68.08
USASPENDING_V1,USA,Consulting / research / audit,541715,chemical and biological defense research and development for the united states army combat capabilities development comm,1,28197476.0,1.0,68.08
USASPENDING_V1,USA,Consulting / research / audit,541720,"research&development services- ""officer talent management assessment research""",1,2659727.71,1.0,68.08
USASPENDING_V1,USA,Consulting / research / audit,541715,solar cruiser: solar sail system (sss) and active mass translator (amt),1,18758726.32,1.0,68.08
USASPENDING_V1,USA,Consulting / research / audit,541330,natural gas study sheppard afb,1,2545653.21,1.0,68.08
USASPENDING_V1,USA,Consulting / research / audit,541715,the purpose of this resource is to build and support a critical national biorepository of normal and lung diseasespecifi,1,3250000.0,1.0,68.08
USASPENDING_V1,USA,Consulting / research / audit,541715,development of prototype common operating picture capability baseline,1,11179316.0,1.0,68.08
USASPENDING_V1,USA,Consulting / research / audit,541611,par support,1,3752404.82,1.0,68.08
USASPENDING_V1,USA,Consulting / research / audit,541511,fda services for advanced information retrieval research system (airrs).,1,4412847.05,1.0,68.08
USASPENDING_V1,USA,Consulting / research / audit,541330,"defense science board, multi study support contract",1,9229824.7,1.0,68.08
USASPENDING_V1,USA,Consulting / research / audit,541990,windborne,1,6972225.0,1.0,68.08
USASPENDING_V1,USA,Consulting / research / audit,541715,sbir phase ii.<n> r&d for osd,1,5550893.85,1.0,68.08
USASPENDING_V1,USA,Consulting / research / audit,541715,radomes sbir ph iii,1,6648828.71,1.0,68.08
USASPENDING_V1,USA,Consulting / research / audit,541990,advisory & assistance services.,1,12088564.69,1.0,68.08
USASPENDING_V1,USA,Consulting / research / audit,541940,division of veterinary resources (dvr) animal care and research support - bethesda larc-<n>-dvr-<n>,1,8435249.0,1.0,68.08
USASPENDING_V1,USA,Consulting / research / audit,541715,"selection, production, characterization and distribution of cultured cells for research on aging",1,7985296.56,1.0,68.08
USASPENDING_V1,USA,Consulting / research / audit,541611,programmatic and advisory support services for the office of federal energy management programs (femp),1,8345249.0,1.0,68.08
USASPENDING_V1,USA,Consulting / research / audit,335311,"florida state university - center for advanced power systems (fsu-caps), tallahassee, florida, for research and developm",1,31449692.03,1.0,68.08
USASPENDING_V1,USA,Consulting / research / audit,541712,"expeditionary warfare technical analysis for the program executive office ships, amphibious warfare program office",1,40132291.0,1.0,68.08
USASPENDING_V1,USA,Consulting / research / audit,541611,"usda program management and advisory services (pm & as) for the office of human resources management (ohrm) diversity, r",1,3999982.9,1.0,68.08
USASPENDING_V1,USA,Consulting / research / audit,541715,scalable predictions and analytics of rare events in titanium alloys (sparta),1,4015377.0,1.0,68.08
USASPENDING_V1,USA,Consulting / research / audit,541712,research and development - baa advanced ground soldier systems r&d for simulation and wargaming,1,6149701.0,1.0,68.08
USASPENDING_V1,USA,Consulting / research / audit,541715,development of hypersonic vehicle flight test structure,1,9845965.0,1.0,68.08
USASPENDING_V1,USA,Consulting / research / audit,541715,pkf - moss - johnson - sbir iii s<n> installations & logistics support,1,2760000.0,1.0,68.08
USASPENDING_V1,USA,Consulting / research / audit,541611,data management services for adult and residental daycare survey,1,2399488.0,1.0,68.08
USASPENDING_V1,USA,Consulting / research / audit,334220,project hermes,1,2787734.0,1.0,68.08
USASPENDING_V1,USA,Consulting / research / audit,541611,the evaluation technical assistance for education innovation and research program grantees fiscal year (fy) <n> cohort r,1,2740991.5,1.0,68.08
USASPENDING_V1,USA,Consulting / research / audit,541519,the purpose of this contract is to obtain vm strategic initiatives and devops support/policy & governance support.,1,14201790.18,1.0,68.08
USASPENDING_V1,USA,Consulting / research / audit,541712,electromagnetic pulse (emp) advanced testing and technical assistance for system vulnerabilities and assessments,1,32141639.6,1.0,68.08
USASPENDING_V1,USA,Consulting / research / audit,541712,"igf::ot::igf  task order award for dt-<n>-<n>, stosi support",1,46935603.0,1.0,68.08
USASPENDING_V1,USA,Consulting / research / audit,541380,igf::cl::igf analytical laboratory support for the technical support center located at the andrew w. briedenbach environ,1,6528359.39,1.0,68.08
USASPENDING_V1,USA,Consulting / research / audit,336411,smwg study,1,2000000.0,1.0,68.08
USASPENDING_V1,USA,Consulting / research / audit,336415,<n>-day study vc<n> for sls,1,10175741.0,1.0,68.08
USASPENDING_V1,USA,Consulting / research / audit,541715,sbir phase iii sba afwerx building the ecosystem,1,11920164.68,1.0,68.08
USASPENDING_V1,USA,Consulting / research / audit,541715,this contract is for the services required to support the roman space telescope science support center,1,53296381.0,1.0,68.08
USASPENDING_V1,USA,Consulting / research / audit,541715,"research and development contract, joint warfighter proposal jw<n> titled partially automated critical care management (",1,4490086.0,1.0,68.08
USASPENDING_V1,USA,Consulting / research / audit,336411,non-acat fy<n> rif product support business case analysis,1,2536677.17,1.0,68.08
USASPENDING_V1,USA,Consulting / research / audit,541715,new award to cntr to fully integrate legacy data from the ntrr into the fitbir is.,1,2708655.44,1.0,68.08
USASPENDING_V1,USA,Consulting / research / audit,541715,protected species aerial surveys in the massachusetts and rhode island wind energy areas,1,2810395.23,1.0,68.08
USASPENDING_V1,USA,Consulting / research / audit,541330,igt::ot::igr usfk cwmd planning support,1,2059974.73,1.0,68.08
USASPENDING_V1,USA,Consulting / research / audit,541611,support services for the herd survey,1,5150405.84,1.0,68.08
USASPENDING_V1,USA,Consulting / research / audit,541990,health plan cost comparison study,1,2642480.04,1.0,68.08
USASPENDING_V1,USA,Consulting / research / audit,541715,"synthesis, exploitation, analysis, and belief for autonomous sensor systems (seabass)",1,4000000.0,1.0,68.08
USASPENDING_V1,USA,Consulting / research / audit,541712,fms - base period,1,46835281.17,1.0,68.08
USASPENDING_V1,USA,Consulting / research / audit,541712,optical radiation safety,1,2082829.0,1.0,68.08
USASPENDING_V1,USA,Consulting / research / audit,541990,human systems integration services (hsi) for army systems.,1,4470416.64,1.0,68.08
USASPENDING_V1,USA,Consulting / research / audit,541715,savit corporation responded to a <n> army request for proposals with a july <n> white paper outlining their innovative i,1,4318373.49,1.0,68.08
USASPENDING_V1,USA,Consulting / research / audit,541620,technical support services for national environmental policy act  compliance associated with the pit production program ,1,4496914.23,1.0,68.08
USASPENDING_V1,USA,Consulting / research / audit,541330,"this is a continuation of previous sbir phase i, phase ii and tacfi efforts to provide the technology and continue the a",1,6457272.03,1.0,68.08
USASPENDING_V1,USA,Consulting / research / audit,541715,division of microbiology and infectious diseases: regulatory affairs support,1,18038206.0,1.0,68.08
USASPENDING_V1,USA,Consulting / research / audit,541715,"<n>authority. small business innovation research phase ii sequential, topic a<n>-<n>: electronic protection asic soc app",1,2799437.36,1.0,68.08
USASPENDING_V1,USA,Consulting / research / audit,237120,inspect and modernization of fuel tanks and pipeline at pump houses <n> & <n> and cathodic protection repairs and survey,1,5000472.0,1.0,68.08
USASPENDING_V1,USA,Consulting / research / audit,541715,"department of defense (dod) rapid innovation fund (rif) effort for statement of work entitled, ""universal seeker camera ",1,2299851.77,1.0,68.08
USASPENDING_V1,USA,Consulting / research / audit,517919,the purpose of this negotiation is to definitize the university of new hampshire (unh) proposal for phase e effort on th,1,18647647.0,1.0,68.08
USASPENDING_V1,USA,Consulting / research / audit,541330,igf::ot::igf  this task order purchases research and development efforts to increase the performance yield and cost effi,1,34811245.89,1.0,68.08
USASPENDING_V1,USA,Consulting / research / audit,541611,title iv-e prevention services clearinghouse,1,8803125.15,1.0,68.08
USASPENDING_V1,USA,Consulting / research / audit,541714,lanzatech contract off baa,1,2148485.0,1.0,68.08
USASPENDING_V1,USA,Consulting / research / audit,541712,"united states air force bomber reliability and sustainment improvement program, aflcmc,wwd b<n> bomber division",1,40152364.0,1.0,68.08
USASPENDING_V1,USA,Consulting / research / audit,541715,alternative embedded distributed electric propulsion for short take off and landing,1,14859303.9,1.0,68.08
USASPENDING_V1,USA,Consulting / research / audit,541712,igf::ot::igf components and subsystems trade studies and analysis for afrl,1,46061453.0,1.0,68.08
USASPENDING_V1,USA,Consulting / research / audit,541712,"igf::ot::igf      dt<n>-<n>  research, analysis, and recommendations to the naval surface warfare center panama city div",1,52579816.0,1.0,68.08
USASPENDING_V1,USA,Consulting / research / audit,611710,the international association for the evaluation of education achievement (iea) develops instruments for national data c,1,2911726.0,1.0,68.08
USASPENDING_V1,USA,Consulting / research / audit,541715,infrared radiation effects laboratory (irrel) operation and improvements,1,7687489.0,1.0,68.08
USASPENDING_V1,USA,Consulting / research / audit,541211,office of the inspector general - financial audit services task order against gsa oasis pool <n> contract.,1,6945815.27,1.0,68.08
USASPENDING_V1,USA,Consulting / research / audit,541990,license and support for phoenix survey team,1,8379334.0,1.0,68.08
USASPENDING_V1,USA,Consulting / research / audit,541715,develop bunker vision sensor prototype in three phases,1,3161442.13,1.0,68.08
USASPENDING_V1,USA,Consulting / research / audit,541990,centers of excellence task order for s&t analysis and management of innovation activity (stamina) iv,1,2142576.17,1.0,68.08
USASPENDING_V1,USA,Consulting / research / audit,541712,management task order for ore&ss,1,3485035.0,1.0,68.08
USASPENDING_V1,USA,Consulting / research / audit,541715,medical synthetic training environment (ste) integration testbed for evaluation.,1,2212839.0,1.0,68.08
USASPENDING_V1,USA,Consulting / research / audit,541715,congressional interest item / manufacturing technology for hypersonic airbreathing cruise missile,1,9261250.0,1.0,68.08
USASPENDING_V1,USA,Consulting / research / audit,541712,"igf::ot::igf solutions improve chem&bio incident situational awarenerss, info sharing, and dec mak-new award open open",1,12376479.0,1.0,68.08
USASPENDING_V1,USA,Consulting / research / audit,541715,"research, development, test, and evaluation and analysis for naval air systems command airborne electronic attack system",1,94336413.0,1.0,68.08
USASPENDING_V1,USA,Consulting / research / audit,541714,general support services,1,10935907.23,1.0,68.08
USASPENDING_V1,USA,Consulting / research / audit,541714,the scope of the proposed program includes manufacture of sabin?s sudan ebolavirus vaccine (bulk drug substance (bds) an,1,163082415.98,1.0,68.08
USASPENDING_V1,USA,Consulting / research / audit,541715,quantum sensing electromagnetic warfare,1,14157399.81,1.0,68.08
USASPENDING_V1,USA,Consulting / research / audit,621511,"non personal support services for diagnostic countermeasures branch at the walter reed army institute of research, silve",1,34183966.3,1.0,68.08
USASPENDING_V1,USA,Consulting / research / audit,541714,"a partnership between the agreement recipient, walgreens, and biomedical advanced research and development authority (ba",1,3468614.0,1.0,68.08
USASPENDING_V1,USA,Consulting / research / audit,541712,advanced electronic warfare support,1,10535810.0,1.0,68.08
USASPENDING_V1,USA,Consulting / research / audit,541715,development of neutron-based interrogation technologies for poe screening  dhs requires the ability to non-intrusively s,1,9088579.42,1.0,68.08
USASPENDING_V1,USA,Consulting / research / audit,541990,the purpose of this requisition is to commit funding for next generation <n>-<n>-<n> interoperability testing program.,1,5050000.0,1.0,68.08
USASPENDING_V1,USA,Consulting / research / audit,541712,base: research support services,1,6817233.0,1.0,68.08
USASPENDING_V1,USA,Consulting / research / audit,AN42,r&d-health svcs-a res/expl dev,1,48967890.74,0.0,68.08
USASPENDING_V1,USA,Consulting / research / audit,541715,"bringing responsive operations through novel computing on-demand (bronco). perform research and development (r&d), model",1,39527629.0,1.0,68.08
USASPENDING_V1,USA,Consulting / research / audit,541715,genetic toxicology support for the ntp and the niehs,1,3805709.26,1.0,68.08
USASPENDING_V1,USA,Consulting / research / audit,541519,"research memberships, analysis and benchmarking services",1,3242898.75,1.0,68.08
USASPENDING_V1,USA,Consulting / research / audit,541330,condensing heat exchanger,1,7689886.0,1.0,68.08
USASPENDING_V1,USA,Consulting / research / audit,541519,cx study.,1,2800000.0,1.0,68.08
USASPENDING_V1,USA,Consulting / research / audit,541990,its<n>us deployment program technical services support,1,4149912.86,1.0,68.08
USASPENDING_V1,USA,Consulting / research / audit,541712,igf::ct::igf base yr post doctoral fellowship program,1,5546291.0,1.0,68.08
USASPENDING_V1,USA,Consulting / research / audit,541715,advance x-ray transport and radiation response analysis toolkit developments & enhancements,1,8494450.0,1.0,68.08
USASPENDING_V1,USA,Consulting / research / audit,541714,advanced research and development and delivery of adult and pediatric midazolam autoinjectors that have received emergen,1,104152986.0,1.0,68.08
USASPENDING_V1,USA,Consulting / research / audit,541611,sexual risk avoidance education performance analysis study <n>.<n> (srae pas <n>.<n>),1,4239530.0,1.0,68.08
USASPENDING_V1,USA,Consulting / research / audit,541712,electromagnetic environment definition and electromagnetic interference research and development analysis to the departm,1,4874996.0,1.0,68.08
USASPENDING_V1,USA,Consulting / research / audit,541715,power and mobility research and development for the united states army combat capabilities development command ground ve,1,197244261.0,1.0,68.08
USASPENDING_V1,USA,Consulting / research / audit,541714,execution of the clinical method comparison study and regulatory submission required to be granted clia-waiver from the ,1,9183030.0,1.0,68.08
USASPENDING_V1,USA,Consulting / research / audit,541715,research and development labor,1,33462297.0,1.0,68.08
USASPENDING_V1,USA,Consulting / research / audit,541611,"part c, part d, and hhs federally-certified risk adjustment model research, development and maintenance",1,21308200.55,1.0,68.08
USASPENDING_V1,USA,Consulting / research / audit,541715,this effort develops a wideband <n>-<n> ghz self-interference cancellation (sic) system with integrated sensing mechanis,1,3401646.0,1.0,68.08
USASPENDING_V1,USA,Consulting / research / audit,541712,<n>i emory university; vteu; to <n>n<n>f<n>-<n>-<n>.b<n>c<n>d<n>.<n>--task area b-d wolbachia-infected aedes aegypti mos,1,7999514.0,1.0,68.08
USASPENDING_V1,USA,Consulting / research / audit,541715,animal husbandry and research spt svc,1,4984594.04,1.0,68.08
USASPENDING_V1,USA,Consulting / research / audit,541715,"prototype development - if more information is needed, please contact the contracting officer directly.",1,8135149.0,1.0,68.08
USASPENDING_V1,USA,Consulting / research / audit,541712,"igf::ot::igf  <n>-<n>-<n>  system development, support and integration (optical and rf payloads)",1,28008676.03,1.0,68.08
USASPENDING_V1,USA,Consulting / research / audit,541330,eo<n>  office of procurement (ops research analyst),1,3120395.22,1.0,68.08
USASPENDING_V1,USA,Consulting / research / audit,541330,nga r&d,1,2504379.28,1.0,68.08
USASPENDING_V1,USA,Consulting / research / audit,541712,igf::ot::igf system acquisition and reliability improvement for ch-<n> cargo helicopter project management office and fi,1,32320089.0,1.0,68.08
USASPENDING_V1,USA,Consulting / research / audit,541715,assessment of highly pathogenic avian influenza (h<n>n<n>) among dairy farm workers,1,3826238.0,1.0,68.08
USASPENDING_V1,USA,Consulting / research / audit,541715,modernization research and analysis for naval air warfare center training systems division (nawctsd),1,88646364.0,1.0,68.08
USASPENDING_V1,USA,Consulting / research / audit,541714,development of medical countermeasures through planned clinical trials and outbreak preparedness,1,3004498.02,1.0,68.08
USASPENDING_V1,USA,Consulting / research / audit,541715,convergence lab initiative (cli),1,17858565.0,1.0,68.08
USASPENDING_V1,USA,Consulting / research / audit,541715,phase <n>:  base period_,1,5632809.0,1.0,68.08
USASPENDING_V1,USA,Consulting / research / audit,511130,renewal of reuters westlaw online legal research subscription.,1,2784864.0,1.0,68.08
USASPENDING_V1,USA,Consulting / research / audit,541715,"climate absolute radiance and refractivity observatory pathfinder instrument, payload, and mission operations",1,88603827.96,1.0,68.08
USASPENDING_V1,USA,Consulting / research / audit,541712,igf::ot::igf darpa baa <n>-<n> phase <n> (base program),1,40731884.0,1.0,68.08
USASPENDING_V1,USA,Consulting / research / audit,541715,task order for joint antiair combat effectiveness (j-ace) integrated product team (ipt) and products: joint antiair mode,1,11922035.07,1.0,68.08
USASPENDING_V1,USA,Consulting / research / audit,541712,electromagnetic pulse advance testing and technical assistance for systems vulnerabilities and assessments,1,23432974.0,1.0,68.08
USASPENDING_V1,USA,Consulting / research / audit,541611,"recognize assist, include, support, and engage (raise) caregivers act, family caregiving advisory council (fcac), and ad",1,2845481.43,1.0,68.08
USASPENDING_V1,USA,Consulting / research / audit,541611,child care and early education policy and research analyses (cceepra),1,8119573.0,1.0,68.08
USASPENDING_V1,USA,Consulting / research / audit,541512,to for cpic advisory&support services,1,39138378.46,1.0,68.08
USASPENDING_V1,USA,Consulting / research / audit,541620,"environmental, occupational health and safety services for foh regions <n>, <n>, <n>, <n>, <n>, <n>, <n>, <n> and <n>.",1,4204863.93,1.0,68.08
USASPENDING_V1,USA,Consulting / research / audit,541715,impulse space phase <n> stratfi,1,15000000.0,1.0,68.08
USASPENDING_V1,USA,Consulting / research / audit,541715,rapid battlespace identification,1,2999913.0,1.0,68.08
USASPENDING_V1,USA,Consulting / research / audit,541512,recovery auditor contractor data warehouse (racdw),1,58949377.76,1.0,68.08
USASPENDING_V1,USA,Consulting / research / audit,541512,pks-warren-kido : saf/cn advisory and assistance bridge contract,1,4882272.0,1.0,68.08
USASPENDING_V1,USA,Consulting / research / audit,541715,deter open ara persist,1,24476289.0,1.0,68.08
USASPENDING_V1,USA,Consulting / research / audit,481212,commercial lunar payload services (clps) task order ct-<n>,1,18720211.0,1.0,68.08
USASPENDING_V1,USA,Consulting / research / audit,541715,lunar compact infrared system (l-ciris),1,5029295.0,1.0,68.08
USASPENDING_V1,USA,Consulting / research / audit,541715,alpha <n> system operational evaluation.,1,3331913.0,1.0,68.08
USASPENDING_V1,USA,Consulting / research / audit,541715,igf::ot::ifg - rif research and development,1,2926983.0,1.0,68.08
USASPENDING_V1,USA,Consulting / research / audit,541715,engine mechanical system lubrication/material technology r&d,1,3840629.0,1.0,68.08
USASPENDING_V1,USA,Consulting / research / audit,541715,collaborative research study,1,2155504.82,1.0,68.08
USASPENDING_V1,USA,Consulting / research / audit,541712,"to under mac idiq for research field #<n>  ""eo<n>""",1,2640281.71,1.0,68.08
USASPENDING_V1,USA,Consulting / research / audit,541611,"j<n> weapon system sustainment (wss), acquisition modernization technology research (amtr), and dla applied research & t",1,8057048.58,1.0,68.08
USASPENDING_V1,USA,Consulting / research / audit,541611,scale up pilot of the data system for the nsf research experiences programs,1,6545761.0,1.0,68.08
USASPENDING_V1,USA,Consulting / research / audit,336414,sip iv hardware ecp,1,310167925.31,1.0,68.08
USASPENDING_V1,USA,Consulting / research / audit,541715,advanced fuzing for non-ballistic reentry vehicles,1,7606659.0,1.0,68.08
USASPENDING_V1,USA,Consulting / research / audit,541715,iac mac pool <n> <n>-<n> chemical countermeasures research program product development support services for medical coun,1,5573254.0,1.0,68.08
USASPENDING_V1,USA,Consulting / research / audit,541712,continuous anomalous orbital situation determination (caos-d),1,38063737.0,1.0,68.08
USASPENDING_V1,USA,Consulting / research / audit,541710,this performance-based management contract (pbmc) is for the management and operation of the ernest orlando lawrence ber,1,21256597249.04,1.0,68.08
USASPENDING_V1,USA,Consulting / research / audit,611310,baa scavenger,1,8348683.0,1.0,68.08
USASPENDING_V1,USA,Consulting / research / audit,541714,study to evaluate the effects of opioids and benzodiazepines hannon act committee,1,2931380.08,1.0,68.08
USASPENDING_V1,USA,Consulting / research / audit,541611,medicare fee-for-service corrective action strategic analysis effort,1,4476486.0,1.0,68.08
USASPENDING_V1,USA,Consulting / research / audit,541715,r&d research for ba proposal #ba<n> for the autonomous delivery of trauma care in the field.,1,5397228.0,1.0,68.08
USASPENDING_V1,USA,Consulting / research / audit,541711,contract #hhsn<n>i; university of georgia; production and distribution of filarial research reagents; base award; can <n,1,3961574.0,1.0,68.08
USASPENDING_V1,USA,Consulting / research / audit,541720,national longitudinal surveys recompete,1,21589953.0,1.0,68.08
USASPENDING_V1,USA,Consulting / research / audit,541712,"igf::ot::igf : purity specifications, storage and distribution for medications development. july <n>, <n> - july <n>, <n",1,2729876.59,1.0,68.08
USASPENDING_V1,USA,Consulting / research / audit,541715,enhance solid rocket motor development,1,14942809.12,1.0,68.08
USASPENDING_V1,USA,Consulting / research / audit,541715,"baa <n>-<n>, year <n> graphene-enabled technologies for ground combat operations in accordance with proposal baa <n>-<n>",1,9977075.0,1.0,68.08
USASPENDING_V1,USA,Consulting / research / audit,336413,emals and aag f<n> compatibility baseline updates,1,8356335.0,1.0,68.08
USASPENDING_V1,USA,Consulting / research / audit,541611,"advisory and assistance services, acquisition support services",1,3854358.98,1.0,68.08
USASPENDING_V1,USA,Consulting / research / audit,541330,"boundary line survey, linear segmentation, and water study for usafa, farish and bullseye.",1,16849634.18,1.0,68.08
USASPENDING_V1,USA,Consulting / research / audit,541714,vir biotechnology - ota for pre-exposure prophylactic monoclonal antibodies for the prevention of influenza illness and ,1,65867803.99,1.0,68.08
USASPENDING_V1,USA,Consulting / research / audit,541330,this contract is for advisory & assistance services for space operations command and us space command,1,10168023.27,1.0,68.08
USASPENDING_V1,USA,Consulting / research / audit,541715,research and development: hypersonics supply chain research,1,30488803.0,1.0,68.08
USASPENDING_V1,USA,Consulting / research / audit,541330,analysis service solutions for each task  asset <n>,1,12020023.83,1.0,68.08
USASPENDING_V1,USA,Consulting / research / audit,541715,jinttactt will support the emerging needs of airmen and guardians using competency-based and personalized instructional ,1,6239646.0,1.0,68.08
USASPENDING_V1,USA,Consulting / research / audit,541715,"united states special operations command, mindfulness-based attention training in special operations forces",1,2931016.0,1.0,68.08
USASPENDING_V1,USA,Consulting / research / audit,541715,advancing thermal protection systems for hypersonic missiles,1,4735048.92,1.0,68.08
USASPENDING_V1,USA,Consulting / research / audit,541712,surface ew systems research & prototype,1,3486462.18,1.0,68.08
USASPENDING_V1,USA,Consulting / research / audit,541715,pkh-weston-elmore-award to support saf/sa's requirement for force structure support.,1,12987798.67,1.0,68.08
USASPENDING_V1,USA,Consulting / research / audit,541715,services in support of the current federal fire incident reporting and management systems & contemporary needs of the us,1,27104510.7,1.0,68.08
USASPENDING_V1,USA,Consulting / research / audit,541715,university of st andrews rc<n>-<n>,1,3582172.0,1.0,68.08
USASPENDING_V1,USA,Consulting / research / audit,541611,implementation of the medicare pdp and ma plan disenrollment reason survey,1,10324057.0,1.0,68.08
USASPENDING_V1,USA,Consulting / research / audit,541715,new darpa sbir phase ii contract solicitation:  hr<n>s<n>,1,4698846.84,1.0,68.08
USASPENDING_V1,USA,Consulting / research / audit,541715,enhanced airman alignment,1,3000000.0,1.0,68.08
USASPENDING_V1,USA,Consulting / research / audit,541715,"advance terasense lynx prototype application tacfi, sbir phase iib",1,3600000.0,1.0,68.08
USASPENDING_V1,USA,Consulting / research / audit,541990,"northern command intelligence analysis, administrative and advisory support services. this contract will support all org",1,13113860.8,1.0,68.08
USASPENDING_V1,USA,Consulting / research / audit,541330,::other function::  task order #<n> for the overall management and administration of the omia contract. this task order ,1,3136624.97,1.0,68.08
USASPENDING_V1,USA,Consulting / research / audit,541620,environmental consulting- environmental restoration (cleanup) program support services,1,2403738.57,1.0,68.08
USASPENDING_V1,USA,Consulting / research / audit,541715,high-power electromagnetic (hpem) numerical simulation tool development,1,3727729.0,1.0,68.08
USASPENDING_V1,USA,Consulting / research / audit,541611,base period (year <n>) management and research support for the genetic and rare diseases (gard) information center and r,1,9593686.93,1.0,68.08
USASPENDING_V1,USA,Consulting / research / audit,541715,altc/ultc,1,99353440.45,1.0,68.08
USASPENDING_V1,USA,Consulting / research / audit,541715,firestorm expeditionary manufacturing cell (xcell),1,17340517.0,1.0,68.08
USASPENDING_V1,USA,Consulting / research / audit,541715,land based test site of shipboard power systems in support of pms <n> for naval power and energy storage research and de,1,66547430.0,1.0,68.08
USASPENDING_V1,USA,Consulting / research / audit,541720,end stage renal disease (esrd) treatment choices (etc) model program analysis and technical support,1,4230657.21,1.0,68.08
USASPENDING_V1,USA,Consulting / research / audit,541690,independent economic data collection for cost of living indexes,1,3332609.26,1.0,68.08
USASPENDING_V1,USA,Consulting / research / audit,541712,igf::ot::igf fiesta trafalgar,1,5723221.0,1.0,68.08
USASPENDING_V1,USA,Consulting / research / audit,541715,vision center of excellence education and clinical research support services,1,3933593.16,1.0,68.08
USASPENDING_V1,USA,Consulting / research / audit,541715,administrative directorate,1,2963711.16,1.0,68.08
USASPENDING_V1,USA,Consulting / research / audit,541714,"darpa triage challenge (dtc) virtual testbed for the signatures of trauma for algorithm-assisted clinical assessment, tr",1,4630147.0,1.0,68.08
USASPENDING_V1,USA,Consulting / research / audit,541715,task order for mmw idx screening at speed activities,1,3680797.45,1.0,68.08
USASPENDING_V1,USA,Consulting / research / audit,541720,"""other function"" igf::ot::igf  the purpose of the second follow-up of the high school longitudinal study of <n> (f<n> hs",1,16901998.11,1.0,68.08
USASPENDING_V1,USA,Consulting / research / audit,541712,agile information environment advanced protected services,1,2856564.0,1.0,68.08
USASPENDING_V1,USA,Consulting / research / audit,541715,research and analysis,1,208844789.0,1.0,68.08
USASPENDING_V1,USA,Consulting / research / audit,541715,mds developmental flight test infastructure afrif,1,2698466.0,1.0,68.08
USASPENDING_V1,USA,Consulting / research / audit,541611,acf opre support for analytic capacity of national survey of early care and education (nsece) data <n>,1,10173522.39,1.0,68.08
USASPENDING_V1,USA,Consulting / research / audit,541611,follow-on task order for scholarship support services to gmg management consulting (gmg).,1,2497126.2,1.0,68.08
USASPENDING_V1,USA,Consulting / research / audit,541512,hive iq small business innovation research phase iii,1,7541255.0,1.0,68.08
USASPENDING_V1,USA,Consulting / research / audit,541715,operational inspection of bomber size lo aircraft,1,7391216.0,1.0,68.08
USASPENDING_V1,USA,Consulting / research / audit,541611,advisory committee on immunization practices support services,1,3536761.6,1.0,68.08
USASPENDING_V1,USA,Consulting / research / audit,541715,igf::ot::igf nonhuman primate core humoral immunology laboratory for aids vaccine research and development,1,17977569.61,1.0,68.08
USASPENDING_V1,USA,Consulting / research / audit,541990,"task order for the project titled, conduct data administration support and perform analytical services for the highway s",1,2442260.0,1.0,68.08
USASPENDING_V1,USA,Consulting / research / audit,541715,next generation lunar retroreflectors (nglr),1,2653770.0,1.0,68.08
USASPENDING_V1,USA,Consulting / research / audit,541715,development of <n>mm n+ga<n>o<n> substrates,1,2078260.0,1.0,68.08
USASPENDING_V1,USA,Consulting / research / audit,541715,"in support of the ousd(re) mission, the department of defense (dod) office of strategic capital (osc) attracts and scale",1,11481908.52,1.0,68.08
USASPENDING_V1,USA,Consulting / research / audit,541715,automated interview development,1,2990853.0,1.0,68.08
USASPENDING_V1,USA,Consulting / research / audit,541715,"research&development, platform integration associated with reactive electronic attack measures (ream)",1,8113057.18,1.0,68.08
USASPENDING_V1,USA,Consulting / research / audit,541715,"research, analysis, development, and planning of force projection technologies and laboratories united states army comba",1,37982562.0,1.0,68.08
USASPENDING_V1,USA,Consulting / research / audit,541990,"contract will provide support to the center for biologics evaluation and research (cber), office of vaccines research an",1,3199585.22,1.0,68.08
USASPENDING_V1,USA,Consulting / research / audit,336992,igf::ot::igf,1,378527341.7,1.0,68.08
USASPENDING_V1,USA,Consulting / research / audit,541990,hiv risk questionnaire (hrq) study: an assessment of the predictive value of a panel of questions for recent infection w,1,4767860.6,1.0,68.08
USASPENDING_V1,USA,Consulting / research / audit,541611,new obp bpa call for c-ied bombing threat prevention training,1,5202620.48,1.0,68.08
USASPENDING_V1,USA,Consulting / research / audit,541720,basic contract award,1,2279685.76,1.0,68.08
USASPENDING_V1,USA,Consulting / research / audit,541990,labor base jcids analyst - tsam,1,3571636.37,1.0,68.08
USASPENDING_V1,USA,Consulting / research / audit,541715,"research and development, hdct effort titled ""modeling and experimentation of laser interaction with plasma""",1,8522568.0,1.0,68.08
USASPENDING_V1,USA,Consulting / research / audit,541715,"research and analysis of technical, logistics, business activities, and contingency operations for army product manager ",1,53843821.0,1.0,68.08
USASPENDING_V1,USA,Consulting / research / audit,541710,tas::<n> <n>::tas   the atomospheric image assembly,1,146711460.0,1.0,68.08
USASPENDING_V1,USA,Consulting / research / audit,541720,dhp- development of ai/ml tools,1,8149104.0,1.0,68.08
USASPENDING_V1,USA,Consulting / research / audit,611310,national history of sars-cov-<n> infection,1,6115923.21,1.0,68.08
USASPENDING_V1,USA,Consulting / research / audit,541714,optical radiation bioeffects and safety (orbs) bridge contract,1,6704053.0,1.0,68.08
USASPENDING_V1,USA,Consulting / research / audit,541715,capability assessment research providing ecosystem through digital modeling (carpe dm),1,4822419.0,1.0,68.08
USASPENDING_V1,USA,Consulting / research / audit,541715,"r&d for digital converters, integrated cryogenic experimental receiver inserts and modules",1,3080742.76,1.0,68.08
USASPENDING_V1,USA,Consulting / research / audit,541611,"igf::ot::igf - new award: the purpose of this pr is to provide research, data analysis, general administrative and syste",1,3554083.44,1.0,68.08
USASPENDING_V1,USA,Consulting / research / audit,236220,"remove aged and breaking brick facade and replace with new brick facade on the exterior of the samuels hall, computer ai",1,2327714.0,1.0,68.08
USASPENDING_V1,USA,Consulting / research / audit,541712,boss capability demonstration with modified wnan radios,1,6570011.0,1.0,68.08
USASPENDING_V1,USA,Consulting / research / audit,541715,baa large caliber armaments systems development,1,2663761.35,1.0,68.08
USASPENDING_V1,USA,Consulting / research / audit,541611,"this is a requirement for consulting services that are geared towards, helping the office of chief procurement officer (",1,4413830.4,1.0,68.08
USASPENDING_V1,USA,Consulting / research / audit,541715,this project supports the capability for soldiers to customize robotic assets in the field for varied and emergent missi,1,2243978.0,1.0,68.08
USASPENDING_V1,USA,Consulting / research / audit,236220,"naval research lab window replacement in washington, dc",1,2194580.82,1.0,68.08
USASPENDING_V1,USA,Consulting / research / audit,541715,darpa base award-basic research entitled: a+: assessing sbs research through automated paper comprehension and analysis,1,2907023.3,1.0,68.08
USASPENDING_V1,USA,Consulting / research / audit,541620,technical support services for the long-term operation of the central valley project,1,5145625.14,1.0,68.08
USASPENDING_V1,USA,Consulting / research / audit,541330,"technical writing and documentation, administrative, and  research services to support cg-reg.",1,4723419.81,1.0,68.08
USASPENDING_V1,USA,Consulting / research / audit,541714,advanced research and development of rvsv-marv vaccine.,1,89026882.76,1.0,68.08
USASPENDING_V1,USA,Consulting / research / audit,541715,seascraper: sea-bottom surveillance cable for real-time awareness of point-of-entry risks project,1,5349100.0,1.0,68.08
USASPENDING_V1,USA,Consulting / research / audit,541715,agile global mobility bridge contract,1,4195804.46,1.0,68.08
USASPENDING_V1,USA,Consulting / research / audit,541715,"clinical, genetic, and epidemiological support services task order",1,10769299.0,1.0,68.08
USASPENDING_V1,USA,Consulting / research / audit,541330,scientific support services,1,9655359.0,1.0,68.08
USASPENDING_V1,USA,Consulting / research / audit,541714,kaler to - viral gene therapy for menkes disease,1,3109431.0,1.0,68.08
USASPENDING_V1,USA,Consulting / research / audit,541715,covid-<n> research in reponse to baa posting,1,83824801.82,1.0,68.08
USASPENDING_V1,USA,Consulting / research / audit,541715,autonomy and navigation technology development for air force institute of technology ant center,1,37677864.0,1.0,68.08
USASPENDING_V1,USA,Consulting / research / audit,541715,small business innovation research phase ii contract in support of the office of naval research,1,6601454.0,1.0,68.08
USASPENDING_V1,USA,Consulting / research / audit,541712,"igf::ot::igf  provide increased availability, improved reliability, interoperability and reduced support costs for the s",1,51591262.0,1.0,68.08
USASPENDING_V1,USA,Consulting / research / audit,541715,range systems technical analysis range systems branch/aerospace dominance enabler division,1,19419130.0,1.0,68.08
USASPENDING_V1,USA,Consulting / research / audit,541715,sbir phase iii cost plus fixed fee (cpff),1,7943504.5,1.0,68.08
USASPENDING_V1,USA,Consulting / research / audit,541714,scientific and technical research support services,1,10315709.17,1.0,68.08
USASPENDING_V1,USA,Consulting / research / audit,541611,"modeling, acquisition, and program management support",1,3314304.02,1.0,68.08
USASPENDING_V1,USA,Consulting / research / audit,541611,igf::ot::igf  the contractor will provide overall functional support to afo-<n> in support of the financial reporting pr,1,2074273.07,1.0,68.08
USASPENDING_V1,USA,Consulting / research / audit,541712,high altitude exo-atmospheric (hiex),1,19700579.07,1.0,68.08
USASPENDING_V1,USA,Consulting / research / audit,541512,research and development services for next-gen tactical edge experimentation,1,80337684.81,1.0,68.08
USASPENDING_V1,USA,Consulting / research / audit,541720,cultural resource survey,1,2020833.49,1.0,68.08
USASPENDING_V1,USA,Consulting / research / audit,541711,"igf::ot::igf - a phase iii comparative trial of benzathine penicillin g, <n>.<n> million units administered as a single ",1,3196306.96,1.0,68.08
USASPENDING_V1,USA,Consulting / research / audit,541720,"the corporation for national community service (cncs) is hereby award a firm fixed price contract to jbs international, ",1,3034785.85,1.0,68.08
USASPENDING_V1,USA,Consulting / research / audit,541715,disruptive composites technologies for attritable & rapidly deployable vehicles to transform operational capability,1,8122379.0,1.0,68.08
USASPENDING_V1,USA,Consulting / research / audit,541611,"conduct the large pelagic survey (large pelagic intercept survey (lpis), large pelagic biological survey (lpbs), large p",1,3183900.3,1.0,68.08
USASPENDING_V1,USA,Consulting / research / audit,541715,"performance, yield, and cost improvement to medium voltage sic mosfets",1,3384638.0,1.0,68.08
USASPENDING_V1,USA,Consulting / research / audit,541712,igf::ot::igf falconsat-<n> resiliency experiments,1,20550359.7,1.0,68.08
USASPENDING_V1,USA,Consulting / research / audit,541715,small business innovation research (sbir)phase iii task order for reconciliation bill project management support,1,6529624.28,1.0,68.08
USASPENDING_V1,USA,Consulting / research / audit,927110,thinkorbital tacfi,1,4650187.0,1.0,68.08
USASPENDING_V1,USA,Consulting / research / audit,511210,kraken award and incremental funding,1,38373308.4,1.0,68.08
USASPENDING_V1,USA,Consulting / research / audit,541715,sbir iii - deployable passive cooling,1,18123337.0,1.0,68.08
USASPENDING_V1,USA,Consulting / research / audit,541715,multi-spectral sensing technologies research & development <n>-in-<n>,1,12327270.0,1.0,68.08
USASPENDING_V1,USA,Consulting / research / audit,541715,research and development effort,1,22198312.28,1.0,68.08
USASPENDING_V1,USA,Consulting / research / audit,541519,space systems command (ssc) financial improvement and audit readiness (fiar) provides advisory and assistance services s,1,9330522.54,1.0,68.08
USASPENDING_V1,USA,Consulting / research / audit,541715,"the goal of neo surveyor is to find, track, and characterize the asteroids and comets that could potentially threaten th",1,23937256.0,1.0,68.08
USASPENDING_V1,USA,Consulting / research / audit,541715,noaa fisheries - surf clam and quahog survey charter vessel services for the northeast fisheries science center,1,2145995.0,1.0,68.08
USASPENDING_V1,USA,Consulting / research / audit,541512,contract award for decennial american community survey tabulation system support services.,1,3365949.82,1.0,68.08
USASPENDING_V1,USA,Consulting / research / audit,541715,enhanced tritium power source for autonomous nuclear tritium sensors (ants),1,3800000.0,1.0,68.08
USASPENDING_V1,USA,Consulting / research / audit,541330,the sample acquisition at mars (sam) suite investigation will cast a wide analytical net to capture chemical indicators ,1,2362873.0,1.0,68.08
USASPENDING_V1,USA,Consulting / research / audit,541512,"this is a task order for providing it business, planning, and technical advisory support services.",1,292609411.16,1.0,68.08
USASPENDING_V1,USA,Consulting / research / audit,541715,"joint capabilities integration and development system research and analysis for the united states marine corps, capabili",1,9574123.49,1.0,68.08
USASPENDING_V1,USA,Consulting / research / audit,541712,igf::cl::igf human dimension support services,1,127132878.57,1.0,68.08
USASPENDING_V1,USA,Consulting / research / audit,541611,consulting support services,1,24833952.0,1.0,68.08
USASPENDING_V1,USA,Consulting / research / audit,541711,"igf::ot::igf - r&d, medical: biomedical (basic research)",1,2127357.36,1.0,68.08
USASPENDING_V1,USA,Consulting / research / audit,541715,"a phase iii small business innovation research (sbir) contract in support of the department of veterans affairs (va), ve",1,6353828.6,1.0,68.08
USASPENDING_V1,USA,Consulting / research / audit,541715,sttr phase ii r&d; multi-physics analysis tool for high-energy gas lasers,1,2576824.0,1.0,68.08
USASPENDING_V1,USA,Consulting / research / audit,541715,igf::ot::igf law enforcement tools for investigating alternative cryptocurrencies,1,2355079.35,1.0,68.08
USASPENDING_V1,USA,Consulting / research / audit,541512,the purpose of this acquisition is to procure response reporting and consulting support service,1,4499702.13,1.0,68.08
USASPENDING_V1,USA,Consulting / research / audit,561110,contractor shall provide qualified personnel to perform non-personal advisory and assistance services for all <n> trw or,1,2691052.8,1.0,68.08
USASPENDING_V1,USA,Consulting / research / audit,541715,advanced warfighter physiology: application of biometrics and body worn sensors to reduce injury risk and optimize perfo,1,8153914.0,1.0,68.08
USASPENDING_V1,USA,Consulting / research / audit,541715,advanced radiation hardened electronic microcircuit experiment,1,4861323.0,1.0,68.08
USASPENDING_V1,USA,Consulting / research / audit,541370,"the objective of this magnetometer survey is to determine the extent, expanse, orientation and depth of the conductors a",1,3383114.94,1.0,68.08
USASPENDING_V1,USA,Consulting / research / audit,541715,"chemical, biological, radiologica, nuclear (cbrn) tactical edge targeting",1,19273659.0,1.0,68.08
USASPENDING_V1,USA,Consulting / research / audit,541715,this requirement is for the development of a modernized m<n> chemical agent detector paper to expand the classes of dete,1,4203108.75,1.0,68.08
USASPENDING_V1,USA,Consulting / research / audit,541715,"united states air force (usaf) mission assurance for air force operations group, mission assurance division (af/a<n>ob)",1,9165776.0,1.0,68.08
USASPENDING_V1,USA,Consulting / research / audit,541715,"battlefield r&d, analysis and verification experimentation (brave) services.",1,20606849.84,1.0,68.08
USASPENDING_V1,USA,Consulting / research / audit,541715,green/reduced maintenance propulsion,1,14406168.0,1.0,68.08
USASPENDING_V1,USA,Consulting / research / audit,541715,freesol baa starshield block <n>,1,17447159.87,1.0,68.08
USASPENDING_V1,USA,Consulting / research / audit,541715,new darpa sbir phase ii,1,4714373.78,1.0,68.08
USASPENDING_V1,USA,Consulting / research / audit,541990,"quantitative analysis of structural mr imaging data, university of pennsylvania",1,2115505.55,1.0,68.08
USASPENDING_V1,USA,Consulting / research / audit,622310,covid-<n> in critically ill children,1,5092787.07,1.0,68.08
USASPENDING_V1,USA,Consulting / research / audit,541715,semi closed loop control cardiovascular resuscitation for prolonged field care research project/award,1,3554795.0,1.0,68.08
USASPENDING_V1,USA,Consulting / research / audit,336411,usn material (fy<n>),1,395597025.0,1.0,68.08
USASPENDING_V1,USA,Consulting / research / audit,541511,research triangle park opioid it project,1,3173182.15,1.0,68.08
USASPENDING_V1,USA,Consulting / research / audit,541712,high sea state automated deployment and retrieval of towed bodies igf::cl::igf,1,2793251.0,1.0,68.08
USASPENDING_V1,USA,Consulting / research / audit,541715,"fft - if more information is needed, please contact the co directly.",1,3871841.5,1.0,68.08
USASPENDING_V1,USA,Consulting / research / audit,541611,strike analytic support services,1,12120966.24,1.0,68.08
USASPENDING_V1,USA,Consulting / research / audit,541611,this is an award to acquire consulting services for filing season readiness (formerly filing season integreated services,1,4499543.04,1.0,68.08
USASPENDING_V1,USA,Consulting / research / audit,541715,"strategic planning, technology analysis, and prototyping for weapon system development and integration for the united st",1,34911007.0,1.0,68.08
USASPENDING_V1,USA,Consulting / research / audit,541720,task order award for implementation and testing of diagnostic safety resources,1,6724832.0,1.0,68.08
USASPENDING_V1,USA,Consulting / research / audit,541712,the goal is to achieve significant power extraction at relevant operating conditions from a modern commercial turbofan e,1,14699865.0,1.0,68.08
USASPENDING_V1,USA,Consulting / research / audit,541715,solar cruiser phase b,1,13386621.0,1.0,68.08
USASPENDING_V1,USA,Consulting / research / audit,541715,cosmic aes sbir iii contract <n>qfca<n>c<n>. this contract is for other functions.,1,466324812.0,1.0,68.08
USASPENDING_V1,USA,Consulting / research / audit,541712,ssc/bc and ssc/sz advisory and assistance services,1,51231585.09,1.0,68.08
USASPENDING_V1,USA,Consulting / research / audit,541715,dense urban environment technology.,1,6121955.0,1.0,68.08
USASPENDING_V1,USA,Consulting / research / audit,541720,<n>-<n> national postsecondary student aid study (npsas: <n>) & postsecondary longitudinal studies. npsas is a cross-sec,1,24360991.74,1.0,68.08
USASPENDING_V1,USA,Consulting / research / audit,541620,multi-site preliminary assessments and site investigations of united states department of agriculture (usda) former grai,1,3967079.55,1.0,68.08
USASPENDING_V1,USA,Consulting / research / audit,541611,the objective of the reac research and reporting is to assist the research and development division (r&d) in performing ,1,3788904.62,1.0,68.08
USASPENDING_V1,USA,Consulting / research / audit,541715,"new materials for space power (nm<n>sp), star north american industry classification system (naics): <n>",1,14997548.0,1.0,68.08
USASPENDING_V1,USA,Consulting / research / audit,541690,fy<n> north atlantic right whale aerial survey,1,6074841.61,1.0,68.08
USASPENDING_V1,USA,Consulting / research / audit,541715,"research&development services- army research institute- ""job data extraction, selection,&input by gathering non-expert r",1,2034554.0,1.0,68.08
USASPENDING_V1,USA,Consulting / research / audit,562910,fence to fence (f<n>) environmental services (es) buckley space force base (sfb) and fe warren air force base (afb),1,5665544.31,1.0,68.08
USASPENDING_V1,USA,Consulting / research / audit,541715,fa<n>-<n>-c-b<n> sbir ii follow-on,1,3799992.0,1.0,68.08
USASPENDING_V1,USA,Consulting / research / audit,541715,phase iii small business innovative research effort for the battlefield effect replication system.,1,3897227.0,1.0,68.08
USASPENDING_V1,USA,Consulting / research / audit,541512,annual integrated economic survey (aies) and principal federal economic indicator program modernization,1,2786095.84,1.0,68.08
USASPENDING_V1,USA,Consulting / research / audit,541715,"p<n>-<n>-<n>, digital thread system analysis, integration, and development for naval air warfare center aircraft divisio",1,31699757.0,1.0,68.08
USASPENDING_V1,USA,Consulting / research / audit,336415,advanced inlet for hypersonic airbreathing propulsion,1,3992372.0,1.0,68.08
USASPENDING_V1,USA,Consulting / research / audit,541511,"small business innovation research (sbir) strategic funding increase (stratfi) sequential sbir phase ii for ditto live, ",1,10598682.6,1.0,68.08
USASPENDING_V1,USA,Consulting / research / audit,541715,mpox immunogenicity and seroprevalence,1,4245733.0,1.0,68.08
USASPENDING_V1,USA,Consulting / research / audit,541714,bone marrow cryo-banking to treat acute radiation syndrome in a mass-casualty emergency,1,61037384.92,1.0,68.08
USASPENDING_V1,USA,Consulting / research / audit,541715,"the purpose of this effort is to provide research, development, and testing of the afcap capability. this research and d",1,6127172.0,1.0,68.08
USASPENDING_V1,USA,Consulting / research / audit,541712,igf::ot::igf pr <n>-<n>-<n> advanced corrosion control technology evaluation and demonstration,1,7575353.0,1.0,68.08
USASPENDING_V1,USA,Consulting / research / audit,541715,advisory and assistance services,1,3901503.6,1.0,68.08
USASPENDING_V1,USA,Consulting / research / audit,541715,gband highly integrated array transceivers (ghiat),1,5724769.0,1.0,68.08
USASPENDING_V1,USA,Consulting / research / audit,541715,project bloodhound gang <n> - baa,1,19489232.49,1.0,68.08
USASPENDING_V1,USA,Consulting / research / audit,541715,a restartable ascent-based upper stage engine using thermal ignition,1,12797450.0,1.0,68.08
USASPENDING_V1,USA,Consulting / research / audit,541712,igf::ot::igf: dmau-sedds study,1,2251734.38,1.0,68.08
USASPENDING_V1,USA,Consulting / research / audit,541720,"office of research and evaluation research, evaluation, and administrative support to analyze trends from grant files an",1,2388409.77,1.0,68.08
USASPENDING_V1,USA,Consulting / research / audit,611310,research - primates spinal cord injury,1,2866165.96,1.0,68.08
USASPENDING_V1,USA,Consulting / research / audit,622110,innovative methods to evaluate the role of influenza vaccines in attenuating severe disease in adults,1,4826941.92,1.0,68.08
USASPENDING_V1,USA,Consulting / research / audit,541712,advisory and assistance services for cost estimating,1,2742842.76,1.0,68.08
USASPENDING_V1,USA,Consulting / research / audit,541712,the contractor shall support the administrative and technical activities conducted on a recurring basis to provide quali,1,2109777.08,1.0,68.08
USASPENDING_V1,USA,Consulting / research / audit,541713,small business innovation research  phase iii  advanced computational techniques for weapons effects phenomenology.,1,6896570.0,1.0,68.08
USASPENDING_V1,USA,Consulting / research / audit,541715,research and development baa micro-electro-mechanical system (mems) digital thruster(mdts),1,2714327.0,1.0,68.08
USASPENDING_V1,USA,Consulting / research / audit,541712,igf::ot::igf this task order is awarded in night vision and electronic sensors directorate (nvesd) special products and ,1,15883381.93,1.0,68.08
USASPENDING_V1,USA,Consulting / research / audit,541715,clinical abstraction support services,1,3228038.41,1.0,68.08
USASPENDING_V1,USA,Consulting / research / audit,236220,"repair pellet feed mill, poultry research unit, ms state ms the work consists of but is not limited to: the contractor t",1,2343165.55,1.0,68.08
USASPENDING_V1,USA,Consulting / research / audit,541715,tabletop threat resolution using transmitted and diffracted x-rays lrbaa award,1,2346459.81,1.0,68.08
USASPENDING_V1,USA,Consulting / research / audit,541711,igf::ot::igf quantitative viral outgrowth assay (qvoa) service resource,1,10062997.65,1.0,68.08
USASPENDING_V1,USA,Consulting / research / audit,541611,pks-ross-loan-sbir phase iii: innovative defense-related dual-purpose technologies/solutions with a clear air force stak,1,6485565.12,1.0,68.08
USASPENDING_V1,USA,Consulting / research / audit,541715,the voices program support,1,2500000.0,1.0,68.08
USASPENDING_V1,USA,Consulting / research / audit,541219,consulting assistance for the financial audit,1,6010737.42,1.0,68.08
USASPENDING_V1,USA,Consulting / research / audit,541620,igf::ot::igf support services for pppo site specific advisory board (ssab) and citizen advisory board (cab),1,3586370.86,1.0,68.08
USASPENDING_V1,USA,Consulting / research / audit,541715,multi-static high-range resolution automatic target recognition program,1,2012498.0,1.0,68.08
USASPENDING_V1,USA,Consulting / research / audit,541712,weaps,1,11487081.4,1.0,68.08
USASPENDING_V1,USA,Consulting / research / audit,541715,stratfi sbir phase <n> - empact. ai-enabling the empact xr training platform and integrating technical data to elevate t,1,5823250.0,1.0,68.08
USASPENDING_V1,USA,Consulting / research / audit,541715,this is a time and materials task order for technical support services for the transportation security laboratory (tsl) ,1,4893634.39,1.0,68.08
USASPENDING_V1,USA,Consulting / research / audit,541330,opnav baa - raytheon,1,4574654.0,1.0,68.08
USASPENDING_V1,USA,Consulting / research / audit,541712,technology development directorate (tdd) bridge for r&d support services. p<n> is for initial task order award and techn,1,38037999.9,1.0,68.08
USASPENDING_V1,USA,Consulting / research / audit,541715,integrated advanced payloads for loitering munitions.,1,2085000.0,1.0,68.08
USASPENDING_V1,USA,Consulting / research / audit,541330,gsa oasis idiq contract/unrestricted pool <n>: gs<n>q<n>oadu<n> consulting services,1,7897732.35,1.0,68.08
USASPENDING_V1,USA,Consulting / research / audit,541712,igf::ct::igf dt <n>-<n> environmental satellite radio frequency interference (rfi) studies and spectrum management suppo,1,17444930.0,1.0,68.08
USASPENDING_V1,USA,Consulting / research / audit,541715,"he study, if more information is required, please contact the co directly.",1,2338703.0,1.0,68.08
USASPENDING_V1,USA,Consulting / research / audit,541715,research and development of liquid rocket engine,1,14558000.0,1.0,68.08
USASPENDING_V1,USA,Consulting / research / audit,541715,"technical, analytical, and logistics research and assessments for the combat capabilities development command chemical b",1,25629890.0,1.0,68.08
USASPENDING_V1,USA,Consulting / research / audit,541611,national survey of early care and education of <n>,1,46838213.62,1.0,68.08
USASPENDING_V1,USA,Consulting / research / audit,485320,executive motor pool driver,1,2283624.56,1.0,68.08
USASPENDING_V1,USA,Consulting / research / audit,541330,defense science board multi-study support services,1,2948595.12,1.0,68.08
USASPENDING_V1,USA,Consulting / research / audit,541712,"igf::ct::igf the purpose of this contract is to perform prospective follow-ups, including adjudicated diagnostic assessm",1,5194279.3,1.0,68.08
USASPENDING_V1,USA,Consulting / research / audit,611310,myalgic encephalomyelitis/chronic fatigue syndrome (me/cfs),1,4410023.0,1.0,68.08
USASPENDING_V1,USA,Consulting / research / audit,541715,baa osscar,1,5546050.0,1.0,68.08
USASPENDING_V1,USA,Consulting / research / audit,541715,force protection system research and development for the army corps of engineers u<n>,1,4497666.1,1.0,68.08
USASPENDING_V1,USA,Consulting / research / audit,541715,advanced hybrid rocket engine development,1,8991958.06,1.0,68.08
USASPENDING_V1,USA,Consulting / research / audit,541714,biorepository support services,1,4231616.95,1.0,68.08
USASPENDING_V1,USA,Consulting / research / audit,541715,"navy analytics development, deployment, sustainment, and modification for office of the chief of naval operations (opnav",1,61568916.0,1.0,68.08
USASPENDING_V1,USA,Consulting / research / audit,541715,big data analytics for operational readiness,1,2922937.0,1.0,68.08
USASPENDING_V1,USA,Consulting / research / audit,541712,this award is to provide aas support for ssc/comso with a broad range of acquisition support capabilities to execute res,1,11476072.01,1.0,68.08
USASPENDING_V1,USA,Consulting / research / audit,541715,anduril swarming- swarming dev and integration events,1,17911000.0,1.0,68.08
USASPENDING_V1,USA,Consulting / research / audit,541519,"dol requires research and advisory services aligned for senior it managers as well as access for a team, e.g., one it ro",1,2010955.76,1.0,68.08
USASPENDING_V1,USA,Consulting / research / audit,336411,multifunctional information distribution system (mids) - joint tactical radio system (jtrs) upgrade (mju) - boeing suppo,1,19066071.0,1.0,68.08
USASPENDING_V1,USA,Consulting / research / audit,541715,"facility sustainment, availability, radiation source development and demonstration",1,28864502.0,1.0,68.08
USASPENDING_V1,USA,Consulting / research / audit,541715,"sbir topic <n>, fast-track, devices for transcatheter surgery.  phase i of fast-track award.",1,3412128.0,1.0,68.08
USASPENDING_V1,USA,Consulting / research / audit,336413,emals depot logistics,1,11634987.96,1.0,68.08
USASPENDING_V1,USA,Consulting / research / audit,541611,provide survey and statistical support related to covid-<n>; ongoing data collections; planning and ascertaining the fea,1,2302443.6,1.0,68.08
USASPENDING_V1,USA,Consulting / research / audit,541714,regulatory management center (rmc),1,17426404.0,1.0,68.08
USASPENDING_V1,USA,Consulting / research / audit,541710,battlelab initiative study,1,2958354.47,1.0,68.08
USASPENDING_V1,USA,Consulting / research / audit,541613,the comprehensive unit-based safety program (cusp) for methicillin-resistant staphylococcus aureus (mrsa) prevention,1,16474659.0,1.0,68.08
USASPENDING_V1,USA,Consulting / research / audit,541715,detecting and countering adversarial inf,1,3417832.0,1.0,68.08
USASPENDING_V1,USA,Consulting / research / audit,541620,"provide comprehensive environmental, occupational health and safety services in support of projects managed by foh regio",1,7985125.93,1.0,68.08
USASPENDING_V1,USA,Consulting / research / audit,541715,commercial weather data pilot (cwdp) / technology readiness level (trl) <n>,1,10229075.0,1.0,68.08
USASPENDING_V1,USA,Consulting / research / audit,541715,general dynamics spoc mfp cso,1,7158189.0,1.0,68.08
USASPENDING_V1,USA,Consulting / research / audit,541712,igf::ot::igf - r&d- medical: biomedical (applied research/exploratory development),1,4612477.33,1.0,68.08
USASPENDING_V1,USA,Consulting / research / audit,541715,baa- improve nation's levees tasks <n>-<n> u<n>,1,4957521.0,1.0,68.08
USASPENDING_V1,USA,Consulting / research / audit,541715,animal care and laboratory support services to the vaccine research center,1,60706866.13,1.0,68.08
USASPENDING_V1,USA,Consulting / research / audit,541715,marksmanship research supporting weapon skills development and live training.,1,4793340.0,1.0,68.08
USASPENDING_V1,USA,Consulting / research / audit,541380,"title: funding of dynamic research, inc.s crash avoidance advanced technologies testing contract to support agency adas ",1,2299201.85,1.0,68.08
USASPENDING_V1,USA,Consulting / research / audit,541330,universal armament interface - northrop grumman,1,19348687.0,1.0,68.08
USASPENDING_V1,USA,Consulting / research / audit,541715,power and compressor system,1,16832105.0,1.0,68.08
USASPENDING_V1,USA,Consulting / research / audit,541715,technology transfer through formative application of user-centric platforms and demand approaches for technology exploit,1,17090236.06,1.0,68.08
USASPENDING_V1,USA,Consulting / research / audit,541611,igf::ot::igf <n> health center patient survey (fy <n>-<n>),1,8159753.44,1.0,68.08
USASPENDING_V1,USA,Consulting / research / audit,541715,dual-purpose lunar-based camera (l-cam) development program,1,6387062.0,1.0,68.08
USASPENDING_V1,USA,Consulting / research / audit,541910,"prepare, administer, collect responses and evaluate data resulting from a survey of pap program effectiveness and servic",1,3452949.94,1.0,68.08
USASPENDING_V1,USA,Consulting / research / audit,541715,autonomous decision making in technology (admit) <n> april <n>,1,11775415.0,1.0,68.08
USASPENDING_V1,USA,Consulting / research / audit,541715,computationally-driven next generation carbon-carbon composite material development,1,4438800.0,1.0,68.08
USASPENDING_V1,USA,Consulting / research / audit,541330,"<n>af organizational planning, program management, & technical consulting supporting usafcent chief of staff (cos)",1,44543706.3,1.0,68.08
USASPENDING_V1,USA,Consulting / research / audit,541715,selectable armaments facility environment (safe),1,17162911.0,1.0,68.08
USASPENDING_V1,USA,Consulting / research / audit,541519,na-im consulting support - development of key performance indicators and service level agreements,1,8289241.9,1.0,68.08
USASPENDING_V1,USA,Consulting / research / audit,541715,research for enhancing airman & cognitive health (reach),1,60164328.0,1.0,68.08
USASPENDING_V1,USA,Consulting / research / audit,541715,joint attack munition system (jams) program office (po) defense system analysis,1,164497367.62,1.0,68.08
USASPENDING_V1,USA,Consulting / research / audit,541720,d&i research and emerging issues support,1,2359510.22,1.0,68.08
USASPENDING_V1,USA,Consulting / research / audit,336412,rif es<n> knife edge seal,1,3135218.1,1.0,68.08
USASPENDING_V1,USA,Consulting / research / audit,541330,dso ling technical support,1,2858601.52,1.0,68.08
USASPENDING_V1,USA,Consulting / research / audit,541611,advisory and administrative services (a as) for electronic warfare foreign military sales programs.,1,2184692.51,1.0,68.08
USASPENDING_V1,USA,Consulting / research / audit,541611,"the main objectives of this contract are  to <n>) provide high level technical assistance, policy and research analysis,",1,3039318.43,1.0,68.08
USASPENDING_V1,USA,Consulting / research / audit,541715,operationalizing am for sustainment and modernization research,1,8800000.0,1.0,68.08
USASPENDING_V1,USA,Consulting / research / audit,541711,"igf::ot::igf - base period award to inbios international, inc. for point-of-care immunoassay for diagnosis of inhalation",1,12051614.0,1.0,68.08
USASPENDING_V1,USA,Consulting / research / audit,541715,"defense advanced research projects agency (darpa) small business innovation research (sbir) phase ii effort entitled, ""e",1,3823668.92,1.0,68.08
USASPENDING_V1,USA,Consulting / research / audit,517410,this is for the satellite laser ranging(slr)operations/maintenance with the government furnished transportable laser ran,1,4166120.0,1.0,68.08
USASPENDING_V1,USA,Consulting / research / audit,541519,gartner it research subscriptions,1,2209341.0,1.0,68.08
USASPENDING_V1,USA,Consulting / research / audit,541715,sbir phase iii- research and development,1,3499323.0,1.0,68.08
USASPENDING_V1,USA,Consulting / research / audit,541990,bridge contract for laboratory animal husbandry and technical support services - national institute of environmental hea,1,5155205.7,1.0,68.08
USASPENDING_V1,USA,Consulting / research / audit,541714,toxicology research support services,1,4155297.27,1.0,68.08
USASPENDING_V1,USA,Consulting / research / audit,541715,develop an assessment and knowledge management (km) framework that guided operational transitions,1,2299968.0,1.0,68.08
USASPENDING_V1,USA,Consulting / research / audit,541715,c-isr tmrr is in support of the pursuit of capabilities and technologies to counter adversary isr and bring competitive ,1,45104761.03,1.0,68.08
USASPENDING_V1,USA,Consulting / research / audit,541715,darpa sbir ii titled - concealable and persistent ir sensors,1,2299736.88,1.0,68.08
USASPENDING_V1,USA,Consulting / research / audit,541715,"irregular warfare (iw) analysis, assessment, and capability development for joint staff j<n> (js j<n>), office of irregu",1,41662299.0,1.0,68.08
USASPENDING_V1,USA,Consulting / research / audit,541990,a<n> preparedness and defense program management task order (to) provides advisory and assistance services of program ma,1,2325402.0,1.0,68.08
USASPENDING_V1,USA,Consulting / research / audit,336413,fy<n> s&t experimentation effort,1,2281381.31,1.0,68.08
USASPENDING_V1,USA,Consulting / research / audit,541611,igf::ot::igf the purpose of the contract is to provide support to the heliophysics science division (code <n>) for imple,1,4000000.0,1.0,68.08
USASPENDING_V1,USA,Consulting / research / audit,541990,tecrd research support services,1,2554245.69,1.0,68.08
USASPENDING_V1,USA,Consulting / research / audit,541511,pkf-chwalik-king virtualitics sbir phase iii,1,6029100.0,1.0,68.08
USASPENDING_V1,USA,Consulting / research / audit,541715,sentinel prime digital transformation,1,15778386.0,1.0,68.08
USASPENDING_V1,USA,Consulting / research / audit,541715,tactical efficient response and replay application (terra),1,11199596.84,1.0,68.08
USASPENDING_V1,USA,Consulting / research / audit,334511,see section j - attachments for the complete statement of work.,1,2476361.44,1.0,68.08
USASPENDING_V1,USA,Consulting / research / audit,541715,baa topic <n>.<n> & <n>.<n> - epidemiology of sympt & asympt respiratory viruses & eval of covid-<n> & influenza vaccine,1,6157849.35,1.0,68.08
USASPENDING_V1,USA,Consulting / research / audit,541712,base period - research support services,1,15391682.57,1.0,68.08
USASPENDING_V1,USA,Consulting / research / audit,541712,seta,1,3987007.5,1.0,68.08
USASPENDING_V1,USA,Consulting / research / audit,541990,professional services in support of the interagency arctic research policy committee (iarpc) secretariat.,1,4315468.0,1.0,68.08
USASPENDING_V1,USA,Consulting / research / audit,541715,dtra research and development for countering weapons of mass destruction (cwmd).,1,5471664.63,1.0,68.08
USASPENDING_V1,USA,Consulting / research / audit,561210,epa research triangle custodial igf::ot::igf,1,15846573.65,1.0,68.08
USASPENDING_V1,USA,Consulting / research / audit,541620,esg information consulting and analytics for vba's lgy,1,4961640.2,1.0,68.08
USASPENDING_V1,USA,Consulting / research / audit,541715,r&d that supports office of biometrics and identity management component technology gaps.,1,3685149.24,1.0,68.08
USASPENDING_V1,USA,Consulting / research / audit,541715,tir immersion gratings for sbs systems,1,2090776.0,1.0,68.08
USASPENDING_V1,USA,Consulting / research / audit,541711,das<n>:  a broad-spectrum antiviral therapeutic for treatment of influenza a and b virus infections,1,19112357.63,1.0,68.08
USASPENDING_V1,USA,Consulting / research / audit,541715,northrop grumman for spoc mfp cso,1,5230952.0,1.0,68.08
USASPENDING_V1,USA,Consulting / research / audit,541611,"contract financial investigative support - bridge contract due to protest with gao filed on july <n>, <n>.",1,8579707.55,1.0,68.08
USASPENDING_V1,USA,Consulting / research / audit,541715,space domain awareness with optical tracking in stereo,1,2174913.02,1.0,68.08
USASPENDING_V1,USA,Consulting / research / audit,541715,"low cost, rapid, aerospace fabrication technology (l-craft) center  see section j, attachment <n>, statement of work (so",1,12068936.0,1.0,68.08
USASPENDING_V1,USA,Consulting / research / audit,541330,cet <n>-<n> award a new task for bittermembers ii,1,11518766.0,1.0,68.08
USASPENDING_V1,USA,Consulting / research / audit,334220,carbon and graphitic foam material characterization study phase i,1,9249826.45,1.0,68.08
USASPENDING_V1,USA,Consulting / research / audit,541990,this contract provides services to support the research programs of the center for public health and environmental asses,1,3769699.75,1.0,68.08
USASPENDING_V1,USA,Consulting / research / audit,541711,tas::<n> <n>::tas aric data coordinating center,1,16196642.85,1.0,68.08
USASPENDING_V1,USA,Consulting / research / audit,541511,abms cbc<n> platform development support services,1,26775039.78,1.0,68.08
USASPENDING_V1,USA,Consulting / research / audit,541715,hybrid-electric ducted fan advanced propulsion,1,13134650.0,1.0,68.08
USASPENDING_V1,USA,Consulting / research / audit,541715,strategic funding increase (stratfi) small business innovation research (sbir) sequential phase iib award: joint precisi,1,17551127.82,1.0,68.08
USASPENDING_V1,USA,Consulting / research / audit,541715,"core infrastructure support for surveillance, epidemiology, and end results (seer) - university of hawaii pop <n>/<n>/<n",1,14593132.86,1.0,68.08
USASPENDING_V1,USA,Consulting / research / audit,541519,vivsoft small business innovation research phase iii,1,4435777.6,1.0,68.08
USASPENDING_V1,USA,Consulting / research / audit,541714,exoskeleton research support services,1,9378587.67,1.0,68.08
USASPENDING_V1,USA,Consulting / research / audit,541611,the requirement is for developing environmental compliance documentation and all associated analyses and modeling on the,1,9109135.24,1.0,68.08
USASPENDING_V1,USA,Consulting / research / audit,541330,lss & radaic project support services,1,13104381.86,1.0,68.08
USASPENDING_V1,USA,Consulting / research / audit,541715,"research, analysis, and development of the medical capabilities and readiness",1,325431282.0,1.0,68.08
USASPENDING_V1,USA,Consulting / research / audit,541715,ammunition handling system prototype (ahsp) for the extended range cannon artillery (erca) program,1,2718000.0,1.0,68.08
USASPENDING_V1,USA,Consulting / research / audit,541720,"biofab foundry: a scalable, closed, automated, medical product manufacturing system",1,2236097.0,1.0,68.08
USASPENDING_V1,USA,Consulting / research / audit,541715,"provides aircraft integration, test and evaluation, and support for the overall hr<n>d buckeye program. for the indo-pac",1,99830488.82,1.0,68.08
USASPENDING_V1,USA,Consulting / research / audit,541715,fy<n> baa - topic <n> - family health centers of san diego,1,3686672.0,1.0,68.08
USASPENDING_V1,USA,Consulting / research / audit,334515,labor - base year,1,89804610.44,1.0,68.08
USASPENDING_V1,USA,Consulting / research / audit,541611,business consulting and training services for ncats organizational development activities.,1,2264553.47,1.0,68.08
USASPENDING_V1,USA,Consulting / research / audit,541715,spire sequential sbir phase ii,1,14000000.0,1.0,68.08
USASPENDING_V1,USA,Consulting / research / audit,336414,mission operations support for aquilla ii spacecraft,1,28922800.46,1.0,68.08
USASPENDING_V1,USA,Consulting / research / audit,541512,igf::ot::igf research and development of enterprise exploitation and information assurance (e<n>ia),1,7739298.0,1.0,68.08
USASPENDING_V1,USA,Consulting / research / audit,541715,"socom broad agency announcement for research entitled, development of lyophilized cryoprecipitate for far forward milita",1,2178724.0,1.0,68.08
USASPENDING_V1,USA,Consulting / research / audit,541715,"baa <n>-<n> mississippi sate university ""advanced and additive manufacturing"" u<n>imo",1,7875036.0,1.0,68.08
USASPENDING_V1,USA,Consulting / research / audit,541715,research and development for ascent propulsion system,1,9447943.59,1.0,68.08
USASPENDING_V1,USA,Consulting / research / audit,541715,human capital transformation to accelerate technology transition,1,2999904.96,1.0,68.08
USASPENDING_V1,USA,Consulting / research / audit,541714,generation of a novel antibody-antibiotic conjugate as a combination therapy platform to treat melioidosis or plague.,1,5630590.98,1.0,68.08
USASPENDING_V1,USA,Consulting / research / audit,541715,innovative multliphase models for enhanced blast effects,1,7261715.0,1.0,68.08
USASPENDING_V1,USA,Consulting / research / audit,541611,deloitte - hr high risk staffing study  fsa,1,4591529.99,1.0,68.08
USASPENDING_V1,USA,Consulting / research / audit,541611,technical and operational support for the physician-focused payment model technical advisory committee (ptac),1,10692804.0,1.0,68.08
USASPENDING_V1,USA,Consulting / research / audit,541519,this requirement is for the renewal of forrester research for eops executive leadership online access subscription.,1,2328878.16,1.0,68.08
USASPENDING_V1,USA,Consulting / research / audit,541715,geospace environment technologies and science (gets) program broad agency announcement (baa) - space environment technol,1,22929187.0,1.0,68.08
USASPENDING_V1,USA,Consulting / research / audit,561499,the contractor will support the nida summer research internship program by providing logistical support to manage reimbu,1,2742011.0,1.0,68.08
USASPENDING_V1,USA,Consulting / research / audit,541710,"<n>!<n>!<n>!w<n>hzv!tacom - warren !w<n>hzv<n>c<n> !a!n! !y! ! !<n>!<n>!<n>!<n>!<n>!n!field support services, inc !<n> c",1,76276695.99,1.0,68.08
USASPENDING_V1,USA,Consulting / research / audit,541714,specialized-spatial ground targets sbir. ph ii,1,2634240.63,1.0,68.08
USASPENDING_V1,USA,Consulting / research / audit,541330,universal armament integration (uai) services contract,1,16553897.0,1.0,68.08
USASPENDING_V1,USA,Consulting / research / audit,541712,"igf::ot::igf: fy<n>. base award. february <n>, <n> to february <n>, <n>. preclinical medications discovery and abuse lia",1,4603109.46,1.0,68.08
USASPENDING_V1,USA,Consulting / research / audit,541715,control systems for coordinated operations.,1,3450000.0,1.0,68.08
USASPENDING_V1,USA,Consulting / research / audit,541715,ambient reactive extrusion additive manufacturing,1,13107000.0,1.0,68.08
USASPENDING_V1,USA,Consulting / research / audit,336411,smwg tasks,1,2000000.0,1.0,68.08
USASPENDING_V1,USA,Consulting / research / audit,541620,r&d support,1,10515379.86,1.0,68.08
USASPENDING_V1,USA,Consulting / research / audit,541715,small business innovative research sbir phase iii under air force x<n>.<n> cso for in situ inspection of cmcs during man,1,7734706.0,1.0,68.08
USASPENDING_V1,USA,Consulting / research / audit,541715,mobile autonomous robotic swarms,1,7499616.0,1.0,68.08
USASPENDING_V1,USA,Consulting / research / audit,541715,development of magnetoresistive random access memory (mram) for domestic production --- note! p<n> changed psc code to a,1,3500000.0,1.0,68.08
USASPENDING_V1,USA,Consulting / research / audit,541712,"igf::ot::igf  new darpa broad agency announcement proposal titled, raptor squad system solicitation number darpa-baa-<n>",1,12621271.0,1.0,68.08
USASPENDING_V1,USA,Consulting / research / audit,541715,synthetic target and live scene generation,1,5453558.0,1.0,68.08
USASPENDING_V1,USA,Consulting / research / audit,541715,air force safety automated system analysis,1,26649451.0,1.0,68.08
USASPENDING_V1,USA,Consulting / research / audit,541715,small business innovation research phase iii research and development,1,8080004.0,1.0,68.08
USASPENDING_V1,USA,Consulting / research / audit,541715,"research and development - ""fcs-s demo"" please contact contracting officer for more information",1,4999604.0,1.0,68.08
USASPENDING_V1,USA,Consulting / research / audit,541620,environmental cleanup program support (consulting services),1,9510179.44,1.0,68.08
USASPENDING_V1,USA,Consulting / research / audit,541715,"revision military baa - integrated sound, light and blast management for the ears and eyes",1,4252031.0,1.0,68.08
USASPENDING_V1,USA,Consulting / research / audit,541715,real-time indoor visualization system for low visibility fire environments,1,8452278.41,1.0,68.08
USASPENDING_V1,USA,Consulting / research / audit,541715,sbir phase iii with snc,1,15550186.0,1.0,68.08
USASPENDING_V1,USA,Consulting / research / audit,622310,igf::ot::igf r&d- medical: biomedical (basic research),1,16802370.88,1.0,68.08
USASPENDING_V1,USA,Consulting / research / audit,541715,research and development effort to improve capabilities aimed at counter-terrorism.,1,27512404.0,1.0,68.08
USASPENDING_V1,USA,Consulting / research / audit,611430,visn <n> community mapping program service,1,4479736.08,1.0,68.08
USASPENDING_V1,USA,Consulting / research / audit,541990,"this torp seeks a response from ciri (ciri), a dhs center of excellence led by the university of illinois at urbana-cham",1,2270000.0,1.0,68.08
USASPENDING_V1,USA,Consulting / research / audit,541714,research and development contract - proposal jw<n> - contract proposal title - evaluating the safety and ease of use of ,1,6485297.0,1.0,68.08
USASPENDING_V1,USA,Consulting / research / audit,541211,financial statement gmra audit services (fy<n> & fy<n>),1,2826627.17,1.0,68.08
USASPENDING_V1,USA,Consulting / research / audit,541715,rapid energetic & advanced rocket manufacturing,1,28679891.0,1.0,68.08
USASPENDING_V1,USA,Consulting / research / audit,325414,as<n>b-h<n>n<n> vaccine clinical study,1,18161554.28,1.0,68.08
USASPENDING_V1,USA,Consulting / research / audit,541712,"igf::ot::igf chemical, biological, radiological, nuclear and explosives (cbrne) terrorism risk assessments (tra)",1,45513997.0,1.0,68.08
USASPENDING_V1,USA,Consulting / research / audit,336411,power thermal management upgrade systems analysis undefinitized contract action,1,107043651.0,1.0,68.08
USASPENDING_V1,USA,Consulting / research / audit,541715,slingshot aerospace phase iii small business innovation research program (sbir) space domain awareness/space situational,1,2009912.0,1.0,68.08
USASPENDING_V1,USA,Consulting / research / audit,541715,aero-structures: power generation and distribution concepts,1,19899239.84,1.0,68.08
USASPENDING_V1,USA,Consulting / research / audit,541712,low cost ssbn modernization,1,2939588.0,1.0,68.08
USASPENDING_V1,USA,Consulting / research / audit,541712,igf::ot::igf low drag acoustic liner flight test on  b<n>-max testbed aircraft acoustic liner flight test.  the scope of,1,3258030.0,1.0,68.08
USASPENDING_V1,USA,Consulting / research / audit,325412,intranasal nalmefene drug device combination product,1,52900349.0,1.0,68.08
USASPENDING_V1,USA,Consulting / research / audit,541330,"samplr: sample acquisition, morphology filtering, and probing of lunar regolith selected under the nasa research opportu",1,10186962.0,1.0,68.08
USASPENDING_V1,USA,Consulting / research / audit,541219,"the high school and beyond longitudinal study of <n> (hs&b:<n>)is a large, complex data collection used to follow and st",1,48000408.01,1.0,68.08
USASPENDING_V1,USA,Consulting / research / audit,541715,datahub development,1,26805484.68,1.0,68.08
USASPENDING_V1,USA,Consulting / research / audit,541712,igf::ct::igf project cicero,1,121006403.48,1.0,68.08
USASPENDING_V1,USA,Consulting / research / audit,541620,hazardous materials consulting and asbestos containing materials (acm) comprehensive survey,1,3521982.53,1.0,68.08
USASPENDING_V1,USA,Consulting / research / audit,541990,global engagement center (gec) information and research analysis services,1,17985196.64,1.0,68.08
USASPENDING_V1,USA,Consulting / research / audit,541990,big safari,1,8185633.0,1.0,68.08
USASPENDING_V1,USA,Consulting / research / audit,541715,"strategic planning research, cultural analysis, evaluation, and assessments for special operations command south j<n> di",1,7558748.96,1.0,68.08
USASPENDING_V1,USA,Consulting / research / audit,541715,drone corridor,1,4849305.0,1.0,68.08
USASPENDING_V1,USA,Consulting / research / audit,622110,topic <n>.<n>: outcomes of sars cov-<n> infections among different age groups in the us population,1,19543164.01,1.0,68.08
USASPENDING_V1,USA,Consulting / research / audit,541330,management assistance of research and science (mars) bridge action,1,12901110.0,1.0,68.08
USASPENDING_V1,USA,Consulting / research / audit,541690,"joint outpatient experience survey (joes) bridge contract to assist in development, administration, analysis and reporti",1,7096704.24,1.0,68.08
USASPENDING_V1,USA,Consulting / research / audit,541715,airmen readiness medical research,1,21159609.0,1.0,68.08
USASPENDING_V1,USA,Consulting / research / audit,541990,services,1,2801287.6,1.0,68.08
USASPENDING_V1,USA,Consulting / research / audit,541715,r&d services for subject matter expert support,1,5214908.4,1.0,68.08
USASPENDING_V1,USA,Consulting / research / audit,561320,the biorisk management branch is procuring contractor technical and administrative support for the high/maximum containm,1,2766729.29,1.0,68.08
USASPENDING_V1,USA,Consulting / research / audit,541715,sdl testbed hsa,1,11384566.0,1.0,68.08
USASPENDING_V1,USA,Consulting / research / audit,611310,robotic mobility and defense in amphibious environments,1,2790000.0,1.0,68.08
USASPENDING_V1,USA,Consulting / research / audit,541519,fy<n> baa topic <n> - j michael consulting,1,2913355.4,1.0,68.08
USASPENDING_V1,USA,Consulting / research / audit,541990,sentinel industrial base study,1,15281600.0,1.0,68.08
USASPENDING_V1,USA,Consulting / research / audit,541720,"igf::ot::igf, educational outreach to middle and high school students, pop: july <n>, <n>-july <n>, <n>, base award, n<n",1,2308615.15,1.0,68.08
USASPENDING_V1,USA,Consulting / research / audit,541715,"naval air warfare center aircraft division digital thread system analysis, integration, development, and deployment",1,18137263.0,1.0,68.08
USASPENDING_V1,USA,Consulting / research / audit,541712,research and development support to the wdi directorate igf::ot::igf,1,194608546.84,1.0,68.08
USASPENDING_V1,USA,Consulting / research / audit,541330,title: dr michael callahan - technical support task #<n> - biodefese against infectious disease darpa/dso programs,1,2103406.69,1.0,68.08
USASPENDING_V1,USA,Consulting / research / audit,541715,to initiate a new contract for broader range explosives in small/rugged etd_bdc,1,2492042.0,1.0,68.08
USASPENDING_V1,USA,Consulting / research / audit,541715,sdsfie services/ labor (cpff),1,6444560.63,1.0,68.08
USASPENDING_V1,USA,Consulting / research / audit,541711,emerging technologies semiconductor investigations,1,2750343.83,1.0,68.08
USASPENDING_V1,USA,Consulting / research / audit,541990,"igf::ot::igf - ref. no. <n>-<n>-<n>, ""<n>-<n> national survey on drug use and health (nsduh)""",1,303786037.0,1.0,68.08
USASPENDING_V1,USA,Consulting / research / audit,541715,"research and development contract, proposal jw<n> titled ""further development of <n>-aed (androstenediol, neumune) for t",1,4500000.0,1.0,68.08
USASPENDING_V1,USA,Consulting / research / audit,112990,nhp breeding colony for vaccine research center (vrc),1,8535393.0,1.0,68.08
USASPENDING_V1,USA,Consulting / research / audit,541940,"u.s. navy marine mammal program, veterinarian and research support services",1,58544328.84,1.0,68.08
USASPENDING_V1,USA,Consulting / research / audit,541712,igf::ot::igf  dt <n>-<n> pma-<n> advanced tactical aircraft protection systems,1,46631124.0,1.0,68.08
USASPENDING_V1,USA,Consulting / research / audit,334511,tracking & resilient inertial-derived estimation for naval targets (trident),1,2000000.0,1.0,68.08
USASPENDING_V1,USA,Consulting / research / audit,541715,"devices, components, and subsystem trade studies and analyses",1,43985869.0,1.0,68.08
USASPENDING_V1,USA,Consulting / research / audit,561720,base year:  glassware laboratory research support services,1,2083388.23,1.0,68.08
USASPENDING_V1,USA,Consulting / research / audit,541715,research and development effort - vacuum electonics,1,3210650.46,1.0,68.08
USASPENDING_V1,USA,Consulting / research / audit,541611,"c<n> provide condition based maintenance (cbm) program support for national institutes of health, nih, facilities at loc",1,18729169.1,1.0,68.08
USASPENDING_V1,USA,Consulting / research / audit,541715,seer*educate,1,2475522.0,1.0,68.08
USASPENDING_V1,USA,Consulting / research / audit,541330,advisory and assistance services for amc,1,6035557.96,1.0,68.08
USASPENDING_V1,USA,Consulting / research / audit,541712,igf::ot::igf nonhuman primate purchase and holding,1,6072226.82,1.0,68.08
USASPENDING_V1,USA,Consulting / research / audit,541611,programmatic and advisory support services in support of the office of technology transitions (ott).,1,18892862.72,1.0,68.08
USASPENDING_V1,USA,Consulting / research / audit,541715,<n>authority.  research and development sbir phase ii a<n>-<n>,1,2155669.32,1.0,68.08
USASPENDING_V1,USA,Consulting / research / audit,541715,small payload precision air-launched inexpensive delivery system,1,89365202.0,1.0,68.08
USASPENDING_V1,USA,Consulting / research / audit,541611,administrative & research support services,1,2908760.83,1.0,68.08
USASPENDING_V1,USA,Consulting / research / audit,541714,cue health inc  for the development of a first-in-class  reusable platform-based influenza in vitro  diagnostic (ivd) te,1,37822619.77,1.0,68.08
USASPENDING_V1,USA,Consulting / research / audit,519130,"tax notes today - federal, federal research library, tax notes - federal, tax notes today - state, tax notes today - int",1,3209768.66,1.0,68.08
USASPENDING_V1,USA,Consulting / research / audit,562910,annette release investigation,1,3276275.0,1.0,68.08
USASPENDING_V1,USA,Consulting / research / audit,541219,issue a new task order for the occupant protection surveys. this replaces pr <n>jj<n>rq<n>,1,8867462.0,1.0,68.08
USASPENDING_V1,USA,Consulting / research / audit,541715,star - scalable highly integrated wide bandgap maximum power point tracking (mppt) with power distribution for small spa,1,7223087.0,1.0,68.08
USASPENDING_V1,USA,Consulting / research / audit,541715,this effort will develop satellite component models to be integrated into a larger modelling and simulation system under,1,6475638.0,1.0,68.08
USASPENDING_V1,USA,Consulting / research / audit,541715,"analysis, research, development and system engineer support.",1,24829789.83,1.0,68.08
USASPENDING_V1,USA,Consulting / research / audit,541714,research and development services ba<n> titled self assembling vaccine platform,1,3928061.02,1.0,68.08
USASPENDING_V1,USA,Consulting / research / audit,541712,deepstar,1,21222727.34,1.0,68.08
USASPENDING_V1,USA,Consulting / research / audit,541715,optimization of high-speed post-processing equipment tactical funding increase,1,4597100.2,1.0,68.08
USASPENDING_V1,USA,Consulting / research / audit,541611,efast pa <n>-<n>-nv - program management office (pmo) acquisition process support,1,2289907.04,1.0,68.08
USASPENDING_V1,USA,Consulting / research / audit,541990,saf/co data science support/vault smes,1,6453585.84,1.0,68.08
USASPENDING_V1,USA,Consulting / research / audit,541712,research and technical services,1,37606173.84,1.0,68.08
USASPENDING_V1,USA,Consulting / research / audit,336414,space launch system (sls) stages production and evolution contract (spec),1,3858278333.0,1.0,68.08
USASPENDING_V1,USA,Consulting / research / audit,541511,small business innovative research phase iiii - vivsoft - platform <n> support,1,2589280.0,1.0,68.08
USASPENDING_V1,USA,Consulting / research / audit,541712,provide testing in the boeing lcat arc-jet facility in support of nasa hypersonic material development,1,3099173.0,1.0,68.08
USASPENDING_V1,USA,Consulting / research / audit,336414,geostationary extended observations (geoxo) atmospheric composition (acx) is a new instrument for the geoxo weather sate,1,262188471.0,1.0,68.08
USASPENDING_V1,USA,Consulting / research / audit,541611,"the hrsa, bureau of health workforce (bhw), national center for health workforce analysis (nchwa) is a national resource",1,2162843.0,1.0,68.08
USASPENDING_V1,USA,Consulting / research / audit,541715,"research, development, test and evaluation of vertical launching systems interface test sets and combat systems for the ",1,74327955.0,1.0,68.08
USASPENDING_V1,USA,Consulting / research / audit,541715,"procurement of human performance assessment framework, small business innovation research phase iii, and services in sup",1,37035274.14,1.0,68.08
USASPENDING_V1,USA,Consulting / research / audit,541715,matrix sbir ii,1,5999927.0,1.0,68.08
USASPENDING_V1,USA,Consulting / research / audit,541620,national center for environmental economics (ncee) mission support contract - natural resources protection: technical su,1,17436095.94,1.0,68.08
USASPENDING_V1,USA,Consulting / research / audit,561210,"the contractor innovative consulting & management services, llc (icms) shall supply alternative fuels and standard comme",1,2719728.08,1.0,68.08
USASPENDING_V1,USA,Consulting / research / audit,541611,equity and compliance in research activities compliance activities with minority serving institutions (msi) and nsf stak,1,2471174.22,1.0,68.08
USASPENDING_V1,USA,Consulting / research / audit,541511,"leadership and support for the international vlbi service (ivs) for geodesy and astrometry coordinating center, core ope",1,9593072.0,1.0,68.08
USASPENDING_V1,USA,Consulting / research / audit,541715,"the purpose of this action is to make an award under baa w<n>kgu<n>rrtid for the proposal entitled ""scalable stable pero",1,2250000.0,1.0,68.08
USASPENDING_V1,USA,Consulting / research / audit,541710,on-site technical support,1,14192253.0,1.0,68.08
USASPENDING_V1,USA,Consulting / research / audit,541330,"igf::cl,ct::igf lucy is a planned nasa space probe that will tour five jupiter trojans, asteroids which share jupiter's ",1,170903124.7,1.0,68.08
USASPENDING_V1,USA,Consulting / research / audit,541690,fy<n> narw aerial survey,1,3919423.88,1.0,68.08
USASPENDING_V1,USA,Consulting / research / audit,541715,"new darpa baa contract - ""p-core: privacy enhanced coordinated enterprise defense via temporal and topological represent",1,10030445.84,1.0,68.08
USASPENDING_V1,USA,Consulting / research / audit,541712,"support of the c-<n> aircraft for the program executive office, air, anti-submarine warfare (asw), assault&special missi",1,3578119.0,1.0,68.08
USASPENDING_V1,USA,Consulting / research / audit,541715,artificial intelligence for modeling and simulation,1,5997690.0,1.0,68.08
USASPENDING_V1,USA,Consulting / research / audit,334511,perl phase i,1,12160209.0,1.0,68.08
USASPENDING_V1,USA,Consulting / research / audit,541715,dare labor year <n>,1,10511074.68,1.0,68.08
USASPENDING_V1,USA,Consulting / research / audit,541715,award of high energy laser-performance estimation test technology (hel-pett.,1,3883480.36,1.0,68.08
USASPENDING_V1,USA,Consulting / research / audit,541712,igf::ot::igf dimensions on day one,1,4077977.0,1.0,68.08
USASPENDING_V1,USA,Consulting / research / audit,541720,"the contractor shall provide cms with project management, content development, and where relevant, provide states with t",1,2741954.0,1.0,68.08
USASPENDING_V1,USA,Consulting / research / audit,541611,task order no. <n>xx is issued against the indefinite-delivery-indefinite-quantity (idiq) contract for kal krishnan cons,1,3502265.0,1.0,68.08
USASPENDING_V1,USA,Consulting / research / audit,541715,thermal protection for hypersonic vehicles - phase <n> and options <n>-<n> (phase <n> and <n>),1,15731761.0,1.0,68.08
USASPENDING_V1,USA,Consulting / research / audit,541715,cti maestro sbir iii award package.,1,88290612.19,1.0,68.08
USASPENDING_V1,USA,Consulting / research / audit,541715,part to process amtching dlir scm,1,7524064.46,1.0,68.08
USASPENDING_V1,USA,Consulting / research / audit,541611,"direct <n>(a) award of <n>-year, time & materials type contract to kaiva to provide tplc advisory program (tap) for the ",1,2790333.68,1.0,68.08
USASPENDING_V1,USA,Consulting / research / audit,541330,"forecasting, supportability, logistics analysis, and inventory research and analysis assistance.",1,11429724.0,1.0,68.08
USASPENDING_V1,USA,Consulting / research / audit,541712,performance evaluation of radar systems for intelligence and,1,4851256.0,1.0,68.08
USASPENDING_V1,USA,Consulting / research / audit,541618,"the ocio requires it management, business consulting, and support services to accomplish its mission, strategy, and stra",1,124419652.04,1.0,68.08
USASPENDING_V1,USA,Consulting / research / audit,541715,ethos open open contract,1,5691611.0,1.0,68.08
USASPENDING_V1,USA,Consulting / research / audit,541712,non-severable bear rss,1,17555289.33,1.0,68.08
USASPENDING_V1,USA,Consulting / research / audit,541715,arms csip fr<n> cs-tsr in jax,1,109071594.0,1.0,68.08
USASPENDING_V1,USA,Consulting / research / audit,541715,"r d  sbir phase ii follow on topic no. af<n>-  <n>, titled development of low  maintenance composite tower,",1,2798000.0,1.0,68.08
USASPENDING_V1,USA,Consulting / research / audit,541715,space logistics assembly disassembly experiment with swarms (slades),1,37229276.0,1.0,68.08
USASPENDING_V1,USA,Consulting / research / audit,541620,this call order will provide support services to obtain the necessary technical and administrative support to ensure the,1,3659904.32,1.0,68.08
USASPENDING_V1,USA,Consulting / research / audit,541690,igf::ot::igf scientific research,1,9474789.0,1.0,68.08
USASPENDING_V1,USA,Consulting / research / audit,541715,"clinical support services for sti and hiv study for walter reed army institute of research, silver spring, md",1,2727023.52,1.0,68.08
USASPENDING_V1,USA,Consulting / research / audit,541715,"screening of investigational therapeutics to treat, modify or prevent epilepsy for the ninds epilepsy therapy screening ",1,26486841.0,1.0,68.08
USASPENDING_V1,USA,Consulting / research / audit,541330,this effort is to provide the tasks and support requirements for developing the prototype and qualification testing phas,1,3056981.13,1.0,68.08
USASPENDING_V1,USA,Consulting / research / audit,541712,foreign military sales (fms) - air and missile defense modeling simulation support to provision extended air defense sim,1,26074384.24,1.0,68.08
USASPENDING_V1,USA,Consulting / research / audit,541715,first-in-human therapeutic interfering particle (tip) targeting a respiratory virus,1,3247731.0,1.0,68.08
USASPENDING_V1,USA,Consulting / research / audit,541612,provide services to assist in conducting the multi-year study on the effectiveness of the transition assistance program ,1,2358250.09,1.0,68.08
USASPENDING_V1,USA,Consulting / research / audit,541715,new contract community lifeline system (cls) platform,1,5996383.24,1.0,68.08
USASPENDING_V1,USA,Consulting / research / audit,336413,sc<n> infrastructure,1,11832038.75,1.0,68.08
USASPENDING_V1,USA,Consulting / research / audit,541690,potomac institute for policy studies consultation,1,4327473.06,1.0,68.08
USASPENDING_V1,USA,Consulting / research / audit,541715,eascra biotech,1,7960375.0,1.0,68.08
USASPENDING_V1,USA,Consulting / research / audit,541720,"""perserec automation initiatives""",1,5287723.77,1.0,68.08
USASPENDING_V1,USA,Consulting / research / audit,541715,"modeling, analysis, research, and simulation (mars)",1,15693191.16,1.0,68.08
USASPENDING_V1,USA,Consulting / research / audit,112990,"national ferret resource and research center on lung disease - base period - september <n>, <n> - september <n>, <n>. ca",1,5599984.0,1.0,68.08
USASPENDING_V1,USA,Consulting / research / audit,236220,cathodic protection repairs and survey of dla capitalized fuel facilities at various locations in usafe,1,2097401.0,1.0,68.08
USASPENDING_V1,USA,Consulting / research / audit,541611,re-award of national implementation of the ma and pdp cahps survey to correct gsa contract number,1,4229556.0,1.0,68.08
USASPENDING_V1,USA,Consulting / research / audit,541714,research&development,1,2482421.0,1.0,68.08
USASPENDING_V1,USA,Consulting / research / audit,541714,application of a nanocomplex technology to the active permeation of the blood brain barrier (bbb),1,7589343.79,1.0,68.08
USASPENDING_V1,USA,Consulting / research / audit,541715,sosa rf payload for enhanced space domain awareness phase ii,1,31256281.0,1.0,68.08
USASPENDING_V1,USA,Consulting / research / audit,541715,human performance sbir phase iii,1,6776624.94,1.0,68.08
USASPENDING_V1,USA,Consulting / research / audit,541330,igf::cl::igf conference/event support services for the office of naval research,1,3127615.0,1.0,68.08
USASPENDING_V1,USA,Consulting / research / audit,541330,technical advisory and assistance services,1,3314674.13,1.0,68.08
USASPENDING_V1,USA,Consulting / research / audit,541715,base period  - research support services in support of nmrc,1,3775518.59,1.0,68.08
USASPENDING_V1,USA,Consulting / research / audit,336411,ngts ptd roadmap phase <n>,1,3347624.0,1.0,68.08
USASPENDING_V1,USA,Consulting / research / audit,541611,"implementation of the cahps surveys for merit-based incentive payment system, medicare shared savings program, and next ",1,15958526.0,1.0,68.08
USASPENDING_V1,USA,Consulting / research / audit,541611,"the purpose of this pr request is for kal krishnan consulting services, inc. (kkcs)  to provide fta region i tro(<n>) wi",1,3421019.0,1.0,68.08
USASPENDING_V1,USA,Consulting / research / audit,541715,conformable reusable airframe structures for hypersonic (crash),1,13812457.0,1.0,68.08
USASPENDING_V1,USA,Consulting / research / audit,541715,non-personal support services for the viral diseases program at the walter reed army institute of research,1,10353110.54,1.0,68.08
USASPENDING_V1,USA,Consulting / research / audit,541715,rotating detonation rocket engine development,1,2085263.0,1.0,68.08
USASPENDING_V1,USA,Consulting / research / audit,541712,igf::ot::igf  phase iii sbir contract for the procurement of a <n> watt <n> kelvin cryocooler for thermal control of spa,1,8992147.99,1.0,68.08
USASPENDING_V1,USA,Consulting / research / audit,541611,j<n> research analyst,1,2189771.68,1.0,68.08
USASPENDING_V1,USA,Consulting / research / audit,541511,enterprise-wide data modernization advisory and support services,1,10871277.55,1.0,68.08
USASPENDING_V1,USA,Consulting / research / audit,334519,spares buy contract for the theodolite surveyin f-<n> ais test station system.,1,2933595.0,1.0,68.08
USASPENDING_V1,USA,Consulting / research / audit,541715,context-aware predictive tracking for commercial satellite systems,1,4321861.52,1.0,68.08
USASPENDING_V1,USA,Consulting / research / audit,541715,"enterprise-wide use license and dod hosting. sprint support, technical configuration, data transfers, generate workflow ",1,5130740.0,1.0,68.08
USASPENDING_V1,USA,Consulting / research / audit,541712,igf::ot::igf    pr <n>-<n>c-<n>  numerical weather prediction research and development,1,11263798.32,1.0,68.08
USASPENDING_V1,USA,Consulting / research / audit,541712,"igf::ot::igf national geospatial intelligence agency (nga), office of geography",1,21383148.0,1.0,68.08
USASPENDING_V1,USA,Consulting / research / audit,541715,materials maturation for high mach systems,1,17474712.0,1.0,68.08
USASPENDING_V1,USA,Consulting / research / audit,541714,"vaxxas - development of hd-micro array patch (map) to deliver a vaccine against a pandemic strain of influenza, h<n>n<n>",1,29594471.8,1.0,68.08
USASPENDING_V1,USA,Consulting / research / audit,541712,"igf::ot::igf research, development, test,&evaluation,&strategic initiatives, joint program executive office for chemical",1,63507522.53,1.0,68.08
USASPENDING_V1,USA,Consulting / research / audit,541611,efast procurement action #<n>-<n>-n<n> - advanced qualification program (aqp).  igf::ot::igf,1,2533777.37,1.0,68.08
USASPENDING_V1,USA,Consulting / research / audit,541715,airman role-based intelligence search engine,1,5930930.0,1.0,68.08
USASPENDING_V1,USA,Consulting / research / audit,541710,multi-program national physical research including rare earths and use of ames mpc.,1,1150625344.23,1.0,68.08
USASPENDING_V1,USA,Consulting / research / audit,541713,gene-radar? mobile device & nanobiosym digital dx platform for precision mobile diagnosis - baa-eetwp # <n>.,1,14623977.04,1.0,68.08
USASPENDING_V1,USA,Consulting / research / audit,541715,sensor calibration process automation and data products,1,13089477.27,1.0,68.08
USASPENDING_V1,USA,Consulting / research / audit,541712,"capabilities, development & integration (cdi) cell multi-domain advanced air and missile capability",1,30563257.54,1.0,68.08
USASPENDING_V1,USA,Consulting / research / audit,541715,data mesh environment services iaw sibr phase iii,1,5975919.73,1.0,68.08
USASPENDING_V1,USA,Consulting / research / audit,541511,refinement of the ka high throughput system application for the spacex infrastructure,1,3846350.0,1.0,68.08
USASPENDING_V1,USA,Consulting / research / audit,541715,feed the future senegal commercializing horticulture,1,12498382.0,1.0,68.08
USASPENDING_V1,USA,Consulting / research / audit,541715,odcs for bacterial,1,8300777.6,1.0,68.08
USASPENDING_V1,USA,Consulting / research / audit,541712,igf::ot::igf   new darpa contract - sotera defense solutions inc - tda for coin,1,32811419.66,1.0,68.08
USASPENDING_V1,USA,Consulting / research / audit,561720,janitorial services for beltsville agricultural research center,1,2583140.19,1.0,68.08
USASPENDING_V1,USA,Consulting / research / audit,541715,fy<n> baa topic <n>.<n> - maryland,1,2239558.0,1.0,68.08
USASPENDING_V1,USA,Consulting / research / audit,541611,"administrative, research, and management support services",1,3879589.25,1.0,68.08
USASPENDING_V1,USA,Consulting / research / audit,541715,research base period (ta <n>)--,1,4894122.0,1.0,68.08
USASPENDING_V1,USA,Consulting / research / audit,541712,igf::ot::igf small business innovative research (sbir) phase iii - space plasma characterization source (spcs),1,5082104.0,1.0,68.08
USASPENDING_V1,USA,Consulting / research / audit,541715,new darpa small business innovative research (sbir) phase iii titled smartkm,1,23730791.0,1.0,68.08
USASPENDING_V1,USA,Consulting / research / audit,541690,sentinel <n>.<n> bridge contract,1,10483494.06,1.0,68.08
USASPENDING_V1,USA,Consulting / research / audit,541715,multi-source enabled target indication for observation and response (metior),1,3114624.0,1.0,68.08
USASPENDING_V1,USA,Consulting / research / audit,541712,base period research support services,1,4905091.04,1.0,68.08
USASPENDING_V1,USA,Consulting / research / audit,541330,sensor technology advisory and assistance support - bridge,1,5805475.52,1.0,68.08
USASPENDING_V1,USA,Consulting / research / audit,541715,sbir phase ii sequential tacfi - radiation threat mitigation system,1,2000000.0,1.0,68.08
USASPENDING_V1,USA,Consulting / research / audit,541715,"electro optic infrared technologies for air force research laboratory, sensors directorate",1,42273715.0,1.0,68.08
USASPENDING_V1,USA,Consulting / research / audit,541715,"the optical phased arrays at scale (opas)project will manufacture opas and integrated lidar demonstrators at a domestic,",1,6359394.0,1.0,68.08
USASPENDING_V1,USA,Consulting / research / audit,541715,pkf - over/cato - this contract is a sbir phase iii contract for ussf/s<n>,1,2740437.0,1.0,68.08
USASPENDING_V1,USA,Consulting / research / audit,541715,baa effort: quantum-dot qubits for computing foundry (qcf),1,2269833.0,1.0,68.08
USASPENDING_V1,USA,Consulting / research / audit,541330,rectanna uav integration,1,2181366.0,1.0,68.08
USASPENDING_V1,USA,Consulting / research / audit,541715,baa <n>-<n>a university of nebraska smart analytics for critical infrastructure inside a resilient data fabric. u<n>,1,4000000.0,1.0,68.08
USASPENDING_V1,USA,Consulting / research / audit,541715,"r&d dha phase ii sbir months <n>-<n> for project titled, ""novel biologic countermeasure for acute radiation syndrome"".",1,2999993.84,1.0,68.08
USASPENDING_V1,USA,Consulting / research / audit,541715,baa topic <n>.<n> prospective observational cohort study to assess the effectiveness of sars cov-<n> vaccines,1,55223588.0,1.0,68.08
USASPENDING_V1,USA,Consulting / research / audit,541715,continued iterative development and improvement of modular autonomy kit small business innovation research phase ii stra,1,12434000.0,1.0,68.08
USASPENDING_V1,USA,Consulting / research / audit,541715,"follow on phase iii research and development sbir for project titled, broad-spectrum snakebite antidote: oral product de",1,23443943.61,1.0,68.08
USASPENDING_V1,USA,Consulting / research / audit,541712,"igf::ot::igf scramjet,cold-start analysis&hypersonic glide",1,14071613.0,1.0,68.08
USASPENDING_V1,USA,Consulting / research / audit,541611,employment coaching long term follow up study,1,6909212.1,1.0,68.08
USASPENDING_V1,USA,Consulting / research / audit,541512,program management and advisory support services,1,22303987.68,1.0,68.08
USASPENDING_V1,USA,Consulting / research / audit,541330,study to explore early development (seed) follow-up and fxs research,1,11705302.0,1.0,68.08
USASPENDING_V1,USA,Consulting / research / audit,541715,aerospace dominance technical analysis for air force life cycle management center aerospace dominance enabler division,1,35261631.0,1.0,68.08
USASPENDING_V1,USA,Consulting / research / audit,541715,ring of fire star effort with general dynamics,1,12862209.69,1.0,68.08
USASPENDING_V1,USA,Consulting / research / audit,541512,rapid prototype laboratory,1,3010554.74,1.0,68.08
USASPENDING_V1,USA,Consulting / research / audit,541711,igf::ot::igf other functions ninds epilepsy therapy screening program,1,22343503.95,1.0,68.08
USASPENDING_V1,USA,Consulting / research / audit,541715,durable f-<n> outer mold line (oml) coating qualification,1,7728430.0,1.0,68.08
USASPENDING_V1,USA,Consulting / research / audit,336999,unmanned undersea vehicle family of systems services,1,26252067.0,1.0,68.08
USASPENDING_V1,USA,Consulting / research / audit,541712,::igf::ot::igf:  sbir phase ii research&development:  second sbir phase ii,1,4498893.64,1.0,68.08
USASPENDING_V1,USA,Consulting / research / audit,541715,grape - sustainable solar-hydrogen microgrid,1,8999917.0,1.0,68.08
USASPENDING_V1,USA,Consulting / research / audit,561730,"grounds maintenance and snow removal services for the gsa downtown denver properties, the david skaggs research center i",1,3926915.28,1.0,68.08
USASPENDING_V1,USA,Consulting / research / audit,541712,btnn research support services,1,9121052.98,1.0,68.08
USASPENDING_V1,USA,Consulting / research / audit,541712,aegis bmd international support,1,97876309.0,1.0,68.08
USASPENDING_V1,USA,Consulting / research / audit,541715,large scale additive manufacturing for hypersonics,1,5119732.0,1.0,68.08
USASPENDING_V1,USA,Consulting / research / audit,541712,starlit oma,1,9767376.63,1.0,68.08
USASPENDING_V1,USA,Consulting / research / audit,541715,"navy <n>.a sbir dha supported army funded sbir phase iii medical r&d contract titled: ""owl fatigue meter to support fati",1,6961194.0,1.0,68.08
USASPENDING_V1,USA,Consulting / research / audit,541715,research and program evaluation and data and surveillance support services,1,12239879.07,1.0,68.08
USASPENDING_V1,USA,Consulting / research / audit,541990,medical research and development command - office of the staff judge advocate for patent prosecution support services,1,4211003.43,1.0,68.08
USASPENDING_V1,USA,Consulting / research / audit,541714,controlled protein capture via continuous crystallization and precipitation for monoclonal antibody manufacturing - baa ,1,4999325.0,1.0,68.08
USASPENDING_V1,USA,Consulting / research / audit,541715,"""expoliting perceptual abilities"" (epa)",1,7396277.5,1.0,68.08
USASPENDING_V1,USA,Consulting / research / audit,336411,ecu integration phase <n>,1,3564533.0,1.0,68.08
USASPENDING_V1,USA,Consulting / research / audit,541715,sbir ii option exercise,1,16634000.0,1.0,68.08
USASPENDING_V1,USA,Consulting / research / audit,541712,division: explosives ppa: explosives division thrust: explosive detection&counter ied program: cargo&detection project: ,1,4872013.0,1.0,68.08
USASPENDING_V1,USA,Consulting / research / audit,541519,additional gartner subscription for army materiel command,1,4398062.33,1.0,68.08
USASPENDING_V1,USA,Consulting / research / audit,541715,"contractor provide aircraft integration, and test and evaluation, and support awr approval, for one jet aircraft and con",1,66318221.0,1.0,68.08
USASPENDING_V1,USA,Consulting / research / audit,541715,commanders intent drive executive reasoning (cider),1,6573279.0,1.0,68.08
USASPENDING_V1,USA,Consulting / research / audit,541511,"sbir phase iii_topic af<n>-d<n>, airborne radio sustainment modernization",1,5029999.86,1.0,68.08
USASPENDING_V1,USA,Consulting / research / audit,541715,research and development in support of mothr,1,45455466.48,1.0,68.08
USASPENDING_V1,USA,Consulting / research / audit,541712,igf::ot::igf - award of dt-<n>-<n> for pws requiremetns,1,9614417.0,1.0,68.08
USASPENDING_V1,USA,Consulting / research / audit,541715,"analysis, testing, and development of air soldier recapitalization and modernization upgrades for the united states army",1,53178929.0,1.0,68.08
USASPENDING_V1,USA,Consulting / research / audit,541712,joint aircraft survivability,1,8713405.32,1.0,68.08
USASPENDING_V1,USA,Consulting / research / audit,561920,defense science board summer study support eo<n>,1,3141703.12,1.0,68.08
USASPENDING_V1,USA,Consulting / research / audit,541715,multispectral quantum cascade laser arrays on silicon,1,2516978.0,1.0,68.08
USASPENDING_V1,USA,Consulting / research / audit,541715,functional exploitation and analysis of threats (feat),1,2709141.28,1.0,68.08
USASPENDING_V1,USA,Consulting / research / audit,541715,isr&t research and demonstration prod,1,4266198.04,1.0,68.08
USASPENDING_V1,USA,Consulting / research / audit,541611,bop strategic consulting,1,2388526.79,1.0,68.08
USASPENDING_V1,USA,Consulting / research / audit,541715,"this proposed program intends to overcome the limits of existing am powder bed fusion equipment, specifically extending ",1,4383000.0,1.0,68.08
USASPENDING_V1,USA,Consulting / research / audit,541519,research memberships & consulting services,1,2615778.91,1.0,68.08
USASPENDING_V1,USA,Consulting / research / audit,541715,research and development in support of the electro optical and special missions sensor division of pma-<n>,1,3996084.0,1.0,68.08
USASPENDING_V1,USA,Consulting / research / audit,541712,sentinel systems directorate financial management advisory and assistance services support,1,57008025.81,1.0,68.08
USASPENDING_V1,USA,Consulting / research / audit,541715,the special projects branch requires technical support in order to perform its research and development mission understa,1,38746058.92,1.0,68.08
USASPENDING_V1,USA,Consulting / research / audit,541715,radar modelling follow on,1,9730808.28,1.0,68.08
USASPENDING_V1,USA,Consulting / research / audit,541715,<n> authority - extended long range navigation,1,3878000.0,1.0,68.08
USASPENDING_V1,USA,Consulting / research / audit,541715,inkit phase iii apollo effort,1,3500000.0,1.0,68.08
USASPENDING_V1,USA,Consulting / research / audit,541712,"igf::ot::igf new darpa broad agency announcement proposal titled, assaults for squad-x experimentation; solicitation no.",1,15353734.97,1.0,68.08
USASPENDING_V1,USA,Consulting / research / audit,541715,molecular and environmental exposure threat assessment technologies to sustain and optimize airman readiness,1,25999484.0,1.0,68.08
USASPENDING_V1,USA,Consulting / research / audit,541712,igf::ot::igf   the contractor shall provide an improved universal waste management system (uwms).  uwms supports the adv,1,28593469.0,1.0,68.08
USASPENDING_V1,USA,Consulting / research / audit,541330,this is a sequential phase ii requirement arising under sbir topic nsf <n> <n> high-resolution digital tactile sensors f,1,2000000.0,1.0,68.08
USASPENDING_V1,USA,Consulting / research / audit,541611,mchb<n> c <n>. hrsa's mch block grant jurisdictional survey.,1,3431168.0,1.0,68.08
USASPENDING_V1,USA,Consulting / research / audit,541940,igf::cl::igf - task order # <n> - priority one services for animal care and research support services.,1,8384595.69,1.0,68.08
USASPENDING_V1,USA,Consulting / research / audit,541715,fusion of multiple data sources,1,15667233.0,1.0,68.08
USASPENDING_V1,USA,Consulting / research / audit,541990,technical support for the intelligent transportation systems (its) deployment evaluation program,1,2361348.62,1.0,68.08
USASPENDING_V1,USA,Consulting / research / audit,541512,master files research and analytics branch it support,1,4247269.58,1.0,68.08
USASPENDING_V1,USA,Consulting / research / audit,541715,msu - cost contract,1,39292692.31,1.0,68.08
USASPENDING_V1,USA,Consulting / research / audit,541715,sspace: space solar power advancement for constellation-class expansion star,1,15004784.0,1.0,68.08
USASPENDING_V1,USA,Consulting / research / audit,541715,<n>authority: research and development sbir phase ii,1,3999885.84,1.0,68.08
USASPENDING_V1,USA,Consulting / research / audit,541715,assessments and fundamental research for the enhancement of explosives detection canine teams baa <n>-<n>,1,14416256.0,1.0,68.08
USASPENDING_V1,USA,Consulting / research / audit,541715,disruptive access to space via rapid operations,1,2400000.0,1.0,68.08
USASPENDING_V1,USA,Consulting / research / audit,541715,visto <n> tacfi,1,2000000.0,1.0,68.08
USASPENDING_V1,USA,Consulting / research / audit,541330,universal armament interface - lockheed martin,1,9385234.0,1.0,68.08
USASPENDING_V1,USA,Consulting / research / audit,513210,sbir ii orgo llc. x<n>d-otcs<n> sbir phase ii,1,2000000.0,1.0,68.08
USASPENDING_V1,USA,Consulting / research / audit,541715,"transgressional criminal investations research and analysis for transgressional criminal investigation unit (tciu), <n>s",1,16636474.0,1.0,68.08
USASPENDING_V1,USA,Consulting / research / audit,541519,"labor hour award center for drug evaluation and research (cder) regulatory review of document archiving, reporting, and ",1,4499636.43,1.0,68.08
USASPENDING_V1,USA,Consulting / research / audit,541715,high speed research and development,1,9230178.0,1.0,68.08
USASPENDING_V1,USA,Consulting / research / audit,541512,chrit systems rationalization support,1,3166323.19,1.0,68.08
USASPENDING_V1,USA,Consulting / research / audit,541611,applied research&evaluation professional services,1,4490020.84,1.0,68.08
USASPENDING_V1,USA,Consulting / research / audit,541715,additive manufacturing of beryllium for defense,1,8671373.0,1.0,68.08
USASPENDING_V1,USA,Consulting / research / audit,541715,hpem numerical simulation enhancement and development,1,4190459.0,1.0,68.08
USASPENDING_V1,USA,Consulting / research / audit,541711,igf::ot::igf dmau <n> day study,1,2099607.44,1.0,68.08
USASPENDING_V1,USA,Consulting / research / audit,336415,space launch system (sls) booster production and operations contract (bpoc),1,1399784406.16,1.0,68.08
USASPENDING_V1,USA,Consulting / research / audit,541715,sbir/sttr phase ii r&d: additively manufactured internally cooled window frame,1,3094696.0,1.0,68.08
USASPENDING_V1,USA,Consulting / research / audit,541715,autonomy in docking engagements and refueling,1,8749116.0,1.0,68.08
USASPENDING_V1,USA,Consulting / research / audit,541611,tatrc research support base period t&m,1,35467246.06,1.0,68.08
USASPENDING_V1,USA,Consulting / research / audit,541714,"scientific, technical, administrative, and logistical support services (stalss) bridge contract",1,5280870.8,1.0,68.08
USASPENDING_V1,USA,Consulting / research / audit,541715,pfas destruction reseach u<n>d<n>,1,9999105.0,1.0,68.08
USASPENDING_V1,USA,Consulting / research / audit,541712,death claw,1,11130141.0,1.0,68.08
USASPENDING_V1,USA,Consulting / research / audit,541715,cpff grids iii research & analysis- sies base year,1,12524171.27,1.0,68.08
USASPENDING_V1,USA,Consulting / research / audit,541511,contract award from broad agency announcement for research and development of hosted payload,1,6695657.0,1.0,68.08
USASPENDING_V1,USA,Consulting / research / audit,541715,research and development - pulsed laser lethality studies (plls),1,27074266.0,1.0,68.08
USASPENDING_V1,USA,Consulting / research / audit,541511,contract award under broad agency annoucement for hosted payload,1,5507528.0,1.0,68.08
USASPENDING_V1,USA,Consulting / research / audit,541330,water purification for jpeo tas::<n> <n>::tas,1,5245180.02,1.0,68.08
USASPENDING_V1,USA,Consulting / research / audit,541715,the objective of this project is to investigate if exposure to cas leads to different types or severity of behavioral re,1,3958397.0,1.0,68.08
USASPENDING_V1,USA,Consulting / research / audit,541712,services for dep drug development and discovery at walter reed army institute of research,1,2478852.0,1.0,68.08
USASPENDING_V1,USA,Consulting / research / audit,541611,technical support for early care and education research,1,5764863.0,1.0,68.08
USASPENDING_V1,USA,Consulting / research / audit,541714,"advance the devt. of rapid, high-throughput, multiplexeddetection of biothreat species id and resistance genes using t<n",1,30912117.0,1.0,68.08
USASPENDING_V1,USA,Consulting / research / audit,541715,vertical takeoff and landing of fixed wing unmanned aerial vehicles,1,3093297.0,1.0,68.08
USASPENDING_V1,USA,Consulting / research / audit,541715,picogrid platform extending sbir research in line with congressional intent in support of the platform for active protec,1,9300000.0,1.0,68.08
USASPENDING_V1,USA,Consulting / research / audit,541711,smart devices for improved agent disclosure operational utility and contamination mapping igf::ot::igf,1,5475084.69,1.0,68.08
USASPENDING_V1,USA,Consulting / research / audit,541712,"cvao - cog visual, alert and optimization",1,4566514.0,1.0,68.08
USASPENDING_V1,USA,Consulting / research / audit,541611,vba obi military records research center support services purchase.,1,14386762.15,1.0,68.08
USASPENDING_V1,USA,Consulting / research / audit,541715,quality assurance/quality control (qa/qc) support,1,2171969.0,1.0,68.08
USASPENDING_V1,USA,Consulting / research / audit,541715,"the purpose of this action is to award a <n> month definitive contract associated with the s&tcd baa-<n>-r-stcd, topic #",1,8329340.44,1.0,68.08
USASPENDING_V1,USA,Consulting / research / audit,541715,next generation small satellite technology program (next-sstep),1,22693814.0,1.0,68.08
USASPENDING_V1,USA,Consulting / research / audit,541490,healthcare effectiveness and data information set,1,4959004.26,1.0,68.08
USASPENDING_V1,USA,Consulting / research / audit,622110,"(<n>) consultant pathologist, one (<n>) dermatopathologist, three (<n>) specialist pathologists and one (<n>) non-clinic",1,17456612.08,1.0,68.08
USASPENDING_V1,USA,Consulting / research / audit,541715,igf::ot::igf - effects of medical products on suicidal ideation and behavior - real world evidence,1,5646115.2,1.0,68.08
USASPENDING_V1,USA,Consulting / research / audit,541519,advanced research lab / special projects sandbox (arl sps),1,14596809.5,1.0,68.08
USASPENDING_V1,USA,Consulting / research / audit,541720,"task order <n> for wwc-pesto, project title: college and career readiness for secondary school students.",1,3413508.0,1.0,68.08
USASPENDING_V1,USA,Consulting / research / audit,541715,prototype development - alpha - r&d,1,3209184.0,1.0,68.08
USASPENDING_V1,USA,Consulting / research / audit,541715,ponderosa sbir iii,1,19725638.0,1.0,68.08
USASPENDING_V1,USA,Consulting / research / audit,541715,future airborne interface development (faid),1,7438627.0,1.0,68.08
USASPENDING_V1,USA,Consulting / research / audit,541611,the purpose of this contract is to) provides assistance to researchers nationwide who may or may not be familiar with th,1,3179328.0,1.0,68.08
USASPENDING_V1,USA,Consulting / research / audit,516210,dafl/dodl overdrive additional digital content subscription,1,3454000.0,1.0,68.08
USASPENDING_V1,USA,Consulting / research / audit,332993,weapons study,1,3590371.0,1.0,68.08
USASPENDING_V1,USA,Consulting / research / audit,541715,"rasa - reconfigurable active electronically steered array research effort award in the amount of $<n>,<n>,<n>.<n>",1,6147141.43,1.0,68.08
USASPENDING_V1,USA,Consulting / research / audit,541611,air force occupational safety health and traffic advisory and assistance services,1,4442064.0,1.0,68.08
USASPENDING_V1,USA,Consulting / research / audit,541710,focal plane package mission operations and data analysis - solar b phase e,1,66059549.0,1.0,68.08
USASPENDING_V1,USA,Consulting / research / audit,541715,"electronic warfare research, analysis, and testing",1,102530355.0,1.0,68.08
USASPENDING_V1,USA,Consulting / research / audit,541513,facility and research support services for ssc,1,3154859.07,1.0,68.08
USASPENDING_V1,USA,Consulting / research / audit,541712,enterprise resource planning - business initiatives ii,1,445816492.1,1.0,68.08
USASPENDING_V1,USA,Consulting / research / audit,541611,"independently and not as an agent of the government, the contractor shall furnish all the necessary services, qualified ",1,3359834.9,1.0,68.08
USASPENDING_V1,USA,Consulting / research / audit,541715,"research and development into data aggregation and models, simulations and assessments, of de effects and space systems.",1,4707382.0,1.0,68.08
USASPENDING_V1,USA,Consulting / research / audit,541715,immunology quality assessment (iqa) program,1,9088186.0,1.0,68.08
USASPENDING_V1,USA,Consulting / research / audit,522110,"title iv aid servicing (perkins)bridge contract. support for the loan portfolio, comprised of school-serviced and federa",1,8694907.05,1.0,68.08
USASPENDING_V1,USA,Consulting / research / audit,334511,"purchase and installation of <n> thruwave benchtop inspection systems for a cbp location in los angeles, ca.",1,4383794.67,1.0,68.08
USASPENDING_V1,USA,Consulting / research / audit,541714,the overall objective of this contract is to demonstrate the versatility and efficacy of our programmable antiviral tech,1,37589802.0,1.0,68.08
USASPENDING_V1,USA,Consulting / research / audit,541712,igf::cl::igf  navair pma<n> e-<n> hawkeye/c-<n> greyhound training systems,1,15397519.0,1.0,68.08
USASPENDING_V1,USA,Consulting / research / audit,541715,provides research of radio frequency atmospheric exploration in support of dod space and airborne assets utilizing large,1,33341867.0,1.0,68.08
USASPENDING_V1,USA,Consulting / research / audit,541715,base igf::ot::igf,1,2170151.0,1.0,68.08
USASPENDING_V1,USA,Consulting / research / audit,541714,clinical trial planning activities for a phase <n>b clinical trial that compares vaxart's xbb vaccine candidate to an mr,1,9271191.0,1.0,68.08
USASPENDING_V1,USA,Consulting / research / audit,541715,h-esl,1,10300000.0,1.0,68.08
USASPENDING_V1,USA,Consulting / research / audit,541611,dhs/cisa/proposes a partnership with the u.s. bomb technician association (usbta) to create a <n>-pronged program that (,1,2547396.76,1.0,68.08
USASPENDING_V1,USA,Consulting / research / audit,541715,"labor, materials, and travel for boarder tunnel activity detection system (btads). u<n>",1,13498787.0,1.0,68.08
USASPENDING_V1,USA,Consulting / research / audit,541715,joint training synthetic environment research and development js j<n>,1,183587947.0,1.0,68.08
USASPENDING_V1,USA,Consulting / research / audit,541712,naval air systems command aviation readiness and resource analysis department (navair <n>.<n>.<n>)tactical maintenance a,1,45865910.0,1.0,68.08
USASPENDING_V1,USA,Consulting / research / audit,541910,r<n>/r<n> five-year nvum survey,1,2367500.0,1.0,68.08
USASPENDING_V1,USA,Consulting / research / audit,541715,electronic reconnaissance and intelligence collection (chimeric),1,2376402.0,1.0,68.08
USASPENDING_V1,USA,Consulting / research / audit,541714,"a partnership between the agreement recipient, allucent, and biomedical advanced research and development authority (bar",1,3159479.0,1.0,68.08
USASPENDING_V1,USA,Consulting / research / audit,541611,federal advisory committee support services,1,2984658.62,1.0,68.08
USASPENDING_V1,USA,Consulting / research / audit,541715,"broad agency announcement w<n>kgu-<n>-r-<n>esi, topic <n>, common modular open systems approach for recomposable c<n>isr",1,27716923.98,1.0,68.08
USASPENDING_V1,USA,Consulting / research / audit,541715,arps baa,1,3002217.89,1.0,68.08
USASPENDING_V1,USA,Consulting / research / audit,541715,the main objective of this work is to use bae systems ultrashort pulse laser (uspl) and facilities to characterize and e,1,2173327.0,1.0,68.08
USASPENDING_V1,USA,Consulting / research / audit,541511,igf::ot::igf space battle management command and control broad agency announcement contract award,1,3982468.52,1.0,68.08
USASPENDING_V1,USA,Consulting / research / audit,541330,cv-<n> silent knight radar circuit breaker relocation & flight test support,1,2499444.0,1.0,68.08
USASPENDING_V1,USA,Consulting / research / audit,541715,igf:ot:igf - baa <n>-<n> base period - <n> months,1,8884872.0,1.0,68.08
USASPENDING_V1,USA,Consulting / research / audit,541715,baa topic <n> - dalhousie university,1,2693797.0,1.0,68.08
USASPENDING_V1,USA,Consulting / research / audit,541715,the purpose of this contract is to fully fund phase one base period and exercise base option period to esi-baa solicitat,1,2700000.0,1.0,68.08
USASPENDING_V1,USA,Consulting / research / audit,611710,award a <n>-month bridge for current apg/ai<n>c follow-on.,1,3352878.0,1.0,68.08
USASPENDING_V1,USA,Consulting / research / audit,541712,igf::ot::igf - genetic toxicity testing services for the ntp,1,5522865.44,1.0,68.08
USASPENDING_V1,USA,Consulting / research / audit,541720,"<n>fcmc<n>d<n>/<n>fcmc<n>f<n> long term services and supports (ltss) analysis, public reporting, and measures maintenanc",1,5563955.0,1.0,68.08
USASPENDING_V1,USA,Consulting / research / audit,541714,calibrating rwe studies in oncology against randomized trials,1,4691150.0,1.0,68.08
USASPENDING_V1,USA,Consulting / research / audit,541715,igf::ot::igf jhu/apl lrbaa no. dhsst-lrbaa<n>-<n>-exd.<n>-<n>,1,19703024.0,1.0,68.08
USASPENDING_V1,USA,Consulting / research / audit,541712,igf::ot::igf - immunology quality assessment program,1,9589598.91,1.0,68.08
USASPENDING_V1,USA,Consulting / research / audit,541690,"darpa/mto seta and administration support services task order entitled, ""irs, grate,&leap.""",1,3095873.0,1.0,68.08
USASPENDING_V1,USA,Consulting / research / audit,541715,disclosure avoidance research and quality assurance,1,3254295.0,1.0,68.08
USASPENDING_V1,USA,Consulting / research / audit,541330,task order <n> for project management services,1,5945663.0,1.0,68.08
USASPENDING_V1,USA,Consulting / research / audit,541211,fy <n> financial audit services,1,2522842.88,1.0,68.08
USASPENDING_V1,USA,Consulting / research / audit,541511,contract award from the broad agency annoucnement for hosted payload,1,93295673.3,1.0,68.08
USASPENDING_V1,USA,Consulting / research / audit,541611,health profession opportunity grants <n>.<n> national evaluation long-term follow-up study,1,7635864.0,1.0,68.08
USASPENDING_V1,USA,Consulting / research / audit,541611,annual survey of refugees asr  <n>,1,2534555.18,1.0,68.08
USASPENDING_V1,USA,Consulting / research / audit,541990,"algorithmic warfare analysis, research and development operations",1,19864926.89,1.0,68.08
USASPENDING_V1,USA,Consulting / research / audit,541715,base year labor,1,5147310.33,1.0,68.08
USASPENDING_V1,USA,Consulting / research / audit,541715,sbir/sttr phase ii r&d: multiple images spatial turbulence imager (misti),1,4871018.0,1.0,68.08
USASPENDING_V1,USA,Consulting / research / audit,541712,igf::ot::igf preparation and distribution of research drug products period of performance <n>/<n>/<n>- <n>/<n>/<n>: base,1,8500909.57,1.0,68.08
USASPENDING_V1,USA,Consulting / research / audit,541330,the advanced technology support program (atsp) contract acquires progressive microelectronic capability solutions for tc,1,6561473.0,1.0,68.08
USASPENDING_V1,USA,Consulting / research / audit,541715,"research and development and platform integration services for aew projects: ream, rocs, si<n>,emwram, and alrt.",1,8954944.68,1.0,68.08
USASPENDING_V1,USA,Consulting / research / audit,336413,unscheduled machining projects&materials,1,11819248.93,1.0,68.08
USASPENDING_V1,USA,Consulting / research / audit,541715,"pwiii - if more information is needed, please contact the co directly.",1,2671620.0,1.0,68.08
USASPENDING_V1,USA,Consulting / research / audit,541611,technical assistance for school health profiles and youth risk behavior surveys,1,15292726.32,1.0,68.08
USASPENDING_V1,USA,Consulting / research / audit,336611,igf::ot::igf agor <n> mid-life refit overhaul and service life extension program,1,38833563.0,1.0,68.08
USASPENDING_V1,USA,Consulting / research / audit,541710,savant & nges operations,1,3193914.0,1.0,68.08
USASPENDING_V1,USA,Consulting / research / audit,541715,b<n> pit sbir phase iii decision and analysis support,1,13914856.2,1.0,68.08
USASPENDING_V1,USA,Consulting / research / audit,541712,develop the emrep tool in order to provide a capability to predict the effects of hostile em environments on systems.,1,12801799.14,1.0,68.08
USASPENDING_V1,USA,Consulting / research / audit,541715,project manager transportation systems (pm ts) family of vehicles (fov) analysis for army program executive office comba,1,41474716.0,1.0,68.08
USASPENDING_V1,USA,Consulting / research / audit,541611,"the bfcc sc contractor shall administer surveys, collect customer service experience using surveys that target stakehold",1,9302407.0,1.0,68.08
USASPENDING_V1,USA,Consulting / research / audit,541715,systems analysis research and development,1,12294316.0,1.0,68.08
USASPENDING_V1,USA,Consulting / research / audit,541511,task order to b&b consulting enterprise for seta and iv&v support services.,1,4144643.0,1.0,68.08
USASPENDING_V1,USA,Consulting / research / audit,518210,iqvia technology solutions and research services,1,13304251.76,1.0,68.08
USASPENDING_V1,USA,Consulting / research / audit,541690,fedlink gwac contract: lcfdl<n>d<n>  new award against library of congress (lc) fedlink it research and advisory service,1,8088986.46,1.0,68.08
USASPENDING_V1,USA,Consulting / research / audit,541511,clinical research operations and management system (croms) <n>.<n>,1,9934254.16,1.0,68.08
USASPENDING_V1,USA,Consulting / research / audit,541715,sbir phase ii sequential tacfi - agile thruster production,1,2000000.0,1.0,68.08
USASPENDING_V1,USA,Consulting / research / audit,541611,bombing prevention training requirement,1,3812890.27,1.0,68.08
USASPENDING_V1,USA,Consulting / research / audit,541611,contract labor support for the study to assess risk and resilience in servicemembers longitudinal study (starrs-ls) and ,1,2195003.53,1.0,68.08
USASPENDING_V1,USA,Consulting / research / audit,541712,sipher - scalable implementation of primitives for homomorph,1,2999169.0,1.0,68.08
USASPENDING_V1,USA,Consulting / research / audit,541715,"survivability, attribution, and self-sensing integrated experiment (sassie)",1,35546194.0,1.0,68.08
USASPENDING_V1,USA,Consulting / research / audit,541715,cdb rapid prototyping base effort,1,6427577.24,1.0,68.08
USASPENDING_V1,USA,Consulting / research / audit,541330,a-<n> universal armament interface,1,16699089.0,1.0,68.08
USASPENDING_V1,USA,Consulting / research / audit,541715,basic & applied research - sbir phase iii ultra-fast switch systems development and integration,1,9391832.0,1.0,68.08
USASPENDING_V1,USA,Consulting / research / audit,541712,special systems test bed for research and development,1,4433715.0,1.0,68.08
USASPENDING_V1,USA,Consulting / research / audit,541715,"research, studies, analysis, and assessment for the air force life cycle management center electronic warfare and avioni",1,14098555.0,1.0,68.08
USASPENDING_V1,USA,Consulting / research / audit,541715,small business innovation research phase iii to continue development on advanced fuels,1,8250000.0,1.0,68.08
USASPENDING_V1,USA,Consulting / research / audit,541715,systems integration advanced analytic development - open baa,1,2189770.0,1.0,68.08
USASPENDING_V1,USA,Consulting / research / audit,541519,dusa aag research laboratory facilitation support services.,1,111961986.68,1.0,68.08
USASPENDING_V1,USA,Consulting / research / audit,541711,igf::ot::igf  point-of-care diagnostic assay system for anthrax,1,19765032.63,1.0,68.08
USASPENDING_V1,USA,Consulting / research / audit,541714,medical readiness systems biology research support services.,1,2942170.26,1.0,68.08
USASPENDING_V1,USA,Consulting / research / audit,541715,"new darpa baa proposal titled, squad x experimentation program phase ii",1,12972989.0,1.0,68.08
USASPENDING_V1,USA,Consulting / research / audit,541711,task b<n>. <n>/<n>/<n> - <n>/<n>/<n>.,1,2674011.23,1.0,68.08
USASPENDING_V1,USA,Consulting / research / audit,541712,task order for rapid prototyping project and mission support,1,26232903.32,1.0,68.08
USASPENDING_V1,USA,Consulting / research / audit,AZ12,"task order <n> under nbchd<n> (idiq) based on ctc's proposal entitled ""advanced distributed learning"" dated may <n>, <n>",1,4554000.0,1.0,68.08
USASPENDING_V1,USA,Consulting / research / audit,541330,"baa with newton, ngads project.",1,7511301.0,1.0,68.08
USASPENDING_V1,USA,Consulting / research / audit,541611,"direct <n>(a) award of a <n>-year, ffp-type purchase order for cder business process user support to support the u.s. fo",1,4499944.46,1.0,68.08
USASPENDING_V1,USA,Consulting / research / audit,541712,above water sensors tech support labor,1,18781107.0,1.0,68.08
USASPENDING_V1,USA,Consulting / research / audit,541611,policy advisory support services for patent legal advisory support to the office of patent legal administration (opla). ,1,2225664.24,1.0,68.08
USASPENDING_V1,USA,Consulting / research / audit,541611,igf::ot::igf national implementation of the in-center hemodialysis cahps survey,1,4036866.75,1.0,68.08
USASPENDING_V1,USA,Consulting / research / audit,541715,"the contractor shall provide all personnel, equipment, supplies, facilities, transportation, tools, materials, supervisi",1,3255414.79,1.0,68.08
USASPENDING_V1,USA,Consulting / research / audit,541715,charter to conduct cooperative nearshore california current ecosystem survey,1,3841955.36,1.0,68.08
USASPENDING_V1,USA,Consulting / research / audit,541715,"<n>-<n> pws, titled ""advanced research, analysis, testing, and evaluation for armaments and ammunition for the office of",1,207299549.0,1.0,68.08
USASPENDING_V1,USA,Consulting / research / audit,541720,pre-purchase homeownership counseling demonstration evaluation.  igf::ot::igf,1,5142607.48,1.0,68.08
USASPENDING_V1,USA,Consulting / research / audit,541715,clinical research products development center (crpmc),1,64111741.97,1.0,68.08
USASPENDING_V1,USA,Consulting / research / audit,541720,task order <n>: evaluating programs and strategies to improve the outcomes of students with disabilities: national study,1,7305598.0,1.0,68.08
USASPENDING_V1,USA,Consulting / research / audit,541715,threat assessment and vulnerability analysis for space security and defense program and space warfighting analysis cente,1,76893934.0,1.0,68.08
USASPENDING_V1,USA,Consulting / research / audit,541715,"the contractor shall capture instrument requirements in a preliminary instrument functional requirements document, initi",1,3226580.0,1.0,68.08
USASPENDING_V1,USA,Consulting / research / audit,541715,"topic- af <n>-<n>, sttp#<n>a",1,2898602.0,1.0,68.08
USASPENDING_V1,USA,Consulting / research / audit,541990,"maintenance of existing digital transformation efforts within the defense healthcare management systems (dhms), internal",1,5214000.0,1.0,68.08
USASPENDING_V1,USA,Consulting / research / audit,423450,igf::ot::igf aspr-<n>-<n> to applied research associates for development of advanced development of reusable rpd,1,9317472.99,1.0,68.08
USASPENDING_V1,USA,Consulting / research / audit,541715,covid-<n> & mis-c ve study,1,24899418.92,1.0,68.08
USASPENDING_V1,USA,Consulting / research / audit,541712,igf::ot::igf vcat phase ii - application study,1,19802025.0,1.0,68.08
USASPENDING_V1,USA,Consulting / research / audit,336413,small business innovative research phase iii: antenna angle of arrival kit procurement,1,2028872.56,1.0,68.08
USASPENDING_V1,USA,Consulting / research / audit,541715,"development, integration, experimentation of sensors for enhanced lethality (diesel)",1,14699823.0,1.0,68.08
USASPENDING_V1,USA,Consulting / research / audit,541712,igf::ot::igf rdt&e ds tats: dt-<n>-<n>,1,8696828.29,1.0,68.08
USASPENDING_V1,USA,Consulting / research / audit,541715,non-surgical control of junctional and non-compressible hemorrhage via percutaneously delivered adjustable vessel occlus,1,5510840.58,1.0,68.08
USASPENDING_V1,USA,Consulting / research / audit,541512,igf::ot::igf other functions health and environmental research online [hero] development support),1,6195257.85,1.0,68.08
USASPENDING_V1,USA,Consulting / research / audit,541611,components evaluation of real essentials curriculum for the office of population affairs,1,6464763.0,1.0,68.08
USASPENDING_V1,USA,Consulting / research / audit,541715,fy<n> baa topic <n> - the broad institute,1,2226582.0,1.0,68.08
USASPENDING_V1,USA,Consulting / research / audit,541712,igf::ct::igf   pr <n>-<n>-<n>    precise atmospheric research calibration,1,88184513.0,1.0,68.08
USASPENDING_V1,USA,Consulting / research / audit,541715,integrated systems research and analysis for assured lifecycle capabilities for the nuclear weapons enterprise for air f,1,785727890.0,1.0,68.08
USASPENDING_V1,USA,Consulting / research / audit,541712,nuclear weapon environment military standards,1,9877612.0,1.0,68.08
USASPENDING_V1,USA,Consulting / research / audit,541715,novel astrodynamics research with advanced logic (narwal),1,24973847.0,1.0,68.08
USASPENDING_V1,USA,Consulting / research / audit,541715,research university of texas at austin,1,4204703.0,1.0,68.08
USASPENDING_V1,USA,Consulting / research / audit,541690,casualty care assessment: russo-ukr war,1,12386613.71,1.0,68.08
USASPENDING_V1,USA,Consulting / research / audit,541715,star: next generation lithium-sulfur batteries with high energy and long life,1,4430000.0,1.0,68.08
USASPENDING_V1,USA,Consulting / research / audit,541712,"igf::ct::igf ct <n>-<n> resilient synchronized command and control information systems and evaluations, air force labora",1,84624750.29,1.0,68.08
USASPENDING_V1,USA,Consulting / research / audit,541715,the contractor will provide the products and services to support the james webb space telescope phase e operations and s,1,30719992.0,1.0,68.08
USASPENDING_V1,USA,Consulting / research / audit,541715,r&d research for ba proposal <n> for addressing signal latency and loss in telerobotic tasks,1,6415850.96,1.0,68.08
USASPENDING_V1,USA,Consulting / research / audit,541715,research activity support services covid<n> registry,1,3880296.69,1.0,68.08
USASPENDING_V1,USA,Consulting / research / audit,541990,aesir ii,1,9993150.99,1.0,68.08
USASPENDING_V1,USA,Consulting / research / audit,541715,"enhanced aftr integration, learning, and experimentation (eagle)",1,7899666.0,1.0,68.08
USASPENDING_V1,USA,Consulting / research / audit,541714,strengthening pharmacovigilance systems and adverse events reporting for maternal immunization safety in the democratic ,1,2814105.0,1.0,68.08
USASPENDING_V1,USA,Consulting / research / audit,541712,high energy laser safety analysis (hel),1,5173806.0,1.0,68.08
USASPENDING_V1,USA,Consulting / research / audit,541715,spinal injury transport device - sbir iii,1,2076191.74,1.0,68.08
USASPENDING_V1,USA,Consulting / research / audit,541611,dsb summer study support,1,6166229.43,1.0,68.08
USASPENDING_V1,USA,Consulting / research / audit,541330,"the requirement is for the support of a broad range of research and development (r&d), systems integration and field tes",1,31167759.0,1.0,68.08
USASPENDING_V1,USA,Consulting / research / audit,541611,"the purpose of this pr request is for kal krishnan consulting services, inc. (kkcs) to provide fta hq or fta's office of",1,6485101.0,1.0,68.08
USASPENDING_V1,USA,Consulting / research / audit,541712,igf::ot::igf advanced inlet protection system (aips) phase ii (aips ii) pr <n>,1,5638131.86,1.0,68.08
USASPENDING_V1,USA,Consulting / research / audit,541513,new award for motsu real property audit services.,1,3517777.84,1.0,68.08
USASPENDING_V1,USA,Consulting / research / audit,541715,research and development for the defense logistics agency research and development office,1,21609561.0,1.0,68.08
USASPENDING_V1,USA,Consulting / research / audit,541712,osteoarthritis initiative data coordinating center,1,8811628.18,1.0,68.08
USASPENDING_V1,USA,Consulting / research / audit,541990,the contractor shall provide technical support to support the intelligent transportation systems joint program office (i,1,3600673.08,1.0,68.08
USASPENDING_V1,USA,Consulting / research / audit,541714,syphilis specimen collection,1,3361829.0,1.0,68.08
USASPENDING_V1,USA,Consulting / research / audit,541715,deter ara:  modeling applications for next-tier initiatives and capabilities of realistic engagements (manticore),1,24940816.0,1.0,68.08
USASPENDING_V1,USA,Consulting / research / audit,541714,"strategic marburg advanced research and development, preparedness, registration, evaluation and procurement (smart-prep)",1,223798184.0,1.0,68.08
USASPENDING_V1,USA,Consulting / research / audit,541715,technology protection for naval air warfare center china lake,1,123463962.77,1.0,68.08
USASPENDING_V1,USA,Consulting / research / audit,721110,hotel and facility support services for the military health system research symposium,1,2213352.04,1.0,68.08
USASPENDING_V1,USA,Consulting / research / audit,541611,budget and audit services,1,2175334.8,1.0,68.08
USASPENDING_V1,USA,Consulting / research / audit,541715,small business innovation and research advancing drone technology for stratfi sbir phase ii,1,5999427.56,1.0,68.08
USASPENDING_V1,USA,Consulting / research / audit,541690,foreign indexes,1,5293763.61,1.0,68.08
USASPENDING_V1,USA,Consulting / research / audit,541512,"research, demonstration, and information systems (rdis)",1,2687517.94,1.0,68.08
USASPENDING_V1,USA,Consulting / research / audit,541715,dtra rd-cxu tough luck program,1,11072522.0,1.0,68.08
USASPENDING_V1,USA,Consulting / research / audit,541715,sbir phase <n>.<n> - development and evaluation of non-delaminating low maintenance radome technology,1,3313846.0,1.0,68.08
USASPENDING_V1,USA,Consulting / research / audit,541711,igf::ot::igf dmau-sedds study-task order <n> contract # hhsn<n>i/hhsn<n>,1,2795103.0,1.0,68.08
USASPENDING_V1,USA,Consulting / research / audit,541715,sbir second-phase ii - manufacturing innovations for next-gen technologies in hypersonic vehicles,1,2974966.0,1.0,68.08
USASPENDING_V1,USA,Consulting / research / audit,541990,igf::ot::igf coordination for the its jpo strategic plan,1,6886053.72,1.0,68.08
USASPENDING_V1,USA,Consulting / research / audit,541611,requirement to provide technical assistance support to the <n> cohort of education innovation and research (eir) grantee,1,3209655.0,1.0,68.08
USASPENDING_V1,USA,Consulting / research / audit,541712,igf::ot::igf sbir phase iii procurement; high-performance power processing unit for hall thrusters; sap purchase requisi,1,2529217.0,1.0,68.08
USASPENDING_V1,USA,Consulting / research / audit,541712,"rdt&e services to provide material analysis for undersea payloads, naval undersea warfare center (nuwc)",1,39012896.0,1.0,68.08
USASPENDING_V1,USA,Consulting / research / audit,541712,igf::ot::igf sbir lll hel system modeling&simulation,1,7318313.35,1.0,68.08
USASPENDING_V1,USA,Consulting / research / audit,541715,telecom survey technologies,1,6592915.55,1.0,68.08
USASPENDING_V1,USA,Consulting / research / audit,541990,nibib financial consulting support services,1,4492101.55,1.0,68.08
USASPENDING_V1,USA,Consulting / research / audit,541990,new task order under noblis contract <n>jj<n>d<n> for interoperability test technical support,1,2149721.66,1.0,68.08
USASPENDING_V1,USA,Consulting / research / audit,541715,"igf::ot::igf army small business innovation research (sbir) phase ii effort entitled, ""high density liquid hydrogen miss",1,12121673.0,1.0,68.08
USASPENDING_V1,USA,Consulting / research / audit,541211,risk and controls selfassessment rcsa professional services,1,9275054.81,1.0,68.08
USASPENDING_V1,USA,Consulting / research / audit,541715,nadacs nsy implementation,1,98596643.84,1.0,68.08
USASPENDING_V1,USA,Consulting / research / audit,541715,igf::ot:igf,1,19125998.76,1.0,68.08
USASPENDING_V1,USA,Consulting / research / audit,541511,"small business innovation research (sbir) strategic funding increase (stratfi) for omni federal llc, digital university ",1,7900000.0,1.0,68.08
USASPENDING_V1,USA,Consulting / research / audit,541715,"mission assurance of operational forces for commander, navy reserve force (cnrf)",1,47574476.0,1.0,68.08
USASPENDING_V1,USA,Consulting / research / audit,541720,igf::ot::igf rd  coronery artery risk development in young adults (cardia) field center,1,3779804.17,1.0,68.08
USASPENDING_V1,USA,Consulting / research / audit,541715,"aflcmc/xzz, baa call #<n> - characterization of volume protection test structures",1,2116893.0,1.0,68.08
USASPENDING_V1,USA,Consulting / research / audit,541511,instrument algorithm maintenance team for measurements of pollution in the troposphere (mopitt),1,2347730.0,1.0,68.08
USASPENDING_V1,USA,Consulting / research / audit,541519,the purpose of this award is to accept metaphase consulting response to the usaid development information solution chang,1,3999006.34,1.0,68.08
USASPENDING_V1,USA,Consulting / research / audit,541715,new follow-on contract effort: the work directives issued hereunder shall involve research and development efforts on va,1,31127079.53,1.0,68.08
USASPENDING_V1,USA,Consulting / research / audit,541715,w-band receiver with anti-jam protection (wrap),1,3212709.0,1.0,68.08
USASPENDING_V1,USA,Consulting / research / audit,541715,blossom point tracking facility node,1,248291294.34,1.0,68.08
USASPENDING_V1,USA,Consulting / research / audit,541715,sbir phase ii research and development: advanced hypervelocity sensor system,1,3903943.0,1.0,68.08
USASPENDING_V1,USA,Consulting / research / audit,541715,"intelligence warfighting function research, development, integration, and analysis for united states army forces command",1,156182722.0,1.0,68.08
USASPENDING_V1,USA,Consulting / research / audit,541714,baa eetwp <n> - community uses of psychedelics and safety study (cups),1,3589446.34,1.0,68.08
USASPENDING_V1,USA,Consulting / research / audit,541715,"satellite fusion, inference and response engine (safire) solution through the addition of new mission-relevant capabilit",1,4999910.0,1.0,68.08
USASPENDING_V1,USA,Consulting / research / audit,541611,interagency committee on disability research (icdr),1,2985855.14,1.0,68.08
USASPENDING_V1,USA,Consulting / research / audit,541712,"igf::ot::igf ""applying human-centered tech to ustranscom fusion center ops""",1,10763395.03,1.0,68.08
USASPENDING_V1,USA,Consulting / research / audit,541715,debris model,1,5249954.17,1.0,68.08
USASPENDING_V1,USA,Consulting / research / audit,541330,darpa subterranean challenge seeks to advance technologies through both systems and virtual competitions that will drama,1,38000000.0,1.0,68.08
USASPENDING_V1,USA,Consulting / research / audit,541611,"modeling research to provide support services in the areas of project management, risk management, model governance, and",1,3982718.0,1.0,68.08
USASPENDING_V1,USA,Consulting / research / audit,541712,igf::ot::igf jackson heart study renewal field center,1,8541971.79,1.0,68.08
USASPENDING_V1,USA,Consulting / research / audit,541715,defect analysis for inspection of fastened pmc structure,1,6680139.0,1.0,68.08
USASPENDING_V1,USA,Consulting / research / audit,541712,friendly forces tracking supplies and services,1,18889263.0,1.0,68.08
USASPENDING_V1,USA,Consulting / research / audit,541512,cder enterprise data governance,1,2587360.14,1.0,68.08
USASPENDING_V1,USA,Consulting / research / audit,541715,"new darpa baa proposal titled, phase ii squad x experimentation",1,22555850.0,1.0,68.08
USASPENDING_V1,USA,Consulting / research / audit,541611,financial & restructuring advisory and appraisal/evaluation services for loans made by the federal financing bank (ffb) ,1,3263338.0,1.0,68.08
USASPENDING_V1,USA,Consulting / research / audit,541715,xm<n> sub-caliber technology demonstrator,1,87291538.0,1.0,68.08
USASPENDING_V1,USA,Consulting / research / audit,541990,contract to suppor the advisory council,1,3375529.44,1.0,68.08
USASPENDING_V1,USA,Consulting / research / audit,541715,"research and development for portfolio manager command element systems, marine corps system command (marcorsyscom) progr",1,115303443.0,1.0,68.08
USASPENDING_V1,USA,Consulting / research / audit,541712,igf::ot::igf system acquisition and reliability improvement for the fixed wing project office,1,28360338.0,1.0,68.08
USASPENDING_V1,USA,Consulting / research / audit,541715,"optical science division, code <n>, carries out a variety of r&d and application-oriented activities in the generation, ",1,29448616.0,1.0,68.08
USASPENDING_V1,USA,Consulting / research / audit,541715,dual mode ramjet cold fuel ignition testing,1,3647897.0,1.0,68.08
USASPENDING_V1,USA,Consulting / research / audit,541611,environmental specialists consulting services-fte <n>,1,4548645.2,1.0,68.08
USASPENDING_V1,USA,Consulting / research / audit,541712,"intent of this task order is to provide all sustainment needed for the migs, emc<n>, ebucs, vte and the dotd classroom b",1,23340564.62,1.0,68.08
USASPENDING_V1,USA,Consulting / research / audit,541820,"ospra program support contract (sept <n>, <n> - july <n>, <n>)",1,2778914.7,1.0,68.08
USASPENDING_V1,USA,Consulting / research / audit,541712,"advanced threats research, development, test and evaluation, edgewood chemical biological center (ecbc) ht-<n>-<n>",1,39194297.0,1.0,68.08
USASPENDING_V1,USA,Consulting / research / audit,541712,"igf::ot::igf  patriot recapitalization and modernization upgrade effort lower tier project office, logistics",1,43212004.0,1.0,68.08
USASPENDING_V1,USA,Consulting / research / audit,541330,"this effort results from the fy<n> rapid innovation fund broad agency announcement hq<n>-<n>-baa-rif-<n>, topic number a",1,2998797.0,1.0,68.08
USASPENDING_V1,USA,Consulting / research / audit,541710,the national aeronautics and space administration has selected juno new frontiers mission under the direction of princip,1,184270441.0,1.0,68.08
USASPENDING_V1,USA,Consulting / research / audit,541511,"desktop support, users support and training, ctdb protocols and implementation, clinical research,  data reporting and d",1,10357864.52,1.0,68.08
USASPENDING_V1,USA,Consulting / research / audit,541715,foundational laboratory research and analysis for army government services (flags),1,29432303.3,1.0,68.08
USASPENDING_V1,USA,Consulting / research / audit,541712,vaccine and treatment evaluation units (vteu) protocol development and implementation task area b-c phase ii therapeutic,1,2297828.11,1.0,68.08
USASPENDING_V1,USA,Consulting / research / audit,541712,"igf::ot::igf initial award ht <n>-<n>, cross commodity advanced threats research, development, test,&evaluation,&strateg",1,44826566.36,1.0,68.08
USASPENDING_V1,USA,Consulting / research / audit,488999,"igf::cl::igf ""library management services"" at the turner fairbanks highway research center.",1,3593114.02,1.0,68.08
USASPENDING_V1,USA,Consulting / research / audit,541511,advanced information retrieval research system (airrs) support services.,1,2995728.24,1.0,68.08
USASPENDING_V1,USA,Consulting / research / audit,541715,national space test and training center advisory and assistance support,1,68404898.44,1.0,68.08
USASPENDING_V1,USA,Consulting / research / audit,541714,technical clinical research team support services,1,4745866.92,1.0,68.08
USASPENDING_V1,USA,Consulting / research / audit,541715,mingler: multi-modal information gleaner for contact report filtering,1,2470155.0,1.0,68.08
USASPENDING_V1,USA,Consulting / research / audit,541712,final transition and continued operation of the nhp breeding colony during transition,1,2226089.97,1.0,68.08
USASPENDING_V1,USA,Consulting / research / audit,541712,"detect, tag, and track as taggant prototype development for research",1,5940517.0,1.0,68.08
USASPENDING_V1,USA,Consulting / research / audit,541715,solid state hpm modulator,1,5136161.0,1.0,68.08
USASPENDING_V1,USA,Consulting / research / audit,541620,environmental consulting services and financial support for defense logistics agency energy facility sustainment divisio,1,5395177.03,1.0,68.08
USASPENDING_V1,USA,Consulting / research / audit,541519,specialized sme it consulting services and rapid development support related to the investigative management system (ims,1,29645416.94,1.0,68.08
USASPENDING_V1,USA,Consulting / research / audit,541715,optoelectronic technology research for air force research laboratory,1,48581108.0,1.0,68.08
USASPENDING_V1,USA,Consulting / research / audit,541990,research assistance support.,1,8580947.36,1.0,68.08
USASPENDING_V1,USA,Consulting / research / audit,541715,"libera, earth venture continuity <n>  mission. provide an instrument to be integrated on the upcoming joint polar satell",1,128289595.0,1.0,68.08
USASPENDING_V1,USA,Consulting / research / audit,541715,sbir phase iii - maturation of the vr<n>k-a advanced upper stage engine.,1,15997233.9,1.0,68.08
USASPENDING_V1,USA,Consulting / research / audit,541712,tige-joint capability for android,1,16041808.58,1.0,68.08
USASPENDING_V1,USA,Consulting / research / audit,541710,r&d-social svcs-geriatric-a res/exp,1,10653112.0,0.0,68.08
USASPENDING_V1,USA,Consulting / research / audit,541712,the contractor shall provide the oab technical support. the cost for housing and tuition shall be included in the firm-f,1,7498386.57,1.0,68.08
USASPENDING_V1,USA,Consulting / research / audit,541330,support services for the full-scale aircraft structure test and evaluation research (faster) and structures and material,1,7022821.32,1.0,68.08
USASPENDING_V1,USA,Consulting / research / audit,541511,survey of federal r&d funds,1,4430321.9,1.0,68.08
USASPENDING_V1,USA,Consulting / research / audit,541511,data analytics support services,1,5494887.48,1.0,68.08
USASPENDING_V1,USA,Consulting / research / audit,541715,shepherd dom <n> - ncird serological assessment,1,3999995.0,1.0,68.08
USASPENDING_V1,USA,Consulting / research / audit,611310,support for the nasa space geodesy project (sgp) in development and maintenance of nasa's very long baseline interferome,1,14824588.21,1.0,68.08
USASPENDING_V1,USA,Consulting / research / audit,541219,igf::cl::igf  id<n> - insider threat,1,10262266.0,1.0,68.08
USASPENDING_V1,USA,Consulting / research / audit,541715,small business innovation reserach phase <n>.<n> - non-destructive inspection data capture,1,2835661.16,1.0,68.08
USASPENDING_V1,USA,Consulting / research / audit,541712,igf::cl::igf women's health initiative - clinical coordinating center,1,49681703.56,1.0,68.08
USASPENDING_V1,USA,Consulting / research / audit,561210,corrective maintenance services at the tri service research laboratory (tsrl),1,5058314.27,1.0,68.08
USASPENDING_V1,USA,Consulting / research / audit,541715,large language models,1,10815866.0,1.0,68.08
USASPENDING_V1,USA,Consulting / research / audit,541715,ai module development,1,2023495.0,1.0,68.08
USASPENDING_V1,USA,Consulting / research / audit,541715,research and development - sbir phase ii,1,5746593.3,1.0,68.08
USASPENDING_V1,USA,Consulting / research / audit,541715,low cost agile manufactured systems (lcams),1,3732082.0,1.0,68.08
USASPENDING_V1,USA,Consulting / research / audit,541715,"reliability, maintainability, quality, supportability, and interoperability (rmqsi) for air national guard/air force res",1,26034367.0,1.0,68.08
USASPENDING_V1,USA,Consulting / research / audit,541715,enabling technology for high-speed operable systems (ethos): hypersonic heat pipe structure demonstrator (hypad),1,5296825.0,1.0,68.08
USASPENDING_V1,USA,Consulting / research / audit,541715,high voltage aircraft power system (hvaps),1,5999997.0,1.0,68.08
USASPENDING_V1,USA,Consulting / research / audit,541715,baa award under w<n>kgu<n>rpn<n>.,1,5012364.0,1.0,68.08
USASPENDING_V1,USA,Consulting / research / audit,541715,the goal of this task order is to provide technical support in accordance with the statement of work (sow) to the divisi,1,4562585.0,1.0,68.08
USASPENDING_V1,USA,Consulting / research / audit,541715,"this to requires a bulk of the work in the areas of fm, pm, and acquisition support services to execute effective and re",1,4194677.19,1.0,68.08
USASPENDING_V1,USA,Consulting / research / audit,541715,ares flight control system development and ground testing,1,5249665.0,1.0,68.08
USASPENDING_V1,USA,Consulting / research / audit,541330,the advanced technology support program (atsp) contract acquires progressive microelectronic capability solutions for ec,1,4270490.0,1.0,68.08
USASPENDING_V1,USA,Consulting / research / audit,611310,postdoctoral scholars program support,1,4627417.0,1.0,68.08
USASPENDING_V1,USA,Consulting / research / audit,332993,simplified calculator for aircraft attrition and routing (scaar),1,3363595.02,1.0,68.08
USASPENDING_V1,USA,Consulting / research / audit,562910,igf::ot::igf em los alamos field office technical assistance contract - citizens advisory board task order award.,1,2907654.61,1.0,68.08
USASPENDING_V1,USA,Consulting / research / audit,541620,"this is a contract award for environmental, health and safety advisory services.  igf::ot::igf",1,3644936.95,1.0,68.08
USASPENDING_V1,USA,Consulting / research / audit,541715,automated low cost space panel manufacturing systems,1,6923000.0,1.0,68.08
USASPENDING_V1,USA,Consulting / research / audit,541611,technical support and assistance to fhwa's next generation national household travel survey program,1,2465091.31,1.0,68.08
USASPENDING_V1,USA,Consulting / research / audit,541330,"advisory and assistance services to support afgsc priorities in activating, implementing, supporting, and sustaining the",1,2568261.7,1.0,68.08
USASPENDING_V1,USA,Consulting / research / audit,541512,"research, applied analytics and statistics (raas) yk<n> suite",1,9380192.85,1.0,68.08
USASPENDING_V1,USA,Consulting / research / audit,541715,in-space production of stem cell therapies,1,3530300.06,1.0,68.08
USASPENDING_V1,USA,Consulting / research / audit,541715,next generation spm,1,4499703.0,1.0,68.08
USASPENDING_V1,USA,Consulting / research / audit,541712,igf::cl::igf rdt&e cpss idiq ds tat dt-<n>-<n>,1,15771599.91,1.0,68.08
USASPENDING_V1,USA,Consulting / research / audit,541990,advisory and assistance services support to the aerospace systems (rq) technical directorate at wright-patterson air for,1,3354203.34,1.0,68.08
USASPENDING_V1,USA,Consulting / research / audit,541715,mimesis - multi-informed models emerging from social investigations and semiotics,1,11852542.0,1.0,68.08
USASPENDING_V1,USA,Consulting / research / audit,541990,noaa fisheries/office of science and technology (ost)  economics & human dimensions research support services,1,6919206.36,1.0,68.08
USASPENDING_V1,USA,Consulting / research / audit,541715,"small business innovative research phase <n> (sbir iii) ""lanternshark- augmented reality operations center with data lay",1,6956702.4,1.0,68.08
USASPENDING_V1,USA,Consulting / research / audit,541712,this contract provides expert services needed by ssc aats to enable the government to adequately fulfill its acquisition,1,55193595.31,1.0,68.08
USASPENDING_V1,USA,Consulting / research / audit,541380,"activ-<n> time-limited biospecimen storage and related services (covid-<n>), option quantity <n> statistical support, op",1,2701936.0,1.0,68.08
USASPENDING_V1,USA,Consulting / research / audit,541715,turion sbir phase ii,1,27996654.08,1.0,68.08
USASPENDING_V1,USA,Consulting / research / audit,541715,scientific support services contract for the earth resources observation and science (eros) center (other function - igf,1,7704036.69,1.0,68.08
USASPENDING_V1,USA,Consulting / research / audit,541715,this is a new award off of the long range baa for an air cargo skid screening system.,1,7356476.0,1.0,68.08
USASPENDING_V1,USA,Consulting / research / audit,541715,"award of cytosorbents dha sbir ph iii med r&d contract for ""integrating isoagglutinin reduction for a universal dried pl",1,4292641.0,1.0,68.08
USASPENDING_V1,USA,Consulting / research / audit,334511,development of flight-like advanced material reactor (flamr) unit for the hydrogen recovery by carbon vapor infiltration,1,6204606.32,1.0,68.08
USASPENDING_V1,USA,Consulting / research / audit,336414,low-cost highly manufacturable long-range strike weapon production small business independent research (sbir) phase iii,1,55849158.0,1.0,68.08
USASPENDING_V1,USA,Consulting / research / audit,541712,igf::ot::igf: pharmacokinetic and pharmacodynamic studies for medications development. pop: <n>/<n>/<n>-<n>/<n>/<n>. n<n,1,3562513.0,1.0,68.08
USASPENDING_V1,USA,Consulting / research / audit,541715,the purpose of this action is to award a definitive five (<n>) year research and development contract,1,17560087.67,1.0,68.08
USASPENDING_V1,USA,Consulting / research / audit,541712,igf::ot::igf base phase ii u<n>d<n>,1,2699221.69,1.0,68.08
USASPENDING_V1,USA,Consulting / research / audit,541690,program management support services for the noaa-wide resident research associateship program (rrap),1,7844208.74,1.0,68.08
USASPENDING_V1,USA,Consulting / research / audit,541715,services and materials necessary to conduct research under sbir topic n<n>-<n> entitled commercial off the shelf approac,1,9193156.19,1.0,68.08
USASPENDING_V1,USA,Consulting / research / audit,541611,oak ridge off of environmental management (orem) site specific advisory board (ssab) and department of energy informatio,1,3265142.74,1.0,68.08
USASPENDING_V1,USA,Consulting / research / audit,541715,"p<n> <n>-<n>, aircraft armament equipment and aerial refueling systems, reliability, maintainability, quality, supportab",1,80090320.0,1.0,68.08
USASPENDING_V1,USA,Consulting / research / audit,541512,vivsoft stratfi sbir phase ii,1,14999645.14,1.0,68.08
USASPENDING_V1,USA,Consulting / research / audit,541990,technologies to enable continuous production of raav from sf<n>/baculovirus culture,1,2565626.0,1.0,68.08
USASPENDING_V1,USA,Consulting / research / audit,541330,passport testing services,1,15082971.65,1.0,68.08
USASPENDING_V1,USA,Consulting / research / audit,541715,storable rocket engine for hypersonic applications,1,20047003.16,1.0,68.08
USASPENDING_V1,USA,Consulting / research / audit,541715,the performance work statement is incorporated by reference in section j.,1,4254088.65,1.0,68.08
USASPENDING_V1,USA,Consulting / research / audit,622110,<n> domain <n> a<n> adult inpatient & outpatient ve case control study,1,13460835.6,1.0,68.08
USASPENDING_V1,USA,Consulting / research / audit,541613,national collaborative on childhood obesity research (nccor) coordinating center,1,3564544.0,1.0,68.08
USASPENDING_V1,USA,Consulting / research / audit,541712,"counter-rocket, artillery, mortar (c-ram) target equipment/material.",1,4701478.57,1.0,68.08
USASPENDING_V1,USA,Consulting / research / audit,541330,igf::ot::igf advanced technology,1,39950000.0,1.0,68.08
USASPENDING_V1,USA,Consulting / research / audit,336611,"dry combat submersible contract award, igf::ot::igf",1,212167922.46,1.0,68.08
USASPENDING_V1,USA,Consulting / research / audit,541715,"accuro xv product for rapid, ultrasound based, radiation-free, bedside fracture triage.  this device will reduce bottlen",1,52055826.0,1.0,68.08
USASPENDING_V1,USA,Consulting / research / audit,541715,"tasks a.<n>, a.<n>, b.<n> and b.<n>",1,10740000.0,1.0,68.08
USASPENDING_V1,USA,Consulting / research / audit,541715,"assured positioning, navigation, timing, and space cross-functional team research and analysis for the army futures comm",1,57579213.0,1.0,68.08
USASPENDING_V1,USA,Consulting / research / audit,541715,robotic autonomy in complex environments with resiliency (racer) phase i,1,37850816.0,1.0,68.08
USASPENDING_V1,USA,Consulting / research / audit,541715,this task order is to obligate the minimum guarantee under contract <n>jj<n>d<n>.,1,5711872.46,1.0,68.08
USASPENDING_V1,USA,Consulting / research / audit,541330,this contract aims to procure essential advisory and assistance services for the air force security forces center to sup,1,7327052.53,1.0,68.08
USASPENDING_V1,USA,Consulting / research / audit,541990,office of strategic capital (osc) professional support services (pss). the contractor shall provide non-personal profess,1,10919024.95,1.0,68.08
USASPENDING_V1,USA,Consulting / research / audit,541715,falcon satellite - <n> with modular propulsion unit,1,17739311.64,1.0,68.08
USASPENDING_V1,USA,Consulting / research / audit,541715,task order <n>a site study setup: cancer trials support unit (ctsu) idiq,1,8417703.0,1.0,68.08
USASPENDING_V1,USA,Consulting / research / audit,541712,igf::ot::igf nett netservice demonstration for improved integration of soldier situational awareness components base per,1,23835830.08,1.0,68.08
USASPENDING_V1,USA,Consulting / research / audit,517919,nokia aws<n> site survey,1,8295367.13,1.0,68.08
USASPENDING_V1,USA,Consulting / research / audit,541611,"data integrity, research, and evaluation",1,3649332.42,1.0,68.08
USASPENDING_V1,USA,Consulting / research / audit,541690,space safety advisory and assistance services,1,3914380.0,1.0,68.08
USASPENDING_V1,USA,Consulting / research / audit,541511,mac-e tsd,1,3381924.0,1.0,68.08
USASPENDING_V1,USA,Consulting / research / audit,541715,lightweight advanced space power technology (lasp),1,28232840.0,1.0,68.08
USASPENDING_V1,USA,Consulting / research / audit,541611,"consultative services and site visits to assist military treatment facilities, world-wide, in preparation for accreditat",1,2558114.99,1.0,68.08
USASPENDING_V1,USA,Consulting / research / audit,541690,uei: hcwkvfgbpa<n> labor hour award center for drug evaluation and research (cder) office of new drugs (ond) - writer/ed,1,8989194.06,1.0,68.08
USASPENDING_V1,USA,Consulting / research / audit,541330,basic contract item no. <n>,1,30736181.0,1.0,68.08
USASPENDING_V1,USA,Consulting / research / audit,541715,authority<n>,1,2298436.0,1.0,68.08
USASPENDING_V1,USA,Consulting / research / audit,541714,the overall objective of this contract is to advance the development of monovalent vaccines for prevention of marburg vi,1,95592504.0,1.0,68.08
USASPENDING_V1,USA,Consulting / research / audit,541715,"baa <n>-<n>, graphene-enabled technologies for ground combat operations-part ii   u<n>",1,5883927.45,1.0,68.08
USASPENDING_V1,USA,Consulting / research / audit,541611,the continued national implementation of the consumer assessment of healthcare providers and system (cahps) hospice surv,1,10167366.0,1.0,68.08
USASPENDING_V1,USA,Consulting / research / audit,541715,"stratfi, small business innovative research, economical reentry capsules for hypersonic testing",1,29664582.0,1.0,68.08
USASPENDING_V1,USA,Consulting / research / audit,541380,"this contract is for independent services to evaluate, develop, and maintain the suitability and effectiveness of cbrn t",1,14486012.0,1.0,68.08
USASPENDING_V1,USA,Consulting / research / audit,541714,to develop medical countermeasures (mcms) that treat antibiotic resistant infections.,1,99146088.0,1.0,68.08
USASPENDING_V1,USA,Consulting / research / audit,541690,worldwide research&analysis program technical assistance,1,12828894.63,1.0,68.08
USASPENDING_V1,USA,Consulting / research / audit,541714,baa# fy<n>c<n>ap<n> - (h<n>) a next generation medical countermeasures scientific platform for regulatory evaluation and,1,3090714.59,1.0,68.08
USASPENDING_V1,USA,Consulting / research / audit,541712,igf::ot::igf chemical threat assessments and other technical support for the chemical security analysis center (csac),1,20405544.0,1.0,68.08
USASPENDING_V1,USA,Consulting / research / audit,541715,"manta <n>.<n> - conceptual studies and preliminary research in the areas of offensive space control, defensive space con",1,29568111.0,1.0,68.08
USASPENDING_V1,USA,Consulting / research / audit,541712,genesis,1,24175812.0,1.0,68.08
USASPENDING_V1,USA,Consulting / research / audit,541990,technical support services for its jpo data access and exchanges program,1,2103009.51,1.0,68.08
USASPENDING_V1,USA,Consulting / research / audit,541712,igf::ot::igf dt <n>-<n> naval air systems command and program executive office unmanned aviation and strike weapons - un,1,48131254.0,1.0,68.08
USASPENDING_V1,USA,Consulting / research / audit,541715,insight joint/all domain extensibility (ijade),1,11837214.0,1.0,68.08
USASPENDING_V1,USA,Consulting / research / audit,541330,"research support logistics (rsl) program, management support services",1,7888766.3,1.0,68.08
USASPENDING_V1,USA,Consulting / research / audit,541715,"star - advanced laboratories, algorithms, collaborative research and development innovations, and technology (alacrity)",1,45469600.0,1.0,68.08
USASPENDING_V1,USA,Consulting / research / audit,541611,"this requirement is to obtain operational model transformation services, under the <n>(a) program for a <n>-month period",1,3714173.23,1.0,68.08
USASPENDING_V1,USA,Consulting / research / audit,541714,"baa_fy<n>c<n>cp<n>_modernizing and decentralizing clinical trials with ai, digital health, and community-driven innovati",1,2277208.0,1.0,68.08
USASPENDING_V1,USA,Consulting / research / audit,541715,stand in attack weapon research development integration and analysis,1,13582792.0,1.0,68.08
USASPENDING_V1,USA,Consulting / research / audit,541611,ocoo od management consulting services,1,3489009.12,1.0,68.08
USASPENDING_V1,USA,Consulting / research / audit,541715,"sbir phase iii <n> ea lift enterprise business unit, <n>-year license term (<n> sites) <n> ea lift enterprise sites, <n>",1,2000000.0,1.0,68.08
USASPENDING_V1,USA,Consulting / research / audit,541715,proposal number: d<n>-<n> proposal title: novel blood oxygenation device to save warriors on the battlefield,1,3902011.0,1.0,68.08
USASPENDING_V1,USA,Consulting / research / audit,541715,"new darpa baa contract - ""global analysis of weak signals for enterprise event detection (gawseed)""",1,5902407.87,1.0,68.08
USASPENDING_V1,USA,Consulting / research / audit,518210,residential energy consumption survey <n>,1,4842538.64,1.0,68.08
USASPENDING_V1,USA,Consulting / research / audit,541715,pks-d.sookhai - digital transformation services,1,3131332.72,1.0,68.08
USASPENDING_V1,USA,Consulting / research / audit,541715,"mobility, power, energy, united states (u.s.) army combat capabilities development command (ccdevcom), ground vehicle sy",1,142067817.0,1.0,68.08
USASPENDING_V1,USA,Consulting / research / audit,541715,c-<n> hercules modernization and sustainment,1,65198966.0,1.0,68.08
USASPENDING_V1,USA,Consulting / research / audit,541715,"common avionic products and life cycle analysis, supply chain management p<n>-<n>-<n>",1,33522025.0,1.0,68.08
USASPENDING_V1,USA,Consulting / research / audit,541715,research and development in multi-modal fusion analytics,1,6204385.34,1.0,68.08
USASPENDING_V1,USA,Consulting / research / audit,541712,fifth generation fighter icas integration,1,12575520.0,1.0,68.08
USASPENDING_V1,USA,Consulting / research / audit,541711,"igf::ot::igf, r&d - the biologic specimen and data repositories information coordinating center (biolincc)",1,5094670.43,1.0,68.08
USASPENDING_V1,USA,Consulting / research / audit,541715,research and development of prototype install,1,58515293.15,1.0,68.08
USASPENDING_V1,USA,Consulting / research / audit,541720,medicare-medicaid financial alignment initiative operation support  period of performance: base: <n>/<n>/<n> to <n>/<n>/,1,6351429.71,1.0,68.08
USASPENDING_V1,USA,Consulting / research / audit,561720,"janitorial services for wrair, building <n>, in silver spring, md.",1,7981318.34,1.0,68.08
USASPENDING_V1,USA,Consulting / research / audit,541712,igf::ot::igf  advanced in object discovery&correlation (k<n>),1,2870625.57,1.0,68.08
USASPENDING_V1,USA,Consulting / research / audit,541715,operation test program set development for naval surface warfare center crane,1,86309230.0,1.0,68.08
USASPENDING_V1,USA,Consulting / research / audit,541611,dissemination and stakeholder engagement support for ahrq's national center for excellence in primary care research (nce,1,3023462.0,1.0,68.08
USASPENDING_V1,USA,Consulting / research / audit,333999,site survey joint base lewis mcchord (jblm) tactical rinse system (trs) equipment,1,4790774.0,1.0,68.08
USASPENDING_V1,USA,Consulting / research / audit,541990,ig::otf::ig  agricultural health study phase <n>,1,2333324.0,1.0,68.08
USASPENDING_V1,USA,Consulting / research / audit,541715,gesture control integration project (gcip),1,4254943.0,1.0,68.08
USASPENDING_V1,USA,Consulting / research / audit,541715,"combat effectiveness, survivability, and vulnerability for air force life cycle management center combat effectiveness a",1,92301942.0,1.0,68.08
USASPENDING_V1,USA,Consulting / research / audit,541715,integrated power and thermal management system (iptms) ground demonstration,1,6154362.0,1.0,68.08
USASPENDING_V1,USA,Consulting / research / audit,541720,igf::ot::igf <n>-<n> national postsecondary student aid study (npsas <n>)&postsecondary longitudinal studies - data coll,1,55790337.83,1.0,68.08
USASPENDING_V1,USA,Consulting / research / audit,541330,passport research/quantitative analysis,1,6005422.13,1.0,68.08
USASPENDING_V1,USA,Consulting / research / audit,541715,cms oeda applied research (oar) team advanced analytics,1,3187408.0,1.0,68.08
USASPENDING_V1,USA,Consulting / research / audit,541512,the objective of this order is to acquire expert consulting support and services to support the mission of obi. by issua,1,4762322.93,1.0,68.08
USASPENDING_V1,USA,Consulting / research / audit,541712,a phased approach to fabricating a bi-manual mobile manipulator system,1,8594874.43,1.0,68.08
USASPENDING_V1,USA,Consulting / research / audit,541712,"igf::ct::igf ct <n>-<n> evaluation of integrated technology solutions in a contested, degraded, and operationally-limite",1,33785616.0,1.0,68.08
USASPENDING_V1,USA,Consulting / research / audit,541712,"igf::ot::igf support to nswc crane for sustainment and development of manned reconnaissance aircraft for intelligence, s",1,44531335.0,1.0,68.08
USASPENDING_V1,USA,Consulting / research / audit,541715,megawatt class low spool electric generator phase iv,1,3964909.0,1.0,68.08
USASPENDING_V1,USA,Consulting / research / audit,541715,pcie development-sbir phase iii,1,15760184.93,1.0,68.08
USASPENDING_V1,USA,Consulting / research / audit,519130,inter-university consortium for political and social research (icspr)product researchdatagov,1,3247932.0,1.0,68.08
USASPENDING_V1,USA,Consulting / research / audit,541715,"fuel systems ii - if more information is needed, please contact the co directly.",1,2116024.0,1.0,68.08
USASPENDING_V1,USA,Consulting / research / audit,541712,ct <n>-<n> labor (fee bearing),1,13088282.0,1.0,68.08
USASPENDING_V1,USA,Consulting / research / audit,541910,"igf::ct,cl::igf federal evaluation of selected programs for expectant and parenting youth for the office of adolescent h",1,10291812.5,1.0,68.08
USASPENDING_V1,USA,Consulting / research / audit,541715,"technology analysis, and strategic and operational planning for force posture and combat capabilities for united states ",1,45447627.0,1.0,68.08
USASPENDING_V1,USA,Consulting / research / audit,541715,phase iii small business innovative research - istari - model one,1,4236908.16,1.0,68.08
USASPENDING_V1,USA,Consulting / research / audit,541330,site activation task force (sataf) advisory and assistance services,1,2404482.17,1.0,68.08
USASPENDING_V1,USA,Consulting / research / audit,541611,culture of continuous learning project phase ii,1,5479739.73,1.0,68.08
USASPENDING_V1,USA,Consulting / research / audit,541191,"southwest border real estate support services (title, appraisal, survey, & acquisition support services)",1,176677500.0,1.0,68.08
USASPENDING_V1,USA,Consulting / research / audit,541715,"baa <n>-<n>, detection of subterranean threat activity in hard rock environments  u<n>",1,2998647.46,1.0,68.08
USASPENDING_V1,USA,Consulting / research / audit,519130,igf::ot::igf::   r&d- medical: biomedical (applied research/exploratory development),1,7735380.74,1.0,68.08
USASPENDING_V1,USA,Consulting / research / audit,541715,next generation assessment system,1,6563369.0,1.0,68.08
USASPENDING_V1,USA,Consulting / research / audit,541715,expertise in using bitter taste receptor blockers to improve the palatability of pediatric medicines: blocker discovery,1,2596609.0,1.0,68.08
USASPENDING_V1,USA,Consulting / research / audit,541712,"airborne electronic warfare&surveillance systems support for naval surface warfare center, crane division airborne elect",1,26210646.0,1.0,68.08
USASPENDING_V1,USA,Consulting / research / audit,541611,devcom sbir phase iii,1,6026882.7,1.0,68.08
USASPENDING_V1,USA,Consulting / research / audit,541330,aflcmcwb aas advisory and assistance services award,1,114792555.98,1.0,68.08
USASPENDING_V1,USA,Consulting / research / audit,541611,this firm fixed price task order is for services to administer the national agriculture worker survey survey of hired cr,1,27722530.73,1.0,68.08
USASPENDING_V1,USA,Consulting / research / audit,541611,performance analysis and external reporting statistical support services contract base period funding.,1,6865759.2,1.0,68.08
USASPENDING_V1,USA,Consulting / research / audit,541712,"identification, analysis, recommendations, and delivery of military health system (mhs) and joint staff (js) medical cap",1,28531224.0,1.0,68.08
USASPENDING_V1,USA,Consulting / research / audit,541710,"<n>!<n>!<n>!e<n> !naval research laboratory       !n<n>c<n>  !a!n! !n!                   !<n>!<n>!<n>!<n>!<n>!n!sfa, inc",1,25642402.0,1.0,68.08
USASPENDING_V1,USA,Consulting / research / audit,541511,this procurement is for tools for visualizing collected exploitable material and associated travel expenses.,1,2109023.02,1.0,68.08
USASPENDING_V1,USA,Consulting / research / audit,541715,"sbir phase iii ""predictive geospatial analysis tool"" activities in support of the enhanced by: completing additional res",1,35926816.08,1.0,68.08
USASPENDING_V1,USA,Consulting / research / audit,541715,nia central biorepository  - data coordination and systems management,1,2465322.93,1.0,68.08
USASPENDING_V1,USA,Consulting / research / audit,541611,"eoi::defend the spend (february <n>, <n>)::eoi modification to descope non-essential consulting services  homeland secur",1,24847758.68,1.0,68.08
USASPENDING_V1,USA,Consulting / research / audit,541715,task order in support of the unexploded ordnance center of excellence (uxocoe),1,2237579.78,1.0,68.08
USASPENDING_V1,USA,Consulting / research / audit,541715,research and development effort - optoelectronics and radiation effects,1,6369398.38,1.0,68.08
USASPENDING_V1,USA,Consulting / research / audit,541715,"secure persistent live, virtual, and const res - new award sbir iii",1,24502525.0,1.0,68.08
USASPENDING_V1,USA,Consulting / research / audit,541712,tas: <n> main account: <n>  advanced information management research&development,1,4370956.0,1.0,68.08
USASPENDING_V1,USA,Consulting / research / audit,541715,hpv-automated visual evaluation (pave) project support.,1,3378691.0,1.0,68.08
USASPENDING_V1,USA,Consulting / research / audit,336992,research and development of new type of armor plates with <n> option,1,5805040.37,1.0,68.08
USASPENDING_V1,USA,Consulting / research / audit,541715,advanced photonics rf phased arrays,1,3272425.0,1.0,68.08
USASPENDING_V1,USA,Consulting / research / audit,541715,distributed open ocean mission rehearsal (doomr),1,3803607.0,1.0,68.08
USASPENDING_V1,USA,Consulting / research / audit,541512,onpoint consulting inc:<n> [<n>-<n>],1,4057401.19,1.0,68.08
USASPENDING_V1,USA,Consulting / research / audit,541330,task <n>,1,4779868.68,1.0,68.08
USASPENDING_V1,USA,Consulting / research / audit,541715,experimental investigation of high speed compression,1,2998933.0,1.0,68.08
USASPENDING_V1,USA,Consulting / research / audit,541715,economic payload integration cost athena sensorcraft,1,4800047.67,1.0,68.08
USASPENDING_V1,USA,Consulting / research / audit,541715,"small business innovation research (sbir) iii titled ""scaling manufacturing and affordability of resilient timing system",1,11000000.0,1.0,68.08
USASPENDING_V1,USA,Consulting / research / audit,541511,homomorphic encryption (he),1,9955200.0,1.0,68.08
USASPENDING_V1,USA,Consulting / research / audit,541711,clinical trial support,1,37564235.16,1.0,68.08
USASPENDING_V1,USA,Consulting / research / audit,541611,planning and feasibility study to determine replacement options for  the vamc nashville tn,1,2407708.75,1.0,68.08
USASPENDING_V1,USA,Consulting / research / audit,541611,igf::ot::igf strengthening relationship education and marriage services (streams),1,27886681.11,1.0,68.08
USASPENDING_V1,USA,Consulting / research / audit,541715,develop new ceramic matrix composite (cmc) materials suitable for next-generation thermal protection systems (tps) on hy,1,3424374.0,1.0,68.08
USASPENDING_V1,USA,Consulting / research / audit,541715,panther research & development,1,123857873.0,1.0,68.08
USASPENDING_V1,USA,Consulting / research / audit,541715,gtri autonomous technology exploratory research (gater),1,22692757.0,1.0,68.08
USASPENDING_V1,USA,Consulting / research / audit,518210,national sleep research resource,1,2961210.0,1.0,68.08
USASPENDING_V1,USA,Consulting / research / audit,541715,"space chemistry, reactivity and modeling (scram) - roset call <n>",1,5346856.0,1.0,68.08
USASPENDING_V1,USA,Consulting / research / audit,541712,igf::ot::igf clinical pharmacology quality assurance,1,10220461.94,1.0,68.08
USASPENDING_V1,USA,Consulting / research / audit,541712,characterization of the pharmacokinetic/pharmacodynamic (pk/pd) profile of a candidate hiv prevention drug in rhesus mac,1,2182653.0,1.0,68.08
USASPENDING_V1,USA,Consulting / research / audit,541711,new award under rfp <n>-<n>,1,40769874.54,1.0,68.08
USASPENDING_V1,USA,Consulting / research / audit,541715,munition science and technology research and development for air force research laboratory munitions directorate  scienc,1,91277213.0,1.0,68.08
USASPENDING_V1,USA,Consulting / research / audit,541990,interoperable connectivity (v<n>x) accelerator program technical support services,1,3470863.51,1.0,68.08
USASPENDING_V1,USA,Consulting / research / audit,541712,research and development of security systems,1,7158666.56,1.0,68.08
USASPENDING_V1,USA,Consulting / research / audit,541715,baa - strategic multi-layer assessment,1,20087415.0,1.0,68.08
USASPENDING_V1,USA,Consulting / research / audit,541712,igf::ot::igf  engineered resilient systems (ers)for the us army engineer research and development center (erdc),1,13039278.0,1.0,68.08
USASPENDING_V1,USA,Consulting / research / audit,541712,igf::ot::igf this task order purchases technical support for the night vision and electronic sensors directorate (nvesd),1,3564939.42,1.0,68.08
USASPENDING_V1,USA,Consulting / research / audit,541715,assessment of potential substance abuse treatment medications in nonhuman primate models.,1,2692445.32,1.0,68.08
USASPENDING_V1,USA,Consulting / research / audit,541330,electric power industry development (epid),1,2259382.03,1.0,68.08
USASPENDING_V1,USA,Consulting / research / audit,541611,personnel support contract - the simulation training and technology center has a requirement for operations and staff pe,1,7094713.33,1.0,68.08
USASPENDING_V1,USA,Consulting / research / audit,519130,"computer assisted legal research (calr) for dod organizations: afloa, navy, army, usmc, dla, dcma, dcaa",1,7473855.2,1.0,68.08
USASPENDING_V1,USA,Consulting / research / audit,541611,"the office of naval research (onr) seeks administrative support services for the contracts, grants and acquisition depar",1,3123856.4,1.0,68.08
USASPENDING_V1,USA,Consulting / research / audit,541715,to award the base period for nimh psychoactive drug screening program (pdsp).  base pop: <n>/<n>/<n>-<n>/<n>/<n>.,1,11726648.15,1.0,68.08
USASPENDING_V1,USA,Consulting / research / audit,541611,"direct <n>(a) award of a <n>-month base and <n>-month option, labor hour type contract to aneon brillient for the center",1,2214286.15,1.0,68.08
USASPENDING_V1,USA,Consulting / research / audit,541715,"scientific, research, and administrative support for vgb",1,6529656.04,1.0,68.08
USASPENDING_V1,USA,Consulting / research / audit,541712,the objective of this effort is to provide five (<n>) operational h-<n> blackhawk aircraft with the helicopter alert and,1,8623434.0,1.0,68.08
USASPENDING_V1,USA,Consulting / research / audit,541715,"chemical, biological, radiological, and nuclear medical diagnostics and environmental analytics and lifecycle analysis",1,10016699.0,1.0,68.08
USASPENDING_V1,USA,Consulting / research / audit,541712,"igf::cl,ct::igf dt-<n>-<n> ""c/kc-<n> product support""",1,2882432.0,1.0,68.08
USASPENDING_V1,USA,Consulting / research / audit,541330,tsl certification test support services,1,11163983.08,1.0,68.08
USASPENDING_V1,USA,Consulting / research / audit,541611,"the teaching and learning international survey (talis) is a survey about teachers, teaching, and learning environments a",1,3513399.12,1.0,68.08
USASPENDING_V1,USA,Consulting / research / audit,541715,power&analog radhard ic simulation environment (paradise),1,2998107.0,1.0,68.08
USASPENDING_V1,USA,Consulting / research / audit,541512,platform integrated control system (pics) & critical battery management system (cbms) small business innovation & resear,1,12726457.11,1.0,68.08
USASPENDING_V1,USA,Consulting / research / audit,336411,systems modernization working group <n>,1,2000000.0,1.0,68.08
USASPENDING_V1,USA,Consulting / research / audit,541715,spaceware is issued as a result of a white paper selection submitted in response to fa<n>-<n>-s-<n>.,1,5737538.0,1.0,68.08
USASPENDING_V1,USA,Consulting / research / audit,541611,data collection for the national survey of child and adolescent well-being,1,7389458.0,1.0,68.08
USASPENDING_V1,USA,Consulting / research / audit,541611,igf::ot::igf::  program analysis and integration and independent verification and validation in support of peo eis,1,4204927.77,1.0,68.08
USASPENDING_V1,USA,Consulting / research / audit,541715,additional tasks of opportunity for evaluation of the impact of beam control for optical phased array transceivers,1,2406488.37,1.0,68.08
USASPENDING_V1,USA,Consulting / research / audit,541219,economist support services,1,3927045.79,1.0,68.08
USASPENDING_V1,USA,Consulting / research / audit,541720,development of an integrated continue cgmp facility for mrna manufacturing - baa-pmqwp#<n>,1,82182000.0,1.0,68.08
USASPENDING_V1,USA,Consulting / research / audit,541712,igf::ot::igf focal plane array (fpa),1,10200944.0,1.0,68.08
USASPENDING_V1,USA,Consulting / research / audit,541512,firm fixed price award center for drug evaluation and research (cder) - integrated enterprise information management ass,1,4499216.42,1.0,68.08
USASPENDING_V1,USA,Consulting / research / audit,541519,centralized support for the national cancer institute (nci) center for cancer research (ccr),1,15004512.0,1.0,68.08
USASPENDING_V1,USA,Consulting / research / audit,541715,synthesis of <n>d materials using scalable processes,1,5050000.0,1.0,68.08
USASPENDING_V1,USA,Consulting / research / audit,541611,igf::ot::igf gps ii r <n> year,1,104265741.36,1.0,68.08
USASPENDING_V1,USA,Consulting / research / audit,541712,igf::ot::igf optoelectronic technology research air force research labs rydh&rydp dt <n>-<n>,1,47027783.0,1.0,68.08
USASPENDING_V1,USA,Consulting / research / audit,541715,proficient research of onboard subsystems technology,1,17994207.0,1.0,68.08
USASPENDING_V1,USA,Consulting / research / audit,541714,"development of ""a full stack of host-response solutions to infectious disease testing to address outpatient and inpatien",1,27992717.01,1.0,68.08
USASPENDING_V1,USA,Consulting / research / audit,541710,advanced emp testing & technical assistance,1,12112263.0,1.0,68.08
USASPENDING_V1,USA,Consulting / research / audit,541715,"research and development of the altitude compensating, lobed nozzle",1,2098169.84,1.0,68.08
USASPENDING_V1,USA,Consulting / research / audit,541715,production readiness for complex carbon-carbon assemblies for hypersonic glide aeroshells,1,3042156.0,1.0,68.08
USASPENDING_V1,USA,Consulting / research / audit,541715,trusted distributed autonomy demonstration experiment (tdade),1,10405894.0,1.0,68.08
USASPENDING_V1,USA,Consulting / research / audit,541712,igf::ot::igf - rdt&e ds tats: dt-<n>-<n>,1,53611352.26,1.0,68.08
USASPENDING_V1,USA,Consulting / research / audit,541715,counter explosive hazard research for the night vision and electronic sensors directorate (nvesd) countermine division,1,65693471.0,1.0,68.08
USASPENDING_V1,USA,Consulting / research / audit,541715,moog ascent green monopropellant thruster,1,7195263.0,1.0,68.08
USASPENDING_V1,USA,Consulting / research / audit,541715,exposure characterization and control and optimized warfighter performance,1,16949735.0,1.0,68.08
USASPENDING_V1,USA,Consulting / research / audit,561499,the national highway traffic safety administration (nhtsa) office of the associate administrator for administration requ,1,3058118.28,1.0,68.08
USASPENDING_V1,USA,Consulting / research / audit,541613,the academy for integrating behavioral health and primary care,1,2499525.0,1.0,68.08
USASPENDING_V1,USA,Consulting / research / audit,541712,nuclear survivability analysis support,1,14074639.04,1.0,68.08
USASPENDING_V1,USA,Consulting / research / audit,336413,post flight ice shape test data analysis,1,11470206.0,1.0,68.08
USASPENDING_V1,USA,Consulting / research / audit,541611,defense health agency administrative facilities operations management support services,1,3834070.36,1.0,68.08
USASPENDING_V1,USA,Consulting / research / audit,336413,full scale fatigue test,1,40651605.0,1.0,68.08
USASPENDING_V1,USA,Consulting / research / audit,541715,"accenture federal services llcs award titled, dla r&d dod automated cycle counting for automated warehouse inventory und",1,6589184.48,1.0,68.08
USASPENDING_V1,USA,Consulting / research / audit,334516,"igf::ot::igf the department of energy, advanced research projects agency   energy (arpa-e) has a requirement for a deplo",1,3095889.81,1.0,68.08
USASPENDING_V1,USA,Consulting / research / audit,541512,"program support for the office of research, development,&technology",1,4217789.95,1.0,68.08
USASPENDING_V1,USA,Consulting / research / audit,541511,"gardem integrated mission management (imm) research, development, enhancement & sustainment",1,51522725.0,1.0,68.08
USASPENDING_V1,USA,Consulting / research / audit,541715,coalesce,1,5444691.0,1.0,68.08
USASPENDING_V1,USA,Consulting / research / audit,541611,igf::ot::igf this contract is to complete the evaluation using existing data collected in the baseline information form ,1,4197253.19,1.0,68.08
USASPENDING_V1,USA,Consulting / research / audit,541611,employment and training administration (eta)'s national agricultural workers survey (naws),1,5479272.07,1.0,68.08
USASPENDING_V1,USA,Consulting / research / audit,541618,"obtain professional vetting consultant services for the office of international affairs, office of research, technology ",1,3142276.32,1.0,68.08
USASPENDING_V1,USA,Consulting / research / audit,541720,comprehensive care for joint replacement (cjr) <n>-year extension payment reconciliation,1,9100206.0,1.0,68.08
USASPENDING_V1,USA,Consulting / research / audit,334516,to further develop and procure bulk resolution technology (brt) units to support research and development (r&d) and test,1,3407640.0,1.0,68.08
USASPENDING_V1,USA,Consulting / research / audit,541611,obtain services for qualitative and quantitative supply chain research studies in support of ilabs production of congres,1,12870800.23,1.0,68.08
USASPENDING_V1,USA,Consulting / research / audit,541613,title:  federal interagency committee on emergency medical services (ficems) and national emergency medical services adv,1,2573894.7,1.0,68.08
USASPENDING_V1,USA,Consulting / research / audit,541712,igf::ct::igf chemical biological radiological nuclear defense (cbrnd) testing and analytics,1,64650769.82,1.0,68.08
USASPENDING_V1,USA,Consulting / research / audit,541715,wasp <n>.<n>.<n> minor build,1,16014124.25,1.0,68.08
USASPENDING_V1,USA,Consulting / research / audit,541715,opnav baa - gtarc,1,6700387.0,1.0,68.08
USASPENDING_V1,USA,Consulting / research / audit,541712,"igf::ot::igf integrated sense, assess, and augment (isaa) new start",1,9086465.0,1.0,68.08
USASPENDING_V1,USA,Consulting / research / audit,541715,"advanced threats research, development, test and evaluation for the joint program executive office for chemical, biologi",1,77477119.0,1.0,68.08
USASPENDING_V1,USA,Consulting / research / audit,335311,"rct systems, inc. for research and development activities of navy advanced shipboard electrical power and energy systems",1,79471889.03,1.0,68.08
USASPENDING_V1,USA,Consulting / research / audit,541330,the advanced technology support program (atsp) contract acquires progressive microelectronic capability solutions for in,1,14835455.0,1.0,68.08
USASPENDING_V1,USA,Consulting / research / audit,541611,task order <n>: office of extramural research (oer) project management support services for small business education and,1,2000000.0,1.0,68.08
USASPENDING_V1,USA,Consulting / research / audit,541715,survivability and vulnerability analysis for  united states central command,1,20593741.0,1.0,68.08
USASPENDING_V1,USA,Consulting / research / audit,333314,"optical telescope assembly (ota) this contract provides for all efforts and responsibilities for the personnel, services",1,378907168.0,1.0,68.08
USASPENDING_V1,USA,Consulting / research / audit,541712,atc svl rdte - base to award,1,16867583.24,1.0,68.08
USASPENDING_V1,USA,Consulting / research / audit,541715,eo<n> hypersonic performance toolbox integrating modeling environment (hypertime),1,2874588.0,1.0,68.08
USASPENDING_V1,USA,Consulting / research / audit,611310,base award-research base period (ta <n>)-proposal entitled-venice: verifying implicit cultural models,1,3937571.0,1.0,68.08
USASPENDING_V1,USA,Consulting / research / audit,541714,ucsd r&d project under arpa-h share digiheals baa,1,9544174.0,1.0,68.08
USASPENDING_V1,USA,Consulting / research / audit,541611,<n> - <n> survey of earned doctorates (sed),1,5379998.0,1.0,68.08
USASPENDING_V1,USA,Consulting / research / audit,541712,"support of airfield pavements and technologies (ap_t) research, development, test and evaluation (rdt_e)",1,20992463.61,1.0,68.08
USASPENDING_V1,USA,Consulting / research / audit,541690,research effort to support the unclassified and classified analysis of emerging changes in foreign operations.,1,5908952.0,1.0,68.08
USASPENDING_V1,USA,Consulting / research / audit,541712,<n>-<n>-<n> igf::ot::igf research and prototype development of spacecraft electronics and space/airborne electronics sys,1,133220483.49,1.0,68.08
USASPENDING_V1,USA,Consulting / research / audit,541715,high power density structural heat spreader,1,8445548.0,1.0,68.08
USASPENDING_V1,USA,Consulting / research / audit,541715,hmat,1,7199979.0,1.0,68.08
USASPENDING_V1,USA,Consulting / research / audit,541611,"hud seeks a contractor to provide advisory, technical assistance and services to initiate, research, analyze, establish,",1,2736552.0,1.0,68.08
USASPENDING_V1,USA,Consulting / research / audit,541219,"first international studies consolidated national contract  program for international student assessment (pisa), progres",1,42112015.0,1.0,68.08
USASPENDING_V1,USA,Consulting / research / audit,541690,"technical support for the office of security and emergency management, department of energy, oak ridge office to provide",1,3271561.44,1.0,68.08
USASPENDING_V1,USA,Consulting / research / audit,541715,"passive ionosonde explotation capability (pixc) demo progm, <n> usc <n>, adv research announcement (ara), space technolo",1,2074454.0,1.0,68.08
USASPENDING_V1,USA,Consulting / research / audit,541712,igf::ot::igf multifunction structures development,1,2677804.0,1.0,68.08
USASPENDING_V1,USA,Consulting / research / audit,541710,follow on contract to provide operations and science support to the cxo,1,1406417924.0,1.0,68.08
USASPENDING_V1,USA,Consulting / research / audit,541690,igf::ot::igf advisory board on worker health services,1,10720003.4,1.0,68.08
USASPENDING_V1,USA,Consulting / research / audit,541715,propulsion system for propellant,1,14308162.96,1.0,68.08
USASPENDING_V1,USA,Consulting / research / audit,541715,title: repository of mouse models for cytogenetic research,1,3249992.61,1.0,68.08
USASPENDING_V1,USA,Consulting / research / audit,541715,"technical analysis for the army program manager, special operations forces survival support and equipment systems surviv",1,17205983.0,1.0,68.08
USASPENDING_V1,USA,Consulting / research / audit,336413,integrated test team (itt) operations in executing advanced development experimentation flights and developmental testin,1,9704396.0,1.0,68.08
USASPENDING_V1,USA,Consulting / research / audit,541715,the objective of this effort is to advance the technology readiness of the ibr welded patch repair process and demonstra,1,4342417.0,1.0,68.08
USASPENDING_V1,USA,Consulting / research / audit,541715,small business innovation research (sbir) phase iii is for innovative commercial technology acquisition decision tools a,1,4164565.0,1.0,68.08
USASPENDING_V1,USA,Consulting / research / audit,541712,r&d services for nuclear ground shock modeling,1,9231652.0,1.0,68.08
USASPENDING_V1,USA,Consulting / research / audit,541715,comprehensive brain health and trauma (combhat) program - sof tbi pilot program,1,8000000.0,1.0,68.08
USASPENDING_V1,USA,Consulting / research / audit,541715,"sbir phase iii proposal no. jw<n> titled, ""optimized, field-stable glycopolymer-mimicking polysaccharide to prevent morb",1,2297415.0,1.0,68.08
USASPENDING_V1,USA,Consulting / research / audit,541712,dket,1,6931342.68,1.0,68.08
USASPENDING_V1,USA,Consulting / research / audit,336413,e-<n>d simulation with dragon,1,5358705.28,1.0,68.08
USASPENDING_V1,USA,Consulting / research / audit,541715,solid state marx modulator for a high-power microwave (hpm) source,1,11878405.0,1.0,68.08
USASPENDING_V1,USA,Consulting / research / audit,541712,air&space expeditionary forces (aef) support,1,4636887.03,1.0,68.08
USASPENDING_V1,USA,Consulting / research / audit,541715,darpw research project,1,11897613.0,1.0,68.08
USASPENDING_V1,USA,Consulting / research / audit,541715,sbir ph ii.<n> rampart,1,3909972.0,1.0,68.08
USASPENDING_V1,USA,Consulting / research / audit,541512,<n>(a) direct award for ecm integration support services,1,2859142.12,1.0,68.08
USASPENDING_V1,USA,Consulting / research / audit,541715,photovoltaic sheets for high-specific-power space-based energy harvesting (pvs-eh),1,12500000.0,1.0,68.08
USASPENDING_V1,USA,Consulting / research / audit,541715,"spacecraft (s/c) bus for arcstone including interface documents, building the <n>u cubesat s/c, integration with arcston",1,3202294.0,1.0,68.08
USASPENDING_V1,USA,Consulting / research / audit,624120,"university centers for excellence in developmental disabilities education, research and service training and t/ta projec",1,5889937.0,1.0,68.08
USASPENDING_V1,USA,Consulting / research / audit,541715,sbir phase iii - poss viscoelastic hemostat,1,8000000.0,1.0,68.08
USASPENDING_V1,USA,Consulting / research / audit,541512,igf::ot::igf    award to sts,1,13087229.01,1.0,68.08
USASPENDING_V1,USA,Consulting / research / audit,541715,super-synchronous small satellite space surveillance system,1,14323847.0,1.0,68.08
USASPENDING_V1,USA,Consulting / research / audit,541715,advanced space environment warfighter decision support analysis,1,20877314.0,1.0,68.08
USASPENDING_V1,USA,Consulting / research / audit,541715,"sbir topic <n>, phase ii, transcatheter potts shunt",1,2999357.0,1.0,68.08
USASPENDING_V1,USA,Consulting / research / audit,541715,sbir phase <n> contingency quarters management & accountability platform (cqmap),1,4181553.62,1.0,68.08
USASPENDING_V1,USA,Consulting / research / audit,541712,alarm,1,6511748.0,1.0,68.08
USASPENDING_V1,USA,Consulting / research / audit,541715,"baa <n>-<n>, research infrastructure to advance subterranean threat detection in hard rock environments and complex geol",1,3049151.48,1.0,68.08
USASPENDING_V1,USA,Consulting / research / audit,337127,"naval medical research unit - six (namru-<n>) io transition services, lima, peru",1,6528257.25,1.0,68.08
USASPENDING_V1,USA,Consulting / research / audit,541211,"fti consulting, accounting services for cobell settlement and land buy back program  igf::ot::igf",1,11406162.47,1.0,68.08
USASPENDING_V1,USA,Consulting / research / audit,541715,electromagnetic spectrum superiority development for air force life cycle management center electronic warfare and avion,1,76726955.0,1.0,68.08
USASPENDING_V1,USA,Consulting / research / audit,541715,"act-iv ongoing development, integration, experimentation, and validation for enhanced lethality",1,4626437.0,1.0,68.08
USASPENDING_V1,USA,Consulting / research / audit,541715,thermal protection for hypersonic vehicles,1,25426531.0,1.0,68.08
USASPENDING_V1,USA,Consulting / research / audit,541715,risk manager,1,6215857.07,1.0,68.08
USASPENDING_V1,USA,Consulting / research / audit,541715,"the purpose of this action is to award a contract under baa w<n>kgu-<n>-r-rtid, topic gba-<n> to aspen consulting group.",1,9425163.37,1.0,68.08
USASPENDING_V1,USA,Consulting / research / audit,541715,research and development for high energy laser pod for regional airborne defense,1,6998077.0,1.0,68.08
USASPENDING_V1,USA,Consulting / research / audit,541715,"special projects and operational testing for naval surface warfare center, panama city division",1,97963348.0,1.0,68.08
USASPENDING_V1,USA,Consulting / research / audit,541715,earth <n> program,1,17297400.0,1.0,68.08
USASPENDING_V1,USA,Consulting / research / audit,541690,msm testing initiative,1,15393821.79,1.0,68.08
USASPENDING_V1,USA,Consulting / research / audit,541715,scientific information management and literature-based evaluations for the national toxicology program (ntp),1,13283134.0,1.0,68.08
USASPENDING_V1,USA,Consulting / research / audit,541380,"igf::ot::igf support for research on retroviral pathogenesis, treatment, and prevention",1,5661061.39,1.0,68.08
USASPENDING_V1,USA,Consulting / research / audit,541715,"experimentation, integration, and transition program for army research laboratory (arl) photonics, electronics, and quan",1,94045430.0,1.0,68.08
USASPENDING_V1,USA,Consulting / research / audit,541715,reusable hypersonic airbreathing isr (rhaisr),1,14530418.0,1.0,68.08
USASPENDING_V1,USA,Consulting / research / audit,541715,tools for enabling autonomous multi-satellite systems (teams),1,37474959.0,1.0,68.08
USASPENDING_V1,USA,Consulting / research / audit,541715,a phase <n> trial to evaluate an orally ingested probiotic yeast genetically modified to express a tetra-specific anti-t,1,2514022.0,1.0,68.08
USASPENDING_V1,USA,Consulting / research / audit,561210,water & waste water study,1,2384267.59,1.0,68.08
USASPENDING_V1,USA,Consulting / research / audit,541330,this to is to  improve customer service scores reported by a <n>rd-party vendor who completes a quarterly participant ca,1,137433654.44,1.0,68.08
USASPENDING_V1,USA,Consulting / research / audit,541519,sbir stratfi - velocity,1,13005008.6,1.0,68.08
USASPENDING_V1,USA,Consulting / research / audit,541715,igf::ot::igf rdt&e for integrated circuits and pcbs,1,2901248.0,1.0,68.08
USASPENDING_V1,USA,Consulting / research / audit,541715,"the contractor shall provide all personal, labor, tools, transportation, material, equipment and services iaw solicitati",1,2000000.0,1.0,68.08
USASPENDING_V1,USA,Consulting / research / audit,541715,space modular manipulators (smm) project - (tees) - basic contract award.   note:  solicitation date  rfp letter date no,1,70675000.0,1.0,68.08
USASPENDING_V1,USA,Consulting / research / audit,541611,technical assistance support to the <n> cohort of education innovation and research (eir) grantees to help them implemen,1,4483460.0,1.0,68.08
USASPENDING_V1,USA,Consulting / research / audit,541715,award of small business innovative research phase iii contract,1,33586934.0,1.0,68.08
USASPENDING_V1,USA,Consulting / research / audit,541715,low power radar and counter,1,6900560.0,1.0,68.08
USASPENDING_V1,USA,Consulting / research / audit,541715,"space qualification of low-cost, light-weight and flexible power modules for space applications power modules.",1,4500000.0,1.0,68.08
USASPENDING_V1,USA,Consulting / research / audit,541512,study data platform,1,2195493.84,1.0,68.08
USASPENDING_V1,USA,Consulting / research / audit,541511,advisory and assistance services,1,4459992.91,1.0,68.08
USASPENDING_V1,USA,Consulting / research / audit,541715,department of homeland security (dhs) science and technology directorate (s&t) secure hybrid composite containers (shcc),1,8587786.26,1.0,68.08
USASPENDING_V1,USA,Consulting / research / audit,541715,hierarchical command and control (h-c<n>,1,2694486.0,1.0,68.08
USASPENDING_V1,USA,Consulting / research / audit,541712,"system sustainment, integration and analysis counter-rockets, artillery, and mortar program directorate peo missile and ",1,42147168.0,1.0,68.08
USASPENDING_V1,USA,Consulting / research / audit,541715,"manufacturing technology (mantech), geiger-mode avalanche photodiode (gmapd) sensor manufacturability",1,6103554.0,1.0,68.08
USASPENDING_V1,USA,Consulting / research / audit,541611,financial and programmatic support for the office of naval research,1,3227225.7,1.0,68.08
USASPENDING_V1,USA,Consulting / research / audit,541715,"research & development and fabrication of inertial confinement fusion (icf) targets for the office of rtd&e na-<n>, expe",1,247456540.0,1.0,68.08
USASPENDING_V1,USA,Consulting / research / audit,541715,new project that incorporates applied research and development activities that will drive the development of canine tech,1,21852013.0,1.0,68.08
USASPENDING_V1,USA,Consulting / research / audit,541715,wide range pump,1,8761980.49,1.0,68.08
USASPENDING_V1,USA,Consulting / research / audit,541715,hellbender,1,4500000.0,1.0,68.08
USASPENDING_V1,USA,Consulting / research / audit,336413,cmbre storm map development,1,6509499.0,1.0,68.08
USASPENDING_V1,USA,Consulting / research / audit,541712,"igf::ot::igf ct <n>-<n> fleet training wholeness (ftw) support, navy continuous training environment",1,52240283.0,1.0,68.08
USASPENDING_V1,USA,Consulting / research / audit,541715,electronic warfare situational awareness toolkit,1,9915575.0,1.0,68.08
USASPENDING_V1,USA,Consulting / research / audit,519290,tax research services. one <n>-month base period <n>/<n>/<n>-<n>/<n>/<n> and one <n>-month option period <n>/<n>/<n>-<n>,1,2315250.0,1.0,68.08
USASPENDING_V1,USA,Consulting / research / audit,541715,abms cbc<n> user interface/user experience development,1,66984976.33,1.0,68.08
USASPENDING_V1,USA,Consulting / research / audit,541712,igf::ot::igf  fastjet open baa,1,6302293.0,1.0,68.08
USASPENDING_V1,USA,Consulting / research / audit,541715,multi-sensor exploitation for tactical autonomy,1,9292852.0,1.0,68.08
USASPENDING_V1,USA,Consulting / research / audit,541715,weldment research and prototyping for hypersonic air-breathing weapons and advanced material manufacturing research,1,10398708.0,1.0,68.08
USASPENDING_V1,USA,Consulting / research / audit,541715,the contractor shall develop a lunar instrumentation for subsurface thermal exploration with rapidity.,1,5341779.0,1.0,68.08
USASPENDING_V1,USA,Consulting / research / audit,541715,technical analyses and strategic and operational planning for maritime operations and warfighting for u.s. uspacflt,1,41962169.0,1.0,68.08
USASPENDING_V1,USA,Consulting / research / audit,541715,nuclear electric propulsion to achieve dynamic space operations (nepadso),1,4199862.0,1.0,68.08
USASPENDING_V1,USA,Consulting / research / audit,541712,united states air force usaf air mobility command amc mobility air forces strategic planning,1,7766684.82,1.0,68.08
USASPENDING_V1,USA,Consulting / research / audit,541715,darpa research project - phase <n> and phase <n>,1,85190335.0,1.0,68.08
USASPENDING_V1,USA,Consulting / research / audit,541715,ongoing technical assistance to support the uspstf,1,4663654.0,1.0,68.08
USASPENDING_V1,USA,Consulting / research / audit,541713,dmsco research & development (r&d),1,2527013.0,1.0,68.08
USASPENDING_V1,USA,Consulting / research / audit,541720,sociotech pilot management and support services,1,3988206.23,1.0,68.08
USASPENDING_V1,USA,Consulting / research / audit,541715,"manpower, personnel, training, and education (mpte)",1,9366626.0,1.0,68.08
USASPENDING_V1,USA,Consulting / research / audit,541330,nucleated foam sequential sbir phase ii award,1,3067600.0,1.0,68.08
USASPENDING_V1,USA,Consulting / research / audit,541715,"resource for the collection of human tissue, cells, biofluids and epidemiologic profiles from donors",1,7638367.14,1.0,68.08
USASPENDING_V1,USA,Consulting / research / audit,541715,manufacturing epitaxial ohmic contacts for mmw gan,1,3990016.0,1.0,68.08
USASPENDING_V1,USA,Consulting / research / audit,541715,"the purpose of this contract to support the activities required to produce, procure, store, ship, and maintain high-qual",1,4780359.0,1.0,68.08
USASPENDING_V1,USA,Consulting / research / audit,483112,firm-fixed price (ffp) contract for the supply of a chartered vessel and crew to support protected species field camp de,1,4313441.22,1.0,68.08
USASPENDING_V1,USA,Consulting / research / audit,541712,igf::cl::igf research and development services,1,65165309.89,1.0,68.08
USASPENDING_V1,USA,Consulting / research / audit,541712,"baa - modeling, simulation, and analysis for chemical biological smoke and obscurants",1,3708391.0,1.0,68.08
USASPENDING_V1,USA,Consulting / research / audit,541330,strategy and management consulting support for ose,1,13302387.74,1.0,68.08
USASPENDING_V1,USA,Consulting / research / audit,336411,"f-<n> block four development contract for the continued development of critical warfighting capabilities, as well as req",1,2427419097.0,1.0,68.08
USASPENDING_V1,USA,Consulting / research / audit,541715,location-specific weather threat avoidance tool,1,4500016.0,1.0,68.08
USASPENDING_V1,USA,Consulting / research / audit,541715,spoc mfp for dell,1,4644283.01,1.0,68.08
USASPENDING_V1,USA,Consulting / research / audit,541714,modeling pediatric solid tumors and the tumor microenvironment - baa pmwp <n>,1,3095955.0,1.0,68.08
USASPENDING_V1,USA,Consulting / research / audit,541990,provide advisory and assistance services,1,11983615.1,1.0,68.08
USASPENDING_V1,USA,Consulting / research / audit,541519,fy<n> advisory and assistance services bridge,1,3108974.4,1.0,68.08
USASPENDING_V1,USA,Consulting / research / audit,541330,big safari,1,6895533.0,1.0,68.08
USASPENDING_V1,USA,Consulting / research / audit,541715,stand-in force strategic planning and analysis for iii marine expeditionary force,1,62338871.75,1.0,68.08
USASPENDING_V1,USA,Consulting / research / audit,562910,environmental consulting services,1,2594431.77,1.0,68.08
USASPENDING_V1,USA,Consulting / research / audit,541715,broken lung - open baa newaward,1,4739724.0,1.0,68.08
USASPENDING_V1,USA,Consulting / research / audit,541712,igf::ot::igf labor and odc funding implementation of advanced threats for weapon system development support for navy war,1,46223771.0,1.0,68.08
USASPENDING_V1,USA,Consulting / research / audit,541715,system security integrated through hardware and firmware application specific integrated circuit,1,9956185.99,1.0,68.08
USASPENDING_V1,USA,Consulting / research / audit,541211,the purpose is to contract for the performance of a monthly survey of retail community pharmacy covered outpatient drug ,1,3747279.99,1.0,68.08
USASPENDING_V1,USA,Consulting / research / audit,541715,near earth autonomy (nea) inc. small business technology transfer (sttr ph iii) will further develop their autonomy core,1,2499292.0,1.0,68.08
USASPENDING_V1,USA,Consulting / research / audit,541712,department of homeland security science and technology chemical biological defense division biological threat characteri,1,49281576.0,1.0,68.08
USASPENDING_V1,USA,Consulting / research / audit,518210,technical advisory and assistance services for test and evaluations divisions at starcom and hq ussf,1,26018947.18,1.0,68.08
USASPENDING_V1,USA,Consulting / research / audit,541611,this requirement is for the mother and infant home visiting program evaluation ? third grade follow (mihope<n>g) service,1,4547385.0,1.0,68.08
USASPENDING_V1,USA,Consulting / research / audit,541611,developing quality rating systems,1,6815901.0,1.0,68.08
USASPENDING_V1,USA,Consulting / research / audit,541990,cisa/opo tas: l<n>-<n>/<n>-<n> itar: n/a  the purpose of this pr is to issue a new contract for (ciri boa) conformance t,1,2797345.0,1.0,68.08
USASPENDING_V1,USA,Consulting / research / audit,541990,"through an afwerx strategic funding increase (stratfi), the continuation of havik sequential sbir phase ii is to improve",1,13322337.92,1.0,68.08
USASPENDING_V1,USA,Consulting / research / audit,541715,identity activities and biometrics technology research and development  for naval criminal investigative service technic,1,8616990.0,1.0,68.08
USASPENDING_V1,USA,Consulting / research / audit,541211,fisma it audit services,1,4406621.29,1.0,68.08
USASPENDING_V1,USA,Consulting / research / audit,541715,"hypersonic wind tunnel, facility, safety, security, and visualization upgrades",1,3826833.87,1.0,68.08
USASPENDING_V1,USA,Consulting / research / audit,541715,quick reaction chemical analysis of air force materials,1,6888011.0,1.0,68.08
USASPENDING_V1,USA,Consulting / research / audit,AZ11,jkddc,1,3437068.66,1.0,68.08
USASPENDING_V1,USA,Consulting / research / audit,541715,"new darpa baa entitled, ""multi-agent training exerciser (matrex)""",1,6072346.98,1.0,68.08
USASPENDING_V1,USA,Consulting / research / audit,541715,hytec phase <n>,1,68074384.0,1.0,68.08
USASPENDING_V1,USA,Consulting / research / audit,541715,advanced air mobility for advancing northeast ohio (aamen),1,8641907.0,1.0,68.08
USASPENDING_V1,USA,Consulting / research / audit,541715,interstellar mapping and acceleration probe (imap) is a watershed mission that simultaneously investigates the accelerat,1,90273208.0,1.0,68.08
USASPENDING_V1,USA,Consulting / research / audit,541715,"depleted uranium for va maryland health care system (vamhcs), baltimore, maryland va medical center (vamc)",1,4101842.13,1.0,68.08
USASPENDING_V1,USA,Consulting / research / audit,541611,"noaa fisheries,office of science and technology, large pelagics intercept survey and large pelagics biological survey",1,4194076.94,1.0,68.08
USASPENDING_V1,USA,Consulting / research / audit,541712,non-ideal air blast testing and modeling,1,19483087.92,1.0,68.08
USASPENDING_V1,USA,Consulting / research / audit,541712,"igf::ot::igf - sbir iii - radio frequency (rf) position, navigation, and timing (pnt) support",1,3559133.0,1.0,68.08
USASPENDING_V1,USA,Consulting / research / audit,561210,fuel support services,1,3707639.17,1.0,68.08
USASPENDING_V1,USA,Consulting / research / audit,541715,sbir phase <n>.<n> - dipsol of america iz-c<n>+ lhe znni and sifco performance characteristic testing.,1,5236444.36,1.0,68.08
USASPENDING_V1,USA,Consulting / research / audit,541715,strategic compact inertial measurement unit (scimu),1,85597152.0,1.0,68.08
USASPENDING_V1,USA,Consulting / research / audit,541720,mapp eap - igf::cl::igf for other functionsexpanded access protocol for zmapp,1,28870287.64,1.0,68.08
USASPENDING_V1,USA,Consulting / research / audit,541715,"chemical, biological, radiological, and nuclear defense testing, analytics, and sustainment for ciisd",1,125020765.0,1.0,68.08
USASPENDING_V1,USA,Consulting / research / audit,541712,igf::cl::igf material and odcs-base award,1,8449910.64,1.0,68.08
USASPENDING_V1,USA,Consulting / research / audit,541715,conceptual flight test vehicle and program development for agile,1,33830628.0,1.0,68.08
USASPENDING_V1,USA,Consulting / research / audit,541611,provider compliance group data analysis (pcg da)-contractor shall determine if the targeted probe and educate (tpe) and ,1,4320053.66,1.0,68.08
USASPENDING_V1,USA,Consulting / research / audit,541512,microsoft consulting and technical support services.,1,34508597.76,1.0,68.08
USASPENDING_V1,USA,Consulting / research / audit,541711,biomedical (basic),1,4878740.77,1.0,68.08
USASPENDING_V1,USA,Consulting / research / audit,541715,b-<n> analysis and modernization for air force life cycle management center - bomber programs,1,14634847.0,1.0,68.08
USASPENDING_V1,USA,Consulting / research / audit,541715,data exfiltration technologies,1,2778455.0,1.0,68.08
USASPENDING_V1,USA,Consulting / research / audit,541715,scaling effects on a round freejet combustor,1,2178067.0,1.0,68.08
USASPENDING_V1,USA,Consulting / research / audit,541712,linguistic resources for robust automatic transciption of speech.,1,3270763.49,1.0,68.08
USASPENDING_V1,USA,Consulting / research / audit,541712,research and development - issof - igf::ot::igf,1,9837247.21,1.0,68.08
USASPENDING_V1,USA,Consulting / research / audit,541519,the purpose of this delivery order is to provide gartner research and advisory subscription licenses to support peo eis ,1,9333459.32,1.0,68.08
USASPENDING_V1,USA,Consulting / research / audit,541715,cellular immunology core laboratory,1,8047879.0,1.0,68.08
USASPENDING_V1,USA,Consulting / research / audit,541715,capacitive adiabatic flux parametron memory (capmem),1,3861987.0,1.0,68.08
USASPENDING_V1,USA,Consulting / research / audit,541720,igf::ot::igf implementation science -ptsd,1,8607925.82,1.0,68.08
USASPENDING_V1,USA,Consulting / research / audit,541712,birth defects study,1,7252968.9,1.0,68.08
USASPENDING_V1,USA,Consulting / research / audit,541611,"ojc data integrity, research, and evaluation rfq",1,3797965.9,1.0,68.08
USASPENDING_V1,USA,Consulting / research / audit,541990,state of maryland:<n> [<n>-<n>]  support for office of aids research initiative research grant activities,1,13934751.8,1.0,68.08
USASPENDING_V1,USA,Consulting / research / audit,541712,advisory and assistance service to augment the space systems command (ssc) director of staff (ssc/ds) and public affairs,1,3162140.85,1.0,68.08
USASPENDING_V1,USA,Consulting / research / audit,541712,"synchronized constraint-based optimization, repair&assembly (scora)",1,4440666.0,1.0,68.08
USASPENDING_V1,USA,Consulting / research / audit,541715,development of activshield sterilization technology research,1,4858870.8,1.0,68.08
USASPENDING_V1,USA,Consulting / research / audit,541715,the project will focus on improving the reproducibility and manufacturing efficiency for ring shaped geometries using ct,1,2001497.0,1.0,68.08
USASPENDING_V1,USA,Consulting / research / audit,541620,environmental,1,3834783.28,1.0,68.08
USASPENDING_V1,USA,Consulting / research / audit,541618,"oa awsi org assessment/staffing study, program roadmap & technical support services",1,3032668.2,1.0,68.08
USASPENDING_V1,USA,Consulting / research / audit,541720,personnel security research program,1,7984870.17,1.0,68.08
USASPENDING_V1,USA,Consulting / research / audit,541519,dlir scm baa<n>-<n> - tdmt,1,12564562.54,1.0,68.08
USASPENDING_V1,USA,Consulting / research / audit,541720,ascend/twv,1,6578042.0,1.0,68.08
USASPENDING_V1,USA,Consulting / research / audit,541715,phase <n> studies and analysis,1,3782337.0,1.0,68.08
USASPENDING_V1,USA,Consulting / research / audit,541715,<n>authority small business innovation research (sbir) program phase iii titled non-toxic hydrophobic coatings for impro,1,2499965.0,1.0,68.08
USASPENDING_V1,USA,Consulting / research / audit,541611,research activity support services htm support services,1,3928254.87,1.0,68.08
USASPENDING_V1,USA,Consulting / research / audit,541715,the contractor shall perform research and development services related to the evaluation and assessment of vulnerabiliti,1,2650000.0,1.0,68.08
USASPENDING_V1,USA,Consulting / research / audit,541712,igf::ot::igf external quality assurance program oversight laboratory (eqapol),1,35846627.14,1.0,68.08
USASPENDING_V1,USA,Consulting / research / audit,541715,new contract award -- scheduling manned aircrews for readiness and training,1,4086919.0,1.0,68.08
USASPENDING_V1,USA,Consulting / research / audit,541711,igf::ot::igf technology maturation for rocket engine component,1,2997002.0,1.0,68.08
USASPENDING_V1,USA,Consulting / research / audit,541714,igf::ot::igf immune epitope and analysis program,1,24260098.03,1.0,68.08
USASPENDING_V1,USA,Consulting / research / audit,541715,preclinical medications discovery and abuse liability testing for nida nida ref. no. n<n>da-<n>-<n>. base award.,1,4781242.3,1.0,68.08
USASPENDING_V1,USA,Consulting / research / audit,541330,south caucasus transportation assessment,1,2413363.0,1.0,68.08
USASPENDING_V1,USA,Consulting / research / audit,541715,"research and development to increase system functionality to include threat avoidance, increased pnt availability, and i",1,49746122.0,1.0,68.08
USASPENDING_V1,USA,Consulting / research / audit,481212,commercial lunar payload services (clps) contract task order cs-<n>,1,56100000.0,1.0,68.08
USASPENDING_V1,USA,Consulting / research / audit,541611,emi transformation management consulting services-,1,4607514.0,1.0,68.08
USASPENDING_V1,USA,Consulting / research / audit,541712,igf::ot::igf the contractor shall provide development of x-ray differential phase contrast scanner for explosive detecti,1,7958575.51,1.0,68.08
USASPENDING_V1,USA,Consulting / research / audit,611310,"the overall objective of this effort is to develop a broad-spectrum, biologically derived, genetically tunable, high sur",1,3000000.0,1.0,68.08
USASPENDING_V1,USA,Consulting / research / audit,541715,system acquisition reliability improvement for cargo helicopter (ch)-<n> cargo helicopter project management office (pmo,1,50010442.0,1.0,68.08
USASPENDING_V1,USA,Consulting / research / audit,541990,command advisory and assistance services caas,1,82732367.32,1.0,68.08
USASPENDING_V1,USA,Consulting / research / audit,541990,vfc and pear support contract,1,4495787.89,1.0,68.08
USASPENDING_V1,USA,Consulting / research / audit,541715,"prepare, protect, respond: securing the homeland via information service research and development for united states army",1,79865093.0,1.0,68.08
USASPENDING_V1,USA,Consulting / research / audit,541715,vc-<n>b hypersonic sbir phase <n>,1,20165000.0,1.0,68.08
USASPENDING_V1,USA,Consulting / research / audit,541211,cares act financial consulting services,1,16444873.78,1.0,68.08
USASPENDING_V1,USA,Consulting / research / audit,541715,sbir/sttr phase ii r&d:  innovative methodologies for manufacturing of lethality test articles.,1,2496006.0,1.0,68.08
USASPENDING_V1,USA,Consulting / research / audit,325413,"igf::ct::igf first light biosciences, inc.",1,41408149.35,1.0,68.08
USASPENDING_V1,USA,Consulting / research / audit,541512,this is a contract award for the joint land component constructive training capability (jlcctc) bridge contract. this co,1,58489796.52,1.0,68.08
USASPENDING_V1,USA,Consulting / research / audit,541330,xb<n> spacecraft bus,1,10975742.0,1.0,68.08
USASPENDING_V1,USA,Consulting / research / audit,541712,igf::ot::igf jackson heart study renewal coordinating center,1,9768152.03,1.0,68.08
USASPENDING_V1,USA,Consulting / research / audit,541715,space propulsion in neutralizing satellite threats - beam divergence demonstration,1,2073603.0,1.0,68.08
USASPENDING_V1,USA,Consulting / research / audit,541712,"igf::ct::igf the department of interior (doi), interior business center (ibc), acquisition services directorate (aqd) re",1,3519513.21,1.0,68.08
USASPENDING_V1,USA,Consulting / research / audit,541715,advanced rocket propulsion technology,1,30444178.67,1.0,68.08
USASPENDING_V1,USA,Consulting / research / audit,541512,orion and spacecraft cockpit prototyping phase <n>,1,4991481.43,1.0,68.08
USASPENDING_V1,USA,Consulting / research / audit,541690,bird avoidance model/avian hazard advisory system,1,2895395.5,1.0,68.08
USASPENDING_V1,USA,Consulting / research / audit,R499,tas::<n> <n>::tas developing a survey of truck driver injury and health,1,5643968.0,1.0,68.08
USASPENDING_V1,USA,Consulting / research / audit,541690,support services,1,4047519.52,1.0,68.08
USASPENDING_V1,USA,Consulting / research / audit,541330,emi independent study training support services,1,3308090.32,1.0,68.08
USASPENDING_V1,USA,Consulting / research / audit,541620,in vitro measurements for toxicokinetics (rtk) igf::cl::igf,1,2473814.36,1.0,68.08
USASPENDING_V1,USA,Consulting / research / audit,541990,the purpose of this contract is to procure acquisition and assistance support under  general services administration (gs,1,3990000.0,1.0,68.08
USASPENDING_V1,USA,Consulting / research / audit,541990,"project titled, ""integrate data analytics training, data linkage research and secure data access to promote evidence-bas",1,2463165.76,1.0,68.08
USASPENDING_V1,USA,Consulting / research / audit,541715,the contractor shall develop technology for acquiring and transferring regolith from the lunar surface to instruments an,1,6305075.0,1.0,68.08
USASPENDING_V1,USA,Consulting / research / audit,541715,sbir phase ii enhancement project with a base period of <n> months and <n> option tasks (<n> months).,1,2236787.78,1.0,68.08
USASPENDING_V1,USA,Consulting / research / audit,541715,igf::ot::igf assessment of potential substance abuse treatment medications in nonhuman primate models. nida ref. no. n<n,1,6249115.2,1.0,68.08
USASPENDING_V1,USA,Consulting / research / audit,541715,research and development mbe,1,3274820.0,1.0,68.08
USASPENDING_V1,USA,Consulting / research / audit,481212,commercial lunar payload services (clps) contract task order cx-<n>a,1,94000000.0,1.0,68.08
USASPENDING_V1,USA,Consulting / research / audit,923140,ord crado strategy support and rapid response,1,4360690.76,1.0,68.08
USASPENDING_V1,USA,Consulting / research / audit,541715,ai data analytics study for afmc supply chain. sbir phase iii topic af <n>-<n>.,1,2332931.2,1.0,68.08
USASPENDING_V1,USA,Consulting / research / audit,541715,flight experiments on the talon-a hypersonic testbed,1,2427809.8,1.0,68.08
USASPENDING_V1,USA,Consulting / research / audit,541715,aptu upgrade that extends operational run time and test regimes,1,6876959.55,1.0,68.08
USASPENDING_V1,USA,Consulting / research / audit,812930,security restrictions/parking access for the office of naval research,1,3222348.0,1.0,68.08
USASPENDING_V1,USA,Consulting / research / audit,541330,cab r & d,1,5256290.4,1.0,68.08
USASPENDING_V1,USA,Consulting / research / audit,541712,igf::ot::igf other function ninds center for clinical research resources,1,6972901.92,1.0,68.08
USASPENDING_V1,USA,Consulting / research / audit,541715,ii marine expeditionary force survivable conventional force requirements and technical analysis of expeditionary and com,1,13128816.0,1.0,68.08
USASPENDING_V1,USA,Consulting / research / audit,541611,"direct <n>(a) award of a <n>-month base, labor hour type contract to aneon brillient for the center for drug evaluation ",1,3266335.67,1.0,68.08
USASPENDING_V1,USA,Consulting / research / audit,541715,autonomy and navigation technology development for air force institute of technology center,1,23998815.0,1.0,68.08
USASPENDING_V1,USA,Consulting / research / audit,541715,harsh environment antenna research (hear) expanded band,1,5586929.0,1.0,68.08
USASPENDING_V1,USA,Consulting / research / audit,541712,igf::ct::igf dodsbirsol<n>.<n>,1,2171133.23,1.0,68.08
USASPENDING_V1,USA,Consulting / research / audit,541712,"to perform the helicopter alert and threat termination-acoustic (haltt-a) system program, phase ii.",1,6128434.0,1.0,68.08
USASPENDING_V1,USA,Consulting / research / audit,541715,"thermochromic coatings for emissivity modulation, small business technology transfer (sttr) program award",1,2319798.0,1.0,68.08
USASPENDING_V1,USA,Consulting / research / audit,334516,preventative maintenance for the walter reed army institute of research supporting waters corporation equipment.,1,2709353.93,1.0,68.08
USASPENDING_V1,USA,Consulting / research / audit,541715,ductile mo-si-b high tempeture applications,1,9416736.0,1.0,68.08
USASPENDING_V1,USA,Consulting / research / audit,541512,the contract provides mobile image devices.,1,2490000.0,1.0,68.08
USASPENDING_V1,USA,Consulting / research / audit,541715,automated vision test development - sbir iii,1,2275690.0,1.0,68.08
USASPENDING_V1,USA,Consulting / research / audit,541715,"baa <n>-<n> university of tulsa titled ""vr for smart installation experimentation and security analysis""  u<n>isg",1,3750000.0,1.0,68.08
USASPENDING_V1,USA,Consulting / research / audit,541611,"igf::ot::igf: research support services for nida aids research program (period of performance: september <n>, <n> throug",1,2003235.05,1.0,68.08
USASPENDING_V1,USA,Consulting / research / audit,541715,"power, energy, thermal, integration and controls scientific research",1,36818377.0,1.0,68.08
USASPENDING_V1,USA,Consulting / research / audit,541715,resilient all-domain command and control test and evaluation,1,44106927.0,1.0,68.08
USASPENDING_V1,USA,Web / digital,541330,"the contractor shall provide technical programmatic support services for na-mb-<n>.<n>, to include:  <n>. documents supp",1,1035306.09,2.0,68.0
USASPENDING_V1,USA,Web / digital,513210,---------- comments: interactive health literacy portal (ihlp) program,1,640000.08,3.0,68.0
USASPENDING_V1,USA,Language / transcription,621511,bioinformatics interpretation services,1,832040.0,3.0,68.0
USASPENDING_V1,USA,Web / digital,541620,athens transition management and building closeout,1,646163.39,3.0,68.0
USASPENDING_V1,USA,Language / transcription,541930,sign language services (unclassified up to classified top secret),1,642718.88,2.0,68.0
USASPENDING_V1,USA,Language / transcription,621610,sleep test interpretation services,1,1051150.0,3.0,68.0
USASPENDING_V1,USA,Web / digital,541990,knowledge portal support services,1,769187.41,2.0,68.0
USASPENDING_V1,USA,Web / digital,334519,<n>qfna<n>q<n>  jpeo cbrnd radiation portal,1,1635147.72,2.0,68.0
USASPENDING_V1,USA,Web / digital,541370,blanket purchase agreement (bpa) for bureau of land management (blm) geospatial technology and data support services for,1,982598.55,2.0,68.0
USASPENDING_V1,USA,Language / transcription,541930,sign language interpretation services,1,1792368.6,3.0,68.0
USASPENDING_V1,USA,Consulting / research / audit,541715,sbir phase ii research & development,5,2999984.15,1.0,67.984
USASPENDING_V1,USA,Document / data processing,541715,national addiction and hiv data archive program.,1,4451856.0,2.0,67.94
USASPENDING_V1,USA,Document / data processing,541519,contractor support to manpower and reserve affairs service treatment record program. eo<n>,1,10849603.46,2.0,67.94
USASPENDING_V1,USA,Document / data processing,493110,"federal records relocation, storage, and records management support services  igf::ot::igf",1,10281586.01,2.0,67.94
USASPENDING_V1,USA,Document / data processing,611430,"""igf::ct::igf""  nmc mariner credentialing program (mcp) records management contract  pop <n>/<n>/<n> to <n>/<n>/<n>",1,6470357.9,3.0,67.94
USASPENDING_V1,USA,Document / data processing,518210,records management services requirement  igf::cf::igf,1,10131556.09,2.0,67.94
USASPENDING_V1,USA,Document / data processing,541519,records and information management unit (rimu) collaborative supports services for ice/cdo,1,2028266.31,2.0,67.94
USASPENDING_V1,USA,Document / data processing,541611,knowledge management services,1,25877949.04,3.0,67.94
USASPENDING_V1,USA,Document / data processing,334516,scanning transmission electron microscope (stem) and extended warranty.,1,7718868.0,2.0,67.94
USASPENDING_V1,USA,Document / data processing,541990,task order award records management,1,2870094.24,3.0,67.94
USASPENDING_V1,USA,Document / data processing,541990,igf::ot::igf   substance abuse and mental health data archives (samhda),1,5880346.0,2.0,67.94
USASPENDING_V1,USA,Document / data processing,541990,"records & information mgmt. services, sems, olem, osrti information management center services v the purpose of this per",1,2522370.0,3.0,67.94
USASPENDING_V1,USA,Document / data processing,423860,common terminal digitizer (ctd),1,44001874.18,3.0,67.94
USASPENDING_V1,USA,Document / data processing,541990,"cincinnati office of administration and resources management (oarm), office of chief financial officer (ocfo), technical",1,2651529.32,3.0,67.94
USASPENDING_V1,USA,Document / data processing,541990,sems records & information center information management center services (imcs) v,1,4977660.61,3.0,67.94
USASPENDING_V1,USA,Document / data processing,334516,ou<n>-fy<n>-<n>-new focused ion beam/scanning electron microscope (fib/sem) with <n> years service/maintenance.,1,4486721.0,2.0,67.94
USASPENDING_V1,USA,Document / data processing,541512,innovation cell maintenance task order against t<n>ng basic contract for  sustainment of the employee education system b,1,9651066.53,2.0,67.94
USASPENDING_V1,USA,Document / data processing,561410,"igf::ot::igf  administrative services for ora analytical worksheets submission, laboratory records management and basic ",1,2113885.05,2.0,67.94
USASPENDING_V1,USA,Document / data processing,541990,records management r<n> information management center services (imcs) v,1,3296400.91,3.0,67.94
USASPENDING_V1,USA,Document / data processing,541512,igf::ot::igf records management center extraction and scanning services,1,188406990.64,3.0,67.94
USASPENDING_V1,USA,Document / data processing,541990,"imcs v: records management services for region <n>, information services branch, superfund and emergency management divi",1,4601835.24,3.0,67.94
USASPENDING_V1,USA,Document / data processing,541611,controlled unclassified information (cui)  implementation support services (iss),1,3357442.07,2.0,67.94
USASPENDING_V1,USA,Document / data processing,561611,taxpayer first act (tfa) digitizing fingerprint process,1,4104207.5,2.0,67.94
USASPENDING_V1,USA,Document / data processing,541110,"ediscovery/elitigation, document management, task management, and intake processing support services for the office of c",1,2421696.0,3.0,67.94
USASPENDING_V1,USA,Document / data processing,561410,records management support services for four file rooms in epa region <n> (new york and new jersey).,1,10503445.12,2.0,67.94
USASPENDING_V1,USA,Document / data processing,541611,technical support services for apm-<n>,1,2713337.56,3.0,67.94
USASPENDING_V1,USA,Document / data processing,518111,record management services,1,15257806.93,2.0,67.94
USASPENDING_V1,USA,Document / data processing,541512,this is delivery order for mission system support.,1,5734560.02,3.0,67.94
USASPENDING_V1,USA,Document / data processing,541990,records management services r<n> superfund division  information management center services v,1,2339758.0,3.0,67.94
USASPENDING_V1,USA,Document / data processing,541611,"the purpose of this request is to award the base year for a perm review contractor (prc) to complete eligibility, medica",1,36529879.66,3.0,67.94
USASPENDING_V1,USA,Document / data processing,334516,focused ion beam and scanning electron microscope,1,3919236.72,2.0,67.94
USASPENDING_V1,USA,Document / data processing,518210,medical records scanning and storage,1,2199618.45,2.0,67.94
USASPENDING_V1,USA,Document / data processing,518210,"igf::ot::igf records management, records storage and release of information services for vapahcs.",1,7336711.66,2.0,67.94
USASPENDING_V1,USA,Document / data processing,541715,hardware integrity verification utilizing scanning electron microscopy,1,4195334.0,2.0,67.94
USASPENDING_V1,USA,Document / data processing,541511,the purpose of this call order is to support department's enterprise data governance board and data governance infrastru,1,2275963.0,2.0,67.94
USASPENDING_V1,USA,Document / data processing,493110,records management services for the vba office of business integration.,1,12025706.86,2.0,67.94
USASPENDING_V1,USA,Document / data processing,238220,"operations and maintenance services at the rice federal building and us courthouse, federal parking lot and national arc",1,3211822.36,3.0,67.94
USASPENDING_V1,USA,Document / data processing,334516,"suite of scanning transmission electron microscope (stem) and transmission electron microscope (tem), and warranty throu",1,9931946.0,2.0,67.94
USASPENDING_V1,USA,Document / data processing,541512,web migration,1,2227546.89,2.0,67.94
USASPENDING_V1,USA,Consulting / research / audit,541715,research and development - base effort,3,3539757.45,1.0,67.92
USASPENDING_V1,USA,Consulting / research / audit,541715,sbir phase ii r&d,12,2168476.0,1.0,67.88
USASPENDING_V1,USA,Consulting / research / audit,541712,igf::ot::igf research and development,4,2576502.5,1.0,67.84
USASPENDING_V1,USA,Consulting / research / audit,541714,"scientific, technical, administrative, and logistical support services (stalss)",4,1637110.4000000001,1.0,67.84
USASPENDING_V1,USA,Consulting / research / audit,541711,igf::ct::igf,2,6351325.5,1.0,67.84
USASPENDING_V1,USA,Consulting / research / audit,541620,endangered species survey and habitat restoration,2,2104200.185,1.0,67.84
USASPENDING_V1,USA,Consulting / research / audit,541720,data aggregation and analytics tool,2,5551283.745,1.0,67.84
USASPENDING_V1,USA,Consulting / research / audit,541715,silicon carbide power electronics for more electric aircraft,2,12143723.0,1.0,67.84
USASPENDING_V1,USA,Consulting / research / audit,541512,genuine presence assurance,2,2392500.0,1.0,67.84
USASPENDING_V1,USA,Consulting / research / audit,541715,baa research and development,2,2192506.5,1.0,67.84
USASPENDING_V1,USA,Consulting / research / audit,541715,base period rdt&e services,2,3818014.125,1.0,67.84
USASPENDING_V1,USA,Consulting / research / audit,541720,northrop grumman,2,1966453.1,1.0,67.84
USASPENDING_V1,USA,Consulting / research / audit,541712,igf::ot::igf research&development,2,5819060.5,1.0,67.84
USASPENDING_V1,USA,Consulting / research / audit,541714,"scientific, technical, administrative and logistical support services",2,9503079.42,1.0,67.84
USASPENDING_V1,USA,Consulting / research / audit,334290,"the building automation system (bas) is a national institutes of health (nih) office of research facilities (orf), divis",2,2160671.775,1.0,67.84
USASPENDING_V1,USA,Consulting / research / audit,541511,"the contractor shall maintain and support study data infrastructure, data management and data preparation, and advanced ",2,3625444.0,1.0,67.84
USASPENDING_V1,USA,Consulting / research / audit,541715,"test article - if more information is needed, please contact the co directly.",2,17369940.5,1.0,67.84
USASPENDING_V1,USA,Consulting / research / audit,541330,"the contractor shall provide administrative, business and or financial support services for the office of naval research",2,1518041.0,1.0,67.84
USASPENDING_V1,USA,Consulting / research / audit,541715,small business innovation research phase ii,3,1153954.98,1.0,67.76
USASPENDING_V1,USA,Consulting / research / audit,541715,<n> authority research and development,4,1133762.0,1.0,67.72
USASPENDING_V1,USA,Consulting / research / audit,541715,research and development <n>authority,5,1999994.0,1.0,67.696
USASPENDING_V1,USA,Consulting / research / audit,541715,new darpa sbir ii,5,1499739.0,1.0,67.696
USASPENDING_V1,USA,Consulting / research / audit,541712,igf::ot::igf     sbir/sttr phase ii r&d,7,999999.92,1.0,67.66857142857143
USASPENDING_V1,USA,Consulting / research / audit,561790,<n>!services - basic research,7,1782619.0,1.0,67.66857142857143
USASPENDING_V1,USA,Consulting / research / audit,541712,igf::ot::igf r&d- medical: biomedical (applied research/exploratory development),3,4294728.29,1.0,67.61333333333333
USASPENDING_V1,USA,Consulting / research / audit,541715,baa call <n> request for proposal (rfp)  development of non-system specific technology to integrate unmanned aircraft sy,9,861893.0,1.0,67.6
USASPENDING_V1,USA,Consulting / research / audit,541715,baa call <n>  development of non-system specific technology to integrate unmanned aircraft systems (uas) into the nas,4,951658.49,1.0,67.6
USASPENDING_V1,USA,Consulting / research / audit,334511,"universal armament interface (uai) is a standardized, configurable, data-driven weapons interface that allows integratio",3,602300.0,1.0,67.6
USASPENDING_V1,USA,Consulting / research / audit,541712,::igf::ot::igf sbir/sttr phase ii r&d,3,997341.2,1.0,67.6
USASPENDING_V1,USA,Consulting / research / audit,541715,<n> authority,3,1199346.0,1.0,67.6
USASPENDING_V1,USA,Consulting / research / audit,541715,health outcome military exposure living evidence analysis program,2,1485068.56,1.0,67.6
USASPENDING_V1,USA,Consulting / research / audit,541712,igf::ot::igf sbir phase ii research and development,2,1622211.75,1.0,67.6
USASPENDING_V1,USA,Consulting / research / audit,541715,"preclinical medications screening in dependence, affect and pain models of alcoholism",2,938206.15,1.0,67.6
USASPENDING_V1,USA,Consulting / research / audit,336413,fy<n> experimentation effort,2,1770261.0,1.0,67.6
USASPENDING_V1,USA,Consulting / research / audit,541690,the purpose of the tricare inpatient satisfaction survey (triss) is to provide hospitals with actionable performance fee,2,1541251.925,1.0,67.6
USASPENDING_V1,USA,Consulting / research / audit,541715,new darpa sbir phase ii contract solicitation: dod <n>.<n> sbir,2,1499597.79,1.0,67.6
USASPENDING_V1,USA,Consulting / research / audit,541720,igf::ot::igf  this contract supports the national assessment of educational progress by providing for a state coordinato,2,666748.0,1.0,67.6
USASPENDING_V1,USA,Consulting / research / audit,541712,igf::ot::igf cell manufacturing and process development services for rsa pct<n>-<n>:hesc and ipsc derived cm cell produc,2,623097.45,1.0,67.6
USASPENDING_V1,USA,Consulting / research / audit,541715,baa call <n> development of non-system specific technology to integrate unmanned aircraft systems (uas) into the nas,2,1457409.5,1.0,67.6
USASPENDING_V1,USA,Consulting / research / audit,541712,igf::ot::igf  sbir/sttr phase ii r&d,2,1254872.3900000001,1.0,67.6
USASPENDING_V1,USA,Consulting / research / audit,541715,baa call <n>   development of non-system specific technology to integrate unmanned aircraft systems (uas) into the nas,2,800076.03,1.0,67.6
USASPENDING_V1,USA,Consulting / research / audit,541611,summer study support services,2,1034943.335,1.0,67.6
USASPENDING_V1,USA,Consulting / research / audit,541715,tactical data link (tdl) test support,2,1170979.28,1.0,67.6
USASPENDING_V1,USA,Consulting / research / audit,541611,"the purpose of this new award is to issue a new fy <n> cortap task order-package <n> for tfc consulting, inc.",2,1322487.4849999999,1.0,67.6
USASPENDING_V1,USA,Consulting / research / audit,541715,"small business innovative research phase ii award for research for topic n<n>-<n>, broadband antenna solution for vehicl",2,996440.5,1.0,67.6
USASPENDING_V1,USA,Consulting / research / audit,541715,small business innovative research (sbir) phase ii proposal # l<n>-<n> tendered under topic # dla<n>.<n>-<n> advertised ,2,1073294.0,1.0,67.6
USASPENDING_V1,USA,Consulting / research / audit,541715,chartered vessel to conduct the cooperative gulf of maine longline survey,2,739712.725,1.0,67.6
USASPENDING_V1,USA,Consulting / research / audit,236220,"great lakes environmental research laboratory (glerl), lake michigan field station (lmfs), building <n> repair project",2,1251297.8699999999,1.0,67.6
USASPENDING_V1,USA,Consulting / research / audit,541720,igf::ot::igf this contract supports the national assessment of educational progress by providing for a state coordinator,2,826352.5,1.0,67.6
USASPENDING_V1,USA,Consulting / research / audit,541715,dha sbir ph ii h<n>s-<n> (months <n>-<n>),2,1474926.885,1.0,67.6
USASPENDING_V1,USA,Consulting / research / audit,541715,new darpa sbir phase ii contract  solicitation hr<n>s<n>-<n>,2,1483998.94,1.0,67.6
USASPENDING_V1,USA,Consulting / research / audit,541715,infrared coating process improvements for detectors,2,1249799.0,1.0,67.6
USASPENDING_V1,USA,Consulting / research / audit,541712,igf::ot::igf pharmacokinetic/pharmacodynamic evaluation of levonorgestrel butanoate for female contraception,2,569478.53,1.0,67.6
USASPENDING_V1,USA,Consulting / research / audit,541715,r&d: service life of transparent armor,2,1688351.0,1.0,67.6
USASPENDING_V1,USA,Consulting / research / audit,541715,new darpa sttr phase ii contract solicitation hr<n>s<n>-<n>,2,1747113.4,1.0,67.6
USASPENDING_V1,USA,Consulting / research / audit,541715,second group of controls compromised of deployed or non-deployed military veterans who are free of any symptoms and/or d,2,945177.85,1.0,67.6
USASPENDING_V1,USA,Consulting / research / audit,541910,"<n>-month bridge contract to provide for crash investigation, data coding, and technical report creation for the special",2,768171.37,1.0,67.6
USASPENDING_V1,USA,Consulting / research / audit,541712,research and development  tas::<n> <n>::tas,1,1362507.0,1.0,67.6
USASPENDING_V1,USA,Consulting / research / audit,541611,loto advisory and assistance,1,713760.0,1.0,67.6
USASPENDING_V1,USA,Consulting / research / audit,541714,research iaw sow - base period,1,999456.0,1.0,67.6
USASPENDING_V1,USA,Consulting / research / audit,541715,"""re<n> inc."" sbir phase ii",1,999749.0,1.0,67.6
USASPENDING_V1,USA,Consulting / research / audit,541713,"sbir phase ii topic #: n<n>-<n> ""boat & combatant craft electric drive propulsion system.",1,1382175.0,1.0,67.6
USASPENDING_V1,USA,Consulting / research / audit,541715,small business innovation research sequential phase ii for topic a<n>-<n> for innovative motion measurement package (m<n,1,1899999.73,1.0,67.6
USASPENDING_V1,USA,Consulting / research / audit,541714,"nichd: r&d: to produce, potentially acquire, maintain, and distribute mouse models for cytogenetic research, specificall",1,649999.0,1.0,67.6
USASPENDING_V1,USA,Consulting / research / audit,541715,"sbir phase ii sequential award to phasespace, inc. for low-cost visor optics for head-mounted display, for u.s. army dev",1,1899403.8,1.0,67.6
USASPENDING_V1,USA,Consulting / research / audit,541511,"igf::ot::igf - soft tech consulting inc:<n> [<n>-<n>]  in accordance with far part <n>.<n>, ordering, this award to soft",1,1460793.81,1.0,67.6
USASPENDING_V1,USA,Consulting / research / audit,561790,"terves sbir ii proposal l<n>-<n> entitled ""low cost domestic gadolinium production for defense critical applications""",1,1355690.0,1.0,67.6
USASPENDING_V1,USA,Consulting / research / audit,541715,"""creare llc"" sbir phase ii",1,958250.57,1.0,67.6
USASPENDING_V1,USA,Consulting / research / audit,541715,<n>(d) - community resilience local infrastructure toolkit long range broad agency announcement (lrbaa) contract with th,1,1450828.7,1.0,67.6
USASPENDING_V1,USA,Consulting / research / audit,337214,"furniture supply and installation for the united states geological survey, national earthquake information center, locat",1,707975.15,1.0,67.6
USASPENDING_V1,USA,Consulting / research / audit,541715,ascent cubesat propulsion model,1,1217807.46,1.0,67.6
USASPENDING_V1,USA,Consulting / research / audit,541715,small business innovative research  phase ii-a deep learning approach for enhanced identification of nuclear explosions,1,978428.15,1.0,67.6
USASPENDING_V1,USA,Consulting / research / audit,541712,igf::ot::igf   new darpa contract - bae systems - squad x,1,762009.0,1.0,67.6
USASPENDING_V1,USA,Consulting / research / audit,541715,obssim service fills this capability gap by modeling the ground and space-based sensors of the ssn and commercial space ,1,581996.0,1.0,67.6
USASPENDING_V1,USA,Consulting / research / audit,541715,information related capabilities (irc) modeling services,1,527139.0,1.0,67.6
USASPENDING_V1,USA,Consulting / research / audit,923120,"baa study entitled, ?assessment of a pharmacist-led interprofessional transitions of care program targeting patients wit",1,683900.0,1.0,67.6
USASPENDING_V1,USA,Consulting / research / audit,541330,igf::ot::igf online afloat safety climate assessment survey (ascas) survey support for cnsp/cnsl,1,772285.98,1.0,67.6
USASPENDING_V1,USA,Consulting / research / audit,541715,orbit logic to provide autommous decision engine (ade).,1,1599996.0,1.0,67.6
USASPENDING_V1,USA,Consulting / research / audit,541714,sbir phase ii year <n> topic cbd<n>-<n> of chemical-imaging registration and multi-modal analysis,1,1099992.38,1.0,67.6
USASPENDING_V1,USA,Consulting / research / audit,541715,new start sttr phase ii title: investigation of a reference axi-symmetric solid-fuel ramjet (sfrj): from mixed-compressi,1,1314934.96,1.0,67.6
USASPENDING_V1,USA,Consulting / research / audit,541715,"reliable, conformable, wearable sensors tacfi sbir ii sequential",1,1469781.0,1.0,67.6
USASPENDING_V1,USA,Consulting / research / audit,325412,development & manufacture of oral & topical dosage forms - novobiocin capsule production base (task <n>) <n> months & op,1,505500.0,1.0,67.6
USASPENDING_V1,USA,Consulting / research / audit,541715,"small business technology transfer phase ii award for the research and development of thin, lightweight, soldier-portabl",1,1314840.25,1.0,67.6
USASPENDING_V1,USA,Consulting / research / audit,541990,artificial intelligence for its technical services support,1,779041.49,1.0,67.6
USASPENDING_V1,USA,Consulting / research / audit,336411,delivery of group a for qrip iii+,1,1776562.0,1.0,67.6
USASPENDING_V1,USA,Consulting / research / audit,541715,"phase ii sequential, usda topic <n>.<n>, biofuels and biobased products.",1,1999999.56,1.0,67.6
USASPENDING_V1,USA,Consulting / research / audit,336411,osa support: labor hours purchased,1,1971103.0,1.0,67.6
USASPENDING_V1,USA,Consulting / research / audit,561599,igf::ot::igf logistical support services for the office of research integrity events,1,587683.63,1.0,67.6
USASPENDING_V1,USA,Consulting / research / audit,541715,<n>!r&d-other:  advanced developm,1,1799966.0,1.0,67.6
USASPENDING_V1,USA,Consulting / research / audit,541715,sttr phase ii - protective nanocrystalline,1,1199879.22,1.0,67.6
USASPENDING_V1,USA,Consulting / research / audit,541715,research project aimed at maximizing the operational effectiveness of technologies a peer conflict scenario.,1,1799455.81,1.0,67.6
USASPENDING_V1,USA,Consulting / research / audit,541990,gnotobiotic rodent services with unc-chapel hill,1,581009.42,1.0,67.6
USASPENDING_V1,USA,Consulting / research / audit,541330,advanced case research tool (acrt),1,1973930.52,1.0,67.6
USASPENDING_V1,USA,Consulting / research / audit,541511,canvas tool,1,1981707.0,1.0,67.6
USASPENDING_V1,USA,Consulting / research / audit,541720,to provide technical assistance to programs supporting people with disabilities to increase their implementation of pers,1,825000.0,1.0,67.6
USASPENDING_V1,USA,Consulting / research / audit,541715,sttr phase ii - safe methods of low-g activation,1,1149854.47,1.0,67.6
USASPENDING_V1,USA,Consulting / research / audit,541715,aerospace-capable pressure sensitive adhesives for difficult-to-bond substrates,1,1249250.0,1.0,67.6
USASPENDING_V1,USA,Consulting / research / audit,541715,"small business innovation research phase i bridge option and phase ii, entitled, panoptic deep adaptation (panda)",1,1150273.55,1.0,67.6
USASPENDING_V1,USA,Consulting / research / audit,541715,small business innovative research phase ii proposal l<n> <n> titled l<n> <n> <n> engaging the manufacturing industrial ,1,801169.0,1.0,67.6
USASPENDING_V1,USA,Consulting / research / audit,541712,new sbir phase ii contract,1,500000.0,1.0,67.6
USASPENDING_V1,USA,Consulting / research / audit,541715,sbir direct to phase ii  fieldline industries,1,1699853.25,1.0,67.6
USASPENDING_V1,USA,Consulting / research / audit,541611,research triangle institute:<n> [<n>-<n>],1,1087099.0,1.0,67.6
USASPENDING_V1,USA,Consulting / research / audit,336411,isr block <n> study,1,1481618.93,1.0,67.6
USASPENDING_V1,USA,Consulting / research / audit,541720,home equity conversion mortgage program analysis (hecm),1,654081.36,1.0,67.6
USASPENDING_V1,USA,Consulting / research / audit,541715,gas detection system for cure process management of polyimide composites,1,1399148.89,1.0,67.6
USASPENDING_V1,USA,Consulting / research / audit,541715,"army small business innovation research (sbir) phase ii effort entitled, ""dynamic near-field radar target modeling in sc",1,1424989.88,1.0,67.6
USASPENDING_V1,USA,Consulting / research / audit,541715,the federal railroad administration (fra) seeks program development services in support of it's rail information sharing,1,991715.0,1.0,67.6
USASPENDING_V1,USA,Consulting / research / audit,334519,"f-<n> theodolite, surveyin",1,706005.0,1.0,67.6
USASPENDING_V1,USA,Consulting / research / audit,541712,igf::ot::igf  support for enhancing study drug adherence in hiv prevention trials,1,844713.24,1.0,67.6
USASPENDING_V1,USA,Consulting / research / audit,541715,"research, development, test, and evaluation of technologies and processes for equipment inspection, certification, and d",1,1582827.0,1.0,67.6
USASPENDING_V1,USA,Consulting / research / audit,541715,small business innovation research phase ii effort for the development of hybrid class <n> polymer based breathable barr,1,1397124.29,1.0,67.6
USASPENDING_V1,USA,Consulting / research / audit,541715,baa topic  baa topic <n>.<n> - assessing the molecular epidemiology of gas isolates among children.,1,536346.0,1.0,67.6
USASPENDING_V1,USA,Consulting / research / audit,541715,"dha <n>.<n> sbir phase ii medical r&d contract for proposal #h<n>-<n>, titled: ""technology for portable dialysate genera",1,1099998.99,1.0,67.6
USASPENDING_V1,USA,Consulting / research / audit,541611,nova research co:<n> [<n>-<n>] will provide logistical and administrative services to the national institute on aging fo,1,750653.73,1.0,67.6
USASPENDING_V1,USA,Consulting / research / audit,541611,"new bpa call incrementally funded in the amount of $<n>,<n>.<n> for cjep le advisory services with a performance period ",1,870295.5,1.0,67.6
USASPENDING_V1,USA,Consulting / research / audit,541330,"strategic consulting, identification of technology risks related to connected communities, risk data and technical analy",1,1193945.65,1.0,67.6
USASPENDING_V1,USA,Consulting / research / audit,541715,sbir/sttr phase ii r&d - advanced dacs tanks,1,1994616.0,1.0,67.6
USASPENDING_V1,USA,Consulting / research / audit,541715,research and development of a biological agent to safely eradicate invasive mussels in open waters u<n>a<n>,1,1586107.08,1.0,67.6
USASPENDING_V1,USA,Consulting / research / audit,541611,the purpose of this task order is to procure wic shopping experience improvement support.,1,991971.7,1.0,67.6
USASPENDING_V1,USA,Consulting / research / audit,541330,capt chris warren techncial support task # <n>  dso seta support,1,892520.61,1.0,67.6
USASPENDING_V1,USA,Consulting / research / audit,541715,sbir phase ii - topic af<n>-cs<n>,1,1499784.0,1.0,67.6
USASPENDING_V1,USA,Consulting / research / audit,541715,usaisr administrative assistant and security specialist support services,1,1812176.2,1.0,67.6
USASPENDING_V1,USA,Consulting / research / audit,541512,oracle middleware-weblogic administrator contracting support in support of the agricultural research information system ,1,1037941.01,1.0,67.6
USASPENDING_V1,USA,Consulting / research / audit,541715,expertise in using bitter taste receptor blockers to improve the palatability of pediatric medicines: trained human sens,1,1621209.0,1.0,67.6
USASPENDING_V1,USA,Consulting / research / audit,541715,attritable aircraft structural requirements study,1,511766.0,1.0,67.6
USASPENDING_V1,USA,Consulting / research / audit,541611,"the purpose of this contract is to provide administrative, technical writing/editing and logistical support for the oper",1,1234956.19,1.0,67.6
USASPENDING_V1,USA,Consulting / research / audit,541330,atc fatigue study,1,1594484.42,1.0,67.6
USASPENDING_V1,USA,Consulting / research / audit,541511,fy<n> ousd(r&e) small business innovative research program: align talent development platform,1,1174932.37,1.0,67.6
USASPENDING_V1,USA,Consulting / research / audit,541715,vecsel based nv diamond magnetometry for brain machine interfacing,1,1160678.0,1.0,67.6
USASPENDING_V1,USA,Consulting / research / audit,541990,consulting professional support services for seer program clinical documents and images (cdi) acquisition enhancements,1,1133147.52,1.0,67.6
USASPENDING_V1,USA,Consulting / research / audit,541330,topic # af<n>a-t<n> intelligent robot path planning system for grinding of aircraft propeller blades,1,649953.0,1.0,67.6
USASPENDING_V1,USA,Consulting / research / audit,541330,medium caliber barrel coating testing,1,1560215.0,1.0,67.6
USASPENDING_V1,USA,Consulting / research / audit,541715,surveillance of pathogens in border province royal thai army hospitals armed forces research institute of medical scienc,1,521565.0,1.0,67.6
USASPENDING_V1,USA,Consulting / research / audit,541715,capillary-operated space mesoporous optical system,1,1493780.0,1.0,67.6
USASPENDING_V1,USA,Consulting / research / audit,541715,sbir phase ii-base award,1,1099954.26,1.0,67.6
USASPENDING_V1,USA,Consulting / research / audit,541715,aaas science & technology policy fellowships (stpf) idiq,1,1518760.0,1.0,67.6
USASPENDING_V1,USA,Consulting / research / audit,336413,research and development contracts,1,709143.0,1.0,67.6
USASPENDING_V1,USA,Consulting / research / audit,541330,igf::ot::igf the goal of this effort is to help assess the implementation of wheel temperature detection (wtd) technolog,1,699165.94,1.0,67.6
USASPENDING_V1,USA,Consulting / research / audit,541611,requsistion: the purpose of this requisition between the u.s department of transportation/office of the secretary/ost-b<,1,1066775.95,1.0,67.6
USASPENDING_V1,USA,Consulting / research / audit,541715,center of excellence unmanned aircraft systems companion idiq contracts  drone mitigation demonstration and test and eva,1,1089650.33,1.0,67.6
USASPENDING_V1,USA,Consulting / research / audit,541712,generic rodent research (rr) flight kits and assemblies task order,1,1636201.37,1.0,67.6
USASPENDING_V1,USA,Consulting / research / audit,541715,"sbir/sttr phase ii r&d. the purpose of this award to procure research and development in regards to the ""semantic, real-",1,993512.0,1.0,67.6
USASPENDING_V1,USA,Consulting / research / audit,541715,sbir ii - low cost angle methods for tooling,1,749935.0,1.0,67.6
USASPENDING_V1,USA,Consulting / research / audit,541620,fort hood environmental support services,1,1317318.52,1.0,67.6
USASPENDING_V1,USA,Consulting / research / audit,561110,short term contract for administrative support personnel to support patient-related research,1,641040.4,1.0,67.6
USASPENDING_V1,USA,Consulting / research / audit,541714,evaluation of afpep for the prevention of breast cancer,1,532562.26,1.0,67.6
USASPENDING_V1,USA,Consulting / research / audit,541611,analytic studies support-shore naf study,1,683697.12,1.0,67.6
USASPENDING_V1,USA,Consulting / research / audit,541714,targeting the a<n>b adenosine receptor for immunoprevention of pancreatic cancer,1,1272481.0,1.0,67.6
USASPENDING_V1,USA,Consulting / research / audit,541611,the purpose of this work is to provide ongoing follow on management consulting support for nifa to support working group,1,1822221.0,1.0,67.6
USASPENDING_V1,USA,Consulting / research / audit,541720,frtc b<n> expansion supplemental survey <n>,1,897695.68,1.0,67.6
USASPENDING_V1,USA,Consulting / research / audit,541715,small business innovative research sbir phase ii proposal l<n> tendered under topic dla<n> to compass systems inc for en,1,1056576.0,1.0,67.6
USASPENDING_V1,USA,Consulting / research / audit,541715,"sbir phiis topic a<n>-<n>, maxentric technologies llc",1,1999759.08,1.0,67.6
USASPENDING_V1,USA,Consulting / research / audit,541715,new darpa sbir ii - beam system for the source of tunable intense gamma rays (stingray),1,1847339.0,1.0,67.6
USASPENDING_V1,USA,Consulting / research / audit,541715,"small business innovative research (sbir) phase ii topic a<n>-<n>, saaz micro, inc.",1,1999705.36,1.0,67.6
USASPENDING_V1,USA,Consulting / research / audit,541512,nhlbi executive management & advisory services,1,658299.59,1.0,67.6
USASPENDING_V1,USA,Consulting / research / audit,541715,application of pda tools from coupons to elements and beyond,1,590137.0,1.0,67.6
USASPENDING_V1,USA,Consulting / research / audit,562910,mdo middleton island alaska soil removal,1,881477.5,1.0,67.6
USASPENDING_V1,USA,Consulting / research / audit,621511,covid mobile trailer,1,702121.5,1.0,67.6
USASPENDING_V1,USA,Consulting / research / audit,541990,expert consulting services - see attached statement of work li-<n>,1,795310.0,1.0,67.6
USASPENDING_V1,USA,Consulting / research / audit,541715,"""triton systems, inc."" sbir direct to phase ii topic: a<n>-<n>",1,1421709.13,1.0,67.6
USASPENDING_V1,USA,Consulting / research / audit,541511,commercial supersonic technology,1,674722.8,1.0,67.6
USASPENDING_V1,USA,Consulting / research / audit,541715,sbir/sttr phase ii r&d:  methodologies for cost-effective measurement of dynamic material properties for carbon-carbon c,1,1060440.0,1.0,67.6
USASPENDING_V1,USA,Consulting / research / audit,541690,us geological survey (usgs) mineral resources program (mrp) review (consensus study),1,693565.59,1.0,67.6
USASPENDING_V1,USA,Consulting / research / audit,541715,cosmos - cosine optimized system for military operations with superior localization.,1,696996.0,1.0,67.6
USASPENDING_V1,USA,Consulting / research / audit,541715,er<n>-<n> simon fraser university,1,963108.0,1.0,67.6
USASPENDING_V1,USA,Consulting / research / audit,541715,research and development contract awarded from a broad agency announcement,1,835545.13,1.0,67.6
USASPENDING_V1,USA,Consulting / research / audit,541715,sbir crp - nutronics modular integrated adaptive optics system,1,1499510.71,1.0,67.6
USASPENDING_V1,USA,Consulting / research / audit,541715,"army <n>.<n> sbir phase iii medical r&d contract proposal titled ""emergency just-in-time delivery and recovery of whole ",1,1386050.74,1.0,67.6
USASPENDING_V1,USA,Consulting / research / audit,541611,tuvli llc professional support services - research analyst drl/mlga,1,542061.63,1.0,67.6
USASPENDING_V1,USA,Consulting / research / audit,541715,sbir phase o<n>-<n>-<n> high acceleration and hypervelocity inertial measurement unit,1,1349784.75,1.0,67.6
USASPENDING_V1,USA,Consulting / research / audit,541715,propulsion pathfinder and hypersonic missions,1,1899859.23,1.0,67.6
USASPENDING_V1,USA,Consulting / research / audit,541330,the advanced technology support program (atsp) contract acquires progressive microelectronic capability solutions for cd,1,755776.0,1.0,67.6
USASPENDING_V1,USA,Consulting / research / audit,511110,igf::ot::igf research&development,1,1055086.0,1.0,67.6
USASPENDING_V1,USA,Consulting / research / audit,541715,award for support services for exploratory statistical research for the new office for homeland security statistics (ohs,1,970000.0,1.0,67.6
USASPENDING_V1,USA,Consulting / research / audit,541715,c-uas - airborne suas detection radar - lrbaa award,1,928949.2,1.0,67.6
USASPENDING_V1,USA,Consulting / research / audit,541714,task order title: evaluation of real-time metabolic imaging biomarkers for detection of pancreatic premalignant lesions,1,1162921.53,1.0,67.6
USASPENDING_V1,USA,Consulting / research / audit,541715,low qd pumped&low swap multi-kw fiber amplifier,1,1004337.0,1.0,67.6
USASPENDING_V1,USA,Consulting / research / audit,325414,"services for the production and stability testing of clinical grade lentiviral vector, in support of the hhs, nih, natio",1,803500.0,1.0,67.6
USASPENDING_V1,USA,Consulting / research / audit,541519,the purpose of this contract is to acquire a quote for program management and technical advisory services.,1,999520.8,1.0,67.6
USASPENDING_V1,USA,Consulting / research / audit,541715,this is a small business innovative research(sbir) phase ii effort awarded to phase sensitive innovations inc.,1,1049886.0,1.0,67.6
USASPENDING_V1,USA,Consulting / research / audit,541715,"sbir ""crowd-sourced environmental sensing and terrain analysis using mobile devices"" u<n>g<n>",1,955066.15,1.0,67.6
USASPENDING_V1,USA,Consulting / research / audit,541519,gartner research and related proprietary tools and consulting services for department-wide contract optimization.,1,899520.0,1.0,67.6
USASPENDING_V1,USA,Consulting / research / audit,541715,innovative defense technologies (idt) automated test support,1,921731.66,1.0,67.6
USASPENDING_V1,USA,Consulting / research / audit,541715,"tacfi sbir phase ii, highly accelerated life test (halt) for advanced vapor compression system (vcs)",1,1891879.15,1.0,67.6
USASPENDING_V1,USA,Consulting / research / audit,561790,<n> ! service - basic research,1,1091390.0,1.0,67.6
USASPENDING_V1,USA,Consulting / research / audit,483114,the integrated sea scallop and stereo-optic research survey vessel charter,1,652388.0,1.0,67.6
USASPENDING_V1,USA,Consulting / research / audit,334511,labor - base period,1,899997.0,1.0,67.6
USASPENDING_V1,USA,Consulting / research / audit,541990,automation program technical and program support,1,975224.85,1.0,67.6
USASPENDING_V1,USA,Consulting / research / audit,541711,"purpose: to issue task a<n> base task order award, ""evaluation of therapeutics and vaccines in mouse models of dengue vi",1,1998663.67,1.0,67.6
USASPENDING_V1,USA,Consulting / research / audit,541612,advisory and assistance services,1,1939938.14,1.0,67.6
USASPENDING_V1,USA,Consulting / research / audit,518210,passive digital phenotyping,1,1076864.4,1.0,67.6
USASPENDING_V1,USA,Consulting / research / audit,541712,igf::ot::igf co-investigator support for the imaging x-ray polarimetry explorer (ixpe),1,1633351.32,1.0,67.6
USASPENDING_V1,USA,Consulting / research / audit,541513,"senior management analyst, mid-level management analyst and clinical research coordinators services.",1,823735.68,1.0,67.6
USASPENDING_V1,USA,Consulting / research / audit,541715,research and development services for airfield damage recovery material applications,1,740063.0,1.0,67.6
USASPENDING_V1,USA,Consulting / research / audit,541720,"chips act prek-<n> stem consensus study (pl <n>-<n>, sec <n>)",1,1253019.0,1.0,67.6
USASPENDING_V1,USA,Consulting / research / audit,541715,research services for foreign forestry data transformation initiative for baa-el-<n>-<n>,1,617000.0,1.0,67.6
USASPENDING_V1,USA,Consulting / research / audit,541990,validation of a novel methodology for endpoints assessing response to lymphoma treatment in real-world studies,1,727361.96,1.0,67.6
USASPENDING_V1,USA,Consulting / research / audit,541611,the u.s. food and drug administration (fda) hereby intends to procure the freedom of information act (foia) support serv,1,1155825.04,1.0,67.6
USASPENDING_V1,USA,Consulting / research / audit,541715,ax-<n> private astronaut mission to the iss,1,546941.0,1.0,67.6
USASPENDING_V1,USA,Consulting / research / audit,541715,internal finishing of metal additive parts with electrochemical machining,1,1245454.0,1.0,67.6
USASPENDING_V1,USA,Consulting / research / audit,325411,"production of non-gmp batches of paynantheine, speciogynine, and speciociliatine salts",1,1174494.49,1.0,67.6
USASPENDING_V1,USA,Consulting / research / audit,541611,"usda nrcs facilitation, management and consulting services",1,514554.64,1.0,67.6
USASPENDING_V1,USA,Consulting / research / audit,541715,"dapra sbir phase ii effort, entitled stable quantum vector magnetometer.",1,1299675.04,1.0,67.6
USASPENDING_V1,USA,Consulting / research / audit,541330,r&d cbrn support,1,558456.25,1.0,67.6
USASPENDING_V1,USA,Consulting / research / audit,541330,c<n>isr non-kinetic sos research,1,1814782.16,1.0,67.6
USASPENDING_V1,USA,Consulting / research / audit,336411,"do <n>, australia lrip <n> study igf::ot::igf",1,890394.5,1.0,67.6
USASPENDING_V1,USA,Consulting / research / audit,541611,"igf::ot::igf the bizzell group, llc:  technical, logistical and conference and clinical study support for the division o",1,506021.04,1.0,67.6
USASPENDING_V1,USA,Consulting / research / audit,541620,"usag-hawaii intensive cultural resources inventory survey (icris) honolulu, hawaii",1,552256.1,1.0,67.6
USASPENDING_V1,USA,Consulting / research / audit,541715,sbir/sttr phase ii r&d - improved track accuracy for missile engagements,1,1049994.69,1.0,67.6
USASPENDING_V1,USA,Consulting / research / audit,541710,carbon nanotube chemical detector,1,1013000.0,1.0,67.6
USASPENDING_V1,USA,Consulting / research / audit,541519,it research,1,803516.0,1.0,67.6
USASPENDING_V1,USA,Consulting / research / audit,541512,small business innovative research (sbir),1,999962.0,1.0,67.6
USASPENDING_V1,USA,Consulting / research / audit,541715,"dapra sbir phase ii effort entitled, multi-factor continuous authentication.",1,1199848.0,1.0,67.6
USASPENDING_V1,USA,Consulting / research / audit,541715,sbir/sttr phase ii r&d - high power and high energy internal nanohybrid battery-capacitor (internano batcap) for space a,1,1820816.25,1.0,67.6
USASPENDING_V1,USA,Consulting / research / audit,541715,space qualification testing of event based sensors,1,679609.0,1.0,67.6
USASPENDING_V1,USA,Consulting / research / audit,541715,dynamic neural umvs - enhanced autonomy for the u.s. navy,1,920802.0,1.0,67.6
USASPENDING_V1,USA,Consulting / research / audit,541330,new task order,1,1575275.29,1.0,67.6
USASPENDING_V1,USA,Consulting / research / audit,541715,electrostatic and piezoelectrically tuned liquid mirror telescope,1,949673.0,1.0,67.6
USASPENDING_V1,USA,Consulting / research / audit,541715,"baa <n>-<n>, improved performance mats for wheeled vehicle transport over low cbr soils",1,515203.0,1.0,67.6
USASPENDING_V1,USA,Consulting / research / audit,541715,phase ii - domain specific text analysis research & development,1,1096725.72,1.0,67.6
USASPENDING_V1,USA,Consulting / research / audit,541715,this award initiates a new cost plus fixed fee contract with bubble technology industries for secondary neutron air carg,1,1681724.51,1.0,67.6
USASPENDING_V1,USA,Consulting / research / audit,332993,weapon study,1,1944023.3,1.0,67.6
USASPENDING_V1,USA,Consulting / research / audit,541715,small business innovative research (sbir) phase ii collaborative autonomy dynamic resource management for electronic cou,1,1499251.73,1.0,67.6
USASPENDING_V1,USA,Consulting / research / audit,541519,the purpose of this action is to acquire it consulting services on behalf of ssc.,1,782847.0,1.0,67.6
USASPENDING_V1,USA,Consulting / research / audit,336120,purchase of fire engines for wallops flight facility and ames research center.,1,1592878.0,1.0,67.6
USASPENDING_V1,USA,Consulting / research / audit,541715,small business technology transfer program - phase ii: non personnel services contract for performance of a research and,1,1314998.7,1.0,67.6
USASPENDING_V1,USA,Consulting / research / audit,541715,small business innovation research phase ii follow on topic number n<n>a-t<n> for prediction of full-scale cook-off of h,1,1408060.0,1.0,67.6
USASPENDING_V1,USA,Consulting / research / audit,541712,"""behavior-based access control""",1,1481003.0,1.0,67.6
USASPENDING_V1,USA,Consulting / research / audit,541715,<n> sttr phase ii base award--ffp,1,1199999.56,1.0,67.6
USASPENDING_V1,USA,Consulting / research / audit,541715,"new darpa sbir phase ii contract dod sbir solicitation <n>.<n>, topic no. sb<n>-<n>",1,1716538.84,1.0,67.6
USASPENDING_V1,USA,Consulting / research / audit,541715,continued research and development of pliant energys novel propulsion and unmanned vehicle technologies in the service o,1,1534239.0,1.0,67.6
USASPENDING_V1,USA,Consulting / research / audit,541713,base award for sttr phase ii topic n<n>-<n>,1,699954.0,1.0,67.6
USASPENDING_V1,USA,Consulting / research / audit,541715,new award: the purpose of this purchase requisition is to request the award of a new contract for measurements and model,1,649521.0,1.0,67.6
USASPENDING_V1,USA,Consulting / research / audit,541690,occupational health and safety and system safety & mission assurance support services for nasa ames research center.,1,1107667.82,1.0,67.6
USASPENDING_V1,USA,Consulting / research / audit,541711,a<n> - testing in murine models of bacterial infection,1,503403.0,1.0,67.6
USASPENDING_V1,USA,Consulting / research / audit,541715,sbir ii - production of electro-optical infrared grade large diameter binary and ternary iii-v semiconductor bulk crysta,1,1249949.0,1.0,67.6
USASPENDING_V1,USA,Consulting / research / audit,541715,new darpa sbir phase ii solicitation: darpa <n>.<n> sbir,1,1496914.84,1.0,67.6
USASPENDING_V1,USA,Consulting / research / audit,541715,flight operations aircrew scheduling and training tool suite of applications.,1,1873101.42,1.0,67.6
USASPENDING_V1,USA,Consulting / research / audit,562910,"sofa: ansbach army family housing hazardous materials survey: asbestos containing material, lead-based paint&environment",1,741193.94,1.0,67.6
USASPENDING_V1,USA,Consulting / research / audit,541715,sttr phase ii contract for development of high-density resin systems for additive manufacturing of explosive propellant ,1,1182349.11,1.0,67.6
USASPENDING_V1,USA,Consulting / research / audit,541715,"sbir/sttr phase ii r&d - compact, light-weight, high power handling fiber coupled optical isolator",1,1009986.0,1.0,67.6
USASPENDING_V1,USA,Consulting / research / audit,541715,baa topic <n>.<n> - estimating the effects of covd-<n> non-pharmaceutical interventions on the burden of influenza in th,1,734730.6,1.0,67.6
USASPENDING_V1,USA,Consulting / research / audit,541720,improvements to and support of gpr system deployed on dotx <n>,1,872061.0,1.0,67.6
USASPENDING_V1,USA,Consulting / research / audit,541720,u.s. army research institute for the behavioral and social sciences (ari) mindset and soldier professional development,1,648171.79,1.0,67.6
USASPENDING_V1,USA,Consulting / research / audit,541715,enhancements to scramjet/ramjet heat exchanger analysis tool (srheat),1,857803.0,1.0,67.6
USASPENDING_V1,USA,Consulting / research / audit,541715,mirage - purpose is to create physically realizable alterations that can be used in friendly military situations to help,1,725000.0,1.0,67.6
USASPENDING_V1,USA,Consulting / research / audit,541720,phoenix - human-robot interaction countermeasures (phric) for safety and performance,1,772000.0,1.0,67.6
USASPENDING_V1,USA,Consulting / research / audit,541715,material state awareness conformal conductivity probe,1,1499554.0,1.0,67.6
USASPENDING_V1,USA,Consulting / research / audit,518210,"""effectiveness research with real world data to support fda's regulatory decision making: a real world evidence demonstr",1,1604165.0,1.0,67.6
USASPENDING_V1,USA,Consulting / research / audit,541715,sequential phase ii small business innovation research (sbir) tactical funding increase (tacfi) - space-qualified roboti,1,1479999.6,1.0,67.6
USASPENDING_V1,USA,Consulting / research / audit,541715,using ground sensing to inform fire science and decision support - lrbaa award,1,926356.81,1.0,67.6
USASPENDING_V1,USA,Consulting / research / audit,541990,"u<n>, baa <n>-<n> smart runway initiative with woolpert, inc.",1,522844.0,1.0,67.6
USASPENDING_V1,USA,Consulting / research / audit,541715,frameworks for assessing the impact of extreme weather events at environmental restoration sites,1,1000304.0,1.0,67.6
USASPENDING_V1,USA,Consulting / research / audit,541711,follow-on studies - ind-enabling glp toxicology,1,503901.0,1.0,67.6
USASPENDING_V1,USA,Consulting / research / audit,541715,dha phase ii sbir for dry electrode flight helmet integrated eeg system (defies),1,1099994.4,1.0,67.6
USASPENDING_V1,USA,Consulting / research / audit,541715,"army small business innovation research (sbir) program for the effort entitled ""experimentally-validated model for heat ",1,1099998.55,1.0,67.6
USASPENDING_V1,USA,Consulting / research / audit,541712,dpm research (mining ventilation baa project) [igf::ot::igf],1,1249125.0,1.0,67.6
USASPENDING_V1,USA,Consulting / research / audit,541715,new sequential phase ii contract under the sbir/sttr programs for the procurement of the autonomous ground vehicles. kal,1,1899954.8,1.0,67.6
USASPENDING_V1,USA,Consulting / research / audit,541715,the purpose of this action is to award a definitive ffp sbir phase ii contract associated with sbir topic a<n>-<n>.,1,1099999.55,1.0,67.6
USASPENDING_V1,USA,Consulting / research / audit,541715,"phase ii sttr contract titled: ""in situ nanocomposite enhanced dual use energetic material"".",1,1147253.32,1.0,67.6
USASPENDING_V1,USA,Consulting / research / audit,541720,national teacher and principal survey (ntps) program support,1,681178.0,1.0,67.6
USASPENDING_V1,USA,Consulting / research / audit,541620,mio cultural resource survey fy <n>,1,729247.77,1.0,67.6
USASPENDING_V1,USA,Consulting / research / audit,541714,research & development services - comparison of in vitro laboratory characteristics for various blood products administe,1,722799.0,1.0,67.6
USASPENDING_V1,USA,Consulting / research / audit,541715,engineered printed propulsion technology: a study on geometry-based thermal management,1,1999936.0,1.0,67.6
USASPENDING_V1,USA,Consulting / research / audit,541712,igf::ot::igf dmeau,1,1730000.0,1.0,67.6
USASPENDING_V1,USA,Consulting / research / audit,541715,extrapolating useful life from composite structures using in-service data - sbir <n>,1,1939205.0,1.0,67.6
USASPENDING_V1,USA,Consulting / research / audit,541715,the major objective of this phase ii effort is to enhance the cips system for space missions.,1,1799981.88,1.0,67.6
USASPENDING_V1,USA,Consulting / research / audit,541990,institutional support services,1,1073763.36,1.0,67.6
USASPENDING_V1,USA,Consulting / research / audit,541715,"small business innovation research phase i bridge option and phase ii, entitled heltmet mounted microbolometer",1,1044852.86,1.0,67.6
USASPENDING_V1,USA,Consulting / research / audit,541715,igf::ot::igf restoring national solar cell calibration balloon flight cabability rapid innovation fund aware to angstrom,1,960681.0,1.0,67.6
USASPENDING_V1,USA,Consulting / research / audit,561210,to perform a pilot study of the granular activated carbon treatment system at navy aiea halawa shaft (nahs) to demonstra,1,1403734.45,1.0,67.6
USASPENDING_V1,USA,Consulting / research / audit,541715,"small business innovation research (sbir) phase ii, topic a<n>-<n>, advanced ii-v avalanche photodiode structures in the",1,1100000.0,1.0,67.6
USASPENDING_V1,USA,Consulting / research / audit,541990,"to train, educate, certify and re-certify alcohol and substance abuse counselors at california tribal and urban indian s",1,580600.0,1.0,67.6
USASPENDING_V1,USA,Consulting / research / audit,541715,"intellisense systems, inc. sbir phase ii for topic n<n>-a<n>.",1,1099995.46,1.0,67.6
USASPENDING_V1,USA,Consulting / research / audit,541330,igf::ot::igf - work to support the release of teds for public use.,1,698910.82,1.0,67.6
USASPENDING_V1,USA,Consulting / research / audit,541715,"sbir phase ii - to develop ultra-low outgassing, focusing, and hard seal capable materials for high-power electromagneti",1,949830.0,1.0,67.6
USASPENDING_V1,USA,Consulting / research / audit,541711,missile intercept modeling - base period igf::ot::igf,1,1504098.0,1.0,67.6
USASPENDING_V1,USA,Consulting / research / audit,541715,learnecke: ai to enhance training development,1,1462590.9,1.0,67.6
USASPENDING_V1,USA,Consulting / research / audit,541715,darpa small business innovation research (sbir) phase ii research & development (r&d) award to impact cooling inc,1,991261.0,1.0,67.6
USASPENDING_V1,USA,Consulting / research / audit,541715,"sbir phase ii follow on for lumena mindgym topic # af<n>-cso<n>. the tacfi effort is focused on extending, enhancing and",1,1776096.0,1.0,67.6
USASPENDING_V1,USA,Consulting / research / audit,541715,research initiatives in support of rail safety topic: fra-rs-<n> -development and testing of fire-resistant coating mate,1,922429.06,1.0,67.6
USASPENDING_V1,USA,Consulting / research / audit,541990,librarian assistant ii and it admin. support svc,1,669355.2,1.0,67.6
USASPENDING_V1,USA,Consulting / research / audit,541618,washington office state private & tribal forestry fire & aviation management leadership development coaching and consult,1,563092.02,1.0,67.6
USASPENDING_V1,USA,Consulting / research / audit,541511,support for data quality services - ocs contract that supports subject matter expertise for the development of data qual,1,691894.04,1.0,67.6
USASPENDING_V1,USA,Consulting / research / audit,541715,this is a small business innovation research (sbir) phase ii effort novel integration technologies for infrared focal pl,1,1155340.38,1.0,67.6
USASPENDING_V1,USA,Consulting / research / audit,541714,this requirement is for the generation of a baa to address the ongoing growth in continuous manufacturing within cell li,1,1832572.0,1.0,67.6
USASPENDING_V1,USA,Consulting / research / audit,621399,safety of flublok in pregnant women - lead,1,758278.01,1.0,67.6
USASPENDING_V1,USA,Consulting / research / audit,541715,"darpa small business innovation research program (sbir) phase ii effort entitled, ""n-polar gan/sapphire for mm-wave powe",1,1423455.39,1.0,67.6
USASPENDING_V1,USA,Consulting / research / audit,541990,patient reported outcome (pro) measurement for the hcoe program and develop an item bank related to headache symptoms an,1,800014.2,1.0,67.6
USASPENDING_V1,USA,Consulting / research / audit,541219,igf::cl::igf program integrity consulting services,1,723353.48,1.0,67.6
USASPENDING_V1,USA,Consulting / research / audit,541618,mitre acquisition lifecycle fibif standards strategic support,1,500000.0,1.0,67.6
USASPENDING_V1,USA,Consulting / research / audit,541611,"the eop ondcp otr demographer, to provide research and analyses in order to support otr leadership implement the nationa",1,619418.8,1.0,67.6
USASPENDING_V1,USA,Consulting / research / audit,541712,mixed initiative coa advisors/critics,1,591840.0,1.0,67.6
USASPENDING_V1,USA,Consulting / research / audit,541715,baa - enhanced development of active droplet transport for anti-fogging eyewear,1,1380941.0,1.0,67.6
USASPENDING_V1,USA,Consulting / research / audit,541712,sbir phase iii r&d,1,1104365.85,1.0,67.6
USASPENDING_V1,USA,Consulting / research / audit,541720,"research and development services for ""developmental experiences assessment for officer strategic thinking development""",1,618550.63,1.0,67.6
USASPENDING_V1,USA,Consulting / research / audit,541611,defense advisory committee for diversity & inclusion research support services,1,1054074.0,1.0,67.6
USASPENDING_V1,USA,Consulting / research / audit,541712,sbir phase iii -  igf::ot::igf,1,1785490.37,1.0,67.6
USASPENDING_V1,USA,Consulting / research / audit,511199,counter-insider threat (cint) incident response & management consulting services covid-<n>,1,1700418.96,1.0,67.6
USASPENDING_V1,USA,Consulting / research / audit,541712,task order - research field <n>,1,1402613.0,1.0,67.6
USASPENDING_V1,USA,Consulting / research / audit,541620,environmental compliance support service,1,1177554.32,1.0,67.6
USASPENDING_V1,USA,Consulting / research / audit,541611,non-personal advisory and assistance services.,1,1937337.99,1.0,67.6
USASPENDING_V1,USA,Consulting / research / audit,541715,jetdash: last-mile mobile delivery platform sbir ii-b tacfi py<n>.<n> - topic# af<n>-dcs<n>,1,1799884.44,1.0,67.6
USASPENDING_V1,USA,Consulting / research / audit,541715,"army sttr phase ii for proposal entitled, meta-optic image differentiation for high speed target recognition"".",1,1149980.04,1.0,67.6
USASPENDING_V1,USA,Consulting / research / audit,541712,igf::ot::igf  this is a research and development project proposed by uc davis. fhwa finds the proposal would add value t,1,544484.0,1.0,67.6
USASPENDING_V1,USA,Consulting / research / audit,541715,"""user-directed analysis and verification of modified binaries""",1,1799837.0,1.0,67.6
USASPENDING_V1,USA,Consulting / research / audit,541715,caspia technologies dhs sbir <n>.<n> phase ii topic <n>: demonstrate a non-invasive handheld prototype level or physical,1,998095.0,1.0,67.6
USASPENDING_V1,USA,Consulting / research / audit,541715,small business innovation research (sbir) phase ii study,1,1493233.8,1.0,67.6
USASPENDING_V1,USA,Consulting / research / audit,541714,phase ii development of rapid molecular assay for point of care detection of treponema pallidum,1,1488107.0,1.0,67.6
USASPENDING_V1,USA,Consulting / research / audit,541710,arms support,1,565950.0,1.0,67.6
USASPENDING_V1,USA,Consulting / research / audit,541715,small technology transfer research program phase ii,1,1195719.0,1.0,67.6
USASPENDING_V1,USA,Consulting / research / audit,541714,"the objectives of the proposed study are to examine the effects of postnatal management approaches (non-pharmacological,",1,520616.02,1.0,67.6
USASPENDING_V1,USA,Consulting / research / audit,541715,photonic phased array trade study and integration,1,1899629.0,1.0,67.6
USASPENDING_V1,USA,Consulting / research / audit,541715,dha sbir seq. ph ii h<n>-<n> title: pleurapath thoracostomy system,1,1100000.0,1.0,67.6
USASPENDING_V1,USA,Consulting / research / audit,541715,sbir phase ii f<n>d-<n>,1,1880907.6,1.0,67.6
USASPENDING_V1,USA,Consulting / research / audit,541715,"under the effort, the contractor shall conduct research and development activities in support of required deliverables n",1,1421542.44,1.0,67.6
USASPENDING_V1,USA,Consulting / research / audit,541715,small business technology transfer research biologically-informed uncrewed underwater vehicles,1,1699859.37,1.0,67.6
USASPENDING_V1,USA,Consulting / research / audit,541611,rti sbd economic impacts report,1,999592.0,1.0,67.6
USASPENDING_V1,USA,Consulting / research / audit,541330,sanitary sewer study,1,1503362.03,1.0,67.6
USASPENDING_V1,USA,Consulting / research / audit,541519,gartner it research and advisory services.,1,920367.48,1.0,67.6
USASPENDING_V1,USA,Consulting / research / audit,541715,proliferated geosynchronous (geo) electro-optical (eo) system study (p-gess,1,611431.26,1.0,67.6
USASPENDING_V1,USA,Consulting / research / audit,541511,ocs data management and data quality program - to acquire subject matter expertise to support study data management and ,1,1599909.96,1.0,67.6
USASPENDING_V1,USA,Consulting / research / audit,541715,"award of chromologic's dha sbir phase ii medical r&d contract for ""radioprotection by jp<n>-<n>-mlv nanoparticle drugs""",1,1099884.66,1.0,67.6
USASPENDING_V1,USA,Consulting / research / audit,561790,"act sbir ii proposal l<n>-<n> entitled ""recycling & reuse of powders, test specimens, and scrap materials in additive ma",1,999997.0,1.0,67.6
USASPENDING_V1,USA,Consulting / research / audit,115310,r<n> colorado rx smoke fees,1,555994.31,1.0,67.6
USASPENDING_V1,USA,Consulting / research / audit,541715,"the contractor shall propose a novel reconfigurable energy selective surface, or ess, for future-generation navy applica",1,868900.0,1.0,67.6
USASPENDING_V1,USA,Consulting / research / audit,541720,understanding fleet operational requirements and translating these needs into research and development efforts and repor,1,530988.0,1.0,67.6
USASPENDING_V1,USA,Consulting / research / audit,541715,proposed research qualifies as development (per its definition in far <n>.<n>) as primary focus of the proposed project ,1,1004344.0,1.0,67.6
USASPENDING_V1,USA,Consulting / research / audit,541990,noaa/omao/uxsoc/suas support services,1,753500.0,1.0,67.6
USASPENDING_V1,USA,Consulting / research / audit,541712,r&d - year <n> - performance&utility assessment of prototype soldier systems  tas::<n> <n>::tas,1,1427066.0,1.0,67.6
USASPENDING_V1,USA,Consulting / research / audit,541715,sbir phase ii award zeteo tech.,1,1199999.84,1.0,67.6
USASPENDING_V1,USA,Consulting / research / audit,541715,low cost imaging in the mm wave region using plasma waves in high mobility transistor,1,1314565.08,1.0,67.6
USASPENDING_V1,USA,Consulting / research / audit,541720,"r&d services, travel, & odcs (base)_ as it relates to functional area (fa) assessment research",1,1478977.5,1.0,67.6
USASPENDING_V1,USA,Consulting / research / audit,541715,diamond materials for quantum technology applications,1,1757905.0,1.0,67.6
USASPENDING_V1,USA,Consulting / research / audit,541990,health records survey,1,970203.0,1.0,67.6
USASPENDING_V1,USA,Consulting / research / audit,541714,"clinical trial for heat study for usariem, natick, ma to be executed in the uk.",1,1128503.79,1.0,67.6
USASPENDING_V1,USA,Consulting / research / audit,541990,"instrumented tank car test effort, phase i.  incrementally funding subtasks no. <n> and <n>.",1,1381503.48,1.0,67.6
USASPENDING_V1,USA,Consulting / research / audit,541715,"sbir ph ii sequential contract to aspen consulting group, under sbir topic a<n>-<n>, radio direction finding obfuscation",1,1099998.47,1.0,67.6
USASPENDING_V1,USA,Consulting / research / audit,541712,"igf::ot::igf fy<n> sbir topic af<n>-<n>, air logistics",1,1748917.56,1.0,67.6
USASPENDING_V1,USA,Consulting / research / audit,541712,hardware assisted stealthy diversity,1,662431.0,1.0,67.6
USASPENDING_V1,USA,Consulting / research / audit,541715,suction: combat ready advanced multifunctional machine,1,1249735.0,1.0,67.6
USASPENDING_V1,USA,Consulting / research / audit,541715,toolkit for assessing electromagnetic disruption/surrogate targets,1,1473818.68,1.0,67.6
USASPENDING_V1,USA,Consulting / research / audit,622110,integrating clinical trials and real world endpoints data (icaredata) data capture and standardization study,1,1275361.26,1.0,67.6
USASPENDING_V1,USA,Consulting / research / audit,541715,research and development services for the research study titled mapping temporal dynamics of immune responses in severe ,1,934999.92,1.0,67.6
USASPENDING_V1,USA,Consulting / research / audit,541611,the purpose of this contract is to seek the services of the contractor personnel to support the department of transporta,1,1771898.91,1.0,67.6
USASPENDING_V1,USA,Consulting / research / audit,541715,sbir <n> sco<n>-<n>,1,1597350.33,1.0,67.6
USASPENDING_V1,USA,Consulting / research / audit,541611,efast pa <n>-<n>-n<n> nextgen/nas <n> flight data systems research and concept evaluation support,1,574132.37,1.0,67.6
USASPENDING_V1,USA,Consulting / research / audit,541620,san marcos creek eco system,1,514232.25,1.0,67.6
USASPENDING_V1,USA,Consulting / research / audit,541519,"- zero trusts licenses and consulting, period of performance: base period: september <n>, <n> through september <n>, <n>",1,699014.42,1.0,67.6
USASPENDING_V1,USA,Consulting / research / audit,541714,base title: prevent cancer preclinical drug development program: preclinical efficacy and endpoint biomarkers; task orde,1,884341.08,1.0,67.6
USASPENDING_V1,USA,Consulting / research / audit,541720,title:  demo to address accessibility and student behavior on school buses,1,573206.29,1.0,67.6
USASPENDING_V1,USA,Consulting / research / audit,325411,"extended cmc studies for the development of <n>r,<n>r-hnk",1,925654.81,1.0,67.6
USASPENDING_V1,USA,Consulting / research / audit,541715,diode manufacturing enhancement (dime),1,756820.0,1.0,67.6
USASPENDING_V1,USA,Consulting / research / audit,541715,"cso proposal ""iso containerized continuous forming machine for on-site production of thermoplastic composite rebar"" u<n>",1,682780.0,1.0,67.6
USASPENDING_V1,USA,Consulting / research / audit,611710,"a phased approach that aligns tech bridge leadership on shared innovation goals and success metrics, assesses each tech ",1,1702752.0,1.0,67.6
USASPENDING_V1,USA,Consulting / research / audit,335912,long life thermal (high temperature) battery development- contact co for more detail.,1,636173.24,1.0,67.6
USASPENDING_V1,USA,Consulting / research / audit,541715,enduvo tacfi - raise: rapid ai-immersive scalable education,1,1997904.0,1.0,67.6
USASPENDING_V1,USA,Consulting / research / audit,541712,base period (<n> mo.) - r&d labor_,1,626302.11,1.0,67.6
USASPENDING_V1,USA,Consulting / research / audit,541611,this is an award to acquire contract tool consulting services,1,1198094.8,1.0,67.6
USASPENDING_V1,USA,Consulting / research / audit,541715,"sbir phase ii base year for precision tracking of birds and drones using fast, efficient <n>d lidar  u<n>",1,1099941.0,1.0,67.6
USASPENDING_V1,USA,Consulting / research / audit,541712,igf::ct::igf critical functions nasa goddard space flight center (gsfc) is currently developing a mercury-cadmium-tellur,1,794012.47,1.0,67.6
USASPENDING_V1,USA,Consulting / research / audit,541715,this action is to award a new firm-fixed-price definitive sbir phase ii contract based on the requirements of sbir topic,1,1155980.99,1.0,67.6
USASPENDING_V1,USA,Consulting / research / audit,541715,<n>authority sbir phase ii sequential award resultant from sbir <n>.<n> topic a<n>-<n>,1,1099998.69,1.0,67.6
USASPENDING_V1,USA,Consulting / research / audit,541715,legacy innovation inc. phase ii sbir under topic <n>-nh<n>: prehospital blood transfusion systems improvement: expanding,1,1249678.62,1.0,67.6
USASPENDING_V1,USA,Consulting / research / audit,541715,the overall objective of this phase ii proposal is to solve the satellite operations centers socs management problem cau,1,1899982.52,1.0,67.6
USASPENDING_V1,USA,Consulting / research / audit,541611,d<n> to<n>: validation study,1,510765.0,1.0,67.6
USASPENDING_V1,USA,Consulting / research / audit,541715,"sbir phii sequential, army topic #a<n>-<n>, ""dual-band lens swap reduction and increased optical throughput with cls"". c",1,1899998.94,1.0,67.6
USASPENDING_V1,USA,Consulting / research / audit,541715,"research and analysis ""computational modeling for team-based assignment""",1,601480.7,1.0,67.6
USASPENDING_V1,USA,Consulting / research / audit,541715,this phase ii effort will produce a mature trusted satellite autonomy solution verified on the ground and tested onboard,1,1757464.0,1.0,67.6
USASPENDING_V1,USA,Consulting / research / audit,541715,sf<n>-d<n>: strategic advancements in resilient space technologies for pwsa enhancement. this sbir phase ii is to produc,1,1519999.32,1.0,67.6
USASPENDING_V1,USA,Consulting / research / audit,541715,manufacturing process informatics for composite curing (m-picc) analysis toolkit-small business innovative research phas,1,1178244.0,1.0,67.6
USASPENDING_V1,USA,Consulting / research / audit,541715,additively manufactured gtnano(r) radhard imaging cubesat,1,1249978.0,1.0,67.6
USASPENDING_V1,USA,Consulting / research / audit,541611,<n> executive leadership consulting,1,892446.06,1.0,67.6
USASPENDING_V1,USA,Consulting / research / audit,541715,exploration of eye glance metrics associated with crash risk and distraction state detection metrics,1,686285.0,1.0,67.6
USASPENDING_V1,USA,Consulting / research / audit,541715,"sb innovation research (sbir)ph ii, additive nanostructured arrays for broadband anti-reflective",1,1155941.03,1.0,67.6
USASPENDING_V1,USA,Consulting / research / audit,541715,orion's belt,1,1155089.0,1.0,67.6
USASPENDING_V1,USA,Consulting / research / audit,561790,certification of structural additive manufacturing parts for dod applications through well-defined durability and damage,1,1969535.23,1.0,67.6
USASPENDING_V1,USA,Consulting / research / audit,541715,small business innovative research sbir phase iii bascom hunter proposal piii-<n> for navy vacuum pump replacement with ,1,1000000.0,1.0,67.6
USASPENDING_V1,USA,Consulting / research / audit,336413,sbir - ph<n> - af<n>-d<n> - adaptive robotic behavior for dynamic environments,1,1000000.0,1.0,67.6
USASPENDING_V1,USA,Consulting / research / audit,325412,adenovirus vaccine efficiency study.,1,969614.0,1.0,67.6
USASPENDING_V1,USA,Consulting / research / audit,541715,causal inference service support,1,733138.89,1.0,67.6
USASPENDING_V1,USA,Consulting / research / audit,541715,u.s. dot small business innovation research phase iib contract on topic <n>-ph<n> lithium ion battery packaging,1,1010080.0,1.0,67.6
USASPENDING_V1,USA,Consulting / research / audit,541711,igf::ot::igf research and development,1,1946655.0,1.0,67.6
USASPENDING_V1,USA,Consulting / research / audit,541712,igf::ot::igf   new darpa contract - raytheon bbn technologies - squad x,1,998892.0,1.0,67.6
USASPENDING_V1,USA,Consulting / research / audit,541715,context-aware opportunistic sensing for indoor navigation environment.,1,1999992.0,1.0,67.6
USASPENDING_V1,USA,Consulting / research / audit,541715,dha sbir phase ii proposal a-<n> titled: asclepius,1,1274651.66,1.0,67.6
USASPENDING_V1,USA,Consulting / research / audit,541715,broad agency announcement for research and development to further improve enhanced ballistic protection eyewear systems ,1,863510.0,1.0,67.6
USASPENDING_V1,USA,Consulting / research / audit,541715,<n>.<n>b_d<n>p<n>_sbir_f<n>d-<n>_aflcmc/wing,1,1799979.18,1.0,67.6
USASPENDING_V1,USA,Consulting / research / audit,541715,"army small business innovation research (sbir)pase ii for the effort entitled ""dynamic vehicle modeling composed of mech",1,1279556.74,1.0,67.6
USASPENDING_V1,USA,Consulting / research / audit,541715,darpa sbir ii - side channels for heterogenous ics,1,1499970.0,1.0,67.6
USASPENDING_V1,USA,Consulting / research / audit,236220,boa task order for elctrical load study.,1,911817.45,1.0,67.6
USASPENDING_V1,USA,Consulting / research / audit,541715,robust sandboxing and lifting of elf binaries,1,1799333.0,1.0,67.6
USASPENDING_V1,USA,Consulting / research / audit,541715,a tactical heated apparel kit for united states air force global strike,1,1250000.0,1.0,67.6
USASPENDING_V1,USA,Consulting / research / audit,541512,"the tmd has a national defense-related mission in the area of rapid, effective decision-making. this a tacfi small busin",1,1895390.0,1.0,67.6
USASPENDING_V1,USA,Consulting / research / audit,541715,igf::ot::igf hel-jto flanc,1,591349.0,1.0,67.6
USASPENDING_V1,USA,Consulting / research / audit,924110,igf::ot::igf alabama department of environmental management for site related activities.,1,804325.5,1.0,67.6
USASPENDING_V1,USA,Consulting / research / audit,541715,sttr phase ii project entitled phase ii: computational tools for the multiscale simulation of engineered wood products (,1,1198358.87,1.0,67.6
USASPENDING_V1,USA,Consulting / research / audit,541715,"cyclorama, reconfigurable electronics for harsh environment",1,1823139.0,1.0,67.6
USASPENDING_V1,USA,Consulting / research / audit,238210,purchase of fibertrax installation services at <n> specified cbp ports of entry.,1,1176060.0,1.0,67.6
USASPENDING_V1,USA,Consulting / research / audit,541714,research animal care and surgery for multiple researchers for jesse brown - affiliate sole source,1,566951.7,1.0,67.6
USASPENDING_V1,USA,Consulting / research / audit,541715,igf::ot::igf fra r&d seeks to further refine this prototype safety risk model.  in the current model identified hazards ,1,527596.69,1.0,67.6
USASPENDING_V1,USA,Consulting / research / audit,541715,sbir augmented reality enhanced corrosion control systems,1,1799699.0,1.0,67.6
USASPENDING_V1,USA,Consulting / research / audit,541715,vq biomedical inc. - research and development for aoi #<n> - intravascular membrane oxygenator catheter,1,749899.5,1.0,67.6
USASPENDING_V1,USA,Consulting / research / audit,541620,gm-<n>-<n>d protected birds: boat surveys,1,789500.0,1.0,67.6
USASPENDING_V1,USA,Consulting / research / audit,541715,a<n>-<n> sttr ph ii cps,1,1149769.21,1.0,67.6
USASPENDING_V1,USA,Consulting / research / audit,541715,sbir/sttr phase ii r&d--mil-std-<n>a compliant igniter energetic for solid rocket motors,1,1972774.0,1.0,67.6
USASPENDING_V1,USA,Consulting / research / audit,541330,"igf::ot::igf  use simulators and simulation programs to optimize railroad operations, reduce risks and develop operating",1,985046.21,1.0,67.6
USASPENDING_V1,USA,Consulting / research / audit,541990,"its<n>us & its<n>equity preparation programs: outreach, technology transfer and conference support",1,1958991.64,1.0,67.6
USASPENDING_V1,USA,Consulting / research / audit,541715,"phase ii af<n>-<n> (id#<n>), min mmw rfsoc technology",1,1249904.79,1.0,67.6
USASPENDING_V1,USA,Consulting / research / audit,541720,"research and devlopment services ""developing nco promotion situational judgment test""",1,699079.5,1.0,67.6
USASPENDING_V1,USA,Consulting / research / audit,561110,administrative personnel to support patient-related research,1,860636.12,1.0,67.6
USASPENDING_V1,USA,Consulting / research / audit,541330,lggk <n>-<n> utility study pirmasens husterhoehe,1,543368.95,1.0,67.6
USASPENDING_V1,USA,Consulting / research / audit,811210,patient satisfaction survey system services,1,541750.0,1.0,67.6
USASPENDING_V1,USA,Consulting / research / audit,561210,real estate/partnership feasibility study in support of frc east,1,801656.0,1.0,67.6
USASPENDING_V1,USA,Consulting / research / audit,541715,high temperature structural resistive foams,1,1461766.0,1.0,67.6
USASPENDING_V1,USA,Consulting / research / audit,541715,xenon propellant and loading services,1,1045456.89,1.0,67.6
USASPENDING_V1,USA,Consulting / research / audit,541714,dq-dsp asics development,1,1353147.0,1.0,67.6
USASPENDING_V1,USA,Consulting / research / audit,541714,the purpose of this small business innovation research (sbir) phase ii contract is to show efficacy of anti-viral treatm,1,1397163.78,1.0,67.6
USASPENDING_V1,USA,Consulting / research / audit,336411,"hw/sw, computer server purchase",1,1628796.0,1.0,67.6
USASPENDING_V1,USA,Consulting / research / audit,541715,on-site destruction of pfas-impacted liquids,1,1490416.84,1.0,67.6
USASPENDING_V1,USA,Consulting / research / audit,541720,"research services to abstract, validate va data",1,625000.0,1.0,67.6
USASPENDING_V1,USA,Consulting / research / audit,541611,evaluation study of the directorate for geosciences (geo),1,1097729.01,1.0,67.6
USASPENDING_V1,USA,Consulting / research / audit,541511,this contract constitutes the agreement for procurement of nucsim and norse code maintenance from ara to address awe req,1,1059950.31,1.0,67.6
USASPENDING_V1,USA,Consulting / research / audit,336413,e-<n>d live/virtual/constructive (lvc) feasibility study,1,1499950.14,1.0,67.6
USASPENDING_V1,USA,Consulting / research / audit,541720,simulation,1,597697.76,1.0,67.6
USASPENDING_V1,USA,Consulting / research / audit,541714,assessing the effectiveness of text enhancements to prevent drug name confusion errors,1,1184887.97,1.0,67.6
USASPENDING_V1,USA,Consulting / research / audit,541715,darpa sbir ii - titled novel computational framework for optimization of obscurant dissemination and optical performance,1,1499828.92,1.0,67.6
USASPENDING_V1,USA,Consulting / research / audit,541611,optimizing ghg mitigation in the ag and forestry sectors,1,578576.17,1.0,67.6
USASPENDING_V1,USA,Consulting / research / audit,541715,launchbay sbir ph ii - base,1,1315172.15,1.0,67.6
USASPENDING_V1,USA,Consulting / research / audit,561790,"alkemix sbir ii proposal l<n>-<n> entitled ""boron carbide recovery from hard armor plates""",1,1089116.0,1.0,67.6
USASPENDING_V1,USA,Consulting / research / audit,541715,nhtsa phase iib award with haas inc. under topic <n>-nh<n>: complete streets ai initiative: child safety using optical a,1,748159.84,1.0,67.6
USASPENDING_V1,USA,Consulting / research / audit,531390,housing data sales subscription,1,1234148.09,1.0,67.6
USASPENDING_V1,USA,Consulting / research / audit,541330,hungary advisory services,1,1526068.77,1.0,67.6
USASPENDING_V1,USA,Consulting / research / audit,541715,nichd: r&d: final recruitment and follow-up for the study of pregnancy and neonatal health (span): non-severable,1,1450205.0,1.0,67.6
USASPENDING_V1,USA,Consulting / research / audit,541715,this cbd sbir phase ii proposal will mature the proof-of-concept developed in phase i and develop a portable instrument ,1,1318851.24,1.0,67.6
USASPENDING_V1,USA,Consulting / research / audit,541715,new darpa sbir ii - cmc combustor on the path to <n>of,1,1495754.92,1.0,67.6
USASPENDING_V1,USA,Consulting / research / audit,541715,"sbir phase ii titled ""active noise control for small caliber ammunition"".",1,1699730.5,1.0,67.6
USASPENDING_V1,USA,Consulting / research / audit,541715,igf::ot::igf baa public perception of unmanned aircraft systems usage,1,986307.98,1.0,67.6
USASPENDING_V1,USA,Consulting / research / audit,541611,section <n> of the federal aviation administration (faa) reauthorization act of <n> directs the administrator of the faa,1,1500000.0,1.0,67.6
USASPENDING_V1,USA,Consulting / research / audit,541715,darpa sbir ii - titled a multiphysics framework for variable-fidelity signature analysis of hypersonic systems,1,1499801.84,1.0,67.6
USASPENDING_V1,USA,Consulting / research / audit,541715,"army sbir phase ii for effort entitled, ""compact supercharged <n>- stroke diesel engine for air launched effects uas""",1,1099962.53,1.0,67.6
USASPENDING_V1,USA,Consulting / research / audit,541715,"darpa small business technology transfer (sttr) phase ii effort entitled, ""development of a sunflower crop for large sca",1,1509886.0,1.0,67.6
USASPENDING_V1,USA,Consulting / research / audit,541715,u.s. army research institute for the behavioral and social sciences (ari) officer non-cognitive computer adaptive test (,1,1951033.6,1.0,67.6
USASPENDING_V1,USA,Consulting / research / audit,541715,"baa <n>.<n>, dla topic <n>-<n>, sbir phase ii low cost domestic single crystal high nickel nmc cathode from microwave pl",1,1485302.0,1.0,67.6
USASPENDING_V1,USA,Consulting / research / audit,541712,transonic truss-braced wing technology maturation testing study & requirements development,1,972613.0,1.0,67.6
USASPENDING_V1,USA,Consulting / research / audit,561730,basic grounds maintenance and pest control services for facilities located at langley research center (larc) and nasa bu,1,1451080.66,1.0,67.6
USASPENDING_V1,USA,Consulting / research / audit,541611,"this is a direct <n>(a) standalone contract to procure contractor personnel support in the areas of project management, ",1,704409.6,1.0,67.6
USASPENDING_V1,USA,Consulting / research / audit,541715,ew<n>-<n> johnson controls govt systems,1,1863907.0,1.0,67.6
USASPENDING_V1,USA,Consulting / research / audit,339999,phase ii sttr ultra wideband reciever - oceanit,1,749886.78,1.0,67.6
USASPENDING_V1,USA,Consulting / research / audit,541720,public health recommendations development,1,698305.0,1.0,67.6
USASPENDING_V1,USA,Consulting / research / audit,541330,tacfi optimization tech,1,800000.0,1.0,67.6
USASPENDING_V1,USA,Consulting / research / audit,541715,"er<n>-<n>  fy<n> serdp funds, new start,",1,674764.0,1.0,67.6
USASPENDING_V1,USA,Consulting / research / audit,541715,aptima inc sbir phase ii creation of the scenario-based prototype tool for testing and developing ai/ml capabilities alo,1,1099998.68,1.0,67.6
USASPENDING_V1,USA,Consulting / research / audit,541611,this award provides for performance continuation of the know<n>protect campaign outreach consulting services to combat o,1,565225.8,1.0,67.6
USASPENDING_V1,USA,Consulting / research / audit,541990,illuminate relative contributions of federal and private r/d funding to us military capabilities and the commercial spac,1,1249797.46,1.0,67.6
USASPENDING_V1,USA,Consulting / research / audit,541715,phase ii sbir for additive manufacturing and repair of <n> aluminum for weapon systems,1,1799720.58,1.0,67.6
USASPENDING_V1,USA,Consulting / research / audit,541715,phase ii technical objectives of ale are aimed at development of non-flammable li-ion cell technology with excellent ele,1,1149999.96,1.0,67.6
USASPENDING_V1,USA,Consulting / research / audit,541714,cbrne characterization,1,1791795.0,1.0,67.6
USASPENDING_V1,USA,Consulting / research / audit,541690,igf::ot::igf  the sec requires intellectual property (ip) legal services from a qualified firm that specializes in ip la,1,1908072.35,1.0,67.6
USASPENDING_V1,USA,Consulting / research / audit,621498,occupational health services to be performed at the national aeronautics and space administration (nasa) neil a. armstro,1,570079.25,1.0,67.6
USASPENDING_V1,USA,Consulting / research / audit,541611,"this is to provide <n>-star level strategic planning and executive writing, research and analysis support to the ccoe st",1,806863.2,1.0,67.6
USASPENDING_V1,USA,Consulting / research / audit,541714,targeting dkk<n> with a dna vaccine to prevent development of multiple myeloma,1,1249115.0,1.0,67.6
USASPENDING_V1,USA,Consulting / research / audit,541611,human capital consulting service,1,571998.33,1.0,67.6
USASPENDING_V1,USA,Consulting / research / audit,541511,"rescan will build on the successes of its sbir phase ii with the patrick space force base (psfb) fire department, refini",1,1249968.54,1.0,67.6
USASPENDING_V1,USA,Consulting / research / audit,541712,preparedness and response for chemical emergencies,1,783300.88,1.0,67.6
USASPENDING_V1,USA,Consulting / research / audit,541330,"the federal aviation administration (faa), air traffic organization (ato), technical operation services, operations supp",1,1778367.7,1.0,67.6
USASPENDING_V1,USA,Consulting / research / audit,541715,support rail industry in assessing emissions reduction technologies,1,766432.0,1.0,67.6
USASPENDING_V1,USA,Consulting / research / audit,336412,italian fod study & analysis,1,872986.32,1.0,67.6
USASPENDING_V1,USA,Consulting / research / audit,333310,small business innovative research (sbir) phase iii effort (topic a<n>-<n>) for integrated tactical vehicle recorder (it,1,1053689.0,1.0,67.6
USASPENDING_V1,USA,Consulting / research / audit,541611,"advisory and assistance services, acquisition and financial management support for <n>af/ftcoe",1,822600.0,1.0,67.6
USASPENDING_V1,USA,Consulting / research / audit,541715,acc enhanced with ceramic matrix via reactive melt infiltration for scramjet duct applications,1,1247680.0,1.0,67.6
USASPENDING_V1,USA,Consulting / research / audit,541715,sbir phase ii under topic number a<n>-<n>,1,1155105.84,1.0,67.6
USASPENDING_V1,USA,Consulting / research / audit,561720,janitorial services at the usgs patuxent wildlife research center - base and four option years,1,712184.41,1.0,67.6
USASPENDING_V1,USA,Consulting / research / audit,541715,conduct study <n>,1,1722748.0,1.0,67.6
USASPENDING_V1,USA,Consulting / research / audit,541715,"sbir phase ii sequential topic a<n>a-t<n>, scalable manufacturing of functional yarns for textile-based energy storage.",1,1930566.58,1.0,67.6
USASPENDING_V1,USA,Consulting / research / audit,541715,<n> d<n>-e<n> pilot test of a nhsn ehr implementation guide for nursing homes,1,1196067.85,1.0,67.6
USASPENDING_V1,USA,Consulting / research / audit,541715,w-band receive phased array for satcom uplinks,1,749863.0,1.0,67.6
USASPENDING_V1,USA,Consulting / research / audit,541715,new contract for desktop ct/xrd system for small bulk screening of containers and electronic devices.,1,1212693.0,1.0,67.6
USASPENDING_V1,USA,Consulting / research / audit,541715,"small business innovative research phase ii award for research for topic n<n>-<n>, advanced sealant for next-generation ",1,1499998.0,1.0,67.6
USASPENDING_V1,USA,Consulting / research / audit,541714,"examine the impact of a benzodiazepine (bzd) care plan (bcp) and electronic health record (ehr) bzd prescribing s, in pa",1,1233980.0,1.0,67.6
USASPENDING_V1,USA,Consulting / research / audit,541720,mental health app psystart,1,775173.0,1.0,67.6
USASPENDING_V1,USA,Consulting / research / audit,541715,new darpa sbir phase ii contract  darpa sbir solicitation hr<n>s<n>-<n>,1,1999880.92,1.0,67.6
USASPENDING_V1,USA,Consulting / research / audit,541715,regenerative fuel cell electrolyzer,1,1033311.0,1.0,67.6
USASPENDING_V1,USA,Consulting / research / audit,541715,description of requirements is provided by a separate performance work statement (pws).,1,1166533.75,1.0,67.6
USASPENDING_V1,USA,Consulting / research / audit,541715,"small business innovation research (sbir) phase i bridge and phase ii in response to sbir topic number a<n>-<n>, titled ",1,1154579.02,1.0,67.6
USASPENDING_V1,USA,Consulting / research / audit,541720,baa contract - making older americans and rural populations healthier - supporting rural clinical investigator readiness,1,1667902.0,1.0,67.6
USASPENDING_V1,USA,Consulting / research / audit,541715,base: medium topic refinement | nutrition as prevention for improved cancer outcomes,1,696000.0,1.0,67.6
USASPENDING_V1,USA,Consulting / research / audit,541715,sbir sequential phase ii - re-deployable solar array structure,1,1989669.36,1.0,67.6
USASPENDING_V1,USA,Consulting / research / audit,541715,motor case development for air-launched rapid response weapon,1,1365076.0,1.0,67.6
USASPENDING_V1,USA,Consulting / research / audit,541715,igf::ot::igf - ballast waiver support data collection,1,942434.18,1.0,67.6
USASPENDING_V1,USA,Consulting / research / audit,541330,"sbir direct-to-phase ii topic af<n>-d<n>, robotic electronic component replacement (company computer servants)",1,1795854.48,1.0,67.6
USASPENDING_V1,USA,Consulting / research / audit,541620,purpose: new task order task order project title: large municipal waste combustors risk and technology review (rtr)     ,1,511620.31,1.0,67.6
USASPENDING_V1,USA,Consulting / research / audit,541714,igf::ot::igf  support basic and applied research pertinent to homeland security.,1,1040330.06,1.0,67.6
USASPENDING_V1,USA,Consulting / research / audit,541715,"study on impacts on shipping and commercial, tribal, and recreational fisheries from development of renewable energy on ",1,721579.0,1.0,67.6
USASPENDING_V1,USA,Consulting / research / audit,541715,sbir phase ii r&d for topic af<n>-<n> entitled free flight hypersonic erosion and ablation measurement system.   eo<n>: ,1,1632319.56,1.0,67.6
USASPENDING_V1,USA,Consulting / research / audit,562910,various natural resources surveys in support of integrated natural resources management plans at multiple locations,1,820176.88,1.0,67.6
USASPENDING_V1,USA,Consulting / research / audit,541611,labor - ndaa <n> study,1,1976259.65,1.0,67.6
USASPENDING_V1,USA,Consulting / research / audit,541712,igf::ot::igf flame-assisted flash sintering for ceramic-coated heat exchangers,1,1493073.0,1.0,67.6
USASPENDING_V1,USA,Consulting / research / audit,541715,medical research and development contract dha sbir phase ii proposal no. h<n>s-<n> titled development of an effective ad,1,1098588.51,1.0,67.6
USASPENDING_V1,USA,Consulting / research / audit,541715,model driven autonomous system demonstration and experimentation workbench,1,688890.46,1.0,67.6
USASPENDING_V1,USA,Consulting / research / audit,541715,a study in medicare advantage for real world evidence in cardiovascular disease,1,1567108.0,1.0,67.6
USASPENDING_V1,USA,Consulting / research / audit,541712,igf::ot::igf <n>-<n> sttr phase ii,1,998692.72,1.0,67.6
USASPENDING_V1,USA,Consulting / research / audit,541715,new darpa sbir phase ii solicitation number: sb<n>-<n>,1,1499364.88,1.0,67.6
USASPENDING_V1,USA,Consulting / research / audit,541380,<n>hcvgeb-<n>-<n>.<n> - mmr<n> study,1,1989636.0,1.0,67.6
USASPENDING_V1,USA,Consulting / research / audit,541690,"small business innovation and research (sbir) phase iii support, equipment, and associated services for it cadre (view) ",1,1212751.85,1.0,67.6
USASPENDING_V1,USA,Consulting / research / audit,541715,"catalytic ignition system for ascent-based propulsion systems, phase ii",1,1249999.0,1.0,67.6
USASPENDING_V1,USA,Consulting / research / audit,336414,apex technology inc aries bus capability for rapidly accommodating a select set of serb experiment payloads as directed ,1,1900000.0,1.0,67.6
USASPENDING_V1,USA,Consulting / research / audit,541715,"small business innovation research, phase ii sequential for topic a<n>-<n> ""remote radio antennas for command posts"".  t",1,999889.4,1.0,67.6
USASPENDING_V1,USA,Consulting / research / audit,611310,research associate,1,509264.84,1.0,67.6
USASPENDING_V1,USA,Consulting / research / audit,334413,sttr phase ii topic a<n>-t<n> for new class of si power metal-oxide-semiconductor field-effect transistor (mosfet)s.,1,1315218.94,1.0,67.6
USASPENDING_V1,USA,Consulting / research / audit,541715,phase <n>,1,1249903.0,1.0,67.6
USASPENDING_V1,USA,Consulting / research / audit,541715,"the relationship of digestible carbohydrate intake with type <n> diabetes, obesity, and body composition the relationshi",1,1050000.0,1.0,67.6
USASPENDING_V1,USA,Consulting / research / audit,541715,small business innovation research (sbir) program phase ii interceptor controllable solid propulsion distributed electro,1,1499798.97,1.0,67.6
USASPENDING_V1,USA,Consulting / research / audit,541720,study in a systemic approach to predict the excretion of antidepressants into breast milk,1,800000.0,1.0,67.6
USASPENDING_V1,USA,Consulting / research / audit,541720,baa-fy<n>c<n>cp<n>-understanding heterogeneity in preferences for clinical trial participation in diverse patient popula,1,1299218.0,1.0,67.6
USASPENDING_V1,USA,Consulting / research / audit,611310,moses year <n>,1,1996124.0,1.0,67.6
USASPENDING_V1,USA,Consulting / research / audit,541715,the project qualifies as applied research by extending the aidif simulation platform to advance the state of the art in ,1,1736780.0,1.0,67.6
USASPENDING_V1,USA,Consulting / research / audit,336413,"theodolite,surveyin",1,749999.06,1.0,67.6
USASPENDING_V1,USA,Consulting / research / audit,541715,study of advanced penetration testing techniques to advance the security of power generation scada systems supporting mi,1,1507364.0,1.0,67.6
USASPENDING_V1,USA,Consulting / research / audit,541714,targeting stat<n> to prevent colorectal cancer secondary to inflammatory bowel disease,1,930247.0,1.0,67.6
USASPENDING_V1,USA,Consulting / research / audit,541611,independent audit services in accordance with the attached performance work statement,1,1134268.0,1.0,67.6
USASPENDING_V1,USA,Consulting / research / audit,541715,"small business technology transfer research (sttr) phase ii base award ""torch (terahertz observant radar on chip with hi",1,1149954.35,1.0,67.6
USASPENDING_V1,USA,Consulting / research / audit,332812,sbir direct-to-phase ii robotic incremental metal forming,1,1799115.0,1.0,67.6
USASPENDING_V1,USA,Consulting / research / audit,335312,ferroelectric study.,1,1090436.42,1.0,67.6
USASPENDING_V1,USA,Consulting / research / audit,927110,cognitive space will enhance its cntient-optimize product and work with sda through an agile development process to upda,1,1799960.0,1.0,67.6
USASPENDING_V1,USA,Consulting / research / audit,336411,f-<n> lightning ii (fms) - japan ship site survey,1,1394387.0,1.0,67.6
USASPENDING_V1,USA,Consulting / research / audit,541715,"aflcmc/xz, anti-tamper program office, broad agency announcement call <n>",1,1009282.0,1.0,67.6
USASPENDING_V1,USA,Consulting / research / audit,336411,lrip <n> oabs nre and group a hw delivery.,1,1664796.0,1.0,67.6
USASPENDING_V1,USA,Consulting / research / audit,541715,"x-wave innovations, inc. phase ii sbir award under topic <n>-fh<n>: low-cost, rapid assessment of bridge deck chloride c",1,1499995.59,1.0,67.6
USASPENDING_V1,USA,Consulting / research / audit,541710,research & development in the physical,1,729826.82,1.0,67.6
USASPENDING_V1,USA,Consulting / research / audit,541715,"""craft"" sbir phase ii",1,999999.58,1.0,67.6
USASPENDING_V1,USA,Consulting / research / audit,562910,"request new des task order for the oversight support of the united heckathorn superfund site focused feasibility study, ",1,1037969.99,1.0,67.6
USASPENDING_V1,USA,Consulting / research / audit,541715,visual intelligence for vital intelligence-driven decisions,1,1499798.0,1.0,67.6
USASPENDING_V1,USA,Consulting / research / audit,541715,fy <n> rapid innovation fund,1,999999.98,1.0,67.6
USASPENDING_V1,USA,Consulting / research / audit,541611,"safety data, research, and technical program <n>,<n>.<n> support services",1,1090387.5,1.0,67.6
USASPENDING_V1,USA,Consulting / research / audit,541715,"research and development ""broadband optical attenuator via amplified free carrier absorption""",1,1149945.84,1.0,67.6
USASPENDING_V1,USA,Consulting / research / audit,541720,us participation in trends in international mathematics and science study (timss),1,1122707.0,1.0,67.6
USASPENDING_V1,USA,Consulting / research / audit,541715,"army small business innovation research program (sbir) phase ii for the effort entitled ""air missile defense (amd) weath",1,1092212.31,1.0,67.6
USASPENDING_V1,USA,Consulting / research / audit,541330,"cg-<n>m, requirement for contractor support services to provide museum development expertise consulting services.",1,1290611.03,1.0,67.6
USASPENDING_V1,USA,Consulting / research / audit,541712,igf::ct::igf real-time de-noising processor for wide instantaneous bandwidth analog-to-digital,1,1619751.0,1.0,67.6
USASPENDING_V1,USA,Consulting / research / audit,562910,munitions constituent migration mitigation study air force operational range assessment program operational range assess,1,516593.34,1.0,67.6
USASPENDING_V1,USA,Consulting / research / audit,541715,"phase ii, aptima sttr, topic a<n>b-t<n>",1,1362999.12,1.0,67.6
USASPENDING_V1,USA,Consulting / research / audit,541611,"research services for school meals operations study, school year <n>-<n>",1,1406175.2,1.0,67.6
USASPENDING_V1,USA,Consulting / research / audit,541715,medium tr - maternal mortality and morbidity,1,541000.0,1.0,67.6
USASPENDING_V1,USA,Consulting / research / audit,541715,defense advanced research project agency (darpa) small business innovations research (sbir) phase ii effort for gimbal -,1,1799826.48,1.0,67.6
USASPENDING_V1,USA,Consulting / research / audit,541690,baa topic <n>.<n> - systems serology and cellular markers of protection against pertussis in a controlled human infectio,1,1160383.0,1.0,67.6
USASPENDING_V1,USA,Consulting / research / audit,541714,pmwp#<n> - adverse event reporting in the integrating clinical trials and real world endpoints data (icaredata) initiati,1,518381.51,1.0,67.6
USASPENDING_V1,USA,Consulting / research / audit,541611,<n> annual survey of refugees,1,1770138.49,1.0,67.6
USASPENDING_V1,USA,Consulting / research / audit,541511,master planning & consulting services,1,853500.0,1.0,67.6
USASPENDING_V1,USA,Consulting / research / audit,541715,prototype demonstration of viability,1,1768163.0,1.0,67.6
USASPENDING_V1,USA,Consulting / research / audit,541715,to create a land scatter model that is based off a global map instead of a constant number. to create an hf relevant veg,1,697524.0,1.0,67.6
USASPENDING_V1,USA,Consulting / research / audit,325414,"manufacture of master/working seed lot(s), research lot(s), and analytical laboratory testing/assay(s).",1,849451.46,1.0,67.6
USASPENDING_V1,USA,Consulting / research / audit,541990,stimulate innovation in clinical evaluations and personalized medicine to improve product development and patient outcom,1,1042116.35,1.0,67.6
USASPENDING_V1,USA,Consulting / research / audit,541715,urban search and rescue innovation lrbaa award,1,1849033.08,1.0,67.6
USASPENDING_V1,USA,Consulting / research / audit,541715,sbir ii lynntech,1,690146.14,1.0,67.6
USASPENDING_V1,USA,Consulting / research / audit,541990,this task order is to support field testing for third parties.,1,693333.2,1.0,67.6
USASPENDING_V1,USA,Consulting / research / audit,541519,itap- power sector program in asia doi energy and extractives consulting services. this call order lays out priorities t,1,1283360.63,1.0,67.6
USASPENDING_V1,USA,Consulting / research / audit,541990,cbts at texas a&m university (tamu) system to perform research/scientific services that are within scope under the boa <,1,1209771.0,1.0,67.6
USASPENDING_V1,USA,Consulting / research / audit,541990,tropical pacific observation system,1,506520.0,1.0,67.6
USASPENDING_V1,USA,Consulting / research / audit,541715,new darpa sbir phase ii awarded under solicitation dod <n>.c & dhp <n>c-<n>,1,1563271.0,1.0,67.6
USASPENDING_V1,USA,Consulting / research / audit,336411,the purpose of this action is to develop improved positive arming units that are fully compatible with the bru-<n> and b,1,818065.0,1.0,67.6
USASPENDING_V1,USA,Consulting / research / audit,611310,igf::ot::igf   aspr-<n>-<n> -- funding to new york medical college to develop high yield (high growth) reassortant seed ,1,1070257.0,1.0,67.6
USASPENDING_V1,USA,Consulting / research / audit,541715,"small business innovation research (sbir), phase iii, topic af<n>-<n>, <n>amxg capital investment program (cip) dashboar",1,1311001.49,1.0,67.6
USASPENDING_V1,USA,Consulting / research / audit,541715,coastal and littoral geospatial data and artificial intelligence integration baa topic <n>-<n>-<n>,1,999605.62,1.0,67.6
USASPENDING_V1,USA,Consulting / research / audit,541990,mcc has a requirement for in-country advisory expertise during the development of the indonesia ii compact that can prov,1,773572.0,1.0,67.6
USASPENDING_V1,USA,Consulting / research / audit,336413,waimea phase <n> support,1,1945923.0,1.0,67.6
USASPENDING_V1,USA,Consulting / research / audit,334516,long-read rna sequencing kits for card indi brain sample study - extending the induced pluripotent stem cell neurodegene,1,599755.0,1.0,67.6
USASPENDING_V1,USA,Consulting / research / audit,541715,small business innovative research sbir iii decryptor inc -proposal  phiii-<n> for c-<n>h autopilot angular acceleration,1,779994.0,1.0,67.6
USASPENDING_V1,USA,Consulting / research / audit,541620,franklin well study phase <n>,1,531700.0,1.0,67.6
USASPENDING_V1,USA,Consulting / research / audit,541611,program analyst support services under naics code <n>: administrative management and general management consulting servi,1,766450.0,1.0,67.6
USASPENDING_V1,USA,Consulting / research / audit,541990,"this torp seeks a response from ncite, a dhs center of excellence led by the university of nebraska omaha, to perform re",1,748618.0,1.0,67.6
USASPENDING_V1,USA,Consulting / research / audit,541715,"base period--twinleaf llc, ""accurate and reliable quantum vector magnetometer"".",1,1796249.0,1.0,67.6
USASPENDING_V1,USA,Consulting / research / audit,541720,program management and research and analytical support services to support the sleep pattern study.,1,548161.16,1.0,67.6
USASPENDING_V1,USA,Consulting / research / audit,541715,human-machine teaming biomagnetic sensor,1,1249968.0,1.0,67.6
USASPENDING_V1,USA,Consulting / research / audit,541715,purpose:  to award task order <n>n<n>f<n> (glp interaction safety studies in rats and dogs) under idiq no. hhsn<n>i.,1,1199034.58,1.0,67.6
USASPENDING_V1,USA,Consulting / research / audit,541715,"provide lunar regolith geotechnical finite element analysis, along with additional analyses as needed in collaboration w",1,600000.0,1.0,67.6
USASPENDING_V1,USA,Consulting / research / audit,541715,r&d: development of an hsi module,1,571165.0,1.0,67.6
USASPENDING_V1,USA,Consulting / research / audit,541715,"services for (<n>) biomechanist, (<n>) research assistants, (<n>) clinical research coordinator for gaits and care labor",1,1543975.28,1.0,67.6
USASPENDING_V1,USA,Consulting / research / audit,541990,research on emerging activity of criminal and terrorist groups (react) ncite boa task order,1,970300.0,1.0,67.6
USASPENDING_V1,USA,Consulting / research / audit,518210,exclusive electronic subscription delivery of standard platform for nasa technical standards system (ntss).,1,606678.55,1.0,67.6
USASPENDING_V1,USA,Consulting / research / audit,541715,"direct to phase <n> (d<n>p<n>) sbir phase ii, proposal #f<n>d-<n>, affordable electrical accumulator unit",1,1399129.0,1.0,67.6
USASPENDING_V1,USA,Consulting / research / audit,541611,ncbddd professional and laboratory research support services,1,1239072.38,1.0,67.6
USASPENDING_V1,USA,Consulting / research / audit,541512,mobile image capture services,1,1769230.9,1.0,67.6
USASPENDING_V1,USA,Consulting / research / audit,541715,operational outerzone energetic charged particle model fa<n>-<n>-c-<n> - sttr <n>,1,1746739.0,1.0,67.6
USASPENDING_V1,USA,Consulting / research / audit,541690,infection control consultation and research administration for project firstline,1,720669.4,1.0,67.6
USASPENDING_V1,USA,Consulting / research / audit,541713,base award for sbir phase ii topic n<n>-t<n>,1,1395927.0,1.0,67.6
USASPENDING_V1,USA,Consulting / research / audit,541330,support services for cdl systems,1,1095912.7,1.0,67.6
USASPENDING_V1,USA,Consulting / research / audit,541715,"sbir phase i effort titled ""ald passivation of sls detectors"", in response to topic no. a<n>-<n>.",1,1153495.97,1.0,67.6
USASPENDING_V1,USA,Consulting / research / audit,541715,"sbir specific topic af<n>-<n> (id#<n>), hybrid slip ring",1,1249996.11,1.0,67.6
USASPENDING_V1,USA,Consulting / research / audit,541715,mast (model-based advanced sensing for transformation),1,1799971.0,1.0,67.6
USASPENDING_V1,USA,Consulting / research / audit,541715,r&d contract,1,849148.0,1.0,67.6
USASPENDING_V1,USA,Consulting / research / audit,541715,creare llc - sbir ph ii - proposal number: a<n>-<n>,1,1099753.6,1.0,67.6
USASPENDING_V1,USA,Consulting / research / audit,541715,sttr ph ii topic:  a<n>b-t<n>- year <n>,1,1129173.96,1.0,67.6
USASPENDING_V1,USA,Consulting / research / audit,541720,baa: cross domain self-regulation for junior leaders in multi-domain operations.,1,1298315.53,1.0,67.6
USASPENDING_V1,USA,Consulting / research / audit,541715,"sequential sbir phase ii, proposal no. h<n>s-<n>",1,1298457.47,1.0,67.6
USASPENDING_V1,USA,Consulting / research / audit,541910,igf::ot::igf the survey will result in a customer service rating that permits hud to decide which pbcas have earned an a,1,1265150.97,1.0,67.6
USASPENDING_V1,USA,Consulting / research / audit,541715,igf::ot::igf contam study,1,533761.0,1.0,67.6
USASPENDING_V1,USA,Consulting / research / audit,611310,rural workforce evaluation services,1,747613.64,1.0,67.6
USASPENDING_V1,USA,Consulting / research / audit,541330,hydrogen container fire test,1,822465.31,1.0,67.6
USASPENDING_V1,USA,Consulting / research / audit,541715,baa university of texas at austin  u<n>,1,584193.75,1.0,67.6
USASPENDING_V1,USA,Consulting / research / audit,541990,nci change management and the research funding system,1,1674847.26,1.0,67.6
USASPENDING_V1,USA,Consulting / research / audit,541990,omia - gfe maintenance and storage,1,1051979.86,1.0,67.6
USASPENDING_V1,USA,Consulting / research / audit,541715,services and materials necessary to conduct research under sbir topic af<n>-cso<n> edrill <n>.<n>,1,797351.04,1.0,67.6
USASPENDING_V1,USA,Consulting / research / audit,541620,<n>-<n> mh environmental consulting services,1,1039567.41,1.0,67.6
USASPENDING_V1,USA,Consulting / research / audit,541715,quad-band global positioning system/global navigation satellite system (gps/gnss) anti-jam antenna-electronics,1,1085473.91,1.0,67.6
USASPENDING_V1,USA,Consulting / research / audit,541715,services to support ddass fy<n>,1,1596756.0,1.0,67.6
USASPENDING_V1,USA,Consulting / research / audit,541713,multi-capable airman training research for interface experience (matrix),1,1249991.91,1.0,67.6
USASPENDING_V1,USA,Consulting / research / audit,541710,ap-blu/claw,1,1998332.0,1.0,67.6
USASPENDING_V1,USA,Consulting / research / audit,541715,global nano aerial terrestrial sensing small business innovative research phase ii,1,1249303.65,1.0,67.6
USASPENDING_V1,USA,Consulting / research / audit,541715,u.s. army research institute for the behavioral and social sciences (ari)- roadmap to develop complex cognitive skills f,1,599879.1,1.0,67.6
USASPENDING_V1,USA,Consulting / research / audit,541715,field validation of a sandwich hybridization assay (sha) panel for detecting toxin-producing freshwater cyanobacteria in,1,620883.0,1.0,67.6
USASPENDING_V1,USA,Consulting / research / audit,541611,manpower&organization,1,619518.88,1.0,67.6
USASPENDING_V1,USA,Consulting / research / audit,541330,r&d advanced aircraft technology - task <n> cbad-fett,1,1096106.0,1.0,67.6
USASPENDING_V1,USA,Consulting / research / audit,541715,sbir phase iii: petrus j barnard(pjb) consulting proposal title:: high performance isomolded graphite for advanced missi,1,1200000.0,1.0,67.6
USASPENDING_V1,USA,Consulting / research / audit,541620,national resources inventory (nri) and local data survey instrument (ldsi) data collection for nrcs south dakota.,1,1720639.0,1.0,67.6
USASPENDING_V1,USA,Consulting / research / audit,541715,research and development sttr ph <n>,1,1700216.0,1.0,67.6
USASPENDING_V1,USA,Consulting / research / audit,541715,modeling tools and techniques for modern ordnance technologies,1,1472916.0,1.0,67.6
USASPENDING_V1,USA,Consulting / research / audit,541620,task order award of continued technical support to states for lead service line inventories & replacement.,1,567294.0,1.0,67.6
USASPENDING_V1,USA,Consulting / research / audit,541712,the contractor shall provide research of color simulator,1,749954.0,1.0,67.6
USASPENDING_V1,USA,Consulting / research / audit,541990,technical support services for traffic management center pooled fund study and next generation of traffic management sys,1,896809.64,1.0,67.6
USASPENDING_V1,USA,Consulting / research / audit,541715,lrbaa contract for mass spectrometry for all threats at all venues,1,1395675.85,1.0,67.6
USASPENDING_V1,USA,Consulting / research / audit,541715,intellisense systems sbir ph ii - base,1,1099990.38,1.0,67.6
USASPENDING_V1,USA,Consulting / research / audit,541990,short-term prediction research and transition (sport) project,1,1160314.0,1.0,67.6
USASPENDING_V1,USA,Consulting / research / audit,541990,the contractor sbir technical proposal f<n> work plan is found in the attachments of this contract.  the principal inves,1,749898.0,1.0,67.6
USASPENDING_V1,USA,Consulting / research / audit,541715,sbir/sttr phase ii r&d: <n>d printed component packages for semiconductor die,1,985692.0,1.0,67.6
USASPENDING_V1,USA,Consulting / research / audit,541715,sbir/sttr phase ii r&d fine powder cathode and separator binder characterization for thermal batteries,1,992726.69,1.0,67.6
USASPENDING_V1,USA,Consulting / research / audit,541330,"sbir d<n>p<n> phase ii topic af<n>-d<n>, humanoid mobile robot manipulation behavior development",1,1800000.0,1.0,67.6
USASPENDING_V1,USA,Consulting / research / audit,541990,"this is a new firm-fixed-price task order titled ""accelerating the adoption of advanced driver assistance systems (adas)",1,693379.59,1.0,67.6
USASPENDING_V1,USA,Consulting / research / audit,541715,igf::ot:igf office of naval research r&d - semwalked,1,1553433.0,1.0,67.6
USASPENDING_V1,USA,Consulting / research / audit,541714,pcmid sbir topic <n>,1,1911648.0,1.0,67.6
USASPENDING_V1,USA,Consulting / research / audit,541715,baa topic <n>.<n> - effectiveness of influenza & covid-<n> vaccines against lab confirmed outpatient illness during <n>-,1,1499900.0,1.0,67.6
USASPENDING_V1,USA,Consulting / research / audit,541715,igf::ct::igf r&d simulated teachable agents for training environments (state),1,1990650.0,1.0,67.6
USASPENDING_V1,USA,Consulting / research / audit,541715,liquid crystalline devices for non-mechanical beam steering,1,1249479.0,1.0,67.6
USASPENDING_V1,USA,Consulting / research / audit,541715,sequential sbir phase ii  gameplan  qed secure solutions,1,1068995.0,1.0,67.6
USASPENDING_V1,USA,Consulting / research / audit,541715,small throttlable ascent thruster,1,1588939.34,1.0,67.6
USASPENDING_V1,USA,Consulting / research / audit,541940,"ambis <n> animal research support services for vaccine research center, building <n> animal facility<n>",1,516424.26,1.0,67.6
USASPENDING_V1,USA,Consulting / research / audit,519120,archival and historical research -services,1,738931.72,1.0,67.6
USASPENDING_V1,USA,Consulting / research / audit,541715,an innovation in the vapor cell physics to support miniaturization and increased environmental resistance of warm vapor ,1,1336167.27,1.0,67.6
USASPENDING_V1,USA,Consulting / research / audit,541715,technology enhancement for small recuperated turboalternator,1,749748.0,1.0,67.6
USASPENDING_V1,USA,Consulting / research / audit,541715,sbir iii rotating detonation rocket engine development testing using storable bipropellants,1,745718.0,1.0,67.6
USASPENDING_V1,USA,Consulting / research / audit,541715,advanced research and development (volt),1,594283.0,1.0,67.6
USASPENDING_V1,USA,Consulting / research / audit,513210,eo <n> -broad agency announcement contract: development of ai-based virtual subject matter expert agents for radiology r,1,1294042.0,1.0,67.6
USASPENDING_V1,USA,Consulting / research / audit,541715,"develop the prescription optical visor for the m<n> air purifying respirator (pov) with a focus on refining, testing, de",1,1363877.86,1.0,67.6
USASPENDING_V1,USA,Consulting / research / audit,541715,"defining and demonstrating an automated process for detecting potential launch activity at fixed, mobile, and sea-based ",1,1792575.0,1.0,67.6
USASPENDING_V1,USA,Consulting / research / audit,541712,igf::cl::igf  sbir phase iii - comparison of large co-<n> irradiation facilities to superconducting electron linac irrad,1,994653.0,1.0,67.6
USASPENDING_V1,USA,Consulting / research / audit,541330,igf::ot::igf continue development and testing of the electrically driven hand brake (edhb).,1,752324.52,1.0,67.6
USASPENDING_V1,USA,Consulting / research / audit,518210,lux research membership/subscription,1,519997.0,1.0,67.6
USASPENDING_V1,USA,Consulting / research / audit,611310,research support services - co investigators biomarkers for spinal cord injury,1,631019.0,1.0,67.6
USASPENDING_V1,USA,Consulting / research / audit,541715,fast-framing short wave infrared (swir) cameras for digital,1,749942.8,1.0,67.6
USASPENDING_V1,USA,Consulting / research / audit,541714,"the food and drug administration (fda) is responsible for protecting the public health by assuring the safety, efficacy,",1,749661.0,1.0,67.6
USASPENDING_V1,USA,Consulting / research / audit,541715,physical sciences inc. phase ii sbir under topic <n>-nh<n>: lightweight universal docking interface geometry (udig) manu,1,1008431.2,1.0,67.6
USASPENDING_V1,USA,Consulting / research / audit,541620,echip microbial colonization,1,574327.0,1.0,67.6
USASPENDING_V1,USA,Consulting / research / audit,541720,"phase iii sttr effort, sbir topic #n<n>b-t<n> for research, development & testing of artificial intelligence (ai)-based ",1,999941.0,1.0,67.6
USASPENDING_V1,USA,Consulting / research / audit,541715,new darpa sbir ii - automated requirements interpretation and evaluation for the secure facility lifecycle (ariel),1,1799999.92,1.0,67.6
USASPENDING_V1,USA,Consulting / research / audit,541990,"kasetsart university_recensus, plot maintenance, phenology observation, dendrometer bands measurement, and mortality sur",1,572344.03,1.0,67.6
USASPENDING_V1,USA,Consulting / research / audit,541620,environmental study along arizona/mexico border,1,617688.38,1.0,67.6
USASPENDING_V1,USA,Consulting / research / audit,336412,v-<n> odsshi monopole incorporation feasibility study,1,1018543.0,1.0,67.6
USASPENDING_V1,USA,Consulting / research / audit,541990,evaluating the safety and efficacy of drugs for rare diseases or conditions in the united states and the european union,1,949024.44,1.0,67.6
USASPENDING_V1,USA,Consulting / research / audit,541990,u.s. army research institute of environmental medicine (usariem) for protein kinetic response to calorie deprivation res,1,588532.0,1.0,67.6
USASPENDING_V1,USA,Consulting / research / audit,541715,"benchmarking data analytics, artificial intelligence (ai) and operations research skills to world-class standards and cu",1,1248935.0,1.0,67.6
USASPENDING_V1,USA,Consulting / research / audit,541330,"marine surveyor support for ft. eustis, va",1,1321359.41,1.0,67.6
USASPENDING_V1,USA,Consulting / research / audit,541715,this is a sbir phase ii contract for continued research and development of an extended service life of transparent armor,1,1499999.47,1.0,67.6
USASPENDING_V1,USA,Consulting / research / audit,541715,sbir phase ii firm fixed price contract award.,1,1499886.28,1.0,67.6
USASPENDING_V1,USA,Consulting / research / audit,541715,luna lab's phase ii sttr - base,1,1199999.6,1.0,67.6
USASPENDING_V1,USA,Consulting / research / audit,541715,dha sbir phase ii enhancement,1,545197.38,1.0,67.6
USASPENDING_V1,USA,Consulting / research / audit,541690,the contractor shall provide all labor and equipment to document zooplankton and fish communities in littoral and pelagi,1,1609935.75,1.0,67.6
USASPENDING_V1,USA,Consulting / research / audit,541990,protech task order for nwfsc groundfish research support,1,593034.4,1.0,67.6
USASPENDING_V1,USA,Consulting / research / audit,541990,data exchange development and demonstration technical support,1,649200.8,1.0,67.6
USASPENDING_V1,USA,Consulting / research / audit,541715,pkf - moss - rayford cage - workera tacfi py<n>.<n>,1,1997517.5,1.0,67.6
USASPENDING_V1,USA,Consulting / research / audit,611310,research bioinformatics support for the ptsd brain bank.,1,1914785.43,1.0,67.6
USASPENDING_V1,USA,Consulting / research / audit,541715,"the purpose of this effort is to develop, mature, and test a modular bolt-on autonomous operations kit for group <n> uav",1,1537787.52,1.0,67.6
USASPENDING_V1,USA,Consulting / research / audit,541715,"sbir sttr phase ii contract, oceanit labortories, cage <n>lgn<n>, proposal l<n>-<n> titled dmof map technologies extend ",1,999976.0,1.0,67.6
USASPENDING_V1,USA,Consulting / research / audit,541990,scientific support services for swfsc antarctic ecosystems research division,1,565932.65,1.0,67.6
USASPENDING_V1,USA,Consulting / research / audit,541330,shoreline study at perry point,1,832685.05,1.0,67.6
USASPENDING_V1,USA,Consulting / research / audit,541715,"sbir phase ii, energy saving collaborative autonomy for performance enhancement (escape)",1,1798925.0,1.0,67.6
USASPENDING_V1,USA,Consulting / research / audit,541990,disrupting cartels ncite boa task order,1,1849416.0,1.0,67.6
USASPENDING_V1,USA,Consulting / research / audit,541715,sbir phase ii for using cots technology to replace gm tube technology,1,1671099.76,1.0,67.6
USASPENDING_V1,USA,Consulting / research / audit,541715,topic <n>.<n> - covid<n> vaccine effectiveness among children and adolescents in atlanta public school system,1,591116.77,1.0,67.6
USASPENDING_V1,USA,Consulting / research / audit,541715,"sbir ii ""lerge sol-gel monoliths for optical power limiting""",1,1249864.0,1.0,67.6
USASPENDING_V1,USA,Consulting / research / audit,541690,igf::ot::igf fima urban flooding study support,1,697394.1,1.0,67.6
USASPENDING_V1,USA,Consulting / research / audit,541712,igf::ct::igf   sbir phase ii r&d basic,1,975194.0,1.0,67.6
USASPENDING_V1,USA,Consulting / research / audit,541715,a c/sic damage model for extreme environments,1,1249940.0,1.0,67.6
USASPENDING_V1,USA,Consulting / research / audit,541611,"this task order is issued by the department of labor (dol), on behalf of employee benefits security administration, offi",1,831119.16,1.0,67.6
USASPENDING_V1,USA,Consulting / research / audit,541715,rapid metal tooling,1,1597089.0,1.0,67.6
USASPENDING_V1,USA,Consulting / research / audit,325411,process and analytical development of bitox,1,1207640.0,1.0,67.6
USASPENDING_V1,USA,Consulting / research / audit,541990,award- j<n> study,1,579987.0,1.0,67.6
USASPENDING_V1,USA,Consulting / research / audit,541611,department of state permanent change of station study (pcs),1,1066541.56,1.0,67.6
USASPENDING_V1,USA,Consulting / research / audit,541712,igf::ot::igf pharmacokinetics study,1,1543153.8,1.0,67.6
USASPENDING_V1,USA,Consulting / research / audit,541714,dcs model development,1,862267.0,1.0,67.6
USASPENDING_V1,USA,Consulting / research / audit,541715,"sbir/sttr phase ii r&d - multi-functional, high performance, im-compliant, composite case for solid rocket motor",1,1717576.0,1.0,67.6
USASPENDING_V1,USA,Consulting / research / audit,541715,"award of lynntech's dha sbir phase ii medical r&d contract for ""multiplexed, high-throughput functional assay to evaluat",1,1099999.04,1.0,67.6
USASPENDING_V1,USA,Consulting / research / audit,541715,national security covered action - research and development,1,655888.0,1.0,67.6
USASPENDING_V1,USA,Consulting / research / audit,541715,detection improvement leveraging incremented gmapd heat-pump technology (dimlight),1,1529580.0,1.0,67.6
USASPENDING_V1,USA,Consulting / research / audit,541715,next-generation atmospheric water extraction enabled by deliquescent polymers,1,1499930.87,1.0,67.6
USASPENDING_V1,USA,Consulting / research / audit,541715,new darpa sbir phase ii contract  solicitation af<n>-dcso<n>,1,1249948.88,1.0,67.6
USASPENDING_V1,USA,Consulting / research / audit,541715,ind-enabling studies of pm-<n>: a novel pre-hospital anti-shock therapeutic,1,1499773.0,1.0,67.6
USASPENDING_V1,USA,Consulting / research / audit,541715,field trial of fipronil-laced oral bait,1,620310.0,1.0,67.6
USASPENDING_V1,USA,Consulting / research / audit,611310,baa fy<n>c<n>dwp<n>: predictive continuous improvement acceleration (pcia) - towards performance based regulations and o,1,906628.8,1.0,67.6
USASPENDING_V1,USA,Consulting / research / audit,541715,"baa <n>.d, dla topic <n>d-<n>, sbir phase ii aluminum-scandium aerospace structures",1,1096929.0,1.0,67.6
USASPENDING_V1,USA,Consulting / research / audit,541720,shepherd <n> domain <n>-a<n> ve (utah),1,500000.0,1.0,67.6
USASPENDING_V1,USA,Consulting / research / audit,541715,"sbir phase <n> topic <n>-ft<n>, web-based solution for non-emergency medical transportation (nemt) cost allocation",1,719701.9,1.0,67.6
USASPENDING_V1,USA,Consulting / research / audit,541715,"dha sttr phase ii proposal h<n>-<n>, titled ""development of antibody treatment of mdr eskape pathogen, p. aeruginosa."", ",1,1299972.0,1.0,67.6
USASPENDING_V1,USA,Consulting / research / audit,541715,the purpose of this effort to achieve global persistent space domain awareness including <n>/<n> custody of orbiting thr,1,1740475.0,1.0,67.6
USASPENDING_V1,USA,Consulting / research / audit,541715,research flume,1,792737.78,1.0,67.6
USASPENDING_V1,USA,Consulting / research / audit,541620,farmington mancos/gallup rmpa/eis,1,555214.45,1.0,67.6
USASPENDING_V1,USA,Consulting / research / audit,541715,agile space situational awareness (ssa) spacecraft bus,1,1571717.0,1.0,67.6
USASPENDING_V1,USA,Consulting / research / audit,541712,"igf::ot::igf army small business technology transfer phase ii entitled, ""thz atmospheric&ionospheric propagation, absorp",1,993766.12,1.0,67.6
USASPENDING_V1,USA,Consulting / research / audit,541519,services,1,1378911.0,1.0,67.6
USASPENDING_V1,USA,Consulting / research / audit,541715,sbir phase ii topic: n<n>-d<n>,1,1095285.66,1.0,67.6
USASPENDING_V1,USA,Consulting / research / audit,541715,msu advanced hypersonics year <n>,1,1993118.0,1.0,67.6
USASPENDING_V1,USA,Consulting / research / audit,541714,central laboratory for pharmacokinetic/pharmacodynamic evaluation of levonorgestrel butanoate for female contraception,1,557412.0,1.0,67.6
USASPENDING_V1,USA,Consulting / research / audit,541720,mdpp evaluation,1,1375337.23,1.0,67.6
USASPENDING_V1,USA,Consulting / research / audit,541715,mobile payload processing center.,1,1900000.0,1.0,67.6
USASPENDING_V1,USA,Consulting / research / audit,541715,this contract results from a broad agency announcement with the overall objective to develop a w-band imager prototype t,1,1993868.0,1.0,67.6
USASPENDING_V1,USA,Consulting / research / audit,541714,this effort is to develop a compact optical beam director for an unmanned aircraft system (uas) that works cooperatively,1,1099933.91,1.0,67.6
USASPENDING_V1,USA,Consulting / research / audit,541714,the food and drug administration?s center for biologics evaluation and research (cber) biologics effectiveness and safet,1,1138631.0,1.0,67.6
USASPENDING_V1,USA,Consulting / research / audit,622110,fmri scans,1,566872.66,1.0,67.6
USASPENDING_V1,USA,Consulting / research / audit,541715,"topic <n>.<n> evaluating influenza and sars-cov-<n> vaccine effectiveness against outpatient, laboratory-confirmed illne",1,1200000.0,1.0,67.6
USASPENDING_V1,USA,Consulting / research / audit,541715,the objective is to develop a millimeter waver imaging sensor with response centered at <n> ghz that can be used to dete,1,1099999.24,1.0,67.6
USASPENDING_V1,USA,Consulting / research / audit,541715,sbir/sttr phase ii r&d standardized atmospheric generator (sag) for inline environment generation,1,1006185.24,1.0,67.6
USASPENDING_V1,USA,Consulting / research / audit,541715,"this requirement is for a small business innovation research (sbir) phase ii effort entitled, low-cost, uncooled, near i",1,1154397.89,1.0,67.6
USASPENDING_V1,USA,Consulting / research / audit,541715,"small business technology transfer research phase ii, high aspect ratio conductive flakes for advanced bispectral, infra",1,1499692.0,1.0,67.6
USASPENDING_V1,USA,Consulting / research / audit,541715,"small business innovative research phase iii, cepeda proposal phiii-<n> for  mk v carbon monoxide burner improvement res",1,621534.0,1.0,67.6
USASPENDING_V1,USA,Consulting / research / audit,541990,library and research services for headquarters library information management center services v,1,698336.16,1.0,67.6
USASPENDING_V1,USA,Consulting / research / audit,541519,gartner research subscription services,1,581131.33,1.0,67.6
USASPENDING_V1,USA,Consulting / research / audit,541715,clinical biomedical research & surveillance in support of the armed forces research institute of medical sciences bangko,1,1038077.2,1.0,67.6
USASPENDING_V1,USA,Consulting / research / audit,541715,medical care for adults with down syndrome,1,527000.0,1.0,67.6
USASPENDING_V1,USA,Consulting / research / audit,541715,"small business innovation research phase i bridge option and phase ii, entitled, ""detection in ir with incremental low-s",1,1155656.89,1.0,67.6
USASPENDING_V1,USA,Consulting / research / audit,335311,research and development of naval power,1,1600000.0,1.0,67.6
USASPENDING_V1,USA,Consulting / research / audit,541611,this requirement is for consulting services to the berds (berdis) program.,1,1471510.21,1.0,67.6
USASPENDING_V1,USA,Consulting / research / audit,541715,review of va study on potential effects of service and emotional support dogs on veterans with ptsd,1,746871.1,1.0,67.6
USASPENDING_V1,USA,Consulting / research / audit,541711,"efficacy testing of intralytix bacteriophage cocktail with in vitro activity against y. pestis, in rat plague model",1,513687.07,1.0,67.6
USASPENDING_V1,USA,Consulting / research / audit,541512,development of an equity toolkit and dashboard for maternal mortality review committee,1,928147.44,1.0,67.6
USASPENDING_V1,USA,Consulting / research / audit,541715,research & development services,1,709809.34,1.0,67.6
USASPENDING_V1,USA,Consulting / research / audit,541715,synthesis and distribution of opioid and related peptides.  period of performance: <n>/<n>/<n>-<n>/<n>/<n>. n<n>da-<n>-<,1,586469.0,1.0,67.6
USASPENDING_V1,USA,Consulting / research / audit,541611,operation allies welcome (oaw) survey of resettled afghans,1,968476.98,1.0,67.6
USASPENDING_V1,USA,Consulting / research / audit,541715,this is a small business innovation research (sibr) phase ii effort algorithm-based people detection and threat determin,1,1154498.0,1.0,67.6
USASPENDING_V1,USA,Consulting / research / audit,541720,frost and sullivan subscription,1,816000.0,1.0,67.6
USASPENDING_V1,USA,Consulting / research / audit,541330,power requirements for radios.,1,1111037.65,1.0,67.6
USASPENDING_V1,USA,Consulting / research / audit,541715,tiny tags,1,1625448.0,1.0,67.6
USASPENDING_V1,USA,Consulting / research / audit,541715,"stablilized, freeze dried bacteriophage for use in austere environments",1,1299923.42,1.0,67.6
USASPENDING_V1,USA,Consulting / research / audit,541715,"lightweight, high power, phased-array antenna",1,1249808.13,1.0,67.6
USASPENDING_V1,USA,Consulting / research / audit,541715,development of propulsion,1,1799997.04,1.0,67.6
USASPENDING_V1,USA,Consulting / research / audit,541715,small business innovative research (sbir) phase ii award - http://www.sbir.gov,1,1099616.47,1.0,67.6
USASPENDING_V1,USA,Consulting / research / audit,541712,fhwa sbir phase ii - <n>-fh<n>-<n> migma systems inc. multi-pedestrian counting system,1,981895.68,1.0,67.6
USASPENDING_V1,USA,Consulting / research / audit,541715,darpa sbir ii - titled enhanced modeling and simulations of hypersonics.,1,1487643.06,1.0,67.6
USASPENDING_V1,USA,Consulting / research / audit,541519,tenable consulting support services,1,885362.83,1.0,67.6
USASPENDING_V1,USA,Consulting / research / audit,541715,sbir/sttr phase ii r&d; robust phase modulators and polarization controllers for high power,1,1729964.0,1.0,67.6
USASPENDING_V1,USA,Consulting / research / audit,541715,traverse<n>ds virtual training platform addresses critical air force readiness challenges by deploying gaussian splattin,1,1999803.48,1.0,67.6
USASPENDING_V1,USA,Consulting / research / audit,541715,long fiber injection development for aerospace applications,1,1340110.0,1.0,67.6
USASPENDING_V1,USA,Consulting / research / audit,541330,grid research company - cso,1,1000000.0,1.0,67.6
USASPENDING_V1,USA,Consulting / research / audit,541715,igf::ot::igf tt-was base period,1,1831410.47,1.0,67.6
USASPENDING_V1,USA,Consulting / research / audit,541715,glass <n>d heterogeneous integration (<n>dhi) for millimeter wave ew,1,1799955.09,1.0,67.6
USASPENDING_V1,USA,Consulting / research / audit,541330,"the contractor shall serve as the advisor to executive leadership on future modernization strategy, risks, and implement",1,571000.0,1.0,67.6
USASPENDING_V1,USA,Consulting / research / audit,541910,to <n> eac technical assistance and data collection support for the election administration and voting survey (eavs) <n>,1,1119293.99,1.0,67.6
USASPENDING_V1,USA,Consulting / research / audit,541715,power optimization techniques and system integrity standardization in dismounted pnt,1,586785.0,1.0,67.6
USASPENDING_V1,USA,Consulting / research / audit,541715,"""amberwave, inc"" sbir phase ii",1,1199610.73,1.0,67.6
USASPENDING_V1,USA,Consulting / research / audit,541715,horatio: hybrid online recognition of adversary tactics in information ops,1,999796.67,1.0,67.6
USASPENDING_V1,USA,Consulting / research / audit,541715,tak server core enhancements,1,1965979.0,1.0,67.6
USASPENDING_V1,USA,Consulting / research / audit,541330,technical support services for the uk ocean survey program support services as required by fms case uz-p-bar,1,1384236.63,1.0,67.6
USASPENDING_V1,USA,Consulting / research / audit,541715,the purpose of this contract is to develop phosphine sensing polymer composites that will be integrated into an optical ,1,1150000.0,1.0,67.6
USASPENDING_V1,USA,Consulting / research / audit,541990,conflict and human security studies,1,607023.9,1.0,67.6
USASPENDING_V1,USA,Consulting / research / audit,541715,"white paper submitted under broad agency announcement (baa) w<n>kgu-<n>-r-rtid, topic gfc-<n>: next generation fires rad",1,1908588.0,1.0,67.6
USASPENDING_V1,USA,Consulting / research / audit,541710,non lethal weapon study,1,1015998.73,1.0,67.6
USASPENDING_V1,USA,Consulting / research / audit,541330,sbir phase iii topic number af<n>-d<n> - virtual painter training,1,730000.0,1.0,67.6
USASPENDING_V1,USA,Consulting / research / audit,541720,basic contract (r&d services - drasgow consulting group - new start,1,624391.08,1.0,67.6
USASPENDING_V1,USA,Consulting / research / audit,541690,space weather prediction center modeling support services,1,638778.0,1.0,67.6
USASPENDING_V1,USA,Consulting / research / audit,339112,sleep study watchpatone devices base,1,911627.0,1.0,67.6
USASPENDING_V1,USA,Consulting / research / audit,221310,nasa langley research center sewage waste service with hampton roads sanitation district.,1,742690.0,1.0,67.6
USASPENDING_V1,USA,Consulting / research / audit,541715,baa- el-<n>-<n> development of microbiome signatures for predicting susceptibility to dreissenid colonization. ralc u<n>,1,966618.0,1.0,67.6
USASPENDING_V1,USA,Consulting / research / audit,112990,"national ferret resource and research center on lung disease (uab, post novation agreement). replaces contract <n>n<n>c<",1,1860864.25,1.0,67.6
USASPENDING_V1,USA,Consulting / research / audit,541715,new baa award raaft. this effort will research and develop will result in operational performance assessment and feedbac,1,1082785.02,1.0,67.6
USASPENDING_V1,USA,Consulting / research / audit,541330,new task order - adpm # <n> - dso action,1,566007.21,1.0,67.6
USASPENDING_V1,USA,Consulting / research / audit,541715,research and development  sbir ph <n>,1,1699815.0,1.0,67.6
USASPENDING_V1,USA,Consulting / research / audit,541715,"sbir phase ii topic a<n>-<n>, proposal a<n>-<n> entitled, ewscout: electronic warfare-smart coordination of uav teams.",1,1099914.21,1.0,67.6
USASPENDING_V1,USA,Consulting / research / audit,336411,the purpose is to conduct additional universal verification method simulation tasks on the tech refresh <n> integrated c,1,1999850.0,1.0,67.6
USASPENDING_V1,USA,Consulting / research / audit,541330,"advance research development, task <n>",1,963515.0,1.0,67.6
USASPENDING_V1,USA,Consulting / research / audit,541715,"contract w<n>kgu-<n>-c-<n> is awarded to applied radar, inc as a firm fixed price (ffp) for a sbir phase iii requirement",1,970000.0,1.0,67.6
USASPENDING_V1,USA,Consulting / research / audit,541715,small business technology transfer (sttr) phase <n> sequential proposal a<n>-<n> entitled precursor impurity control for,1,1364565.31,1.0,67.6
USASPENDING_V1,USA,Consulting / research / audit,336413,honeywell international - rapid innovation fund (rif) broad agency announcement (baa) hq<n>-<n>-baa-rif-<n> proposal num,1,1958199.0,1.0,67.6
USASPENDING_V1,USA,Consulting / research / audit,541714,maritime multi-team human pa,1,614650.0,1.0,67.6
USASPENDING_V1,USA,Consulting / research / audit,541712,the mef<n> experiment requires that a contractor provide a cell culture system that will be used by the investigators to,1,675000.0,1.0,67.6
USASPENDING_V1,USA,Consulting / research / audit,541715,this tacfi will continue the research and development begun under the orbital prime sttr phase i and phase ii by investi,1,1900000.0,1.0,67.6
USASPENDING_V1,USA,Consulting / research / audit,541611,<n> administration of annual survey of refugees and survey mode test,1,1879784.0,1.0,67.6
USASPENDING_V1,USA,Consulting / research / audit,541330,"ftkx-<n> rcra facility investigation, pilot study, corrective measure study & decision document base award",1,1455785.45,1.0,67.6
USASPENDING_V1,USA,Consulting / research / audit,621111,"broadband connectivity, advanced technology&health physician advisory physician advisory services",1,1148504.07,1.0,67.6
USASPENDING_V1,USA,Consulting / research / audit,541690,"fy<n> botany surveys, medford district blm, oregon",1,582665.4,1.0,67.6
USASPENDING_V1,USA,Consulting / research / audit,541714,"pmqwp#<n> - effect of repeat unit ordering on the properties of melt-extruded, poly(lactide-coglycolide)- based, long-ac",1,1091311.21,1.0,67.6
USASPENDING_V1,USA,Consulting / research / audit,541715,nanosafe baa year <n> --- project no.: <n>,1,721072.71,1.0,67.6
USASPENDING_V1,USA,Consulting / research / audit,336413,hg-uesa support,1,1663374.0,1.0,67.6
USASPENDING_V1,USA,Consulting / research / audit,541715,"tacfi octant data llc dba graphika technologies, inc.",1,1899332.38,1.0,67.6
USASPENDING_V1,USA,Consulting / research / audit,541990,study on installation of automatic or remote-controlled shut-off valves on an existing pipeline,1,720246.0,1.0,67.6
USASPENDING_V1,USA,Consulting / research / audit,541712,the contractor shall provide research of plume simulator.,1,748524.0,1.0,67.6
USASPENDING_V1,USA,Consulting / research / audit,336411,ptms ipp turbo machine,1,1181569.0,1.0,67.6
USASPENDING_V1,USA,Consulting / research / audit,541713,memristors and quantum materials and processes,1,1242953.0,1.0,67.6
USASPENDING_V1,USA,Consulting / research / audit,541715,"base year <n>, sttr phase ii - novateur  u<n>",1,1099997.6,1.0,67.6
USASPENDING_V1,USA,Consulting / research / audit,541715,"gsl-<n>-<n>, mobile multichannel analysis of surface waves (masw) for ultrashallow subsurface characterization, submitte",1,953475.37,1.0,67.6
USASPENDING_V1,USA,Consulting / research / audit,541715,research and development services - an assessment of an accelerated clinical protocol for rapid return to duty after pne,1,802095.0,1.0,67.6
USASPENDING_V1,USA,Consulting / research / audit,541715,dha phase ii sbir developing a hardened portable eeg system,1,1099756.91,1.0,67.6
USASPENDING_V1,USA,Consulting / research / audit,541715,agile flag demonstration and support,1,691537.0,1.0,67.6
USASPENDING_V1,USA,Consulting / research / audit,541712,igf::ot::igf   new darpa baa contract - raytheon bbn technologies - snaare seedling.,1,665560.0,1.0,67.6
USASPENDING_V1,USA,Consulting / research / audit,517810,tacfi rainmaker solutions inc py<n>,1,1899998.24,1.0,67.6
USASPENDING_V1,USA,Consulting / research / audit,541611,icf consulting services llc:<n> [<n>-<n>],1,749964.0,1.0,67.6
USASPENDING_V1,USA,Consulting / research / audit,541715,"sbir phase ii award under topic <n>-fm<n> for ""greenlight cmv operator ness measurement technology"".",1,986999.04,1.0,67.6
USASPENDING_V1,USA,Consulting / research / audit,541519,doi energy and extractives consulting services for indonesia,1,919038.91,1.0,67.6
USASPENDING_V1,USA,Consulting / research / audit,541712,development of electro-oxidation membrane evaporator (eome),1,988068.63,1.0,67.6
USASPENDING_V1,USA,Consulting / research / audit,541330,nre phase i - site survey,1,1329963.0,1.0,67.6
USASPENDING_V1,USA,Consulting / research / audit,541715,data harmonization and modeling for multi-omics data,1,508898.31,1.0,67.6
USASPENDING_V1,USA,Consulting / research / audit,541712,"igf::ot::igf sbir phase ii ""accurate situation awareness using augmented reality technology""",1,1499835.0,1.0,67.6
USASPENDING_V1,USA,Consulting / research / audit,541611,legal advisory support services for wifia projects: fy<n> five repeat borrowers,1,521775.0,1.0,67.6
USASPENDING_V1,USA,Consulting / research / audit,541712,"igf::ot::igf development of hiv non-vaccine biomedical prevention products: product attributes, positioning, and messagi",1,533028.94,1.0,67.6
USASPENDING_V1,USA,Consulting / research / audit,541715,usariem integration of an environmental management training tool (emtt) to establish physiological pacing strategies in ,1,563405.0,1.0,67.6
USASPENDING_V1,USA,Consulting / research / audit,541715,tacfi sequential for toyon research corporation for space capability for opir ranking and evaluation (score),1,1899999.5,1.0,67.6
USASPENDING_V1,USA,Consulting / research / audit,541715,fy<n> baa topic <n>.<n> - university of washington,1,969877.0,1.0,67.6
USASPENDING_V1,USA,Consulting / research / audit,541715,"secure advanced attrittable aerial asset (sa<n>), small business innovation research (sbir) phase ii award",1,1498484.0,1.0,67.6
USASPENDING_V1,USA,Consulting / research / audit,541330,increase competition through small business source approval request (sar) for dla nuclear enterprise support office (nes,1,999685.0,1.0,67.6
USASPENDING_V1,USA,Consulting / research / audit,541611,food for progress (ffpr) use of finance study,1,742200.0,1.0,67.6
USASPENDING_V1,USA,Consulting / research / audit,541990,"library and research services for research triangle park, nc information management center services v",1,1555262.8,1.0,67.6
USASPENDING_V1,USA,Consulting / research / audit,541715,robust materials capable of rapid uptake and decontamination of threat chemicals are sought after to protect personnel. ,1,698581.8,1.0,67.6
USASPENDING_V1,USA,Consulting / research / audit,541715,"adapt and apply as-is ciren technology to make it suitable for the <n>g applications, specifically to support the main u",1,1788865.0,1.0,67.6
USASPENDING_V1,USA,Consulting / research / audit,334516,research,1,510365.6,1.0,67.6
USASPENDING_V1,USA,Consulting / research / audit,541715,sttr ii af<n>d-t<n> f<n>-<n> o-dols: on demand optically levitated sensors,1,1649993.45,1.0,67.6
USASPENDING_V1,USA,Consulting / research / audit,541715,application of blackgold coating and meerer finish process for kc-<n>,1,1574276.0,1.0,67.6
USASPENDING_V1,USA,Consulting / research / audit,541715,investigations on predicting and mitigating damage to aircraft structures,1,1466154.0,1.0,67.6
USASPENDING_V1,USA,Consulting / research / audit,541380,ice tunnel testing for uam/uas icing research.,1,502163.78,1.0,67.6
USASPENDING_V1,USA,Consulting / research / audit,541611,new base year contract for aon consulting merit promotion pop: <n>/<n>/<n> - <n>/<n>/<n>,1,1673154.68,1.0,67.6
USASPENDING_V1,USA,Consulting / research / audit,541715,"topic no. af<n>-<n>, sbir phase ii proposal f<n>-<n> - universal short fec codec",1,1249151.85,1.0,67.6
USASPENDING_V1,USA,Consulting / research / audit,541715,vivonics dha sbir sequential phase ii advancement of vestibular intervention via portable electrical stimulator (vipes),1,1299999.8,1.0,67.6
USASPENDING_V1,USA,Consulting / research / audit,541690,ncic nopu advisory support,1,846067.68,1.0,67.6
USASPENDING_V1,USA,Consulting / research / audit,611310,"provide per diem for investigators that house research animals at the university of maryland, baltimore animal facility.",1,590471.17,1.0,67.6
USASPENDING_V1,USA,Consulting / research / audit,541715,sbir phii enhancement a<n>-<n> - same frequency simultaneous transmit and receive radio for military and commercial appl,1,749926.96,1.0,67.6
USASPENDING_V1,USA,Consulting / research / audit,541990,igf::ot::igf minimum guarantee,1,1536409.04,1.0,67.6
USASPENDING_V1,USA,Consulting / research / audit,541715,on-demand adaptive power for uavs,1,1220272.0,1.0,67.6
USASPENDING_V1,USA,Consulting / research / audit,541715,real-time rail bridge condition and rating system demonstration,1,1243590.0,1.0,67.6
USASPENDING_V1,USA,Consulting / research / audit,541690,r&d mussel control research,1,730387.0,1.0,67.6
USASPENDING_V1,USA,Consulting / research / audit,336413,hg-uesa phase <n>a support,1,1937526.0,1.0,67.6
USASPENDING_V1,USA,Consulting / research / audit,541330,"this is a severable, level-of-effort (loe) task order for a <n>-month period of performance to provide support in resear",1,763312.63,1.0,67.6
USASPENDING_V1,USA,Consulting / research / audit,541715,ronchigram extraction of acuity predictions and updating recoil (reapur),1,1096217.0,1.0,67.6
USASPENDING_V1,USA,Consulting / research / audit,541715,gradient baa <n>-<n> u<n>d<n>,1,684116.82,1.0,67.6
USASPENDING_V1,USA,Consulting / research / audit,541715,extremely high temperature rf aperture materials maturation,1,1249994.0,1.0,67.6
USASPENDING_V1,USA,Consulting / research / audit,813212,the purpose of this procurement is to obtain induced pluripotent stem cells (ipscs) to advance the study of the function,1,1399499.93,1.0,67.6
USASPENDING_V1,USA,Consulting / research / audit,541715,sbir new ph ii award contract/ n<n>-<n> / medical echelon of care conceptual models for wargaming / information visualiz,1,1413458.99,1.0,67.6
USASPENDING_V1,USA,Consulting / research / audit,541715,sbir/sttr phase ii r&d:  kinematic reach/containment,1,997828.72,1.0,67.6
USASPENDING_V1,USA,Consulting / research / audit,541720,misinformation study,1,678084.0,1.0,67.6
USASPENDING_V1,USA,Consulting / research / audit,541990,its early deployer cohort program support,1,1710437.9,1.0,67.6
USASPENDING_V1,USA,Consulting / research / audit,541711,"igf::ot::igf pre-clinical models of infectious diseases- to issue task a<n>, hamster model for human adenovirus.",1,1313910.24,1.0,67.6
USASPENDING_V1,USA,Consulting / research / audit,334111,"provide all personnel, materials, equipment, and services to perform a site survey of the customer installation location",1,825917.0,1.0,67.6
USASPENDING_V1,USA,Consulting / research / audit,541715,sbir/sttr phase ii r&d - manufacture of monolithic telescope with a freeform surface,1,1473591.0,1.0,67.6
USASPENDING_V1,USA,Consulting / research / audit,541712,darpa sbir phase ii.,1,749397.68,1.0,67.6
USASPENDING_V1,USA,Consulting / research / audit,541714,prevent cancer preclinical drug development program - a novel multi-antigen vaccine (tnbcvax) to prevent triple negative,1,1107541.93,1.0,67.6
USASPENDING_V1,USA,Consulting / research / audit,927110,orbitsecure for commercially augmented space,1,1714043.0,1.0,67.6
USASPENDING_V1,USA,Consulting / research / audit,541714,new sbir phase ii contract for bamo ammo development.,1,1109844.0,1.0,67.6
USASPENDING_V1,USA,Consulting / research / audit,541715,carbon-carbon manufacturing process modeling-aeroshells,1,1199976.0,1.0,67.6
USASPENDING_V1,USA,Consulting / research / audit,541715,meningococcal immunization against gonococcal infection (magi) trial/ rv<n>,1,785171.0,1.0,67.6
USASPENDING_V1,USA,Consulting / research / audit,541990,"hypothesize the conceptual framework to identify the relevant concepts, draft instrument, and  the conceptual framework ",1,546710.08,1.0,67.6
USASPENDING_V1,USA,Consulting / research / audit,541715,sbir phase iii contract to develop a munitions lift prototype.,1,1900000.0,1.0,67.6
USASPENDING_V1,USA,Consulting / research / audit,541715,this is small business innovation research (sbir)phase ii effort novel low cost planar iii-v sls ir detector focal plane,1,1154130.67,1.0,67.6
USASPENDING_V1,USA,Consulting / research / audit,541714,nichd:r&d:central laboratory for a phase <n>b study to evaluate the efficacy and safety of subcutaneous levonorgestrel b,1,720543.0,1.0,67.6
USASPENDING_V1,USA,Consulting / research / audit,541714,advancing in vitro and (patho)physiology-based pharmacokinetics models to understand and predict pulmonary absorption an,1,1844289.0,1.0,67.6
USASPENDING_V1,USA,Consulting / research / audit,541990,research and development studies of seismic sources for the regional and local area.,1,1310173.04,1.0,67.6
USASPENDING_V1,USA,Consulting / research / audit,541519,fy<n>-aph-st-mrp-<n>_researchsupport - renewal of research and consulting services to satisfy the overall strategic prio,1,693383.52,1.0,67.6
USASPENDING_V1,USA,Consulting / research / audit,541715,eo <n> fy<n> baa: national institute for pharmaceutical technology & education (baa fy<n>c<n>bp<n>),1,1517240.0,1.0,67.6
USASPENDING_V1,USA,Consulting / research / audit,541715,igf::ot::igf phase ii sbir effort for the development of a robust and reliable automated vehicular wheelchair passenger ,1,982655.79,1.0,67.6
USASPENDING_V1,USA,Consulting / research / audit,541715,extended range environmental interrogator (exrei) - understanding the feasibility of enduring spatially-continuous sound,1,1811545.0,1.0,67.6
USASPENDING_V1,USA,Consulting / research / audit,541715,phase <n> on topic <n>-fh<n> to accelerate performance testing using asphalt mixture performance tester equip,1,1000000.0,1.0,67.6
USASPENDING_V1,USA,Consulting / research / audit,541715,organic industrial base mfg project(dlir program). the vendor is exploring transformative approach for dla to enhance it,1,1991867.18,1.0,67.6
USASPENDING_V1,USA,Consulting / research / audit,541713,base award for sbir phase ii topic #dla<n>a-<n>,1,1974140.0,1.0,67.6
USASPENDING_V1,USA,Consulting / research / audit,541715,"the contractor shall provide all necessary personnel, materials and facilities to perform research and development (r&d)",1,879906.0,1.0,67.6
USASPENDING_V1,USA,Consulting / research / audit,541620,ehss <n>(a) contract - environmental health and safety support services,1,947258.75,1.0,67.6
USASPENDING_V1,USA,Consulting / research / audit,541715,igf::ot::igf laser vibrometer measurements - this is to prove a laser vibrometer can measure the vibration in the rail f,1,513930.09,1.0,67.6
USASPENDING_V1,USA,Consulting / research / audit,813910,acquisition and analysis of medical school faculty information.,1,1203346.2,1.0,67.6
USASPENDING_V1,USA,Consulting / research / audit,541712,"igf::ot::igf--army sbir phase ii, entitled, ""automated and dynamic access control (adac) to critical missile systems dat",1,1282672.81,1.0,67.6
USASPENDING_V1,USA,Consulting / research / audit,541714,sttr phase ii - high energy density,1,1149919.31,1.0,67.6
USASPENDING_V1,USA,Consulting / research / audit,541715,hybrid direct vapor compression thermal management system for <n>-kw class lasers,1,1249945.0,1.0,67.6
USASPENDING_V1,USA,Consulting / research / audit,541712,ultra broadband fiber optic electrical-field,1,749936.92,1.0,67.6
USASPENDING_V1,USA,Consulting / research / audit,541715,sbir notice of opportunity-tacfi/bundlar,1,1899970.56,1.0,67.6
USASPENDING_V1,USA,Consulting / research / audit,541990,laboratory support services,1,1728556.56,1.0,67.6
USASPENDING_V1,USA,Consulting / research / audit,541611,audit project and methodological consulting services,1,677067.08,1.0,67.6
USASPENDING_V1,USA,Consulting / research / audit,541715,"paxauris, llc defense health agency small business innovation research sequential phase ii hearable system for impact an",1,1299476.89,1.0,67.6
USASPENDING_V1,USA,Consulting / research / audit,541715,"igf::ot::igf - influence of raw materials, manufacturing variables, and storage conditions on release performance of lon",1,1357921.15,1.0,67.6
USASPENDING_V1,USA,Consulting / research / audit,541715,"phase ii sbir- rapid, automated, multiplexed omics platform",1,1299987.38,1.0,67.6
USASPENDING_V1,USA,Consulting / research / audit,541715,"sbir ii ""hvpe-based gallium oxide epiwafer development""",1,1250000.0,1.0,67.6
USASPENDING_V1,USA,Consulting / research / audit,541715,multi-phase fuel injection modeling for scramjet application (sbir ii),1,724179.0,1.0,67.6
USASPENDING_V1,USA,Consulting / research / audit,541715,first monthly technical report--,1,1149985.77,1.0,67.6
USASPENDING_V1,USA,Consulting / research / audit,541715,sbir phase iii to provide operational support for event and emergency response requirement.,1,696131.06,1.0,67.6
USASPENDING_V1,USA,Consulting / research / audit,541715,sbir/sttr phase ii r&d fast running re-entry vehicle wake signature tools,1,1001519.18,1.0,67.6
USASPENDING_V1,USA,Consulting / research / audit,336413,mum-t plus support,1,1863979.0,1.0,67.6
USASPENDING_V1,USA,Consulting / research / audit,541715,small business technology transfer research (sttr) phase ii proposal # l<n>-<n> tendered under topic # dla<n>a-<n> for f,1,999999.0,1.0,67.6
USASPENDING_V1,USA,Consulting / research / audit,541715,psi will demonstrate the capability to produce flexible multi-layer emissivity control coatings (fmeccs) with enhanced c,1,1699930.0,1.0,67.6
USASPENDING_V1,USA,Consulting / research / audit,541611,on-site support contract for u.s. naval research laboratorys technology transfer office,1,810942.13,1.0,67.6
USASPENDING_V1,USA,Consulting / research / audit,541715,small business innovative research (sbir) phase iii award - warfighter tactical power converter (wtpc) army manufacturin,1,1499994.0,1.0,67.6
USASPENDING_V1,USA,Consulting / research / audit,621399,pediatric covid vaccination,1,732637.0,1.0,67.6
USASPENDING_V1,USA,Consulting / research / audit,541611,nhlbi oa consulting services,1,564082.92,1.0,67.6
USASPENDING_V1,USA,Consulting / research / audit,541620,jela <n> shoreline mam plan,1,1227191.57,1.0,67.6
USASPENDING_V1,USA,Consulting / research / audit,541611,torp <n>: imod - advisory committee to the director (acd) contract,1,817617.67,1.0,67.6
USASPENDING_V1,USA,Consulting / research / audit,541715,dark fission will accelerate the demonstration and operations of our fast nuclear otv by performing critical risk reduct,1,1899282.0,1.0,67.6
USASPENDING_V1,USA,Consulting / research / audit,541330,nasa langley research center future of work program support assessment - speac ii,1,675636.0,1.0,67.6
USASPENDING_V1,USA,Consulting / research / audit,541720,the scope of the proposed work under this contract includes consultation with bureau of labor statistics and the departm,1,700343.39,1.0,67.6
USASPENDING_V1,USA,Consulting / research / audit,541715,high efficiency low swap <n>-nm diode lasers for pumping tm fiber amplifiers,1,1002181.0,1.0,67.6
USASPENDING_V1,USA,Consulting / research / audit,519290,evidence based practice research tool,1,1124887.0,1.0,67.6
USASPENDING_V1,USA,Consulting / research / audit,541715,the continued development of the active protection and reconnaissance technology for the barry m. goldwater range.,1,1900000.0,1.0,67.6
USASPENDING_V1,USA,Consulting / research / audit,541611,this project is a follow-on to an analysis conducted in fy<n> (the part i study) that will include (<n>) a replicated da,1,1171069.84,1.0,67.6
USASPENDING_V1,USA,Consulting / research / audit,541715,sharp vision's dha sbir sequential phase ii h<n>s-<n> augmented reality training tools with realistic animations and voi,1,1299603.32,1.0,67.6
USASPENDING_V1,USA,Consulting / research / audit,541715,domestic rare earth magnet qualification,1,894681.0,1.0,67.6
USASPENDING_V1,USA,Consulting / research / audit,927110,"sf<n>-d<n> alternative position, navigation, and timing. this direct <n> phase ii proposal aims to develop chip-scale qu",1,1899842.29,1.0,67.6
USASPENDING_V1,USA,Consulting / research / audit,541715,abrasion coatings,1,1249985.0,1.0,67.6
USASPENDING_V1,USA,Consulting / research / audit,541714,"patient safety program manager and research project facilitator for the <n>th medical dental wing, at joint base san ant",1,1262088.08,1.0,67.6
USASPENDING_V1,USA,Consulting / research / audit,541511,doj ocio sds enterprise risk management program consulting services.,1,665147.15,1.0,67.6
USASPENDING_V1,USA,Consulting / research / audit,541711,igf::ot::igf hhsn<n>i - hhsn<n> ind-enabling studies - act<n>,1,1907638.77,1.0,67.6
USASPENDING_V1,USA,Consulting / research / audit,541714,development of novel pde<n>b inhibitors to treat alcohol use disorder (sbir phase ii),1,998800.0,1.0,67.6
USASPENDING_V1,USA,Consulting / research / audit,541715,igf::ot::igf project rc-<n> follow-on,1,1195351.37,1.0,67.6
USASPENDING_V1,USA,Consulting / research / audit,541330,"igf::ot::igf  the newly released transportation bill (<n>hr<n>), ""fixing americas surface transportation act"" or the ""fa",1,1379788.02,1.0,67.6
USASPENDING_V1,USA,Consulting / research / audit,541715,"small business innovation research (sbir) phii sequential, army topic# a<n>-<n>, ""advanced circuit breaker tech for powe",1,1999999.01,1.0,67.6
USASPENDING_V1,USA,Consulting / research / audit,541330,"the purpose of amendment n<n>r<n> is to correct a formatting error on page <n> of the sf<n>, and add the continuation sh",1,855137.52,1.0,67.6
USASPENDING_V1,USA,Consulting / research / audit,541715,small business innovative research phase ii - advanced monopropellant management device,1,749988.56,1.0,67.6
USASPENDING_V1,USA,Consulting / research / audit,611310,igf::ot::igf  veterinarian services,1,776647.59,1.0,67.6
USASPENDING_V1,USA,Consulting / research / audit,333998,af<n>-d<n> sbir phase ii - adaptive robotic behavior for dynamic environments titan robotics,1,1799308.64,1.0,67.6
USASPENDING_V1,USA,Consulting / research / audit,541715,task <n>a:workbench usability research,1,1882244.0,1.0,67.6
USASPENDING_V1,USA,Consulting / research / audit,541715,"super synthetic user persona emulator, small business innovation research (sbir) phase ii program.",1,1799803.0,1.0,67.6
USASPENDING_V1,USA,Consulting / research / audit,541611,ohic requires a national beneficiary satisfaction survey contract for the state health insurance assistance program (shi,1,1484124.04,1.0,67.6
USASPENDING_V1,USA,Consulting / research / audit,541715,sbir sequential phase ii next-generation hypersonic testing,1,1798602.0,1.0,67.6
USASPENDING_V1,USA,Consulting / research / audit,541715,"mrdc basic research and development dha phase iii sbir proposal <n>, project titled, heavy weapon training blast overpre",1,849874.56,1.0,67.6
USASPENDING_V1,USA,Consulting / research / audit,541910,"this initiative involves deploying an extensive range of surveys targeting customers, suppliers, borrowers, and employee",1,1491660.0,1.0,67.6
USASPENDING_V1,USA,Consulting / research / audit,541715,small business innovation research (sbir) phase ii effort for research and development of automatic track generation mic,1,995691.0,1.0,67.6
USASPENDING_V1,USA,Consulting / research / audit,541715,evidence-based practice centers (epc) vi - setting the srdr platform on fast healthcare interoperability  resources (fhi,1,1343793.0,1.0,67.6
USASPENDING_V1,USA,Consulting / research / audit,541611,educational consultancy service for timor l'este and cote d'ivoire,1,1190501.1,1.0,67.6
USASPENDING_V1,USA,Consulting / research / audit,336413,global lightning phase <n> support,1,1981260.0,1.0,67.6
USASPENDING_V1,USA,Consulting / research / audit,484220,relocation of the astromaterials research and exploration science (ares) division laboratories into the building <n> ann,1,722000.0,1.0,67.6
USASPENDING_V1,USA,Consulting / research / audit,541330,the purpose of this task is to build and test a microelectronics capability and algorithms to digitally automate and acc,1,1450750.0,1.0,67.6
USASPENDING_V1,USA,Consulting / research / audit,541715,sbir d<n>p<n> awards for advanced ai/ml-driven maintenance platform for critical industrial equipment,1,1797967.07,1.0,67.6
USASPENDING_V1,USA,Consulting / research / audit,541715,high density plasma thruster,1,749976.0,1.0,67.6
USASPENDING_V1,USA,Consulting / research / audit,541715,scripps - atmospheric rivers,1,1701736.0,1.0,67.6
USASPENDING_V1,USA,Consulting / research / audit,541715,the completion of a flight termination system (fts) and surge support services for field testing of quadrotor autonomy.,1,1216338.0,1.0,67.6
USASPENDING_V1,USA,Consulting / research / audit,541715,"power efficient digital binocular night vision imaging system (pedbnvis). see section j, non-proprietary statement of wo",1,1799993.8,1.0,67.6
USASPENDING_V1,USA,Consulting / research / audit,541712,implementation research for improving lifestyle change interventions,1,1173072.25,1.0,67.6
USASPENDING_V1,USA,Consulting / research / audit,541715,oceanit laboratories inc. sbir fy<n> phase ii phmsa award for dot sbir topic no. <n>-ph<n> entitled underground natural ,1,1011997.68,1.0,67.6
USASPENDING_V1,USA,Consulting / research / audit,541715,"precision combustion, inc. sbir phase ii",1,1098108.19,1.0,67.6
USASPENDING_V1,USA,Consulting / research / audit,541714,time-restricted feeding for pancreatic cancer prevention,1,551730.0,1.0,67.6
USASPENDING_V1,USA,Consulting / research / audit,541511,tactical funding increase to develop pre-natal fitness programming for the development of a postpartum fitness app which,1,1900000.0,1.0,67.6
USASPENDING_V1,USA,Consulting / research / audit,541990,"the purpose of this requisition is to commit $<n>,<n>.<n> for dhs s&t to award a new contract for support for national t",1,839677.85,1.0,67.6
USASPENDING_V1,USA,Consulting / research / audit,541330,compact tactile fingertips for intelligent grasping in industrial environments,1,1250000.0,1.0,67.6
USASPENDING_V1,USA,Consulting / research / audit,541715,multi-site simulation to examine driver behavior impact of integrated rail crossing violation warning (rcvw) and in-vehi,1,550000.0,1.0,67.6
USASPENDING_V1,USA,Consulting / research / audit,541712,"research, development, test, and",1,677649.43,1.0,67.6
USASPENDING_V1,USA,Consulting / research / audit,541715,columbia university proposes to develop a new analog nns that could interface directly with the analog outputs of conven,1,1396907.0,1.0,67.6
USASPENDING_V1,USA,Consulting / research / audit,541715,dot sbir phase ii fhwa topic no. <n>-fh<n> entitled: concrete curing quantifications.,1,999940.08,1.0,67.6
USASPENDING_V1,USA,Consulting / research / audit,541715,igf::ot::igf research and development - c-scape,1,1581049.0,1.0,67.6
USASPENDING_V1,USA,Consulting / research / audit,541715,"mark cuban cost plus drug company (mccpdc) intends to generate a chemistry, manufacturing, and controls (cmc) data packa",1,1393259.04,1.0,67.6
USASPENDING_V1,USA,Consulting / research / audit,541611,bpa call order for scientific and regulatory education branch (sreb) program assessment services in support of fda's cen,1,738523.05,1.0,67.6
USASPENDING_V1,USA,Consulting / research / audit,541715,"a demonstration test of clear path detection and ranging, based on railroad-specific use cases, will help the north amer",1,532890.16,1.0,67.6
USASPENDING_V1,USA,Consulting / research / audit,541715,alcoholism solutions: synthesizing information to support treatments (assist <n>.<n>),1,814737.69,1.0,67.6
USASPENDING_V1,USA,Consulting / research / audit,541519,sbir ii from w<n>my<n>p<n>.,1,1155178.74,1.0,67.6
USASPENDING_V1,USA,Consulting / research / audit,541715,small business innovative research (sbir) phase ii proposal l<n>-<n> tendered under topic dla<n>-<n> for synthetic graph,1,1243169.88,1.0,67.6
USASPENDING_V1,USA,Consulting / research / audit,541715,"topic no. afx<n>-dpcso<n>, sbir phase ii proposal f<n>d-<n> - file rights management",1,1249849.0,1.0,67.6
USASPENDING_V1,USA,Consulting / research / audit,541712,"igf::ot::igf -- research and development ""celestial navigation for surface ships (cnss) program).",1,697066.0,1.0,67.6
USASPENDING_V1,USA,Consulting / research / audit,541330,"igf::ot::igf - work on development of a roadmap for ecp implementation, first for internal consideration within fra, and",1,558569.87,1.0,67.6
USASPENDING_V1,USA,Consulting / research / audit,541611,igf::ot::igf - disadvantaged business enterprise (dbe) program; complete the nation-wide disparity study for small and d,1,1641082.36,1.0,67.6
USASPENDING_V1,USA,Consulting / research / audit,541715,small business innovative research (sbir) phase ii proposal # l<n>-<n> tendered under topic # dla<n>.<n>-<n> for reducin,1,993567.0,1.0,67.6
USASPENDING_V1,USA,Consulting / research / audit,541715,non-contacting full-field real-time strain measurement -,1,1183783.0,1.0,67.6
USASPENDING_V1,USA,Consulting / research / audit,541714,first monthly technical report,1,996919.73,1.0,67.6
USASPENDING_V1,USA,Consulting / research / audit,541720,"r&d services, subcontractor & odcs automatically generated situational judgment tests",1,1185856.77,1.0,67.6
USASPENDING_V1,USA,Consulting / research / audit,541330,ultrasonic peripheral fingerprint device,1,1981938.86,1.0,67.6
USASPENDING_V1,USA,Consulting / research / audit,541714,"new darpa sibr - phase ii effort entitled, time augmented sar (tsar), proposal ds<n>-<n>. ziva corporation seeks to deve",1,1799944.96,1.0,67.6
USASPENDING_V1,USA,Consulting / research / audit,541611,"bpa order titled ""user centered research and analytics"" against the nhlbi ospeec blanket purchase agreement (bpa) task a",1,1842330.56,1.0,67.6
USASPENDING_V1,USA,Consulting / research / audit,541715,"small business innovation research phase ii sequential contract, topic n<n>a-t<n>",1,1199981.01,1.0,67.6
USASPENDING_V1,USA,Consulting / research / audit,541910,to provide u.s. vape shop and vaper surveys.,1,653000.0,1.0,67.6
USASPENDING_V1,USA,Consulting / research / audit,541715,"sbir phase iii - truweather solutions, inc.",1,699999.0,1.0,67.6
USASPENDING_V1,USA,Consulting / research / audit,541715,small business innovation research phase iib contract for non-destructive coercimetry fracture toughness assessment for ,1,987015.0,1.0,67.6
USASPENDING_V1,USA,Consulting / research / audit,541712,"igf::ot::igf army small business innovation research phase ii for work entitled, ""the chemical and physical mechanism pr",1,967465.83,1.0,67.6
USASPENDING_V1,USA,Consulting / research / audit,541715,"scaled silicon carbide on insulator for quantum applications, proposal # f<n>d-<n>",1,1399963.31,1.0,67.6
USASPENDING_V1,USA,Consulting / research / audit,541715,"uei: jwsyc<n>rumjd<n>  this contract is between the united states department of homeland security (hereafter ""dhs,"" ""gov",1,699998.87,1.0,67.6
USASPENDING_V1,USA,Consulting / research / audit,611310,"the contractor shall provide the personnel, materials, facilities necessary to operate and maintain the vlbi gnss statio",1,982335.0,1.0,67.6
USASPENDING_V1,USA,Consulting / research / audit,541620,travel mgmt plan cultural survey fy<n>/<n>,1,878715.0,1.0,67.6
USASPENDING_V1,USA,Consulting / research / audit,541611,"child welfare intergenerational poverty study.--the committee directs $<n>,<n>,<n> for the secretary to enter into an ag",1,1000000.0,1.0,67.6
USASPENDING_V1,USA,Consulting / research / audit,336411,flightwave edge-<n> vtol uas tacfi,1,1900000.0,1.0,67.6
USASPENDING_V1,USA,Consulting / research / audit,541714,baa topic <n>.<n> - systemic assessment of immunity to b. pertussis using validated assays & data integration,1,1049692.0,1.0,67.6
USASPENDING_V1,USA,Consulting / research / audit,541715,small business innovation research (sbir) tactical funding (tacfi) effort titled smart thermal protection systems for hy,1,1999628.0,1.0,67.6
USASPENDING_V1,USA,Consulting / research / audit,339112,research and development phase ii sbir,1,1306972.0,1.0,67.6
USASPENDING_V1,USA,Consulting / research / audit,541715,the purpose of this amended requisition is to add funding for tsl-<n>-<n> new task order metered dose deposition,1,1532411.48,1.0,67.6
USASPENDING_V1,USA,Consulting / research / audit,541611,westpac <n>.<n> study support services,1,653463.51,1.0,67.6
USASPENDING_V1,USA,Consulting / research / audit,541715,tacfi ii clearspeed,1,1874990.7,1.0,67.6
USASPENDING_V1,USA,Consulting / research / audit,541330,igf::ot::igf - the objective of this effort is to understand the increase in potential risks to train operations and han,1,771124.16,1.0,67.6
USASPENDING_V1,USA,Consulting / research / audit,541712,igf::ot::igf tactical crossload planning tool for airborne operations,1,1490726.38,1.0,67.6
USASPENDING_V1,USA,Consulting / research / audit,513210,"sbir phase iii - space-based infrared (ir) target detection, tracking, and classification ai-enhance framework. the hybr",1,1540000.0,1.0,67.6
USASPENDING_V1,USA,Consulting / research / audit,541715,holos vr education training tacfi,1,1560000.0,1.0,67.6
USASPENDING_V1,USA,Consulting / research / audit,541620,heritage resource surveys for the hiawatha national forest.,1,1470868.78,1.0,67.6
USASPENDING_V1,USA,Consulting / research / audit,541715,improved seals for hypersonic vehicles,1,749043.0,1.0,67.6
USASPENDING_V1,USA,Consulting / research / audit,238210,"(iija) funded site survey and travel, site specific: multiple sites and jcns, per lpgbs pmo. madison, wi (msn)asr<n> jcn",1,1161010.0,1.0,67.6
USASPENDING_V1,USA,Consulting / research / audit,541715,sbir p<n>d<n>,1,1899997.63,1.0,67.6
USASPENDING_V1,USA,Consulting / research / audit,541611,expeditionary reload of surface study,1,889953.97,1.0,67.6
USASPENDING_V1,USA,Consulting / research / audit,541690,asa-<n>-iaa-<n> nas mra,1,1111990.49,1.0,67.6
USASPENDING_V1,USA,Consulting / research / audit,541712,igf::ot::igf  excrescence flight test study,1,868985.0,1.0,67.6
USASPENDING_V1,USA,Consulting / research / audit,541611,patient survey experience,1,690676.1,1.0,67.6
USASPENDING_V1,USA,Consulting / research / audit,541715,prototype research and development effort: additive manufacturing,1,532034.0,1.0,67.6
USASPENDING_V1,USA,Consulting / research / audit,541715,sbir phase ii awards for tape-wrapped carbon / silicon carbide composites for launch vehicle applications,1,749884.0,1.0,67.6
USASPENDING_V1,USA,Consulting / research / audit,541690,"performs critical analyses of tasks as well as plans, coordinates, and supports trans-nih initiatives and research resou",1,1500000.0,1.0,67.6
USASPENDING_V1,USA,Consulting / research / audit,541715,low-cost high bandwidth fast steering mirror,1,749969.0,1.0,67.6
USASPENDING_V1,USA,Consulting / research / audit,541715,sbir phase ii - proposal a<n>-<n> - adaptation of ferrium m<n> for personal armor,1,1109940.54,1.0,67.6
USASPENDING_V1,USA,Consulting / research / audit,541611,local liaison and advisory services (llas) in peru.,1,614900.62,1.0,67.6
USASPENDING_V1,USA,Consulting / research / audit,541715,this project supports the advancement of efficient algorithms for self-organization and reliable tasking of multiple het,1,1937666.0,1.0,67.6
USASPENDING_V1,USA,Consulting / research / audit,541715,"tactical funding increase (tacfi) special sequential sbir phase ii, light-based sensors successive phase ii - organic ro",1,979986.06,1.0,67.6
USASPENDING_V1,USA,Consulting / research / audit,541715,topic number <n>-<n> small business innovation research <n>nd phase ii multi-color long-wave infrared (lwir) imagers awa,1,1975000.0,1.0,67.6
USASPENDING_V1,USA,Consulting / research / audit,541715,"triton systems, inc. - sbir fy<n> phase ii phmsa award/fy<n> for wearable alerting tactile cues for hazard response.",1,999555.4,1.0,67.6
USASPENDING_V1,USA,Consulting / research / audit,541715,the objective of this requirement is to develop a prototype integrated quantum chemical sensor chip with improved sensit,1,1396826.44,1.0,67.6
USASPENDING_V1,USA,Consulting / research / audit,541715,cx<n> provides <n>x wraith uas systems with associated soldier new equipment training (net) during the week of <n> april,1,660000.0,1.0,67.6
USASPENDING_V1,USA,Consulting / research / audit,541611,"igf::ot::igf: technical support for constituency outreach and research dissemination, n<n>da-<n>-<n>. base period (june ",1,1400867.51,1.0,67.6
USASPENDING_V1,USA,Consulting / research / audit,541330,advisory and assistance services - for sfc ds support,1,1580466.97,1.0,67.6
USASPENDING_V1,USA,Consulting / research / audit,611430,colleague consulting,1,503943.11,1.0,67.6
USASPENDING_V1,USA,Consulting / research / audit,541715,sbir/sttr phase ii r&d - contextual reasoning for object identification,1,999514.16,1.0,67.6
USASPENDING_V1,USA,Consulting / research / audit,541712,igf::ot::igf sbir phase ii base period,1,1499784.0,1.0,67.6
USASPENDING_V1,USA,Consulting / research / audit,541611,oth-t capacity <n>.<n> study support,1,659436.54,1.0,67.6
USASPENDING_V1,USA,Consulting / research / audit,541715,color vision research and development testing,1,1399440.0,1.0,67.6
USASPENDING_V1,USA,Consulting / research / audit,541715,radio frequency resilient passive microwave sensor study,1,1005287.0,1.0,67.6
USASPENDING_V1,USA,Consulting / research / audit,541990,sbir d<n>p<n> awards for <n>d-sam: segment anything model in <n>d using dynamic extended reality (xr),1,1799987.2,1.0,67.6
USASPENDING_V1,USA,Consulting / research / audit,541715,mid-wave infrared pic-based coherent beam combining,1,1097768.71,1.0,67.6
USASPENDING_V1,USA,Consulting / research / audit,541611,fmcsa has a need for professional consulting and support services in the development of continuity of operations plans (,1,739065.6,1.0,67.6
USASPENDING_V1,USA,Consulting / research / audit,541715,"defense health agency small business innovation research program, agency announcement <n>.<n>, direct to phase <n> medic",1,1300000.0,1.0,67.6
USASPENDING_V1,USA,Consulting / research / audit,541330,research and development of specialized electronic warfare equipment,1,1486872.98,1.0,67.6
USASPENDING_V1,USA,Consulting / research / audit,541715,mass fatality tracking system (mfts) sbir phase <n> award,1,749877.29,1.0,67.6
USASPENDING_V1,USA,Consulting / research / audit,621511,measurement of global plasma metabolites and targeted short chain fatty acids in the baltimore longitudinal study on agi,1,680800.0,1.0,67.6
USASPENDING_V1,USA,Consulting / research / audit,541715,"dha sbir phase ii medical research contract from proposal no.  h<n>-<n> for development of handheld, optical speckle-tol",1,1299896.5,1.0,67.6
USASPENDING_V1,USA,Consulting / research / audit,541715,"small business innovative research (sbir) phase ii sequential, ""active noise reduction hgu-<n>p aviator helmet"". the cur",1,1999977.31,1.0,67.6
USASPENDING_V1,USA,Consulting / research / audit,541715,nadacs mesh install support,1,1098681.0,1.0,67.6
USASPENDING_V1,USA,Consulting / research / audit,611310,r&d: off-site rural areas access & caren study services,1,803611.0,1.0,67.6
USASPENDING_V1,USA,Consulting / research / audit,541611,"consultative services and external peer review for scientific assessments, literature reviews, and models for the divisi",1,1858710.48,1.0,67.6
USASPENDING_V1,USA,Consulting / research / audit,541714,further development of ipsc-based vaccine for colon cancer prevention,1,1293012.0,1.0,67.6
USASPENDING_V1,USA,Consulting / research / audit,518210,<n> compliance and tsa survey support - base year with two options  period of performance - <n>-month base period (<n>/<,1,1818843.79,1.0,67.6
USASPENDING_V1,USA,Consulting / research / audit,541715,"award of tda's dha sbir sequential phase ii medical r&d contract from proposalh<n>#-<n>, for ""optimal rewarming solution",1,1497623.14,1.0,67.6
USASPENDING_V1,USA,Consulting / research / audit,541330,stem education coordinator requirement to support the chief science office at the walter reed army institute of research,1,644000.82,1.0,67.6
USASPENDING_V1,USA,Consulting / research / audit,541715,the objective of this effort is to develop and field a cooperative sensor technology threat detection and mapping capabi,1,1314251.35,1.0,67.6
USASPENDING_V1,USA,Consulting / research / audit,541715,new darpa sttr phase ii,1,999910.0,1.0,67.6
USASPENDING_V1,USA,Consulting / research / audit,541715,"autonomous marsupial global nano and terrestrial sensing (gnats) small business innovation research, phase ii",1,1099998.76,1.0,67.6
USASPENDING_V1,USA,Consulting / research / audit,541715,durable fabric for mitigating rocket plume interactions to enable expeditionary landing area in terrestrial point-to-poi,1,1249814.0,1.0,67.6
USASPENDING_V1,USA,Consulting / research / audit,541715,army research and development - forensic palynology metagenomics for species id,1,522970.07,1.0,67.6
USASPENDING_V1,USA,Consulting / research / audit,541712,igf::ot::igf observations and analysis of geotechnical array data,1,532626.89,1.0,67.6
USASPENDING_V1,USA,Consulting / research / audit,541715,sibr phase ii advance millimeter-wave radar absorbing materials,1,1250000.0,1.0,67.6
USASPENDING_V1,USA,Consulting / research / audit,541330,r&d services for nga,1,938162.57,1.0,67.6
USASPENDING_V1,USA,Consulting / research / audit,541715,arete neuromorphic star tracker phase ii sbir,1,1249849.28,1.0,67.6
USASPENDING_V1,USA,Consulting / research / audit,541714,nitric oxide releasing untra-slippery antibacterial surfaces for indwelling catheter applications,1,998399.0,1.0,67.6
USASPENDING_V1,USA,Consulting / research / audit,541715,academic research: synchronization of nonlinear oscillators and signal,1,678153.0,1.0,67.6
USASPENDING_V1,USA,Consulting / research / audit,541715,sbir sequential phase ii tacfi for rubicon partner nation in support of <n>st air control squadron - proposal number f<n,1,1897907.34,1.0,67.6
USASPENDING_V1,USA,Consulting / research / audit,541715,"small business innovation research, research and development for the portable hydroelectric generator",1,1504324.0,1.0,67.6
USASPENDING_V1,USA,Consulting / research / audit,541715,reduced order modeling of critical infrastructure protect surfaces (covert defenses),1,999691.69,1.0,67.6
USASPENDING_V1,USA,Consulting / research / audit,541720,study and research,1,565500.0,1.0,67.6
USASPENDING_V1,USA,Consulting / research / audit,561990,"this library contract will provide scientific, technical and administrative library services to support division (aed) r",1,559446.48,1.0,67.6
USASPENDING_V1,USA,Consulting / research / audit,541512,procurement research partnership,1,1366086.84,1.0,67.6
USASPENDING_V1,USA,Consulting / research / audit,541711,igf::ot::igf ecological studies,1,1225604.0,1.0,67.6
USASPENDING_V1,USA,Consulting / research / audit,541512,contract support services,1,1911980.54,1.0,67.6
USASPENDING_V1,USA,Consulting / research / audit,541715,sbir phase ii for advanced learning for non-destructive testing further development.,1,1099959.6,1.0,67.6
USASPENDING_V1,USA,Consulting / research / audit,541715,himars,1,1400000.0,1.0,67.6
USASPENDING_V1,USA,Consulting / research / audit,611310,particulate matter exposure research,1,965701.0,1.0,67.6
USASPENDING_V1,USA,Consulting / research / audit,541720,"r&d services, subcontractor & odcs officer cognitive computer adaptive test",1,1049684.0,1.0,67.6
USASPENDING_V1,USA,Consulting / research / audit,541611,"the office of naval research (onr) comptroller's office (code <n>) is responsible for budgeting, accounting, and manager",1,1977353.0,1.0,67.6
USASPENDING_V1,USA,Consulting / research / audit,541715,understanding alcohol license type,1,964824.0,1.0,67.6
USASPENDING_V1,USA,Consulting / research / audit,541714,ssp phase ii,1,1195562.0,1.0,67.6
USASPENDING_V1,USA,Consulting / research / audit,513210,"deepsim, inc",1,1794976.0,1.0,67.6
USASPENDING_V1,USA,Consulting / research / audit,541714,task order title: next generation gp<n>/il-<n>/stat<n> inhibitors for the prevention of colitis-associated colorectal ca,1,1237620.0,1.0,67.6
USASPENDING_V1,USA,Consulting / research / audit,541715,sbir phase iii s blaster services.,1,527198.8,1.0,67.6
USASPENDING_V1,USA,Consulting / research / audit,541715,surface dsd instrument evaluation,1,575000.0,1.0,67.6
USASPENDING_V1,USA,Consulting / research / audit,541715,innovative for runtime assurance technologies.,1,984964.0,1.0,67.6
USASPENDING_V1,USA,Consulting / research / audit,541330,custom build of two (<n>) motor generators and two (<n>) control electronics for griffon aerospace aircraft hybrid propu,1,713147.88,1.0,67.6
USASPENDING_V1,USA,Consulting / research / audit,541990,"this project focuses on the passive seismic deployment, studies",1,1504836.92,1.0,67.6
USASPENDING_V1,USA,Consulting / research / audit,541715,"geospatial, research, integration, development and support (grids) iv air force central command (afcent) joint all-domai",1,1199217.82,1.0,67.6
USASPENDING_V1,USA,Consulting / research / audit,236220,"demo and replace all valves, fittings, flanges, and pumps identified by ae study, with the exception of those associated",1,1074706.28,1.0,67.6
USASPENDING_V1,USA,Consulting / research / audit,541612,human resource consulting,1,1667785.69,1.0,67.6
USASPENDING_V1,USA,Consulting / research / audit,541990,igf::ot::igf haemophilus influenzae among nac study,1,611404.68,1.0,67.6
USASPENDING_V1,USA,Consulting / research / audit,336411,phm study,1,1669908.0,1.0,67.6
USASPENDING_V1,USA,Consulting / research / audit,541519,renewal of gartner support license for research and advisory.,1,657081.0,1.0,67.6
USASPENDING_V1,USA,Consulting / research / audit,541519,<n> benefits benchmarking & metrics study,1,524178.58,1.0,67.6
USASPENDING_V1,USA,Consulting / research / audit,541712,igf::ot::igf-thermal space situational awareness (tssa),1,1521109.0,1.0,67.6
USASPENDING_V1,USA,Consulting / research / audit,541715,"advanced research and development, task king triton",1,579646.0,1.0,67.6
USASPENDING_V1,USA,Consulting / research / audit,541715,"""andro computational solutions"" sbir phii",1,1999999.53,1.0,67.6
USASPENDING_V1,USA,Consulting / research / audit,541715,research and development for air force airbase systems in accordance with attached performance work statement (pws),1,1299052.0,1.0,67.6
USASPENDING_V1,USA,Consulting / research / audit,541715,at hand is a research and development tasking for a competency-based adaptive training system (cats) for early phase nav,1,1155627.0,1.0,67.6
USASPENDING_V1,USA,Consulting / research / audit,541715,"the scope of the phase ii program is to develop d<n>psem into a fully-featured data acquisition, analysis, and predictio",1,1500000.0,1.0,67.6
USASPENDING_V1,USA,Consulting / research / audit,541620,task order for national aquatic resource surveys: reporting and visualization for multiple audiences against <n>herc<n>d,1,1447028.74,1.0,67.6
USASPENDING_V1,USA,Consulting / research / audit,541714,instant prototype,1,1162910.0,1.0,67.6
USASPENDING_V1,USA,Consulting / research / audit,541715,"sttr phase i, ffp, topic a<n>c-t<n>",1,1272989.53,1.0,67.6
USASPENDING_V1,USA,Consulting / research / audit,541715,"small business innovation research, tactical funding increase (tacfi) sequential phase ii +, topic no. afx<n>-dcso<n>, m",1,1900000.0,1.0,67.6
USASPENDING_V1,USA,Consulting / research / audit,541715,sbir <n>.<n> phase ii cpff award to cfd research corporation,1,999027.0,1.0,67.6
USASPENDING_V1,USA,Consulting / research / audit,541715,<n>.<n>b_d<n>p<n>_sbir_f<n>d-<n>_aflcmc/wing  north american industry classification system (naics): <n>,1,1394852.6,1.0,67.6
USASPENDING_V1,USA,Consulting / research / audit,541714,scientific and technical professional services for the <n>th mdw  project <n> start task <n>,1,1456132.96,1.0,67.6
USASPENDING_V1,USA,Consulting / research / audit,541715,"sbir phase iii, fraud, waste, and abuse tool/due diligence",1,642299.0,1.0,67.6
USASPENDING_V1,USA,Consulting / research / audit,541715,high temperature paste adhesives and sealants,1,1249995.0,1.0,67.6
USASPENDING_V1,USA,Consulting / research / audit,541330,event sequence diagrams (esd) to assess risk levels for launch vehicles with nuclear payloads.,1,562148.0,1.0,67.6
USASPENDING_V1,USA,Consulting / research / audit,611710,the purpose of this contract is to <n>) gain cooperation from the bureau of indian education (bie) schools to participat,1,1199729.46,1.0,67.6
USASPENDING_V1,USA,Consulting / research / audit,541715,"sbir tacfi-phase ii proposal f<n>-<n>, topic no. x<n>-ocso<n>-preprocessing algorithmic development",1,1999017.13,1.0,67.6
USASPENDING_V1,USA,Consulting / research / audit,621399,cisa covid adult study cchmc,1,889592.0,1.0,67.6
USASPENDING_V1,USA,Consulting / research / audit,541715,sbir phase ii to take the technology developed under the phase i effort and use it to build and demonstrate a prototype ,1,749971.05,1.0,67.6
USASPENDING_V1,USA,Consulting / research / audit,541715,"ep study - if more information is needed, please contact the co directly.",1,781316.57,1.0,67.6
USASPENDING_V1,USA,Consulting / research / audit,541330,::other function::  task order <n> hereby issued for the overall storage of equipment under this omia contract for the p,1,1382034.76,1.0,67.6
USASPENDING_V1,USA,Consulting / research / audit,541990,"research, writing and editorial",1,671027.0,1.0,67.6
USASPENDING_V1,USA,Consulting / research / audit,541712,ied using fusion algorithms,1,745906.0,1.0,67.6
USASPENDING_V1,USA,Consulting / research / audit,541715,wp<n>-<n> boeing research and technology  metal organic framework inhibited sealants,1,1346836.0,1.0,67.6
USASPENDING_V1,USA,Consulting / research / audit,541715,research & development baa <n>-<n> - subsurface anomalies detection and classification using multi-data and advanced sig,1,1495000.0,1.0,67.6
USASPENDING_V1,USA,Consulting / research / audit,541715,"baa <n>-<n>, fixed facility multispectral camouflage research and development for erdc gsl",1,1334580.54,1.0,67.6
USASPENDING_V1,USA,Consulting / research / audit,541715,in-situ non-destructive inspection using heterogenous collaborative robots,1,1399995.0,1.0,67.6
USASPENDING_V1,USA,Consulting / research / audit,541715,"small business innovative research phase ii l<n>-<n> entitled ""vertically integrated manufacturing platform to rapidly m",1,1794653.0,1.0,67.6
USASPENDING_V1,USA,Consulting / research / audit,541713,the objective of this contract is to develop an atmospheric sampler and ion source for attachment to a mass spectrometer,1,1155551.19,1.0,67.6
USASPENDING_V1,USA,Consulting / research / audit,541110,build america bureau -legal advisory services for the northwest arkansas national airport projects.,1,641728.0,1.0,67.6
USASPENDING_V1,USA,Consulting / research / audit,336413,validation of cvi densification processes for carbon-carbon composite prototypes used in hypersonic,1,714850.0,1.0,67.6
USASPENDING_V1,USA,Consulting / research / audit,541715,ba<n>-smart oxygenation system (sos),1,1106028.41,1.0,67.6
USASPENDING_V1,USA,Consulting / research / audit,541715,irb services,1,600000.0,1.0,67.6
USASPENDING_V1,USA,Consulting / research / audit,541712,"task order w<n>qkn-<n>-f-<n> is to award product director, measurement and diagnostic equipment (tmde) support services.",1,1433622.5,1.0,67.6
USASPENDING_V1,USA,Consulting / research / audit,541712,title:  e-warrant demonstration project  purpose: this project supports state agencies in the development and implementa,1,1068429.26,1.0,67.6
USASPENDING_V1,USA,Consulting / research / audit,541990,"this purchase order includes services to test no more than <n>,<n> samples that were previously collected in the anchor ",1,507000.0,1.0,67.6
USASPENDING_V1,USA,Consulting / research / audit,541519,it research and advisory svcs.,1,793323.03,1.0,67.6
USASPENDING_V1,USA,Consulting / research / audit,811219,maintenance lab equipment for united states army medical research directorate - africa,1,505355.5,1.0,67.6
USASPENDING_V1,USA,Consulting / research / audit,541715,"mobile, modular, payload processing",1,895000.0,1.0,67.6
USASPENDING_V1,USA,Consulting / research / audit,541715,"maritime moving target indicator (mmti) global integrated intelligence, surveillance, and reconnaissance (giisr) analyti",1,749636.0,1.0,67.6
USASPENDING_V1,USA,Consulting / research / audit,541712,cb-<n> ch<n> medical diagnostic igf::ot::igf,1,678698.0,1.0,67.6
USASPENDING_V1,USA,Consulting / research / audit,541720,weld enhanced cast steel coupler knuckles,1,500000.0,1.0,67.6
USASPENDING_V1,USA,Consulting / research / audit,523999,provide financial advisory services,1,1889589.95,1.0,67.6
USASPENDING_V1,USA,Consulting / research / audit,926150,accreditation services of animal care programs,1,1401644.05,1.0,67.6
USASPENDING_V1,USA,Consulting / research / audit,541720,"creative sprint method for overcoming a bias against novelty, research and development effort.",1,739844.5,1.0,67.6
USASPENDING_V1,USA,Consulting / research / audit,541990,research services for the development of patient-reported outcome measure(s) for headache services,1,700000.0,1.0,67.6
USASPENDING_V1,USA,Consulting / research / audit,541714,proposal no. ba<n>ccrrp,1,1774748.0,1.0,67.6
USASPENDING_V1,USA,Consulting / research / audit,621111,phoenix indian medical center (pimc) hematology/oncology services and consulting services.,1,638583.15,1.0,67.6
USASPENDING_V1,USA,Consulting / research / audit,541990,igf::ot::igf its and road weather management,1,699771.81,1.0,67.6
USASPENDING_V1,USA,Consulting / research / audit,541715,new darpa sbir phase ii contract // solicitation number dod <n>.<n> sbir,1,1481928.28,1.0,67.6
USASPENDING_V1,USA,Consulting / research / audit,541720,comprehensive research cohort study of emergency responder roadway safety.,1,748181.97,1.0,67.6
USASPENDING_V1,USA,Consulting / research / audit,541611,initial outfitting advisory and assistance services,1,881538.99,1.0,67.6
USASPENDING_V1,USA,Consulting / research / audit,621999,polysomnography (sleep study) management support services,1,522353.0,1.0,67.6
USASPENDING_V1,USA,Consulting / research / audit,541715,small business technology transfer research program,1,1699977.85,1.0,67.6
USASPENDING_V1,USA,Consulting / research / audit,541715,the purpose of this requisition is to create tsl-<n>-<n> cavm live fire new task order,1,1550642.59,1.0,67.6
USASPENDING_V1,USA,Consulting / research / audit,541714,geis surveillance in nepal and thailand for afrims on behalf of walter reed army institute of research,1,661032.0,1.0,67.6
USASPENDING_V1,USA,Consulting / research / audit,541715,sbir phase ii modernized primer for larger caliber ammo.,1,1087564.73,1.0,67.6
USASPENDING_V1,USA,Consulting / research / audit,541714,"contract #hhsn<n>i idt biologika development and manufacture of toxoid fusion <n>xstan<n>smnltr<n>gl<n>a and cf,i,ii,iv ",1,1209261.0,1.0,67.6
USASPENDING_V1,USA,Consulting / research / audit,541715,scientist support services.,1,1317593.42,1.0,67.6
USASPENDING_V1,USA,Consulting / research / audit,541720,tribal alcohol-impaired driving prevention program analysis and evaluation,1,782607.0,1.0,67.6
USASPENDING_V1,USA,Consulting / research / audit,541715,systems integrated authoritative source of truth for technical data package requirements traceability,1,1759963.0,1.0,67.6
USASPENDING_V1,USA,Consulting / research / audit,336411,else support,1,1950971.0,1.0,67.6
USASPENDING_V1,USA,Consulting / research / audit,541910,election assistance commission (eac) order <n> - technical assistance and data collection support for the  <n> election ,1,1199118.97,1.0,67.6
USASPENDING_V1,USA,Consulting / research / audit,541715,generative ai synthetic data capability to fill in and expand pattern of life dataset and generate forecasted data to al,1,766232.0,1.0,67.6
USASPENDING_V1,USA,Consulting / research / audit,541715,"new contract for black tusk geophysics, inc.",1,662471.4,1.0,67.6
USASPENDING_V1,USA,Consulting / research / audit,621399,cisa covid pediatric study lead,1,1268329.0,1.0,67.6
USASPENDING_V1,USA,Consulting / research / audit,541715,tunable and reconfigurable metasurfaces enabled by atomic layer deposition of phase change materials,1,1249991.0,1.0,67.6
USASPENDING_V1,USA,Consulting / research / audit,541715,"extension of phase ii sbir, fa<n>p<n>. work revolves around elevating the current gig extended reality holoscenarios exp",1,1475000.0,1.0,67.6
USASPENDING_V1,USA,Consulting / research / audit,541715,"small business innovation research (sbir) phase ii, topic a <n>-<n>, zero trust identity. phase i sbir contract no. w<n>",1,1099982.35,1.0,67.6
USASPENDING_V1,USA,Consulting / research / audit,541715,"phase ii effort is to research and develop the prototype test bed to facilitate validation in the context of the target,",1,1099997.39,1.0,67.6
USASPENDING_V1,USA,Consulting / research / audit,541720,"research project titled, ""planning and development of a prototype privacy-preserving validation server for administrativ",1,600000.0,1.0,67.6
USASPENDING_V1,USA,Consulting / research / audit,622110,ww central region <n> domains <n>-a<n>,1,1999611.0,1.0,67.6
USASPENDING_V1,USA,Consulting / research / audit,541715,war related studies,1,1263837.72,1.0,67.6
USASPENDING_V1,USA,Consulting / research / audit,541611,defense science board summer study support,1,1961943.51,1.0,67.6
USASPENDING_V1,USA,Consulting / research / audit,541620,advisory and assistance services (a and as) in support of defense logistics agency installation support for energy suppo,1,1137354.4,1.0,67.6
USASPENDING_V1,USA,Consulting / research / audit,541715,"dha sbir phase ii proposal h<n>-<n> titled ""transitioning the multiplexed bactericidal assay for shigella lipopolysaccha",1,1052346.25,1.0,67.6
USASPENDING_V1,USA,Consulting / research / audit,334220,this is a non-personal services contract to provide services under the small business innovative research (sbir) program,1,999991.61,1.0,67.6
USASPENDING_V1,USA,Consulting / research / audit,541611,independent verification and validation services,1,1621928.0,1.0,67.6
USASPENDING_V1,USA,Consulting / research / audit,541715,sequential phase ii proposal h<n>s-<n> titled: non-contact high-resolution all-optical handheld ultrasound imaging syste,1,1299985.96,1.0,67.6
USASPENDING_V1,USA,Consulting / research / audit,541715,base award sbir phase ii topic #n<n>-<n>.,1,1399982.0,1.0,67.6
USASPENDING_V1,USA,Consulting / research / audit,541715,jacobs baa contract ewn for dod facilities,1,1349449.57,1.0,67.6
USASPENDING_V1,USA,Consulting / research / audit,541990,payment processing expert witness and litigation consulting services,1,1446290.07,1.0,67.6
USASPENDING_V1,USA,Consulting / research / audit,541715,<n>-<n>-<n> modeling and analysis simulation support,1,864675.0,1.0,67.6
USASPENDING_V1,USA,Consulting / research / audit,611310,"baa fy<n>c<n>bp<n>-""advancing bispecific engagers for nk immunotherapy in pediatric gliomas""",1,564246.0,1.0,67.6
USASPENDING_V1,USA,Consulting / research / audit,541620,uncompahgre field office resource management plan (rmp)  amendment and environmental impact study (eis),1,1012503.34,1.0,67.6
USASPENDING_V1,USA,Consulting / research / audit,518210,professional services,1,1019422.8,1.0,67.6
USASPENDING_V1,USA,Consulting / research / audit,541330,todd hylton - synapse/physical intelligence technical support task # <n>,1,1007578.09,1.0,67.6
USASPENDING_V1,USA,Consulting / research / audit,541715,er<n>-<n> university of minnesota,1,1303287.0,1.0,67.6
USASPENDING_V1,USA,Consulting / research / audit,541715,sttr phase ii base award:  radar for accelerated breaching of contract structures (rabcs),1,1149862.46,1.0,67.6
USASPENDING_V1,USA,Consulting / research / audit,541715,the contractor will provide  recommended approaches to identify wheels that are at risk for vsr prior to failure in orde,1,574127.21,1.0,67.6
USASPENDING_V1,USA,Consulting / research / audit,541715,research iaw sow darpa mto sbir phase ii isa pcie (proposal: caper-cheri),1,1899950.0,1.0,67.6
USASPENDING_V1,USA,Consulting / research / audit,541330,task order for test and evaluation for integrated support center,1,1036933.0,1.0,67.6
USASPENDING_V1,USA,Consulting / research / audit,541990,intelligent transportation systems (its) strategic support,1,1975985.27,1.0,67.6
USASPENDING_V1,USA,Consulting / research / audit,541711,frameshift peptide vaccine for the prevention lynch syndrome-associated gastrointestinal cancer hhsn<n> torfp: <n>-e<n> ,1,891983.59,1.0,67.6
USASPENDING_V1,USA,Consulting / research / audit,541990,to perform a targeted review of literature regarding quality of life of patients with oab and the use of lurn si-<n> mea,1,748779.0,1.0,67.6
USASPENDING_V1,USA,Consulting / research / audit,541990,"this torp seeks a response from cbts, a dhs center of excellence led by the texas a&m university (tamu), to perform rese",1,999218.0,1.0,67.6
USASPENDING_V1,USA,Consulting / research / audit,541511,to obtain data management and analysis to support the ocs?s delivery of its core data fitness assessment for the review ,1,689954.57,1.0,67.6
USASPENDING_V1,USA,Consulting / research / audit,541611,low income housing tax credit (lihtc),1,1515907.0,1.0,67.6
USASPENDING_V1,USA,Consulting / research / audit,541715,pre-hospital treatment of moderate to severe traumatic brain injury: analysis of civilian data to inform military practi,1,1494262.0,1.0,67.6
USASPENDING_V1,USA,Consulting / research / audit,541711,xenograft mouse models for varicella zoster virus and human cytomegalovirus,1,832888.0,1.0,67.6
USASPENDING_V1,USA,Consulting / research / audit,541714,task order:  preventing lung cancer by targeting activated stat<n>,1,779932.0,1.0,67.6
USASPENDING_V1,USA,Consulting / research / audit,541715,united states special operations command (ussocom) broad agency announcement (baa) award to the university of north caro,1,1255601.38,1.0,67.6
USASPENDING_V1,USA,Consulting / research / audit,927110,"sf<n>-d<n> alternative position, navigation and timing. xairos systems, inc. propose a fusion position, navigation, and ",1,1899796.0,1.0,67.6
USASPENDING_V1,USA,Consulting / research / audit,541690,newborn screening: current landscape and future decisions,1,999603.0,1.0,67.6
USASPENDING_V1,USA,Consulting / research / audit,541715,"phase ii sttr contract titled ""multi-phase blast munitions"".",1,1149038.31,1.0,67.6
USASPENDING_V1,USA,Consulting / research / audit,541714,zeeva therapeutics corporation - research and development aoi #<n> for the development of a novel tube junction connecto,1,742100.0,1.0,67.6
USASPENDING_V1,USA,Consulting / research / audit,541712,labor - research fields <n> & <n>,1,1736023.94,1.0,67.6
USASPENDING_V1,USA,Consulting / research / audit,541715,baa <n>-<n> intelligent and resilient structures phase ii u<n>,1,1000000.0,1.0,67.6
USASPENDING_V1,USA,Consulting / research / audit,541715,transastra tacfi sequential sbir phase ii,1,1799636.0,1.0,67.6
USASPENDING_V1,USA,Consulting / research / audit,541990,research - entomologic field work,1,1015000.0,1.0,67.6
USASPENDING_V1,USA,Consulting / research / audit,541715,topic <n> sbir phase ii: scalable digital delivery of evidence-based training for family to maximize treatment admission,1,1497979.0,1.0,67.6
USASPENDING_V1,USA,Consulting / research / audit,541511,support services for the nist genomics privacy-preserving federated learning platform,1,841088.0,1.0,67.6
USASPENDING_V1,USA,Consulting / research / audit,541715,sbir/sttr phase ii r&d: advanced high end gyroscopes for small form factor inertial measurement unit applications,1,999982.0,1.0,67.6
USASPENDING_V1,USA,Consulting / research / audit,541715,sttr phase ii proposal f<n>-<n> - nanoparticle on-demand loading system,1,1699998.27,1.0,67.6
USASPENDING_V1,USA,Consulting / research / audit,541715,next-generation autonomy for unmanned maritime vehicles (umvs),1,1999735.66,1.0,67.6
USASPENDING_V1,USA,Consulting / research / audit,541715,seq tac fi,1,1899795.91,1.0,67.6
USASPENDING_V1,USA,Consulting / research / audit,541715,baa <n>-<n>a with michigan technological university for r&d proposal sar signature management. u<n>,1,600000.0,1.0,67.6
USASPENDING_V1,USA,Consulting / research / audit,541715,satellite based global pallet level tracking and hero assessment research & development (r&d) - emergent iv,1,599610.5,1.0,67.6
USASPENDING_V1,USA,Consulting / research / audit,927110,development of a fiber based ison structure that meets the minimum performance requirements.,1,1799113.0,1.0,67.6
USASPENDING_V1,USA,Consulting / research / audit,541611,national academy of sciences assessment of the national science foundation small business innovation research (sbir) and,1,893624.39,1.0,67.6
USASPENDING_V1,USA,Consulting / research / audit,541712,autonomous countermine technologies,1,1155060.0,1.0,67.6
USASPENDING_V1,USA,Consulting / research / audit,541715,aggregated visualization and analysis of usg sbir ph iii,1,1490000.0,1.0,67.6
USASPENDING_V1,USA,Consulting / research / audit,541715,scaled production and increased performance of hypersonic thermal protection,1,1248755.0,1.0,67.6
USASPENDING_V1,USA,Consulting / research / audit,541611,logical follow-on task order to ascent consulting task order <n>g<n>f<n> for capitalization/delphi/data assurance servic,1,977638.88,1.0,67.6
USASPENDING_V1,USA,Consulting / research / audit,541310,ae serices feasibility study,1,1383768.67,1.0,67.6
USASPENDING_V1,USA,Consulting / research / audit,541330,this contract is issued to provide funding for research and development to continue to support and upgrade the gpr syste,1,1519187.0,1.0,67.6
USASPENDING_V1,USA,Consulting / research / audit,541715,the contractor will provide timely technical support to the office of safety in its role of investigating railroad incid,1,1152710.84,1.0,67.6
USASPENDING_V1,USA,Consulting / research / audit,541711,"igf::ot::igf pre-clinical models of infectious diseases purpose: to issue task a<n>, rabbit and mouse models for papillo",1,759018.35,1.0,67.6
USASPENDING_V1,USA,Consulting / research / audit,541715,"understanding the prevalence, experiences, knowledge, and perceptions of falsified and unapproved pharmaceuticals in a g",1,518714.0,1.0,67.6
USASPENDING_V1,USA,Consulting / research / audit,541620,the objective of this contract/order is to provide guidance on a priori calculation of scan mdc method for continuously ,1,557488.48,1.0,67.6
USASPENDING_V1,USA,Consulting / research / audit,541715,data coordinating center for the prenatal and childhood mechanisms of health disparities:  recruitment and follow-up of ,1,576764.0,1.0,67.6
USASPENDING_V1,USA,Consulting / research / audit,541990,"to obtain scientific writing support for the preparation of review memoranda, advisory committee briefing documents, and",1,1547043.91,1.0,67.6
USASPENDING_V1,USA,Consulting / research / audit,541715,"development and evaluation of innovative methods, tools, and strategies to increase employer adoption",1,799770.0,1.0,67.6
USASPENDING_V1,USA,Consulting / research / audit,541715,"""sage technologies, ltd."" sbir phase ii sequential a<n>-<n>, dynamic frame rate throttling",1,1896641.63,1.0,67.6
USASPENDING_V1,USA,Consulting / research / audit,541715,er<n>-<n> gsi environmental,1,1327568.0,1.0,67.6
USASPENDING_V1,USA,Consulting / research / audit,541712,secure tactical to enterprise gateway (steg),1,1552772.0,1.0,67.6
USASPENDING_V1,USA,Consulting / research / audit,541519,clm/prism support services,1,698788.8,1.0,67.6
USASPENDING_V1,USA,Consulting / research / audit,541715,small business innovation research phase ii on topic <n>-fh<n> addressing stormwater runoff with a self-contained portab,1,500000.0,1.0,67.6
USASPENDING_V1,USA,Consulting / research / audit,541715,northeastern univ rc<n>-<n>,1,1965940.0,1.0,67.6
USASPENDING_V1,USA,Consulting / research / audit,541519,noaa/ocio research security program development and implementation. the program requirements focus on ensuring the prote,1,913999.6,1.0,67.6
USASPENDING_V1,USA,Consulting / research / audit,334510,development of the philips' lumify ultrasound system.,1,767051.96,1.0,67.6
USASPENDING_V1,USA,Consulting / research / audit,541715,creation of railroader-specific information for medical professionals - fra medical director proposed to create a series,1,1073928.0,1.0,67.6
USASPENDING_V1,USA,Consulting / research / audit,541714,in-silico screening,1,629772.44,1.0,67.6
USASPENDING_V1,USA,Consulting / research / audit,541330,oad tsaer air and toefu analysis,1,1706868.4,1.0,67.6
USASPENDING_V1,USA,Consulting / research / audit,541712,igf::ot::igf  the proposal offers to research the application of solid oxide fuel cell gas turbine (sofc-gt) system for ,1,500280.0,1.0,67.6
USASPENDING_V1,USA,Consulting / research / audit,541715,moonshot - topic <n> - development and validation of non-mouse reagents to enable preclinical development of novel thera,1,1999381.0,1.0,67.6
USASPENDING_V1,USA,Consulting / research / audit,541715,topic #: a<n>b-t<n> - direct hydrogen production from sunlight and water (phase ii sequential),1,1899862.44,1.0,67.6
USASPENDING_V1,USA,Consulting / research / audit,541715,dha sequential phase ii sbir deployable wound care products to decrease preventable death outcomes by mitigating infecti,1,1299857.19,1.0,67.6
USASPENDING_V1,USA,Consulting / research / audit,541715,"dha <n>.b sttr phase ii medical r&d contract against proposal #h<n>-<n>, titled: ""developing a just-in-time refresher tr",1,1099808.37,1.0,67.6
USASPENDING_V1,USA,Consulting / research / audit,541990,pro measures,1,928224.0,1.0,67.6
USASPENDING_V1,USA,Consulting / research / audit,541714,trust reilence in user-systems team modeling (trust'm) sbir ii,1,977237.0,1.0,67.6
USASPENDING_V1,USA,Consulting / research / audit,541715,sbir phase ii commercial based techniques for driving pcss,1,1099787.44,1.0,67.6
USASPENDING_V1,USA,Consulting / research / audit,541519,ou<n>-fy<n>-<n>-new - identity and access management technical resource development contractor support,1,556204.51,1.0,67.6
USASPENDING_V1,USA,Consulting / research / audit,541330,"this order is for the electrical load study, electrical master plan & supporting information for budgeting & fiscal year",1,616994.43,1.0,67.6
USASPENDING_V1,USA,Consulting / research / audit,541715,sbir commercialization program - improved jam beam radiometers for towed airborne plume simulator,1,1524972.13,1.0,67.6
USASPENDING_V1,USA,Consulting / research / audit,541715,nhrc military family research services,1,1329691.79,1.0,67.6
USASPENDING_V1,USA,Consulting / research / audit,541715,sbir phase ii topic hr<n>s<n>-<n>,1,1999751.0,1.0,67.6
USASPENDING_V1,USA,Consulting / research / audit,541715,development and characterization of an ascent gas generator feed system for a hall thruster.,1,868101.53,1.0,67.6
USASPENDING_V1,USA,Consulting / research / audit,541715,mk <n> advanced sensor package (asp) depot services & hardware procurement,1,1528892.49,1.0,67.6
USASPENDING_V1,USA,Consulting / research / audit,541715,r&d services for- high dose rate rugged dosimeter,1,1064005.0,1.0,67.6
USASPENDING_V1,USA,Consulting / research / audit,541715,analytical chemistry and stability testing of treatment drugs for substance use disorders.,1,1852395.0,1.0,67.6
USASPENDING_V1,USA,Consulting / research / audit,541715,tactical funding increase (tacfi) sequential sbir phase ii award to expand research and development of capabilities for ,1,1499921.62,1.0,67.6
USASPENDING_V1,USA,Consulting / research / audit,541715,"sbir baa <n>.<n>, topic dla<n>-p<n>, small business technology transfer (sttr) phase ii, building and deploying cost-eff",1,1295547.0,1.0,67.6
USASPENDING_V1,USA,Consulting / research / audit,541715,systematic evidence reviews to support the uspstf - <n> topic buy (group a),1,1455500.0,1.0,67.6
USASPENDING_V1,USA,Consulting / research / audit,541715,sbir phase ii - munitions loader,1,1800000.0,1.0,67.6
USASPENDING_V1,USA,Consulting / research / audit,712120,"archaeological surface and subsurface survey of orote field, naval base guam.",1,844171.99,1.0,67.6
USASPENDING_V1,USA,Consulting / research / audit,541714,bioreliance expi<n>f,1,672262.42,1.0,67.6
USASPENDING_V1,USA,Consulting / research / audit,541715,sbir sequential- tacfi- phase ii af<n>-dcso<n> persistent power supplies to extend the life of asset tracking devices -c,1,1900000.0,1.0,67.6
USASPENDING_V1,USA,Consulting / research / audit,541611,"igf::ct::igf   office of criminal enforcement, forensics, and training professional consulting services in support of th",1,619756.93,1.0,67.6
USASPENDING_V1,USA,Consulting / research / audit,511120,fy<n> emad subscription agent services,1,665779.71,1.0,67.6
USASPENDING_V1,USA,Consulting / research / audit,541715,technical proposal <n>-sm-cb<n> entitled cbrne augmented reality display and device integration newtork,1,1099992.47,1.0,67.6
USASPENDING_V1,USA,Consulting / research / audit,541715,bio-inspired multi-mode imaging system with gradient index,1,1786820.0,1.0,67.6
USASPENDING_V1,USA,Consulting / research / audit,541690,fy <n> financial audit services - bridge,1,1992308.0,1.0,67.6
USASPENDING_V1,USA,Consulting / research / audit,611310,research service,1,1271628.44,1.0,67.6
USASPENDING_V1,USA,Consulting / research / audit,541715,"small business innovation research phase ii sequential, topic a<n>-<n>: perception sensing advancements for autonomous g",1,1922226.07,1.0,67.6
USASPENDING_V1,USA,Consulting / research / audit,611310,animal housing and purchasing services (affiliate),1,695700.0,1.0,67.6
USASPENDING_V1,USA,Consulting / research / audit,541715,"tda research, inc. (ph<n>) - sbir fy<n> phase ii phmsa for portable state-of-charge sensor for lithium batteries",1,999935.05,1.0,67.6
USASPENDING_V1,USA,Consulting / research / audit,541618,igf::ot::igf baa,1,630509.19,1.0,67.6
USASPENDING_V1,USA,Consulting / research / audit,541910,development of animal module cadioviscalaryy study,1,933844.66,1.0,67.6
USASPENDING_V1,USA,Consulting / research / audit,221114,provide further development in clins <n>-<n>  provide four (<n>) solar powered integrated structures (spis) kits deliver,1,1899498.49,1.0,67.6
USASPENDING_V1,USA,Consulting / research / audit,541611,scc - strengthening community colleges study,1,1503344.74,1.0,67.6
USASPENDING_V1,USA,Consulting / research / audit,541715,<n>d digital holography (dh) imaging for aim point maintenance (apm) applications.,1,749943.0,1.0,67.6
USASPENDING_V1,USA,Consulting / research / audit,541990,sfety study for fra,1,872411.4,1.0,67.6
USASPENDING_V1,USA,Consulting / research / audit,541715,nxcomms: intelligent patient simulation,1,1299975.42,1.0,67.6
USASPENDING_V1,USA,Consulting / research / audit,541715,sbir phase ii for artificial intelligence for diminishing manufacturing sources and material shortages (dmsms),1,1579930.75,1.0,67.6
USASPENDING_V1,USA,Consulting / research / audit,541715,"r&d services, subcontractor & odcs development of an army-specific work contexts and situations taxonomy",1,812179.56,1.0,67.6
USASPENDING_V1,USA,Consulting / research / audit,541715,"esc aerospace us, inc sbir phase ii a<n>-<n> target on the move and dynamic retargeting for enhanced lethality develop s",1,1099412.54,1.0,67.6
USASPENDING_V1,USA,Consulting / research / audit,541990,"the contractor shall provide program plan development for analysis, modeling, and simulation.",1,1002044.6,1.0,67.6
USASPENDING_V1,USA,Consulting / research / audit,511210,my street tool.,1,578200.51,1.0,67.6
USASPENDING_V1,USA,Consulting / research / audit,541330,r&d task order for nga,1,1576156.05,1.0,67.6
USASPENDING_V1,USA,Consulting / research / audit,541714,"to award task order a-<n> in the amount of $<n>,<n>,<n>.",1,1550043.32,1.0,67.6
USASPENDING_V1,USA,Consulting / research / audit,541715,ew<n>-<n>  arizona board of regents,1,870466.0,1.0,67.6
USASPENDING_V1,USA,Consulting / research / audit,541715,the scope of this acquisition is to carry out and disseminate results of a study of facial recognition (fr) technologies,1,713630.1,1.0,67.6
USASPENDING_V1,USA,Consulting / research / audit,541850,igf::ot::igf,1,633463.33,1.0,67.6
USASPENDING_V1,USA,Consulting / research / audit,541715,"dha sbir sequential phase ii, proposal no. h<n>s-<n>, titled: ""developing an ideal first use agent to prevent sepsis in ",1,1300000.0,1.0,67.6
USASPENDING_V1,USA,Consulting / research / audit,541715,subsequent phase ii sbir - year <n>,1,1397477.74,1.0,67.6
USASPENDING_V1,USA,Consulting / research / audit,621511,virus genomics and human mobility reveal the patterns sars-cov-<n> spread,1,847345.0,1.0,67.6
USASPENDING_V1,USA,Consulting / research / audit,541611,cost-benefit analysis and technical advisory services,1,660000.2,1.0,67.6
USASPENDING_V1,USA,Consulting / research / audit,513210,phase ii sibp contract for continued development and sustainment of the battle managment training next initiative.,1,874599.0,1.0,67.6
USASPENDING_V1,USA,Consulting / research / audit,541715,"army small business innovation research (sbir) phase ii work entitled, hybrid thermoplastic matrix fabrication methods f",1,1899768.0,1.0,67.6
USASPENDING_V1,USA,Consulting / research / audit,541620,consulting services for msha/osrv division,1,751827.65,1.0,67.6
USASPENDING_V1,USA,Consulting / research / audit,541714,"chemical analysis services for us army research institute of environmental medicine (usariem) natick,ma",1,530116.4,1.0,67.6
USASPENDING_V1,USA,Consulting / research / audit,541990,research and development efforts on arbovirus and infectious diseases in thailand supporting afrims.,1,918789.82,1.0,67.6
USASPENDING_V1,USA,Consulting / research / audit,541715,national center of excellence for lng safety (center) regulatory coordination support and consulting,1,626863.47,1.0,67.6
USASPENDING_V1,USA,Consulting / research / audit,238210,"igf::ot::igf  lpgbs atct site survey at hou, houston, tx.",1,633912.33,1.0,67.6
USASPENDING_V1,USA,Consulting / research / audit,541715,opfor hierarchical al for field exercises and training demonstrations.,1,999498.0,1.0,67.6
USASPENDING_V1,USA,Consulting / research / audit,541715,"hermes sbir phase iii - nexceris, llc",1,560007.0,1.0,67.6
USASPENDING_V1,USA,Consulting / research / audit,541715,"igf::ot::igf army small business innovation research (sbir) phase ii entitled, ""efficient prediction of thermal stresses",1,999998.0,1.0,67.6
USASPENDING_V1,USA,Consulting / research / audit,541614,"nhanes statistical analysis services for us army research institute of environmental medicine (usariem), natick, ma",1,700000.4,1.0,67.6
USASPENDING_V1,USA,Consulting / research / audit,541715,telemetrak: c-<n> oble (on board loose equipment) detection to largely automate equipment inspections,1,1249998.0,1.0,67.6
USASPENDING_V1,USA,Consulting / research / audit,541715,sbir commercialization readiness program - weapons typing assessment,1,1441394.62,1.0,67.6
USASPENDING_V1,USA,Consulting / research / audit,236220,"david skaggs research center <n>b<n> server room conversion, <n> broadway boulder, co <n>-<n>",1,516269.52,1.0,67.6
USASPENDING_V1,USA,Consulting / research / audit,541715,sbir phase ii to innerspec technologies for proposal no. <n>-ph<n>-<n>-ii,1,895041.0,1.0,67.6
USASPENDING_V1,USA,Consulting / research / audit,541715,sbir/sttr phase ii r&d lightweight structural components of a missile body,1,979262.74,1.0,67.6
USASPENDING_V1,USA,Consulting / research / audit,541611,litigative consulting,1,647766.33,1.0,67.6
USASPENDING_V1,USA,Consulting / research / audit,541715,liquid apogee engine demonstration,1,1951482.0,1.0,67.6
USASPENDING_V1,USA,Consulting / research / audit,541715,sbir phase ii sequential,1,1149971.38,1.0,67.6
USASPENDING_V1,USA,Consulting / research / audit,541715,"the objective of this work is to continue to conduct research in areas of vehicle-track interaction, rolling contact fat",1,580000.0,1.0,67.6
USASPENDING_V1,USA,Consulting / research / audit,541715,implementation of preventive mental health for bright futures,1,525000.0,1.0,67.6
USASPENDING_V1,USA,Consulting / research / audit,541715,"sbir phase ii proposal number: o<n>-<n>, deep reinforcement learning for model training with simulated imagery",1,1580375.69,1.0,67.6
USASPENDING_V1,USA,Consulting / research / audit,541713,flow battery technology in support of electric flight,1,1298570.0,1.0,67.6
USASPENDING_V1,USA,Consulting / research / audit,541715,domain <n>-a<n> ww western region,1,1984908.0,1.0,67.6
USASPENDING_V1,USA,Consulting / research / audit,541720,"ns ari award on:  ""mitigating the impacts of personnel turnover for teams in the foe.""",1,747756.48,1.0,67.6
USASPENDING_V1,USA,Consulting / research / audit,541714,"nonclinical services - scale-up synthesis of apx<n>, a novel gwt<n> enzyme inhibitor in fungi",1,620124.91,1.0,67.6
USASPENDING_V1,USA,Consulting / research / audit,541715,suppressing trivial edge conductance in <n>d topological materials,1,678378.02,1.0,67.6
USASPENDING_V1,USA,Consulting / research / audit,541715,sequential sbir phase ii creare low-swap powered air purifying respirator (papr),1,1315154.78,1.0,67.6
USASPENDING_V1,USA,Consulting / research / audit,519130,breely crush publishing study guides,1,596849.0,1.0,67.6
USASPENDING_V1,USA,Consulting / research / audit,541611,sme support for paccarb federal advisory committee,1,665704.4,1.0,67.6
USASPENDING_V1,USA,Consulting / research / audit,541715,"small business innovative research program, phase ii, under topic number a<n>-d<n>, to procure a non-personnel services ",1,1099824.9,1.0,67.6
USASPENDING_V1,USA,Consulting / research / audit,541715,sbir/sttr phase ii r&d - lightweight multifunctional components for next-gen kill vehicles (<n>-<n>),1,1694025.05,1.0,67.6
USASPENDING_V1,USA,Consulting / research / audit,541512,tamuct labor,1,917897.0,1.0,67.6
USASPENDING_V1,USA,Consulting / research / audit,561920,order issued to procure advisory board meeting preparation and logistical assistance (abmpla) services for the departmen,1,811515.14,1.0,67.6
USASPENDING_V1,USA,Consulting / research / audit,541990,develop floatingflame refluxer system,1,854077.0,1.0,67.6
USASPENDING_V1,USA,Consulting / research / audit,541715,"award of nanomatronix's dha sbir sequential phase ii medical r&d contract for ""the ambit platform: an in vitro system fo",1,1099993.64,1.0,67.6
USASPENDING_V1,USA,Consulting / research / audit,541715,"sttr phase ii contract with assured information security, inc.",1,1800000.0,1.0,67.6
USASPENDING_V1,USA,Consulting / research / audit,541380,mash project,1,841990.0,1.0,67.6
USASPENDING_V1,USA,Consulting / research / audit,541715,"intellisense systems, inc  sbir phase ii",1,1080768.98,1.0,67.6
USASPENDING_V1,USA,Consulting / research / audit,541611,"support of meetings of the federal insecticide, fungicide, and rodenticide act (fifra) scientific advisory panel (sap) a",1,603162.06,1.0,67.6
USASPENDING_V1,USA,Consulting / research / audit,541715,sudden death in the young case registry (sdy) - data coordinating center biospecimen and consent activities (dcc),1,1647094.46,1.0,67.6
USASPENDING_V1,USA,Consulting / research / audit,541712,advanced computing for space applications,1,798220.0,1.0,67.6
USASPENDING_V1,USA,Consulting / research / audit,541690,igf::ot::igf microbenet scinetific services,1,1913919.36,1.0,67.6
USASPENDING_V1,USA,Consulting / research / audit,541715,klaw industries llc phase ii award under topic <n>-fh<n>: carbonated recycled concrete aggregate,1,600000.0,1.0,67.6
USASPENDING_V1,USA,Consulting / research / audit,541714,phase iii sbir contract,1,1869179.74,1.0,67.6
USASPENDING_V1,USA,Consulting / research / audit,541990,this is a new labor hour task order to provide standards deployment technical support.,1,522324.17,1.0,67.6
USASPENDING_V1,USA,Consulting / research / audit,561790,"metss sbir ii proposal l<n>-<n> entitled ""lubricating oil study"".",1,1599977.0,1.0,67.6
USASPENDING_V1,USA,Consulting / research / audit,541611,fy<n> contract support for law enforcement study,1,726291.0,1.0,67.6
USASPENDING_V1,USA,Consulting / research / audit,541715,"boat, if more information is required, please contact the co/cs directly.",1,743822.0,1.0,67.6
USASPENDING_V1,USA,Consulting / research / audit,541612,naf benefits consulting services,1,1499063.88,1.0,67.6
USASPENDING_V1,USA,Consulting / research / audit,611430,suicide prevention research,1,630336.0,1.0,67.6
USASPENDING_V1,USA,Consulting / research / audit,541714,"the common perception that a label of 'natural' ensures safety, the unpleasant episodes and side effects associated with",1,1599513.0,1.0,67.6
USASPENDING_V1,USA,Consulting / research / audit,541519,bcat <n>/research and advisory services (ras) licenses,1,843920.0,1.0,67.6
USASPENDING_V1,USA,Consulting / research / audit,541330,high-resolution tactile fingertip for intelligent grasping,1,1249993.95,1.0,67.6
USASPENDING_V1,USA,Consulting / research / audit,541715,advanced non-eroding components for rotating detonation rocket engines,1,1249910.0,1.0,67.6
USASPENDING_V1,USA,Consulting / research / audit,541715,kickoff meeting/progress report #<n>,1,843801.0,1.0,67.6
USASPENDING_V1,USA,Consulting / research / audit,541715,serum repository,1,737425.0,1.0,67.6
USASPENDING_V1,USA,Consulting / research / audit,541715,sbir phase ii - development of versatile wafer probe system for high power devices,1,1097928.17,1.0,67.6
USASPENDING_V1,USA,Consulting / research / audit,541715,<n>authority  sbir phase ii award resultant from dod <n>.<n> sbir solicitation topic# a<n>-<n> with <n>.<n> baa proposal,1,1749865.53,1.0,67.6
USASPENDING_V1,USA,Consulting / research / audit,541715,chemical sterilant solution for use in austere environments that sterilizes surgical instruments and other materiel thro,1,1949995.27,1.0,67.6
USASPENDING_V1,USA,Consulting / research / audit,541715,"new darpa sbir phase ii contract entitled, ""hermes:  hardware attacks evaluation, resilience and mitigation in exemplar ",1,1799998.84,1.0,67.6
USASPENDING_V1,USA,Consulting / research / audit,541519,nidcr connective tissue research specialist technical resource services,1,525851.25,1.0,67.6
USASPENDING_V1,USA,Consulting / research / audit,541715,collaborative operations with maritime platforms in autonomous swarms (compass) - navy sbir direct to phase ii,1,999985.0,1.0,67.6
USASPENDING_V1,USA,Consulting / research / audit,541715,high temperature application for zinc nickel plating chemistries.,1,1399559.15,1.0,67.6
USASPENDING_V1,USA,Consulting / research / audit,541715,the scope of this contract is to develop a metamaterial-based imaging sensor operating in the w-band portion of the mill,1,1095229.86,1.0,67.6
USASPENDING_V1,USA,Consulting / research / audit,541715,"small business innovative research phase ii proposal l<n>-<n>  titled ""develop and demonstrate improved transparent armo",1,999925.0,1.0,67.6
USASPENDING_V1,USA,Consulting / research / audit,334511,combat identification study.,1,1578084.0,1.0,67.6
USASPENDING_V1,USA,Consulting / research / audit,541715,"new contract $<n>,<n>.<n> for blast effects analysis tools development for commercial composite aircraft",1,1006361.44,1.0,67.6
USASPENDING_V1,USA,Consulting / research / audit,541512,streamline process and enhance new drug review services,1,1189125.49,1.0,67.6
USASPENDING_V1,USA,Consulting / research / audit,541990,intelligent transportation systems joint program office safety program technical support services,1,875942.69,1.0,67.6
USASPENDING_V1,USA,Consulting / research / audit,541715,sbir/sttr phase ii r&d: onboard flash compensation for exoatmospheric kill vehicles.,1,1474440.0,1.0,67.6
USASPENDING_V1,USA,Consulting / research / audit,336411,ew pod study for isr,1,1963587.0,1.0,67.6
USASPENDING_V1,USA,Consulting / research / audit,541715,small business innovation research phase iii,1,1966124.84,1.0,67.6
USASPENDING_V1,USA,Consulting / research / audit,541611,operational research analysis support services,1,1118110.08,1.0,67.6
USASPENDING_V1,USA,Consulting / research / audit,541712,igf::ot::igf quality assurance/ quality control (qa/qc),1,1220375.95,1.0,67.6
USASPENDING_V1,USA,Consulting / research / audit,541519,research and advisory services fy<n>,1,854221.5,1.0,67.6
USASPENDING_V1,USA,Consulting / research / audit,541715,variable geometry inlet study,1,1499882.0,1.0,67.6
USASPENDING_V1,USA,Consulting / research / audit,541330,base year - (labor),1,1496242.8,1.0,67.6
USASPENDING_V1,USA,Consulting / research / audit,541715,dietary protein intake requirements the effect of protein intake on health,1,1050000.0,1.0,67.6
USASPENDING_V1,USA,Consulting / research / audit,541715,multi-functional advanced electromagnetic composite structures,1,891885.0,1.0,67.6
USASPENDING_V1,USA,Consulting / research / audit,541715,sbir/sttr phase ii r&d - hybrid battery supercapacitor for space applications,1,1873366.0,1.0,67.6
USASPENDING_V1,USA,Consulting / research / audit,541715,new darpa sbir ii - artificial social intelligence (asi) for group learning and optimization of collaborative workflows ,1,1499967.88,1.0,67.6
USASPENDING_V1,USA,Consulting / research / audit,541715,"darpa sbir phase ii titled, process development for cross mode coupling of optical fibers",1,999686.0,1.0,67.6
USASPENDING_V1,USA,Consulting / research / audit,541990,"darpa new concept/program development seta effort to provide support to the tactical technology office in developing, as",1,1957069.07,1.0,67.6
USASPENDING_V1,USA,Consulting / research / audit,541715,phase ii year <n>,1,1099998.6,1.0,67.6
USASPENDING_V1,USA,Consulting / research / audit,541715,sequential phase ii tacfi:<n>d to <n>d analysis and digital conversion platform,1,749989.87,1.0,67.6
USASPENDING_V1,USA,Consulting / research / audit,541712,igf::ot::igf - dedicated pediatric cardiac mri receive coils sbir phase ii - rfp no. phs <n>-<n> topic no. <n>,1,596112.55,1.0,67.6
USASPENDING_V1,USA,Consulting / research / audit,541715,simplified intelligent augmented reality for nondestructive evaluation (nde) in enclosed or constrained access locations,1,1499889.29,1.0,67.6
USASPENDING_V1,USA,Consulting / research / audit,541715,sbir phase ii topic a<n>-<n> for fast multi-domain battle simulator for ai/ml,1,1099422.79,1.0,67.6
USASPENDING_V1,USA,Consulting / research / audit,541715,dha sequential phase ii award - tacrolimus at-home saliva test (tast),1,1299212.29,1.0,67.6
USASPENDING_V1,USA,Consulting / research / audit,541611,"lower hudson river recreational fishing count study, hudson river nrdar case.",1,661288.02,1.0,67.6
USASPENDING_V1,USA,Consulting / research / audit,541715,medical research and development contract sbir <n>nd phase iii proposal no. <n>-<n>-<n> titled vision and intelligence s,1,1733679.33,1.0,67.6
USASPENDING_V1,USA,Consulting / research / audit,541715,autonodyne swarm demonstration small business innovative research phase iii,1,521158.98,1.0,67.6
USASPENDING_V1,USA,Consulting / research / audit,541611,new purchase order award to mallory & associated for a subject matter expert and advisory consultant to support the offi,1,532060.0,1.0,67.6
USASPENDING_V1,USA,Consulting / research / audit,541519,mocas cs rad technical study,1,993190.8,1.0,67.6
USASPENDING_V1,USA,Consulting / research / audit,541715,sbir phase ii research and development: solid state high power amplifiers,1,1992904.0,1.0,67.6
USASPENDING_V1,USA,Consulting / research / audit,541715,small business innovation research (sbir) program phase ii research.,1,1299923.75,1.0,67.6
USASPENDING_V1,USA,Consulting / research / audit,493190,"s<n> - warehouse and mailroom services to support epa-research triangle park (rtp) campus, durham, nc",1,974360.16,1.0,67.6
USASPENDING_V1,USA,Consulting / research / audit,541519,doi mining governance consulting services for the philippines,1,827209.6,1.0,67.6
USASPENDING_V1,USA,Consulting / research / audit,541715,sbir phase ii research&development,1,1486302.0,1.0,67.6
USASPENDING_V1,USA,Consulting / research / audit,541330,virtual interactive training & assessment system (vitas),1,1300079.0,1.0,67.6
USASPENDING_V1,USA,Consulting / research / audit,325411,manufacture of <n> gn of cgmp pth-ia,1,1008667.73,1.0,67.6
USASPENDING_V1,USA,Consulting / research / audit,541715,the hacm program requires a blow-down wind tunnel facility capable of matching altitude versus velocity conditions.,1,774311.13,1.0,67.6
USASPENDING_V1,USA,Consulting / research / audit,519290,readers advisory subscription,1,617680.0,1.0,67.6
USASPENDING_V1,USA,Consulting / research / audit,511210,esri consulting services,1,562048.91,1.0,67.6
USASPENDING_V1,USA,Consulting / research / audit,333242,one (<n>) advance research atomic-layer deposition (ald) system with remote inductively-coupled plasma (icp) source and ,1,699960.0,1.0,67.6
USASPENDING_V1,USA,Consulting / research / audit,541720,research and development influences on enlisted soldier career progression,1,622496.82,1.0,67.6
USASPENDING_V1,USA,Consulting / research / audit,541712,igf::ot::igf  technology transitioning of phase ii scalable adaptive fiber-array elements (safare),1,1699618.88,1.0,67.6
USASPENDING_V1,USA,Consulting / research / audit,541715,small business innovative research (sbir) phase iii to develop a miniature long-wave infrared multi-spectral imaging ins,1,1502997.96,1.0,67.6
USASPENDING_V1,USA,Consulting / research / audit,541211,audit services of air carrier worker support certifications under the department of the treasury's payroll support progr,1,1618138.27,1.0,67.6
USASPENDING_V1,USA,Consulting / research / audit,541715,"medical research and development contract dha sbir ph ii, proposal no. h<n>s-<n>, titled: ""gw-tt<n>, a new drug product ",1,1949999.26,1.0,67.6
USASPENDING_V1,USA,Consulting / research / audit,541715,small business innovation research (sbir) phase iii proposal titled (compact lightweight motor-generator system for futu,1,995953.2,1.0,67.6
USASPENDING_V1,USA,Consulting / research / audit,541715,to generate technical data to populate material file libraries for non-traditional chemical warfare agents and other pri,1,575372.07,1.0,67.6
USASPENDING_V1,USA,Consulting / research / audit,541715,tasks <n> and <n>,1,894500.0,1.0,67.6
USASPENDING_V1,USA,Consulting / research / audit,541512,naturalistic voice command with manned-unmanned teaming capability,1,985548.76,1.0,67.6
USASPENDING_V1,USA,Consulting / research / audit,541720,study of the condition of public library and museum facilities.,1,1229733.68,1.0,67.6
USASPENDING_V1,USA,Consulting / research / audit,541990,this task order is to support maintenance/repairfor the office of research and development research vehicles.,1,1407067.37,1.0,67.6
USASPENDING_V1,USA,Consulting / research / audit,541715,baa el-<n>-<n> research services for the project titled automated injection of peroxide-based algaecid,1,1657836.0,1.0,67.6
USASPENDING_V1,USA,Consulting / research / audit,541611,executive advisory services_advisory and assistance service contract,1,1576292.4,1.0,67.6
USASPENDING_V1,USA,Consulting / research / audit,611310,instituional review board services,1,1829808.0,1.0,67.6
USASPENDING_V1,USA,Consulting / research / audit,541720,record-based research and information retrieval support services,1,541733.0,1.0,67.6
USASPENDING_V1,USA,Consulting / research / audit,541715,the objective of this task order is to obtain technical assistance with relevant data and its interpretation of potentia,1,513941.26,1.0,67.6
USASPENDING_V1,USA,Consulting / research / audit,541715,dha phase ii sbir,1,1099980.37,1.0,67.6
USASPENDING_V1,USA,Consulting / research / audit,541715,"r&d services, travel, odc - (base)  automated methods of scoring divergent thinking tasks",1,753337.0,1.0,67.6
USASPENDING_V1,USA,Consulting / research / audit,541715,experimental evaluation of effect of surface finish and wheel/rail profile and their influence on risk of derailment,1,560759.74,1.0,67.6
USASPENDING_V1,USA,Consulting / research / audit,541715,human-agent system-intelligence activities (has-ia) testbed,1,999970.0,1.0,67.6
USASPENDING_V1,USA,Consulting / research / audit,541715,irvine sensors corporation sbir phase ii,1,987424.06,1.0,67.6
USASPENDING_V1,USA,Consulting / research / audit,541519,tacfi,1,1697706.6,1.0,67.6
USASPENDING_V1,USA,Consulting / research / audit,336411,research and development of specialized electronic warfar equipment,1,508736.0,1.0,67.6
USASPENDING_V1,USA,Consulting / research / audit,561611,hurricane maria mortality investigations,1,1175940.54,1.0,67.6
USASPENDING_V1,USA,Consulting / research / audit,541715,sbir/sttr phase ii r&d - development of lyocell-based high temperature composites for structural insulator applications,1,998111.0,1.0,67.6
USASPENDING_V1,USA,Consulting / research / audit,541715,small business innovation research sequential phase ii for composite binder enabling higher propellant loading and perfo,1,1899733.0,1.0,67.6
USASPENDING_V1,USA,Consulting / research / audit,541712,base year beam <n>g optics baa proposal igf::ot::igf,1,1315359.18,1.0,67.6
USASPENDING_V1,USA,Consulting / research / audit,541990,opiod research support services,1,1369954.66,1.0,67.6
USASPENDING_V1,USA,Consulting / research / audit,561320,cdc synergy labor support,1,1595008.96,1.0,67.6
USASPENDING_V1,USA,Consulting / research / audit,541715,sbir d<n>p<n> - af<n>-d<n> awards for enhanced sensor for characterizing radome health,1,1399999.99,1.0,67.6
USASPENDING_V1,USA,Consulting / research / audit,541715,"rc<n>-<n> fy<n> serdp funds, $<n>,<n>.<n>",1,1999772.0,1.0,67.6
USASPENDING_V1,USA,Consulting / research / audit,541715,"see non-proprietary statement of work titled, modular total environmental sensor pod (motes) refinement",1,869935.64,1.0,67.6
USASPENDING_V1,USA,Consulting / research / audit,541715,private astronaut mission to the iss ax-<n>,1,1047742.0,1.0,67.6
USASPENDING_V1,USA,Consulting / research / audit,541715,sbir iii expeditionary gray wastewater technology maturation follow on to fa<n>-<n>-p-<n>,1,1645350.0,1.0,67.6
USASPENDING_V1,USA,Consulting / research / audit,541715,"sbir phase ii research & development services with twenty-eight (<n>) months period of performance, consisting of a four",1,1700000.0,1.0,67.6
USASPENDING_V1,USA,Consulting / research / audit,541715,"""avilution"" sbir phase ii sequential",1,1090099.58,1.0,67.6
USASPENDING_V1,USA,Consulting / research / audit,541715,nadacs deployment support,1,783762.52,1.0,67.6
USASPENDING_V1,USA,Consulting / research / audit,541715,hydrogel embedded dexamethasone support,1,715719.0,1.0,67.6
USASPENDING_V1,USA,Consulting / research / audit,621399,lead site optional task <n>: babies covid-<n> vaccination,1,970063.0,1.0,67.6
USASPENDING_V1,USA,Consulting / research / audit,541715,collaborative localization and secure data management to enable combat search and rescue / personal recovery (csar/pr) i,1,750000.0,1.0,67.6
USASPENDING_V1,USA,Consulting / research / audit,541715,fy<n> sbir phase ii - cpff contract - intelligent automation inc,1,1099999.99,1.0,67.6
USASPENDING_V1,USA,Consulting / research / audit,541715,spectural path atmospheric transmillance system (spats),1,1499924.93,1.0,67.6
USASPENDING_V1,USA,Consulting / research / audit,541715,adaptive distributed allocation of probabilistic tasks,1,1799967.0,1.0,67.6
USASPENDING_V1,USA,Consulting / research / audit,541715,"army small business innovation research (sbir) phase ii effort entitled, ""variable pulsewidth laser""",1,1109992.48,1.0,67.6
USASPENDING_V1,USA,Consulting / research / audit,541715,a mineral lick to white tailed deer to systematically control black legged ticks&reduce lyme disease,1,570428.55,1.0,67.6
USASPENDING_V1,USA,Consulting / research / audit,541990,sustaining established participant advisory board for the connect for cancer prevention study base task order,1,1475544.0,1.0,67.6
USASPENDING_V1,USA,Consulting / research / audit,541330,hardware modeler replacement for digital device simulation,1,1193792.54,1.0,67.6
USASPENDING_V1,USA,Consulting / research / audit,541715,"optically-pumped, low-noise, high-power semiconductor optical amplifiers",1,1149998.32,1.0,67.6
USASPENDING_V1,USA,Consulting / research / audit,541715,"funding for: tacfi evitado usa, llc py<n>.<n> proposal number: f<n>-<n>topic number: afx<n>-cs<n> estimated period of pe",1,1998522.1,1.0,67.6
USASPENDING_V1,USA,Consulting / research / audit,334519,f-<n> theodolite,1,708175.0,1.0,67.6
USASPENDING_V1,USA,Consulting / research / audit,541380,nextgen sequencing services,1,1062300.0,1.0,67.6
USASPENDING_V1,USA,Consulting / research / audit,236220,"perform tenant improvements to <n>c<n>, <n>c<n>, <n>c<n>, <n>c<n>, <n>c<n>, and <n>c<n> at the david skaggs research cen",1,796165.0,1.0,67.6
USASPENDING_V1,USA,Consulting / research / audit,511210,advisor services and enterprise consulting services (esri contract),1,602206.67,1.0,67.6
USASPENDING_V1,USA,Consulting / research / audit,541710,new task order against treasury ffrdc contract (tirno<n>d<n>) - mitre corp - treasury ffm & hhs grm mgmt advisory suppor,1,1732007.0,1.0,67.6
USASPENDING_V1,USA,Consulting / research / audit,541715,leverage building information model interoperability tools research and development for the environmental laboratory  u<,1,730000.0,1.0,67.6
USASPENDING_V1,USA,Consulting / research / audit,541611,navy wcf study,1,1506130.92,1.0,67.6
USASPENDING_V1,USA,Consulting / research / audit,621399,cisa covid adult study jhu,1,1030447.0,1.0,67.6
USASPENDING_V1,USA,Consulting / research / audit,541715,next generation additively manufactured exhaust control duct enabling hypersonic affordability,1,1649958.0,1.0,67.6
USASPENDING_V1,USA,Consulting / research / audit,541715,dla ai coe discovery and implementation study,1,725602.67,1.0,67.6
USASPENDING_V1,USA,Consulting / research / audit,541715,"optowares, inc. sbir phase ii award under topic <n>-fh<n>",1,999914.6,1.0,67.6
USASPENDING_V1,USA,Consulting / research / audit,541715,systematic evidence reviews to support the uspstf - healthy diet and physical activity,1,1226750.0,1.0,67.6
USASPENDING_V1,USA,Consulting / research / audit,325414,eskapee pathogens antigen research and development services,1,1264126.01,1.0,67.6
USASPENDING_V1,USA,Consulting / research / audit,541611,post bachelors research assistant level <n> position,1,981402.64,1.0,67.6
USASPENDING_V1,USA,Consulting / research / audit,541330,ksu cabin air quality <n>,1,1077112.0,1.0,67.6
USASPENDING_V1,USA,Consulting / research / audit,541511,web based mobile application,1,873607.4,1.0,67.6
USASPENDING_V1,USA,Consulting / research / audit,541715,a new vhf embedded resistive materials measurement system,1,1249190.0,1.0,67.6
USASPENDING_V1,USA,Consulting / research / audit,327215,phase ii sbir,1,1899915.04,1.0,67.6
USASPENDING_V1,USA,Consulting / research / audit,541715,proposal d<n>-<n> in response to advanced microelectromechanical systems wall shear stress sensors for fully resolved sk,1,1010780.0,1.0,67.6
USASPENDING_V1,USA,Consulting / research / audit,541711,therapeutics testing in murine models of fungal infections task order a<n> base award multiple cans,1,591658.0,1.0,67.6
USASPENDING_V1,USA,Consulting / research / audit,518210,low income housing tax credit (lihtc) data collection assistance.  igf::ot::igf,1,1199897.35,1.0,67.6
USASPENDING_V1,USA,Consulting / research / audit,541715,small business innovative research phase ii-guided operational logging of digital records,1,1499992.0,1.0,67.6
USASPENDING_V1,USA,Consulting / research / audit,541714,research and development for multiplexing crispr-cas<n>a for an at-home viral diagnostic for aoi #<n>b: enabling technol,1,508865.04,1.0,67.6
USASPENDING_V1,USA,Consulting / research / audit,541715,development of a <n> newton af-m<n>e green monopropellant thruster-valve assembly,1,1499977.59,1.0,67.6
USASPENDING_V1,USA,Consulting / research / audit,541611,clinical research services,1,502304.0,1.0,67.6
USASPENDING_V1,USA,Consulting / research / audit,541712,igf::ot::igf a phase i dose escalation study of topical bexarotene in women at high risk for breast cancer,1,556189.33,1.0,67.6
USASPENDING_V1,USA,Consulting / research / audit,541990,task order under boa contract no. <n>rsat<n>g<n>,1,1622181.0,1.0,67.6
USASPENDING_V1,USA,Consulting / research / audit,238210,igf::ot::igf site survey for bos atct cpds,1,733399.95,1.0,67.6
USASPENDING_V1,USA,Consulting / research / audit,541715,f<n>d-<n> sbir phase iib - ji-joe: digital joint inspection for global readiness,1,1899995.54,1.0,67.6
USASPENDING_V1,USA,Consulting / research / audit,541715,<n> dimensional modeling in global positioning system denied environments,1,909715.15,1.0,67.6
USASPENDING_V1,USA,Consulting / research / audit,336411,mass production of unmanned aircraft systems (uas),1,1865202.9,1.0,67.6
USASPENDING_V1,USA,Consulting / research / audit,541715,detect and avoid (daa) enabling unmanned aerial systems (uas) autonomy,1,749695.0,1.0,67.6
USASPENDING_V1,USA,Consulting / research / audit,541715,"sbir phase ii self-healing, self-cleaning optical coatings",1,1153700.08,1.0,67.6
USASPENDING_V1,USA,Consulting / research / audit,541715,award of r&d dha phase ii sbir to technology holding for project titled development of human monoclonal antibody therape,1,1099025.87,1.0,67.6
USASPENDING_V1,USA,Consulting / research / audit,541715,"nrm program data, process, and tool improvements u<n>a<n>",1,864600.0,1.0,67.6
USASPENDING_V1,USA,Consulting / research / audit,541715,"the objective of the cease-<n> for us/uk pa effort is to build, test, calibrate and deliver a cease-<n> sensor to the sp",1,830000.0,1.0,67.6
USASPENDING_V1,USA,Consulting / research / audit,541720,future environment igf::ot::igf,1,1005481.67,1.0,67.6
USASPENDING_V1,USA,Consulting / research / audit,541611,"office of planning, research, and evaluation (opre) survey on use of native american languages in the united states",1,590462.0,1.0,67.6
USASPENDING_V1,USA,Consulting / research / audit,541330,"contractor support in the areas of program management, research, technical writing, and subject matter expertise in supp",1,995869.64,1.0,67.6
USASPENDING_V1,USA,Consulting / research / audit,541715,"army small business technology transfer(sttr) program for the effort entitled ""provably unclonable functions on reconfig",1,1129215.6,1.0,67.6
USASPENDING_V1,USA,Consulting / research / audit,541712,igf::ot::igf : synthesis and distribution of opioid and related peptides. period of performance: <n>/<n>/<n>-<n>/<n>/<n>,1,1471282.57,1.0,67.6
USASPENDING_V1,USA,Consulting / research / audit,334510,research equipment upgrade,1,695000.0,1.0,67.6
USASPENDING_V1,USA,Consulting / research / audit,541611,diligence and risk assessment services to provide effective due diligence and risk assessments to support funded researc,1,569122.44,1.0,67.6
USASPENDING_V1,USA,Consulting / research / audit,541712,igf::ot::igf high altitude characterization experiment,1,1058911.0,1.0,67.6
USASPENDING_V1,USA,Consulting / research / audit,541715,optically tuned nanoshell electromagnetic liquid mirror,1,1989611.0,1.0,67.6
USASPENDING_V1,USA,Consulting / research / audit,541620,robotic assistive smart touch inspection,1,660493.0,1.0,67.6
USASPENDING_V1,USA,Consulting / research / audit,813212,"broad agency announcement: fdavaa-<n>-<n>-a<n> "" a systems-based approach to patient-focused research and product develo",1,1464208.71,1.0,67.6
USASPENDING_V1,USA,Consulting / research / audit,541715,new darpa sbir phase ii contract solicitation hr<n>s<n>-<n>,1,1464644.87,1.0,67.6
USASPENDING_V1,USA,Consulting / research / audit,541715,baa - secure advance framework for simulation and modeling (safe-sim) constructor,1,1999988.0,1.0,67.6
USASPENDING_V1,USA,Consulting / research / audit,541620,risk reduction and preparedness strategy and coordination for the national ocean service,1,1110404.92,1.0,67.6
USASPENDING_V1,USA,Consulting / research / audit,541715,new contract for smiths detection characterization study,1,1028862.2,1.0,67.6
USASPENDING_V1,USA,Consulting / research / audit,236220,igf::cl::igf,1,615911.93,1.0,67.6
USASPENDING_V1,USA,Consulting / research / audit,541715,research and development of reliable gyromagnetic non-linear transmission lines (gnltl) at x-band.,1,1323976.0,1.0,67.6
USASPENDING_V1,USA,Consulting / research / audit,541330,research study,1,947022.0,1.0,67.6
USASPENDING_V1,USA,Consulting / research / audit,541611,base labor prims,1,761196.89,1.0,67.6
USASPENDING_V1,USA,Consulting / research / audit,541690,gulf of maine - aerial survey for protected species,1,1346155.0,1.0,67.6
USASPENDING_V1,USA,Consulting / research / audit,541519,itar-<n>-<n>       sli  <n> sfy<n> gartner research advisory services subscription,1,915422.0,1.0,67.6
USASPENDING_V1,USA,Consulting / research / audit,485112,for court-wide commuter option  program with wmata for fy <n> pop  <n>/<n>/<n> - <n>/<n>/<n>.,1,505000.0,1.0,67.6
USASPENDING_V1,USA,Consulting / research / audit,541715,r&d acquisition to develop a process for qualifying chalcogenide optical materials to substitute for germanium.,1,504000.0,1.0,67.6
USASPENDING_V1,USA,Consulting / research / audit,541712,::igf::ot::igf dod mentor-protege (mp) program- year <n>,1,1390000.0,1.0,67.6
USASPENDING_V1,USA,Consulting / research / audit,541715,conduct study p<n>-a,1,1216423.0,1.0,67.6
USASPENDING_V1,USA,Consulting / research / audit,541611,grants mgmt & research support svcs,1,850925.15,1.0,67.6
USASPENDING_V1,USA,Consulting / research / audit,541715,"small business innovation research (sbir), topic# a<n>-<n>, ""soldiersynch""  this contract continues the effort conducted",1,1896566.35,1.0,67.6
USASPENDING_V1,USA,Consulting / research / audit,541712,"igf::ot::igf  army sbir phase ii entitled, ""lifetime prediction of hybrid supercapacitor-battery devices in operating an",1,999999.61,1.0,67.6
USASPENDING_V1,USA,Consulting / research / audit,541715,laboratory research technician services,1,703965.78,1.0,67.6
USASPENDING_V1,USA,Consulting / research / audit,541714,research services contract for the project an assessment of open access audio of the clinical encounter on veterans and ,1,671112.0,1.0,67.6
USASPENDING_V1,USA,Consulting / research / audit,541990,dco tvs provide consulting and advisory services,1,553725.92,1.0,67.6
USASPENDING_V1,USA,Consulting / research / audit,541715,"sbir phase ii a<n>-<n>, a<n>-<n>-<n>.",1,997726.39,1.0,67.6
USASPENDING_V1,USA,Consulting / research / audit,336411,mum-t tasks,1,1996740.0,1.0,67.6
USASPENDING_V1,USA,Consulting / research / audit,541715,veterinary medicine support services,1,638538.03,1.0,67.6
USASPENDING_V1,USA,Consulting / research / audit,541715,sequential phase ii sbir research,1,889615.28,1.0,67.6
USASPENDING_V1,USA,Consulting / research / audit,511120,electronic tax research services,1,717511.98,1.0,67.6
USASPENDING_V1,USA,Consulting / research / audit,541715,"uht study ii - if more information is needed, please contact the co directly.",1,986549.79,1.0,67.6
USASPENDING_V1,USA,Consulting / research / audit,541715,the purpose of this action is to award a firm fixed price contract associated with baa topic s<n>,1,1854506.0,1.0,67.6
USASPENDING_V1,USA,Consulting / research / audit,541715,radical improvements in personnel performance through enhanced development (ripped),1,1802431.0,1.0,67.6
USASPENDING_V1,USA,Consulting / research / audit,541715,"sttr ii manufacture of accurate, dual-sided, capacitive sheets",1,1238227.0,1.0,67.6
USASPENDING_V1,USA,Consulting / research / audit,541690,"mid-atlantic protected species aerial survey off the coasts of virginia, maryland, delaware, and new jersey",1,1551718.91,1.0,67.6
USASPENDING_V1,USA,Consulting / research / audit,561612,"contractor will complete a site survey at each location to determine what is currently implemented, areas of focus on ca",1,745788.89,1.0,67.6
USASPENDING_V1,USA,Consulting / research / audit,541715,the office of the undersecretary of defense (personnel and readiness) robotics and autonomous systems (ras) training stu,1,599731.41,1.0,67.6
USASPENDING_V1,USA,Consulting / research / audit,541715,igf::ot::igf - physiologically-based model of the female reproductive tract: vaginal and intrauterine delivery component,1,794505.55,1.0,67.6
USASPENDING_V1,USA,Consulting / research / audit,541715,"new darpa sbir phase ii contract entitled, additive manufacturing of functionally graded parts for high performance appl",1,1799999.8,1.0,67.6
USASPENDING_V1,USA,Consulting / research / audit,541720,parent plus loans: how has borrowing and subsequent repayment changed over time?,1,1923452.0,1.0,67.6
USASPENDING_V1,USA,Consulting / research / audit,541712,"igf::ot::igf  sbir phase ii - mach i, inc",1,999532.95,1.0,67.6
USASPENDING_V1,USA,Consulting / research / audit,541715,v-band transmit phased array for satcom downlinks,1,747037.0,1.0,67.6
USASPENDING_V1,USA,Consulting / research / audit,541512,technical advisory services,1,1917600.0,1.0,67.6
USASPENDING_V1,USA,Consulting / research / audit,541715,sbir/sttr second phase ii r&d:  scaled and optimized internally cooled window.,1,1617813.0,1.0,67.6
USASPENDING_V1,USA,Consulting / research / audit,562910,---------- comments: conduct pilot study to determine the feasibility and effectiveness of the nano bubble ozone technol,1,1080247.0,1.0,67.6
USASPENDING_V1,USA,Consulting / research / audit,541990,"development of an online, interactive vehicle-to-everything (v<n>x) deployment map",1,994963.82,1.0,67.6
USASPENDING_V1,USA,Consulting / research / audit,541512,ai consulting,1,576272.14,1.0,67.6
USASPENDING_V1,USA,Consulting / research / audit,541611,igf::ot::igf fy<n> - acf - opre - researching coaching and identifying practices in ece settings,1,714995.93,1.0,67.6
USASPENDING_V1,USA,Consulting / research / audit,562111,the purpose of this purchase order is for ecology services to continue services from prior contract #hhsn<n>i  period of,1,506073.28,1.0,67.6
USASPENDING_V1,USA,Consulting / research / audit,541712,modeling econ baa-base period,1,1468247.0,1.0,67.6
USASPENDING_V1,USA,Consulting / research / audit,541715,research and development of small high-speed amphibious role-variant craft (s.h.a.r.c.),1,1200000.0,1.0,67.6
USASPENDING_V1,USA,Consulting / research / audit,541611,igf::ot::igf consulting services,1,534830.64,1.0,67.6
USASPENDING_V1,USA,Consulting / research / audit,541712,igf::ct::igf research&development (r&d),1,1353318.36,1.0,67.6
USASPENDING_V1,USA,Consulting / research / audit,541720,impact study of strategies to accelerate math learning: phase ii activities.,1,702073.03,1.0,67.6
USASPENDING_V1,USA,Consulting / research / audit,541715,luna lab's phase ii sbir-base,1,1099996.85,1.0,67.6
USASPENDING_V1,USA,Consulting / research / audit,541715,bottom-up scalable epitaxial growth of gallium oxide with intergrated thermal management for next-gen electronics,1,1249872.0,1.0,67.6
USASPENDING_V1,USA,Consulting / research / audit,541715,deep model-based reinforcement learning for collaborative autonomous weapons,1,1592988.0,1.0,67.6
USASPENDING_V1,USA,Consulting / research / audit,541715,fy<n> serdp er<n>-<n> gsi,1,1215615.0,1.0,67.6
USASPENDING_V1,USA,Consulting / research / audit,327212,other pressed and blown glass and glassware manufacturing,1,776602.35,1.0,67.6
USASPENDING_V1,USA,Consulting / research / audit,541715,darpa sttr phase ii titled vanessa,1,1796484.84,1.0,67.6
USASPENDING_V1,USA,Consulting / research / audit,541511,igf::ot::igf nucsim code maintenance for assistant deputy for stockpile management - na-<n>,1,796634.17,1.0,67.6
USASPENDING_V1,USA,Consulting / research / audit,541715,"ph ii sequential sttr with cornerstone research group, inc.",1,1362980.53,1.0,67.6
USASPENDING_V1,USA,Consulting / research / audit,541990,the purpose of this effort is to award the strategic funding increase to planetiq.,1,1513913.0,1.0,67.6
USASPENDING_V1,USA,Consulting / research / audit,541611,mda hq integrated consulting services,1,880361.28,1.0,67.6
USASPENDING_V1,USA,Consulting / research / audit,561990,"non-personal support service for administrative and logistics at the walter reed army institute of research (wrair), sil",1,1081663.22,1.0,67.6
USASPENDING_V1,USA,Consulting / research / audit,541715,treatment of emulsified oil and pfas in bilge and oily wastewater (estcp),1,1061648.0,1.0,67.6
USASPENDING_V1,USA,Consulting / research / audit,541712,igf::ot::igf labor base period,1,1722141.55,1.0,67.6
USASPENDING_V1,USA,Consulting / research / audit,541715,"research & development - small business innovation research phase ii for topic n<n>-<n>, self-driving convoy operation",1,1499963.49,1.0,67.6
USASPENDING_V1,USA,Consulting / research / audit,334519,"basic purchase request for fms country taiwan to buy a theodolite,surveyin for the f-<n> weapon system.",1,708175.0,1.0,67.6
USASPENDING_V1,USA,Consulting / research / audit,541330,baa - topologically controlled transparent armor,1,832279.18,1.0,67.6
USASPENDING_V1,USA,Consulting / research / audit,541330,building services iii - professional services for the army national guard (arng) chief of staff office,1,1626064.44,1.0,67.6
USASPENDING_V1,USA,Consulting / research / audit,541715,regulated activities support services,1,1108570.33,1.0,67.6
USASPENDING_V1,USA,Consulting / research / audit,541715,advanced manufacturing and assembly approaches for reduced cost small satellite constellations,1,749977.28,1.0,67.6
USASPENDING_V1,USA,Consulting / research / audit,561790,"es<n> sbir ii proposal l<n>s-<n> entitled "" increased competition through small business source approval for limited sou",1,1499772.0,1.0,67.6
USASPENDING_V1,USA,Consulting / research / audit,541611,an independent study of roles and responsibilities of department of defense components relating to missile defense,1,1608142.32,1.0,67.6
USASPENDING_V1,USA,Consulting / research / audit,541715,soldier competency development through an adaptive training recommendation model.,1,1554372.0,1.0,67.6
USASPENDING_V1,USA,Consulting / research / audit,611310,phenomic/genomic service in support of research,1,531177.65,1.0,67.6
USASPENDING_V1,USA,Consulting / research / audit,336413,big safari,1,891810.0,1.0,67.6
USASPENDING_V1,USA,Consulting / research / audit,541620,phase i cultural resources survey phase i inventory and recommendations on in areas where excess infrastructure is to be,1,518900.0,1.0,67.6
USASPENDING_V1,USA,Consulting / research / audit,541715,high resolution coronal imager (hi-c) flare rocket,1,1842257.29,1.0,67.6
USASPENDING_V1,USA,Consulting / research / audit,541990,igf::ot::igf  sttr  phase iii effort - base year,1,700000.0,1.0,67.6
USASPENDING_V1,USA,Consulting / research / audit,541715,"igf::ot::igf synthetic peptides and other drugs of abuse; purity determination, stability testing and quantitative analy",1,1449869.47,1.0,67.6
USASPENDING_V1,USA,Consulting / research / audit,541990,fish passage study,1,514010.0,1.0,67.6
USASPENDING_V1,USA,Consulting / research / audit,611430,other functions,1,1045972.21,1.0,67.6
USASPENDING_V1,USA,Consulting / research / audit,561499,this task order is to obtain archival and historical research services for a wide range of formats.,1,659401.39,1.0,67.6
USASPENDING_V1,USA,Consulting / research / audit,541714,production of well characterized challenge material (wccm) of bsl-<n>/<n> viruses.,1,1192601.0,1.0,67.6
USASPENDING_V1,USA,Consulting / research / audit,541715,qualification of a <n> newton ascent green monopropellant thruster,1,758879.4,1.0,67.6
USASPENDING_V1,USA,Consulting / research / audit,541620,"nt-<n>-x<n>, environmental sensitivity study - phase <n>",1,500000.0,1.0,67.6
USASPENDING_V1,USA,Consulting / research / audit,541611,"general services administration federal supply schedule task order issued by the department of homeland security (dhs), ",1,1159714.8,1.0,67.6
USASPENDING_V1,USA,Consulting / research / audit,541715,sbir phase ii contract for research and development of high power coherent beam combined laser array,1,1155949.03,1.0,67.6
USASPENDING_V1,USA,Consulting / research / audit,511120,"education, training, employment, & social svcs r&d svcs education svcs r&d basic research",1,925186.0,1.0,67.6
USASPENDING_V1,USA,Consulting / research / audit,541611,"""other function"" igf::ot::igf   the purpose of this contract is to obtain consulting services for the <n> components of ",1,1953796.99,1.0,67.6
USASPENDING_V1,USA,Consulting / research / audit,518210,determine the epidemiology and outcomes associated with covid-<n> infection,1,564294.0,1.0,67.6
USASPENDING_V1,USA,Consulting / research / audit,483114,alaska fisheries science center - vessel to conduct longline survey,1,1877645.8,1.0,67.6
USASPENDING_V1,USA,Consulting / research / audit,541715,sbir phase ii r&d: advanced high-g accelerometers in small form factor for inertial measurement unit applications,1,998318.0,1.0,67.6
USASPENDING_V1,USA,Consulting / research / audit,541714,"sbir ii - topic af<n>-<n> ""phase <n> - artemis - adaptive rate tunable emi suppression""",1,999189.0,1.0,67.6
USASPENDING_V1,USA,Consulting / research / audit,541330,"special purpose heavy weather craft ii homeporting facility study, uscg stations cape disappointment and yaquina bay psn",1,1598972.59,1.0,67.6
USASPENDING_V1,USA,Consulting / research / audit,541715,sbir tacfi direct to phase ii,1,1951000.0,1.0,67.6
USASPENDING_V1,USA,Consulting / research / audit,541715,gain enhancement by novel impact ionization phase <n>,1,818028.0,1.0,67.6
USASPENDING_V1,USA,Consulting / research / audit,541712,cctn female sites,1,506725.61,1.0,67.6
USASPENDING_V1,USA,Consulting / research / audit,541715,"army sbir (small business innovative research) phase ii effort entitled, ""efficient prediction of thermal stresses and d",1,1099995.0,1.0,67.6
USASPENDING_V1,USA,Consulting / research / audit,541712,lifecycle mgt deconfliction & automatic deployment services for cross domain security policies (ldads for xsp),1,591302.0,1.0,67.6
USASPENDING_V1,USA,Consulting / research / audit,541715,"develop novel functionality that supports building and delivering explainable and performant predictive models, validate",1,1687301.0,1.0,67.6
USASPENDING_V1,USA,Consulting / research / audit,541715,"cpff contract for identifying, operationalizing, and developing transportable multiteam system competencies for the futu",1,630964.78,1.0,67.6
USASPENDING_V1,USA,Consulting / research / audit,481212,concept analysis study,1,743710.0,1.0,67.6
USASPENDING_V1,USA,Consulting / research / audit,541711,pre-clinical models of infectious diseases; black fly colony support,1,518021.0,1.0,67.6
USASPENDING_V1,USA,Consulting / research / audit,541990,minority university research and education project (murep) partnership learning annual notification (mplan) <n>,1,1485664.0,1.0,67.6
USASPENDING_V1,USA,Consulting / research / audit,541712,igf::ot::igf fuel converter sbir iii,1,1499576.7,1.0,67.6
USASPENDING_V1,USA,Consulting / research / audit,541715,"sttr phase ii sequential base award:  position, navigation and timing (pnt) without the global positioning system (gps)",1,654401.55,1.0,67.6
USASPENDING_V1,USA,Consulting / research / audit,238910,fy<n> edward hebert naval hsptl survey,1,589940.88,1.0,67.6
USASPENDING_V1,USA,Consulting / research / audit,541910,voter list maintenance mailer education research,1,747000.0,1.0,67.6
USASPENDING_V1,USA,Consulting / research / audit,541330,"support nsdp efforts to acquire the dss wise lite modelling capability, training and technical assistance to state dam s",1,1427276.0,1.0,67.6
USASPENDING_V1,USA,Consulting / research / audit,541715,r&d: sbir phase ii (research & develop),1,1499995.6,1.0,67.6
USASPENDING_V1,USA,Consulting / research / audit,541715,advanced pulse waveform sal seeker,1,1924841.0,1.0,67.6
USASPENDING_V1,USA,Consulting / research / audit,334111,research and development of specialized electronic warfare equipment,1,818447.28,1.0,67.6
USASPENDING_V1,USA,Consulting / research / audit,541715,legacy,1,749907.0,1.0,67.6
USASPENDING_V1,USA,Consulting / research / audit,541330,sbir phase ii study critical program information identification and assessment tool,1,1467579.9,1.0,67.6
USASPENDING_V1,USA,Consulting / research / audit,541715,non-contact vital signs on laser ultrasound (lus) imaging base: electronics and photonics,1,1276299.96,1.0,67.6
USASPENDING_V1,USA,Consulting / research / audit,541990,"to issue a new firm fixed price task order entitled, driver visual searching behavior when navigating through alternativ",1,579030.0,1.0,67.6
USASPENDING_V1,USA,Consulting / research / audit,541211,purpose: the purpose of this project is to expand the availability and accessibility of educational opportunities relate,1,945101.6,1.0,67.6
USASPENDING_V1,USA,Consulting / research / audit,541990,igf::ot::igf standard deployment technical support,1,886326.07,1.0,67.6
USASPENDING_V1,USA,Consulting / research / audit,541715,sbir second phase ii research & develop,1,1430422.0,1.0,67.6
USASPENDING_V1,USA,Consulting / research / audit,541713,threat awareness autonomy research project,1,973172.0,1.0,67.6
USASPENDING_V1,USA,Consulting / research / audit,541715,affordable integrated surface modification of ceramic and refractory substructures with uhtcs for high temperature resil,1,1199957.0,1.0,67.6
USASPENDING_V1,USA,Consulting / research / audit,541611,effect of prenatal alcohol and other drug programs on faster care prevention & rapid reunification: lived experience vie,1,1183315.56,1.0,67.6
USASPENDING_V1,USA,Consulting / research / audit,926110,u.s. territory tobacco retail compliance check inspection program,1,803494.26,1.0,67.6
USASPENDING_V1,USA,Consulting / research / audit,336411,the purpose of this action is to begin the tdr mdx and mdy white papers.,1,570800.0,1.0,67.6
USASPENDING_V1,USA,Consulting / research / audit,541715,fy <n> baa topic <n> - duke,1,696799.54,1.0,67.6
USASPENDING_V1,USA,Consulting / research / audit,541715,flight development of an ascent propellant.,1,1799119.0,1.0,67.6
USASPENDING_V1,USA,Consulting / research / audit,541715,sbir/sttr phase ii r&d - metallized ceramic-based structural insulators,1,971534.0,1.0,67.6
USASPENDING_V1,USA,Consulting / research / audit,541715,small business innovatiion research (sbir) phase ii study,1,1486201.3,1.0,67.6
USASPENDING_V1,USA,Consulting / research / audit,541990,tacfi phase i proposal f<n>-<n> - picobadge and pico platform with iot/ai,1,1933000.0,1.0,67.6
USASPENDING_V1,USA,Consulting / research / audit,541715,"r&d services, travel, odcs (base) _",1,711504.1,1.0,67.6
USASPENDING_V1,USA,Consulting / research / audit,541990,fire whirl study-phase <n>,1,1480723.82,1.0,67.6
USASPENDING_V1,USA,Consulting / research / audit,541715,akita sttr phase ii additive manufacture of metal organic framework (mof) elastomers,1,1149819.63,1.0,67.6
USASPENDING_V1,USA,Consulting / research / audit,541715,contract to acquire the sixth iteration of the power-high voltage module (ph<n>) of the mass spectrometer (ms) portion o,1,961176.52,1.0,67.6
USASPENDING_V1,USA,Consulting / research / audit,541712,research in site response analysis for seismic hazard studies at  nuclear facilities.  igf::ot::igf,1,551375.67,1.0,67.6
USASPENDING_V1,USA,Consulting / research / audit,541715,"small business innovation research phase iib on u.s. dot topic <n>-ph<n> robust, field-ready, inline tool for the accura",1,985138.0,1.0,67.6
USASPENDING_V1,USA,Consulting / research / audit,336411,f-<n>a and f-<n>c fti risk reduction,1,1731735.0,1.0,67.6
USASPENDING_V1,USA,Consulting / research / audit,541714,contract #hhsn<n>i; sri international; gmp manufacturing of oxfendazole clinical trial material and stability study; oa ,1,634823.0,1.0,67.6
USASPENDING_V1,USA,Consulting / research / audit,541710,tas::<n> <n> <n>::tas hq smallsat study,1,1500000.0,1.0,67.6
USASPENDING_V1,USA,Consulting / research / audit,541715,high-strength aluminum advanced manufacturing of missiles for enhanced readiness (haammer) - phase ii,1,1899991.7,1.0,67.6
USASPENDING_V1,USA,Consulting / research / audit,541715,braided ultra-high temperature (uht) ceramic matrix composites (cmc) scramjet isolator development,1,1649962.0,1.0,67.6
USASPENDING_V1,USA,Consulting / research / audit,541611,subject matter expert from cn consulting for nci cancer moonshot program,1,554309.88,1.0,67.6
USASPENDING_V1,USA,Consulting / research / audit,541720,ngc,1,836681.32,1.0,67.6
USASPENDING_V1,USA,Consulting / research / audit,541712,igf::ot::igf:: sttr phase <n> new start award w/intelligent automation inc.,1,1000000.0,1.0,67.6
USASPENDING_V1,USA,Consulting / research / audit,541330,"small business innovation research project phase ii tacfi axnano, llc py<n>.<n> c<n> topic number: ax<n>-ocso<n>",1,1996989.57,1.0,67.6
USASPENDING_V1,USA,Consulting / research / audit,541715,advanced inspection technologies for borescope (ai scope),1,1754402.0,1.0,67.6
USASPENDING_V1,USA,Consulting / research / audit,541330,collaborate access browse (cab) and assured file transfer (aft),1,906116.5,1.0,67.6
USASPENDING_V1,USA,Consulting / research / audit,541715,"dha sbir phase ii - topic a<n>a-t<n>,proposal h<n>s-<n> title a man-portable low power medical sterilizer using cleansmo",1,1097326.95,1.0,67.6
USASPENDING_V1,USA,Consulting / research / audit,541715,resilience of interconnected national market infrastructure,1,1798636.0,1.0,67.6
USASPENDING_V1,USA,Consulting / research / audit,541715,"tda research, inc. wp<n>-<n>  -  demonstration and validation of pfas-free fire suppression foam",1,989023.75,1.0,67.6
USASPENDING_V1,USA,Consulting / research / audit,541712,igf::ot::igf  sbir phase ii ballistic skin models,1,999989.42,1.0,67.6
USASPENDING_V1,USA,Consulting / research / audit,541330,afrc advisory and assistance services simulated and  distributed mission operations support.,1,1725138.72,1.0,67.6
USASPENDING_V1,USA,Consulting / research / audit,541712,igf::ot::igf  <n>-<n>-<n>-malicious code analysis,1,705513.0,1.0,67.6
USASPENDING_V1,USA,Consulting / research / audit,541613,to support a joint project between ahrq and the national institute of diabetes and digestive and kidney disease (niddk) ,1,1915707.0,1.0,67.6
USASPENDING_V1,USA,Consulting / research / audit,541990,animal technician and laboratory research assistant services,1,1725584.6,1.0,67.6
USASPENDING_V1,USA,Consulting / research / audit,541380,stb waybill = the carload waybill sample is an annual sample of proprietary waybills for terminated shipments by rail ca,1,1531649.11,1.0,67.6
USASPENDING_V1,USA,Consulting / research / audit,541715,tacfi sequential sbir phase ii  fortifye inc,1,1897397.0,1.0,67.6
USASPENDING_V1,USA,Consulting / research / audit,519190,subscription to greenwich market structure&technology research,1,663000.0,1.0,67.6
USASPENDING_V1,USA,Consulting / research / audit,541715,"sbir phase ii sequential topic af<n>-cso<n>, phase i open call for innovative defense-related dual-purpose technologies/",1,1899998.92,1.0,67.6
USASPENDING_V1,USA,Consulting / research / audit,541715,"phase ii: next generation controlled substance waste detection, deactivation, and disposal system",1,1494724.0,1.0,67.6
USASPENDING_V1,USA,Consulting / research / audit,541720,tas::<n> <n>::tas,1,1425664.0,1.0,67.6
USASPENDING_V1,USA,Consulting / research / audit,541715,er<n>-<n> university of rhode island,1,821241.0,1.0,67.6
USASPENDING_V1,USA,Consulting / research / audit,541715,"multi agent system for intelligent control of simulated units.an automated opposing forces capability that organizes, co",1,898414.0,1.0,67.6
USASPENDING_V1,USA,Consulting / research / audit,541611,tick survey,1,743736.0,1.0,67.6
USASPENDING_V1,USA,Consulting / research / audit,541720,"for this research, peraton will build upon its growing body of work with ari to research and develop effective methods t",1,599812.77,1.0,67.6
USASPENDING_V1,USA,Consulting / research / audit,541330,pa rru research analyst positions igf::cl::igf,1,736715.32,1.0,67.6
USASPENDING_V1,USA,Consulting / research / audit,541715,"portable virtual reality (vr) headset for detecting deficits in balance, vestibular, and oculomotor function following t",1,1201221.0,1.0,67.6
USASPENDING_V1,USA,Consulting / research / audit,541715,"small business innovative research phase ii proposal l<n> <n> titled ""high temperature resistant thermal protection for ",1,1800000.0,1.0,67.6
USASPENDING_V1,USA,Consulting / research / audit,541715,baa <n>-<n> with mississippi state  ralc: u<n>a<n>,1,1915011.0,1.0,67.6
USASPENDING_V1,USA,Consulting / research / audit,541715,baa <n>-<n> project development and performance evaluation of ni  on dod lands and adjacent communities  ralc: u<n>,1,595874.56,1.0,67.6
USASPENDING_V1,USA,Consulting / research / audit,541715,in-space production of dna-inspired janus base nanomaterials (jbns),1,1862585.0,1.0,67.6
USASPENDING_V1,USA,Consulting / research / audit,541715,igf:ot::igf research and development,1,820382.0,1.0,67.6
USASPENDING_V1,USA,Consulting / research / audit,541519,audit services,1,562245.42,1.0,67.6
USASPENDING_V1,USA,Consulting / research / audit,541715,"new darpa sbir phase ii contract entitled, ""p<n>-<n>itm ph ii expansion (cchat protocol)"" solicitation dha<n>b-<n>",1,1881548.0,1.0,67.6
USASPENDING_V1,USA,Consulting / research / audit,541715,research and development - phase ii sbir,1,1481953.0,1.0,67.6
USASPENDING_V1,USA,Consulting / research / audit,541712,research for material application,1,708796.0,1.0,67.6
USASPENDING_V1,USA,Consulting / research / audit,541715,aero-mechanical jitter modeling and simulation techniques,1,629980.0,1.0,67.6
USASPENDING_V1,USA,Consulting / research / audit,541712,development of innovative techniques and methods that support a changeable roadway testing environment.,1,1862542.0,1.0,67.6
USASPENDING_V1,USA,Consulting / research / audit,541715,year <n> labor and travel oco dcrt operations,1,799870.96,1.0,67.6
USASPENDING_V1,USA,Consulting / research / audit,561210,operations and material management support services to the naval health research center iaw the pws,1,795481.16,1.0,67.6
USASPENDING_V1,USA,Consulting / research / audit,541715,modular power system (mps),1,500102.74,1.0,67.6
USASPENDING_V1,USA,Consulting / research / audit,541714,voltammetric electrochemical sensor,1,727571.0,1.0,67.6
USASPENDING_V1,USA,Consulting / research / audit,541611,"the bfcc-sc shall administer surveys, collect customer service experience using surveys that target stakeholders engaged",1,989838.45,1.0,67.6
USASPENDING_V1,USA,Consulting / research / audit,541513,"efast pa <n>-<n>-nv afm systems support, afn labor relations consulting, and ahl system data analysis",1,1908732.07,1.0,67.6
USASPENDING_V1,USA,Consulting / research / audit,611430,organizational base subscription (web-based training) in the area of human subject research protection from brany's coll,1,854994.0,1.0,67.6
USASPENDING_V1,USA,Consulting / research / audit,541990,"this task order is to support t-<n> & t-<n> operation, instrumentation & analysis.",1,1318301.92,1.0,67.6
USASPENDING_V1,USA,Consulting / research / audit,541712,simulated exploration of executable deci,1,1825768.0,1.0,67.6
USASPENDING_V1,USA,Consulting / research / audit,541715,small business innovation research (sbir) phase i bridge and phase ii effort titled compact projectile tracker.,1,1155231.85,1.0,67.6
USASPENDING_V1,USA,Consulting / research / audit,541712,sparta enh&integ and sparta spt  for dts concept,1,752932.0,1.0,67.6
USASPENDING_V1,USA,Consulting / research / audit,541712,to obtain contractor support services for the management and maintenance of the obim life cycle cost model (lccm). the l,1,1425114.72,1.0,67.6
USASPENDING_V1,USA,Consulting / research / audit,541611,incurred cost and delay expert witness services for litigation before the armed services board of contract appeals (asbc,1,671742.96,1.0,67.6
USASPENDING_V1,USA,Consulting / research / audit,541715,"new darpa sbir ii - twinleaf llc, seeks to develop a targeted sensor for magnetic navigation. this work combines a novel",1,1798808.0,1.0,67.6
USASPENDING_V1,USA,Consulting / research / audit,541715,strategic engine: strategic training and robust ai for transferable and effective,1,1799638.56,1.0,67.6
USASPENDING_V1,USA,Consulting / research / audit,541512,"zendesk licensing, implementation, and training for advanced research project agency for health (arpa-h)",1,948284.83,1.0,67.6
USASPENDING_V1,USA,Consulting / research / audit,541715,this is small business innovation (sbir)phase ii effort.the contractor shall develop a small-pitch probe card with a pit,1,1153870.45,1.0,67.6
USASPENDING_V1,USA,Consulting / research / audit,541519,"leasing,comprehensive real estate market data to use in the lease cost relative to market performance measure,bullseye r",1,823872.0,1.0,67.6
USASPENDING_V1,USA,Consulting / research / audit,541690,nist workshops on climate science for use in codes and standards for buildings and infrastructure systems,1,749345.0,1.0,67.6
USASPENDING_V1,USA,Consulting / research / audit,611710,educator/researcher for graduate school chaplain professional integration course (cpic)to build basic professional curri,1,927129.6,1.0,67.6
USASPENDING_V1,USA,Consulting / research / audit,541715,a<n>-<n> - phase <n>,1,1999997.78,1.0,67.6
USASPENDING_V1,USA,Consulting / research / audit,541611,task order number <n>f<n> is for kal krishnan consulting services (kkcs) to provide fta region x (tro<n>) with project m,1,621224.3,1.0,67.6
USASPENDING_V1,USA,Consulting / research / audit,541715,"small business innovative research (sbir) phii sequential ""image data compilation based on accurate registration of sequ",1,1999207.45,1.0,67.6
USASPENDING_V1,USA,Consulting / research / audit,541715,enhanced geothermal system,1,1900000.0,1.0,67.6
USASPENDING_V1,USA,Consulting / research / audit,336411,israel fti sustainment,1,1327912.0,1.0,67.6
USASPENDING_V1,USA,Consulting / research / audit,541611,the contractor shall  provide  support for internal administrative tracking and planning for niddk's portfolio of acquis,1,1896088.25,1.0,67.6
USASPENDING_V1,USA,Consulting / research / audit,541715,expertise in professional pharmaceutical project management,1,693109.0,1.0,67.6
USASPENDING_V1,USA,Consulting / research / audit,541611,force management support services,1,548301.72,1.0,67.6
USASPENDING_V1,USA,Consulting / research / audit,336413,the purpose of this delivery order is to provide safcs support.,1,1981457.0,1.0,67.6
USASPENDING_V1,USA,Consulting / research / audit,334310,liptm<n> advanced technology research (atr) anechoic chamber and material for organization lsubp<n> - science and techno,1,699351.0,1.0,67.6
USASPENDING_V1,USA,Consulting / research / audit,541715,generalized adaptive instructional toolset (gait),1,1457300.0,1.0,67.6
USASPENDING_V1,USA,Consulting / research / audit,334511,"small business innovation research (sbir) phase i bridge and sbir phase ii effort titled, deep generative modeling of in",1,1155985.25,1.0,67.6
USASPENDING_V1,USA,Consulting / research / audit,541715,photonic crystal surface emitting semiconductor laser (phase ii sequential),1,1899973.8,1.0,67.6
USASPENDING_V1,USA,Consulting / research / audit,541715,enhance security and improve resilience in embedded systems for space force satellites (espresso),1,748999.0,1.0,67.6
USASPENDING_V1,USA,Consulting / research / audit,541620,nace cercla watts branch sediment study support,1,765364.0,1.0,67.6
USASPENDING_V1,USA,Consulting / research / audit,541715,multiscale space-time isogeometric analysis of fluid-structure interactions,1,518707.64,1.0,67.6
USASPENDING_V1,USA,Consulting / research / audit,541715,lrbaa contract for dhs core ontology for maritime domain awareness technologies,1,998840.0,1.0,67.6
USASPENDING_V1,USA,Consulting / research / audit,541720,tas::<n> <n>::tas nonkin village (research and development),1,1449810.56,1.0,67.6
USASPENDING_V1,USA,Consulting / research / audit,811310,"thermal effluent decontamination systems (teds)preventative and corrective maintenance, and spare parts for the u.s. arm",1,704532.93,1.0,67.6
USASPENDING_V1,USA,Consulting / research / audit,541715,united states population longitudinal data and specialized analytic support: research on energy drinks/other dietary int,1,648446.46,1.0,67.6
USASPENDING_V1,USA,Consulting / research / audit,541715,sbir <n>nd phase ii <n>-<n>b<n>,1,1699887.38,1.0,67.6
USASPENDING_V1,USA,Consulting / research / audit,541715,sbir phase ii base award-- augmented reality for chemical and biological defense (arcbad),1,1099917.79,1.0,67.6
USASPENDING_V1,USA,Consulting / research / audit,541715,"sbir phii seq, army topic #a<n>-<n>, ""waveform challenge for tactical radios"". current effort continues the effort phii ",1,1999995.6,1.0,67.6
USASPENDING_V1,USA,Consulting / research / audit,541715,demonstration of the efficiency and feasibility of clay technology in removing and managing freshwater harmful algal blo,1,724466.0,1.0,67.6
USASPENDING_V1,USA,Consulting / research / audit,541715,<n>.<n> small business innovation research program (sbir) phase ii,1,889617.0,1.0,67.6
USASPENDING_V1,USA,Consulting / research / audit,541715,brain bank,1,510000.0,1.0,67.6
USASPENDING_V1,USA,Consulting / research / audit,541211,"audit services for wuhan, moscow and shanghai.",1,1021668.68,1.0,67.6
USASPENDING_V1,USA,Consulting / research / audit,541715,small business innovative research phase ii to phnx materials inc proposal l<n>-<n> under topic dla<n>-<n> for gallium a,1,1043188.0,1.0,67.6
USASPENDING_V1,USA,Consulting / research / audit,541715,"sbir phase ii ""onsite detection and morphological classification of aerosol particles""",1,1315203.05,1.0,67.6
USASPENDING_V1,USA,Consulting / research / audit,541715,phase ii small unmanned aerials systems laser power conversion system for enhanced range and endurance.,1,1364859.03,1.0,67.6
USASPENDING_V1,USA,Consulting / research / audit,541690,conduct formative research and develop the program adaptation plan,1,1410224.0,1.0,67.6
USASPENDING_V1,USA,Consulting / research / audit,541715,sbir/sttr phase ii r&d - vis/ir atmospheric tool (visirat),1,1008077.0,1.0,67.6
USASPENDING_V1,USA,Consulting / research / audit,541715,topic <n>.<n> - innovative strategies for determining vaccine effectiveness against influenza and covid-<n> illness,1,1408553.0,1.0,67.6
USASPENDING_V1,USA,Consulting / research / audit,541330,"igf::ot::igf cet <n>-<n>, gallium liquid alloy for reconfigurable electronics (glare) the purpose of this task is to dev",1,729928.0,1.0,67.6
USASPENDING_V1,USA,Consulting / research / audit,541715,serdp er<n>-<n> aptm,1,734308.0,1.0,67.6
USASPENDING_V1,USA,Consulting / research / audit,541715,this action awards a new sbir phase ii contract,1,1155417.06,1.0,67.6
USASPENDING_V1,USA,Consulting / research / audit,541330,"igf::ot::igf cet <n>-<n>, ea-<n>g an/alq-<n> tactical jamming system (tjs) ram air turbo-generator assembly (ratgen assy",1,1596304.0,1.0,67.6
USASPENDING_V1,USA,Consulting / research / audit,541611,cfo consulting services,1,1471782.04,1.0,67.6
USASPENDING_V1,USA,Consulting / research / audit,541611,igf::ot::igf tribal tanf-child welfare coordination data capacity building,1,711569.34,1.0,67.6
USASPENDING_V1,USA,Consulting / research / audit,541715,sbir phase ii resultant from topic # a<n>-<n>,1,1999693.92,1.0,67.6
USASPENDING_V1,USA,Consulting / research / audit,541715,invasive carp research u<n>f<n>,1,1076743.0,1.0,67.6
USASPENDING_V1,USA,Consulting / research / audit,541330,sttr phii af topic #: af<n>a-tcso<n>,1,1248725.78,1.0,67.6
USASPENDING_V1,USA,Consulting / research / audit,541715,"infrasense, inc. phase ii sbir award under topic <n>-fh<n>: low-cost, rapid assessment of bridge deck chloride content i",1,1324721.58,1.0,67.6
USASPENDING_V1,USA,Consulting / research / audit,541715,igf::ot::igf - shipboard dimensional analysis tool,1,1499797.0,1.0,67.6
USASPENDING_V1,USA,Consulting / research / audit,541715,cpff grids iii research & analysis national geospatial intelligence agency spatial reference model,1,1010638.21,1.0,67.6
USASPENDING_V1,USA,Consulting / research / audit,541613,"strategic planning, assessment, and technical research and analysis",1,790009.64,1.0,67.6
USASPENDING_V1,USA,Consulting / research / audit,541715,casman,1,1799890.0,1.0,67.6
USASPENDING_V1,USA,Consulting / research / audit,541715,"tactical funding increase (tacfi) sbir ii ""ground moving target indicator (gmti)development for turul jctd""",1,1499000.0,1.0,67.6
USASPENDING_V1,USA,Consulting / research / audit,541715,baa effort: van de waals materials for low-loss superconducting devices <n> supervan-<n>,1,1493955.0,1.0,67.6
USASPENDING_V1,USA,Consulting / research / audit,541715,sbir ph<n> on topic <n>-ph<n> geohazard id & quantification for pipeline risk models,1,991124.0,1.0,67.6
USASPENDING_V1,USA,Consulting / research / audit,927110,"cambrian works, leverages its approach, called kronos, to providing an alternate source of pnt, i.e. an a-pnt capability",1,1779778.57,1.0,67.6
USASPENDING_V1,USA,Consulting / research / audit,541330,south texas project units <n> and <n> ser production work,1,583717.32,1.0,67.6
USASPENDING_V1,USA,Consulting / research / audit,611310,igf::ot::igf monitroing jorrp,1,528979.0,1.0,67.6
USASPENDING_V1,USA,Consulting / research / audit,541715,radio frequency analog imaging,1,1499946.0,1.0,67.6
USASPENDING_V1,USA,Consulting / research / audit,541611,incremental funding: support the office of policy with expertise in management consulting services.,1,551506.61,1.0,67.6
USASPENDING_V1,USA,Consulting / research / audit,541715,open call for innovative clear defense-related dual-purpose technologies/solutions with a clear air force stakeholder ne,1,1900000.0,1.0,67.6
USASPENDING_V1,USA,Consulting / research / audit,541715,phase ii effort will emphasize (<n>) the maturation of these components and (<n>) the progressive demonstration of the a,1,1249935.96,1.0,67.6
USASPENDING_V1,USA,Consulting / research / audit,541711,igf::ot::igf enhances surveillance&cohort studies,1,1770667.0,1.0,67.6
USASPENDING_V1,USA,Consulting / research / audit,518210,igf::ot::igf  petroleum marketing surveys,1,1790913.32,1.0,67.6
USASPENDING_V1,USA,Consulting / research / audit,541712,sbir phase ii for modeling encumbrance effects of ground soldier systems on soldier performance  tas::<n> <n>::tas,1,1550634.24,1.0,67.6
USASPENDING_V1,USA,Consulting / research / audit,541715,fra will provide continued support for the lng rulemaking effort.,1,1101625.87,1.0,67.6
USASPENDING_V1,USA,Consulting / research / audit,541720,occupational aptitude batter (oab) validation research,1,1180378.0,1.0,67.6
USASPENDING_V1,USA,Consulting / research / audit,336413,igf::ot::igf foreign comparative testing for h-<n> second source fuel cell qualification,1,1180032.0,1.0,67.6
USASPENDING_V1,USA,Consulting / research / audit,541690,"this is a non-performance based, non-personal advisory and assistance services requirement in support of the radioactive",1,670180.32,1.0,67.6
USASPENDING_V1,USA,Consulting / research / audit,541715,mare-vl booster,1,1022500.0,1.0,67.6
USASPENDING_V1,USA,Consulting / research / audit,541519,data center study,1,544475.2,1.0,67.6
USASPENDING_V1,USA,Consulting / research / audit,541611,competitive innovations professional support services - technology and human rights analyst and a research analyst drl/m,1,1034814.73,1.0,67.6
USASPENDING_V1,USA,Consulting / research / audit,541715,fy<n> baa topic <n>.<n> ohio state,1,630103.0,1.0,67.6
USASPENDING_V1,USA,Consulting / research / audit,541715,space metamaterial electronically scanned array,1,1745855.82,1.0,67.6
USASPENDING_V1,USA,Consulting / research / audit,541715,phase ii sbir research and development,1,1760577.0,1.0,67.6
USASPENDING_V1,USA,Consulting / research / audit,541715,nichd:r&d:data coordinating center for the follow-up of the second phase (cohort <n>) of the prenatal and childhood mech,1,611955.36,1.0,67.6
USASPENDING_V1,USA,Consulting / research / audit,541720,the purpose is this task order is to provide technical assistance to states participating in the ccbhc demonstration and,1,1289637.0,1.0,67.6
USASPENDING_V1,USA,Consulting / research / audit,621511,pharmacogenetic allele frequencies study,1,520661.01,1.0,67.6
USASPENDING_V1,USA,Consulting / research / audit,541715,"reference attachment <n>, dmea sow <n>-<n>d<n>",1,1338117.0,1.0,67.6
USASPENDING_V1,USA,Consulting / research / audit,541712,"igf::ot::igf, mustang technology group",1,740993.5,1.0,67.6
USASPENDING_V1,USA,Consulting / research / audit,541714,research and development- aoi #<n> for the development of a novel ecmo platform called multiorgan extracorporeal life su,1,748050.15,1.0,67.6
USASPENDING_V1,USA,Consulting / research / audit,541711,"cotton rat model for the evaluation of vaccines and therapeutics for rsv and related viruses for sigmovir biosystems, in",1,1696031.84,1.0,67.6
USASPENDING_V1,USA,Consulting / research / audit,541715,pr <n>-<n>-<n> co-i support for wispr mission,1,1658318.84,1.0,67.6
USASPENDING_V1,USA,Consulting / research / audit,541714,curiedx - research and development for aoi #<n> - transforming respiratory infection surveillance with computer vision o,1,748859.38,1.0,67.6
USASPENDING_V1,USA,Consulting / research / audit,541715,cognitive radar emitter characterization: library-based ea techniques are less and less effective against modern radar s,1,1188169.0,1.0,67.6
USASPENDING_V1,USA,Consulting / research / audit,541715,"cso for ""crrel frost effects research facility (ferf) cso refrigeration innovation"" u<n>n<n>",1,940019.69,1.0,67.6
USASPENDING_V1,USA,Consulting / research / audit,541715,sbir phase ii r&d improved carbon-carbon for hypersonic vehicles,1,995056.0,1.0,67.6
USASPENDING_V1,USA,Consulting / research / audit,541712,denied global track barometric pressure,1,542000.0,1.0,67.6
USASPENDING_V1,USA,Consulting / research / audit,541712,"igf::ot::igf a phase i single-arm, multicenter pilot study aimed at validating y-ohpdg as a biomarker and testing the ef",1,801955.11,1.0,67.6
USASPENDING_V1,USA,Consulting / research / audit,541715,rrb<n> rosv field t&e,1,1622034.0,1.0,67.6
USASPENDING_V1,USA,Consulting / research / audit,336411,depot training for site activation.,1,664621.0,1.0,67.6
USASPENDING_V1,USA,Consulting / research / audit,339999,phase ii sttr ultra wideband reciever - teledevices,1,749850.04,1.0,67.6
USASPENDING_V1,USA,Consulting / research / audit,541715,small business innovative research sbir iii es<n> inc proposal phiii-<n> for complete testing and prototype build of icb,1,1646508.0,1.0,67.6
USASPENDING_V1,USA,Consulting / research / audit,541715,clinical research coordinator (<n> fte),1,621411.6,1.0,67.6
USASPENDING_V1,USA,Consulting / research / audit,115310,<n> racetrack heritage survey and mastication,1,1763292.0,1.0,67.6
USASPENDING_V1,USA,Consulting / research / audit,541715,sbir phase ii for research and development of early warning systems for hemispherical sky surveillance,1,1155250.86,1.0,67.6
USASPENDING_V1,USA,Consulting / research / audit,334290,sbir - airwarden system,1,1794999.96,1.0,67.6
USASPENDING_V1,USA,Consulting / research / audit,611430,instructor-led training on pharmacoepidemiology,1,602830.81,1.0,67.6
USASPENDING_V1,USA,Consulting / research / audit,541715,a<n>-<n> - evolution of <n>gen+ advanced process ip,1,1999381.52,1.0,67.6
USASPENDING_V1,USA,Consulting / research / audit,541715,sequential stratfi-tacfi phase ii - catalytic propellant decomposition chamber for multi-mode propulsion,1,1783628.0,1.0,67.6
USASPENDING_V1,USA,Consulting / research / audit,541715,automatic localized imaging and mapping of underwater infrastructure using an automated underwater vehicles (auv)-develo,1,800000.0,1.0,67.6
USASPENDING_V1,USA,Consulting / research / audit,541219,applied research - ace,1,593660.28,1.0,67.6
USASPENDING_V1,USA,Consulting / research / audit,541715,new sbir ii - interaction system for the source of tunable intense gamma rays (stingray),1,1798480.0,1.0,67.6
USASPENDING_V1,USA,Consulting / research / audit,519130,westlaw online legal research platform,1,1843684.56,1.0,67.6
USASPENDING_V1,USA,Consulting / research / audit,541715,technical data package modernization for as-built data,1,1759733.0,1.0,67.6
USASPENDING_V1,USA,Consulting / research / audit,541690,"igf::ot::igf study preventing mental, emotional, and behavioral disorders in children and youth for samhsa",1,1498900.0,1.0,67.6
USASPENDING_V1,USA,Consulting / research / audit,561210,<n> year operations and maintenance (o&m) management support services contract at the southern regional research center ,1,1755054.64,1.0,67.6
USASPENDING_V1,USA,Consulting / research / audit,541511,"management and financial consulting, acquisition and grants management support, and business program and project managem",1,506249.64,1.0,67.6
USASPENDING_V1,USA,Consulting / research / audit,541715,the proposed work will have significant follow-on benefits for both conventional and next-generation phased array antenn,1,1799969.0,1.0,67.6
USASPENDING_V1,USA,Consulting / research / audit,541715,sbir ii integrated circuit die extraction and reassembly,1,748974.0,1.0,67.6
USASPENDING_V1,USA,Consulting / research / audit,334517,"sbir phase iii award - modular, addressable research irradiator using flat panel x-ray sources for the department of ene",1,998098.0,1.0,67.6
USASPENDING_V1,USA,Consulting / research / audit,541715,ipkeys power partners ew<n>-<n>,1,745009.91,1.0,67.6
USASPENDING_V1,USA,Consulting / research / audit,336414,see dark tide statement of work (sow),1,1644828.0,1.0,67.6
USASPENDING_V1,USA,Consulting / research / audit,611699,mental health suicide prevention,1,504400.0,1.0,67.6
USASPENDING_V1,USA,Consulting / research / audit,541715,contract award for sbir phase ii,1,1148272.66,1.0,67.6
USASPENDING_V1,USA,Consulting / research / audit,541618,base task <n>: archaeological inv-survey,1,513821.0,1.0,67.6
USASPENDING_V1,USA,Consulting / research / audit,541715,sbir phase iii topic af <n>-<n>. ai data analytics study for afmc supply chain.,1,1385000.0,1.0,67.6
USASPENDING_V1,USA,Consulting / research / audit,541712,igf::ot::igf research and development phase <n> sbir,1,1495019.0,1.0,67.6
USASPENDING_V1,USA,Consulting / research / audit,541720,clinical characterization of post-acute covid-<n>,1,1058212.22,1.0,67.6
USASPENDING_V1,USA,Consulting / research / audit,541715,hhsn<n>i - time aim of the study of pregnancy and neonatal health (span) - university of utah - can <n>,1,859530.13,1.0,67.6
USASPENDING_V1,USA,Consulting / research / audit,541715,sbir/sttr phase ii r&d - mda<n>-<n> - b<n>-<n> - <n>d printed microscale radiation shielding,1,1010000.0,1.0,67.6
USASPENDING_V1,USA,Consulting / research / audit,541715,sbir/sttr phase ii r&d - affordable extinguishable divert and attitude control systems (xdacs),1,1693514.39,1.0,67.6
USASPENDING_V1,USA,Consulting / research / audit,621399,pediatric covid-<n> vaccination rct,1,730877.0,1.0,67.6
USASPENDING_V1,USA,Consulting / research / audit,541715,hermes leaps sbir iii,1,601649.0,1.0,67.6
USASPENDING_V1,USA,Consulting / research / audit,541714,the purpose of this contract is to conduct research and develop tools to strengthen post-market surveillance of fda-regu,1,515769.89,1.0,67.6
USASPENDING_V1,USA,Consulting / research / audit,541715,r&d into soldier integrated radar detect,1,1099999.76,1.0,67.6
USASPENDING_V1,USA,Consulting / research / audit,541330,tacfi shipcom federal solutions py<n>.<n>,1,1897155.22,1.0,67.6
USASPENDING_V1,USA,Consulting / research / audit,541715,this award is for research and development for a proposal titled thallium bromide capacitive frisch grid (cfg) core dete,1,697260.71,1.0,67.6
USASPENDING_V1,USA,Consulting / research / audit,541990,enhancement and validation of in vitro - in vivo correlation method for long acting injectable drug products to accelera,1,1288148.17,1.0,67.6
USASPENDING_V1,USA,Consulting / research / audit,541715,space situational awareness micro-satellite bus,1,1712724.0,1.0,67.6
USASPENDING_V1,USA,Consulting / research / audit,541715,igf::ot::igf this project is to investigate the root cause of spike fastener failures.,1,610000.0,1.0,67.6
USASPENDING_V1,USA,Consulting / research / audit,541712,"gcrss vrc <n> site implementation, support and oversight / malaria clinical trial",1,1067010.62,1.0,67.6
USASPENDING_V1,USA,Consulting / research / audit,325412,"dosage form development, manufacture, and stability studies of nes-<n> nasal spray",1,1992571.0,1.0,67.6
USASPENDING_V1,USA,Consulting / research / audit,611430,the purpose of the requisition is to procure a <n>-year (base + <n> option years) contract for mentoring program system ,1,510560.0,1.0,67.6
USASPENDING_V1,USA,Consulting / research / audit,541711,"to issue task a-<n>, ""mouse model for varicella zoster virus.""",1,1680401.98,1.0,67.6
USASPENDING_V1,USA,Consulting / research / audit,541715,this effort is to provide new metal organic framework (mof) based adsorbent beads from prototype production to a robust ,1,1363553.81,1.0,67.6
USASPENDING_V1,USA,Consulting / research / audit,541715,fraym sequential sbir ii award,1,1699150.0,1.0,67.6
USASPENDING_V1,USA,Consulting / research / audit,541715,develop the diffractive filter array optical device that meets the requirements for the drism configuration for implemen,1,579836.0,1.0,67.6
USASPENDING_V1,USA,Consulting / research / audit,541620,cnf - con nitx<n> - west zone aspen survey and nepa analysis,1,1096811.58,1.0,67.6
USASPENDING_V1,USA,Consulting / research / audit,541850,support for nih tribal consultation  tribal advisory committee and related activities,1,1429273.57,1.0,67.6
USASPENDING_V1,USA,Consulting / research / audit,541715,thermal improvement on newton thruster,1,749964.09,1.0,67.6
USASPENDING_V1,USA,Consulting / research / audit,541715,"cso ""data integration and uncertainty quantification for snow mobility maps"" u<n>a<n>",1,886887.0,1.0,67.6
USASPENDING_V1,USA,Consulting / research / audit,541715,sbir phase <n> award,1,1723748.46,1.0,67.6
USASPENDING_V1,USA,Consulting / research / audit,541990,afrl airworthiness and operational research analysis,1,750351.04,1.0,67.6
USASPENDING_V1,USA,Consulting / research / audit,813920,standards development for regenerative medicine therapies,1,1091420.0,1.0,67.6
USASPENDING_V1,USA,Consulting / research / audit,518210,r&d caravan study for va portland health care system with ohsu orprn,1,519530.92,1.0,67.6
USASPENDING_V1,USA,Consulting / research / audit,541712,senior research scientist,1,1087326.24,1.0,67.6
USASPENDING_V1,USA,Consulting / research / audit,611310,committee to conduct animal research,1,739495.17,1.0,67.6
USASPENDING_V1,USA,Consulting / research / audit,541714,manufacture of mbx-<n>,1,1056500.0,1.0,67.6
USASPENDING_V1,USA,Consulting / research / audit,541715,cad-to-cad interoperability project - lrbaa,1,722385.0,1.0,67.6
USASPENDING_V1,USA,Consulting / research / audit,541715,comprehensive mobile and desktop-based technology platform.,1,1798728.0,1.0,67.6
USASPENDING_V1,USA,Consulting / research / audit,541715,phase iii sbir with cintel inc.,1,1357267.06,1.0,67.6
USASPENDING_V1,USA,Consulting / research / audit,541715,"small business innovative research phase ii proposal l<n>-<n> titled ""vertically integrated manufacturing platform to ra",1,1794653.0,1.0,67.6
USASPENDING_V1,USA,Consulting / research / audit,541330,the objective of this task order is to support the advancement of opre's division of family strengthening (dfs) research,1,1924324.62,1.0,67.6
USASPENDING_V1,USA,Consulting / research / audit,541715,manufacturing innovations in extreme temperature carbon- and ceramic-matrix composites tactical funding increase (tacfi),1,1899702.95,1.0,67.6
USASPENDING_V1,USA,Consulting / research / audit,541715,sim*vivo dha sbir sequential phase ii h<n>s-<n> steerable chest tube with integrated infusion cannula for the prevention,1,1220951.28,1.0,67.6
USASPENDING_V1,USA,Consulting / research / audit,541330,launch vehicle probabilistic reliability risk analysis services.,1,811568.0,1.0,67.6
USASPENDING_V1,USA,Consulting / research / audit,541715,benthic microbial fuel cell and hydrokinetic switching electronics study,1,1419706.0,1.0,67.6
USASPENDING_V1,USA,Consulting / research / audit,541715,compact power generation for long duration hypersonic vehic,1,1752000.0,1.0,67.6
USASPENDING_V1,USA,Consulting / research / audit,541712,igf::ot::igf improved efficiency thermoelectric module for thermal control and energy generation.,1,999923.09,1.0,67.6
USASPENDING_V1,USA,Consulting / research / audit,541715,rail tec arsenal climatic wind tunnel testing for the investigation of the operational safety risks for evtol in icing e,1,1113366.63,1.0,67.6
USASPENDING_V1,USA,Consulting / research / audit,541715,phase ii small business innovation research (sbir) contract to develop a prototype multimodal system that will provide t,1,1099896.84,1.0,67.6
USASPENDING_V1,USA,Consulting / research / audit,541712,"soldier-borne intelligence, surveillance, and reconnaissance",1,548626.0,1.0,67.6
USASPENDING_V1,USA,Consulting / research / audit,541715,provide scientific programming and analysis in support of specific giss research programs and to perform computer facili,1,1500299.52,1.0,67.6
USASPENDING_V1,USA,Consulting / research / audit,541715,passive infrared simulation toolkit (pistol),1,1574611.0,1.0,67.6
USASPENDING_V1,USA,Consulting / research / audit,541690,<n>-<n> freeze-up and break-up of arctic sea ice in the us beaufort and chukchi seas,1,852407.0,1.0,67.6
USASPENDING_V1,USA,Consulting / research / audit,541611,<n> fellows,1,873484.0,1.0,67.6
USASPENDING_V1,USA,Consulting / research / audit,541720,dpaa russian archival research services (hybrid contract: firm fixed price - level of effort and time & material),1,701450.11,1.0,67.6
USASPENDING_V1,USA,Consulting / research / audit,541715,small business innovative research (sbir) phase ii proposal #l<n>s-<n> tendered under topic #dla<n>-<n> to terves llc fo,1,1491485.0,1.0,67.6
USASPENDING_V1,USA,Consulting / research / audit,541715,sequential phase ii sbir to develop a ceramic membrane based portable oxygen generator to support the supply of medical ,1,1299867.84,1.0,67.6
USASPENDING_V1,USA,Consulting / research / audit,541715,phase iii sbir with skyhaven systems llc,1,1099963.0,1.0,67.6
USASPENDING_V1,USA,Consulting / research / audit,541330,igf::ct::igf dso seta daniel wattendorf - technical support task new award critical functions,1,1999790.21,1.0,67.6
USASPENDING_V1,USA,Consulting / research / audit,541715,quasi-conformal ionized pvd coatings using hipims deposition and etching for complex <n>d additive manufacturing refract,1,1249999.52,1.0,67.6
USASPENDING_V1,USA,Consulting / research / audit,541715,"topic area section <n>.<n>.a, submission number b<n>-<n> broad agency announcement (baa) to develop a selective, portabl",1,1575000.0,1.0,67.6
USASPENDING_V1,USA,Consulting / research / audit,541715,research and development sbir phase ii topic af<n>-<n>,1,1951865.28,1.0,67.6
USASPENDING_V1,USA,Consulting / research / audit,541715,f<n>d-<n> compact stored propellant propulsion system for vleo satellites. the goal of this effort is to demonstrate a p,1,1699936.24,1.0,67.6
USASPENDING_V1,USA,Consulting / research / audit,541715,"corvid technologies, llc sbir phase ii develop a millimeter wave imaging system capable of seeing through degraded visua",1,1099970.66,1.0,67.6
USASPENDING_V1,USA,Consulting / research / audit,541611,omnibus survey,1,1122523.0,1.0,67.6
USASPENDING_V1,USA,Consulting / research / audit,336992,"military armored vehicle, tank, and tank component manufacturing",1,819922.59,1.0,67.6
USASPENDING_V1,USA,Consulting / research / audit,541330,"the contractor shall provide administrative, business, technical and financial support for the office of naval research ",1,1443056.0,1.0,67.6
USASPENDING_V1,USA,Consulting / research / audit,541712,"the contractor shall conduct studies that asses the role of metabolizing enzymes, transporters, and tissue permeability ",1,1426173.41,1.0,67.6
USASPENDING_V1,USA,Consulting / research / audit,541519,"requirement to provide dynamic integration tool for the nc<n> program, usaf.",1,1579345.64,1.0,67.6
USASPENDING_V1,USA,Consulting / research / audit,541611,bsee offshore wind inspection study,1,658493.0,1.0,67.6
USASPENDING_V1,USA,Consulting / research / audit,541715,chromologic small business innovative research phase ii,1,1099921.2,1.0,67.6
USASPENDING_V1,USA,Consulting / research / audit,541715,advanced coatings for hypersonic applications,1,1999634.0,1.0,67.6
USASPENDING_V1,USA,Consulting / research / audit,541611,fy<n>. base award. nida clinical trials research coordination center ref. # n<n>da-<n>-<n>. period of performance: <n>/<,1,1745869.38,1.0,67.6
USASPENDING_V1,USA,Consulting / research / audit,541715,new darpa small business innovative research phase ii,1,995982.0,1.0,67.6
USASPENDING_V1,USA,Consulting / research / audit,541715,project dynamo <n>kw generator,1,1736066.0,1.0,67.6
USASPENDING_V1,USA,Consulting / research / audit,541715,ew<n>-<n> watergate environmental tech,1,1883627.0,1.0,67.6
USASPENDING_V1,USA,Consulting / research / audit,334516,ou<n>-<n>-new-<n> and ou<n>-fy<n>-<n>-new advanced test vehicle to study reliability of materials used in advanced packa,1,900000.0,1.0,67.6
USASPENDING_V1,USA,Consulting / research / audit,541715,sbi phase iii research and development,1,996702.64,1.0,67.6
USASPENDING_V1,USA,Consulting / research / audit,541715,intelligent automation sbir phase ii,1,550000.01,1.0,67.6
USASPENDING_V1,USA,Consulting / research / audit,541715,sbir phase ii award to transtek international llc under topic no. <n>-fh<n>.,1,999093.04,1.0,67.6
USASPENDING_V1,USA,Consulting / research / audit,518210,transportation data hub - internet of things (iot). this funding is to be used to establish a surface transportation and,1,1473627.0,1.0,67.6
USASPENDING_V1,USA,Consulting / research / audit,541715,high temperature replacement seals,1,1249950.0,1.0,67.6
USASPENDING_V1,USA,Consulting / research / audit,541511,"sbir phase iii af<n>-d<n>, airborne radio sustainment modernization",1,1901240.0,1.0,67.6
USASPENDING_V1,USA,Consulting / research / audit,541715,progress report #<n> kickoff,1,1658607.0,1.0,67.6
USASPENDING_V1,USA,Consulting / research / audit,336411,igf::ot::igf small business innovation research (sbir) phase iii,1,822203.14,1.0,67.6
USASPENDING_V1,USA,Consulting / research / audit,541330,the award is for the <n>-month marine transportation cutter-heavy (mtc-h) homeport feasibility study under the masi prog,1,1345570.95,1.0,67.6
USASPENDING_V1,USA,Consulting / research / audit,541715,"see section j, attachment <n>, statement of work (sow) titled, defining laboratory derangements from non-compressible he",1,740126.0,1.0,67.6
USASPENDING_V1,USA,Consulting / research / audit,811219,equipment maintenance,1,1048333.34,1.0,67.6
USASPENDING_V1,USA,Consulting / research / audit,541715,hand emplaced firing system development,1,649377.2,1.0,67.6
USASPENDING_V1,USA,Consulting / research / audit,541715,"congressionally mandated sexual assault at sea study in accordance with the fy<n> ndaa public law <n> <n> dec <n>, <n>, ",1,1646428.0,1.0,67.6
USASPENDING_V1,USA,Consulting / research / audit,541715,"this is to establish a new contract for the oats remote space unmanned system. federal sbir program, mandated by <n> u.s",1,999052.98,1.0,67.6
USASPENDING_V1,USA,Consulting / research / audit,541715,radar disruption systems,1,1799862.0,1.0,67.6
USASPENDING_V1,USA,Consulting / research / audit,513210,ccar transcom,1,919278.79,1.0,67.6
USASPENDING_V1,USA,Consulting / research / audit,541712,"igf::ot::igf assessment of unmanned technologies for maritime domain awareness  the scope of this order is to research, ",1,549573.93,1.0,67.6
USASPENDING_V1,USA,Consulting / research / audit,541620,technical and administrative support to the u.s. environmental protection agency's national water program in accordance ,1,662856.0,1.0,67.6
USASPENDING_V1,USA,Consulting / research / audit,541715,updating swx benchmarks for critical infrastructure protection project.,1,1956000.0,1.0,67.6
USASPENDING_V1,USA,Consulting / research / audit,541612,"expert level, non-personal consulting services in support of usnorthcom j<n> (future operations) support in theater secu",1,1401641.38,1.0,67.6
USASPENDING_V1,USA,Consulting / research / audit,541715,"sbir phase ii, t<n>-<n> - radiation dose advisor application",1,1149269.0,1.0,67.6
USASPENDING_V1,USA,Consulting / research / audit,221310,nasa langley research center potable water service with newport news waterworks.,1,1300576.0,1.0,67.6
USASPENDING_V1,USA,Consulting / research / audit,541715,test rig for effective reproduction of inlet distorted supersonic flows,1,749882.0,1.0,67.6
USASPENDING_V1,USA,Consulting / research / audit,541715,infrared coating process improvements for detectors sbir ii topic af<n>-d<n>,1,1243917.0,1.0,67.6
USASPENDING_V1,USA,Consulting / research / audit,541715,realistic image and neighborhood generator (ring) <n>,1,749485.0,1.0,67.6
USASPENDING_V1,USA,Consulting / research / audit,541330,sbir sequential (tacfi) phase ii topic af<n>-d<n> - virtual painter training,1,727934.42,1.0,67.6
USASPENDING_V1,USA,Consulting / research / audit,541714,cost effective operationally responsive ku-band antenna (corkuba) crp sbir phase ii,1,1436557.89,1.0,67.6
USASPENDING_V1,USA,Consulting / research / audit,334419,prototype development,1,991980.0,1.0,67.6
USASPENDING_V1,USA,Consulting / research / audit,541110,legal advisory support services.,1,1500000.0,1.0,67.6
USASPENDING_V1,USA,Consulting / research / audit,541715,"develop a highly precise, <n>-axis stabilized control system that integrates seamlessly with satellite navigation system",1,1890404.0,1.0,67.6
USASPENDING_V1,USA,Consulting / research / audit,541715,"phase ii stt contract titled: ""vat polymerization materials for am of gun propellants"".",1,1149971.14,1.0,67.6
USASPENDING_V1,USA,Consulting / research / audit,541330,sw developer support services - base,1,1249979.74,1.0,67.6
USASPENDING_V1,USA,Consulting / research / audit,541690,igf::ot::igf north american fatigue management program study,1,873362.0,1.0,67.6
USASPENDING_V1,USA,Consulting / research / audit,541715,army sttr phase ii for the effort entitled integrated ferrite inductors and transformers for power electronics with ultr,1,1315218.59,1.0,67.6
USASPENDING_V1,USA,Consulting / research / audit,611710,small business innovation research phase iii v-bat ground and flight operations training and development for unmanned ae,1,691140.0,1.0,67.6
USASPENDING_V1,USA,Consulting / research / audit,541990,the purpose of this contract is to support the we<n>f mid-term and final evaluation activities.,1,500000.0,1.0,67.6
USASPENDING_V1,USA,Consulting / research / audit,541715,r&d: preems,1,1311316.0,1.0,67.6
USASPENDING_V1,USA,Consulting / research / audit,541715,extending performance limits of resonant acoustic technologies through improved/optimized process integration,1,799493.0,1.0,67.6
USASPENDING_V1,USA,Consulting / research / audit,541330,sbir d<n>p<n> af<n>-d<n> - entry human safety shop floor human detection using low-cost equipment.,1,1246678.56,1.0,67.6
USASPENDING_V1,USA,Consulting / research / audit,541715,this sbir/tacfi effort will focus on scalable <n> meter and <n>.<n> meters autonomous capture and acquisition robotic-ar,1,1899994.0,1.0,67.6
USASPENDING_V1,USA,Consulting / research / audit,541715,longshot hypersonic accelerator,1,1810000.0,1.0,67.6
USASPENDING_V1,USA,Consulting / research / audit,541715,support for collaborative research on wheel/rail interface research thru nrc's icri initiative.,1,600000.0,1.0,67.6
USASPENDING_V1,USA,Consulting / research / audit,541715,"ep study -  if more information is needed, please contact the co directly.",1,625551.03,1.0,67.6
USASPENDING_V1,USA,Consulting / research / audit,541611,"technical, logistical and conference support for the nida aids research program.",1,1814318.59,1.0,67.6
USASPENDING_V1,USA,Consulting / research / audit,541620,<n> - environmental consulting services,1,1093051.96,1.0,67.6
USASPENDING_V1,USA,Consulting / research / audit,541715,"sbir phase ii proposal f<n>d-<n> in response to darpa topic afx<n>-dpcs<n> for ""self-tipping rf collection.""",1,1249987.72,1.0,67.6
USASPENDING_V1,USA,Consulting / research / audit,541611,"the purpose of this requirement is to obtain consulting services for the united states department of labor (dol), mine s",1,1179373.11,1.0,67.6
USASPENDING_V1,USA,Consulting / research / audit,541712,"igf::ot::igf - army sbir phase ii effort entitled, ""innovative semi-active laser (sal) signal processing techniques in n",1,981806.15,1.0,67.6
USASPENDING_V1,USA,Consulting / research / audit,519130,markit data research suite,1,1931319.5,1.0,67.6
USASPENDING_V1,USA,Consulting / research / audit,541715,"development of a lidar imager for navigation, environmental analysis, and reconnaissance (linear).",1,1982666.0,1.0,67.6
USASPENDING_V1,USA,Consulting / research / audit,541330,c<n> - perform program study - rick robey,1,615234.53,1.0,67.6
USASPENDING_V1,USA,Consulting / research / audit,541715,to initiate a new contract for dhs<n>-<n> pii vadum automated ai distress alerts,1,999717.04,1.0,67.6
USASPENDING_V1,USA,Consulting / research / audit,541715,sbir/sttr phase ii r&d - smallsat stirling cryocooler for bmds (ssc-x),1,1682867.86,1.0,67.6
USASPENDING_V1,USA,Consulting / research / audit,541320,section <n>(d) *** public safety ***  ndemu independent study program support services - logical follow-on,1,679874.0,1.0,67.6
USASPENDING_V1,USA,Consulting / research / audit,541715,elastomeric selection for monopropellant diaphragm,1,749999.98,1.0,67.6
USASPENDING_V1,USA,Consulting / research / audit,611310,edu services,1,1955000.0,1.0,67.6
USASPENDING_V1,USA,Consulting / research / audit,712120,consulting for state historical preservation.,1,1616534.4,1.0,67.6
USASPENDING_V1,USA,Consulting / research / audit,541715,"saferstreet solutions phase ii sbir under topic <n>-nh<n>: device for automatic seat belt use detection, data collection",1,999991.89,1.0,67.6
USASPENDING_V1,USA,Consulting / research / audit,541711,"base award multiple cans total $<n>,<n>.<n>",1,693374.0,1.0,67.6
USASPENDING_V1,USA,Consulting / research / audit,541715,"sbir topic #a<n>-<n>, phase ii, em photonics, incorporated",1,1999982.84,1.0,67.6
USASPENDING_V1,USA,Consulting / research / audit,541715,"polaris sensor technologies, inc sbir phase ii development of polarimetric swir camera system with ai/ml capabilities to",1,1099081.82,1.0,67.6
USASPENDING_V1,USA,Consulting / research / audit,541715,bio-inspired energy dissipating structures for enhanced airdrop capabilities,1,799996.0,1.0,67.6
USASPENDING_V1,USA,Consulting / research / audit,541714,new darpa sibr ii - ziva corporation seeks to develop lightweight wireless two-way time transfer system integrated into ,1,899722.96,1.0,67.6
USASPENDING_V1,USA,Consulting / research / audit,541715,model and demonstration of joint personal electric vehicle and government electric vehicle charging and ev charging as a,1,1945328.0,1.0,67.6
USASPENDING_V1,USA,Consulting / research / audit,541715,updating the framework for ahrq's national healthcare quality and disparities report (nhqdr) updating the measurement cr,1,565000.0,1.0,67.6
USASPENDING_V1,USA,Consulting / research / audit,541690,"**due to a systems issue, this award was incorrectly linked to the wrong idiq contract in cms' contract management syste",1,892649.0,1.0,67.6
USASPENDING_V1,USA,Consulting / research / audit,541715,"sbir iii-advanced, economical, in-space hybrid propulsion",1,1141505.0,1.0,67.6
USASPENDING_V1,USA,Consulting / research / audit,541611,technical and consulting services to the u.s. cpsc's office of import surveillance to complete efiling beta implementati,1,849156.74,1.0,67.6
USASPENDING_V1,USA,Consulting / research / audit,541715,sbir/sttr phase ii r&d - modeling of the attenuation effects of the ionosphere and troposphere for radio frequency appli,1,999784.78,1.0,67.6
USASPENDING_V1,USA,Consulting / research / audit,541715,baa call <n> award to tamu   development of non-system specific technology to integrate unmanned aircraft systems (uas) ,1,532146.0,1.0,67.6
USASPENDING_V1,USA,Consulting / research / audit,541715,electrochemical biosensor based rapid diagnostic platform for quantitative detection controlled substance related metabo,1,749516.0,1.0,67.6
USASPENDING_V1,USA,Consulting / research / audit,541380,unc-ch mouse behavior research,1,1218978.0,1.0,67.6
USASPENDING_V1,USA,Consulting / research / audit,334515,instrument modification,1,511445.0,1.0,67.6
USASPENDING_V1,USA,Consulting / research / audit,541715,portable handheld imaging radar system technology evaluation,1,1499399.0,1.0,67.6
USASPENDING_V1,USA,Consulting / research / audit,541715,research and development services for leader competency development methods supporting mission command in the future ope,1,929826.95,1.0,67.6
USASPENDING_V1,USA,Consulting / research / audit,541720,"international activities research, evaluation, and quality control support contract",1,818974.59,1.0,67.6
USASPENDING_V1,USA,Consulting / research / audit,541714,chemoprevention with mitochondria-targeted honokiol in mouse models of lung cancer: adenocarcinoma and squamous cell car,1,1201554.0,1.0,67.6
USASPENDING_V1,USA,Consulting / research / audit,541715,slipstream project ew<n>-<n>,1,728521.0,1.0,67.6
USASPENDING_V1,USA,Consulting / research / audit,541611,to procure management consulting support services.,1,904430.96,1.0,67.6
USASPENDING_V1,USA,Consulting / research / audit,541715,small business innovation research phase ii for topic n<n>-<n> to further efforts from phase i contract n<n>-<n>-c-<n>.,1,1899849.14,1.0,67.6
USASPENDING_V1,USA,Consulting / research / audit,541715,"the goal of this rdte project is to conduct a sensitivity, uncertainty, and robustness analyses of the current version o",1,589524.0,1.0,67.6
USASPENDING_V1,USA,Consulting / research / audit,541714,brain tissue processing with duke university,1,1712543.57,1.0,67.6
USASPENDING_V1,USA,Consulting / research / audit,541715,"sbir phase ii sequential topic a<n>-<n>, innovative approaches for aided target recognition (aitr) of army targets.",1,1999722.9,1.0,67.6
USASPENDING_V1,USA,Consulting / research / audit,238210,igf::ot::igf high/low voltage electrical service contract for the usda-ars beltsville agricultural research center facil,1,1912038.63,1.0,67.6
USASPENDING_V1,USA,Consulting / research / audit,541715,broad agency announcement (baa) for pfas source zone characterization desktop study,1,627658.0,1.0,67.6
USASPENDING_V1,USA,Consulting / research / audit,541715,reds-iv-p domestic hubs - phase <n>,1,1590903.99,1.0,67.6
USASPENDING_V1,USA,Consulting / research / audit,541714,project title: low-dose erlotinib and mesalamine for prevention of colitis-associated colorectal cancer (cac),1,691578.0,1.0,67.6
USASPENDING_V1,USA,Consulting / research / audit,333318,taiwan air force f-<n> trade study,1,1418532.23,1.0,67.6
USASPENDING_V1,USA,Consulting / research / audit,541715,"sbir phase ii sequential topic a<n>-<n>, model-based testing of integrated aviation mission systems.",1,1597033.04,1.0,67.6
USASPENDING_V1,USA,Consulting / research / audit,541712,divine fox,1,1971735.0,1.0,67.6
USASPENDING_V1,USA,Consulting / research / audit,541715,this broad agency announcement (baa) contract is to utilize perception technology from automotive sector to enhance foul,1,500000.0,1.0,67.6
USASPENDING_V1,USA,Consulting / research / audit,541715,sttr phase ii base award: automated multi-cell laser-driven ballistic test device,1,1149895.48,1.0,67.6
USASPENDING_V1,USA,Consulting / research / audit,541715,"uht ii - if more information is needed, please contact the co directly.",1,1699204.0,1.0,67.6
USASPENDING_V1,USA,Consulting / research / audit,541715,commercial weather data pilot ii drought prediction,1,983100.69,1.0,67.6
USASPENDING_V1,USA,Consulting / research / audit,541715,phase ii small business innovative research (sbir)cts cement manufacturing corporation. proposal # l<n>s-<n> rapid-setti,1,999921.0,1.0,67.6
USASPENDING_V1,USA,Consulting / research / audit,541620,industrial hygiene support services,1,515247.75,1.0,67.6
USASPENDING_V1,USA,Consulting / research / audit,541715,contract award for dynamic characterization of critical materials,1,1089515.12,1.0,67.6
USASPENDING_V1,USA,Consulting / research / audit,541715,exwc sh<n>/donahue: dynamic testing of headed reinforcement for validation in ecms,1,568257.0,1.0,67.6
USASPENDING_V1,USA,Consulting / research / audit,541715,"new baa - haptics integration within tactical combat casualty care (tc<n>) training.the contractor will analyze, develop",1,1916480.0,1.0,67.6
USASPENDING_V1,USA,Consulting / research / audit,541690,best practice in state and regional innovation initiatives study,1,1199276.38,1.0,67.6
USASPENDING_V1,USA,Consulting / research / audit,541715,living systematic review on plant-based treatment for chronic pain,1,1357983.0,1.0,67.6
USASPENDING_V1,USA,Consulting / research / audit,611310,irb services,1,550000.0,1.0,67.6
USASPENDING_V1,USA,Consulting / research / audit,541712,"igf::ot::igf  advanced aircraft technology - ""flexible materials"" contract confidential",1,1405600.0,1.0,67.6
USASPENDING_V1,USA,Consulting / research / audit,541330,ampere,1,751156.0,1.0,67.6
USASPENDING_V1,USA,Consulting / research / audit,541380,"igf::ot::igf - neogenomics laboratories, inc. to provide clinical diagnostic testing services to the nhlbi division of i",1,1101929.74,1.0,67.6
USASPENDING_V1,USA,Consulting / research / audit,541715,integrating multiple protection and structural technologies,1,1756484.0,1.0,67.6
USASPENDING_V1,USA,Consulting / research / audit,541611,igf::ot::igf data management services for the <n> national electronic health records survey supplement,1,641681.0,1.0,67.6
USASPENDING_V1,USA,Consulting / research / audit,541330,sbir phase ii autonomous internal exploration and inspection of confined spaces,1,1249832.31,1.0,67.6
USASPENDING_V1,USA,Consulting / research / audit,541712,"new to: newborn screening pilot study for an expanded group of homocystinuria (hcu)-related disorders (termed ""expanded ",1,783461.77,1.0,67.6
USASPENDING_V1,USA,Consulting / research / audit,541330,efast <n>-<n>-n<n> tactical scheduling and metering tool (tsmt) acquisition support,1,847495.42,1.0,67.6
USASPENDING_V1,USA,Consulting / research / audit,541611,nass requires technical research services of a statistician with specialized skills: (<n>) modeling and producing small ,1,1310875.0,1.0,67.6
USASPENDING_V1,USA,Consulting / research / audit,621399,cisa covid pediatric kaiser foundation hospitals,1,682236.0,1.0,67.6
USASPENDING_V1,USA,Consulting / research / audit,541715,phase ii sbir mil-prf-<n> capable controlled-spray head,1,1649718.01,1.0,67.6
USASPENDING_V1,USA,Consulting / research / audit,541715,high temperature window modules and bio-inspired imager for high speed eo/ir applications,1,960000.0,1.0,67.6
USASPENDING_V1,USA,Consulting / research / audit,541712,"igf::ot::igf vision <n> study for integrated, multiscale, materials and structures modeling and simulation research oppo",1,1208586.0,1.0,67.6
USASPENDING_V1,USA,Consulting / research / audit,541330,lunar surface instrument and technology payloads (lsitp).nnh<n>zda<n>n,1,1771571.0,1.0,67.6
USASPENDING_V1,USA,Consulting / research / audit,541519,gartner license subscription for headquarters army materiel command,1,977798.0,1.0,67.6
USASPENDING_V1,USA,Consulting / research / audit,541715,this contract will enable establishment of up to <n> clinical sites for a cohort study that seeks to recruit and retain ,1,1509006.06,1.0,67.6
USASPENDING_V1,USA,Consulting / research / audit,541715,defense health agency phase ii sbir for project continued development of the coaxial femoral cannula (cfc) for far forwa,1,1299976.0,1.0,67.6
USASPENDING_V1,USA,Consulting / research / audit,336412,f-<n> lightning ii - engine study,1,578350.84,1.0,67.6
USASPENDING_V1,USA,Consulting / research / audit,541330,spare parts,1,570993.0,1.0,67.6
USASPENDING_V1,USA,Consulting / research / audit,541611,the acquisition services division is seeking acquisition support to provide acquisition management consulting and analys,1,873079.82,1.0,67.6
USASPENDING_V1,USA,Consulting / research / audit,541715,research - effects of preconception stress and environmental exposure.,1,1485818.0,1.0,67.6
USASPENDING_V1,USA,Consulting / research / audit,541715,research and development - development and implementation of a robust k-<n> stem education program,1,675230.0,1.0,67.6
USASPENDING_V1,USA,Consulting / research / audit,541715,"osd sttr phase ii: fast startup, fuel flexible cpox system for sofc",1,1149916.2,1.0,67.6
USASPENDING_V1,USA,Consulting / research / audit,541715,corrosion indicating coatings for aircraft bilges and wheel wells,1,1499971.0,1.0,67.6
USASPENDING_V1,USA,Consulting / research / audit,541720,non-cognitive predictors of performance in close combat jobs,1,1514781.92,1.0,67.6
USASPENDING_V1,USA,Consulting / research / audit,541990,analytical services for the hawaiian monk seal research program,1,651766.1,1.0,67.6
USASPENDING_V1,USA,Consulting / research / audit,541519,"<n> d<n>-a<n> wastewater surveillance, ltcah and nh for ar",1,877640.09,1.0,67.6
USASPENDING_V1,USA,Consulting / research / audit,541990,contract support to conduct data science research to enhance and improve current national center for science and enginee,1,1712936.0,1.0,67.6
USASPENDING_V1,USA,Consulting / research / audit,541712,igf::ot::igf ceramic matrix composite (cmc) test program base period and optional task.  the contractor shall conduct a ,1,616138.0,1.0,67.6
USASPENDING_V1,USA,Consulting / research / audit,541611,hill international will provide fta region iv (tr<n>) with program management oversight services to support hurricane ma,1,1779913.99,1.0,67.6
USASPENDING_V1,USA,Consulting / research / audit,541714,disposable dose rate nodes,1,1338646.0,1.0,67.6
USASPENDING_V1,USA,Consulting / research / audit,541712,igf::ot::igf - industrialization of fabic and fiber coatings,1,1368082.0,1.0,67.6
USASPENDING_V1,USA,Consulting / research / audit,541512,request technical writer support services to help review and manage the backlog of research documents.,1,542082.8,1.0,67.6
USASPENDING_V1,USA,Consulting / research / audit,541715,sbir sequential phase ii tacfi  year <n>,1,999999.74,1.0,67.6
USASPENDING_V1,USA,Consulting / research / audit,541715,"sbir phase ii sequential solicitation, topic # a<n>-<n>, luna labs usa, llc",1,1994331.08,1.0,67.6
USASPENDING_V1,USA,Consulting / research / audit,541715,countering contested logistics with claw (container lifting autonomous-docking winch),1,1594625.63,1.0,67.6
USASPENDING_V1,USA,Consulting / research / audit,541715,"research and development for army phase ii sbir month <n>-<n> project titled, developing an ideal first use agent to pre",1,1155968.0,1.0,67.6
USASPENDING_V1,USA,Consulting / research / audit,541611,igf::ot::igf  oepc err team program support,1,642395.28,1.0,67.6
USASPENDING_V1,USA,Consulting / research / audit,541715,"research, development and demonstration of technologies that can improve the efficiency of locomotives while reducing em",1,500000.0,1.0,67.6
USASPENDING_V1,USA,Consulting / research / audit,541715,small business innovative research services (sbir) phase ii sco<n>d-<n> collaborative mission autonomy for sensor resour,1,1496266.13,1.0,67.6
USASPENDING_V1,USA,Consulting / research / audit,541715,alternative approach to contact type analogue data slipring,1,1499981.58,1.0,67.6
USASPENDING_V1,USA,Consulting / research / audit,541715,small business technology transfer (sttr) phase iii to pilot scale to form powdered metal organic frameworks and then in,1,1499927.88,1.0,67.6
USASPENDING_V1,USA,Consulting / research / audit,541715,"graphenix development, inc., small business innovative research (sbir) phase ii proposal #l<n>-<n> for roll to roll plas",1,1601599.0,1.0,67.6
USASPENDING_V1,USA,Consulting / research / audit,541620,"follow on to <n>herc<n>f<n> ""technical and administrative support for the waters of the united states proposed rule and ",1,1170427.0,1.0,67.6
USASPENDING_V1,USA,Consulting / research / audit,541715,"global positioning satellite dynamic antenna array system small business innovation research phase iii- fort huachuca, e",1,1999428.95,1.0,67.6
USASPENDING_V1,USA,Consulting / research / audit,541990,auditing services,1,523214.0,1.0,67.6
USASPENDING_V1,USA,Consulting / research / audit,541715,novel camera research and technology transition,1,900070.0,1.0,67.6
USASPENDING_V1,USA,Consulting / research / audit,541715,"sbir phase ii topic #a<n>-<n> ""dualwave mid-wave infrared/long-wave infrared (mwir/lwir) imagining polarimeter (dipole) ",1,1097778.42,1.0,67.6
USASPENDING_V1,USA,Consulting / research / audit,541720,linked ncses data for evidence-based policy: measuring early career success and modelling the academic research supply c,1,1999692.0,1.0,67.6
USASPENDING_V1,USA,Consulting / research / audit,334519,riegl vux-<n>ha-<n> u<n>,1,746874.0,1.0,67.6
USASPENDING_V1,USA,Consulting / research / audit,541715,heat-transmitting nyco textile,1,1099991.49,1.0,67.6
USASPENDING_V1,USA,Consulting / research / audit,541211,exercise option year <n> for the contractor to provide general and applications controls audit services,1,1887834.96,1.0,67.6
USASPENDING_V1,USA,Consulting / research / audit,541715,arbitrary-sized scramjet assemblies,1,749997.0,1.0,67.6
USASPENDING_V1,USA,Consulting / research / audit,541715,directed energy effects model development and validation,1,1488271.0,1.0,67.6
USASPENDING_V1,USA,Consulting / research / audit,541715,"integrate and analyze of suas survey, registration and airspace data for enhanced risk assessment and forecasting task o",1,1250000.0,1.0,67.6
USASPENDING_V1,USA,Consulting / research / audit,541715,sri international:<n> [<n>-<n>],1,1672813.0,1.0,67.6
USASPENDING_V1,USA,Consulting / research / audit,541712,whns for local programs and training,1,1064606.0,1.0,67.6
USASPENDING_V1,USA,Consulting / research / audit,541712,igf::ot::igf social interaction analysis - sherlock,1,740021.59,1.0,67.6
USASPENDING_V1,USA,Consulting / research / audit,541715,seer*educate base award,1,913683.0,1.0,67.6
USASPENDING_V1,USA,Consulting / research / audit,522310,"requisition <n>ne<n> was issued to provide investment consulting services to the department of energy, office of the gen",1,518169.99,1.0,67.6
USASPENDING_V1,USA,Consulting / research / audit,927110,sf<n>-d<n> digital spaceport of the future. this project aims to develop a prototype that integrates various data source,1,1899300.0,1.0,67.6
USASPENDING_V1,USA,Consulting / research / audit,541715,on-demand generation of hydrogen peroxide for vaporous decontamination systems,1,1677774.0,1.0,67.6
USASPENDING_V1,USA,Consulting / research / audit,541715,sbir phase ii-this effort is to build a prototype dual color ir clutter generator.,1,1099999.38,1.0,67.6
USASPENDING_V1,USA,Consulting / research / audit,488190,to complete a <n>-month inspections on a gulfstream iii nasa <n> aircraft and return it to nasa afrc in serviceable cond,1,655000.0,1.0,67.6
USASPENDING_V1,USA,Consulting / research / audit,541715,"effective treatment for polymicrobial infections: drug, dose,&duration",1,545235.0,1.0,67.6
USASPENDING_V1,USA,Consulting / research / audit,541511,computational toolbox sustainment and enhancement.,1,650089.09,1.0,67.6
USASPENDING_V1,USA,Consulting / research / audit,541715,medical research and development - sbir ii tacfi,1,1799613.4,1.0,67.6
USASPENDING_V1,USA,Consulting / research / audit,541715,topic <n>.<n> - dev of innovative methods & strategies to evaluate effect of vaccines in preventing outpatient lab confi,1,1300000.0,1.0,67.6
USASPENDING_V1,USA,Consulting / research / audit,541715,modeling and analysis support for wispr and solohi. baa contract to predictive science inc.,1,646750.0,1.0,67.6
USASPENDING_V1,USA,Consulting / research / audit,541712,sift hpu,1,878832.0,1.0,67.6
USASPENDING_V1,USA,Consulting / research / audit,541715,sbir phase ii titled scaled production of high-density cryogenic flexible coaxial (flax) rf ribbon cables,1,974687.0,1.0,67.6
USASPENDING_V1,USA,Consulting / research / audit,541715,sbir/sttr phase ii r&d : trajectory simulation using psm,1,1748176.0,1.0,67.6
USASPENDING_V1,USA,Consulting / research / audit,541715,deep eutectic solvent (des)-based electrolytes for nanomaterials-based supercapacitors.,1,969500.99,1.0,67.6
USASPENDING_V1,USA,Consulting / research / audit,541715,synthesizing course of action frames from observations and link derivation,1,1249937.0,1.0,67.6
USASPENDING_V1,USA,Consulting / research / audit,541715,research & development (baa) <n>-<n> integrated system for operations in polar seas: reconnaissance and occupation of se,1,1099775.0,1.0,67.6
USASPENDING_V1,USA,Consulting / research / audit,611430,cro consulting services,1,502707.11,1.0,67.6
USASPENDING_V1,USA,Consulting / research / audit,813920,the contractor shall provide law enforcement and associated security personnel and infrastructure analysis and advisory ,1,727435.0,1.0,67.6
USASPENDING_V1,USA,Consulting / research / audit,541330,feasibility study for alternative water supply development at cannon air force,1,723000.0,1.0,67.6
USASPENDING_V1,USA,Consulting / research / audit,541712,igf::ot::igf::   sbir/sttr phase ii r&d,1,922053.06,1.0,67.6
USASPENDING_V1,USA,Consulting / research / audit,541715,sttr sequential phase ii  year <n>,1,1314850.12,1.0,67.6
USASPENDING_V1,USA,Consulting / research / audit,541715,"small business innovation research phase ii sequential contract, topic a<n>-<n>, proposal a<n>-<n> for deep eutectic sol",1,999999.98,1.0,67.6
USASPENDING_V1,USA,Consulting / research / audit,541611,the purpose of this requirement is to obtain technical assistance services to support mailout operations for a number of,1,758062.11,1.0,67.6
USASPENDING_V1,USA,Consulting / research / audit,541715,sbir ph<n> on topic <n>-ph<n> internal repair of steel transmission pipelines,1,998446.57,1.0,67.6
USASPENDING_V1,USA,Consulting / research / audit,541715,igf::ot::igf - baa -develop and evaluate several prototype head-up displays (huds) using the cab technology integration ,1,1006409.28,1.0,67.6
USASPENDING_V1,USA,Consulting / research / audit,541715,sequential phase ii sbir - stackable portable oxygen generator for deployed army casualty care,1,1299939.62,1.0,67.6
USASPENDING_V1,USA,Consulting / research / audit,541715,"small business innovation research (sbir), phase ii sequential, topic a<n>-<n>, behavioristic electromagnetic spectrum a",1,1999999.99,1.0,67.6
USASPENDING_V1,USA,Consulting / research / audit,541715,enabling robust simulations through advanced interactive technologies,1,1994161.0,1.0,67.6
USASPENDING_V1,USA,Consulting / research / audit,541715,millimeter wave imaging with high electron mobility transistors,1,1315208.66,1.0,67.6
USASPENDING_V1,USA,Consulting / research / audit,561720,glassware laboratory research support services,1,982994.24,1.0,67.6
USASPENDING_V1,USA,Consulting / research / audit,541712,"igf::ot::igf material receipt, storage, shipping and inventory",1,530845.56,1.0,67.6
USASPENDING_V1,USA,Consulting / research / audit,541715,<n> mdw/st sbir ii tacfi. develop and validate hardware and method for the bva-<n>f diagnostic.,1,1899999.72,1.0,67.6
USASPENDING_V1,USA,Consulting / research / audit,541715,trisense: an artificially intelligent (ai)-powered volatile organic compounds (voc) sensing system for culture-free infe,1,1299992.46,1.0,67.6
USASPENDING_V1,USA,Consulting / research / audit,541715,sttr phase ii freeform gun optics,1,1099996.21,1.0,67.6
USASPENDING_V1,USA,Consulting / research / audit,541990,this is a modification to omi&a contrack dtfr<n>-<n>-d-<n>.  this will be a new task.,1,1410901.86,1.0,67.6
USASPENDING_V1,USA,Consulting / research / audit,541990,research laboratory assistant support contract,1,758052.48,1.0,67.6
USASPENDING_V1,USA,Consulting / research / audit,541715,development of a far-forward food and water-borne pathogen detection system for use in austere environments. <n> authori,1,1314938.23,1.0,67.6
USASPENDING_V1,USA,Consulting / research / audit,541611,professional consulting services for hydropower,1,652461.36,1.0,67.6
USASPENDING_V1,USA,Consulting / research / audit,541715,sbir ii - high temperature paste adhesives and sealants,1,1250000.0,1.0,67.6
USASPENDING_V1,USA,Consulting / research / audit,541714,cancer prevention by vaccination against induced antigens,1,1219899.79,1.0,67.6
USASPENDING_V1,USA,Consulting / research / audit,541690,report on racial and ethnic health disparities?,1,1500000.0,1.0,67.6
USASPENDING_V1,USA,Consulting / research / audit,541715,"modeling - if more information is needed, please contact the co directly.",1,646470.0,1.0,67.6
USASPENDING_V1,USA,Consulting / research / audit,541715,defining the role of college students in sars-cov-<n> spread in the upper midwest,1,1290867.0,1.0,67.6
USASPENDING_V1,USA,Consulting / research / audit,561210,"o&m services for subtropical horticulture research station, miami",1,500235.25,1.0,67.6
USASPENDING_V1,USA,Consulting / research / audit,541715,igf::ot::igf marshall univ. baa u<n>,1,997332.18,1.0,67.6
USASPENDING_V1,USA,Consulting / research / audit,541715,sibr phase <n> follow on for analysis and prototyping of <n>d printed parts for landing gear,1,1164133.0,1.0,67.6
USASPENDING_V1,USA,Consulting / research / audit,541715,maintenance of the ahrq systematic review data repository platform,1,1484504.0,1.0,67.6
USASPENDING_V1,USA,Consulting / research / audit,541715,apt center fellowship program at case western reserve university,1,574601.3,1.0,67.6
USASPENDING_V1,USA,Consulting / research / audit,541715,this effort is a small business innovative research phase ii effort for agile radio for interfacing unmanned systems.,1,1550297.51,1.0,67.6
USASPENDING_V1,USA,Consulting / research / audit,541715,science to support endangered species recovery u<n>f<n>,1,707401.0,1.0,67.6
USASPENDING_V1,USA,Consulting / research / audit,541715,new start sttr phase ii titled: scalable intrinsically porous organic polymers,1,697352.35,1.0,67.6
USASPENDING_V1,USA,Consulting / research / audit,334511,purchase of trimble survey equipment for the nrcs in,1,566051.8,1.0,67.6
USASPENDING_V1,USA,Consulting / research / audit,541720,online research platform,1,500000.0,1.0,67.6
USASPENDING_V1,USA,Consulting / research / audit,541715,small business innovation research phase ii award for the research and development of a breathable chemical barrier mate,1,1315096.52,1.0,67.6
USASPENDING_V1,USA,Consulting / research / audit,541715,r&d services for - geiger-muller tube replacement,1,1096264.0,1.0,67.6
USASPENDING_V1,USA,Consulting / research / audit,541715,performance prediction of cmcs under extreme environment conditions,1,1249956.0,1.0,67.6
USASPENDING_V1,USA,Consulting / research / audit,541715,"small business innovation research (sbir) phase ii, research and development services contract award for maritime autono",1,999762.56,1.0,67.6
USASPENDING_V1,USA,Consulting / research / audit,336411,vdats rio tps qualifications and certifications.,1,720422.0,1.0,67.6
USASPENDING_V1,USA,Consulting / research / audit,541712,igf::ot::igf sbir phase ii topic n<n>-<n>,1,1499394.0,1.0,67.6
USASPENDING_V1,USA,Consulting / research / audit,541715,small business innovative research phase iii royal australian air force training system support,1,748734.24,1.0,67.6
USASPENDING_V1,USA,Consulting / research / audit,541990,professional scientific support services,1,1367471.98,1.0,67.6
USASPENDING_V1,USA,Consulting / research / audit,541990,boa coe task order for soft target risk assessment,1,1267870.0,1.0,67.6
USASPENDING_V1,USA,Consulting / research / audit,541715,"r&d, subcontractor, & odcs systemic functional grammar situational judgement tests",1,1199981.0,1.0,67.6
USASPENDING_V1,USA,Consulting / research / audit,541715,"direct to phase <n> sbir phase ii, proposal #f<n>d-<n>, affordable dc emulator",1,1398791.46,1.0,67.6
USASPENDING_V1,USA,Consulting / research / audit,541715,"advanced li-metal, high-power battery",1,1799790.52,1.0,67.6
USASPENDING_V1,USA,Consulting / research / audit,541715,lynntech event based star tracker,1,1249993.68,1.0,67.6
USASPENDING_V1,USA,Consulting / research / audit,541711,new task order a<n> award,1,1968711.0,1.0,67.6
USASPENDING_V1,USA,Consulting / research / audit,541715,collaborative research study slc va & bwh - chips studay,1,750598.48,1.0,67.6
USASPENDING_V1,USA,Consulting / research / audit,541714,sbir/sttr phase ii r&d; resource utilization prediction and planning for complex simulations,1,999991.0,1.0,67.6
USASPENDING_V1,USA,Consulting / research / audit,541990,"the objective of this project is to conduct a series of in-person workshops for transportation leaders, research manager",1,1050000.0,1.0,67.6
USASPENDING_V1,USA,Consulting / research / audit,541715,expertise in development of pediatric drug formulations,1,896536.0,1.0,67.6
USASPENDING_V1,USA,Consulting / research / audit,541714,direct energy research support services to include scientific and laboratory support.,1,1740623.76,1.0,67.6
USASPENDING_V1,USA,Consulting / research / audit,541715,"sbir- tactical funding increase -tacfi- funded, sequential phase ii topic af<n>-d<n>, airborne radio sustainment moderni",1,1896978.48,1.0,67.6
USASPENDING_V1,USA,Consulting / research / audit,541614,igf::ot::igf,1,888391.83,1.0,67.6
USASPENDING_V1,USA,Consulting / research / audit,541715,"small business innovation research, phase ii topic a<n>-<n>, electromagnetic skins and smart rf radomes for spectrum cam",1,1099998.94,1.0,67.6
USASPENDING_V1,USA,Consulting / research / audit,541715,"sbir phase ii for the effort entitled ""logistics and sustainment simulation optimization (lasso) phase <n>.""",1,1043604.2,1.0,67.6
USASPENDING_V1,USA,Consulting / research / audit,561320,support services,1,1631925.45,1.0,67.6
USASPENDING_V1,USA,Consulting / research / audit,541611,brain bank research and data anlaytics research,1,631039.1,1.0,67.6
USASPENDING_V1,USA,Consulting / research / audit,541690,tas::<n> <n>::tas    genetic risk factors  idiopathic thrombocytopenic purpura following measles mumps rubella vaccinati,1,546714.33,1.0,67.6
USASPENDING_V1,USA,Consulting / research / audit,541715,rapid cubesat development,1,749876.0,1.0,67.6
USASPENDING_V1,USA,Consulting / research / audit,519130,legal research solution,1,593510.16,1.0,67.6
USASPENDING_V1,USA,Consulting / research / audit,541715,"implement improved rnt restore methodology for special cases, upgrade cwr-safe, rail temp and rnt restore for transition",1,819967.0,1.0,67.6
USASPENDING_V1,USA,Consulting / research / audit,541611,enterprise wide acquisition strategy support and omr support,1,989128.05,1.0,67.6
USASPENDING_V1,USA,Consulting / research / audit,541715,sttr phase ii base award - title:  hasel artificial muscles for human-scale robotics,1,1100000.0,1.0,67.6
USASPENDING_V1,USA,Consulting / research / audit,541715,novel launch assisted uas (ce),1,1896543.69,1.0,67.6
USASPENDING_V1,USA,Consulting / research / audit,541990,new task order non-contact sampling needs of tsa & the aviation industry.,1,986740.33,1.0,67.6
USASPENDING_V1,USA,Consulting / research / audit,927110,"specific topic: sf<n>-d<n> - alternative position, navigation, and timing",1,1888127.01,1.0,67.6
USASPENDING_V1,USA,Consulting / research / audit,334511,nfte task order,1,1136995.68,1.0,67.6
USASPENDING_V1,USA,Consulting / research / audit,541715,identification of tear biomarkers as broad-spectrum readouts of chemical injury,1,1241378.45,1.0,67.6
USASPENDING_V1,USA,Consulting / research / audit,541715,sbir ii: increased-lifetime high-current cathodes using microengineered materials af topic #af<n>-<n>,1,750000.0,1.0,67.6
USASPENDING_V1,USA,Consulting / research / audit,541990,new contract - cross border threats screening and supply chain defense task order request for proposal under boa,1,1000000.0,1.0,67.6
USASPENDING_V1,USA,Consulting / research / audit,541715,award sttr phase ii for intelligent detection of human generated threats (ideht).,1,1315187.93,1.0,67.6
USASPENDING_V1,USA,Consulting / research / audit,541715,advanced performance of high temperature seals,1,1249973.0,1.0,67.6
USASPENDING_V1,USA,Consulting / research / audit,541715,rc-<n> utah state university,1,697531.0,1.0,67.6
USASPENDING_V1,USA,Consulting / research / audit,541715,sbir/sttr phase ii r&d:  low-drag jet vane-thrust vector control for exo-atmospheric propulsion systems,1,923818.0,1.0,67.6
USASPENDING_V1,USA,Consulting / research / audit,541715,a physics-based model to quantify a plausible maximum credible event (mce) at a system level,1,623781.0,1.0,67.6
USASPENDING_V1,USA,Consulting / research / audit,541715,"sttr phase ii proposal d<n>-<n> in response to darpa topic hr<n>st<n>d-<n> for ""a microstructured target for high-effici",1,1799594.92,1.0,67.6
USASPENDING_V1,USA,Consulting / research / audit,541713,base award for sibr phase ii topic no. <n>-<n>,1,1999916.0,1.0,67.6
USASPENDING_V1,USA,Consulting / research / audit,541715,contract with jaia robotics to integrate nrl sensors to their uuvs,1,899374.0,1.0,67.6
USASPENDING_V1,USA,Consulting / research / audit,541512,anpc will advance the development and commercialization of expeditionary transponder landing system (etls) to reduce cog,1,1899926.93,1.0,67.6
USASPENDING_V1,USA,Consulting / research / audit,541715,test and evaluation services,1,1855815.21,1.0,67.6
USASPENDING_V1,USA,Consulting / research / audit,541715,automated tool for reporting aircraft damage&queuing&screening,1,1472850.0,1.0,67.6
USASPENDING_V1,USA,Consulting / research / audit,512110,"dha sttr phase ii h<n>-<n> seaspot, a system using electrodermal activity sensing to predict oxygen toxicity",1,1299875.22,1.0,67.6
USASPENDING_V1,USA,Consulting / research / audit,541715,"advantek consulting, inc. ew<n>-<n>",1,1535781.0,1.0,67.6
USASPENDING_V1,USA,Consulting / research / audit,325412,metarrestin cgmp manufacturing and stability testing services,1,711750.0,1.0,67.6
USASPENDING_V1,USA,Consulting / research / audit,813920,provision of supplemental hospital data for the national hospital care survey from acep,1,675000.0,1.0,67.6
USASPENDING_V1,USA,Consulting / research / audit,541715,development and transition of functional nanoelectronic,1,1607481.0,1.0,67.6
USASPENDING_V1,USA,Consulting / research / audit,541720,"research and development services for ""developing and assessing emerging technological competencies for multi-domain ope",1,849793.01,1.0,67.6
USASPENDING_V1,USA,Consulting / research / audit,541714,the overall objective of this contract is to identify humoral correlates of protection following h<n>n<n> m<n>sr vaccina,1,741722.15,1.0,67.6
USASPENDING_V1,USA,Consulting / research / audit,541715,"malachite technologies, in collaboration with uc berkeley, is developing a deployable system to produce <n>-<n>,<n> gall",1,1260000.0,1.0,67.6
USASPENDING_V1,USA,Consulting / research / audit,541715,award of a definitive firm-fixed-price (ffp) small business innovation research (sbir) program phase ii contract associa,1,1099999.62,1.0,67.6
USASPENDING_V1,USA,Consulting / research / audit,541715,omni federal in-flight physiologic management (ifpm) data access and visualization platform.,1,1223904.0,1.0,67.6
USASPENDING_V1,USA,Consulting / research / audit,541715,"sbir phii sequential, army topic #a<n>-<n>, ""continuous-time digital signal processing (dsp) using reconfigurable device",1,1999998.76,1.0,67.6
USASPENDING_V1,USA,Consulting / research / audit,541620,recovery efficiency sensor phase ii,1,563106.0,1.0,67.6
USASPENDING_V1,USA,Consulting / research / audit,541715,global composite drought indicator,1,1599942.7,1.0,67.6
USASPENDING_V1,USA,Consulting / research / audit,541715,phase ii non-parametric stochastic modelling of time domain response to agile - deliver a non parametric time domain sto,1,1482328.0,1.0,67.6
USASPENDING_V1,USA,Consulting / research / audit,541990,its<n>equity preparation program technical services support,1,1009158.24,1.0,67.6
USASPENDING_V1,USA,Consulting / research / audit,541620,"task order award - continued technical support to states for lead service line inventories & replacement""",1,699855.0,1.0,67.6
USASPENDING_V1,USA,Consulting / research / audit,541715,topic #: a<n>-<n> - conformable hydrogen storage (phase ii sequential),1,1899775.72,1.0,67.6
USASPENDING_V1,USA,Consulting / research / audit,541715,human to machine interface for autonomous satellite systems,1,1998877.0,1.0,67.6
USASPENDING_V1,USA,Consulting / research / audit,541720,ascend survey for veterans suicide prevention,1,1811309.0,1.0,67.6
USASPENDING_V1,USA,Consulting / research / audit,541715,sbir/sttr phase ii r&d small filament wound lightweight missile defense interceptor shielding structures,1,1009929.99,1.0,67.6
USASPENDING_V1,USA,Consulting / research / audit,541611,"federally funded research and development center (ffrdc) oversight, contract administration, and strategic support.",1,1374782.42,1.0,67.6
USASPENDING_V1,USA,Consulting / research / audit,541715,"sttr phase ii h<n>-<n> ""flexible microfluidic process technology for biopharmaceutical purification of bacteriophages""",1,1099986.24,1.0,67.6
USASPENDING_V1,USA,Consulting / research / audit,541710,mitre corporation - fm qsmo and fmlob management advisory support,1,899754.0,1.0,67.6
USASPENDING_V1,USA,Consulting / research / audit,541715,"small business innovation research phase ii sequential, topic af<n>-dcs<n>: power wind tunnel test of dep blown wing air",1,1899167.51,1.0,67.6
USASPENDING_V1,USA,Consulting / research / audit,541714,"nichd:r&d:data coordinating center for preparation, training activities, enrollment and data collection and data analysi",1,591022.0,1.0,67.6
USASPENDING_V1,USA,Consulting / research / audit,541715,"small business innovation research (sbir) phase ii, topic a <n>-<n>, lightweight, robust, ruggedized north finding techn",1,1099990.68,1.0,67.6
USASPENDING_V1,USA,Consulting / research / audit,541611,igf::ot::igf linking centers for medicare&medicaid services (cms) data to nia-supported surveyscontract number:    rfq #,1,1493326.84,1.0,67.6
USASPENDING_V1,USA,Consulting / research / audit,541715,small business innovation research (sbir) phase ii proposal d<n>-<n> in response to defense advanced research project ag,1,1810307.98,1.0,67.6
USASPENDING_V1,USA,Consulting / research / audit,541713,"base - sbir phase ii topic n<n>-<n>, towed array hosewall and drogue for array stabilization dated <n>/<n>/<n>",1,1385685.0,1.0,67.6
USASPENDING_V1,USA,Consulting / research / audit,541990,base ? deliverable <n>: literature review option <n> ? deliverable <n>: qualitative patient experience and preference st,1,845834.0,1.0,67.6
USASPENDING_V1,USA,Consulting / research / audit,541715,osd sttr phase ii base award--widely tunable iii-v based epsilon-near-zero tunneling diodes for room-temperature infrare,1,1696923.39,1.0,67.6
USASPENDING_V1,USA,Consulting / research / audit,541715,zden sbir phase iii,1,1272456.4,1.0,67.6
USASPENDING_V1,USA,Consulting / research / audit,541715,fy<n> baa topic <n>.<n>,1,1224290.0,1.0,67.6
USASPENDING_V1,USA,Consulting / research / audit,541715,"""opto-knowledge systems, inc"" sbir phii",1,1729990.55,1.0,67.6
USASPENDING_V1,USA,Consulting / research / audit,925110,the purpose of this acquisition is collect rental market data (comparables) from specific communities that is used by th,1,511136.2,1.0,67.6
USASPENDING_V1,USA,Consulting / research / audit,541715,"""standardized, compact, and automated shock tube for fuel characterization and modeling""",1,1399984.0,1.0,67.6
USASPENDING_V1,USA,Consulting / research / audit,541715,"small business innovative research phase ii to redshred, llc proposal l<n>-<n> under topic dla<n>-<n> for debrief: data ",1,999957.0,1.0,67.6
USASPENDING_V1,USA,Consulting / research / audit,541715,<n> newton chemical thruster valve assembly,1,1226834.0,1.0,67.6
USASPENDING_V1,USA,Consulting / research / audit,541712,ground moving target indicator (gmti) radar discrimination of combatants versus animals in severe clutter.,1,731120.0,1.0,67.6
USASPENDING_V1,USA,Consulting / research / audit,541715,bullfrog ai powered cuas remote weapon station feasibility study,1,1551553.53,1.0,67.6
USASPENDING_V1,USA,Consulting / research / audit,541714,evaluation of two different classes of compounds (stat<n> inhibitors and serms) for the prevention of urinary bladder ca,1,909993.85,1.0,67.6
USASPENDING_V1,USA,Consulting / research / audit,541715,intelligent multi-laser system for metal additive manufacturing,1,1699983.1,1.0,67.6
USASPENDING_V1,USA,Consulting / research / audit,541620,award a <n>-month contract with legacy field collection provider in ncr to conduct daily field operations and provide co,1,946350.6,1.0,67.6
USASPENDING_V1,USA,Consulting / research / audit,541990,creation and validation of a patient reported outcome (pro) instrument for the assessment of health-related quality of l,1,580000.0,1.0,67.6
USASPENDING_V1,USA,Consulting / research / audit,541715,"test article ii. if more information is needed, please contact the co directly.",1,874834.0,1.0,67.6
USASPENDING_V1,USA,Consulting / research / audit,541990,third party salary survey,1,1800000.0,1.0,67.6
USASPENDING_V1,USA,Consulting / research / audit,541715,intermap federal services data sets,1,529539.6,1.0,67.6
USASPENDING_V1,USA,Consulting / research / audit,541715,research and development of digital elevation maps,1,749859.03,1.0,67.6
USASPENDING_V1,USA,Consulting / research / audit,541715,"small business innovative research (sbir) direct to phase ii, ""autonomous bridging kit open topic"". develop a solution t",1,1899933.51,1.0,67.6
USASPENDING_V1,USA,Consulting / research / audit,541715,callentis consulting group sbir phase ii award under topic <n>-fh<n>,1,998361.0,1.0,67.6
USASPENDING_V1,USA,Consulting / research / audit,334511,multi-spectrum combat identification target silhouette (mcits) under small business innovative research (sbir) phase iii,1,1799616.89,1.0,67.6
USASPENDING_V1,USA,Consulting / research / audit,541712,igf::ot::igf - production assistance for cellular therapies (pact)- cell processing facilities  cell manufacturing and p,1,525665.3,1.0,67.6
USASPENDING_V1,USA,Consulting / research / audit,561110,"direct <n>(a) award of <n>-year, labor hour type contract to aneon brillient to provide medical and scientific writing &",1,1576246.68,1.0,67.6
USASPENDING_V1,USA,Consulting / research / audit,541715,milestone <n>,1,999728.32,1.0,67.6
USASPENDING_V1,USA,Consulting / research / audit,541715,high speed pump for high temperature lubrication systems,1,749947.0,1.0,67.6
USASPENDING_V1,USA,Consulting / research / audit,541715,"new darpa sttr phase ii titled, cone of silence. solicitation hr<n>s<n>",1,999029.96,1.0,67.6
USASPENDING_V1,USA,Consulting / research / audit,541611,ccn pws consulting services,1,1069456.0,1.0,67.6
USASPENDING_V1,USA,Consulting / research / audit,541715,low-power ultrasonic dosimeter,1,1462077.0,1.0,67.6
USASPENDING_V1,USA,Consulting / research / audit,561210,risk management surveys at multiple buildings in region <n>.,1,623306.5,1.0,67.6
USASPENDING_V1,USA,Consulting / research / audit,541715,agile information management and dissemination,1,1937457.0,1.0,67.6
USASPENDING_V1,USA,Consulting / research / audit,611310,r&d services,1,597300.0,1.0,67.6
USASPENDING_V1,USA,Consulting / research / audit,541715,airman role-based intelligence search engine (a-rise) tactical funding increase (tacfi),1,1567840.0,1.0,67.6
USASPENDING_V1,USA,Consulting / research / audit,541611,the women's bureau is seeking research applying microsimulation models to study the distributional outcomes and impact o,1,965183.26,1.0,67.6
USASPENDING_V1,USA,Consulting / research / audit,541715,"radiabeam is an industrial partner in the slac-lead consortium to develop a rugged, compact and field deployable electro",1,1788674.0,1.0,67.6
USASPENDING_V1,USA,Consulting / research / audit,541720,building a validation server for administrative tax data proposal,1,1500000.0,1.0,67.6
USASPENDING_V1,USA,Consulting / research / audit,541715,sttr phase ii base award,1,1149968.83,1.0,67.6
USASPENDING_V1,USA,Consulting / research / audit,541715,"sbir phase ii sequential contract for ""high performance energetic propellant ingredient process research and development",1,684342.54,1.0,67.6
USASPENDING_V1,USA,Consulting / research / audit,811210,"on-site laboratory equipment maintenance, repair, and fabrication services at the national center for toxicological rese",1,1106556.21,1.0,67.6
USASPENDING_V1,USA,Consulting / research / audit,334516,<n>i marianas super-resolution spinning disk confocal microscopy system with c-shaper in support of the laboratory of ca,1,596977.92,1.0,67.6
USASPENDING_V1,USA,Consulting / research / audit,541715,spatial registration of ndi/e sensors for confined or restricted access spaces,1,1499999.0,1.0,67.6
USASPENDING_V1,USA,Consulting / research / audit,541715,sbir sustainment tech iii,1,1341029.2,1.0,67.6
USASPENDING_V1,USA,Consulting / research / audit,541713,personalized learning assistant for training optimization (plato),1,1249992.0,1.0,67.6
USASPENDING_V1,USA,Consulting / research / audit,541714,research and development for increased at-home sars-cov-<n> test sensitivity & performance with <n>m bioaerosol sampling,1,749998.9,1.0,67.6
USASPENDING_V1,USA,Consulting / research / audit,483114,vessel charter to conduct california current ecosystem survey nearshore sampling,1,723441.91,1.0,67.6
USASPENDING_V1,USA,Consulting / research / audit,622110,cisa rsv infants study (lead site),1,1532777.65,1.0,67.6
USASPENDING_V1,USA,Consulting / research / audit,541715,capability to id engagement opts and ability to id the linkages among dod/non-dod engagements and the combined effects o,1,1202181.96,1.0,67.6
USASPENDING_V1,USA,Consulting / research / audit,541715,small business innovation research phase iib on u.s. dot topic <n>.<n>-ph<n> for non-destructive testing (ndt) of fractu,1,991836.0,1.0,67.6
USASPENDING_V1,USA,Consulting / research / audit,541720,"research study ""investigating the impact of api purity, excipient source and manufacturing process on performance and qu",1,1137126.0,1.0,67.6
USASPENDING_V1,USA,Consulting / research / audit,541611,sole source award to <n>d consulting for senior audit consultant services.,1,659684.0,1.0,67.6
USASPENDING_V1,USA,Consulting / research / audit,541715,"army sbir phase ii for proposal entitled, ""additively manufactured functionally graded radomes for hypersonic vehicles""",1,1899997.48,1.0,67.6
USASPENDING_V1,USA,Consulting / research / audit,541611,healthy brain initiative,1,566124.0,1.0,67.6
USASPENDING_V1,USA,Consulting / research / audit,541715,"darpa sbir phase ii titled, compact data representation for complex electronic warfare scenarios",1,1498748.92,1.0,67.6
USASPENDING_V1,USA,Consulting / research / audit,541712,igf::ot::igf vaccine treatment and evaluation units (vteu),1,1670222.75,1.0,67.6
USASPENDING_V1,USA,Consulting / research / audit,541715,fusion of vms and radiation sensor data for real-time identification and tracking,1,1749527.0,1.0,67.6
USASPENDING_V1,USA,Consulting / research / audit,541715,research and development to generate ai based <n>d modeling from multiple imaging sources,1,1305615.12,1.0,67.6
USASPENDING_V1,USA,Consulting / research / audit,541714,baa for development of drug development tools for adtkd,1,1851000.0,1.0,67.6
USASPENDING_V1,USA,Consulting / research / audit,541611,safety risk management surveys fy<n>,1,743931.0,1.0,67.6
USASPENDING_V1,USA,Consulting / research / audit,541715,sudden death in the young case registry (sdy) - data coordinating center biospecimen and consent activities,1,1435334.0,1.0,67.6
USASPENDING_V1,USA,Consulting / research / audit,541715,darpa sttr phase ii contract (solicitation no. dod <n>.c sttr),1,1499999.0,1.0,67.6
USASPENDING_V1,USA,Consulting / research / audit,541715,"army aviation sbir phase ii for proposal entitled, ""physics-based modeling of rolling/sliding contact fatigue life""",1,1893834.81,1.0,67.6
USASPENDING_V1,USA,Consulting / research / audit,541711,"to award task order hhsn<n>(a<n>), ""therapeutic testing in murine models of fungal infections - coccidioidomycosis"" in t",1,789168.0,1.0,67.6
USASPENDING_V1,USA,Consulting / research / audit,541715,sbir ph <n>.<n>,1,1999999.0,1.0,67.6
USASPENDING_V1,USA,Consulting / research / audit,541714,"new phase ii - effort entitled, hypersonic equipage from twenty foot equivalent unit container, proposal f<n>d-<n>. cast",1,1313893.96,1.0,67.6
USASPENDING_V1,USA,Consulting / research / audit,541715,research and development sbir phase ii af<n>-dcso<n>,1,1899331.44,1.0,67.6
USASPENDING_V1,USA,Consulting / research / audit,541715,"research and development, sbir tactical funding increase for a transportable blood storage system",1,1566876.0,1.0,67.6
USASPENDING_V1,USA,Consulting / research / audit,541715,small satellite advanced bus with tyvak extended mission pla,1,1612000.0,1.0,67.6
USASPENDING_V1,USA,Consulting / research / audit,541712,sbir phase ii - technical services  igf::ot::igf,1,768736.38,1.0,67.6
USASPENDING_V1,USA,Consulting / research / audit,541715,"topic no: afx<n>-dcso<n>- sibr phase ii py<n>.<n> tacfi cycle <n> aeroisu with aerosens, inc  the phase ii agreement off",1,1499522.75,1.0,67.6
USASPENDING_V1,USA,Consulting / research / audit,541990,building resilience in underserved communities,1,1562065.98,1.0,67.6
USASPENDING_V1,USA,Consulting / research / audit,541715,sbir direct to phase ii: advancing scramjet technologies for interceptors,1,1967908.0,1.0,67.6
USASPENDING_V1,USA,Consulting / research / audit,511110,fitch solutions subscription to allow access to country risk and financial markets with global emerging market coverage ,1,523737.11,1.0,67.6
USASPENDING_V1,USA,Consulting / research / audit,561790,eo<n> services - basic research,1,996089.0,1.0,67.6
USASPENDING_V1,USA,Consulting / research / audit,541713,develop new engineered beads and incorporate them into fabric materials that can self-detoxify cwas or tics using mof ma,1,1099999.05,1.0,67.6
USASPENDING_V1,USA,Consulting / research / audit,541690,"igf::ot::igf darpa mto in vivo nanoplatforms (ivn)  seta and administrative support, <n>. other functions",1,804877.0,1.0,67.6
USASPENDING_V1,USA,Consulting / research / audit,541990,"to award a firm fixed price task order entitled, ""a pilot study on the analysis of safety effects of point-to-point spee",1,764999.0,1.0,67.6
USASPENDING_V1,USA,Consulting / research / audit,541990,epidemiologist support services for the ihs hiv program,1,946880.47,1.0,67.6
USASPENDING_V1,USA,Consulting / research / audit,541690,breastfeeding analysis project,1,1369810.0,1.0,67.6
USASPENDING_V1,USA,Consulting / research / audit,541715,"small business innovation research (sbir) phase ii effort title ""a novel method for the large-scale production of calciu",1,1155964.37,1.0,67.6
USASPENDING_V1,USA,Consulting / research / audit,541611,labor hour award center for drug evaluation and research (cder) -  it investment management support fda three-way-matchi,1,1957250.02,1.0,67.6
USASPENDING_V1,USA,Consulting / research / audit,541990,study - review of methods and data needs for calculating the potential impact area of a natural gas pipeline failure for,1,789717.0,1.0,67.6
USASPENDING_V1,USA,Consulting / research / audit,541715,small business innovative research (sbir) phase iii under sbir baa <n>.<n> proposal no. phiii-<n> for improved graphite ,1,1000000.0,1.0,67.6
USASPENDING_V1,USA,Consulting / research / audit,541715,jacobs government services mr<n>-<n>,1,981677.0,1.0,67.6
USASPENDING_V1,USA,Consulting / research / audit,561920,igf::ot::igf mhsrs hotel contract,1,1529855.36,1.0,67.6
USASPENDING_V1,USA,Consulting / research / audit,336411,lefas technical training,1,1715410.0,1.0,67.6
USASPENDING_V1,USA,Consulting / research / audit,541715,"inexpensive long endurance drone, small business innovation research (sbir) program award phase ii",1,999951.0,1.0,67.6
USASPENDING_V1,USA,Consulting / research / audit,541715,baa effort for state-of-the art tools and methods to enhance intelligent tutoring systems (its) for military government ,1,513675.84,1.0,67.6
USASPENDING_V1,USA,Consulting / research / audit,519120,"awin premium, ip validated online enterprise access for all nasa personnel",1,1401280.0,1.0,67.6
USASPENDING_V1,USA,Consulting / research / audit,541715,mtnap,1,576332.64,1.0,67.6
USASPENDING_V1,USA,Consulting / research / audit,541715,"r&d services, travel, odcs (base period)  development of a tool to assess systems thinking",1,591575.9,1.0,67.6
USASPENDING_V1,USA,Consulting / research / audit,336411,korean depot training,1,1636230.0,1.0,67.6
USASPENDING_V1,USA,Consulting / research / audit,541611,"recognize, assist, include, support, and engage (raise) family caregivers advisory council logistics contract  authoriti",1,949589.24,1.0,67.6
USASPENDING_V1,USA,Consulting / research / audit,541715,sbir phase ii awards for rafti flight qualification for high pressure gases,1,749946.0,1.0,67.6
USASPENDING_V1,USA,Consulting / research / audit,541990,"the scope of this contract is to acquire independent topical white papers from a broad, innovative spectrum of non-gover",1,1850324.0,1.0,67.6
USASPENDING_V1,USA,Consulting / research / audit,541715,new darpa sibr ii - exciting technology seeks to develop an imaging vibrometer optimized for the metrology of a wide cla,1,1799961.08,1.0,67.6
USASPENDING_V1,USA,Consulting / research / audit,541715,"small business innovative research phase ii proposal for kihomac, inc. establishing c-<n> galaxy structural and wiring a",1,829167.0,1.0,67.6
USASPENDING_V1,USA,Consulting / research / audit,541512,cultural heritage support,1,583056.66,1.0,67.6
USASPENDING_V1,USA,Consulting / research / audit,541715,darkflite inc. phase ii sbir award under topic <n>-nh<n>: prehospital blood transfusion systems improvement: expanding a,1,1263000.0,1.0,67.6
USASPENDING_V1,USA,Consulting / research / audit,541715,"base award- (sipnt)-- gps anti - jam unit, small size",1,1443620.0,1.0,67.6
USASPENDING_V1,USA,Consulting / research / audit,334511,sbir phase ii study on hypersonic electro optical seeker system,1,1499936.58,1.0,67.6
USASPENDING_V1,USA,Consulting / research / audit,541715,the development of sufficient data to enable the approval of multiple industrially available zinc-nickel chemistry formu,1,749752.78,1.0,67.6
USASPENDING_V1,USA,Consulting / research / audit,541714,the contractor shall pharmaceutical sciences medical research support services needed by providing qualified personnel w,1,1927138.22,1.0,67.6
USASPENDING_V1,USA,Consulting / research / audit,541330,the advanced technology support program (atsp) contract acquires progressive microelectronic capability solutions for rc,1,617598.0,1.0,67.6
USASPENDING_V1,USA,Consulting / research / audit,541715,"research, development, and maturation of etd for dhs next generation explosive trace detection lrbaa award",1,718132.0,1.0,67.6
USASPENDING_V1,USA,Consulting / research / audit,541820,medical research and development command - public affairs office support services,1,1612031.42,1.0,67.6
USASPENDING_V1,USA,Consulting / research / audit,541715,the purpose of this contract is to counter person-borne improvised explosive devices based on acousto-optic tunable filt,1,1315112.2,1.0,67.6
USASPENDING_V1,USA,Consulting / research / audit,541715,ultra high energy battery for mq<n>,1,749922.0,1.0,67.6
USASPENDING_V1,USA,Consulting / research / audit,541715,rotating detonation engine - thermal closure at a relevant scale,1,1927287.0,1.0,67.6
USASPENDING_V1,USA,Consulting / research / audit,541712,"igf::ot::igf  ""automatic sensing for clinical documentation"" proposal log no. dm<n>",1,1718963.0,1.0,67.6
USASPENDING_V1,USA,Consulting / research / audit,541715,rf system response and analysis.,1,1234271.0,1.0,67.6
USASPENDING_V1,USA,Consulting / research / audit,541714,kccq validation in tricuspid valve,1,943192.0,1.0,67.6
USASPENDING_V1,USA,Consulting / research / audit,541715,readout integrated circuit for low cost infrared focal plane arrays,1,745564.0,1.0,67.6
USASPENDING_V1,USA,Consulting / research / audit,541715,baa <n>-<n> r&d in enabling improvements for geophysical sensing in challenging urban and battlefield environments   u<n,1,1359411.78,1.0,67.6
USASPENDING_V1,USA,Consulting / research / audit,541715,robotire tacfi,1,1451760.54,1.0,67.6
USASPENDING_V1,USA,Consulting / research / audit,541715,"sttr phase ii effort entitled, metasurface-enhanced absorption in a type-ii superlattice detector",1,1089880.24,1.0,67.6
USASPENDING_V1,USA,Consulting / research / audit,541715,calypso ai phase iii sbir,1,649932.0,1.0,67.6
USASPENDING_V1,USA,Consulting / research / audit,541715,sbir sequential phase ii,1,1899776.0,1.0,67.6
USASPENDING_V1,USA,Consulting / research / audit,334516,"small business innovation research (sbir) phase two (<n>), topic no. <n>,  nida reference number: n<n>da-<n>-<n> title: ",1,1499968.0,1.0,67.6
USASPENDING_V1,USA,Consulting / research / audit,541990,igf::cl::igf the usaid alert list under the peace iqc will provide research and reporting services to include an estimat,1,740607.31,1.0,67.6
USASPENDING_V1,USA,Consulting / research / audit,541690,epidemiology support services,1,1320000.0,1.0,67.6
USASPENDING_V1,USA,Consulting / research / audit,541620,purpose: new task order task order project title: drum reconditioner information collection request (icr) survey  tocor ,1,566589.0,1.0,67.6
USASPENDING_V1,USA,Consulting / research / audit,541715,baa no. fy<n>c<n>bp<n> - advanced control techniques for product temperature during pharmaceuticals lyoph,1,1019732.0,1.0,67.6
USASPENDING_V1,USA,Consulting / research / audit,541715,advanced staring infrared search and track technologies,1,1417500.0,1.0,67.6
USASPENDING_V1,USA,Consulting / research / audit,541715,"chemical, biological, radiological, nuclear and explosive operational tech support",1,500000.0,1.0,67.6
USASPENDING_V1,USA,Consulting / research / audit,611310,ect sensor advancement,1,684279.13,1.0,67.6
USASPENDING_V1,USA,Consulting / research / audit,541715,"""florida turbine tech inc"" sbir phase ii",1,984254.91,1.0,67.6
USASPENDING_V1,USA,Consulting / research / audit,561210,policy management and operations space planning facilities assessment study,1,701923.4,1.0,67.6
USASPENDING_V1,USA,Consulting / research / audit,541330,sbir phase ii slither_thoughtforge_f<n>d-<n>,1,1249998.27,1.0,67.6
USASPENDING_V1,USA,Consulting / research / audit,541720,"unsolicited proposal titled ""democratization of data analysis""",1,1130652.0,1.0,67.6
USASPENDING_V1,USA,Consulting / research / audit,541715,collaborate virtually and in-person space command subject matter experts (sme) to gather and define the functional and t,1,1899999.67,1.0,67.6
USASPENDING_V1,USA,Consulting / research / audit,541511,phase iii sbir airborne radio sustainment modernization_<n>,1,995000.0,1.0,67.6
USASPENDING_V1,USA,Consulting / research / audit,541715,defense advanced research project agency (darpa) small business innovative research (sbir) phase ii for compartmentalise,1,895822.04,1.0,67.6
USASPENDING_V1,USA,Consulting / research / audit,541713,"small business innovative research ""empowering more authoritative decisioning for research/testing/analysis of energetic",1,1091058.39,1.0,67.6
USASPENDING_V1,USA,Consulting / research / audit,541715,"small business technology transfer research project on ""thermal lensing-free chalcogenide windows""",1,1199804.86,1.0,67.6
USASPENDING_V1,USA,Consulting / research / audit,541715,automated warning capability (awc) modernization for the strategic warning and surveillance systems (swss) division at p,1,597403.0,1.0,67.6
USASPENDING_V1,USA,Consulting / research / audit,336611,naval research laboratory torpedo weapons retriever/ security craft (twr-<n>) vessel ship yard maintenance,1,574865.0,1.0,67.6
USASPENDING_V1,USA,Consulting / research / audit,334516,"the laboratory at the fda center for veterinary medicine (cvm), office of research, division of residue chemistry requir",1,566837.17,1.0,67.6
USASPENDING_V1,USA,Consulting / research / audit,541990,omia general management and administration,1,1644006.58,1.0,67.6
USASPENDING_V1,USA,Consulting / research / audit,541715,sttr phase ii base award high power uvc light emitting diodes for disinfection applications,1,1315219.0,1.0,67.6
USASPENDING_V1,USA,Consulting / research / audit,541715,"small business innovation research phase ii sequential, topic a<n>-<n>: dynamic near-field radar target modeling in scen",1,1099908.38,1.0,67.6
USASPENDING_V1,USA,Consulting / research / audit,541990,sleep study data analytics,1,816829.81,1.0,67.6
USASPENDING_V1,USA,Consulting / research / audit,335991,phase ii sbir - carbon fiber thermoplastics with high through thickness modulus,1,1099995.32,1.0,67.6
USASPENDING_V1,USA,Consulting / research / audit,541715,phase ii small business innovation research (sbir) to develop a man-portable cold plasma system that utilizes air for bi,1,1099932.48,1.0,67.6
USASPENDING_V1,USA,Consulting / research / audit,541715,space power and energy advanced recon (spear),1,1852000.0,1.0,67.6
USASPENDING_V1,USA,Consulting / research / audit,541715,small business innovative research (sbir) phase ii proposal l<n>d-<n> tendered under topic dla<n>-d<n> for domestic manu,1,1750000.0,1.0,67.6
USASPENDING_V1,USA,Consulting / research / audit,541690,"as part of the center for clinical standards and quality (ccsq), the coverage and analysis group (cag) serves the crucia",1,1944922.53,1.0,67.6
USASPENDING_V1,USA,Consulting / research / audit,541611,technical and logistical support for the operation of the regional advisory committees competition logistics,1,579975.95,1.0,67.6
USASPENDING_V1,USA,Consulting / research / audit,332111,"this contract is for a phase ii sbir effort entitled ""hybrid materials approach to large muzzle brakes"".",1,1109391.98,1.0,67.6
USASPENDING_V1,USA,Consulting / research / audit,541715,"intellisense systems, inc. sbir phase ii",1,1099999.73,1.0,67.6
USASPENDING_V1,USA,Consulting / research / audit,541715,"phase ii will deliver a rugged, battery-powered prototype optimized for close-contact operation and near-term transition",1,1396620.72,1.0,67.6
USASPENDING_V1,USA,Consulting / research / audit,541690,va-dmb-e cooperative waterfowl study,1,522500.0,1.0,67.6
USASPENDING_V1,USA,Consulting / research / audit,541715,"defense intelligence agency study-farsight technologies, llc",1,705670.3,1.0,67.6
USASPENDING_V1,USA,Consulting / research / audit,541715,augmented and facilitated nondestructive inspection (ndi),1,749996.0,1.0,67.6
USASPENDING_V1,USA,Consulting / research / audit,541715,"the proposed solution leverages oxide dispersion strengthening (ods), which substitutes expensive alloying elements with",1,1799996.0,1.0,67.6
USASPENDING_V1,USA,Consulting / research / audit,541715,biomedical research lab scientist,1,1143417.22,1.0,67.6
USASPENDING_V1,USA,Consulting / research / audit,541712,igf::ot::igf miniature magnet-free ion pump,1,754852.0,1.0,67.6
USASPENDING_V1,USA,Consulting / research / audit,541715,broadband hf sensing with novel magneto-dielectric antennas,1,1800000.0,1.0,67.6
USASPENDING_V1,USA,Consulting / research / audit,541715,effective methods occupational learning for ai technicians. objectives of the ai technician course is for the academic i,1,1213677.0,1.0,67.6
USASPENDING_V1,USA,Consulting / research / audit,541990,"clinical research, professional, ancillary support and facilities for nidcd",1,1301135.0,1.0,67.6
USASPENDING_V1,USA,Consulting / research / audit,541713,sbir phii topic n<n>-<n> surface composite tracker,1,1134438.0,1.0,67.6
USASPENDING_V1,USA,Consulting / research / audit,541511,"business and enterprise systems innovation (bespin) data as a service (daas) enhancements, small business innovation res",1,1800000.0,1.0,67.6
USASPENDING_V1,USA,Consulting / research / audit,541990,"operations, maintenance, instrumentation, and analysis support for railroad safety research.",1,512017.59,1.0,67.6
USASPENDING_V1,USA,Consulting / research / audit,541715,baa - <n> fuels & lubricants,1,1679196.88,1.0,67.6
USASPENDING_V1,USA,Consulting / research / audit,541715,itc-ipac r&d requirement,1,598003.21,1.0,67.6
USASPENDING_V1,USA,Consulting / research / audit,519120,electronic delivery of documents (primarily in pdf format) to the health and environmental effects assessment division (,1,1087762.0,1.0,67.6
USASPENDING_V1,USA,Consulting / research / audit,541690,<n>-<n> fubu of artic sea ice in the us,1,822633.0,1.0,67.6
USASPENDING_V1,USA,Consulting / research / audit,541715,base period - namru duke/nus research study,1,1404990.78,1.0,67.6
USASPENDING_V1,USA,Consulting / research / audit,483114,"noaa, afsc, vessel charter for bottom trawl survey of groundfish and crab of the gulf of alaska and aleutian islands",1,1045000.0,1.0,67.6
USASPENDING_V1,USA,Consulting / research / audit,541712,hiv cohort study,1,516110.95,1.0,67.6
USASPENDING_V1,USA,Consulting / research / audit,541715,sbir phase ii commercial-based techniques for driving pcss,1,1099968.19,1.0,67.6
USASPENDING_V1,USA,Consulting / research / audit,339999,demonstration of the biodegradable foam for surface application of a hydrogen peroxide-based algaecide for treatment of ,1,538548.0,1.0,67.6
USASPENDING_V1,USA,Consulting / research / audit,611310,provide informatics data service services support of research - hcoe,1,649999.4,1.0,67.6
USASPENDING_V1,USA,Consulting / research / audit,541715,a<n>-<n> the electronic warfare surrogate system (ewss) for improved battle damage assessment,1,1099995.99,1.0,67.6
USASPENDING_V1,USA,Consulting / research / audit,334419,enhancing inventory management and biosecurity surveillance using radio frequency identification (rfid),1,734877.0,1.0,67.6
USASPENDING_V1,USA,Consulting / research / audit,541715,"low-cost, multi-channel arbitrary waveform generator",1,1206676.0,1.0,67.6
USASPENDING_V1,USA,Consulting / research / audit,541715,topic # sf<n>-<n> - sbir phase ii proposal f<n>-<n> - positron beam-aided characterization and optimization of post-grow,1,1250000.0,1.0,67.6
USASPENDING_V1,USA,Consulting / research / audit,541715,space propulsion research in neutralizing satellite threats - mid-power hall thruster systems demonstration,1,1599997.0,1.0,67.6
USASPENDING_V1,USA,Consulting / research / audit,541715,conversion coatings for high temperature protection of niobium alloys,1,1219790.0,1.0,67.6
USASPENDING_V1,USA,Consulting / research / audit,541715,compound assessment research support,1,741236.0,1.0,67.6
USASPENDING_V1,USA,Consulting / research / audit,541990,bridge contract for provision of geocenter services while protested contract is resolved.,1,1500000.0,1.0,67.6
USASPENDING_V1,USA,Consulting / research / audit,541715,research and development - sbir ii - scalable fluidic propulsion system for reduced signature powered parafoils,1,1099705.75,1.0,67.6
