rank	candidate_id	title	buyer	deadline	value	currency	band	reasons	scope_dce	term_value_dce	deep_batch
1	TED:570642-2026	Germany – Security software package – Erneuerung Citrix NetScaler (Web Application Firewall) im SAP-Kontext	Technische Universität Darmstadt	2026-09-04T23:59:59+02:00			HOT	web-application	n erbetenen, personenbezogenen Angaben werden im Rahmen des Vergabeverfahrens verarbeitet und gespeichert. Ihre Angaben sind Voraussetzung für die Berücksichtigung Ihres Angebotes nach der VgV. Dieses Anschreiben ist zum Verbleib beim Bewerber bestimmt. Bitte senden Sie es nicht mit dem Angebot zur…	irtschaft Frau Zöller Karolinenplatz 5 64289 Darmstadt Fax +49 61511624553 Email vergabestelle@zv.tu-darmstadt.de Ihre Anfrage vom Vergabenummer Telefon Datum A 301/26-215 +49 61511624551 14.08.2026 Erneuerung Citrix NetScaler (Web Application Firewall) im SAP-Kontext Aufforderung zur Abgabe eines …	batch-000.json
2	TED:571314-2026	Belgium – Mapping software development services – Développement d’un outil de prévision et de notification de risques de crues soudaines par ruissellement	Service public de wallonie	2026-09-08T12:00:00+02:00			GOOD	software-development	juillet 2026 par la Ministre Préambule Ce document se compose de 3 parties : Partie 1 : les clauses administratives essentielles pour permettre au soumissionnaire de déposer son offre ; Partie 2 : les clauses techniques ; Partie 3 : les annexes, qui se composent du formulaire d’offre et de l’invent…	ie 2 : les clauses techniques ; Partie 3 : les annexes, qui se composent du formulaire d’offre et de l’inventaire d’une part, et d’informations (découlant de la réglementation ou non) d’autre part. Celles-ci font partie intégrante du cahier spécial des charges. En cas de contradiction entre le cahi…	batch-000.json
3	TED:571964-2026	Ireland – IT services: consulting, software development, Internet and support – Website and App Accessibility Audit Solution	Department of Housing Local Government and Heritage	2026-09-08T12:00:00+01:00	350000.0	EUR	GOOD	software-development,it-services	===== FILE: files/2192_8860090_unpacked/1_Website and App Accessibility RFT Final.pdf ===== Request for Tenders dated 17th August 2026 for the provision of Website and App Accessibility Audit Platform Tender procedure: Open procedure Tender Deadline 12:00 (noon) 18th September 2026 2 Contents Part …	ach Lot will result in a separate contract. [Insert description of Lots and any rules / instructions in relation to Lots] 1.4 This public procurement competition (the “Competition”) will be conducted in accordance with the open procedure under the European Union (Award of Public Authority Contracts…	batch-000.json
4	TED:570451-2026	Ireland – IT services: consulting, software development, Internet and support – 9191 INTERNAL COMMUNICATIONS PLATFORM	Iarnród Eireann-Irish Rail	2026-09-04T12:00:00+01:00	850000.0	EUR	GOOD	software-development,it-services	of Notices #Addenda ID 1 Status Published Title Contract notice - sectoral directive, standard regime File Associated :<8854762_Contract notice - sectoral directive, standard regime.pdf > ===== FILE: files/1419_8854762_unpacked/1_PQQ Final Document.docx ===== PRE-QUALIFICATION QUESTIONNAIRE TENDER …	Audited accounts (last 3 years) | Current (y) | Y-1 year | Y-2 years | Y-3 years A | Date of accounting year | | | | B | Annual turnover € | | | | For each member of the consortium | y-1 year | y-2 year | y-3 year Total | | | Total per financial statements | | | Nature of Contract | Name of Awardin…	batch-000.json
5	TED:571373-2026	Ireland – Software supply services – 369-26 Single Party Framework Agreement for Veterinary Clinical Skills, Simulation and Immersive Learning Platform for Atlantic Technological University	Atlantic Technological University	2026-09-07T12:00:00+01:00	1500000.0	EUR	GOOD	e-learning	lection criteria, minimum rules and weightings specified in the Qualification Questionnaire. Applicants should note the following conditions: All questions must be completed in full using the format provided. All questions should be answered with relevance to the subject matter of this competition.…	ironments, or comparable settings. | | | | Scale and Complexity: Explain how the contract is comparable in scale and complexity to the requirements of this procurement. Demonstrate how the contract is comparable in scale and complexity, including factors such as: Number of users supported; Number o…	batch-000.json
6	TED:569485-2026	Germany – IT services: consulting, software development, Internet and support – Rahmenvertrag für Wartung, Support und Weiterentwicklung der bei IT.NRW bestehenden Jitsi-Umgebung	Landesbetrieb Information und Technik NRW	2026-09-09T23:59:59+02:00			GOOD	software-development,it-services	der Angebotsfrist Ende der Bindefrist 09.09.2026 18.09.2026, 12:00 Uhr 30.11.2026 Anfrage zur Angebotsabgabe ☐ Ihr Teilnahmeantrag/Ihre Interessensbestätigung vom ______________ Lieferung/Leistung von Wartung, Support sowie Weiterentwicklung einer bestehenden Jitsi- Umgebung einschließlich des dazu…	gisternummer | Registergericht | Registergericht | Registergericht | Registergericht | | | Geschäftszeichen der Vergabestelle | Geschäftszeichen der Vergabestelle | Z3.Sourcing | Z3.Sourcing | Vergabe-Nr. der Vergabestelle | Vergabe-Nr. der Vergabestelle | 26-T432600034 | 26-T432600034 Wartung, Sup…	batch-000.json
7	TED:571338-2026	Germany – IT services: consulting, software development, Internet and support – ISGA-Portal Weiterentwicklung und Support	Landesamt für Umwelt	2026-08-19T23:59:59+02:00			GOOD	software-development,it-services	www.lfu.rlp.de 17.08.2026 Mein Aktenzeichen LfU_13_15/2026 Bitte immer angeben! Ihr Schreiben vom Ansprechpartner/-in / E-Mail Telefon / Fax Aufforderung zur Abgabe eines Angebotes im Rahmen eines Offenen Verfahrens gemäß § 119 abs. 3 GWB Vergabenummer LfU_13_15/2026 Beschaffungsgegenstand ISGA-Por…	illionen Euro Umsatz Vertretungsberechtigter: | Straße, Hausnummer: | PLZ, Ort: | Telefon | Telefax | E-Mail-Adresse | Geschäftszeichen | Umsatzsteuer-Identifikationsnummer | Rechtsform | Wenn zutreffend dann bitte auch nachfolgende Angaben: | Wenn zutreffend dann bitte auch nachfolgende Angaben: R…	batch-000.json
8	IE:8853905	369-26 Single Party Framework Agreement for Veterinary Clinical Skills, Simulation and Immersive Learning Platform for Atlantic Technological University	Atlantic Technological University	2026-09-17T12:00:00+01:00		EUR	GOOD	e-learning	lection criteria, minimum rules and weightings specified in the Qualification Questionnaire. Applicants should note the following conditions: All questions must be completed in full using the format provided. All questions should be answered with relevance to the subject matter of this competition.…	ironments, or comparable settings. | | | | Scale and Complexity: Explain how the contract is comparable in scale and complexity to the requirements of this procurement. Demonstrate how the contract is comparable in scale and complexity, including factors such as: Number of users supported; Number o…	batch-000.json
9	ZA_ETENDERS_OCDS:ocds-9t57fa-165796-2026-08-17	SENT/022/2026-27	Sentech Limited	2026-09-08T12:00:00+00:00		ZAR	GOOD	website-development	ustrial Participation Programme.pdf ===== SBD 5 This document must be signed and submitted together with your bid THE NATIONAL INDUSTRIAL PARTICIPATION PROGRAMME INTRODUCTION The National Industrial Participation (NIP) Programme, which is applicable to all government procurement contracts that have…	reserves the right to require of a tenderer, either before a tender is adjudicated or at any time subsequently, to substantiate any claim in regard to preferences, in any manner required by the organ of state. 2. DEFINITIONS (a) “tender” means a written offer in the form determined by an organ of s…	batch-000.json
10	US-SAM:567967df0d8441948217f01fd22135ec	R/V Caretta Shipyard Repairs	COMMERCE, DEPARTMENT OF	2026-08-31T19:00:00+00:00			GOOD	web-portal	SOLICITATION INFORMATION CALL: a. NAME b. TELEPHONE NUMBER (No collect calls) 8. OFFER DUE DATE/ LOCAL TIME 9. ISSUED BY 13b. RATING 14. METHOD OF SOLICITATION CODE 15. DELIVER TO 16. ADMINISTERED BY CODE 18a. PAYMENT WILL BE MADE BY CODE17a. CONTRACTOR/ OFFEROR CODE FACILITY CODE CODE TELEPHONE NU…		batch-000.json
11	ZA_ETENDERS_OCDS:ocds-9t57fa-165790-2026-08-17	IZIKO-RFQ-R and E 17/08/2026	Iziko Museums of Cape Town	2026-09-01T11:00:00+00:00		ZAR	GOOD	graphic-design	in every respect: 3.1. I have read and I understand the contents of this disclosure; 3.2. I understand that the accompanying bid will be disqualified if this disclosure is found not to be true and complete in every respect; 3.2. The bidder has arrived at the accompanying bid independently from, and…	. 2. DEFINITIONS (a) tender” means a written offer in the form determined by an organ of state in response to an invitation to provide goods or services through price quotations, competitive tendering process or any other method envisaged in legislation; POINTS PRICE 80 SPECIFIC GOALS 20 Total poin…	batch-001.json
12	US-SAM:1fee13009b544bd5b57d2afca7d94a4f	SV26.2 Linehaul, MHE, AGWASH Services	DEPT OF DEFENSE	2026-08-18T21:00:00+00:00			GOOD	it-training,lms	rrival timeline and the subsequent movement of assets from Tarapoto Airport to the 5th BDE HQ. The ﬁve (5) separate one-day operations referenced in Table 2 establish the designated aircraft execution window. This 5-day window is intentionally structured to accommodate Air Force aircraft availabili…	our window represents the maximum allowable time from initial notiﬁcation of a mechanical or operational failure to the arrival of fully functional replacement assets or successful repair completion. This standard is mandatory to meet the rigid download and delivery schedule. 5. Please conﬁrm wheth…	batch-001.json
13	ZA_ETENDERS_OCDS:ocds-9t57fa-165330-2026-08-12	RFQ/021/2026/27	BRAND RSA	2026-08-19T16:00:00+00:00		ZAR	GOOD	brand-identity,training-services	ess and the non-government sector. Brand South Africa 103 Central Street, Houghton, Gauteng, South Africa | PO Box 87168, Houghton, 2041, Gauteng, South Africa Telephone: +27 11 712 5000 | Fax: +27 11 483 0124 Email: info@brandsouthafrica.com | Website: www.brandsouthafrica.com Trustees: Ms Ipeleng…	nd committed patronage. Brand South Africa is also the central hub of national reputation and competitiveness intelligence. This intelligence is vital for articulating, aligning and mobilising key messages about the nation for the use and benefit of all stakeholders and strategic partners. 2. WHO W…	batch-001.json
14	US-SAM:9e82a4b5a8f04ebc9edf09438564a6f7	EUR/Athens - Electric Scissor and Compact Crawler Boom Lifts	STATE, DEPARTMENT OF	2026-09-04T11:00:00+00:00			GOOD	e-learning	TO CODE 16 . ADMINISTERED BY CODE Same as block 9 Same as block 7(a) 17a. CONTRACTOR / CODE OFFEROR FACILITY CODE 18a. PAYMENT WILL BE MADE BY CODE U.S. Embassy Athens Financial Management Office 91 Queen Sophia Avenue 101 60 Athens [ ] 17b. CHECK IF REMITTANCE IS DIFFERENT AND PUT SUCH ADDRESS IN …	rigger footprint. • Transport dimensions. • Machine weight. 10 5. ELECTRIC SCISSOR LIFT 5.1 General The Contractor shall supply one (1) new Electric Scissor Lift suitable for indoor and outdoor maintenance activities within occupied facilities. The machine shall provide stable elevated working acce…	batch-001.json
15	US-SAM:57783181490543c2a97d9cd1518f7925	DA01--Software maintenance and support services for existing MyPath tools in support of VA Puget Sound Healthcare System, Seattle, WA	VETERANS AFFAIRS, DEPARTMENT OF	2026-08-27T19:00:00+00:00			GOOD	software-development,software-maintenance	RAM EDWOSB 8(A) NAICS: SIZE STANDARD: 11. DELIVERY FOR FOB DESTINA- TION UNLESS BLOCK IS MARKED SEE SCHEDULE 12. DISCOUNT TERMS 13a. THIS CONTRACT IS A RATED ORDER UNDER DPAS (15 CFR 700) 13b. RATING 14. METHOD OF SOLICITATION RFQ IFB RFP 15. DELIVER TO CODE 16. ADMINISTERED BY CODE 17a. CONTRACTOR…	uth Columbian Way Seattle WA 98108-1532 36C260 Department of Veterans Affairs Network Contracting Office 20 (V4CONT) 1601 E. Fourth Plain Boulevard Building 17, Suite B428 Vancouver WA 98661 Department of Veterans Affairs FMS-VA-2(101) Financial Services Center PO Box 149971 Austin TX 78714-9971 De…	batch-001.json
16	US-SAM:7361373b14f2436c9502fe899e9ad9bb	Khufu - Hybrid Capture Genotyping Service	AGRICULTURE, DEPARTMENT OF	2026-08-21T19:00:00+00:00			GOOD	e-learning	===== FILE: files/ATTACHMENT_1_SOW_1232SA26Q1231.pdf ===== Statement of Work (SOW) USDA / Twist Bioscience / HudsonAlpha Sorghum Genomics Project — Community-Driven Target Design and High-Throughput Genotyping via Custom Hybrid Capture Participating Organizations: ● USDA (Doreen Ware Lab): Communit…	or certifies that: (1) It is compliant with all applicable Federal anti-discrimination laws and the Equal Protection principles of the U.S. Constitution, and it will remain compliant for the duration of the contract. (2) Neither it nor any subcontractor or teaming partner operates or funds any prog…	batch-001.json
17	US-SAM:f7294e1580cb49f699ffea7261e93d4b	SV26.2 Air Conditioner Rental	DEPT OF DEFENSE	2026-08-19T21:00:00+00:00			GOOD	it-training,lms	ting your offer Company Name: Unique Entity Identifier: ______________________ FAR 52.212-1, Instructions to Offerors—Commercial Products and Commercial Services (MAR 2023) (c) Period for acceptance of offers. The offeror agrees to hold the prices in its offer firm for 30 calendar days from the dat…	nce, with the same force and effect as if they were given in full text. Upon request, the Contracting Officer will make their full text available. Also, the full text of a clause may be accessed electronically at this/these address(es): https://www.acquisition.gov/browse/index/far b. 52.217-8, Opti…	batch-001.json
18	TED:569364-2026	Ireland – Computer support and consultancy services – Merchant Quay Ireland- Request for Tenders for The Provision of Unit4 ERP Implementation, Hypercare And Application Support Services.	Merchants Quay Ireland CLG	2026-08-21T12:00:00+01:00	200000.0	EUR	GOOD	application-support	and ("MQI") invites tenders ("Tenders") in response to this Request for Tenders ("RFT") from economic operators ("Tenderers") for the provision of the services as described in Schedule 1 to this RFT (the "Services"). 1.2 MQI is a national charity and one of Ireland’s largest providers of homelessne…	ators, goods and services to the Union's public procurement and concession markets and procedures supporting negotiations on access of Union economic operators, goods and services to the public procurement and concession markets of third countries (International Procurement Instrument – IPI), and t…	batch-001.json
19	US-SAM:ac66c360b1d44c1faa5dc428f78de8f6	Roof Repairs - National Center for Cool and the Cold-Water Aquaculture (NCCCWA)	AGRICULTURE, DEPARTMENT OF	2026-08-19T16:00:00+00:00			GOOD	it-training	===== FILE: files/ATTACHMENT_1_-_STATEMENT_OF_WORK.pdf ===== ROOF REPAIRS National Center for Cool and Cold-Water Aquaculture (NCCCWA) 11861 Leetown Road, Kearneysville, WV 25430 STATEMENT OF WORK April 20, 2026 1.0 SCOPE The United State Department of Agriculture (USDA), Agricultural Research Serv…	ctious, toxic exposure and store/protect flammable/combustible products? 21. Has a GC Safety Manager been designated with routine site safety meetings conducted to ensure awareness of Life Safety 22. Is personnel protective equipment (e.g., safety glasses, ear plugs, hard hats) required and being u…	batch-001.json
20	ZA_ETENDERS_OCDS:ocds-9t57fa-165682-2026-08-14	KZN/PRASA/2026/08/06/Q	Passenger Rail Agency of South Africa	2026-08-27T12:00:00+00:00		ZAR	MAYBE	it-training	===== FILE: files/MAster RFQ For ISO 9001 INTERNAL AUDIT TRAINING.pdf ===== RFQ NUMBER: KZN/PRASA/2026/08/06/Q REQUEST FOR QUOTATION (RFQ): THE APPOINTMENT OF A QUALIFIED SERVICE PROVIDER TO FACILITATE AN ISO 9001 INTERNAL AUDITING TRAINING TO PRASA EMPLOYEES. REQUEST FOR QUOTATION (RFQ) 2 SECTION …	proval. The contract will be concluded between the successful Respondent and PRASA, therefore, the successful Respondent and not the sub-contractor will be held liable for performance in terms of its contractual obligations. 16 Governing law The order/contract is governed by the law of the Republic…	batch-001.json
21	US-SAM:3f7fef3cc8a0419e96d234b9eac368d4	Predictive Lake Analytics Nextgen eXchange Services (PLANXS)	HOMELAND SECURITY, DEPARTMENT OF	2026-09-16T00:00:00+00:00			MAYBE	e-learning,digital-services	er future orders. 1 In this document, citations to, RFO Part 16, RFO Part 10, RFO Part 11 and RFO Part 15 are citations specifically to Federal Acquisition Regulation (FAR) Class Deviation 26-04, Rev. 1 for FAR Part 16, FAR Class Deviation 26-12, Rev. 1 for FAR Part 10, Rev. 1 for FAR Part 11, Rev.…	===== FILE: files/JEFO_Exceeding_the_MP_PLANXS_Extension_Redacted_for_Posting.pdf ===== www.uscis.gov Rev: 02/10/2026 Justification for Exception to Fair Opportunity, Exceeding the Micro-purchase Threshold, Predictive Lake Analytics Nextgen eXchange Services (PLANXS) REFERENCE: Justification Log Nu…	batch-002.json
22	US-SAM:e2808a005aa340e2bbff9b670ea21fd5	R--Physical Security Services, Coos Bay District BLM,	INTERIOR, DEPARTMENT OF THE	2026-08-21T21:00:00+00:00			MAYBE	software-development	ITED STATES OF AMERICA (Signature of Contracting Officer) Previous edition unusable PAGESOF Contractor The hour and date specified for receipt of Offers to sign this document and return Tiffany Eslinger See continuation page BLM OR-ST OFC PROC MGMT BR(OR952) 1220 SW 3rd Avenue, 12th Floor PORTLAND …	the Contractor, require the Contractor to stop all, or any part, of the work called for by this contract for a period of 90 days after the order is delivered to the Contractor, and for any further period to which the parties may agree. The order shall be specifically identified as a stop-work order…	batch-002.json
23	TED:570386-2026	France – Statutory audit services – Accord-cadre de prestations de co-commissariat aux comptes dans le cadre d'un mandat pour les exercices comptables 2027 à 2032 de France Travail	FRANCE TRAVAIL - DG	2026-10-09T00:00:00+02:00	7785375.0	EUR	MAYBE	it-services	hnique. Ce Cadre est exhaustif : toutes les fiches et rubriques doivent être renseignées par le candidat qui n’a pas à produire d’autres informations ou documents que ceux étant expressément sollicités dans le présent Cadre de réponse. Si le candidat souhaite argumenter ses propos cela lui est poss…	===== FILE: files/019.26 DCE CAC et annexes_unpacked/019.26 demande_acceptation_soustraitant_unpacked/[Content_Types].xml ===== <?xml version="1.0" encoding="UTF-8" standalone="yes"?> <Types xmlns="http://schemas.openxmlformats.org/package/2006/content-types"><Default Extension="rels" ContentType="…	batch-002.json
24	US-SAM:0cff72605f064bb485f3e62cb15ed239	ayData Software Services	DEPT OF DEFENSE	2026-08-19T18:00:00+00:00			MAYBE	software-services	DATE 7. FOR SOLICITATION INFORMATION CALL: a. NAME b. TELEPHONE NUMBER (No collect calls) 8. OFFER DUE DATE/ LOCAL TIME 9. ISSUED BY 13b. RATING 14. METHOD OF SOLICITATION CODE 15. DELIVER TO 16. ADMINISTERED BY CODE 18a. PAYMENT WILL BE MADE BY CODE17a. CONTRACTOR/ OFFEROR CODEFACILITY CODE CODE T…		batch-002.json
25	TED:570271-2026	Moldova – Education and training services – Provisions of Regional Consultants services under the Project Development and Management Team supporting the State Chancellery in the Public Administration Reform process	Solidarity Fund PL, Moldova Branch	2026-09-11T10:00:00+03:00			MAYBE	training-services	and Management Team supporting the Public Administration Reform process in the Republic of Moldova. II. Lots The procurement procedure is divided into nine (9) geographical Lots. Each Lot corresponds to a designated geographical area within the Republic of Moldova and covers the provision of Region…	===== FILE: files/ToR_S-CoM_PDM-Team_final_08.04.pdf ===== Services: Provisions of Regional Consultants services under the Project Development and Management Team supporting the State Chancellery in the Public Administration Reform process Organization: Solidarity Fund PL in Moldova Type of contrac…	batch-002.json
26	US-SAM:1f2262deedef45e5a648720dabdb3c3b	ROUND BAR	DEPT OF DEFENSE	2026-08-19T18:00:00+00:00			MAYBE	training-course	DATE 7. FOR SOLICITATION INFORMATION CALL: a. NAME b. TELEPHONE NUMBER (No collect calls) 8. OFFER DUE DATE/ LOCAL TIME 9. ISSUED BY 13b. RATING 14. METHOD OF SOLICITATION CODE 15. DELIVER TO 16. ADMINISTERED BY CODE 18a. PAYMENT WILL BE MADE BY CODE17a. CONTRACTOR/ OFFEROR CODEFACILITY CODE CODE T…	d address of the contractor, agent, or broker who will notify DCMA St. Louis, Duty Free Entry Team, for execution of the duty-free entry certificate. (If the shipment will be consigned to a contractor's plant and no duty-free entry certificate is required due to a trade agreement, the Contractor sh…	batch-002.json
27	ZA_ETENDERS_OCDS:ocds-9t57fa-165372-2026-08-13	RFP-HO-06-2026	South African Human Rights Commission	2026-08-25T11:00:00+00:00		ZAR	MAYBE	public-relations	ies. • Develop Brand Strategy: Define the brand's purpose, positioning, personality, and core messaging. • C reate brand voice and messaging: Counter misinformation and disinformation, especially on social media, and ensure a consistent tone and story are told across all communication channels. • F…	reserves the right to require of a tenderer, either before a tender is adjudicated or at any time subsequently, to substantiate any claim in regard to preferences, in any manner required by the organ of state. 2. DEFINITIONS (a) “tender” means a written offer in the form determined by an organ of s…	batch-002.json
28	US-SAM:02c44e3a1e804ab295e23a1535c2d562	66--Brand Name or Equal: Echo 81 Ping DSP i3DSS Payloa	INTERIOR, DEPARTMENT OF THE	2026-08-31T18:00:00+00:00			MAYBE	software-development,it-services,training-services	RTANT: This is a request for information and quotations furnished are not offers. If you are unable to quote, please so indicate on this form and return it to the address in Block 5a. This request does not commit the Government to pay any costs incurred in the preparation of the submission of this …	orts/data items to be provided hereunder shall be delivered in accordance with the following [delivery schedule and] distribution list: U.S. Geological Survey Denver Acquisition Branch ATTN: Kekila Keuma Email: KKeuma@usgs.gov Telephone: (303) 236-9317 b) Communications to the Administrative Contra…	batch-002.json
29	US-SAM:56b9189307a44f209d41806d1d5b4013	Brand Name or Equal: Echo 81 Ping DSP i3DSS Payloa	INTERIOR, DEPARTMENT OF THE	2026-08-31T18:00:00+00:00			MAYBE	software-development,it-services,training-services	RTANT: This is a request for information and quotations furnished are not offers. If you are unable to quote, please so indicate on this form and return it to the address in Block 5a. This request does not commit the Government to pay any costs incurred in the preparation of the submission of this …	orts/data items to be provided hereunder shall be delivered in accordance with the following [delivery schedule and] distribution list: U.S. Geological Survey Denver Acquisition Branch ATTN: Kekila Keuma Email: KKeuma@usgs.gov Telephone: (303) 236-9317 b) Communications to the Administrative Contra…	batch-002.json
30	ZA_ETENDERS_OCDS:ocds-9t57fa-165405-2026-08-12	RFP OW-011/2026/27	Overberg Water	2026-09-04T12:00:00+00:00		ZAR	MAYBE	it-services	===== FILE: files/RFP 0W-011202627 Internal Audit.pdf ===== BID NUMBER – RFP 0W-011/2026/27 CLOSING DATE: 04th SEPTEMBER 2026 REQUEST FOR PROPOSAL: APPOINTMENT OF INTERNAL AUDITORS IN ACCORDANCE WITH THE GIVEN SCOPE FOR A PERIOD OF 36 MONTHS DOCUMENT INFORMATION SHEET Title of Document Professional…	ed to review Overberg Water risk management and governance processes, and perform the following functions: a) Develop a three -year internal audit strategy plan. The plan should take into account the assurance activities of relevant internal and external assurance providers. Based on this requireme…	batch-002.json
31	US-SAM:a54220add1ad4db185e19653241feea8	3D LiDAR AND SMARTPHONE-BASED PLATFORMS FOR MOTOR VEHICLE TRAFFIC DATA	TRANSPORTATION, DEPARTMENT OF	2026-08-19T15:00:00+00:00			MAYBE	communications	w r="6" spans="1:3" ht="31.5" x14ac:dyDescent="0.25"><c r="A6" s="12"><v>5</v></c><c r="B6" s="7" t="s"><v>8</v></c><c r="C6" s="8" t="s"><v>10</v></c></row></sheetData><hyperlinks><hyperlink ref="C4" r:id="rId1" display="https://www.congress.gov/crs-product/IF11837" xr:uid="{266B2849-4643-41A2-832…	suggestion list" through mutual agreement with FHWA. Should offerors identify and propose candidate state(s) as part of their quote submission, or is state/site selection intended to occur post-award, during Task 2? | The PWS, Page 8, was updated to state: "The suggested state(s) must be included i…	batch-003.json
32	US-SAM:acba7a65618c4aae82c156aa1c8e0f04	Conference Room DVLED Audio and Video System Upgrade	DEPT OF DEFENSE	2026-08-25T17:00:00+00:00			MAYBE	communications,training-course	===== FILE: files/Bill_of_Material_Redacted.pdf ===== Brand Name or Equal ===== FILE: files/Clauses.pdf ===== Page 1 of 23 DOCUMENT NUMBER FA2823-26-Q-A110 CLAUSES INCORPORATED BY REFERENCE CLAUSE NO ALT NO/ DEV NO CLAUSE TITLE YEAR- MO SECTION 252.203-7000 Requirements Relating to Compensation of …		batch-003.json
33	US-SAM:97ec79a9bab14694a4a7b090645c3885	Conference Room DVLED Audio and Video System Upgrade	DEPT OF DEFENSE	2026-08-25T17:00:00+00:00			MAYBE	communications,training-course	===== FILE: files/Bill_of_Material_Redacted.pdf ===== Brand Name or Equal ===== FILE: files/Clauses.pdf ===== Page 1 of 23 DOCUMENT NUMBER FA2823-26-Q-A110 CLAUSES INCORPORATED BY REFERENCE CLAUSE NO ALT NO/ DEV NO CLAUSE TITLE YEAR- MO SECTION 252.203-7000 Requirements Relating to Compensation of …		batch-003.json
34	US-SAM:31bd9407e6174aae97be4c0716eb1eed	Water Refill Stations (Guam)	DEPT OF DEFENSE	2026-08-20T01:00:00+00:00			MAYBE	communications,training-course	===== FILE: files/Attachment_1-_Statement_of_Work.pdf ===== STATEMENT OF WORK 644 Combat Communications Squadron (644 CBCS) Water Refill Stations ON ANDERSEN AFB, GUAM Table of Contents 1. DESCRIPTION OF SERVICES ......................................................................................…		batch-003.json
35	UK_PCS_OCDS:rls-14-AUG561570	Provision of 2026 Refit Services MV Thorsvoe	Orkney Islands Council	2026-09-04T12:00:00+00:00	170000.0	GBP	MAYBE	it-services	you require any additional documents? Notice Details Introduction Full Notice Text Further Info Contact Info Coding Title: Provision of 2026 Refit Services MV Thorsvoe Reference No: AUG561570 OCID: ocds-r6ebe6-0000839105 Published by: Orkney Islands Council Publication Date: 04/08/2026 Deadline Dat…		batch-003.json
36	TED:569744-2026	Croatia – Telecommunications services – ELEKTRONIČKE KOMUNIKACIJSKE USLUGE U POKRETNOJ MREŽI	GRAD ZAGREB	2026-08-31T10:00:00+02:00	3015329.7	EUR	MAYBE	communications			batch-003.json
37	TED:570646-2026	Latvia – Public relations services – Sociālās kampaņas “neJAUCIES svešās darīšanās” izstrāde	Valsts izglītības attīstības aģentūra	2026-09-07T10:00:00+02:00			MAYBE	public-relations			batch-003.json
38	US-SAM:97909f212e4641a9a19a4fc113a1f95d	31 FSS Laundry and Dry-Cleaning Services, Aviano AB, Italy	DEPT OF DEFENSE	2026-08-28T14:00:00+00:00			MAYBE	training-course	(MO) no later than the 3rd workday of the following month. 1.2.2. Counting of items to be laundered will be accomplished by the government personnel at each pick-up location and verified by the Contractor at the end of each laundering. A copy of each counting sheet will be retained by both parties.…	either response, please list the affected contract numbers for only those contracts administered by 31 CONS (identified by the first 6 characters of the Contract number-- FA5682): Company Name: ____________________________________ UEI: ____________________ Authorized Representative (Printed Name/Ti…	batch-003.json
39	US-SAM:1e184e9cb5c845bdba4db6656e8a1576	Sports Officiating and Scorekeeping Services IDIQ	DEPT OF DEFENSE	2026-09-08T22:00:00+00:00			MAYBE	training-course	SEE SCHEDULE 12. DISCOUNT TERMS 13a.THIS CONTRACT IS A RATED ORDER UNDER THE DEFENSE PRIORITIES AND ALLOCATIONS SYSTEM-DPAS (15 CFR 700) 13b. RATING 14. METHOD OF SOLICITATION REQUEST FOR QUOTE (RFQ) INVITATION FOR BID (IFB) REQUEST FOR PROPOSAL (RFP) 15. DELIVER TO CODE: See Schedule 16. ADMINISTE…	Price 958 Hours 1002 Scorekeeping Services IAW PWS Product Service Code: G003 Pricing Arrangement: Firm Fixed Price 320 Hours 2001 Sports Ofﬁciating Services IAW PWS Product Service Code: G003 Pricing Arrangement: Firm Fixed Price 958 Hours 2002 Scorekeeping Services IAW PWS Product Service Code: G…	batch-003.json
40	US-SAM:18f2a8b45bac42519673117b5662b398	Control Box, Electrical	DEPT OF DEFENSE	2026-09-16T19:00:00+00:00			MAYBE	training-course	===== FILE: files/26-00968_Synopsis.pdf ===== PR Number(s): FD20302600968PLN Line Item: 0001 NSN: 1660011408406 NOUN: CONTROL BOX, ELECTRI P/N: 627076-3-1 P/N: 16VY103002-2 P/N: 1660PL1624787 P/N: 1660PL1930283, Description: The cabin air temperature control is used to plate to the duct so that the…	RS 231.100-70) 5 2 . 2 3 2 - 1 P A Y M E N T S (APR 1984) (IAW FAR 32.111(a)(1)) 52.232-8 DISCOUNTS FOR PROMPT PAYMENT (FEB 2002) (IAW FAR 32.111(b)(1)) 52.232-11 EXTRAS (APR 1984) (IAW FAR 32.111(c)(2)) 52.232-17 INTEREST (MAY 2014) (IAW FAR 32.611(a), FAR 32.611(b)) 52.232-18 AVAILABILITY OF FUND…	batch-003.json
41	US-SAM:a1797ae680a343188a90fcbf7fdf78c9	Cable Assembly	DEPT OF DEFENSE	2026-09-01T00:00:00+00:00			MAYBE	training-course	r schedules. If no response is received during the required response time, the contractor self-attests order acceptance as is. A-19. Long Lead Time and or Long Term Contracts FOR LONG LEAD TIME ITEMS AND/OR LONG TERM CONTRACTS, THE PARTIES RECOGNIZE THERE IS A RISK THAT PART(S) OR COMPONENT(S) REQU…	ent may choose to have the contractor remedy the non-conformances found on the 18 39 SPRRA2-26-P-0031 WOODARD ELECTRIC, INC. product by rework when appropriate, or require the contractor to provide newly manufactured product for inspection. The Contractor, upon Government request, shall make any ne…	batch-004.json
42	US-SAM:b8ef186f5b704a80ad251c3d157f9fe3	Repair Aircraft Handler and Battery Replacement	DEPT OF DEFENSE	2026-08-27T02:00:00+00:00			MAYBE	training-course	===== FILE: files/Attachment_1_-_Performance_of_Work_Statement_FA527026QB028.pdf ===== PERFORMANCE WORK STATEMENT (PWS) 18 AMXS 67 AMU [x4 Aircraft handler battery replacement] Part 1 General Information 1. GENERAL: I am the NCOIC of the 18 AMXS/67 AMU Support section. We manage $200M of Equipment …	ownership/copyright belonging exclusively to the Government. These d ocuments and materials may not be used or sold by the contractor without written permission from the Contracting Officer. All m aterials supplied to the Government shall be the sole property of the Government and may not be used f…	batch-004.json
43	US-SAM:6cc9a376142743d498492578fca89e59	Moving Services	DEPT OF DEFENSE	2026-08-19T16:00:00+00:00			MAYBE	training-course	or must provide employees with 1 hour of paid sick leave for every 30 hours they work, up to 56 hours of paid sick leave each year. Employees must be permitted to use paid sick leave for their own illness, injury or other health-related needs, including preventive care; to assist a family member (o…	is notice. This announcement constitutes the only solicitation that Naval Surface Warfare Center Carderock Division (NSWCCD) intends to issue, and is a Request for Quotes (RFQ) for the following Supplies and/or Services. This requirement for a Moving Services contract where the contractor shall pro…	batch-004.json
44	US-SAM:e69f6555505249e5bda6dd94dfb65a96	Mobile Radio Installation	DEPT OF DEFENSE	2026-08-24T16:00:00+00:00			MAYBE	training-course	DATE 7. FOR SOLICITATION INFORMATION CALL: a. NAME b. TELEPHONE NUMBER (No collect calls) 8. OFFER DUE DATE/ LOCAL TIME 9. ISSUED BY 13b. RATING 14. METHOD OF SOLICITATION CODE 15. DELIVER TO 16. ADMINISTERED BY CODE 18a. PAYMENT WILL BE MADE BY CODE17a. CONTRACTOR/ OFFEROR CODEFACILITY CODE CODE T…		batch-004.json
45	US-SAM:53ba3b21ee354f23a73658e1f34f3ffd	Audio and Video Upgrade	DEPT OF DEFENSE	2026-08-31T19:00:00+00:00			MAYBE	communications,training-course	===== FILE: files/Audio_and_Video_combo_282_29.pdf ===== Submission Instructions Your quote must be submitted as a single PDF document and must contain all of the following information: 1. Past Performance Volume To prove your capability to successfully complete this project, submit 1 to 3 past per…		batch-004.json
46	ZA_ETENDERS_OCDS:ocds-9t57fa-165669-2026-08-14	RFQ15/08/2026	Enoch Mgijima Local Municipality	2026-08-20T12:00:00+00:00		ZAR	MAYBE	workshop	__ TENDER AMOUNT: ______________________________________________________ REQUEST FOR QUOTATION: RFQ15/08/2026 2 RFQ15/08/2026 SUPPLY AND INSTALLATION OF BLUE / RED EMERGENCY ROOF MOUNTED BAR LED LIGHTS, BLUE LED GRILLE LIGHTS AND BLUE LED STROBE LIGHTS, SIREN AMPLIFIERS AND PUBLIC ADDRESS SYSTEM CO…	ren amplifiers and public address system combination. Project Name Bid Number Scope of work Closing Date Enquiries Availability of tender documents SUPPLY AND INSTALLATION OF BLUE / RED EMERGENCY ROOF MOUNTED BAR LED LIGHTS, BLUE LED GRILLE LIGHTS AND BLUE LED STROBE LIGHTS, SIREN AMPLIFIERS AND PU…	batch-004.json
47	US-SAM:1b1b678dfd5440a68343030518e40e2a	J--GC26 FIRE ALARM SYSTEM REPLACEMENT	INTERIOR, DEPARTMENT OF THE	2026-08-31T18:00:00+00:00			MAYBE	workshop	===== FILE: files/00_00_01_Specifications_GC_FIre_sytem_Replacement.pdf ===== U.S. Department of the Interior AUGUST 2023 Glen Canyon Powerplant Fire Alarms Systems Modernization Glen Canyon Power Plant Colorado River Storage Project, Arizona-Utah Upper Colorado Basin Region This page intentionally…	ty/Ball-In-Court. 3. Sort logs based on a criterion, e.g. for Submittal, Specification Section, Days Out, Status, or other criterion determined by the COR. 4. Supply forms to match Government’s CM Form and Progress Payment Form or other forms when needed. 5. Track Cost Exposure with links to RFI an…	batch-004.json
48	ZA_ETENDERS_OCDS:ocds-9t57fa-165726-2026-08-14	EWSETA/RFQ/026/2026-27	Energy and Water Sector Education and Training Authority	2026-08-21T13:00:00+00:00		ZAR	MAYBE	workshop	ent. In this context, EWSETA is keen to form sustainable partnerships and/or collaborations that will further promote its support for transformation. EWSETA as the Quality Assurance Partner (QAP) is duly responsible to the Quality Council for Trades and Occupations (QCTO) for executing quality assu…	ance and Skills Development Department.  All engagements will be governed by Service Level Agreements (SLAs) per assignment.  Providers will report to the designated Project Manager assigned for each task and Steering Committee. 3.8 Ethical Standards and Confidentiality  Service providers must a…	batch-004.json
49	US-SAM:a510a0e31d404f1c84f62ba4b4366182	NSN:1660-01-210-6728BO NOUN:REGULATOR,OXYGEN,DE	DEPT OF DEFENSE	2026-09-01T20:00:00+00:00			MAYBE	training-course	USED/OVERHAULED C O M M L S U R P L U S NEW/UNUSED NEW/RECONDITIONED NEW/MODIFIED USED/OVERHAULED SURPLUS EVALUATION CRITERIA (If Section 11a. indicates surplus materiel may be considered). (Fill in blanks as appropriate) PART NUMBER VERIFICATION U1605(AFMCFARS 5352.211-9011) MFG 2284W000P/N PRIOR …		batch-004.json
50	US-SAM:0ca6c1ed90bd40cb9247e8604947fe77	BRAND NAME MANDATORY Markforged 3D Printer	DEPT OF DEFENSE	2026-09-01T14:00:00+00:00			MAYBE	training-course	DATE 7. FOR SOLICITATION INFORMATION CALL: a. NAME b. TELEPHONE NUMBER (No collect calls) 8. OFFER DUE DATE/ LOCAL TIME 9. ISSUED BY 13b. RATING 14. METHOD OF SOLICITATION CODE 15. DELIVER TO 16. ADMINISTERED BY CODE 18a. PAYMENT WILL BE MADE BY CODE17a. CONTRACTOR/ OFFEROR CODEFACILITY CODE CODE T…		batch-004.json
51	US-SAM:4c3c37fc509246fd967996ddfc159cde	Ceiling Tile Replacement	DEPT OF DEFENSE	2026-08-27T13:00:00+00:00			MAYBE	training-course	DATE 7. FOR SOLICITATION INFORMATION CALL: a. NAME b. TELEPHONE NUMBER (No collect calls) 8. OFFER DUE DATE/ LOCAL TIME 9. ISSUED BY 13b. RATING 14. METHOD OF SOLICITATION CODE 15. DELIVER TO 16. ADMINISTERED BY CODE 18a. PAYMENT WILL BE MADE BY CODE17a. CONTRACTOR/ OFFEROR CODEFACILITY CODE CODE T…		batch-005.json
52	US-SAM:9fe95ab4652b4b49873a92564172c48d	SOLICITATION: Flooring Material and Installation BPA (Amendment 1)	DEPT OF DEFENSE	2026-08-21T21:00:00+00:00			MAYBE	training-course	ll begin no earlier than 0700 hours and end no later than 1600 hours, Monday thru Friday, unless otherwise approved by the Contracting Officer Representative (COR). Services after normal duty hours shall be coordinated through the COR and approved by the user. Coordination: Only the Contracting Off…	Protection: The government will provide security police and fire protection to the extent necessary to ensure a secure and safe work environment. The contractor shall adhere to the security and fire directives, instructions, and policies of Ellsworth AFB. Emergency Services: The contractor shall re…	batch-005.json
53	US-SAM:c5f53c4a404448cb9a8919b3658b1ac0	MCRDPI Boat Maintenance Contract	DEPT OF DEFENSE	2026-08-22T00:00:00+00:00			MAYBE	training-course	DATE 7. FOR SOLICITATION INFORMATION CALL: a. NAME b. TELEPHONE NUMBER (No collect calls) 8. OFFER DUE DATE/ LOCAL TIME 9. ISSUED BY 13b. RATING 14. METHOD OF SOLICITATION CODE 15. DELIVER TO 16. ADMINISTERED BY CODE 18a. PAYMENT WILL BE MADE BY CODE17a. CONTRACTOR/ OFFEROR CODEFACILITY CODE CODE T…	and ID / Security Office. Follow all timelines for submission. Keep in mind business days for PMO Access Control processing are Monday - Friday 0630-1500, excluding holidays. Once your individual has been cleared, someone from the Contracting Office let you know. If your access is required for more…	batch-005.json
54	US-SAM:4d39e07683f741caad6d605f420e51b5	Hotel Lodging and Conference services in November 2026 in Cluj Napoca/ Romania	STATE, DEPARTMENT OF	2026-08-28T14:00:00+00:00			MAYBE	workshop	===== FILE: files/RFQ_19R01026Q0012_IPLEC_workshop_Cluj_Napoca.pdf ===== 1 U.S. Embassy Bucharest Date: 14 August 2026 Dear Prospective Quoter: Subject: Request for Quotations number 19R01026Q0012 The U.S. Government, through the U.S. Embassy in Bucharest, Romania, is soliciting quotations from qua…	US $15,000 - Unless one of the exceptions in paragraph (4) below applies, the Government will: (a) Make its award based on comparisons of price, past performance, and unique qualifications which meet the level of quality required to meet the Government’s security and logistical requirements. Award …	batch-005.json
55	US-SAM:cbc865d0938f42b28782014245c9f6be	Logistics Fundamentals and Supply Chain Management Training	DEPT OF DEFENSE	2026-08-19T16:00:00+00:00			MAYBE	training-course	ry of one course per month over a six-month period. However, in the event of unforeseen schedule disruptions, including Government furloughs, funding interruptions, or other circumstances that may affect the planned delivery schedule, the Government reserves the right to schedule and conduct multip…		batch-005.json
56	US-SAM:7cb42664fe7b46b2b360da57c5afc314	BONNET CARRE SPILLWAY STRUCTURE GRATING SUPPLY CONTRACT St. Charles Parish, LA	DEPT OF DEFENSE	2026-09-18T16:00:00+00:00			MAYBE	training-course	N ISSUE DATE 7. FOR SOLICITATION INFORMATION CALL: a. NAME b. TELEPHONE NUMBER (No collect 8. OFFER DUE DATE/ LOCAL TIME 9. ISSUED BY 13b. RATING 14. METHOD OF SOLICITATION CODE 15. DELIVER TO 16. ADMINISTERED BY CODE 18a. PAYMENT WILL BE MADE BY CODE17a. CONTRACTOR/ OFFEROR CODEFACILITY CODE CODE …	walkway panels. b. Galvanized grating clips shall be adequately boxed and secured for transport. c. The Government will offload and store all materials upon delivery. Any materials not properly boxed and palleted will not be accepted until placed and secured in boxes and set on pallets. 4. Inspecti…	batch-005.json
57	US-SAM:52c990e8745049d1b4da4814ff3b6206	BONNET CARRE SPILLWAY ROTARY CUTTER SUPPLY CONTRACT St. Charles Parish, LA	DEPT OF DEFENSE	2026-09-18T16:00:00+00:00			MAYBE	training-course	N ISSUE DATE 7. FOR SOLICITATION INFORMATION CALL: a. NAME b. TELEPHONE NUMBER (No collect 8. OFFER DUE DATE/ LOCAL TIME 9. ISSUED BY 13b. RATING 14. METHOD OF SOLICITATION CODE 15. DELIVER TO 16. ADMINISTERED BY CODE 18a. PAYMENT WILL BE MADE BY CODE17a. CONTRACTOR/ OFFEROR CODEFACILITY CODE CODE …	,000 RPMs. Cutting blades shall be minimum 1/2 inch x 5 inch. Deck shall include chains guards. Mower wheels/tires shall be solid tires and rims. Tires shall not be pneumatic, foam filled or laminated units. 3. Additional Requirements: a. All materials shall be transported to reduce damage to the r…	batch-005.json
58	US-SAM:03c4f2d88edc4bee9a6ea9b1b45c67c9	Spectrum Analyzer	DEPT OF DEFENSE	2026-08-26T21:00:00+00:00			MAYBE	training-course	===== FILE: files/Attachment_1_-_Salient_Characteristics_-_Spectrum_Analyzer.pdf ===== Salient Characteristics of the Requirement Salient characteristics refer to speciﬁc features or characteristics that are important or distinctive. In the context of attachments or documents, salient characteristi…	is received before award is made and the Contracting Officer determines that accepting the lat e of fer would not unduly delay the acquisition. However, a late modification of an otherwise successful offer that makes its terms more favorable to the Government will be considered at any time it is re…	batch-005.json
59	US-SAM:f2b74fd7d753480abebef86f9a36d950	Nomex Fabric Cloth	DEPT OF DEFENSE	2026-08-18T18:00:00+00:00			MAYBE	training-course	THIRD PARTY DEALER IS YOUR COMPANY’S PRICING INDEPENDENT FROM THE MANUFACTURER? Yes ___ No ___ SAM CAGE CODE: ________________ Representations must be filled in below, and provided with the submission of the quote. Offers received without completed representations may not be considered for award. P…		batch-005.json
60	US-SAM:e40972efb2254463b365837c3149eac8	S208--Janitorial OKC VAMC Base w/4OY 09-01-2026 to 08-31-2027	VETERANS AFFAIRS, DEPARTMENT OF	2026-08-24T15:00:00+00:00			MAYBE		ic Approximate Square Feet: 34,997 4303 Pittman and Thomas Ft. Sill, Lawton OK 73503 Lawton North VA Community Based Outpatient Clinic: 17,000 2640 Miner Road Ft. Sill, OK 73503 Stillwater VA Community Based Outpatient Clinic Average Square Feet: 3,861 320 North Perkins Avenue Stillwater, OK 74074 …	me will be allowed under this contract. Cleaning of any areas not covered under this contract will not be paid for by the Government. If additional areas need to be added/ included a contract modification will be bilaterally awarded by the Contracting Officer. No additional work will be completed u…	batch-005.json
61	ZA_ETENDERS_OCDS:ocds-9t57fa-165449-2026-08-13	5/2/1/1 2026-2027/151	National - Department of Agriculture	2026-08-21T11:00:00+00:00		ZAR	MAYBE		L EXTENSION REFORM. CLOSING DATE: 21 AUGUST 2026 @ 11:00 TECHNICAL ENQUIRIES : Ms Fezeka Matebeni TEL : 012 337 9372/078 824 9942 EMAIL: FezekaMa@nda.gov.za / MotshidisiS@nda.gov.za QUOTATION RELATED ENQUIRIES : Ms. Mmatheo Ranamane TEL : (012) 312 8377/8401 EMAIL: MmtheoR@nda.gov.za / QueenethM@nd…	===== FILE: files/5-2-1-1-2026-2027-151.pdf ===== LA 1.2 5/2/1/1 2026-2027/151 APPOINTMENT OF A SERVICE PROVIDER TO DESIGN, LAYOUT AND PRINTING OF THE FIVE -YEAR REPORT (2019/20 -2023/24) ON THE NATIONAL POLICY ON EXTENSION AND ADVISORY SERVICES AT THE DEPARTMENT OF AGRICULTURE: DIRECTORATE: NATION…	batch-006.json
62	TED:571876-2026	Ireland – Business services: law, marketing, consulting, recruitment, printing and security – Multi Supplier Framework Agreement for the provision of Services related to the Receipt and Investigation of Protected Disclosures (THR081F)	The Office of Government Procurement	2026-08-28T12:00:00+01:00	2200000.0	EUR	MAYBE		d regime File Associated :<8854371_Contract notice - general directive, standard regime.pdf > ===== FILE: files/1337_8854371_unpacked/1_THR081F- Tender Response Document Part C - Pricing Schedule.docx ===== Multi Supplier Framework Agreement for the provision of Services related to the Receipt and …	ion 6(2) PD Act) | € | 200 | € - | | Lot 3 Total: | Lot 3 Total: | | Cost Score | = | Lowest Total Cost Submitted under the Framework Lot | x | Maximum Number of Marks Available (600 Marks) Cost Score | = | Total Cost under evaluation under the Framework Lot | x | Maximum Number of Marks Available …	batch-006.json
63	IE:8860090	Website and App Accessibility Audit Solution	Department of Housing Local Government and Heritage	2026-09-18T12:00:00+01:00	350000.0	EUR	MAYBE		===== FILE: files/2192_8860090_unpacked/1_Website and App Accessibility RFT Final.pdf ===== Request for Tenders dated 17th August 2026 for the provision of Website and App Accessibility Audit Platform Tender procedure: Open procedure Tender Deadline 12:00 (noon) 18th September 2026 2 Contents Part …	ach Lot will result in a separate contract. [Insert description of Lots and any rules / instructions in relation to Lots] 1.4 This public procurement competition (the “Competition”) will be conducted in accordance with the open procedure under the European Union (Award of Public Authority Contracts…	batch-006.json
64	TED:559457-2026	Malta – Medical equipments, pharmaceuticals and personal care products – CT3011/2026 - TENDER FOR THE SUPPLY OF QTY THREE (3) SKELETAL DIRECT DIGITAL, DUAL DETECTOR X-RAY SYSTEMS FOR THE GOZO GENERAL HOSPITAL AND FOR THE EMERGENCY DEPT. MATER DEI HOSPITAL	Department of Contracts	2026-09-11T09:30:00+02:00	1708983.0	EUR	MAYBE		on> </options> <formula type="list"> <score option-value="1">100</score> <score option-value="2">0</score> </formula> </criterion> <criterion mandatory="1" included-in-evaluation="0" type="file" id="17860718636984" level="2" pos="3"> <label>Kindly attach the Technical Literature in Maltese or Engli…	R THE GOZO GENERAL HOSPITAL AND FOR THE EMERGENCY DEPT. MATER DEI HOSPITAL Description: CT3011/2026 ­ TENDER FOR THE SUPPLY OF QTY THREE (3) SKELETAL DIRECT DIGITAL, DUAL DETECTOR X­RAY SYSTEMS FOR THE GOZO GENERAL HOSPITAL AND FOR THE EMERGENCY DEPT. MATER DEI HOSPITAL 5.1.1 Purpose Main nature of…	batch-006.json
65	TED:570031-2026	Ireland – Software implementation services – 0050 - The Provision and Implementation of a Contract Lifecycle Management System	An Post_391	2026-09-04T12:00:00+01:00		EUR	MAYBE		ractor” means such person(s) firm(s) company(ies) partnership(s) corporation (s) with whom a Contract is entered into by AN POST to provide the Services (as defined below). The Contractor will be the prime Contractor and shall be responsible in total for any/all the work of its sub-contractor(s) an…	gy and contractual structure will be confirmed in the ITT documentation. B. Scope of the Opportunity The anticipated scope may include some, or all, of the following areas: B.1 CLM System Capability Candidates should be able to demonstrate experience in providing, implementing or supporting CLM sol…	batch-006.json
66	US-SAM:5c1a2f71d8794e7dbdb025c48d76b401	F108--Restoration & Remediation Emergency Flood Response Services	VETERANS AFFAIRS, DEPARTMENT OF	2026-08-19T16:00:00+00:00			MAYBE		ervices to be performed. To enhance flexibility and to allow the BPA holder to determine the optimum labor mix for the order the BPA holder may without notice to the Government, increase or decrease the number of hours for each category specified in the individual order by no more than 1%. These ad…	===== FILE: files/36C24126Q0724_0001.docx ===== CONTINUATION PAGE Amendment #1 ===== FILE: files/36C24126Q0724_0001_unpacked/[Content_Types].xml ===== ﻿<?xml version="1.0" encoding="utf-8" standalone="yes"?><Types xmlns="http://schemas.openxmlformats.org/package/2006/content-types"><Default Extensi…	batch-006.json
67	US-SAM:6fe0639a50b8403ba7c62f23bf348b55	INL_RFQ-PR16095134 - NEGOTIATION AND SITUATION MANAGEMENT TECHNOLOGY EQUIPMENT - BOG	STATE, DEPARTMENT OF	2026-09-01T21:00:00+00:00			MAYBE		ORDER NUMBER 5. SOLICITATION NUMBER 6. SOLICITATION ISSUE DATE 7. FOR SOLICITATION INFORMATION CALL: a. NAME b. TELEPHONE NUMBER (No collect calls) 8. OFFER DUE DATE/ LOCAL TIME 9. ISSUED BY 13b. RATING 14. METHOD OF SOLICITATION CODE 15. DELIVER TO 16. ADMINISTERED BY CODE 18a. PAYMENT WILL BE MAD…	actor, require the Contractor to stop all, or any part, of the work called for by this contract for a period of 90 days after the order is delivered to the Contractor, and for any f urther period to which the parties may agree. The order shall be specifically identified as a stop -work order issued…	batch-006.json
68	US-SAM:54764ad67d6d4cd9a6bfc5cc06eeb26f	TEGUC-Physical Messaging Campaign Development and Execution	STATE, DEPARTMENT OF	2026-09-03T16:00:00+00:00			MAYBE		in target communities across Honduras. The price listed below shall include all labor, materials, overhead, and profit. In consideration of satisfactory performance of all scheduled services required under this contract, the Government will pay the Contractor a firm-fixed price for performing the f…	usehold, culturally appropriate physical items Embassy technical review Responsiveness to feedback Contractor incorporates Embassy feedback within 3 business days Embassy monitoring of revisions Evaluation Criteria • Technical Approach (40%) – Demonstrated ability to produce and deploy compelling, …	batch-006.json
69	US-SAM:3aa9e3bd99b54cf0acee15ec3d67db42	FIRE AND SECURITY ALARM PANAL REPLACEMENT AT VALLE	INTERIOR, DEPARTMENT OF THE	2026-09-11T16:00:00+00:00			MAYBE		===== FILE: files/Attachment_1_-_Wage_Determination_WD_15-5791_Rev_32.pdf ===== ===== FILE: files/Attachment_2_-_Quote_Submission_Package_140P4226Q0047.docx ===== SOLICITATION 140P4226Q0047: ATTACHMENT 2 QUOTE SUBMISSION PACKAGE VAFO: Security Upgrades INSTRUCTIONS: The following forms may be used …	the IRS may publish a revenue ruling, which is an official interpretation by the IRS of the Internal Revenue Code, related statutes, tax treaties, and regulations. A revenue ruling is the conclusion of the IRS on how the law is applied to a specific set of facts. For questions relating to the inter…	batch-006.json
70	US-SAM:440811a924f6493098c3bba6c8cc351f	6515--PureSteel Mobile Soaking Station RFQ SDVOSB for the Hines VAMC	VETERANS AFFAIRS, DEPARTMENT OF	2026-08-25T04:59:00+00:00			MAYBE		tps://www.vis.fsc.va.gov/login.aspx?ReturnUrl=%2fDefault.aspx INVOICES: Invoices shall be submitted in arrears: a. Quarterly _______ b. Semi-Annually _______ c. Other X Upon Acceptance GOVERNMENT INVOICE ADDRESS: All invoices from the contractor shall be mailed to the following address: DEPARTMENT …	N INTERNAL CONFIDENTIALITY AGREEMENTS OR STATEMENTS—REPRESENTATION | JAN 2017 52.204-7 | SYSTEM FOR AWARD MANAGEMENT—REGISTRATION (DEVIATION) | NOV 2025 52.225-18 | PLACE OF MANUFACTURE | AUG 2018 852.215-72 | NOTICE OF INTENT TO RE-SOLICIT | OCT 2019 | | Listed end product | Listed countries of or…	batch-006.json
71	US-SAM:9602802ce5ba4f28bd662731da78a0c2	F--OR -Bear Valley NWR -FUEL REDUCTION	INTERIOR, DEPARTMENT OF THE	2026-08-21T17:00:00+00:00			MAYBE		ded in this notice and award. This announcement constitutes the only solicitation; quotes are being requested and a written solicitation will not be issued. This is a Request For Quote (RFQ). NAICS is 238910 with a size standard of $19M. This document is conducted under the procedures of FAR Parts …	g, as defined in FAR 31.205-1, in a manner which states or implies that the product or service provided is approved or endorsed by the Government, or is considered by the Government to be superior to other products or services. This restriction is intended to avoid the appearance of preference by t…	batch-007.json
72	US-SAM:69ec67f13c684306bc330302ae5bdd0d	F--Remediation & Site Characterization - Napaskiak,AK	INTERIOR, DEPARTMENT OF THE	2026-08-21T00:00:00+00:00			MAYBE		tion Agency’s 2019 Low Stress (low flow) Purging and Sampling Procedure for the Collection of Groundwater Samples from Monitoring Wells and the ADEC’s 2013 Monitoring Well Guidance. The wells were sampled in the order from least to most contaminated. A decontaminated positive displacement submersib…		batch-007.json
73	ZA_ETENDERS_OCDS:ocds-9t57fa-165748-2026-08-17	OVI01REQ004460	Agricultural Research Council	2026-08-24T11:00:00+00:00		ZAR	MAYBE		iles/OVI01REQ004460.pdf ===== Page 1 of 12 Request for Quotation RFQ NUMBER: OVI01REQ004460 CLOSING DATE: Date: 24 August 2026 Time: 11:00 DESCRIPTION ADDRESS OVI - Onderstepoort Veterinary Institute 100 old Soutpan Road Onderstepoort PRETORIA ENQUIRY Name: Dineo Manzini Supply Chain Management Ema…	state reserves the right to require of a tenderer, either before a tender is adjudicated or at any time subsequently, to substantiate any claim in regard to preferences, in any manner required by the organ of state. 2. DEFINITIONS (a) “tender” means a written offer in the form determined by an orga…	batch-007.json
74	US-SAM:015e7131fa46424cbaf980da23308787	Purchase NSN 5120012419719, SOCKET WRENCH SET	GENERAL SERVICES ADMINISTRATION	2026-08-27T21:00:00+00:00			MAYBE		____________________________________Title________________________________ Phone: _________________________________ Fax: ____________________________________________________ Email: ______________________________________________________________________________________________ UEI Number: ____________…	is received before award is made and the Contracting Officer determines that accepting the late offer would not unduly delay the acquisition. However, a late modification of an otherwise successful offer that makes its terms more favorable to the Government will be considered at any time it is rece…	batch-007.json
75	US-SAM:ff9d55d6a268428081b54dc02f5bf2c1	AI TECHNOLOGIES FOR PROCUREMENT MODERNIZATION COMMERCIAL SOLUTIONS OPENING (CSO)	HOMELAND SECURITY, DEPARTMENT OF	2026-08-26T14:00:00+00:00			MAYBE		lysis of procurement-related news and trends. News/article monitoring, sentiment scoring, customizable alerts Relevance of alerts, actionable insights, coverage breadth 7 Full Procurement Lifecycle Visibility Enable end-to-end visibility across the procurement lifecycle: planning, solicitation, eva…	S FOR PROCUREMENT MODERNIZATION COMMERCIAL SOLUTIONS OPENING (CSO) GENERAL SOLICITATION 70RDA126R00000009 DEPARTMENT OF HOMELAND SECURITY (DHS) Commercial Solutions Opening (CSO) for AI Technologies for Procurement Modernization 2 of 22 GENERAL SOLICITATION 1.0 GENERAL INFORMATION 1.1 Background Th…	batch-007.json
76	US-SAM:c0af7b599eda45f18bc903d18fb42fb8	CONNEX Workshop	DEPT OF DEFENSE	2026-08-28T19:00:00+00:00			MAYBE	workshop	===== FILE: files/1._Salient_Characteristics.pdf ===== The Contractor shall provide one EISU Deployable Workshop. All parts and specifications must be AAR Manufacturing Inc. Part Number: 56140-733/EISU Workshop (brand name or equal). Equal items must meet or exceed the salient characteristics of th…		batch-007.json
77	US-SAM:a77ea25acecf474bbb56bc19d9004c57	Box Licenses	DEPT OF DEFENSE	2026-09-16T00:00:00+00:00			MAYBE	software-maintenance,software-resale	Enterprise software licenses and annual software maintenance agreement. The Box software is a commercial, cloud-based software as a service (SaaS) platform that provides secure enterprise content management, file storage, collaboration, document sharing and governance, box AI, box sign, and box can…		batch-007.json
78	US-SAM:38ae60ea2cb04f5d8d14713946892925	Request for Proposals (RFP) - BARDA Vaccine Medical Countermeasures for Pandemic Influenza Preparedness & Response	HEALTH AND HUMAN SERVICES, DEPARTMENT OF	2026-10-30T21:00:00+00:00			MAYBE		2.214-7 or 52.215-1. All offers are subject to all terms and conditions contained in this solicitation. (Date)(Hour) local timeuntildepository located in copies for furnishing the supplies or services in the Schedule will be received at the place specified in Item 8, or if hand carried, in the SOLI…	the matter is resolved. If the Contracting Officer determines that BARDA-funded clinical research, whose purpose is to evaluate the safety or effectiveness of a drug, medical device, or treatment, has been designed, conducted, or reported by an investigator with a conflict of interest that was not …	batch-007.json
79	US-SAM:2e4d29dade93498da98c07dacb2374e6	Request of Proposals (RFP) - BARDA Vaccine Medical Countermeasures for Pandemic Influenza Preparedness & Response	HEALTH AND HUMAN SERVICES, DEPARTMENT OF	2026-10-30T21:00:00+00:00			MAYBE		2.214-7 or 52.215-1. All offers are subject to all terms and conditions contained in this solicitation. (Date)(Hour) local timeuntildepository located in copies for furnishing the supplies or services in the Schedule will be received at the place specified in Item 8, or if hand carried, in the SOLI…	the matter is resolved. If the Contracting Officer determines that BARDA-funded clinical research, whose purpose is to evaluate the safety or effectiveness of a drug, medical device, or treatment, has been designed, conducted, or reported by an investigator with a conflict of interest that was not …	batch-007.json
80	US-SAM:0e2bd08c75544d479d4589d3dfdbf98b	Next Generation (NextGen) Passport Personalization Printers Support	STATE, DEPARTMENT OF	2026-09-30T17:00:00+00:00			MAYBE		quired. The Contractor shall provide program management and support services, transition support, consumable materials, warranty, support services at passport site locations, support site location for labs, enhancement software, relocation for Agency moves (low-capacity printers) and travel. Option…	s defined in Federal Acquisition Regulation (FAR) 16.504 (Indefinite-Quantity Contracts). The DoS Office of Acquisition Management (A/LM/AQM) will issue Firm Fixed Price (FFP) or Time and Material (T&M) Delivery/Task orders in accordance with FAR Part 16.5 and the procedures set forth in Sections G…	batch-007.json
81	TED:570312-2026	Malta – Subscription services – Provision of VMware Subscription Licenses - T074/26	Malta Information Technology Agency (MITA)	2026-09-17T11:30:00+02:00	4616064.0	EUR	MAYBE		===== FILE: files/1001_14016205_unpacked/1001_14016205.pdf ===== List of Contract Documents #Addend a ID N/A Status Final Title Tender Structure XML - Cycle 1 File Associated :<1_c4t_14016205_1.xml > #Addend a ID N/A Status Final Title T074_26-Document A-Financial Schedule File Associated :<2_T074_…	e 1/4 Description: Through this CfT, MITA will procure VMware subscription licenses for a period of three years. Level 1, 2, and 3 support must be provided directly by Broadcom. This Call for Tenders is being published as a competitive call that will be considered as a negotiated procedure (in acco…	batch-008.json
82	TED:572169-2026	Poland – Software-related services – Przedłużenie programu wsparcia eksploatacji urządzeń LKL i OKL	1 BAZA LOTNICTWA TRANSPORTOWEGO	2026-08-28T09:00:00+02:00			MAYBE		……………… KRS …………………………………………………………………………………………….…… PESEL: ……………………………………………………………………………………………… (in the case of sole traders and natural persons) In response to the announcement regarding the extension of the operational support program for LKL and OKL devices, we submit this offer: We undertake to p…	tenders.pdf ===== telefon: 261821060, fax: 261821470 ul. Żwirki i Wigury 1C 1bltr@ron.mil.pl 00-909 Warszawa http://1bltr.wp.mil.pl Strona 1 z 1 1st Airlift Base Commander gen. bryg. pil. Paweł Bigos 1.BLTr-ZP.2612.27.2026 Warsaw, August 14, 2026 TO ALL INTERESTED CONTRACTORS Procurement platform –…	batch-008.json
83	US-SAM:2db91c67f6984d7bab78d190ced2b4f4	Bradbury Dam Outlet Valve Replacement	INTERIOR, DEPARTMENT OF THE	2026-09-18T00:00:00+00:00			MAYBE	training-course	===== FILE: files/Drawings.pdf ===== ReleaseG 1 of 32 NOTES 1. See Drawing No. 368-208-60011 for General Notes and Reference Drawings. 2. Spillway bridge is narrow and limits access. See Specifications for full description of bridge access and dimensions. 3. Access road to work site continues on dr…	s. 2. Following receipt of executed contract modification, incorporate activity data stipulated in modification into current schedule for inclusion in next scheduled progress update. Provide appropriate logic relationships for revised activities. 3. Assign a unique project file name for each schedu…	batch-008.json
84	TED:571819-2026	Czechia – Laboratory, optical and precision equipments (excl. glasses) – UPOL/PřF/KEF - Kryostaty pro Mössbauerovu spektroskopii / UPOL/FoS/DEP - Cryostat systems for Mössbauer spectroscopy	Univerzita Palackého v Olomouci	2026-09-18T09:00:00+02:00	8000000.0	CZK	MAYBE		/FoS/DEP - Cryostat systems for Mössbauer spectroscopy”; Purchase price means the purchase price for the proper and timely delivery of the Subject of purchase pursuant to this Agreement; Register of contracts act means Act No. 340/2015 Coll., on Special Conditions for the Effectiveness of Certain C…	ternational dialing code E-mail: | Insert e-mail adress | Tenderer’s person authorized to act in technical matters during performance of the Contract | Tenderer’s person authorized to act in technical matters during performance of the Contract Name and surname: | Insert name and surname Telephone: …	batch-008.json
85	US-SAM:65e87585d8974a1f84b4a85dcdb53a7d	Ansys Software Renewal and Additional Licenses	DEPT OF DEFENSE	2026-08-24T15:00:00+00:00			MAYBE		IVERY FOR FOB DESTINA- TION UNLESS BLOCK IS MARKED SEE SCHEDULE 14. METHOD OF SOLICITATION RFQ IFB RFPX PORTSMOUTH NAVAL SHIPYARD ATTN: BEAU HASELTINE (CODE 109.31) BUILDING 170 - 6TH FLOOR 170 BEAUMOUNT STREET KITTERY ME 03904 BEAU HASELTINE TEL: 207-438-5493 FAX: FAX: TEL: SERVICE-DISABLED VETERA…	funds are no longer available for upward adjustments to obligations or to pay contractor invoices. Timely contract closeout of the entire contract/order and of completed individual contract line item number(s) (CLIN) and/or sub line item number(s) (SLIN) is a priority under this contract/order. As …	batch-008.json
86	TED:556867-2026	Poland – Facilities management services for computer systems development – Modernizacja systemów związanych z realizacją zadań z zakresu ochrony środowiska wraz z implementacją API i udostępnieniem danych.	Generalna Dyrekcja Ochrony Środowiska	2026-09-15T10:00:00+02:00			MAYBE		ue" testOnBorrow="true" testOnReturn="false" validationQuery="SELECT 1" validationInterval="30000" timeBetweenEvictionRunsMillis="30000" maxActive="50" maxIdle="10" minIdle="5" maxWait="10000" initialSize="5" maxAge="120000" /> Należy pamiętać żeby w obu wpisach podać poprawne hasła dla użytkownika…	stem | Status | Wykonanie API | Modernizacja funkcjonalna | Modernizacja techniczna BDZP | istniejący | TAK | TAK | TAK OOŚ | istniejący | TAK | NIE | TAK Rejestry | istniejące | TAK | TAK | TAK e-EMAS | istniejący (arkusz kalkulacyjny i strona html) | TAK | TAK | TAK ePrzyroda | budowany w odrębny…	batch-008.json
87	US-SAM:6534d1ca38cc4c00a13f07aa1f9680df	Manufacturing Execution System Development	COMMERCE, DEPARTMENT OF	2026-08-31T16:00:00+00:00			MAYBE		QUISITION NUMBER PAGE OF 2. CONTRACT NO. 3. AWARD/EFFECTIVE DATE 4. ORDER NUMBER 5. SOLICITATION NUMBER 6. SOLICITATION ISSUE DATE 7. FOR SOLICITATION INFORMATION CALL: a. NAME b. TELEPHONE NUMBER (No collect calls) 8. OFFER DUE DATE/ LOCAL TIME 9. ISSUED BY 13b. RATING 14. METHOD OF SOLICITATION C…		batch-008.json
88	US-SAM:ff96685488ff483db08e5db4968a82af	Repair Loading Dock Concrete & Install New Handrail - Parkersburg, WV046	DEPT OF DEFENSE	2026-08-21T19:00:00+00:00			MAYBE		lowing location: PFC Roy M. Reynolds USARC/BMA# 102-1, 4603 Camden Avenue, Parkersburg, WV046, 26101. The purpose of this requirement is to perform the following functions: a.) pressure wash the entire loading ramp area; b.) repair the concrete that is cracked and pushed loose by frost heave/freezi…	ges a clear understanding of all tasks specified in the DRAFT Specifications-of-Work (SOW). 3) Contractor confirms full capabilities of completing the required work specified in the DRAFT Specifications-of-Work (SOW). 4) Responses shall be limited to two pages and emailed to James.E.Clark773.civ@ar…	batch-008.json
89	US-SAM:d71cc0128c1c45bab0af3235cfa0c0b8	F--Environmental Remediation Services Eek, AK	INTERIOR, DEPARTMENT OF THE	2026-08-24T16:00:00+00:00			MAYBE		pproximately 110 to 120 feet and 145 to 150 feet bgs. A second well log shows frozen blue clay between 59 to 232 feet bgs; the top 59 feet was not logged. A pea gravel aquifer wa s located between 232 and 245 feet bgs. Salt water seepage was noted at 110 feet bgs and the static water level was 23.2…		batch-008.json
90	TED:570412-2026	France – Printing and related services – Impression des supports de communication de la Communauté de Communes Beaucaire Terre d'Argence	Communauté de Communes de Beaucaire (30)	2026-10-19T12:00:00+02:00			MAYBE		===== FILE: files/CGU_marches-securises.fr.pdf ===== Page 1 sur 5 Conditions Générales d’utilisation (CGU) de la plateforme marches-securises.fr PREAMBULE Le site https://www.marches-securises.fr et les prestations qu’il propose sont édités par la société ATLINE SERVICES (SAS au capital de 438 030 …	ts Cappel (59) Ville d'Auby (59) Commune de Bachant (59) Ville de Bailleul (59) Commune de Baives (59) Commune de Bantigny (59) Commune de Bray-Dunes (59) Commune de Cappelle La Grande (59) Ville du Cateau-Cambrésis (59) Ville de Coudekerque-Branche (59) Commune de Craywick (59) Ville de Croix (59)…	batch-008.json
91	US-SAM:fb67eba3d5b44ceda95e12b0d87295f3	Post-warranty Preventive Maintenance and Repair Services on a Perkin Elmer Hyphenated Thermogravimetric Analyzer with Fourier Transformed Infrared Spectroscopy-Gas Chromatography-Mass spectrometer (TGA-FTIR-GCMS) System	HEALTH AND HUMAN SERVICES, DEPARTMENT OF	2026-08-20T18:00:00+00:00			MAYBE		ed in this notice. This announcement constitutes the only solicitation; quotes are being requested and a written solicitation will not be issued. The solicitation number is 75F40126Q133960. This solicitation is issued as a Request for Quote (RFQ). The associated North American Industry Classificati…	11210 - Electronic and Precision Equipment Repair and Maintenance; the applicable Small Business Size Standard is $34 million. This requirement is solicited for full and open competition. Schedule of Items (all shipping and handling shall be included in the price) Line item Description Quantity Uni…	batch-009.json
92	TED:571982-2026	Belgium – Software package and information systems – accord-cadre pluriannuel (4 ans) de fournitures pour l’acquisition et le continuation des licences «GitLab Enterprise Premium – Self Managed On-Premise » au profit de la Direction de l’information policière 	Police Fédérale	2026-09-28T11:00:00+02:00			LOW		m: open tot u (Gelieve het bericht op de volgende pagina met de grootste aandacht te willen lezen Artikel 44, § 1, eerste lid van het koninklijk besluit van 18 april 2017 bepaalt dat het indieningsrapport van de , moet worden ondertekend door de persoon of personen die bevoegd of gemachtigd zijn om…	ssing van deze herzieningsclausule beroepen, indien hij kan aantonen dat de herziening noodzakelijk is geworden door omstandigheden die redelijkerwijze niet voorzienbaar waren bij de indiening van zijn offerte, die niet konden worden ontweken en waarvan de gevolgen niet konden worden verholpen niet…	batch-009.json
93	TED:571625-2026	Belgium – Database services – Supply chain traceability services and forced labour risk detection pilots	European Commission, DG GROW - Internal Market, Industry, Entrepreneurship and SMEs	2026-09-18T23:59:59+02:00	425000.0	EUR	LOW		===== Annex V Group members’ shares in total contract value for VAT purposes [Direct Contract [insert reference of the direct contract]] Contractor (Member of the group) Description of the supplies/services provided by the member Total value of the supplies/services provided by the member The membe…	after they have been delivered in their final version to the contracting authority; that the results be adapted, provided that this is done in a manner which is not prejudicial to my honour or reputation.] Date, place, signature Result concerned | Pre-existing material concerned | Rights to pre-exi…	batch-009.json
94	ZA_ETENDERS_OCDS:ocds-9t57fa-165584-2026-08-14	SCMU3-P26/27-EMSCH	Eastern Cape - Health	2026-08-20T11:00:00+00:00		ZAR	LOW		===== FILE: files/BID DOCUMENT FOR PRIVATE AMBULANCE SERVICES FOR CHRIS HANI DISTRICT Corrected.pdf ===== Eastern Cape Department of Health PART A INVITATION TO BID YOU ARE HEREBY INVITED TO BID FOR REQUIREMENTS OF THE EC DEPARTMENT OF HEALTH BID NUMBER: SCMU3-P26/27- 0616-EMSCH CLOSING DATE: 20 AU…	any time subsequently, to substantiate any claim in regard to preferences, in any manner required by the purchaser 2. DEFINITIONS (a) “bid” means a written offer in a prescribed or stipulated form in response to an invitation by an organ of state for the provision of goods or services, through pric…	batch-009.json
95	ZA_ETENDERS_OCDS:ocds-9t57fa-165455-2026-08-12	COM100/2026	Mbombela Local Municipality	2026-08-19T11:00:00+00:00		ZAR	LOW		DAY.pdf ===== Page 1 of 41 BID NO: COM100/2026 APPOINTMENT OF AN EVENT MANAGEMENT FIRM TO PROVIDE AUDIO, CATERING AND TRANSPORTATION SERVICES FOR THE MORAL REGENERATION MOVEMENT PRAYER DAY FOR THE CITY OF MBOMBELA CLOSING DATE: 19 AUGUST 2026 AT 11h00 NAME OF BIDDER: ____________________ CSD REG. N…	re applicable, bidders shall complete, sign, and date the Notices to Bidders and submit them together with their tender submissions. 8. PERIOD OF VALIDITY OF TENDERS The tender shall remain valid for a period of thirty (30) days from the closing date for the submission of tenders, as specified in t…	batch-009.json
96	ZA_ETENDERS_OCDS:ocds-9t57fa-165789-2026-08-17	MISA/SFHOP/ELM/NC/012/2026/27	Municipal Infrastructure Support Agent	2026-09-08T11:00:00+00:00		ZAR	LOW		A CONTRACTOR FOR THE INSTALLATION OF A NEW SECURITY FENCE AT THE HANOVER OXIDATION PONDS, EMTHANJENI MUNICIPALITY IN THE NORTHERN CAPE. CONTENTS Number Heading THE TENDER Part T1: Tendering procedures T1.1 Tender notice and invitation to tender T1.2 Tender data Part T2: Returnable documents T2.1 Li…	reserves the right to require of a tenderer, either before a tender is adjudicated or at any time subsequently, to substantiate any claim in regard to preferences, in any manner required by the organ of state. 2. DEFINITIONS (a) “tender” means a written offer in the form determined by an organ of s…	batch-009.json
97	US-SAM:cd5c615a44c248f7a8300f2e8ee71866	Chemistry Research for the Division of Translational Toxicology (DTT)	HEALTH AND HUMAN SERVICES, DEPARTMENT OF	2026-09-14T20:00:00+00:00			LOW		| Indirect Rates | | | | | Fringe Benefits % | | | | | Indirect Costs % | | | | | General &Administration (G & A( % | | | | | Fixed Fee % | | | | | Inflation Escalation Factor (%/year) | [SHEET Base] Government Cost Estimate | | | | | | | | | | | | | | | | | | | | | | | | | | DIRECT LABOR - BASE CO…	===== FILE: files/Attachment_E_NIEHS_Level_of_Effort_worksheet_r.xlsx ===== [SHEET Instructions] [SHEET Total Contract] Base and Each Option | | | | | Contract Year | Base Cost | Option 1 Additional Work Cost/Exercise | Total Contract Cost | | Base | 0 | #REF! | #REF! | | Option Year 1 | 0 | #REF! …	batch-009.json
98	US-SAM:bccd23516a084feab07c03fad7a855c2	Congressional Cable TV System Assessment	ARCHITECT OF THE CAPITOL	2026-08-26T21:00:00+00:00			LOW		===== FILE: files/AOC-Order-34-1_Contracting-Manual-2022.pdf ===== ,ifullffih 111illiht ARCHITECT ()I 1111 CAPITOL Architect of the Capitol I .:--. C:ipilol. I{< Hllll '-ll· II, \\ :i-liington. l>C �()�I� 2f I,!, 2.!H. I-').� EFFECTIVE DATE: July 14, 2022 SUBJECT: Contracting Manual SERIES: Procure…	ntracts ...............................................................................................................85 8.1.5. Time-and-Material and Labor-Hour Contracts ...............................................................85 8.1.6. Indefinite-Delivery Contracts (IDC) ..................…	batch-009.json
99	US-SAM:5863859b9ab74e88bf73ae0778d72cf5	Low-Intensity Residential Treatment	COURT SERVICES AND OFFENDER SUPERVISION AGENCY	2026-08-28T19:00:00+00:00			LOW		s are subject to all terms and conditions contained in this solicitation. 10. FOR INFORMATION CALL: A. NAME B. TELEPHONE (NO COLLECT CALLS) AREA CODE NUMBER EXTENSION C. EMAIL ADDRESS 11. TABLE OF CONTENTS (X) DESCRIPTION PAGE(S) (X) SECTION PAGE(S)DESCRIPTION A B C D E F G H I J K L M EVALUATION F…	DE7. ISSUED BY 8. ADDRESS OFFER TO (If other than item 7) NOTE: In sealed bid solicitations "offer" and "offeror" mean "bid" and "bidder". SOLICITATION 9. Sealed offers in original and copies for furnishings the supplies or services in the Schedule will be received at the place specified in item 8,…	batch-009.json
100	US-SAM:abe2defe22434d2b8efeade898c60463	Chemistry Research for the Division of Translational Toxicology (DTT)	HEALTH AND HUMAN SERVICES, DEPARTMENT OF	2026-09-14T20:00:00+00:00			LOW		| Indirect Rates | | | | | Fringe Benefits % | | | | | Indirect Costs % | | | | | General &Administration (G & A( % | | | | | Fixed Fee % | | | | | Inflation Escalation Factor (%/year) | [SHEET Base] Government Cost Estimate | | | | | | | | | | | | | | | | | | | | | | | | | | DIRECT LABOR - BASE CO…	===== FILE: files/Attachment_E_NIEHS_Level_of_Effort_worksheet_r.xlsx ===== [SHEET Instructions] [SHEET Total Contract] Base and Each Option | | | | | Contract Year | Base Cost | Option 1 Additional Work Cost/Exercise | Total Contract Cost | | Base | 0 | #REF! | #REF! | | Option Year 1 | 0 | #REF! …	batch-009.json
101	TED:572082-2026	Ireland – Financial consultancy services – PBF144F Multi Supplier Framework Agreement for the Provision of Accounting, Audit and Financial Advisory Services to the Irish Public Sector	The Office of Government Procurement	2026-09-14T12:00:00+01:00	165000000.0	EUR	LOW		r Framework Agreement for the provision of Accounting, Audit & Financial Advisory Services to the Irish Public Sector Tender Reference: PBF144F Tender Response Document Part A - Selection Criteria Part B - Qualitative Award Criteria Part C - Cost Award Criteria [Tenderers shall complete and return …	of charge( , or As of 18 October 2018, at the latest ( ), the contracting authority or contracting entity already possesses the documentation concerned. The undersigned formally consent to the contracting authority or contracting entity as set in Part 1 gaining access to documents supporting the in…	batch-010.json
102	TED:569366-2026	Belgium – Database software package – 2026M025_Oracle - Marché public (accord-cadre) de fournitures relatif à la gestion de logiciels, licences, matériels et services de consultance liés aux bases de données Oracle des services publics wallons	Service public de wallonie	2026-08-24T12:00:00+02:00	6247490.91	EUR	LOW		m/office/word/2018/wordml" xmlns:w16du="http://schemas.microsoft.com/office/word/2023/wordml/word16du" xmlns:w16sdtdh="http://schemas.microsoft.com/office/word/2020/wordml/sdtdatahash" xmlns:w16sdtfl="http://schemas.microsoft.com/office/word/2024/wordml/sdtformatlock" xmlns:w16se="http://schemas.mi…	de ceux-ci que le document est conforme au modèle prévu dans le Cahier spécial des charges ; Pour rappel, la signature du rapport de dépôt sur eProcurement vaut signature de l’ensemble de l’offre et de ses annexes. Toute modification de l’une de ces informations en cours d’exécution du marché doit …	batch-010.json
103	TED:568330-2026	Germany – Public-service buses – Elektrifizierung der Linienbusflotte – Rahmenvereinbarung für die Neubeschaffung bis zu einem Niederflur-Elektro-Gelenkbusses und bis zu sechs 12 Meter Niederflur-Elektro-Solobusse für die Hausemann & Mager GmbH & Co. KG	Hausemann & Mager GmbH & CO. KG	2026-11-13T10:00:00+01:00			LOW		er: 03TB4030E Name und Anschrift des Bieters Hausemann und Mager GmbH & Co. KG Hohenlimburger Str. 147-151 58119 Hagen Vergabestelle/ausschreibende Stelle Ort, Datum Offenes Verfahren A ngebot für Elektrifizierung der Linienbusflotte – Rahmenvereinbarung für die Neubeschaffung bis zu ei- nem Nieder…	Anteilen im Umfang von mehr als 50%, c) durch das Handeln der Bewerber/Bieter im Namen oder auf Anweisung von Personen oder Unternehmen, auf die die Kriterien der Buchstaben a und/oder b zutrifft. 2. Die am Auftrag als Unterauftragnehmer, Lieferanten oder Unternehmen, deren Kapazitäten im Zusammenh…	batch-010.json
104	TED:566402-2026	Portugal – Electricity – CP100/2026-Fornecimento contínuo de energia elétrica às instalações alimentadas em Média Tensão (MT), Baixa Tensão Especial (BTE), Baixa Tensão Normal (BTN) e Instalações de Ilumin. Pública(IP em BTN)	Município de Vendas Novas	2026-09-09T17:00:59+00:00	1330000.0	EUR	LOW		documentos em causa. O operador económico autoriza expressamente a autoridade ou entidade adjudicante, conforme indicada na parte I, a ter acesso aos documentos comprovativos das informações prestadas nas informações constantes da parte III e da parte IV do presente Documento Europeu Único de Contr…	EXPOSICOES MERCADOS E FEIRAS, 9952 PT, 7080-049 | VENDAS NOVAS | VENDAS NOVAS | VENDAS NOVAS | Trifásica | Baixa tensão | 10.35 | 10.35 | 12349441 | 38.670200000000 | -8.463100000000 PT0002000204675528VA | BTN Simples IP - Sem Ciclo | 418 | | | | | | 418 | | | | LUGAR FAZENDAS DAS PICARRAS, 0033 PT…	batch-010.json
105	TED:559804-2026	France – Occupational clothing, special workwear and accessories – Accord-cadre pour la fourniture d'uniformes, d’EPI, d’équipement et de matériel pour les services de la ville de Cergy.	Commune de Cergy	2026-09-23T12:00:00+02:00			LOW		........... 24 R.C. - Dossier n° 15/26 - Accord-cadre pour la fourniture d’uniformes, d’EPI, d’équipement et de matériel pour les services de la ville de Cergy 4 ARTICLE 1. OBJET - CARACTERISTIQUES DU MARCHE 1.1. Description et caractéristiques principales 1.1.1. Objet L’accord-cadre a pour objet l…	95801 Cergy Pontoise Cedex Courriel : servicemarches@cergy.fr Objet de la consultation : Accord-cadre pour la fourniture d’uniformes, d’EPI, d’équipement et de matériel pour les services de la ville de Cergy. Etendue de la consultation : Appel d’offres ouvert passé en application des articles L. 21…	batch-010.json
106	TED:557415-2026	Lithuania – Buses and coaches – Autobusai, skirti vežti moksleivius	Viešoji įstaiga Centrinė projektų valdymo agentūra	2026-09-15T10:00:00+03:00			LOW		r a structural subdivision of such an organisation or subdivision of such an organisation, has had a conviction handed down and has been finalised in the preceding five years, and has a conviction which is unexpunged or has not been expunged or set aside; 3) the supplier, being a legal person, anot…	uments proving this requirement. The ESPD is sufficient. Foreign suppliers provide a certificate or other document confirming the absence of this ground for exclusion, if in their country they are issued. If no document certifying the absence of this ground for exclusion is issued in the foreign su…	batch-010.json
107	TED:565254-2026	France – Architectural, engineering and surveying services – Mission de maîtrise d'oeuvre relative à la rénovation de l’éclairage des tunnels Ambroise Paré et Saint-Cloud	Direction régionale et interdépartementale de l'environnement, de l'aménagement et des transports d'Ile-de-France (DRIEAT-IF)	2026-09-15T12:00:00+02:00			LOW		...... 8 2–1. Procédure de passation ...................................................................................... 8 2–2. Allotissement ........................................................................................................ 8 2–3. Décomposition en tranches ................…	mbroise Paré et Saint-Cloud Consultation n° DRIEAT-DIRIF-STT-AOO-26-061 Remise des offres Date et heure limites de réception : 15/09/2026 à 12h00 2 / 42 SOMMAIRE ARTICLE 1. Objet et caractéristiques du marché public................................................. 5 1–1. Contexte du marché public .…	batch-010.json
108	US-SAM:1afdaae901324ba4ac4f580638ddb03f	Modernized VAERS Reporting Application	HEALTH AND HUMAN SERVICES, DEPARTMENT OF	2026-09-04T14:00:00+00:00			LOW		9/04/2026 10 AM ET IMPORTANT: This is a request for information, and quotations furnished are not offers. If you are unable to quote, please so indicate on this form and return it. This request does not commit the Government to pay any costs incurred in the preparation of the submission of this quo…	lability of government information and government information systems for wh ich the Contractor is responsible under this contract or to which the Contractor may otherwise have access under this contract. Obtain all applicable security and privacy policies by contacting the CO/COR or CDC security a…	batch-010.json
109	TED:572152-2026	Belgium – Software package and information systems – Raamovereenkomst implementatie van een Facility Management Informatie systeem	Erasmushogeschool Brussel	2026-09-25T10:00:00+02:00			LOW		6-219D-473C-99D5-B9A63AAA800F}"><dimension ref="A1"/><sheetViews><sheetView workbookViewId="0"><selection activeCell="K16" sqref="K16"/></sheetView></sheetViews><sheetFormatPr defaultRowHeight="15" x14ac:dyDescent="0.25"/><sheetData/><pageMargins left="0.7" right="0.7" top="0.75" bottom="0.75" head…	| aanslagvoet btw | | | | | | | | | | | | | btw bedrag | | | | | | | | | | | | | incl. btw | 0 | | | | | | | | ALGEMEEN TOTAAL | excl. btw | 0 | | | | | | | | | | | | aanslagvoet btw | | | | | | | | | | | | | btw bedrag | 0 | | | | | | | | | | | | incl. btw | 0 | | | | | | [SHEET Blad1] ===== FILE:…	batch-010.json
110	ZA_ETENDERS_OCDS:ocds-9t57fa-165876-2026-08-17	QUOTATION 8/2/43-2026 / MN183-2026	Bergrivier - WC Local Municipality	2026-08-24T12:00:00+00:00		ZAR	LOW		MUNICIPAL AREA: PLEASE REFER TO PAGE 48 AND TICK AS APPROPRIATE: SMME MICRO SMALL MEDIUM FQ 8/2/43-2026 (MN183-2026) BIDDER INITIAL:………………………….. Page 2 BERGRIVIER MUNICIPALITY QUOTATION 8/2/43-2026 / MN183-2026: APPOINTMENT OF A SERVICE PROVIDER FOR THE SERVICE, REPAIR AND VERIFICATION OF WEIGHBRID…	QUOTATION PRICE IN RSA CURRENCY (INCLUDING VAT) Required by: BERGRIVIER Municipality Refer to pricing schedule on page 12. a. The pricing must be fixed. b. The total bid price must be inclusive of VAT or exclusive for non-VAT vendors. c. Please Note: BERGRIVIER Municipality reserve the right to dow…	batch-010.json
111	ZA_ETENDERS_OCDS:ocds-9t57fa-165877-2026-08-18	SACAA/TMS/00010/2026 - 2027	South African Civil Aviation Authority	2026-09-11T11:00:00+00:00		ZAR	LOW		===== FILE: files/Tender Document - Travel Management Services - August 2026.pdf ===== INVITATION TO BID DATE OF ISSUE: 18 AUGUST 2026 YOU ARE HEREBY INVITED TO BID FOR THE REQUIREMENTS OF SOUTH AFRICAN CIVIL AVIATION AUTHORITY BID NUMBER : SACAA/TMS/00010/2026 - 2027 TITLE : FOR THE PROVISION OF T…	ed: • Detailed Statement of account report • No shows report • Outstanding refunds report • No Purchase Orders (POs) report • List of Queries report • Management Information Systems (MIS) report f) SACAA may request the TMC to provide additional management reports. g) Reports must be available in a…	batch-011.json
112	ZA_ETENDERS_OCDS:ocds-9t57fa-165665-2026-08-14	Q 2026/025	Cape Winelands District Municipality	2026-08-26T11:00:00+00:00		ZAR	LOW		rnative bids will be read out aloud. Telexed, faxed or e-mailed tenders will not be accepted. The formal written price quotation documents should be carefully completed, and no errors will be condoned after tenders have been opened. The Bidder will be liable to take out forward cover to barricade h…	lidity Period The fact and action of handing in a tender to the Municipality is accepted as a contract between the Municipality and the bidder whereby such a tender remains valid and available for a period of 180 days, calculated from the closing date as advertised for the written price quotation, …	batch-011.json
113	ZA_ETENDERS_OCDS:ocds-9t57fa-165591-2026-08-14	RFQ BB 36/2026	South Cape TVET College	2026-09-02T11:00:00+00:00		ZAR	LOW		===== FILE: files/Bid Document BB 36 2026.pdf ===== 1 REQUEST FOR QUOTATION RFQ BB 36/2026 SOUTH CAPE TVET COLLEGE THE APPOINTMENT OF A SERVICE PROVIDER FOR THE SUPPLY AND INSTALLATION OF ELECTRICAL GEYSERS AT THE HESSEQUA CAMPUS, SOUTH CAPE TVET COLLEGE. CLOSING DATE: 02 SEPTEMBER 2026 CLOSING TIM…	purchaser with an invoice accompanied by a copy of the delivery note and upon fulfilment of other obligations stipulated in the contract. 16.3 Payments shall be made promptly by the purchaser, but in no case later than thirty (30) days after submission of an invoice or claim by the supplier. 16.4 P…	batch-011.json
114	ZA_ETENDERS_OCDS:ocds-9t57fa-165608-2026-08-14	HDA/HO/2026/009	Housing Development Agency	2026-09-04T11:00:00+00:00		ZAR	LOW		confidential nature which may be contained in the information provided (the “Confidential Information Provided”). The Confidential Information provided may be made available to Bidder’s subcontractors, employees and professional advisers who are directly involved in the appraisal of such informatio…	ages will be applied in the evaluation: STAGE DESCRIPTION Administrative compliance (Stage 1) The Bid is checked for completeness and whether all required documentation, certificates; verify completeness warranties and other Bid requirements and formalities have been complied with. The Bids are che…	batch-011.json
115	ZA_ETENDERS_OCDS:ocds-9t57fa-165505-2026-08-13	MISA/BWWTW/NC/011/2026/27	Municipal Infrastructure Support Agent	2026-09-08T11:00:00+00:00		ZAR	LOW		_________ Total Bid Price: ________________________________________ 2 MISA/BWWTW/NC/011/2026/27 END-USER……MRL…….. CONTENTS PAGE No. PART T1: TENDERING PROCEDURE T1.1 Tendering notice and invitation to tender T1.2 Tender Data PART T2: RETURNABLE DOCUMENTS T2.1 List of returnable documents T2.2 Retur…	any claim in regard to preferences, in any manner required by the organ of state. 23 MISA/BWWTW/NC/011/2026/27 END-USER…MRL….. 2. DEFINITIONS (a) “tender” means a written offer in the form determined by an organ of state in response to an invitation to provide goods or services through price quotat…	batch-011.json
116	ZA_ETENDERS_OCDS:ocds-9t57fa-165742-2026-08-17	KZN/PRASA/2026/08/05/Q	Passenger Rail Agency of South Africa	2026-09-01T12:00:00+00:00		ZAR	LOW		===== FILE: files/KZN-PRASA-2026-08-05-Q.pdf ===== RFQ NUMBER: KZN/PRASA/2026/08/05/Q REQUEST FOR QUOTATION (RFQ) FOR PURCHASING AGREEMENT FOR THE REMOVAL OF LITTER/GENERAL WASTE BETWEEN DURBAN AND BEREA STATIONS FOR 36 MONTHS AS AND WHEN REQUIRED YOU ARE HEREBY INVITED TO BID FOR REQUIREMENTS OF P…	erefore, the successful Respondent and not the sub-contractor will be held liable for performance in terms of its contractual obligations. Request For Quotation SCM_2023 Governing law The order/contract is governed by the law of the Republic of South Africa and the parties hereby submit to the non-…	batch-011.json
117	ZA_ETENDERS_OCDS:ocds-9t57fa-165300-2026-08-12	QUOTATION 8/2/37-2026 / MN171-2026	Bergrivier - WC Local Municipality	2026-08-19T12:00:00+00:00		ZAR	LOW		AGE 50 AND TICK AS APPROPRIATE: SMME MICRO SMALL MEDIUM FQ 8/2/37-2026 (MN171-2026) BIDDER INITIAL:………………………….. Page 2 BERGRIVIER MUNICIPALITY QUOTATION 8/2/37-2026 / MN171-2026: APPOINTMENT OF A SERVICE PROVIDER TO COMPILE THE 2025/2026 WATER SERVICES DEVELOPMENT PLAN (WSDP) AND WATER SERVICES AUD…	QUOTATION PRICE IN RSA CURRENCY (INCLUDING VAT) Required by: BERGRIVIER Municipality Refer to pricing schedule on page 12. a. The pricing must be fixed. b. The total bid price must be inclusive of VAT or exclusive for non-VAT vendors. c. Please Note: BERGRIVIER Municipality reserve the right to dow…	batch-011.json
118	ZA_ETENDERS_OCDS:ocds-9t57fa-165476-2026-08-13	DLRRD-MP0003(2026/2027)	Department of Rural Development & Land Reform	2026-09-04T11:00:00+00:00		ZAR	LOW		all apply. 3. General 3.1 Unless otherwise indicated in the biddin g documents, the purchaser shall not be liable for any expense incurred in the preparation and submission of a bid. Where applicable a non- refundable fee for documents may be charged. 3.2 With certain exceptions, invitations to bid…	invoice accompanied by a copy of the delivery note and upon fulfillment of other obligations stipulated in the contract. 16.3 Payments shall be made promptly by the purchaser, but in no case later than thirty (30) days after submission of an invoice or claim by the supplier. 16.4 Payment will be ma…	batch-011.json
119	ZA_ETENDERS_OCDS:ocds-9t57fa-165851-2026-08-17	CHR5-26/27-0022	Eastern Cape - Roads and Public Works	2026-08-25T11:00:00+00:00		ZAR	LOW		===== FILE: files/QUOTATION DOC FOR COMPUTER TRAINING FOR 24 EMPLOYEES .pdf ===== CHR5-26/27-0022 Page 1 of 38 QUOTATION CHR5-26/27-0022 APPOINTMENT OF AN ACCREDITED SERVICE PROVIDER TO PROVIDE A FIVE-DAY COMPUTER TRAINING FOR 24 EMPLOYEES IN THE CHRIS HANI DISTRICT AS PER SPECIFICATION TO THE EAST…	l Supplier Database (CSD) prior the award. 4. All bidders’ tax matters must be in order prior award. Bidders’ tax matters will be verified through CSD or status compliance pin. In cases where the bidder’s status is found non-compliant, the bidder will be granted 7 days to correct the status. A bidd…	batch-011.json
120	ZA_ETENDERS_OCDS:ocds-9t57fa-165690-2026-08-14	TENDER 8/3/44-2026 / MN162-2026	Bergrivier - WC Local Municipality	2026-09-07T12:00:00+00:00		ZAR	LOW		SUPPORT OF LAN NETWORK CABLING INFRASTRUCTURE AND OTHER INFRASTRUCTURE RELATED PRODUCTS FOR BERGRIVIER MUNICIPALITY FROM DATE OF APPOINTMENT UNTIL 30 JUNE 2027 PROCUREMENT DOCUMENT NAME OF TENDERER: Total Bid Price (Inclusive of VAT) B-BBEE LEVEL MUNICIPAL AREA: PLEASE REFER TO PAGE 57 AND TICK AS …	shall furnish the purchaser with an invoice accompanied by a copy of the delivery note and upon fulfillment of other obligations stipulated in the contract. 16.3. Payments shall be made by the purchaser no later than thirty (30) days after submission of an invoice, statement or claim by the supplie…	batch-011.json
121	ZA_ETENDERS_OCDS:ocds-9t57fa-165545-2026-08-13	SCMU NO 05 - 2026- 27	Education, Training and Development Practices SETA	2026-09-11T11:00:00+00:00		ZAR	LOW		hall apply. 3. General 3.1 Unless otherwise indicated in the bidding documents, the purchaser shall not be liable for any expense incurred in the preparation and submission of a bid. Where applicable a non-refundable fee for documents may be charged. 3.2 With certain exceptions, invitations to bid …	n invoice accompanied by a copy of the delivery note and upon fulfillment of other obligations stipulated in the contract. 16.3 Payments shall be made promptly by the purchaser, but in no case later than thirty (30) days after submission of an invoice or claim by the supplier. 16.4 Payment will be …	batch-012.json
122	ZA_ETENDERS_OCDS:ocds-9t57fa-165467-2026-08-13	WCGRB 032627	Western Cape - Gambling and Racing Board	2026-09-04T11:00:00+00:00		ZAR	LOW		NY SERVICE PROVIDER CONDUCTING BUSINESS WITH THE WCG. THE WCG EXPECTS ALL ITS OFFICIALS AND ANYONE ACTING ON ITS BEHALF TO COMPLY WITH THESE PRINCIPLES TO ACT IN THE BEST INTEREST OF THE WCG AND THE PUBLIC AT ALL TIMES. THE WCG IS COMMITTED TO PROTECTING PUBLIC REVENUE, EXPENDITURE, ASSETS AND REPU…	e of exchange (RoE) and the adjusted average RoE. 12.5.5 The reasonableness of exchange rate adjustments will be evaluated against the rates sourced from the Reserve Bank (https://www.resbank.co.za). 13. TIMEFRAMES 13.1 Delivery is required within 4 – 6 months from the date of the order, or sooner …	batch-012.json
123	ZA_ETENDERS_OCDS:ocds-9t57fa-165397-2026-08-12	RFQ/MPU/2026/057	Housing Development Agency	2026-08-25T11:00:00+00:00		ZAR	LOW		time shown above. To Service providers From: Supply Chain Management tender3@thehda.co.za Tel. no.: 011 544-1000 Reference: RFQ/MPU/2026/057 Subject: APPOINTMENT OF A SERVICE PROVIDER TO CONDUCT A MARKET DEMAND STUDY FOR ERF 3138 WITBANK EXTENSION 16, MPUMALANGA AND ERF 13120 QUEENSTOWN, EASTERN CA…	TION DEMAND MARKET STUDY EMALAHLENI AND QUEENSTOWN.pdf ===== 1 A proposal(s) MUST be submitted to: THE HOUSING DEVELOPMENT AGENCY 4 Kikuyu Road, Sunninghill, Sandton, 2157 Closing Date: 25 August 2026 Closing Time: 11h00 Proposal(s) must be addressed to THE SCM Department HEAD OFFICE before the clo…	batch-012.json
124	ZA_ETENDERS_OCDS:ocds-9t57fa-165807-2026-08-17	EKZNW 01/2026/27	Kwa-Zulu Natal - Ezemvelo KwaZulu-Natal Wildlife	2026-09-10T11:00:00+00:00		ZAR	LOW		................................................. iv. whose signature is (Affix signature) ............................................................to sign all documents in connection with this bid and any contract resulting therefrom on behalf of the enterprise. NAME ADDRESS SIGNATURE DATE (if …	claim in regard to preferences, in any manner required by the organ of state. Report any Unethical Activity Without Fear of Victimization – Whistle Blow 0800 701 701 anytime Page 17 of 42 2. DEFINITIONS (a) “tender” means a written offer in the form determined by an organ of state in response to an…	batch-012.json
125	ZA_ETENDERS_OCDS:ocds-9t57fa-165692-2026-08-14	QUOTATION 8/2/39-2026 / MN179-2026	Bergrivier - WC Local Municipality	2026-08-21T12:00:00+00:00		ZAR	LOW		FQ DOCUMENT NAME OF BIDDER: QUOTATION AMOUNT: B-BBEE LEVEL: MUNICIPAL AREA: PLEASE REFER TO PAGE 53 AND TICK AS APPROPRIATE: SMME MICRO SMALL MEDIUM FQ 8/2/39-2026 (MN179-2026) BIDDER INITIAL:………………………….. Page 2 BERGRIVIER MUNICIPALITY QUOTATION 8/2/39-2026 / MN179-2026: SUPPLY AND DELIVERY OF 6M³ …	QUOTATION PRICE IN RSA CURRENCY (INCLUDING VAT) Required by: BERGRIVIER Municipality Refer to pricing schedule on page 16. a. The pricing must be fixed. b. The total bid price must be inclusive of VAT or exclusive for non-VAT vendors. c. Please Note: BERGRIVIER Municipality reserve the right to dow…	batch-012.json
126	ZA_ETENDERS_OCDS:ocds-9t57fa-165477-2026-08-13	QUOTATION 8/2/36-2026 / MN170-2026	Bergrivier - WC Local Municipality	2026-08-20T12:00:00+00:00		ZAR	LOW		MUNICIPAL AREA: PLEASE REFER TO PAGE 52 AND TICK AS APPROPRIATE: SMME MICRO SMALL MEDIUM FQ 8/2/36-2026 (MN170-2026) BIDDER INITIAL:………………………….. Page 2 BERGRIVIER MUNICIPALITY QUOTATION 8/2/36-2026 / MN170-2026: SUPPLY AND DELIVERY OF KIOSKS AND POLES BOXES FOR BERGRIVIER MUNICIPALITY FROM DATE OF …	QUOTATION PRICE IN RSA CURRENCY (INCLUDING VAT) Required by: BERGRIVIER Municipality Refer to pricing schedule on page 16. a. The pricing must be fixed. b. The total bid price must be inclusive of VAT or exclusive for non-VAT vendors. c. Please Note: BERGRIVIER Municipality reserve the right to dow…	batch-012.json
127	ZA_ETENDERS_OCDS:ocds-9t57fa-165778-2026-08-17	HO-26/27-0076	Eastern Cape - Agriculture	2026-08-31T11:00:00+00:00		ZAR	LOW		SING DATE: 31 AUGUST 2026 CLOSING TIME: 11:00 am BID AMOUNT INCLUSIVE OF ALL APPLICABLE TAXES R…………………………………………….. PREPARED BY: SUPPLY CHAIN MANAGEMENT DEPARTMENT OF AGRICULTURE PRIVATE BAG X0040 BHISHO 5605 CONTACT: 040 602 5354 E-MAIL: Sydwell.Sizani@ecagriculture.gov.za for administrative enquir…	at as confidential all matters arising in connection with the tender. Use and copy the documents issued by the employer only for the purpose of preparing and submitting a tender offer in response to the invitation. F.2.5 Reference documents Obtain, as necessary for submitting a tender offer, copies…	batch-012.json
128	ZA_ETENDERS_OCDS:ocds-9t57fa-165651-2026-08-14	GPAA 05/2026	Government Pensions Administration Agency (GPAA)	2026-09-04T11:00:00+00:00		ZAR	LOW		n of written clarification enquiries is 28 August 2026. • Responses to all clarification questions will be published on the National Treasury eTender Portal on 1 September 2026. For enquiries relating to eTender submissions, please contact the National Treasury: • Telephone: +27 (0)12 406 9222 • Em…	e as per RFB 1183/2022 ORACLE IDENTITY ACCESS (IAM) AND ENTERPRISE CONTENT MANAGEMENT (ECM) SERVICES Publication Date 14 August 2026 Closing Date and Time 4 September 2026, 11h00 AM Non-Compulsory Online Briefing Session Non-Compulsory Online Briefing Session 24 August at 10h00 AM Join: https://tea…	batch-012.json
129	ZA_ETENDERS_OCDS:ocds-9t57fa-165482-2026-08-13	NRF/SAEON/SAPRI/06/2026-27	National Research Foundation	2026-09-04T11:00:00+00:00		ZAR	LOW		===== FILE: files/NRF-SAEON-SAPRI-06-2026-27.pdf ===== 1 Cv cvc vvvvv v BID INVITATION YOU ARE HEREBY INVITED TO BID FOR REQUIREMENTS DETAILED IN THIS DOCUMENT NRF/SAEON/SAPRI/06/2026-27 ATTENTION – FRAUD ALERT The NRF would never offer payment or any other consideration in return for the favourabl…	not claimed. 1.5. The NRF reserves the right to require of a bidder, either before a bid is adjudicated or at any time subsequently, to substantiate any claim concerning preferences, in any manner required by the NRF. DEFINITIONS 2.1 “tender” means a written offer in the form determined by an organ…	batch-012.json
130	US-SAM:ec9a3e72b3e44b458822cbbedc5a537e	YELL 326141 YELLOWSTONE MODULAR HOUSING	INTERIOR, DEPARTMENT OF THE	2026-09-17T20:00:00+00:00			LOW		===== FILE: files/B08-Attachment_1A-03_YELL_326141_Final_Specification_Appendicies_2026_07_22.pdf ===== Project Title: ________________________________________________________________________ ___________________________________________________________________________________ PEPC Project Number: __…	eters Item Description Floor Slab Support1 Properly prepared native silty sand and a minimum of 6 inches of crushed base course2 Estimated Modulus of Subgrade Reaction 3 150 pounds per square inch per inch (psi/in) for point loads 1. Floor slabs should be structurally independent of building footin…	batch-012.json
131	US-SAM:0de1705f805d45afacdd3b938dff9399	Y--GOGA 319407 - Bridge Preservation	INTERIOR, DEPARTMENT OF THE	2026-09-14T20:00:00+00:00			LOW		===== FILE: files/B08_Attach_1_Specifications.pdf ===== Bridge Preservation Multiple Locations Golden Gate National Recreation Area Easkoot Creek Bridge, Rodeo Lagoon Road Bridge, Rodeo Lagoon Pedestrian Bridge, Point Bonita Viaduct, Point Bonita Bridge, Point Bonita Tunnel Entrance Bridge, Point B…	travel costs for home office personnel 12. Home office insurances i.e. structure, automotive, umbrella, flood, etc. 13. Depreciation of equipment and other assets 14. Home office supplies (paper, staples, etc.) 15. Legal services 16. Accounting and data processing 17. Professional fees/registration…	batch-013.json
132	US-SAM:0b5b4caaa9a24d8dbcb5e96a41c5475f	Government seeking office space in Gadsen, AL	GENERAL SERVICES ADMINISTRATION	2026-09-07T21:00:00+00:00			LOW		______________________ Date: ____________________________________________ FOR THE GOVERNMENT: ____________________________________________________ Name: ____________________________________________ Title: Lease Contracting Officer General Services Administration, Public Buildings Service Date: ____…	____________ Name: ____________________________________________ Title: Lease Contracting Officer General Services Administration, Public Buildings Service Date: ____________________________________________ WITNESSED FOR THE LESSOR BY: ____________________________________________________ Name: _____…	batch-013.json
133	US-SAM:6da6544ef65d4395b95d34647a57f2d7	HICS Boring and Erosion	DEPT OF DEFENSE	2026-09-09T20:00:00+00:00			LOW		===== FILE: files/A1_SOW_Combined_Specs.pdf ===== TECHNICAL SPECIFICATIONS REPAIR HICS EROSION/CONDUITS NZAS 26-6100 July 2026 341st CIVIL ENGINEER SQUADRON MALMSTROM AIR FORCE BASE GREAT FALLS, MONTANA 01000-1 SECTION 01000 REPAIR HICS EROSION/CONDUIT GENERAL REQUIREMENTS PART 1 - GENERAL 1.1 SUMM…	cation of company safety rules (posting or handout). 8. Identification of the Contractor employees responsible for safety/accident prevention. D. In addition to normal safety practices, the Contractor shall comply with the following requirements: 1. The safety of Contractor personnel on-site is the…	batch-013.json
134	US-SAM:ce76ba91b36c458bbeec3f2087636dfa	N--AMIS DIABLO EAST RADIO TOWER	INTERIOR, DEPARTMENT OF THE	2026-09-04T16:00:00+00:00			LOW		===== FILE: files/Atch_1_SOW_Diablo_East_Tower.docx ===== Scope of Work Diablo East Communication Tower Replacement Amistad National Recreation Area TABLE OF CONTENTS Overview and Project Description Existing Conditions Scope of Work Codes and Authorities Required meetings, Submittals and Closeouts…	enclosed vehicle or building or area cleared of any flammable materials within three feet of the generator. Welding or use of a torch with an open flame Use of explosives Operation of motorized vehicles off designated roads or trails. 7.0 PERIOD OF PERFROMANCE To Be Determined 8.0 ATTATCHMENTS Conc…	batch-013.json
135	US-SAM:c769271fe06641728e192ab61442c5f8	Demo w/ Abatement B5907 Camp Bullis	DEPT OF DEFENSE	2026-09-04T16:00:00+00:00			LOW		SL Order: Site: Metal Pipe Desc: Cream/Green/Yellow 00015907-L1 0.11% wt5/28/20135/15/2013 Site: Gypsum Board Wall Desc: White 00025907-L2 0.51% wt5/28/20135/15/2013 Site: Wood Window Frame Desc: White/green 00035907-L3 0.015% wt5/28/20135/15/2013 Site: Wood Door Desc: Brown/Grey 00045907-L4 0.18% …	de a cumulative diversion and landfill report annually. Submit annual report not later than 30 calendar days after the preceding fiscal year has ended. 3.9.12.4 Final Diversion and Landfill Report A Final Diversion and Landfill Report is required at the end of the project. Provide Final Diversion a…	batch-013.json
136	US-SAM:5223fd25ae964098a151a2c7f15d4ac2	USCGC SOCKEYE DD FY27	HOMELAND SECURITY, DEPARTMENT OF	2026-09-11T19:00:00+00:00			LOW		ICITATION INFORMATION CALL: a. NAME b. TELEPHONE NUMBER (No collect calls) 8. OFFER DUE DATE/ LOCAL TIME 9. ISSUED BY 13b. RATING 14. METHOD OF SOLICITATION CODE 15. DELIVER TO 16. ADMINISTERED BY CODE 18a. PAYMENT WILL BE MADE BY CODE17a. CONTRACTOR/ OFFEROR CODE FACILITY CODE CODE TELEPHONE NUMBE…	is received before award is made and the Contracting Officer determines that accepting the late offer would not unduly delay the acquisition. However, a late modification of an otherwise successful offer that makes its terms more favorable to the Government will be considered at any time it is rece…	batch-013.json
137	US-SAM:7e85798975624af08fd52d2926a471ea	McCall & Council Yard Tree Cooler Deferred Maint	AGRICULTURE, DEPARTMENT OF	2026-09-03T23:00:00+00:00			LOW		le attachments under a anticipated obligated contract award. Posting: 08/07/2026 Q&A Due Date: 08/20/2026 Quotes Due Date: 09/03/2026 Anticipated Award Date: 09/09/2026 Quotes must Contain 1240LT26Q0139 and be emailed to: lonnie.root@usda.gov All Questions should be directed to both the CO & COR wi…	tractor certifies that: (1) It is compliant with all applicable Federal anti-discrimination laws and the Equal Protection pr inciples of the U.S. Constitution, and it will remain compliant for the duration of the contract. (2) Neither it nor any subcontractor or teaming partner operates or funds an…	batch-013.json
138	US-SAM:e8c62fea0607487e994039803fd53a7f	5975--607-26-3-6653-0011 Paging System Upgrade Expansion (VA-26-00047291)	VETERANS AFFAIRS, DEPARTMENT OF	2026-08-28T17:00:00+00:00			LOW		erly _______ b. Semi-Annually _______ c. Other X Upon Acceptance GOVERNMENT INVOICE ADDRESS: All invoices from the contractor shall be mailed to the following address: DEPARTMENT OF VETERANS AFFAIRS FINANCIAL SERVICES CENTER PO BOX 149971 AUSTIN, TX 78714-9975 Vendor inquires: Toll Free Number 1-87…	t is received before award is made and the Contracting Officer determines that accepting the late offer would not unduly delay the acquisition. However, a late modification of an otherwise successful offer that makes its terms more favorable to the Government will be considered at any time it is re…	batch-013.json
139	US-SAM:23b6d6d2913548c69652218c938d05d8	5975--607-26-3-6653-0011 Paging System Upgrade Expansion (VA-26-00047291)	VETERANS AFFAIRS, DEPARTMENT OF	2026-08-28T17:00:00+00:00			LOW		erly _______ b. Semi-Annually _______ c. Other X Upon Acceptance GOVERNMENT INVOICE ADDRESS: All invoices from the contractor shall be mailed to the following address: DEPARTMENT OF VETERANS AFFAIRS FINANCIAL SERVICES CENTER PO BOX 149971 AUSTIN, TX 78714-9975 Vendor inquires: Toll Free Number 1-87…	t is received before award is made and the Contracting Officer determines that accepting the late offer would not unduly delay the acquisition. However, a late modification of an otherwise successful offer that makes its terms more favorable to the Government will be considered at any time it is re…	batch-013.json
140	US-SAM:200e6f8e889446c491af324f70129cab	Z1DA--PN: 438-22-600, Improve Campus Bldg Exteriors (SF) AP: 36C263-26-AP-1039	VETERANS AFFAIRS, DEPARTMENT OF	2026-08-28T19:00:00+00:00			LOW		===== FILE: files/36C26326R0027.docx ===== A.3 PRICE/COST SCHEDULE ITEM INFORMATION INSTRUCTIONS, CONDITIONS AND OTHER STATEMENTS TO BIDDERS/OFFERORS 2.1 52.216-1 TYPE OF CONTRACT (NOV 2025) (DEVIATION) The Government contemplates award of a Firm-Fixed-Price, Requirements contract resulting from th…	t from inadvertent or deliberate disclosure, alteration, or destruction of the information and includes sensitive personal information. The term includes information where improper use or disclosure could adversely affect the ability of VA to accomplish its mission, proprietary information, records…	batch-013.json
141	US-SAM:d23442b6d9a948328fd0c2934e7f6d76	Hawaii Class II Research Vessel	COMMERCE, DEPARTMENT OF	2026-08-31T16:00:00+00:00			LOW		===== FILE: files/03_Sol_Att_A_SOW_F.pdf ===== 1 SPECIFICATION - CLASS II VESSEL for PAPAHĀNAUMOKUĀKEA NATIONAL MARINE SANCTUARY 1] General Parameters (CLIN 0001) The Office of National Marine Sanctuaries requires one new and unused NOAA Class II research vessel for operations supporting Papahānaum…	rmal insulation under hardtop. For flybridge option: no antennas or navigation lights will be mounted in a way that would interfere with the addition of the flybridge. Sunshade Fabric sunshade deployable from aft edge of hardtop to approximately 12” aft of aft seats on dive bench(es). Shade to be o…	batch-014.json
142	US-SAM:b482d95ef2b243bbab527027edf70be0	Contract Delivery Service (CDS) HCR 96178 RAVENDALE, CA - H078, CA	POSTAL SERVICE	2026-08-31T16:00:00+00:00			LOW		7. This certification concerns a matter within the jurisdiction of an agency of the United States and the making of a false, fictitious, or fraudulent certification may render the maker subject to prosecution under Section 1001, Title 18 U.S.C. 8. The certification in e.1 and e.2 of this provision …	conditions. Effective 10/03/2026 00:00 Page B-4HCR 96178 c. The successful supplier may elect to provide a right hand drive vehicle due to the contract delivery service features of this route. d. All equipment shall be presented for inspection at the location and time indicated by the contracting o…	batch-014.json
143	US-SAM:cafa8bc7fb4c4b67b994b81d53bbe19d	Audio Engineer Instructor Support Services	DEPT OF DEFENSE	2026-08-25T14:00:00+00:00			LOW		nty, State and ZIP Code) (X) 9A. AMENDMENT OF SOLICITATION NUMBER 9B. DATED (SEE ITEM 11) 10A. MODIFICATION OF CONTRACT/ORDER NUMBE 10B. DATED (SEE ITEM 13) CODE FACILITY CODE SF 30 BLOCK 14 CONTINUATION PAGE SUMMARY OF CHANGES Solicitation/Contract Form Continuation The following changes have been…	espond, in writing, within three working days of receipt, to the vendor. 10.5 Post-Award Conference. Prior to commencing work, the vendor may be required by the Government to meet with the Contracting Officer and other designated government representatives, at a time and place to be specified by th…	batch-014.json
144	US-SAM:5fae1b39d9404227a4a9e8e7c78e399f	Design and Build Covered Parking Structure for Fighter Aircraft	DEPT OF DEFENSE	2026-08-28T14:00:00+00:00			LOW		ools, materials, supervision, and quality control necessary to design and construct fabric covered parking structures for two (2) fighter aircraft for the 125 OG, Det 1, at Homestead Air Reserve Base (HARB), Florida (FL). See Figure 1: Aerial map depicting Base Entrance and 125 OG, Det 1 compound a…	, to include the source codes of any software, produced under this contract shall be Government owned and are the property of the Government with all rights and privileges of ownership/copyright belonging exclusively to the Government. These documents and materials may not be used for any other pur…	batch-014.json
145	US-SAM:76284f7b54ee44729a8d2fe8b3cc2525	Z2DA--Project 521-22-119 NRM Replace windows (VA-26-00016046)	VETERANS AFFAIRS, DEPARTMENT OF	2026-08-25T18:00:00+00:00			LOW		/a:themeElements><a:objectDefaults /><a:extraClrSchemeLst /></a:theme> ===== FILE: files/36C24726R0032_0002_unpacked/word/webSettings.xml ===== ﻿<?xml version="1.0" encoding="utf-8" standalone="yes"?><w:webSettings xmlns:r="http://schemas.openxmlformats.org/officeDocument/2006/relationships" xmlns:…	===== FILE: files/36C24726R0032_0001_unpacked/[Content_Types].xml ===== ﻿<?xml version="1.0" encoding="utf-8" standalone="yes"?><Types xmlns="http://schemas.openxmlformats.org/package/2006/content-types"><Default Extension="rels" ContentType="application/vnd.openxmlformats-package.relationships+xml…	batch-014.json
146	US-SAM:b0cefc48e2bc4741b8866d51292b50bd	Audio Engineer Instructor Support Services	DEPT OF DEFENSE	2026-08-25T14:00:00+00:00			LOW		DATE 7. FOR SOLICITATION INFORMATION CALL: a. NAME b. TELEPHONE NUMBER (No collect calls) 8. OFFER DUE DATE/ LOCAL TIME 9. ISSUED BY 13b. RATING 14. METHOD OF SOLICITATION CODE 15. DELIVER TO 16. ADMINISTERED BY CODE 18a. PAYMENT WILL BE MADE BY CODE17a. CONTRACTOR/ OFFEROR CODEFACILITY CODE CODE T…	DA 8(A) ECONOMICALLY DISADVANTAGED WOMEN-OWNED SMALL BUSINESS (EDWOSB) SERVICE-DISABLED VETERAN-OWNED SMALL BUSINESS (SDVOSB) HUBZONE SMALL BUSINESS SMALL BUSINESS NOTE: OFFEROR TO COMPLETE BLOCKS 12, 17, 23, 24, AND 30. Solicitation/Contract Form Continuation Audio Engineer Instructor Support Serv…	batch-014.json
147	US-SAM:ee57ef652ed149b6a00b74455a06e33a	N065--Replace Warehouse Door #13 and Repair Door #14 at the Jesse Brown VA Medical Center, 820 S Damen Ave, Chicago, IL 60612	VETERANS AFFAIRS, DEPARTMENT OF	2026-08-21T21:00:00+00:00			LOW		RAM EDWOSB 8(A) NAICS: SIZE STANDARD: 11. DELIVERY FOR FOB DESTINA- TION UNLESS BLOCK IS MARKED SEE SCHEDULE 12. DISCOUNT TERMS 13a. THIS CONTRACT IS A RATED ORDER UNDER DPAS (15 CFR 700) 13b. RATING 14. METHOD OF SOLICITATION RFQ IFB RFP 15. DELIVER TO CODE 16. ADMINISTERED BY CODE 17a. CONTRACTOR…	sure, alteration, or destruction of the information and includes sensitive personal information. The term includes information where improper use or disclosure could adversely affect the ability of VA to accomplish its mission, proprietary information, records about individuals requiring protection…	batch-014.json
148	US-SAM:939642e2c5ca46b4b04276467b2f3a25	J042--Fire Alarm System Inspection, Testing, Maintenance, and Certification Services at the Bedford VA Medical Center	VETERANS AFFAIRS, DEPARTMENT OF	2026-08-24T16:00:00+00:00			LOW		6C24126Q0613_unpacked/word/webSettings.xml ===== ﻿<?xml version="1.0" encoding="utf-8" standalone="yes"?><w:webSettings xmlns:mc="http://schemas.openxmlformats.org/markup-compatibility/2006" xmlns:r="http://schemas.openxmlformats.org/officeDocument/2006/relationships" xmlns:w="http://schemas.openxm…	E ADDRESS | Department of Veterans Affairs Network Contracting Office 1 (NCO 1) Contracting Officer (90C) 1 VA Center Augusta ME 04330 POINT OF CONTACT* | Contract Specialist Yolanda Rankin Yolanda.Rankin@va.gov 978-890-2709 ADDRESS | Bedford VA Medical Facility | 200 Springs Road | Bedford, MA 017…	batch-014.json
149	US-SAM:a84097595a9b4d77b76daef6ec9704d3	N065--Replace Warehouse Door #13 and Repair Door #14 at the Jesse Brown VA Medical Center, 820 S Damen Ave, Chicago, IL 60612	VETERANS AFFAIRS, DEPARTMENT OF	2026-08-21T21:00:00+00:00			LOW		RAM EDWOSB 8(A) NAICS: SIZE STANDARD: 11. DELIVERY FOR FOB DESTINA- TION UNLESS BLOCK IS MARKED SEE SCHEDULE 12. DISCOUNT TERMS 13a. THIS CONTRACT IS A RATED ORDER UNDER DPAS (15 CFR 700) 13b. RATING 14. METHOD OF SOLICITATION RFQ IFB RFP 15. DELIVER TO CODE 16. ADMINISTERED BY CODE 17a. CONTRACTOR…	sure, alteration, or destruction of the information and includes sensitive personal information. The term includes information where improper use or disclosure could adversely affect the ability of VA to accomplish its mission, proprietary information, records about individuals requiring protection…	batch-014.json
150	US-SAM:7ece020e7ea5434bb114260a5522d07d	Fort Sill Elevator Maintenance Services	DEPT OF DEFENSE	2026-08-20T17:00:00+00:00			LOW		erformance ................................................................................. 2 Fort Sill Access ....................................................................................... 3 1.8.3 Federal Observed Holidays .................................................................…	supervision, and other items and non-personal services necessary to provide complete and full preventative elevator maintenance service tasks and frequencies as described and defined in this PWS, Part 5 Specific Tasks and Part 8 Attachment/Technical Exhibits, TE-C Estimated Workload, except for tho…	batch-014.json
151	US-SAM:b1498d8d996245e0b145d0dfa34e604a	N--MORA - LIGHTING RETROFIT IN TAHOMA WOODS APTS	INTERIOR, DEPARTMENT OF THE	2026-08-21T19:00:00+00:00			LOW		combination of both, the domestic content test is applied only to the iron and steel content of the construction materials, excluding COTS fasteners. 4. Will Arc Faul Circuit Interrupters be required to be installed in this contract? No 5. Will painting touch up be required? No 6. Ballast retrofit …	24 Complete all pages and return as part of the quotation. • Optional Past Performance Questionnaire as Attachment 6 (not included in this solicitation) 2. Who can participate in this procurement? This project is being solicited and will be awarded as a 100% Service-Disabled Veteran-Owned Small Bus…	batch-015.json
152	US-SAM:1c1d604413374e4daec33845294e464a	7195--SOLAR SHADES FOR HOSPICE	VETERANS AFFAIRS, DEPARTMENT OF	2026-08-20T15:00:00+00:00			LOW		e submitted in arrears: a. Quarterly [] b. Semi-Annually [] c. Other [X] Upon receipt of goods and proper submission of invoice. 4. GOVERNMENT INVOICE ADDRESS: All Invoices from the contractor shall be submitted electronically in accordance with VAAR Clause 852.232-72 Electronic Submission of Payme…	t from inadvertent or deliberate disclosure, alteration, or destruction of the information and includes sensitive personal information. The term includes information where improper use or disclosure could adversely affect the ability of VA to accomplish its mission, proprietary information, records…	batch-015.json
153	US-SAM:39f9a82f8e6548b89b198eb441c227a2	Chlorination Systems and Maintenance - FWA	DEPT OF DEFENSE	2026-09-01T20:00:00+00:00			LOW		resident’s Day Veteran’s Day Memorial Day Thanksgiving Day Juneteenth National Independence Day Christmas Day Independence Day 3.4. Hours of Operation : Inspections shall be accomplished Monday through Friday between 7:30 AM. and 4:30 P.M. except Federal holiday(s) or when the Government facility i…	e Contractor shall thoroughly clean the tank prior to inspection. 2.1.3. This contract shall include draining and cleaning of potable water storage tank systems to alleviate chlorine by-product build up that occurs over the course of time. This shall be completed during the first and final years of…	batch-015.json
154	US-SAM:391c00a626c44b17864bd57b8c69fe3a	NV-EDENTON NFH-REPLACE ADMIN BUILDING	INTERIOR, DEPARTMENT OF THE	2026-09-14T18:00:00+00:00			LOW		IMPORTANT - The "offer" section on the reverse must be fully completed by offeror. NOTE: In sealed bid solicitations "offer" and "offeror" mean "bid and "bidder". SOLICITATION 1. SOLICITATION NO. 5. REQUISITION/PURCHASE REQUEST NO. CODE 6. PROJECT NO. 8. ADDRESS OFFER TO 4. CONTRACT NO. 7. ISSUED B…	S-PRICE BREAKDOWN a. The Contractor shall furnish an itemized price breakdown, within the time specified by the Contracting Officer, with any proposal for a contract modification. b. The price breakdown: c. Must include sufficient detail of all costs for— (1) Material; (2) Labor; (3) Equipment; (4)…	batch-015.json
155	TED:566968-2026	Netherlands – Test and evaluation – Mobiele kabelassemblage	Ministerie van Defensie	2026-09-16T10:00:00+00:00		EUR	LOW		===== FILE: files/en-GB.json ===== { "str_tender_no_awards": "There are no awards", "str_tender_no_evaluations": "There are no evaluations", "str_tender_no_offers": "Empty", "str_tender_no_requirements": "No requirements", "str_tender_not_submitted": "Not submitted", "str_tender_requirement_will_be…	, "str_invitation_tender_expired_on": "Expired on", "str_invitation_you_are_participant_organization": "You are now a colleague in", "str_invitation_go_to_organization": "View your colleagues", "str_organization_licenses_requires_a_license": "This requires a license", "str_tender_export_offer_conte…	batch-015.json
156	TED:567200-2026	Germany – Structural shell work – Ersatzneubau Mehrzweckhalle Ruhland, Los 3 Rohbau Massiv	Amt Ruhland	2026-09-08T23:59:59+02:00			LOW		hbar sind Ich/Wir erkläre(n), dass ich/wir in den letzten fünf Kalenderjahren bzw. dem in der Auftragsbekanntmachung angegebenen Zeitraum vergleichbare Leistungen ausgeführt habe/haben. Bei einem Teilnahmewettbewerb füge(n) ich/wir meinem/unserem Teilnahmeantrag eine Referenzliste bei. Falls mein/u…	ngt die „Bewerbungsbedingungen“ (B.0 Bewerbungsbedingungen). Mit freundlichen Grüßen Im Auftrag Die Vergabestelle ===== FILE: files/B.6_Fragenkatalog.docx ===== Nr. | Bezug (Eintrag durch Bieter) | Fragetext (Eintrag durch Bieter) | Stand (Eintrag durch Vergabestelle) | Beantwortung (Eintrag durch …	batch-015.json
157	TED:568526-2026	Portugal – Electricity – CPI 0523/2026 - Fornecimento de Energia Elétrica em MT, BTE e BTN para o Ano 2027	EMARP - Empresa Municipal de Águas e Resíduos de Portimão, EM, SA	2026-09-14T17:00:59+00:00	305000.0	EUR	LOW		ntratante já disporá dos documentos em causa. O operador económico autoriza expressamente a autoridade ou entidade adjudicante, conforme indicada na parte I, a ter acesso aos documentos comprovativos das informações prestadas nas informações constantes da parte III e da parte IV do presente Documen…	Preço Total da proposta lote 3 – Anexo IV: Fornecimento de Energia em Baixa Tensão Normal (BTN > 20,7 Kva) "………. " (por algarismos e por extenso), que não inclui o IVA; d) Preço Total da proposta lote 4 – Anexo IV: Fornecimento de Energia em Baixa Tensão Normal (BTN ≤ 20,7 Kva) "………. " (por algaris…	batch-015.json
158	ZA_ETENDERS_OCDS:ocds-9t57fa-165613-2026-08-14	RFP/26/27/14	South African Post Office Limited	2026-09-04T11:00:00+00:00		ZAR	LOW		ification questions in writing to South African Post Office Officials mentioned below page 6 item 6. Questions and answers will be uploaded at e -tender portal website RFP CLOSING DATE / TIME: 2026/09/04 @ 11:00 PROPOSAL TO BE HAND DELIVERED SAPO Supply Chain Management, Cnr James Drive & Moreleta …	s from the date on which proposals are due. After such period a bidder may withdraw his proposal if he has not been notified of its acceptance. Bidders are to note that they may be requested to extend the validity period of their bid, at the same terms and conditions, if the internal evaluation pro…	batch-015.json
159	ZA_ETENDERS_OCDS:ocds-9t57fa-165672-2026-08-14	RFQ07/08/2026	Enoch Mgijima Local Municipality	2026-08-20T12:00:00+00:00		ZAR	LOW		MANI, 5320 Tel: +27(45) 807 2000 Fax: +27(45) 807 2637 NAME OF BIDDER: _____________________________________________________ CSD NUMBER : _____________________________________________________ TENDER AMOUNT: ______________________________________________________ REQUEST FOR QUOTATION: RFQ07/08/2026 …	FOR QUOTATION: RFQ07/08/2026 2 RFQ07/08/2026 SUPPLY AND DELIVER CHAIN SAWS AND BRUSH CUTTERS FOR PARKS MAINTENANCE Enoch Mgijima Local Municipality hereby invites all interested Accredited Service providers for SUPPLY AND DELIVER CHAIN SAWS AND BRUSH CUTTERS FOR PARKS MAINTENANCE Project Name Bid N…	batch-015.json
160	ZA_ETENDERS_OCDS:ocds-9t57fa-165658-2026-08-14	RFQ17/08/2026	Enoch Mgijima Local Municipality	2026-08-20T12:00:00+00:00		ZAR	LOW		-27 OWEN STREET KOMANI, 5320 Tel: +27(45) 807 2000 Fax: +27(45) 807 2637 NAME OF BIDDER: _____________________________________________________ CSD NUMBER : _____________________________________________________ TENDER AMOUNT: ______________________________________________________ REQUEST FOR QUOTATI…	____________ REQUEST FOR QUOTATION: RFQ17/08/2026 2 RFQ17/08/2026 SUPPLY AND DELIVER OF STATIONERY PACKS FOR CAREER EXHIBITION Enoch Mgijima Local Municipality hereby invites all interested Accredited Service providers for SUPPLY AND DELIVERY OF STATIONERY PACKS FOR CAREER EXHIBITION Project Name B…	batch-015.json
161	ZA_ETENDERS_OCDS:ocds-9t57fa-165511-2026-08-13	GMQ108/25-26	George Municipality	2026-08-21T12:00:00+00:00		ZAR	LOW		quotation document MUST be VALID ORIGINAL B-BBEE CERTIFICATES or VALID CERTIFIED COPIES OF B-BBEE CERTIFICATES QUOTATION CLOSES AT 12H00 ON FRIDAY, 21 AUGUST 2026 Quotation GMQ108/25-26 2 INDEX DESCRIPTION PAGE NUMBERS Tenderers Contact Details 3 Advertisement 4 Request for Formal Quotation 5 Detai…	her-proof panels, washable surfaces • Optional: IP65 waterproofing for outdoor use Power • Input: AC 100V–240V • Output: DC 15V • Backup Power: Optional 4–8 hour battery pack Dimensions & Weight • Height: 2220 mm • Width: 930 mm • Depth: 760 mm • Net Weight: ~60 kg Quotation GMQ108/25-26 14 PRICING…	batch-016.json
162	ZA_ETENDERS_OCDS:ocds-9t57fa-165474-2026-08-13	AGRISETA/2026/05	Agricultural Sector Education and Training Authority	2026-09-10T11:00:00+00:00		ZAR	LOW		2) copies and one (1) soft copy (in a memory stick) of their bid proposal. Price Proposals must be submitted separately from the technical proposal. Bid response documents must be deposited in the bid box situated at the address below, for the attention of: 4 Name: SCM Manager Physical Address: Agr…	ts systems, 80 points will be used for price only and the 20 points will be used for specific goals. The points for price will be calculated in accordance with the formula pres cribed in SBD 6.1 attached to this document. 8 NOTE: Only evidence from the bidding company will be considered for the eva…	batch-016.json
163	ZA_ETENDERS_OCDS:ocds-9t57fa-165492-2026-08-13	RFQ 30121 Re-issue	Airports Company of South Africa	2026-08-24T13:00:00+00:00		ZAR	LOW		1 Jones Road, Kempton Park, Gauteng, South Africa, 1632 P O Box 75480, Gardenview, Gauteng, South Africa, 2047 www.airports.co.za Airports Company South Africa SOC Ltd Reg No 1993/004149/30 VAT no 4930138393 Page 1 Confidential Confidential Confidential Confidential Request for Quotation to supply …	nd Scorecard or BBBEE QSE/EME Affidavit X Verifiable medical certificate of report as proof of disability(For preference claims) X Tax Pin number (ACSA may not award to a bidder whose tax affairs have not been declared to be in orders by SARS) X Certificate of Incorporation of the bidding entity sh…	batch-016.json
164	ZA_ETENDERS_OCDS:ocds-9t57fa-165782-2026-08-17	RFQ 05/08/2026	Kwa-Zulu Natal - Ezemvelo KwaZulu-Natal Wildlife	2026-08-24T11:00:00+00:00		ZAR	LOW		/OR POSSIBLE CANCELLATION OF THE CONTRACT THAT MAY BE AWARDED ON THE BASIS OF THIS BID. ............................................................................................................ SIGNATURE OF BIDDER OR AUTHORISED REPRESENTATIVE DATE:................................................…	claim in regard to preferences, in any manner required by the organ of state. Report any Unethical Activity Without Fear of Victimization – Whistle Blow 0800 701 701 anytime Page 12 of 28 2. DEFINITIONS (a) “tender” means a written offer in the form determined by an organ of state in response to an…	batch-016.json
165	ZA_ETENDERS_OCDS:ocds-9t57fa-165392-2026-08-12	EWSETA/RFQ/024/2026-27	Energy and Water Sector Education and Training Authority	2026-08-20T13:00:00+00:00		ZAR	LOW		Programmes (LP) Administrators are required to strengthen operational efficiency, improve service delivery, ensure regulatory compliance, and support the increasing demand for skills development within the energy and water sectors. Each programme requires extensive administrative processing, includ…	e reserves the right to require of a tenderer, either before a tender is adjudicated or at any time subsequently, to substantiate any claim in regard to preferences, in any manner required by the organ of state. 2. DEFINITIONS (a) “tender” means a written offer in the form determined by an organ of…	batch-016.json
166	US-SAM:5a9f816204a24a429a272cdedd42371d	Awning Canvas Replacement - U.S. Embassy Caracas	STATE, DEPARTMENT OF	2026-09-14T16:00:00+00:00			LOW		s shall be registered in the SAM (System for Award Management) database at https://www.sam.gov prior to submittal of their offer/proposal as prescribed under FAR 4.1102. Failure to be registered at time of proposal submission may deem the offeror’s proposal to be considered non-responsible and no f…	VERIES AND PERFORMANCE 52.211-10 COMMENCEMENT, PROSECUTION, AND COMPLETION OF WORK (APR 1984) The Contractor shall be required to: (a) commence work under this contract within 10 calendar days after the date the Contractor receives the notice to proceed, (b) prosecute the work diligently, and, (c) …	batch-016.json
167	US-SAM:c122b97058264a799e5597ff7d2531d1	Swimming Pool Maintenance Services	STATE, DEPARTMENT OF	2026-08-31T15:00:00+00:00			LOW		e considered non -responsible and no further consideration will be given. Therefore, offerors are highly encouraged to register immed iately if they are interested in submitting a response to this requirement. Sincerely, Kevin Dolliver Contracting Officer Enclosure: SF1449 and 19RS5026Q0010 solicit…	ciated with providing preventive maintenance services in accordance with the Statement of Work, and the manufacturer’s warranty including materials, labor, insurance (see FAR 52.228-4 and 52.228-5), overhead, profit and VAT (if applicable). Cost 6 SBU - CONTRACTING AND ACQUISITIONS shall also inclu…	batch-016.json
168	US-SAM:5958294457b74280b0605b5a1975c2b8	Fire suppression system installation	AGRICULTURE, DEPARTMENT OF	2026-08-25T17:00:00+00:00			LOW		ed, and a separate written solicitation will not be issued. Solicitation number is issued as a Request for Quotations. Award will be made on Standard Form 1442. This solicitation incorporates clauses and provisions by reference. The full text of provisions and clauses may be accessed electronically…	52.236-17 Layout of Work (Jul 2025) 52.236-21 Specifications and Drawings for Construction (Jul 2025) Alternate I (Apr 1984) of 52.236-21 Alternate II (Apr 1984) of 52.236-21 52.242-14 Suspension of Work (Apr 1984) 52.248-3 Value Engineering (Oct 2025) Alternate I (Apr 1984) of 52.248-3 AGAR Clause…	batch-016.json
169	US-SAM:7a5d5e5da2be46d9b543e80f9097d705	7195--VA AMLK/ PUGET SOUND ACOUSTIC/PRIVACY PANELS	VETERANS AFFAIRS, DEPARTMENT OF	2026-08-28T19:00:00+00:00			LOW		payments by the Government to the contractor will be made in accordance with: 3. INVOICES: Invoices shall be submitted in arrears: a. Quarterly [] b. Semi-Annually [] c. Other [X] Upon delivery and acceptance 4. GOVERNMENT INVOICE ADDRESS: All Invoices from the contractor shall be submitted electro…	CONTRACTING WITH ENTITIES THAT REQUIRE CERTAIN INTERNAL CONFIDENTIALITY AGREEMENTS OR STATEMENTS—REPRESENTATION | JAN 2017 52.204-7 | SYSTEM FOR AWARD MANAGEMENT—REGISTRATION (DEVIATION) | NOV 2025 52.229-11 | TAX ON CERTAIN FOREIGN PROCUREMENTS—NOTICE AND REPRESENTATION | JUN 2020 852.233-70 | PRO…	batch-016.json
170	US-SAM:54738e204ebc4abcb668ce36494dcbde	6515--EVOLVE SCOPE CABINET AP: 36C252-26-AP-3608 PR: 578-26-4-1339-1503 PO:	VETERANS AFFAIRS, DEPARTMENT OF	2026-08-26T15:00:00+00:00			LOW		cified for receipt of offers is “late” and will not be considered unless it is received before award is made and the Contracting Officer determines that accepting the late offer would not unduly delay the acquisition. However, a late modification of an otherwise successful offer that makes its term…	t is received before award is made and the Contracting Officer determines that accepting the late offer would not unduly delay the acquisition. However, a late modification of an otherwise successful offer that makes its terms more favorable to the Government will be considered at any time it is re…	batch-016.json
171	US-SAM:3450db34792a48c08e9a9cd3177da533	Fire suppression system installation	AGRICULTURE, DEPARTMENT OF	2026-08-25T17:00:00+00:00			LOW		ed, and a separate written solicitation will not be issued. Solicitation number is issued as a Request for Quotations. Award will be made on Standard Form 1442. This solicitation incorporates clauses and provisions by reference. The full text of provisions and clauses may be accessed electronically…	52.236-17 Layout of Work (Jul 2025) 52.236-21 Specifications and Drawings for Construction (Jul 2025) Alternate I (Apr 1984) of 52.236-21 Alternate II (Apr 1984) of 52.236-21 52.242-14 Suspension of Work (Apr 1984) 52.248-3 Value Engineering (Oct 2025) Alternate I (Apr 1984) of 52.248-3 AGAR Clause…	batch-017.json
172	US-SAM:8b6498cd8e1f4b4c9244c4400a6fe7c9	6530--Surgical Lights for Operating Room	VETERANS AFFAIRS, DEPARTMENT OF	2026-08-26T17:00:00+00:00			LOW		OWNED SMALL BUSINESS PROGRAM EDWOSB 8(A) NAICS: SIZE STANDARD: 11. DELIVERY FOR FOB DESTINA- TION UNLESS BLOCK IS MARKED SEE SCHEDULE 12. DISCOUNT TERMS 13a. THIS CONTRACT IS A RATED ORDER UNDER DPAS (15 CFR 700) 13b. RATING 14. METHOD OF SOLICITATION RFQ IFB RFP 15. DELIVER TO CODE 16. ADMINISTERE…	received before award is made and the Contracting Officer determines that accepting the late offer would not unduly delay the acquisition. However, a late modification of an otherwise successful offer that makes its terms more favorable to the Government will be considered at any time it is receive…	batch-017.json
173	US-SAM:52066db8263743069496170007c11d39	6530--PROCUITY LE COMFORT GEL BEDS	VETERANS AFFAIRS, DEPARTMENT OF	2026-08-25T14:00:00+00:00			LOW		acceptance of the equipment. Delivery shall be completed within 120 calendar days after receipt of order unless otherwise approved by the Contracting Officer. The Contractor shall coordinate the delivery date and time with the designated VA Point of Contact prior to shipment. Delivery shall not be …	NG OFFICE ADDRESS | Department of Veterans Affairs Network Contracting Office 6 100 Emancipation Drive Hampton VA 23667 POINT OF CONTACT* | Contract Specialist Krisanne Dernago Krisanne.Dernago@va.gov | ADDRESS | Department of Veterans Affairs | VA Medical Center | 508 Fulton Street | | Durham NC P…	batch-017.json
174	US-SAM:4865e5ec154b4a8084d17594b0e161f4	Hamilton Safe Repairs	HOMELAND SECURITY, DEPARTMENT OF	2026-08-25T00:00:00+00:00			LOW		ate. Submittals shall be provided no later than 10 days from award. The performance period is mandatory. Offers submitted must be valid for a minimum of 30 calendar days. Offerors interested in a site visit prior to solicitation closing must notify the contracting officer and immediately to facilit…	done in accordance with federal, state, and local laws and regulations. The location or lay down area of materials will be available on base with location to be determined by COR and Facilities Engineer depending on size. The Contractor shall be responsible for protecting materials stockpiled again…	batch-017.json
175	US-SAM:c7d83c09eb3041ac91f8d353aa5a38cb	6525--Sonosite MT Ultrasound System	VETERANS AFFAIRS, DEPARTMENT OF	2026-08-19T19:00:00+00:00			LOW		accordance with VAAR Clause 852.232-72 Electronic Submission of Payment Requests. ACKNOWLEDGMENT OF AMENDMENTS: The offeror acknowledges receipt of amendments to the Solicitation numbered and dated as follows: B.2 PRICE/COST SCHEDULE ITEM INFORMATION B.3 DELIVERY SCHEDULE SECTION C - CONTRACT CLAUS…	t is received before award is made and the Contracting Officer determines that accepting the late offer would not unduly delay the acquisition. However, a late modification of an otherwise successful offer that makes its terms more favorable to the Government will be considered at any time it is re…	batch-017.json
176	US-SAM:73f6f703d42d4508833d05ae2810aac3	4310--VA-26-00071445/659-26-3-6048-0208 TEMP REQUEST MM1402-VACUUM PUMP	VETERANS AFFAIRS, DEPARTMENT OF	2026-08-21T15:00:00+00:00			LOW		[] c. Other [x] Upon Delivery and Acceptance 4. GOVERNMENT INVOICE ADDRESS: All Invoices from the contractor shall be submitted electronically in accordance with VAAR Clause 852.232-72 Electronic Submission of Payment Requests. VA Financial Service Center (FSC) Electronic Invoice Presentment and Pa…	SION OF PAYMENT REQUESTS | NOV 2018 852.242-71 | ADMINISTRATIVE CONTRACTING OFFICER | OCT 2020 852.246-71 | REJECTED GOODS | OCT 2018 52.222-3 | CONVICT LABOR (DEVIATION) | NOV 2025 FAR Number | Title | Date 52.204-7 | SYSTEM FOR AWARD MANAGEMENT—REGISTRATION (DEVIATION) | NOV 2025 52.225-18 | PLAC…	batch-017.json
177	US-SAM:0dc82ae453d747828f406a496d9dd386	Z--SANTA ELENA GUARDHOUSE LEAD PAINT REMEDIATION AT S	INTERIOR, DEPARTMENT OF THE	2026-08-24T17:00:00+00:00			LOW		Credentials APPENDIX II - PCS Data Sheet APPENDIX III - XRF Data APPENDIX IV - Site Location and Selective Photos APPENDIX V - Schematic Distribution of LBP Components ADY PADAN, PH.D 1 I. SUMMARY AES International was contracted to perform a lead -based paint (LBP) survey for a Casa Rosa Structure…	k Attachment 001 Lead Based Paint Survey Attachment 002 D - Packaging and Marking Payment and Postage Fees All postage and fees related to submitting information forms, reports, etc., to the Contracting Officer (CO), Contract Specialist (CS), or the Contracting Officer’s Representative (COR) shall …	batch-017.json
178	US-SAM:6a3a10f178b541fa8dba266201703ed3	Purchase NSN 5180013414030, TUBE FITTING TOOL KIT	GENERAL SERVICES ADMINISTRATION	2026-08-24T21:00:00+00:00			LOW		____________________________________Title________________________________ Phone: _________________________________ Fax: ____________________________________________________ Email: ______________________________________________________________________________________________ UEI Number: ____________…	is received before award is made and the Contracting Officer determines that accepting the late offer would not unduly delay the acquisition. However, a late modification of an otherwise successful offer that makes its terms more favorable to the Government will be considered at any time it is rece…	batch-017.json
179	US-SAM:6e1815b7cf7f4c18aa99e7014acc01f3	Emergency Intake Facility and Wrap Around Services for Unaccompanied Alien Children	HEALTH AND HUMAN SERVICES, DEPARTMENT OF	2026-08-19T16:00:00+00:00			LOW		t its permanent bed capacity. These EIF sites will allow ORR to accept referrals from the Department of Homeland Security (U.S. Border Patrol) more expeditiously and limit the time UAC spend in Border Patrol facility. The Contractor will follow ORR policy by abiding with all requests made by Depart…	o recruit and maintain a labor pool of individuals who have a current Public Trust Background Check completed by a federal agency. The use of teaming arrangements and partnerships with non-profit organizations, local organizations and businesses, social service organizations, and other entities wit…	batch-017.json
180	US-SAM:df337e0c2f8f4c50b7d833fa684cbe7a	N--REPLACE BOILER BURNERS	INTERIOR, DEPARTMENT OF THE	2026-08-24T23:00:00+00:00			LOW		SOLICITATION INFORMATION CALL: a. NAME b. TELEPHONE NUMBER (No collect calls) 8. OFFER DUE DATE/ LOCAL TIME 9. ISSUED BY 13b. RATING 14. METHOD OF SOLICITATION CODE 15. DELIVER TO 16. ADMINISTERED BY CODE 18a. PAYMENT WILL BE MADE BY CODE17a. CONTRACTOR/ OFFEROR CODE FACILITY CODE CODE TELEPHONE NU…	ss the modification in a timely manner. In the event of a discrepancy, the Contractor shall promptly notify and work with the Government to quickly resolve the discrepancy to all ow for closeout. CPARS: This contract is subject to Contractor performance assessment reporting. The Contractor shall en…	batch-017.json
181	US-SAM:afe8775691b94c8e98e02055d1ab0116	J--GWMP - BACKUP GENERATOR REPLACE/REPAIR	INTERIOR, DEPARTMENT OF THE	2026-08-24T16:00:00+00:00			LOW		===== FILE: files/B08_Attachment_1-Statement_of_Work.pdf ===== STATEMENT OF WORK (SOW) GWMP Emergency Generator Inspection, Testing, and Preventive Maintenance 1. Project Title GWMP Emergency Generator 2. Agency / Location George Washington Memorial Parkway (GWMP) 3. Objective A; The purpose of thi…	achment_2-Price_Schedule.xlsx ===== [SHEET Summary Sheet] GWMP Emergency Generator Price Schedule | | Project: | GWMP Emergency Generator Repair/Replacement, Inspection, Testing, and Preventive Maintenance | Park : | George Washington Memorial Park (GWMP) | Location: | Multiple locations, see SOW s…	batch-018.json
182	US-SAM:075fa3a121f9447980af734d442a8c1a	61--UNITROL 6800-Exciter HMI & Firmware Upgrade	INTERIOR, DEPARTMENT OF THE	2026-08-26T16:00:00+00:00			LOW		3 of 3 PRICE SCHEDULE Line Item No. Supplies/Services UNITROL 6800 - Exciter HMI & Firmware Upgrade Qty Unit Unit Price (U.S. Dollars) Amount (U.S. Dollars) 00010 TPC-1571 upgrade kit (To include the following): • New ECT Panel Model #TPC- 1551Tb • WIN OS Upgrade • ECT Power Supply (10 A) • M32 Mec…	certified tech shall be on-site while installing and setting up new Excitation Control Terminals along with performing functional testing a schedule for dates to be on-site shall be determined. The Certified tech shall be trained to meet Grand Coulee Lockout/Tagout procedures. This training is offe…	batch-018.json
183	US-SAM:f2af6992fa4744b8a432023aa15c0a2a	GIMC - Air Quality Testing	HEALTH AND HUMAN SERVICES, DEPARTMENT OF	2026-08-21T23:00:00+00:00			LOW		OW ISSUE DATE DELIVERY FOR FREE ON BOARD (FOB) DESTINATION UNLESS BLOCK IS MARKED 11. SEE SCHEDULEX 12. DISCOUNT TERMS THIS CONTRACT IS A RATED ORDER UNDER THE DEFENSE PRIORITIES AND ALLOCATIONS SYSTEM - DPAS (15 CFR 700) 13a. SERVICE-DISABLED VETERAN-OWNED SMALL BUSINESS (SDVOSB) HUBZONE SMALL BUS…	Y OWNED U.S.-FLAG COMMERCIAL VESSELS NOV 2025 (DEVIATION) ☐ 52.247-64 Alt I PREFERENCE FOR PRIVATELY OWNED U.S.-FLAG COMMERCIAL VESSELS, WITH ALTERNATE I APR 2003 ☐ 52.247-64 Alt II PREFERENCE FOR PRIVATELY OWNED U.S.-FLAG COMMERCIAL VESSELS, WITH ALTERNATE II NOV 2021 52.217-8 OPTION TO EXTEND SER…	batch-018.json
184	US-SAM:057d98c6192e4660a664ed25f54bf752	Z--AK-KENAI NWR-SKI HILL ROAD RESTORATION	INTERIOR, DEPARTMENT OF THE	2026-08-31T22:00:00+00:00			LOW		IMPORTANT - The "offer" section on the reverse must be fully completed by offeror. NOTE: In sealed bid solicitations "offer" and "offeror" mean "bid and "bidder". SOLICITATION 1. SOLICITATION NO. 5. REQUISITION/PURCHASE REQUEST NO. CODE 6. PROJECT NO. 8. ADDRESS OFFER TO 4. CONTRACT NO. 7. ISSUED B…	52.246-12 Inspection of Construction AUG 1996 (End of Section E) SECTION F – PROJECT DELIVERY F.1.0 PERIOD OF PERFORMANCE F.2.0 PROGRESS PLAN At the prework conference, the Contractor shall provide to the COR a written "work progress plan" that details its proposed work force and schedule to provid…	batch-018.json
185	US-SAM:a0f4165a7f334a9fa16f988e5733817c	DSS Infusion Therapy Manager IDIQ	VETERANS AFFAIRS, DEPARTMENT OF	2026-08-19T14:00:00+00:00			LOW		RED. 1. On the combined synopsis document it references to see the delivery schedule locations in Section B8 of the solicitation, however, no locations are listed. a. Will V A provide this list? Government Response: Delivery locations will be identified in each specific Task Order. As per Product D…	dical Centers. The clinical complexity of infusion therapy workflows, spanning chemotherapy protocols, drug ordering, nursing administration, and oncology coordination demands more than technical deployment. It requires a dedicated clinical resource who can assess site -specific workflows, identify…	batch-018.json
186	TED:566991-2026	Germany – Firefighting vehicles – Beschaffung eines Wechselladerfahrzeuges	Stadtverwaltung Gotha	2026-09-23T10:00:00+02:00			LOW		s 25 May 2018 Verlag Schawe GmbH Buchforststr. 1-15 Tel. +49 (0) 221/9 85 78-0 Fax +49 (0) 221/9 85 78-66 info@subreport.de www.subreport.de Cologne Local Court HRB 19319 Managing directors Edda Peters, Christiane Schäffer A company of subreport Holding GmbH sub report (2) The provisions of these G…	upplemented with regard to individual services by sections B. to F. of these GTC and the supplementary General Terms and Conditions for the subreport ELViS electronic tender information system. Page 2 of the General Terms and Conditions of Business Status 25 May 2018 Verlag Schawe GmbH Buchforststr…	batch-018.json
187	TED:569270-2026	Germany – Installation of fitted kitchens – Greutschule Neubau Ganztagesbetreuung: küchentechnische Einrichtung	Stadtverwaltung Aalen - Hochbauamt	2026-10-06T10:00:00+02:00			LOW		s 25 May 2018 Verlag Schawe GmbH Buchforststr. 1-15 Tel. +49 (0) 221/9 85 78-0 Fax +49 (0) 221/9 85 78-66 info@subreport.de www.subreport.de Cologne Local Court HRB 19319 Managing directors Edda Peters, Christiane Schäffer A company of subreport Holding GmbH sub report (2) The provisions of these G…	upplemented with regard to individual services by sections B. to F. of these GTC and the supplementary General Terms and Conditions for the subreport ELViS electronic tender information system. Page 2 of the General Terms and Conditions of Business Status 25 May 2018 Verlag Schawe GmbH Buchforststr…	batch-018.json
188	TED:566333-2026	Germany – Screed works – Estricharbeiten - Neubau Kita und Bürogebäude Melaten	RWTH Aachen University	2026-09-03T23:59:59+02:00			LOW		clpadfb3 \clpadl20 \clpadfl3 \clpadr20 \clpadfr3 \clbrdrt \clbrdrb \clbrdrr \trql \clvertalt \cellx9595 \intbl {\b1 \cf1 \fi0 \f0 \ri0 \i0 \ql \fs20 \li0 {\b1 \cf1 \f0 \i0 \fs20 {\b1 \cf1 \f0 \ul0 \strike0 \i0 \fs20 \sa0 \sb0 1 \cell } } }\b1 \cf1 \fi0 \f0 \strike0 \i0 \fs20 \sa0 \sb0 \ri0 \ul0 \ql…	ir eine qualifizierte Unbedenklichkeitsbescheinigung der Berufsgenossenschaft des zuständigen Versicherungsträgers mit Angabe der Lohnsummen bei. | Zur Bestätigung meiner/unserer Angaben fügen wir eine qualifizierte Unbedenklichkeitsbescheinigung der Berufsgenossenschaft des zuständigen Versicherun…	batch-018.json
189	TED:569221-2026	Germany – Plumbing and sanitary works – Sanitär Röntgen-Gymnasium Remscheid	Stadt Remscheid, Fachdienst Recht und Vergabe, Abteilung Zentrale Vergabestelle	2026-09-07T23:59:59+02:00			LOW		einem/unserem Teilnahmeantrag eine Referenzliste bei. | Ich/Wir erkläre(n), dass ich/wir in den letzten fünf Kalenderjahren bzw. dem in der Auftragsbekanntmachung angegebenen Zeitraum vergleichbare Leistungen ausgeführt habe/haben. Bei einem Teilnahmewettbewerb füge(n) ich/wir meinem/unserem Teilna…	n barrierefrei B 500 + 2 x 365mm | | | 01.03.57 | Selbstschlussarmatur elektronisch DN15 Messing | | | 01.03.58 | Elektro-Durchflusswassererwärmer 6,5kW G 1/2 | | | 01.03.59 | Stützklappgriff Waschbecken Kunststoff Stahlkern Ausladung 600 mm | | | 01.03.63 | Ausgussbecken emailliert B 500-550mm T 3…	batch-018.json
190	TED:566554-2026	Germany – Engineering services – Ersatzneubau Kombibad Saarburg, Los 2 - Tragwerksplanung	Verbandsgemeinde Saarburg-Kell	2026-08-31T10:00:00+02:00			LOW		den ausführenden Unternehmern und den sonstigen an der Überwachung fachlich Beteiligten (Fachbauleiter etc.) zu erteilen. 3.2 Der AN ist grundsätzlich nicht bevollmächtigt, den AG rechtsgeschäftlich zu vertreten. Die Weisungsbefugnis des AN gegenüber anderen am Bauvorhaben Beteiligten beschränkt si…	im Umfang von mehr als 50%, | | c) | durch das Handeln der Bewerber/Bieter im Namen oder auf Anweisung von Personen oder Unternehmen, auf die die Kriterien der Buchstaben a und/oder b zutrifft. | 2. | Die am Auftrag als Unterauftragnehmer, Lieferanten oder Unternehmen, deren Kapazitäten im Zusammen…	batch-018.json
191	TED:567580-2026	Germany – Refuse skips – Lieferung von Zwei- und Vierradbehältern	AWIGO Abfallwirtschaft Landkreis Osnabrück GmbH	2026-08-28T12:00:00+02:00			LOW		künfte in angemessenem Umfang zu erteilen. (3) Betriebs - und Geschäftsgeheimnisse des Auftragnehmers sind hierbei angemessen zu schützen. § 5 Folgen von Pflichtverletzungen (1) Verletzt der Auftragnehmer die Verpflichtungen aus dieser Anlage schuldhaft und trotz Aufforderung weiterhin, kann der Au…	===== FILE: files/Anlage_2010_Anforderungen_20an_20die_20Lieferketttenresilienz_20und_20Versorgungssicherheit.pdf ===== Anlage 11 Anforderungen an Lieferkettenresilienz und Versorgungssicherheit § 1 Zweck der Anlage Diese Anlage konkretisiert die Anforderungen an die Aufrechterhaltung der Lieferfäh…	batch-019.json
192	TED:552625-2026	Lithuania – Special-purpose motor vehicles – IP_Šaligatvių valymo vakuuminė mašina	UAB "Kauno švara"	2026-09-14T10:00:00+03:00			LOW		Ekonominės veiklos vykdytojai oficialiai sutinka perkančiąjai organizacijai ar perkančiajam subjektui, nurodytam I dalyje, leisti susipažinti su dokumentais, kuriais patvirtinama informacija, pateikta šio Europos bendrojo viešųjų pirkimų dokumento III ir IV dalyse, kiek tai susiję su pirkimu, nurod…	uoto dalyvio prašymo pateikti laimėjusį pasiūlymą pateikimo perkančiajai organizacijai dienos iki tol, kol suinteresuotam dalyviui bus pateiktas minėtas pasiūlymas. Jeigu laimėjusio dalyvio pasiūlymas pateikiamas tą pačią dieną, kai buvo paprašyta, VPĮ 102 straipsnio 1 dalyje nustatytas terminas ir…	batch-019.json
193	TED:569626-2026	Poland – Backup or recovery software package – Dostawa sprzętu oraz licencji do przechowywania kopii zapasowych wraz z przedłużeniem wsparcia, gwarancji i licencji do systemu kopii zapasowych – 10.2026.ZAM	Centrum Unijnych Projektów Transportowych	2026-08-25T09:00:00+02:00	2731755.96	PLN	LOW		ż fizycznie zajmują na macierzy. Dane fizycznie alokowane są dopiero w momencie zapisu. Compression - Kompresja danych wykonywana w locie lub post - process, w zależności od implementacji. Macierz zapisuje dane w postaci bardziej zwartej, redukując faktyczne zużycie dysków. Deduplication - Usuwanie…	dokumentów potwierdzających informacje, które zostały przedstawione w części III i IV niniejszego jednolitego europejskiego dokumentu zamówienia na potrzeby postępowanie o udzielenie zamówienia określonego w części I. Data, miejscowość oraz – jeżeli jest to wymagane lub konieczne – podpis(-y): data…	batch-019.json
194	US-SAM:4e850278218043d8bb68bdc1eee3b65d	FMC Rochester FY27 1st Qtr Subsistence	JUSTICE, DEPARTMENT OF	2026-08-27T22:00:00+00:00			LOW		E (RFQ) INVITATION FOR BID (IFB) REQUEST FOR PROPOSAL (RFP) 14. METHOD OF SOLICITATION CODE15. DELIVER TO CODE 15B41216. ADMINISTERED BY Federal Bureau of Prisons FMC Rochester 2110 EAST CENTER STREET Rochester, MN 55904 FACILITY CODE CODE TELEPHONE NUMBER 17a. CONTRACTOR/ OFFEROR 15B412CODE18a. PA…	ired to be on the invoice, in order for the invoice to be a proper invoice, the Contractor shall have submitted correct EFT banking information in accordance with the applicable solicitation provision, contract clause (e.g., 52.232-33, Payment by Electronic Funds Transfer--System for Award Manageme…	batch-019.json
195	EE-RHR:e96c0aa9-9562-4cf8-8c33-893f715ed3a5	EMSUKA ja murrete tööriistade raamhange	Riigi Tugiteenuste Keskus	2026-09-14T08:00:00+00:00	200000.0	EUR	LOW		===== FILE: files/files_unpacked/310813_ESPD_v2.0_laiendatud.xml ===== <?xml version="1.0" encoding="UTF-8"?> <QualificationApplicationRequest xmlns:ext="urn:oasis:names:specification:ubl:schema:xsd:CommonExtensionComponents-2" xmlns="urn:oasis:names:specification:ubl:schema:xsd:QualificationApplic…	===== FILE: files/files_unpacked/310813_ESPD_v2.0_laiendatud.xml ===== <?xml version="1.0" encoding="UTF-8"?> <QualificationApplicationRequest xmlns:ext="urn:oasis:names:specification:ubl:schema:xsd:CommonExtensionComponents-2" xmlns="urn:oasis:names:specification:ubl:schema:xsd:QualificationApplic…	batch-019.json
196	PL-BZP:08defcfd-f5bb-fb31-962b-12000115c5c8	Odnowa Nawierzchni DW 272 na odc. Belno - Sulnowo od km 7+155 do km 9+355 dł. 2,200 km	Województwo Kujawsko - Pomorskie, Pl. Teatralny 2, 87-100 Toruń	2026-09-02T07:45:00+00:00			LOW			to | | Lp. | Nazwa (rodzaj) usługi/dostawy, której świadczenie będzie prowadzić do powstania u Zamawiającego obowiązku podatkowego | Wartość netto (bez kwoty podatku) | | | | | | | | | | | | | | (Formularz oferty należy opatrzyć podpisem kwalifikowanym lub podpisem zaufanym albo podpisem osobistym …	batch-019.json
197	US-SAM:65b71c66612f4b0e815dbba65205d9ce	Digital Trace Oxygen Analyzer	DEPT OF DEFENSE	2026-08-20T17:00:00+00:00			LOW		, Contract Specialist; henry.agee@us.af.mil Contact Point(s): Jennifer Blackford, Contracting Officer; jennifer.blackford@us.af.mil Description: This is a combined synopsis/solicitation for commercial products or commercial services prepared in accordance with RFO Part 12. This announcement constit…	ect line is not included, the e-mail may not get through the e-mail filters. • Be advised that .zip or .exe files are not allowable attachments and may be deleted by the email filters at Wright-Patterson. If sending attachments with email, ensure only .pdf, .doc, .docx, .xls or .xlsx documents are …	batch-019.json
198	US-SAM:d18e193aa97747eeabbd316cd9bd4501	Corneal Analyzer OPD-Scan III Wavefront Aberrometer	VETERANS AFFAIRS, DEPARTMENT OF	2026-09-20T14:00:00+00:00			LOW		===== FILE: files/SOW_Marco.docx ===== General Conditions and Statement of Work Introduction The San Francisco VA Health Care System has a requirement to purchase Marco OPD-San III Visual System. This requirement is in support of a brand name or equal requirement. See VAAR Clause 852.211-73 – Brand…	ynamic skiascopy) Mapping Methods: OPD, Internal OPD, Zernike graph, PSF, MTF graph, Visual Acuity Corneal Topography Measurement Rings: 33 vertical, 39 horizontal Measurement Area: 0.5 to 11.0 mm (r = 7.9) Dioptric Range: 33.75 to 67.5 D Axis Range: 0 to 359˚ Data Points: More than 11,880 c. | Del…	batch-019.json
199	US-SAM:0a82e895d6e049c99c9f5fc336b80f8c	2B MPDE GVNR; repair	DEPT OF DEFENSE	2026-09-01T01:00:00+00:00			LOW		===== FILE: files/38KFA23320_00_A01.pdf ===== Ship/HULL NO. Ship/HULL NAME i ICN: ! Rev: Key Op: LPD-18 USS NEW ORLEANS JON: 38KFA23320 A01 TITLE: 2B MPDE GVNR; repair JOB SPECIFICATION Anticipated Award Date Production Completion Date: PREPARING ACTIVITY: or I I c.f j)..(J~ !'2 -/ 2- 7 I 'µ) J..i,…	Y - 9900-526 - PGA-EG-58 - Approx. 140 LBS - FIG.7-123 of 2.2 - 70A030006 2.1 Standard Items (FY26) 2.2 S9233-DL-MMM-020 Rev 7, Main Propulsion Diesel Engine Model 16PC2.5V STC 3. REQUIREMENTS: 3.1 Pick up each GVNR listed in 1.3.1 from SHIPSUPT. 3.2 Disassemble and assemble each GVNR listed in 1.3…	batch-019.json
200	TED:567356-2026	Germany – Transport services (excl. Waste transport) – Beschaffung von Fahrdienstleistungen zur Schülerbeförderung Heilpädagogische Tagesstätten (HPT) Ebersberg (Los 1) und Markt Schwaben (Los 2)	Landkreis Ebersberg	2026-09-16T10:00:00+02:00			LOW		===== FILE: files/Alle_20Vergabeunterlagen_20AV279AEC-EU_unpacked/Automatisierte Nachträge/FristAenderung_26_08_14_09_11_17.pdf ===== [PDF_EXTRACTION_ERROR DependencyError('cryptography>=3.1 is required for AES algorithm')] ===== FILE: files/Alle_20Vergabeunterlagen_20AV279AEC-EU_unpacked/Nachträge…	t zur Schülerbeförderung – Heilpädagogische Tagesstätten (HPT) Ebersberg. 1. Gegenstand der Leistung Gegenstand dieser Ausschreibung ist die Durchführung der Beförderung von berechtigten Kindern/Jugendlichen zu und von den Heilpädagogischen Tagesstätten (HPT) im Landkreis. Die Beförderung erfolgt a…	batch-019.json
201	TED:570848-2026	Denmark – Research and development services and related consultancy services – EEA/CCE/TC/26/010 - Topic Centre on Climate Risk and Resilience: Knowledge Development	European Environment Agency (EEA)	2026-09-09T23:59:59+02:00	1900000.0	EUR	LOW		.................................................................... 42 II.24. Checks and audits ............................................................................................................ 43 ANNEX III ................................................................................…	no later than 6 (six) months after the expiry or termination of the FWC. At the end of this period, all remaining specific contracts are automatically terminated. I.3.5 The suspension of the implementation of the FWC or a specific contract due to force majeure as provided for in Article II.17 will …	batch-020.json
202	US-SAM:1074b20df5be4ba687c763c5d87d780d	Crane Services with Operator IDIQ	TRANSPORTATION, DEPARTMENT OF	2026-08-24T19:00:00+00:00			LOW		NE (NO COLLECT CALLS) AREA CODE NUMBER EXT. C. E-MAIL ADDRESS 10. TABLE OF CONTENTS (X) DESCRIPTION PAGE(S) (X) SEC. PAGE(S)DESCRIPTION A B C D E F G H I J K L M EVALUATION FACTORS FOR AWARD INSTR., CONDS., AND NOTICES TO OFFERORS REPRESENTATIONS, CERTIFICATIONS AND OTHER STATEMENTS OF OFFERORS PAR…	d to make any deliveries under this contract after delivery date required by order(s) placed within the ordering period. (End of clause) 3.2.4-35 OPTION TO EXTEND THE TERM OF THE CONTRACT (JUL 2021) (a) The Government may extend the term of this contract by written notice (contract modification) to…	batch-020.json
203	US-SAM:bc422fefbc154668be42dab203fd97e9	Los Pinos DxP IRSC - Pagosa Ranger District, San Juan National Forest	AGRICULTURE, DEPARTMENT OF	2026-08-20T20:00:00+00:00			LOW		1400 INDEPENDENCE AVE SW 9. ISSUED BY 7. 2. CONTRACT NO. EFFECTIVE DATE 500 18b. SUBMIT INVOICES TO ADDRESS SHOWN IN BLOCK 18a UNLESS BLOCK BELOW ISSUE DATE DELIVERY FOR FREE ON BOARD (FOB) DESTINATION UNLESS BLOCK IS MARKED 11. SEE SCHEDULEX 12. DISCOUNT TERMS THIS CONTRACT IS A RATED ORDER UNDER …	nal line-item increases may be funded with either (a) appropriated dollars or (b) non-monetary credit as agreed between the parties. The following clauses and provisions apply to road reconstruction requirements only. 51. AGAR 452.211-73 VARIATION IN ESTIMATED QUANTIITY (SEP 2025) If the actual qua…	batch-020.json
204	US-SAM:4cfaa589a85c451daafd3431cb545e74	Installation of Instron Machine	DEPT OF DEFENSE	2026-08-19T20:00:00+00:00			LOW		ction of Existing Vegetation, Structures, Equipment, Utilities, and Improvements 52.236-10 Operations and Storage Areas 52.236-12 Cleaning Up 52.240-90 Security Prohibitions and Exclusions Representations and Certifications. (Deviation 2026-O0038) 52.240-91 Security Prohibitions and Exclusions. (De…	ss it is received before award is made and the Contracting Officer determines that accepting the late offer would not unduly delay the acquisition. However, a late modification of an otherwise successful offer that makes its terms more favorable to the Government will be considered at any time it i…	batch-020.json
205	US-SAM:5f9bf707448c4f048ed86aa98891718f	National Museum of the United States Air Force (NMUSAF) Artwork Packaging, Transportation, and Delivery	DEPT OF DEFENSE	2026-08-21T18:00:00+00:00			LOW		SEE SCHEDULE 12. DISCOUNT TERMS 13a.THIS CONTRACT IS A RATED ORDER UNDER THE DEFENSE PRIORITIES AND ALLOCATIONS SYSTEM-DPAS (15 CFR 700) 13b. RATING 14. METHOD OF SOLICITATION REQUEST FOR QUOTE (RFQ) INVITATION FOR BID (IFB) REQUEST FOR PROPOSAL (RFP) 15. DELIVER TO CODE: See Schedule 16. ADMINISTE…	l Institute of Standards and Technology Special Publication 800-115 (32 CFR 170.21). (b) Framework. The Cybersecurity Maturity Model Certiﬁcation (CMMC) is a framework for assessing a contractor's compliance with applicable information security protections (see 32 CFR part 170). (c) Duplication. Th…	batch-020.json
206	US-SAM:02838d3d26b541f0b099b34aa97bdc16	Morgantown Field Office (MFO) Insect Taxonomy Support	AGRICULTURE, DEPARTMENT OF	2026-08-31T09:00:00+00:00			LOW		D OR 97204-2829 STE 310 1220 SW 3RD AVE 9. ISSUED BY 7. 2. CONTRACT NO. EFFECTIVE DATE $11.5 18b. SUBMIT INVOICES T O ADDRESS SHOWN IN BLOCK 18a UNLESS BLOCK BELOW ISSUE DATE DELIVERY FOR FREE ON BOARD (FOB) DESTINATION UNLESS BLOCK IS MARKED 11. SEE SCHEDULEX 12. DISCOUNT TERMS THIS CONTRACT IS A …	L REPRODUCTION PREVIOUS EDITION IS NOT USABLE 30b. NAME AND TITLE OF SIGNER (Type or print) 30a. SIGNATURE OF OFFEROR/CONTRACTOR 28. CONTRACTOR IS REQUIRED T O SIGN THIS DOCUMENT AND RETURN 25. ACCOUNTING AND APPROPRIA TION DATA 29. AWARD OF CONTRACT: REFERENCE Vendor Name:_________________________…	batch-020.json
207	US-SAM:e162daea769245749ed75ae90ab389a9	Bi-Directional Amplifier (BDA) System Upgrade and Monthly Scheduled Preventative Maintenance, Repair, Calibration and Remedial Service	DEPT OF DEFENSE	2026-09-07T21:00:00+00:00			LOW		investigation results, reasons for a response, remedial actions taken and preventative actions to prevent a recurrence. Contractors must not enter into any agreement with a regulatory agency without notifying and obtaining concurrence from the Navy. Contractors must reimburse the Navy for any monet…	tment of Health, Chapter 501, Asbestos Requirements and Chapter 504, Asbestos Abatement Certification Program. Provide copies of contractor Hawaii State certifications to the PHNSY&IMF Code 1214. Attachment (5) 7 (c) The contractor must comply with storage, labeling, handling and disposal requireme…	batch-020.json
208	US-SAM:b0612d08cb864f8281b00d5bce2377f2	B--Senior C++ programmer to modify the COMPASS model	COMMERCE, DEPARTMENT OF	2026-08-21T19:00:00+00:00			LOW		===== FILE: files/Attachment_01_-_Statement_of_Work_08_06_2026.pdf ===== Statement of Work Requisition 143041-26-0066 The NWFSC Fish Ecology (FE) Division requires the skills of an experienced C++ Programmer that has applied ecological knowledge to work on the Comprehensive Passage (COMPASS) model.…	model scenario- year. A Monte Carlo process running tens of thousands of scenario-years (the most intensive type of run we do) can take 24-48 hours. Memory footprint is ~200 MB total virtual usage. All current acceptance tests for the COMPASS model are based on parity – i.e., evaluating whether the…	batch-020.json
209	TED:557790-2026	Germany – Public road transport services – Busverkehrsleistungen auf der VGN-Linie - Linienbündel 1a (63/64)	Landkreis Fürth	2026-08-25T10:00:00+02:00	-1.0	EUR	LOW		nicht. Frage2: Die Haltestelleneinrichtung soll übernommen werden und dann nach Vertragsende kostenfrei dem Landratsamt überlassen werden. Gibt es eine vertragliche Regelung mit dem aktuellen Betreiber, ob diese abgekauft werden können oder muss der Neubetreiber komplett alle Haltestellen neu aufba…	nterlagen/Anlage_11_Qualitätsmerkmale der Fahrzeuge.pdf ===== Anlage 11: Liste der vorgesehenen Fahrzeuge mit den Qualitätsanforderungen Bei mehr eingesetzten Fahrzeugen ist das Formblatt zu vervielfältigen und die Zahl der Fahrzeuge anzupassen Hersteller, Fabrikat, Typbezeichnung Datum der Erstzul…	batch-020.json
210	US-SAM:82905f75f8284524a0f44ed58ca6b4f9	Amend 05 ACB Inmate Call Monitoring W91QF4-26-Q-A021	DEPT OF DEFENSE	2026-08-26T19:00:00+00:00			LOW	transcription,training-course	NUMBER 10B. DATED (SEE ITEM 13) CODE FACILITY CODE SF 30 BLOCK 14 CONTINUATION PAGE SUMMARY OF CHANGES Solicitation/Contract Form Continuation The following changes have been made: INFORMATION FROM TO Response Due Date 14 Jul 2026 30 Jun 2026 Miscellaneous text in this section has been added to: Lo…	Technology Special Publication 800-115 (32 CFR 170.21). (b) . The Cybersecurity Maturity Model Certification (CMMC) is a framework for Framework assessing a contractor's compliance with applicable information security protections (see 32 CFR part 170). (c) . The CMMC assessments will not duplicate …	batch-020.json
211	US-SAM:9a2cba113d944326a0d2c8b81fb66016	Propane for Jeehdeez'a Elementary School	INTERIOR, DEPARTMENT OF THE	2026-08-24T22:00:00+00:00			LOW		SOLICITATION INFORMATION CALL: a. NAME b. TELEPHONE NUMBER (No collect calls) 8. OFFER DUE DATE/ LOCAL TIME 9. ISSUED BY 13b. RATING 14. METHOD OF SOLICITATION CODE 15. DELIVER TO 16. ADMINISTERED BY CODE 18a. PAYMENT WILL BE MADE BY CODE17a. CONTRACTOR/ OFFEROR CODE FACILITY CODE CODE TELEPHONE NU…	accordance with paragraph (d) of FAR clause 52.247-64. (2) While not required, the Contractor may include in its subcontracts for commercial products and commercial services a minimal number of additional clauses necessary to satisfy its contractual obligations. (End of clause) 52.217-8 Option to E…	batch-021.json
212	TED:569116-2026	Germany – Rechargers – Los 3: KFZ-Ladestationen DC 300 kW	ENTEGA Plus GmbH	2026-09-14T09:00:00+02:00			LOW		s 25 May 2018 Verlag Schawe GmbH Buchforststr. 1-15 Tel. +49 (0) 221/9 85 78-0 Fax +49 (0) 221/9 85 78-66 info@subreport.de www.subreport.de Cologne Local Court HRB 19319 Managing directors Edda Peters, Christiane Schäffer A company of subreport Holding GmbH sub report (2) The provisions of these G…	upplemented with regard to individual services by sections B. to F. of these GTC and the supplementary General Terms and Conditions for the subreport ELViS electronic tender information system. Page 2 of the General Terms and Conditions of Business Status 25 May 2018 Verlag Schawe GmbH Buchforststr…	batch-021.json
213	US-SAM:84a4a794d5c747c49145356a31ac1c28	Typhoon Green Waste and Natural Debris Collection and Disposal	DEPT OF DEFENSE	2026-08-24T02:00:00+00:00			LOW		................. 3 3 GENERAL INFORMATION ................................................................................................... 4 3.1 CONTRACTOR PERSONNEL ........................................................................................ 4 3.2 GOVERNMENT PERSONNEL ..............…	as if the order were completed during the contract's ordering period; provided, that the Contractor shall not be required to make any deliveries under this contract after 31 August 2031[insert date]. (End of clause) FA527026QB0260001 Page 10 of 21 52.217-8 Option to Extend Services. (Nov 1999) Opti…	batch-021.json
214	US-SAM:9f3a3f6aa84c41a98d9ee1a633d80838	Dehumidification Carts for Multiple USCG Airframes	HOMELAND SECURITY, DEPARTMENT OF	2026-08-26T18:00:00+00:00			LOW		offers is “late” and will not be considered unless it is received before award is made and the Contracting Officer determines that accepting the late offer would not unduly delay the acquisition. However, a late modification of an otherwise successful offer that makes its terms more favorable to th…	Check under "Origin or Destination" | | | | Origin | Destination | | | * All units will be shipped to the Aviation Logistics Center * Shipping Address: 1664 Weeksville Rd, Bldg 63 Elizabeth City, NC 27909 * Delivery after receipt of order (ARO): 90 Days | | | | | | | | ===== FILE: files/Attachment_…	batch-021.json
215	US-SAM:c798f4e851204c99ac77af6b21136574	Amendment 2 - Questions, Answers and Boiler Info Attachment - Parker Indian Health Center Boiler Repair Services	HEALTH AND HUMAN SERVICES, DEPARTMENT OF	2026-08-25T20:00:00+00:00			LOW		is being conducted under 238220 – Plumbing, Heating, and Air-Conditioning Contractors. The anticipated contract type is a Firm-Fixed-Price (FFP) contract consisting of a one-year base period and four (4) one-year option periods. Award will be made using the Best Value Tradeoﬀ process to the respons…	mine that a quote is unacceptable if the option prices are significantly unbalanced. Evaluation of options shall not obligate the Government to exercise the option(s). RFQ IHS1528998 PIHC Boiler Repair Services Clauses, Provisions, Additional Terms and Conditions 13 52.217-8 -- Option to Extend Ser…	batch-021.json
216	US-SAM:72bc36222dd840cfbc63a781c0511d11	FY26 OTS Rappel Tower Demolition Service	DEPT OF DEFENSE	2026-08-24T21:00:00+00:00			LOW		===== FILE: files/Attachment_2_-_Provisions_and_Clauses.pdf ===== Page 1 of 8 DOCUMENT NUMBER F2X3C56147AC01 CLAUSES INCORPORATED BY REFERENCE CLAUSE NO ALT NO/ DEV NO CLAUSE TITLE YEAR- MO SECTION 252.203-7000 Requirements Relating to Compensation of Former DoD Officials. 2011-09 SEC I 252.203-700…	ance with the SOW (Attachment 1), security requirements, and ability to perform unclassified demolition services. Price: Total delivery price for the Period of Performance, including any travel, shipping, handling, and disposal costs. ATTACHMENTS (2): Attachment 1 – SOW – Rappel Tower Attachment 2 …	batch-021.json
217	TED:567621-2026	Germany – Natural gas – Erdgasausschreibung (Stadt Wassenberg)	KWL mbH	2026-09-17T11:00:00+02:00			LOW		: Donnerstag, den 17.09.2026, 11:00 Uhr E-Vergabe: Vergabeplattform BI-Medien Zuschlagsfrist endet am: Freitag, den 09.10.2026 Freitag, 14. August 2026 Aufforderung zur Abgabe eines Angebotes mit Checkliste für die Angebotsabgabe zur Lieferung von: Erdgas für die Stadt Wassenberg in Nordrhein-Westf…	bs. 1 VgV i. V. m. § 126b BGB sowie die Sicherheitsmaßnahmen der Vergabeplattform sichern die Rechtsverbindlichkeit der übermittelten Dokumente. Mit dem Hochladen des Angebots und seiner Anlagen (wie Preisblätter, Bietererklärungen und sonstige Erklärungen) erklärt der Bieter verbindlich, dass sämt…	batch-021.json
218	TED:567570-2026	Germany – Electrotechnical equipment – KWK-138 DT-Anlage MVA Weisweiler - Los 410 Hauptleittechnik	MVA Weisweiler GmbH & Co. KG	2026-09-03T23:59:00+02:00			LOW		s 25 May 2018 Verlag Schawe GmbH Buchforststr. 1-15 Tel. +49 (0) 221/9 85 78-0 Fax +49 (0) 221/9 85 78-66 info@subreport.de www.subreport.de Cologne Local Court HRB 19319 Managing directors Edda Peters, Christiane Schäffer A company of subreport Holding GmbH sub report (2) The provisions of these G…	upplemented with regard to individual services by sections B. to F. of these GTC and the supplementary General Terms and Conditions for the subreport ELViS electronic tender information system. Page 2 of the General Terms and Conditions of Business Status 25 May 2018 Verlag Schawe GmbH Buchforststr…	batch-021.json
219	TED:567166-2026	Germany – Vehicle towing-away services – Rahmenvereinbarungen zu Abschleppleistungen und Sicherstel-lungen von Fahrzeugen für die Kreispolizeibehörde Unna	Kreispolizeibehörde Unna	2026-09-02T23:59:59+02:00			LOW		fähigkeit die Kapazitäten eines anderen Unternehmens (Eignungsleihe nach § 47 VgV) in Anspruch zu nehmen, sind diese Unternehmen zusammen mit den jeweils erfüllten Eignungsanforderungen zu benennen. Der Zuschlag wird auf das wirtschaftlichste Angebot erteilt. Die Zuschlagskriterien ergeben sich aus…	e Ihre Anfrage vom Vergabenummer Telefon Datum 2026-007 0 23 03 - 921 0 14.08.2026 Rahmenvereinbarungen zu Abschleppleistungen und Sicherstel-lungen von Fahrzeugen für die Kreispolizeibehörde Unna Aufforderung zur Abgabe eines Angebotes Sehr geehrte Damen und Herren, es ist beabsichtigt, die in der…	batch-021.json
220	US-SAM:452cf0b08a0c434e8e925462ea9cdfa7	7H20--VERTEX 25EI AUTOMATIC CD BURNER - PACS SYSTEM "BRAND NAME ONLY". OEM LETTER FROM THE MANUFACTURER IS REQUIRED. IF NO OEM LETTER VENDOR WILL BE CONSIDERED NON-RESPONSIVE.	VETERANS AFFAIRS, DEPARTMENT OF	2026-08-21T19:00:00+00:00			LOW		ors must be verified in the SBA Small Business Search Database: https://search.certifications.sba.gov/, at the time of receipt of quotes and at the time of award. The Department of Veterans Affairs, Network Contracting Office 5, Baltimore VA Medical Center, 10 North Greene Street, Baltimore MD 2120…	RIPTION | AGENCY CONTACT’S EMAIL ADDRESS | EMAIL DESCRIPTION | Document Type: | Combined Solicitation/Synopsis Solicitation Number: | 36C24526Q0781 Posted Date: | Monday, August 17, 2026 Response Date: | Friday, August 21, 2026 Product or Service Code: | 7H20 Set Aside: | Total Small Business Set-A…	batch-021.json
221	US-SAM:70555840253843769584d3b0c29b06e7	ISBEE/IEE Set Aside Compute Servers and Network Switches	HEALTH AND HUMAN SERVICES, DEPARTMENT OF	2026-09-04T19:00:00+00:00			LOW		e with part 12. This announcement constitutes the only solicitation. Offers are being requested and a separate written solicitation will not be issued. Solicitation number 75H70926BAO-069-RFQ is issued as a request for quotation (RFQ) for Billings Area Server Refresh. This acquisition is set-aside …	feit Electronic Parts are defined as unlawful or unauthorized reproduction, substitution, or alteration that has been knowingly mismarked, misidentified, or otherwise misrepresented to be an authentic, unmodified electronic part from the original manufacturer, or a source with the express written a…	batch-022.json
222	ZA_ETENDERS_OCDS:ocds-9t57fa-165785-2026-08-17	H004L2708RFQ00131	Border Management Authority	2026-08-19T11:00:00+00:00		ZAR	LOW		===== FILE: files/FINAL BMA QUOTE PACK AUG 2026 - RFQ00131.pdf ===== DESCRIPTION: PROVISIONING OF INTERNET SERVICES FOR APP SYSTEM RFQ NUMBER: H004L2708RFQ00131 Supply Chain Management Quotation Pack Invitation to Quote Standardized August 2026 Page 1 PART A INVITATION TO BID YOU ARE HEREBY INVITED…	reserves the right to require of a tenderer, either before a tender is adjudicated or at any time subsequently, to substantiate any claim in regard to preferences, in any manner required by the organ of state. 2. DEFINITIONS (a) “tender” means a written offer in the form determined by an organ of s…	batch-022.json
223	ZA_ETENDERS_OCDS:ocds-9t57fa-165356-2026-08-12	KZNGFA-RFQ 2026 -10	KZN Growth Fund Trust	2026-08-25T12:00:00+00:00		ZAR	LOW		network point Reception 3rd floor 1 150m HR Dept. 4th floor 1 Office of the CEO 4th floor 1 Projects & Investment Dept. 3rd floor 2 Risk & Compliance Dept. 3rd floor 4 Below is an illustration of the two (2) stainless-steel data poles fitted directly on the reception desk. Only one (1) of the data …	ves the right to require of a tenderer, either before a tender is adjudicated or at any time subsequently, to substantiate any claim in regard to preferences, in any manner required by the organ of state. 13 2. DEFINITIONS (a) “tender” means a written offer in the form determined by an organ of sta…	batch-022.json
224	ZA_ETENDERS_OCDS:ocds-9t57fa-165724-2026-08-14	RFQ/SAEON/GRASSLAND/TUBES/123/2026	National Research Foundation	2026-08-19T11:00:00+00:00		ZAR	LOW		===== FILE: files/RFQ Laboratory Tubes.pdf ===== RFQ/SAEON/GRASSLAND/TUBES/123/2026 Page 1 of 21 Ver. Standard 2018-6b Invitation to Quote YOU ARE HEREBY INVITED TO QUOTE FOR REQUIREMENTS LISTED IN THIS DOCUMENT Invitation to Quote YOU ARE HEREBY INVITED TO QUOTE FOR REQUIREMENTS LISTED IN THIS DOC…	Bidder’s document 1 Fully completed Procurement Invitation (SBD 1) including the SBD 4, 6.1 and signed Bid Submission Certificate form. ❑ YES ❑ NO Pages 1-21 2 Fully completed pricing schedule (SBD 3.1) / or a quotation on the company letterhead. ❑ YES ❑ NO Documents’ Due diligence Returnable of El…	batch-022.json
225	ZA_ETENDERS_OCDS:ocds-9t57fa-165563-2026-08-13	RFQ 202047	The South African Bureau of Standards (SABS)	2026-08-19T11:00:00+00:00		ZAR	LOW		ose by the Bidder other than for developing their response to it, and all reasonable efforts must be taken by the Bidder to ensure confidentiality of any information provided. This document and any other information of a confidential nature provided to the Bidder during the course of RFQ process ar…	y of Proposals PAGE 3 of 15 The Bidder’s quotation shall remain valid for a period of one hundred and twenty (120) days from the closing date. The SABS may at any time prior to the expiry of the bid validity period, extend the above validity period by sixty (60) days by written notice to the Bidder…	batch-022.json
226	ZA_ETENDERS_OCDS:ocds-9t57fa-165368-2026-08-12	NOTICE 5 OF 2026	BUFFALO CITY METROPOLITAN DEVELOPMENT AGENCY	2026-08-21T12:00:00+00:00		ZAR	LOW		SUBMISSION ADDRESS 69 FRERE ROAD, VINCENT, EAST LONDON (CORNER OF FRERE ROAD AND WINDSOR ROAD VINCENT - USE ENTRANCE AT WINDSOR ROAD) REQUEST FOR FORMAL WRITTEN QUOTATIONS NOTICE 5 OF 2026 - PROVISION OF SAFETY AND SECURITY DUNCAN VILLAGE BUY- BACK CENTRE FOR A PERIOD OF FOUR (4) MONTHS Buffalo Cit…	require of a tenderer, either before a tender is adjudicated or at any time subsequently, to substantiate any claim in regard to preferences, in any manner required by the organ of state. Page 14 of 25 2. DEFINITIONS (a) “tender” means a written offer in the form determined by an organ of state in …	batch-022.json
227	US-SAM:873fb156fe7e457faac3313c17094e1f	GUATEMALA - MODULAR STRUCTURAL MEZZANINE	STATE, DEPARTMENT OF	2026-09-14T23:00:00+00:00			LOW		===== FILE: files/RFQ_19GT5026Q0078_-_MODULAR_STRUCTURAL_MEZZANINE.pdf ===== August 17, 2026 Dear Prospective Offeror: Subject: Request for Quotes 19GT5026Q0078 Enclosed is a Request for Quotes (RFQ) for the provision and installation of one (1) modular structural mezzanine with thirty-five (35) in…	final cleanup of the premises . No partial deliveries will be accepted. E.1 PLACE AND HOURS OF PERFORMANCE The works, equipment and any other deliverables identified in this SOW will be performed and delivered at Comando Naval de Pacifico, Km. 109 Aldea Santa Rosa, Puerto San José, Escuint la, Guat…	batch-022.json
228	US-SAM:82c35740a9f7403ea5544e3271c8ecde	Multi-Layer Insulation (MLI) Blankets	ENERGY, DEPARTMENT OF	2026-09-02T22:00:00+00:00			LOW		19-Feb-2024 APPROVED V.ROGER DATE 20-Feb-2024 USED ON F10138832, F10143503 MATERIAL MLI GROUP: Technical Division - Design and Drafting CAGE CODE: OU5R6 REV REVISION CONTROL DOCUMENT DATES SIGNATURES - F10221237---RCD DRAWN APPROVED DESCRIPTION: MLI SLEEVE, SSR VESSEL WINDOW PROJECT: PIP-II_SSR2_Cr…	documentation developed for past projects (preferably within the last five years) will be considered for the technical evaluation. All required documentation shall be organized with a table of contents and corresponding sections. 4.2 Technical and Cost Evaluation Phase The FFDG Purchase Order will …	batch-022.json
229	US-SAM:96953a5e264244fc9f859661e0f6c6ad	WELL DRINKING WATER SAMPLE ANALYSIS	INTERIOR, DEPARTMENT OF THE	2026-08-28T23:00:00+00:00			LOW		SOLICITATION INFORMATION CALL: a. NAME b. TELEPHONE NUMBER (No collect calls) 8. OFFER DUE DATE/ LOCAL TIME 9. ISSUED BY 13b. RATING 14. METHOD OF SOLICITATION CODE 15. DELIVER TO 16. ADMINISTERED BY CODE 18a. PAYMENT WILL BE MADE BY CODE17a. CONTRACTOR/ OFFEROR CODE FACILITY CODE CODE TELEPHONE NU…	E 32g. EMAIL OF AUTHORIZED GOVERNMENT REPRESENTATIVE 33. SHIP NUMBER 34. VOUCHER NUMBER 35. AMOUNT VERIFIED CORRECT FOR PARTIAL FINAL 37. CHECK NUMBER 38. S/R ACCOUNT NUMBER 39. S/R VOUCHER NUMBER 36. PAYMENT COMPLETE PARTIAL FINAL ACCEPTED, Boise ID 83706-1234 US DELIVER TO: Bureau of Reclamation-…	batch-022.json
230	US-SAM:dc7dcdd41eae4a8db03118d758ce18e7	Medication Carts and BCMA Scanners	VETERANS AFFAIRS, DEPARTMENT OF	2026-08-26T10:00:00+00:00			LOW		RAM EDWOSB 8(A) NAICS: SIZE STANDARD: 11. DELIVERY FOR FOB DESTINA- TION UNLESS BLOCK IS MARKED SEE SCHEDULE 12. DISCOUNT TERMS 13a. THIS CONTRACT IS A RATED ORDER UNDER DPAS (15 CFR 700) 13b. RATING 14. METHOD OF SOLICITATION RFQ IFB RFP 15. DELIVER TO CODE 16. ADMINISTERED BY CODE 17a. CONTRACTOR…	ceived before award is made and the Contracting Officer determines that accepting the late offer would not unduly delay the acquisition. However, a late modification of an otherwise successful offer that makes its terms more favorable to the Government will be considered at any time it is received …	batch-022.json
231	US-SAM:c391a4686f5f465d86f949ce5396f3cc	MN SHERBURNE NWR 74 HP 4WD LOADER	INTERIOR, DEPARTMENT OF THE	2026-08-27T21:00:00+00:00			LOW		SOLICITATION INFORMATION CALL: a. NAME b. TELEPHONE NUMBER (No collect calls) 8. OFFER DUE DATE/ LOCAL TIME 9. ISSUED BY 13b. RATING 14. METHOD OF SOLICITATION CODE 15. DELIVER TO 16. ADMINISTERED BY CODE 18a. PAYMENT WILL BE MADE BY CODE17a. CONTRACTOR/ OFFEROR CODE FACILITY CODE CODE TELEPHONE NU…	is received before award is made and the Contracting Officer determines that accepting the late offer would not unduly delay the acquisition. However, a late modification of an otherwise successful offer that makes its terms more favorable to the Government will be considered at any time it is rece…	batch-023.json
232	US-SAM:13f8ff3f9d29428facc70f3a715d92b6	399nm Optical Assembly for Laser Conditioning	COMMERCE, DEPARTMENT OF	2026-08-27T17:00:00+00:00			LOW		===== FILE: files/NB688000-26-02470_Attch_1_Requirements_and_Specifications.pdf ===== Requirements / Specification Document Requirements / Specifications: Custom Optical Assembly for Laser Conditioning 1 Version 1.0 (2019) Double-click on  for further assistance. Use this document to detail specif…		batch-023.json
233	US-SAM:1fba640b7e1e4303b44568a07bd6b3db	FDA upper limb prosthesis system w/TASKA hand	HEALTH AND HUMAN SERVICES, DEPARTMENT OF	2026-08-25T19:00:00+00:00			LOW		can Industry Classification System (NAICS) Code 339113 - Surgical Appliances and Supplies Manufacturing, with a Small Business Size Standard of 750 employees. Only small businesses actively registered in SAM.gov may submit a quote. This solicitation incorporates provisions and clauses by reference.…	e users to operate a prosthetic system as if they had a limb difference. It typically consists of an external socket or frame that fits over the arm and interfaces with a prosthetic hand or terminal device (e.g., TASKA CX hand). Bypass prostheses are commonly used for research, training, and demons…	batch-023.json
234	US-SAM:ab0869d1e3d34099b7a422c3f83281c3	Z--GRSM ROAD STRIPING	INTERIOR, DEPARTMENT OF THE	2026-08-24T20:00:00+00:00			LOW		===== FILE: files/A04_ATTACHMENT_001_-_SOW_Roadside_Striping_Parkwide.pdf ===== Statement of Work Roadway Striping Great Smoky Mountains National Park February 4, 2026 Page 1 of 15 STATEMENT OF WORK R OADWAY STRIPING Great Smoky Mountains National Park Tennessee and North Carolina PART 1 – GENERAL …	(FAR) 36.211(b) requires agencies provide description of policies and procedures that apply to definitization of equitable adjustments for change orders under construction contracts and data on the time required to definitize equitable adjustments for change orders under construction contracts. Thi…	batch-023.json
235	US-SAM:d5475a779df846599762ea63e768547b	6515--OPHTHALMIC ULTRASOUND SYSTEM AND ACCESSORIES	VETERANS AFFAIRS, DEPARTMENT OF	2026-08-24T19:00:00+00:00			LOW		es AND instructions are added as addenda: 52.212-2 EVALUATION—COMMERCIAL PRODUCTS AND COMMERCIAL SERVICES. (a) Evaluation factors. The Government will award a contract resulting from this solicitation to the responsible Offeror whose offer conforming to the solicitation will be most advantageous to…	N: V4CONT 1601 E. Fourth Plain Blvd Bldg.17, Suite B428 Vancouver WA 98661 POINT OF CONTACT* | Contract Specialist Christine Lindsey christine.lindsey@va.gov 352 801-6050 nco20supplyteam2@va.gov | ADDRESS | Department of Veterans Affairs | Alaska Health Care | | 1201 N Muldoon Road | Anchorage AK P…	batch-023.json
236	US-SAM:a6944eb312ea4ace829b832970f67716	Stretchers	HEALTH AND HUMAN SERVICES, DEPARTMENT OF	2026-08-21T21:00:00+00:00			LOW		sued. d Solicitation #IHS1528521 and this notice is issued as a Request for Quotation (RFQ). This is a combined synopsis/solicitation for commercial commodities/services. Submit written quotes only, oral offers will not be accepted. All firms or individuals responding must be registered with the Sy…	ontract Number 3. Charges for service or products identified BY LINE ITEM Number 4. Brief description of products or services rendered 5. Charges should follow line item structure. Quantity, Unit of Issue, Unit Price and total amount as applicable 6. Date of shipment Invoices shall be prepared and …	batch-023.json
237	US-SAM:75d8120a6581429b9ea1caa07a65a3b3	First Article Testing of Rubber Formulas	DEPT OF DEFENSE	2026-08-24T12:00:00+00:00			LOW		===== FILE: files/GFPN3904026Q5335_1.pdf ===== GFP Attachment Status: Reviewed GFP Attachment Information: Solicitation Information: Provisioned Item(s): Attachment Type Attachment Number Attachment Date Solicitation 1 2026-08-12 Solicitation Number N3904026Q5335 Program Title Rubber Material Comme…		batch-023.json
238	US-SAM:2a4c4f5ca1c04d9ea78f6874714152db	S--10 Roll-off Dumpster and Debris Removal, NPS-PORE	INTERIOR, DEPARTMENT OF THE	2026-08-24T21:00:00+00:00			LOW		===== FILE: files/Att_02_SOW_Dumpster_and_Debris_Removal.pdf ===== Statement of Work (SOW) Roll-Off Dumpster Delivery, Rental, Hauling, and Disposal Services Truttman Barn and Serioty Cabin Demolition Debris Removal at Bolinas and Olema, California 1.0 Purpose The purpose of this Statement of Work …	al Seashore Page 5 of 13 Request for Quotation 08/06/2026 Document No. 140P8426Q0050 Document Title 15 Roll-off Dumpster and Debris Removal, Point Reyes National Seashore Page 6 of 13 I. CONTRACT CLAUSES A. Type of Contract The Government contemplates award of a firm-fixed-price commercial item/ser…	batch-023.json
239	US-SAM:810e1a7bdb9d47c49aa4f7fcfcac5038	Liquid Nitrogen Supply - San Juan	HEALTH AND HUMAN SERVICES, DEPARTMENT OF	2026-08-24T14:00:00+00:00			LOW		PRICE SCHEDULE Offerors shall provide firm-fixed pricing for each contract period. The Liquid Nitrogen unit price shall be quoted on a per-gallon basis. Bulk Storage Tank Rental shall be quoted as a monthly firm- fixed price. Delivery, telemetry, hazardous material, demurrage, and any other applica…	or shall provide a printed Delivery Ticket with each delivery. The Delivery ticket shall include the following minimum information: o Date and Time of Delivery o Total Cost including the FFP per gallon price for the liquid nitrogen, bulk tank storage system rental, delivery fee, telemetry fee, haza…	batch-023.json
240	US-SAM:5f1eba49ae954cf493ce97c2ca48bbf9	56--EO14398 TRAIL AGGREGATE - GLBA	INTERIOR, DEPARTMENT OF THE	2026-08-21T21:00:00+00:00			LOW		===== FILE: files/B08_Sol_Specifications.pdf ===== National Park Service Glacier Bay National Park & Preserve Supply Trail Surface Aggregate (TSA) Summary The National Park Service (NPS) requires a minimum of 1000 tons, approximately 800 cubic yards, of an aggregate mixture of fine and course crush…		batch-023.json
241	US-SAM:e430e6d471b74cd9827284010fd0d6fe	Enterprise-wide OT/ICS/FRCS Modernization and Integration Prototype 1.0 (ICED-603)	DEPT OF DEFENSE	2026-09-01T16:00:00+00:00			LOW		GFI) detailing physical and cybersecurity discrepancies for 2 standardized sample locations. Offerors shall demonstrate their technical capabilities by submitting a written Technical Courses of Action (COAs) package. The package shall detail propose technical implementation approach, security/RMF h…	tary Ocean Terminal Concord Military Ocean Terminal Sunny Point | Military Ocean Terminal Sunny Point Naval Magazine Indian Island | Naval Magazine Indian Island Anniston Army Depot | Anniston Army Depot Joint Systems Manufacturing Center-Lima | US Army Joint Sys Mfg Ctr,Lima Red River Army Depot |…	batch-024.json
242	US-SAM:13dc5e62ea304d2e8ccfd2a992379989	NSAND Gaeta Floating Pier	DEPT OF DEFENSE	2026-08-31T08:00:00+00:00			LOW		DATE 7. FOR SOLICITATION INFORMATION CALL: a. NAME b. TELEPHONE NUMBER (No collect calls) 8. OFFER DUE DATE/ LOCAL TIME 9. ISSUED BY 13b. RATING 14. METHOD OF SOLICITATION CODE 15. DELIVER TO 16. ADMINISTERED BY CODE 18a. PAYMENT WILL BE MADE BY CODE17a. CONTRACTOR/ OFFEROR CODEFACILITY CODE CODE T…		batch-024.json
243	US-SAM:fd0852967918430e9244ad12923c1dc8	Berla iVe Automobile Forensic License Support	DEPT OF DEFENSE	2026-08-24T19:00:00+00:00			LOW		===== FILE: files/A0001_-_Statement_of_Work_.pdf ===== 1 Statement of Work (SOW) for Berla iVe Automobile Forensic License Support 12 Mar 2026 Statement of Work for: Headquarters Department of the Army Criminal Investigation Division PROPERTY OF THE UNITED STATES GOVERNMENT COPYING, DISSEMINATION O…	ms. (DACID) Digital Forensic Examiners (DFEs) and Cyber Crime Investigators (CCIs) have been trained on and have used Berla iVe software since 2015. These licenses are mission critical for the extraction of data from automobile infotainment systems during criminal investigations. To sustain this vi…	batch-024.json
244	US-SAM:73b0d33becde4e33bd4a6259e981df0e	Basic Radar Concepts Course	DEPT OF DEFENSE	2026-08-21T22:00:00+00:00			LOW		===== FILE: files/Combined_Synopsis_Solicitation_-_N6426726Q4243_Redacted.pdf ===== Section A - Solicitation/Contract Form PA40 Georgia Tech Basic Radar Course N6426726Q4243 Page 2 of 25 Section B - Supplies or Services & Prices or Costs Additional Information/Notes Item Supplies/Service Quantity U…	andards and Technology Special Publication 800-115 (32 CFR 170.21). (b) . The Cybersecurity Maturity Model Certification (CMMC) is a framework for assessing a contractor's compliance with Framework applicable information security protections (see 32 CFR part 170). (c) . The CMMC assessments will no…	batch-024.json
245	TED:568798-2026	Germany – Miscellaneous business-related services – Bestellung eines externen Datenschutzbeauftragten für den Forschungsverbund Berlin e.V.	Forschungsverbund Berlin e.V.	2026-09-28T10:00:00+02:00			LOW		Vertrag geschlossen wird, gelten diese Vertragsbe- dingungen ergänzend und nachrangig, soweit der gesonderte Vertrag einzelne Regelungsbereiche nicht oder nicht abschließend regelt. Ab- weichungen von diesen Vertragsbedingungen bedürfen einer aus- drücklichen vertraglichen Vereinbarung. Rangfolge 2…	die Abnahme nach § 640 BGB. Bei Dienstleistungen tritt an die Stelle der Abnahme eine schriftliche Leistungsfeststellung durch den Auftraggeber. Bei Lieferleistungen Stand: 14.04.2026 2 | 5 gilt die Übergabe als Leistungsnachweis, sofern keine gesonderte Ab- nahme vereinbart ist. 8.2 Eine Abnahme o…	batch-024.json
246	TED:567057-2026	Germany – Guard services – Pforten- und Sicherheitsdienst IHK-Forum	Industrie- und Handelskammer zu Dortmund	2026-09-08T23:59:59+02:00	225000.0	EUR	LOW		===== FILE: files/1_20Leistungsbeschreibung_20Pforten-_20und_20Sicherheitsdienst_202_2026.pdf ===== Vergabenummer: 2/2026 Pforten- und Sicherheitsdienst IHK-Forum Anlage 1 1 Leistungsbeschreibung Pforten- und Sicherheitsdienst für das IHK-Forum 1. Ausgangslage / Ziel Die Industrie- und Handelskamme…	die Kontrolle der vorgegebenen Räume und Ver- kehrsflächen, die Kontrolle von Türen und sonstigen Zugängen, das Ausschalten der Beleuchtung in den hierfür vorgesehenen Bereichen sowie die Durchführung der vorgesehenen Schließmaßnahmen. Anschließend ist die Alarmanlage entsprechend der Einweisung un…	batch-024.json
247	EE-RHR:736bd2a2-fb4e-4af9-8a43-051e3b9d31b2	Kohtla-Järve linnas korraldatud jäätmeveo teenuse osutaja leidmine	Kohtla-Järve Linnavalitsus	2026-08-24T07:00:00+00:00	6000000.0	EUR	LOW		===== FILE: files/files_unpacked/299212_ESPD_v2.0_laiendatud.xml ===== <?xml version="1.0" encoding="UTF-8"?> <QualificationApplicationRequest xmlns:ext="urn:oasis:names:specification:ubl:schema:xsd:CommonExtensionComponents-2" xmlns="urn:oasis:names:specification:ubl:schema:xsd:QualificationApplic…	===== FILE: files/files_unpacked/299212_ESPD_v2.0_laiendatud.xml ===== <?xml version="1.0" encoding="UTF-8"?> <QualificationApplicationRequest xmlns:ext="urn:oasis:names:specification:ubl:schema:xsd:CommonExtensionComponents-2" xmlns="urn:oasis:names:specification:ubl:schema:xsd:QualificationApplic…	batch-024.json
248	TED:555411-2026	Germany – Firefighting vehicles – Lieferung Gerätewagen Wechsellader mit Hakengerät und Ladekran für die Feuerwehr Offenburg (2 Lose)	Stadt Offenburg, Fachbereich Bauservice, Zentrale Vergabestelle	2026-09-10T10:00:00+02:00			LOW			ig (wie den Datenmengen, der dem Nutzer zur Verfügung stehenden Technik und der Internetbandbreite), daher trägt der Hersteller (Administration Intelligence AG) und der Staatsanzeiger keine Verantwortung für die rechtzeitige Übermittlung eines Angebots. Hierfür hat der Nutzer selbst Sorge zu tragen…	batch-024.json
249	US-SAM:9fcbf7dddb9c411686248c9216c7bf58	US Native Turtles - Housing Care Testing	INTERIOR, DEPARTMENT OF THE	2026-08-31T17:00:00+00:00			LOW		only solicitation; quotes are being requested and a written solicitation will not be issued. This is a Request For Quote (RFQ). NAICS is 541940 with a size standard of $10M. This document is conducted under the procedures of FAR Parts 12 and 13 incorporating provisions and clauses in effect through…	ng, as defined in FAR 31.205-1, in a manner which states or implies that the product or service provided is approved or endorsed by the Government, or is considered by the Government to be superior to other products or services. This restriction is intended to avoid the appearance of preference by …	batch-024.json
250	TED:571807-2026	Slovenia – Software programming and consultancy services – VKS-101/26 OPTIMIZACIJA ZBIRANJA KOMUNALNIH ODPADKOV IN VZPOSTAVITEV ENOTNEGA SISTEMA UPRAVLJANJA VOZNEGA PARKA JP VOKA SNAGA D.O.O.	JAVNO PODJETJE VODOVOD KANALIZACIJA SNAGA d.o.o.	2026-09-04T10:00:00+02:00			LOW		odvoza odpadkov. Priprava vektorske cestne mreže za odvoz odpadkov Izvajalec mora zagotoviti obdelavo in prilagoditev cestnega omrežja za potrebe izvedbe projekta optimizacije odvoza odpadkov, vključno z: Določanjem realnih hitrosti vožnje smetarskih vozil v procesu odvoza odpadkov po cestnih odsek…	rimeru znižanja cen. V cenah na enoto mere so vključeni vsi materialni in nematerialni stroški, ki bodo potrebni za kvalitetno izvedbo predmeta okvirnega sporazuma, skladno z vsemi zahtevami in pogoji naročnika. | | | | | | ___________________________________________ | | | | _______________________…	batch-024.json
251	US-SAM:5b317b19dceb4bdb8d0a49b0a3e17e58	CD Spectropolarimeter System (Including Autosampler, Peltier Control, Software, PC) + 2 years of Post warranty maintenance	HEALTH AND HUMAN SERVICES, DEPARTMENT OF	2026-08-24T19:00:00+00:00			LOW		business under the applicable NAICS may submit a quote. Schedule of Supplies or Services and Prices/Costs. Prices shall be inclusive of all charges to procure this turn -key instrument package . Item # Description QTY U/I $ Extended Price 1 CD Spectropolarimeter System (Including Autosampler, Pelti…	ormed the service, and for information purposes, the on-site hours expended, and parts/components replaced. In addition, the Contractor shall provide a written report to the FDA COR and Contract Specialist, summarizing all maintenance activities (including warranty work) each time service is perfor…	batch-025.json
252	TED:571058-2026	Lithuania – Software-related services – VSFSVVP IS vystymo, palaikymo ir garantinio aptarnavimo paslaugų pirkimas (TP)	Viešoji įstaiga Centrinė projektų valdymo agentūra	2026-09-21T09:30:00+03:00	396694.0	EUR	LOW		sipažinti su dokumentais, kuriais patvirtinama informacija, pateikta šio Europos bendrojo viešųjų pirkimų dokumento [nurodyti atitinkamą dalį / skirsnį / punktą (-us)], dėl [nurodyti viešojo pirkimo procedūrą: (trumpas aprašymas, paskelbimo Europos Sąjungos oficialiajame leidinyje nuoroda, nuorodos…	ekcija Adresas: L. Sapiegos g. 17, 10312 Vilnius, Lietuva tel. Nr. +370 5 271 28 04; +370 5 279 1445 el. p. ada@ada.lt Duomenų valdytojas | Duomenų tvarkytojas Viešoji įstaiga Centrinė projektų valdymo agentūra Juridinio asmens kodas: 126125624 Adresas: S. Konarskio g. 13, 03109 Vilnius Tel. Nr.: +…	batch-025.json
253	US-SAM:7818a6fcccae4477baef84cb99610af7	USWFS GB UNIT 1 ESR FY26 CATTLE GUARDS	INTERIOR, DEPARTMENT OF THE	2026-08-27T18:00:00+00:00			LOW		Note: All anchor bolt and lifting point inserts will be within 1/4" tolerance. I 1-- I Star type P-46-T (5/8" x 2 7 /8") inserts with 5/8" x 2" bolts. Full thread within 1/4" of head. • 2' -0 1 /2" 1'-7 1/2" o" I 00 SCALE 6" 12" -st­I U.S. DEPARTMENT OF THE INTERIOR BUREAU OF LAND MANAGEME NT BOISE…		batch-025.json
254	PL-BZP:08def6e9-a553-baf3-962b-120001b3f780	Wykonanie dokumentacji budowlano-wykonawczej na rewitalizację wraz z przebudową budynku H - Fangorówki PAN Ogrodu Botanicznego-CZRB w Powsinie	Polska Akademia Nauk Ogród Botaniczny - Centrum Zachowania Różnorodności Biologicznej w Powsinie	2026-08-20T09:00:00+00:00			LOW			wa do dysponowania osobą (np. umowa o pracę, umowa cywilno-prawna, potencjał podmiotu trzeciego itp.) | ………………………………………………………… (Podaje Wykonawca) Pełna nazwa Wykonawcy | Siedziba (ulica, miejscowość) | NIP | Osoby uprawnione do reprezentacji | | | | | | Pełna nazwa Wykonawcy | Siedziba (ulica, miej…	batch-025.json
255	US-SAM:37d30f6d7db1484b821a034b992811ec	Leica VT1200S Vibrating Blade Microtomes	VETERANS AFFAIRS, DEPARTMENT OF	2026-08-31T18:00:00+00:00			LOW		mmodities described below. Leica VT1200S Vibrating Blade Microtome, BRAND NAME ONLY BACKGROUND/OBJECTIVE: The Jesse Brown VAMC, Research Dept is requesting this product called “Leica Brand name only - VT1200 S Vibrating Blade Microtomes” This procurement is required for research on diabetes mellitu…	CA). Additionally, all Service-Disabled Veteran Owned Small Businesses or Veteran Owned Small Businesses who respond to a solicitation on this project must be registered and certified with the Small Business Administration (SBA). Requests for information and resultant responses shall be submitted d…	batch-025.json
256	TED:567313-2026	France – Medical equipments – Acquisition et maintenance de soudeuses de tubulures, mobiles, mono-têtes et multi-têtes compatibles PVC et/ou EVA pour l’EFS (DROM inclus) et le CTSA	Etablissement français du sang	2026-09-23T12:00:00+02:00			LOW		l'exécution des marchés en cours avec l’EFS à un co-traitant dont l'entité est détenue à plus de 50% de manière directe ou indirecte par une entité établie sur le territoire Russe ; Ne fait pas appel pour l'exécution des marchés en cours avec l’EFS à un co-traitant dont l'entité agit pour le compte…	u sur instruction d'une entité établie sur le territoire Russe ou d'une entité détenue à plus de 50 % par une entité elle-même établie sur le territoire Russe. Le cas échéant, les prestations confiées à ce sous-traitant, fournisseur ou entité ne représentent et ne représenteront pas plus de 10% de …	batch-025.json
257	TED:568922-2026	Lithuania – Electrical power systems design services – Vilniaus troleibusų kontaktinio tinklo elektros pastočių sistemos matavimų, analizės ir techninių darbo projektų parengimo paslaugos	UAB Vilniaus viešasis transportas (PV)	2026-08-28T10:00:00+03:00		EUR	LOW		(kitų) pirkimo procedūrų. Ekonominės veiklos vykdytojai oficialiai sutinka perkančiąjai organizacijai ar perkančiajam subjektui, nurodytam I dalyje, leisti susipažinti su dokumentais, -28- kuriais patvirtinama informacija, pateikta šio Europos bendrojo viešųjų pirkimų dokumento III ir IV dalyse, ki…	konfidenciali informacija (nurodoma dokumento dalis / puslapis, kuriame yra konfidenciali informacija)* | Konfidencialios informacijos pagrindimas (paaiškinama, kuo remiantis nurodytas dokumentas ar jo dalis yra konfidencialūs)* | | | ____________________ | ____________________ | __________________…	batch-025.json
258	US-SAM:782676dbd27a456ab70b945ef61c3494	Granite Canyon rental house for MMTD Survey	COMMERCE, DEPARTMENT OF	2026-08-21T20:00:00+00:00			LOW		SOLICITATION INFORMATION CALL: a. NAME b. TELEPHONE NUMBER (No collect calls) 8. OFFER DUE DATE/ LOCAL TIME 9. ISSUED BY 13b. RATING 14. METHOD OF SOLICITATION CODE 15. DELIVER TO 16. ADMINISTERED BY CODE 18a. PAYMENT WILL BE MADE BY CODE17a. CONTRACTOR/ OFFEROR CODE FACILITY CODE CODE TELEPHONE NU…		batch-025.json
259	US-SAM:628d0e56848d4e71b8e341059425ddb1	S--Chemical Disposal Services for Many Farms High Sch	INTERIOR, DEPARTMENT OF THE	2026-08-24T21:00:00+00:00			LOW		SOLICITATION INFORMATION CALL: a. NAME b. TELEPHONE NUMBER (No collect calls) 8. OFFER DUE DATE/ LOCAL TIME 9. ISSUED BY 13b. RATING 14. METHOD OF SOLICITATION CODE 15. DELIVER TO 16. ADMINISTERED BY CODE 18a. PAYMENT WILL BE MADE BY CODE17a. CONTRACTOR/ OFFEROR CODE FACILITY CODE CODE TELEPHONE NU…		batch-025.json
260	US-SAM:915ab746c6fa4c3b82a899b44a06ba6e	Columbus HD Upgrade	DEPT OF DEFENSE	2026-08-19T19:00:00+00:00			LOW		alendar days after the site visit. A record of the site visit and answers to the questions submitted will be distributed to all contractors as an amendment to the solicitation. Contractors are cautioned that, notwithstanding any remarks or clarifications given at the site visit, all terms and condi…	0 the morning of the site visit. Proposed Site Visit Itinerary 0900 - Meet in Building 23 lobby (West main entrance). Parking is available along the South side of building. 0915 – Contractor sign-in sheet and discuss conduct expectations for the proposal site walk. 0930 – Project overview and site …	batch-025.json
261	US-SAM:d42aff8b96f64f2e9265b532f7aa146d	Highspeed Optical Tracking Markerless Cameras Install	COMMERCE, DEPARTMENT OF	2026-08-18T23:00:00+00:00			LOW		===== FILE: files/Attachment_1_-_Draft_SOW.pdf ===== Statement of Work Highspeed Optical Tracking Markerless Cameras Requesting Laboratory / Division / Group: Communications Technology Laboratory Public Safety Communications Research Division 671 I. BACKGROUND: NIST PSCR requires reinstalling and c…		batch-026.json
262	US-SAM:03e0f798d45941cf9ce195549d628138	ARSR-4 Test Station	TRANSPORTATION, DEPARTMENT OF	2026-08-31T19:00:00+00:00			LOW		scription ......................................................................... 1-1 1.2.2 Physical Description ............................................................................. 1-1 1.2.3 Electrical Description .........................................................................…	repair instruction manual shall be a list of manufacturers and part numbers for each replaceable subassembly. Repair Instruction Approval: The Contractor shall submit the repair instruction manual to the FAA for approval. If there are any changes needed to the manual, the changes shall be submitted…	batch-026.json
263	TED:567051-2026	Germany – Measuring instruments – Ge-detector	Helmholtz-Zentrum Dresden-Rossendorf e.V.	2026-09-15T14:00:00+02:00			LOW		===== FILE: files/Vergabeunterlagen_EUOV2611_Ge-detector _20260814T122756_unpacked/Dateien für Angebot/01A_Performance Specfication and Price Declaration_EUOV2611.xlsx ===== [SHEET PP Quote] EUOV2611 Annex A - Performance Specification and Price Declaration Version 1 | | | | | | | | | | Kindly fill…	onstrued in accordance with the uniform rules for demand guarantees (ICC publication No. 758 – 2010 Revision). Shall be issued in English and the guarantee terminates upon its return. | | | | | | | | | | NOTE: The bidder must complete all the fields coloured in orange. | | | | | | | | | | ===== FIL…	batch-026.json
264	TED:556476-2026	Poland – Computer equipment and supplies – Dostawa komputerów laboratoryjnych	Politechnika Lubelska	2026-09-15T10:00:00+02:00			LOW		ykonawca oficjalnie wyraża zgodę na to, aby instytucja zamawiająca lub podmiot zamawiający określone w części I uzyskał(-a)(-o) dostęp do dokumentów potwierdzających informacje, które zostały przedstawione w części III i IV niniejszego jednolitego europejskiego dokumentu zamówienia na potrzeby post…	580 2048SP NA Radeon RX 5300 NA EPSON Projector Support Driver for UD NA Radeon Pro 580X NA GeForce GTX 1650 Ti NA GRID P40-8Q NA Qualcomm Adreno X2-90 GPU NA Radeon RX 580X NA GeForce GTX 980M 289.99* Radeon Pro W5500X NA Radeon PRO V710 MxGPU NA Radeon RX 6500M NA Quadro T2000 528.35* EIZO Quadro…	batch-026.json
265	TED:571228-2026	Poland – Software package and information systems – Odnowienie serwisów utrzymania infrastruktury serwerowej w COPD i ZOPD oraz rozbudowa deduplikatora	Sąd Apelacyjny w Katowicach	2026-09-21T12:00:00+02:00			LOW		arLeft w:val="0"/><w:marRight w:val="0"/><w:marTop w:val="0"/><w:marBottom w:val="0"/><w:divBdr><w:top w:val="none" w:sz="0" w:space="0" w:color="auto"/><w:left w:val="none" w:sz="0" w:space="0" w:color="auto"/><w:bottom w:val="none" w:sz="0" w:space="0" w:color="auto"/><w:right w:val="none" w:sz="…	h dostawa lub świadczenie będą prowadziły do powstania obowiązku podatkowego | wartość towaru lub usługi objętego obowiązkiem podatkowym Zamawiającego, bez kwoty podatku | wskazania stawki podatku od towarów i usług, która zgodnie z wiedzą Wykonawcy, będzie miała zastosowanie | rodzaj dokumentu, na…	batch-026.json
266	ZA_ETENDERS_OCDS:ocds-9t57fa-165731-2026-08-14	RFQSSS003/08/2026	IKHALA PUBLIC TVET COLLEGE	2026-08-28T11:00:00+00:00		ZAR	LOW		e your Company Name) Physical documents can be collected from Ikhala TVET Central Office, Zone D, Gwadana Drive, Ezibeleni, 5326 between 08:00 and 16:00 from Monday to Thursday and between 08:00 and 13:00 on Fridays. All compulsory documents including SBD4, SBD 6.1, and SARS Tax pin must be complet…	od 120 days. ITVETC003/08/2026 | STUDENTS LAPTOPS | 80/20 | An online compulsory information session will be held Via MS TEAMS on 19 August 2026 @10:00am. Please visit the college webiste at www.ikhala.edu.za to attend the information session. For enquiries email to nkosinathi.futshane@ikhala.edu.z…	batch-026.json
267	ZA_ETENDERS_OCDS:ocds-9t57fa-165827-2026-08-17	OVI01REQ004471	Agricultural Research Council	2026-08-24T11:00:00+00:00		ZAR	LOW		===== FILE: files/OVI01REQ004471.pdf ===== Page 1 of 12 Request for Quotation RFQ NUMBER: OVI01REQ004471 CLOSING DATE: Date: 24 August 2026 Time: 11:00 DESCRIPTION ADDRESS OVI - Onderstepoort Veterinary Institute 100 old Soutpan Road Onderstepoort PRETORIA ENQUIRY Name: Dineo Manzini Supply Chain M…	state reserves the right to require of a tenderer, either before a tender is adjudicated or at any time subsequently, to substantiate any claim in regard to preferences, in any manner required by the organ of state. 2. DEFINITIONS (a) “tender” means a written offer in the form determined by an orga…	batch-026.json
268	ZA_ETENDERS_OCDS:ocds-9t57fa-165566-2026-08-13	ICASA 10-2026	Independent Communications Authority of South Africa (ICASA)	2026-09-11T11:00:00+00:00		ZAR	LOW		ral 3.1 Unless otherwise indicated in the bidding documents, the purchaser shall not be liable for any expense incurred in the preparation and submission of a bid. Where applicable a non-refundable fee for documents may be charged. 3.2 With certain exceptions, invitations to bid are only published …	the delivery note and upon fulfillment of other obligations stipulated in the contract. 16.3 Payments shall be made promptly by the purchaser, but in no case later than thirty (30) days after submission of an invoice or claim by the supplier. 16.4 Payment will be made in Rand unless otherwise stipu…	batch-026.json
269	ZA_ETENDERS_OCDS:ocds-9t57fa-165819-2026-08-17	DOH 262-2026/2027	Health	2026-08-31T11:00:00+00:00		ZAR	LOW		BASED A CONTRACTOR UNDER NEC4 TERM SERVICE CONTRACT FOR THE ATTENDANCE TO LATENT DEFECTS AND EMERGENCY WORKS AT THENGWE CLINIC, THOHOYANDOU 3 Key Information • EXTERNAL LINKS (E.G. GOOGLE DRIVE, ONEDRIVE, DROPBOX OR SIMILAR PLATFORMS) WILL NOT BE ACCEPTED AND SUCH SUBMISSIONS MAY BE DEEMED NON-RESP…	pecifications as set out in the tender documents. (g) “price” includes all applicable taxes less all unconditional discounts; (h) “proof of B-BBEE status level of contributor” means: 1) B-BBEE Status level certificate issued by an authorized body or person; 2) A sworn affidavit as prescribed by the…	batch-026.json
270	US-SAM:3b14ea9d1a88464abdbcb3eb7f245bf3	OWYHEE DESERT HAZARDOUS FUEL BREAK MOWING FY26	INTERIOR, DEPARTMENT OF THE	2026-09-04T20:00:00+00:00			LOW		===== FILE: files/A04_Owyhee_Mow_SOW_Final.docx ===== I. General Information and Requirements Description of Work Specifications and Limitations: The purpose of this statement of work is to secure the service of mechanical mowing of approximately 2,878 acres of brush and grass from September 15, 20…	ance period will be January 30, 2027. The Contractor shall be required to start and complete the treatments within the performance time identified above. If abnormal inclement weather conditions should occur prior to the Contractor completing the project, the Contractor shall be issued a stop work …	batch-026.json
271	US-SAM:fa3ebffdb0dc4816884ac59a8bf86764	Safety Boots Follow-On for Fort Riley, KS	DEPT OF DEFENSE	2026-08-28T17:00:00+00:00			LOW		BOOTS PURCHASE DESCRIPTION SALIENT CHARACTERISTICS: The Government has a requirement for the supply of varying quantities/sizes/types of safety boots for Fort Riley, Kansas. The primary salient characteristics must align with ASTM F2413-18 standards for protective footwear and emphasize complete wa…	regulate internal boot temperature and manage sweat during prolonged use. | Manufacturer Performance Data Shaft Height & Fit | Pull-on "Chore" style bootie with a minimum height of 12 inches to protect up to the mid-calf. Includes a stretch-fit top binding snug to the leg to prevent debris and wate…	batch-027.json
272	US-SAM:7236ba90c32642abac62b78ce031cec3	Y--EAST CANAL EFFICIENCY IMPROVEMENTS	INTERIOR, DEPARTMENT OF THE	2026-08-31T18:00:00+00:00			LOW		e outside of the East Canal and may be completed during irrigation season: a. West Loutsenhizer Diversion Pipeline Concrete Inlet Structure b. West Loutsenhizer Diversion Pipeline D. Project shall be substantial complete by April 1, 2028. Seeding, final cleanup, and demobilization shall be complete…	MITTALS A. Time Required: 1. Submittal review will require up to 14 calendar days for review of each submittal or resubmittal, unless otherwise specified. 2. Time required for review of each submittal or resubmittal begins when complete sets of paper copy materials required for a particular RSN are…	batch-027.json
273	US-SAM:89b93887b5fd4d95a24f0e35d8d28a77	OR - Klamath Marsh NWR -FUEL REDUCTION Site A	INTERIOR, DEPARTMENT OF THE	2026-08-26T14:00:00+00:00			LOW		d in this notice and award. This announcement constitutes the only solicitation; quotes are being requested and a written solicitation will not be issued. This is a Request For Quote (RFQ). NAICS is 238910 with a size standard of $19M. This document is conducted under the procedures of FAR Parts 12…	in such insurance. The certificate shall identify the contract number, the name and address of the Contracting Officer, as well as the insured, the policy number and a brief description of contract services to be performed. The contractor shall furnish the Contracting Officer with a copy of an acce…	batch-027.json
274	US-SAM:f8b271038f834f8b93e3e9b87f7a2f09	Intent to Solicit Only One Source for Five (5) lapping systems with accompanying cabinetry for housing the lapping system and associated consumables.	DEPT OF DEFENSE	2026-08-25T15:59:00+00:00			LOW		The solicitation document and incorporated provisions and clauses are those in effect through Federal Acquisition Circular 2026-01 effective 13 Mar 2026. For purposes of this acquisition, the associated NAICS code is 334513. The small business size standard is 750 Employees. Contract Line Item (CLI…	ons to or sets any conditions for its proposal under the subject solicitation, such exceptions or conditions shall be set forth in a cover letter to the offeror's proposal. (End of Instruction) *ADELPHI CONTR. DIVISION URL ADELPHI CONTRACTING DIVISION WEBSITE Offeror(s) may access the Adelphi Contr…	batch-027.json
275	US-SAM:8e8af41eaaf048cd8c156522834c821a	DPGDS BOM Procurement for 249th EN BAT	DEPT OF DEFENSE	2026-08-25T14:00:00+00:00			LOW		N ISSUE DATE 7. FOR SOLICITATION INFORMATION CALL: a. NAME b. TELEPHONE NUMBER (No collect 8. OFFER DUE DATE/ LOCAL TIME 9. ISSUED BY 13b. RATING 14. METHOD OF SOLICITATION CODE 15. DELIVER TO 16. ADMINISTERED BY CODE 18a. PAYMENT WILL BE MADE BY CODE17a. CONTRACTOR/ OFFEROR CODEFACILITY CODE CODE …		batch-027.json
276	US-SAM:6c3243a3acf14f4db610526f9671466b	OR - Klamath Marsh NWR -FUEL REDUCTION	INTERIOR, DEPARTMENT OF THE	2026-08-24T14:00:00+00:00			LOW		d in this notice and award. This announcement constitutes the only solicitation; quotes are being requested and a written solicitation will not be issued. This is a Request For Quote (RFQ). NAICS is 238910 with a size standard of $19M. This document is conducted under the procedures of FAR Parts 12…	g, as defined in FAR 31.205-1, in a manner which states or implies that the product or service provided is approved or endorsed by the Government, or is considered by the Government to be superior to other products or services. This restriction is intended to avoid the appearance of preference by t…	batch-027.json
277	US-SAM:ab16f3cc355a4b5e9c7607bc9c6a6758	S--Selawik NWR Snow Removal BPA	INTERIOR, DEPARTMENT OF THE	2026-08-21T19:00:00+00:00			LOW		SOLICITATION INFORMATION CALL: a. NAME b. TELEPHONE NUMBER (No collect calls) 8. OFFER DUE DATE/ LOCAL TIME 9. ISSUED BY 13b. RATING 14. METHOD OF SOLICITATION CODE 15. DELIVER TO 16. ADMINISTERED BY CODE 18a. PAYMENT WILL BE MADE BY CODE17a. CONTRACTOR/ OFFEROR CODE FACILITY CODE CODE TELEPHONE NU…		batch-027.json
278	US-SAM:f2dbb38f95534b668c773d30d2d3be3c	Astrion EPOCH 650 Digital Ultrasonic Flaw Detector	NATIONAL AERONAUTICS AND SPACE ADMINISTRATION	2026-08-21T20:00:00+00:00			LOW		===== FILE: files/SATPC0042484_Tab_04_4_SOW.pdf ===== STATEMENT OF WORK 1. Objective/Requirements The information listed below is required to complete this purchase. 2. Characteristics, Scope, and Specs LINE PART NO. DESCRIPTION QTY. 1 EP650-BX-UE-K EPOCH 650 Digital Ultrasonic Flaw Detector, BNC C…	on of carrier; 4 V12 APR 2026 (4) Notation "UNITED STATES GOVERNMENT, _____ [agency] _____, Duty-free entry to be claimed pursuant to Item No(s) _____ [from Tariff Schedules] _____, Harmonized Tariff Schedules of the United States. Upon arrival of shipment at port of entry, District Director of Cus…	batch-027.json
279	US-SAM:a76d683267b1459caf7598c5d325d582	Nihon Kohden NeuroCart-Plus	DEPT OF DEFENSE	2026-09-26T17:00:00+00:00			LOW		DATE 7. FOR SOLICITATION INFORMATION CALL: a. NAME b. TELEPHONE NUMBER (No collect calls) 8. OFFER DUE DATE/ LOCAL TIME 9. ISSUED BY 13b. RATING 14. METHOD OF SOLICITATION CODE 15. DELIVER TO 16. ADMINISTERED BY CODE 18a. PAYMENT WILL BE MADE BY CODE17a. CONTRACTOR/ OFFEROR CODEFACILITY CODE CODE T…		batch-027.json
280	TED:567238-2026	Lithuania – Rotating evaporators – Rotacinio garintuvo pirkimas (atviras tarptautinis)	Lietuvos sveikatos mokslų universitetas (PV)	2026-09-21T10:00:00+03:00	8799.0	EUR	LOW		us dokumentus iš ankstesnių (kitų) pirkimo procedūrų. Ekonominės veiklos vykdytojai oficialiai sutinka perkančiąjai organizacijai ar perkančiajam subjektui, nurodytam I dalyje, leisti susipažinti su dokumentais, kuriais patvirtinama informacija, pateikta šio Europos bendrojo viešųjų pirkimų dokumen…	uslapių skaičius | | | | | | _________________________________ (Tiekėjo arba jo įgalioto asmens pareigų pavadinimas) | ______________________ (Vardas, pavardė ir parašas) | | | | | | | | | | (Parašas) | | | | (Vardas, pavardė, pareigos) | | | | | | | | | | | (Parašas) | | | | (Vardas, pavardė, pare…	batch-027.json
281	PL-BZP:08def6df-8f89-147e-962b-120001b3f6af	Usługa kompleksowej organizacji wizyt studyjnych na rzecz Centrum Doradztwa Rolniczego w Brwinowie Oddział w Krakowie II półrocze 2026	Centrum Doradztwa Rolniczego w Brwinowie	2026-08-19T08:00:00+00:00			LOW		soję i bobik. Uwzględniono przy tym zarówno wyniki badań krajowych, jak i za- granicznych. Słowa kluczowe: strączkowe, Fabaceae, BW AA, inokulacja JEL: Q16 EFFECTIVENESS OF SEED INOCULATION OF LARGE-SEEDED LEGUMES WITH RHIZOBIA Anna Kolanoś1 Abstract: Thanks to the ability of leguminous plants to b…	alnego konta w Bazie danych o produktach i opakowaniach oraz o gospodarce odpadami, po zalogowaniu się na stronie internetowej: https://rejestr-bdo.mos.gov.pl/ | Ustawa z dnia 23 stycznia 2020 r. o zmianie ustawy o odpadach oraz niektórych innych ustaw w zakresie dotyczącym ewidencji i sprawozdań s…	batch-028.json
282	TED:556212-2026	Poland – Firefighting vehicles – Zakup średniego samochodu ratowniczo – gaśniczego dla Ochotniczej Straży Pożarnej w Trąbkach Wielkich	OCHOTNICZA STRAŻ POŻARNA W TRĄBKACH WIELKICH	2026-09-08T10:00:00+02:00			LOW		onawca oficjalnie wyraża zgodę na to, aby instytucja zamawiająca lub podmiot zamawiający określone w części I uzyskał(-a)(-o) dostęp do dokumentów potwierdzających informacje, które zostały przedstawione w części III i IV niniejszego jednolitego europejskiego dokumentu zamówienia na potrzeby postęp…	cji umowy jest ……………………..…………………………………………………………………….. tel. /fax ………………………………….. e-mail: …………………………………………………….. ……………………….. SPIS TREŚCI: Integralną część oferty stanowią następujące dokumenty: ……………………………………………………………………………………………………… ……………………………………………………………………………………………………… …………………………………………………………………………	batch-028.json
283	TED:554504-2026	Poland – Sewage treatment works – Modernizacja, rozbudowa i remont oczyszczalni ścieków w Nowym Targu	Miejski Zakład Wodociągów i Kanalizacji w Nowym Targu sp. z o.o.	2026-08-25T11:00:00+02:00			LOW		tację. Wykonawca oficjalnie wyraża zgodę na to, aby instytucja zamawiająca lub podmiot zamawiający określone w części I uzyskał(-a)(-o) dostęp do dokumentów potwierdzających informacje, które zostały przedstawione w części III i IV niniejszego jednolitego europejskiego dokumentu zamówienia na potrz…	Wykonawca* ……………………………………….. do zachowania w tajemnicy wszelkich Informacji Poufnych, które zostały mi ujawnione w związku z moim uczestnictwem w wykonywaniu …………….., na warunkach określonych w Umowie o zachowaniu poufności. Jestem świadomy, że naruszenie powyższych zobowiązań może skutkować odpowi…	batch-028.json
284	TED:568962-2026	Estonia – Adult and other education services – Eesti.ai koolitajate tellimine (Riigikantselei)	Riigi Tugiteenuste Keskus	2026-08-21T11:00:00+03:00	5000000.0	EUR	LOW		.microsoft.com/office/word/2018/wordml" xmlns:w16du="http://schemas.microsoft.com/office/word/2023/wordml/word16du" xmlns:w16sdtdh="http://schemas.microsoft.com/office/word/2020/wordml/sdtdatahash" xmlns:w16sdtfl="http://schemas.microsoft.com/office/word/2024/wordml/sdtformatlock" xmlns:w16se="http…	teabe seaduses sätestatud ulatuses avalik. Juhul kui raamlepingu mõni säte osutub vastuolus olevaks Eestis kehtivate õigusaktidega, ei mõjuta see ülejäänud sätete kehtivust. Raamlepinguga seotud vaidlused, mida pooled ei ole suutnud läbirääkimiste teel lahendada, antakse lahendamiseks Harju Maakoht…	batch-028.json
285	TED:566747-2026	Germany – Architectural services for buildings – Erfüllung des Ganztagsanspruchs an der Gemeinschaftsgrundschule Roetgen - Neubau Gebäude OGS / Mensa und Neugestaltung Schulhof	Stadt Aachen - Zentrale Vergabestelle FB60/300	2026-09-02T23:59:59+02:00			LOW		on Titan, Aluminium, Kupfer, Nickel, Palladium und Eisenerz aus oder durch Russland in die Union, oder f) den Kauf , die Einfuhr oder die Beförderung von Kohle und anderen festen fossile Brennstoffen, die in Anhang XXII aufgeführt sind, bis 10. August 2022. (3) Der betreffende Mitgliedstaat unterri…	aftsgrundschule Roetgen“ - Gemeinde Leistungsbeschreibung - Stand: 11.08.2026 Roetgen Seite 25 von 44 3. LOS 2 - LEISTUNGEN DER PROJEKTSTEUERUNG 3.1 Beschreibung der Leistungen Organisation • Erstellen und Fortschreiben eines Projekthandbuchs Termine • Aufbau und mindestens monatliche Fortschreibun…	batch-028.json
286	TED:568897-2026	Germany – Financial consultancy services – 10021232 - Supporting the Financial Institutions Green Transition	Deutsche Gesellschaft für Internationale Zusammenarbeit (GIZ) GmbH	2026-08-31T23:59:59+02:00			LOW		n Country: Jordan Procedure type: Negotiated procedure with competitive tender Invitation to submit a request to participate Dear Sir/Madam, Thank you for your interest in this procurement procedure. The German Federal Ministry for Economic Cooperation and Development (BMZ) has commissioned us to i…	his letter and in the requirements for application included with the procurement documents. The request to participate consists of the following documents, which must be submitted in full: Page 2/4 • Self-declaration of eligibility with attachments • Declaration by candidate/bidding consortium (if …	batch-028.json
287	TED:569068-2026	Germany – Electrical machinery, apparatus, equipment and consumables; lighting – Kauf einer Vollkommissionierautomation für die Krankenhausapotheke, Gesamt-Aufnahmefähigkeit: 70.000 Klinik-Packungen, inklusive Wartung/Umsetzung an anderen Ort	Klinikum der Ludwig-Maximilians-Universität München (LMU Klinikum)	2026-08-21T23:59:59+02:00			LOW		ßlich die Summe der im Preisblatt als wertungsrelevant gekennzeichneten Positionen herangezogen. Die Preise für die Optionspositionen sind zwar anzugeben, bleiben bei der Ermittlung des Wertungspreises unberücksichtigt und fließen nicht in die Zuschlagswertung ein. Eine Verpflichtung des Auftraggeb…	ngsmodul | 1 | 0 | 0 | 0 Kistenentstapler | 1 | 0 | 0 | 0 Service und Wartung* | | | | Vollservicevertrag - Pauschale pro Jahr - nach Ablauf der Gewährleistung (gemäß Ziffer 1 „Leistungsumfang“) | 5 | 0 | 0 | 0 Umsetzung* | | | | Pauschalfestpreis für die Umsetzung der Vollkommissionierautomaten ab…	batch-028.json
288	TED:567388-2026	Germany – Office furniture – Rahmenvertrag über die Lieferung von Büromöbeln für die Stadt Salzgitter	Stadt Salzgitter	2026-09-07T23:59:59+02:00			LOW		von Fußboden bis Ende Rückenlehne ca. 83 cm, GS oder gleichwertig geprüft, Belastbarkeit ca. 110 kg, Sitzfläche mit Gestell verschraubt ===== FILE: files/26.1322.0_20Bewertungsbogen_20Bemusterung.pdf ===== Gebäudemanagement, Einkauf und Logistik Eigenbetrieb der Stadt Salzgitter (SZ-G.E.L.) Bearbei…	r Büromöbel ist mit einem hohen Aufwand verbunden. ===== FILE: files/26.1322.0_20Bewertungsmatrix.pdf ===== Seite 1 von 4 Gebäudemanagement, Einkauf und Logistik Eigenbetrieb der Stadt Salzgitter (SZ-G.E.L.) Bearbeitungsnummer: 2026-0171_26.1322.0 Leistung: Rahmenvertrag über die Lieferung von Büro…	batch-028.json
289	US-SAM:6a4b42dfe79d4fb19eb44f96d629105b	NATO Business Opportunity: Commercial-off-the Shelf (COTS) Event Management Software Platform	COMMERCE, DEPARTMENT OF	2026-09-17T13:00:00+00:00			LOW		............................................................................................ 7 19. Communications ........................................................................................... 8 20. Points of Contact .....................................................................…	===== FILE: files/RFP-ACT-SACT-26-67.pdf ===== NATO UNCLASSIFIED RFP-ACT-SACT-26-67 Norfolk, Virginia | USA HQ Supreme Allied Commander Transformation Purchasing and Contracting Section Office of Budget and Finance Request for Proposal RFP-ACT-SACT-26-67 Commercial-off-the Shelf (COTS) Event Manage…	batch-028.json
290	TED:558584-2026	Germany – Installation of metal joinery except doors and windows – RPTU KL-Landau, Modernisierung Küche, Erweiterung Spülküche, Küchentechnik Küche	Land Rheinland-Pfalz, vertreten durch das Ministerium der Finanzen, vertreten durch den Landesbetrieb Liegenschafts- und Baubetreuung Niederlassung Landau, vertreten durch die Nied	2026-09-15T10:00:00+02:00			LOW		tehend als Anlagen bezeichnet, die in der/den Bestandsliste/n vom33 24.09.2025 aufgeführt sind. Die Bestandsliste/n ist/sind Vertragsbestandteil (siehe Nr. 12, Anhang 1). 2. Leistungen des Auftragnehmers 2.1 Dem Auftragnehmer werden die in der/den Arbeitskarte/n vom 4 24.09.2025 beschriebenen Leist…	ungen nach Nr. 2.4 werden wie folgt vergütet (netto): Stundenverrechnungssatz: Vorarbeiter 0,000,00 €13 Facharbeiter 0,000,00 €14 Helfer 0,000,00 €14 Zuschlag für Leistungen außerhalb der betriebsüblichen Arbeitszeit Überstunden 00 %14 Nacht-/Schichtarbeit 00 %14 Sonn-/Feiertagsarbeit 00 %14 Fahrtk…	batch-028.json
291	TED:567204-2026	Germany – Plasterboard works – Neubau eines Kinderhauses mit Hort-, Kindergarten- und Krippenflächen	Montessori-Pädagogik Erlangen e.V.	2026-09-15T12:00:00+02:00			LOW		s 25 May 2018 Verlag Schawe GmbH Buchforststr. 1-15 Tel. +49 (0) 221/9 85 78-0 Fax +49 (0) 221/9 85 78-66 info@subreport.de www.subreport.de Cologne Local Court HRB 19319 Managing directors Edda Peters, Christiane Schäffer A company of subreport Holding GmbH sub report (2) The provisions of these G…	upplemented with regard to individual services by sections B. to F. of these GTC and the supplementary General Terms and Conditions for the subreport ELViS electronic tender information system. Page 2 of the General Terms and Conditions of Business Status 25 May 2018 Verlag Schawe GmbH Buchforststr…	batch-029.json
292	US-SAM:6a1609f79d2b434ab2225ef45af79b2f	VANCHCS Customizable Communication Platform Digital Signage	VETERANS AFFAIRS, DEPARTMENT OF	2026-08-31T22:00:00+00:00			LOW		RAM EDWOSB 8(A) NAICS: SIZE STANDARD: 11. DELIVERY FOR FOB DESTINA- TION UNLESS BLOCK IS MARKED SEE SCHEDULE 12. DISCOUNT TERMS 13a. THIS CONTRACT IS A RATED ORDER UNDER DPAS (15 CFR 700) 13b. RATING 14. METHOD OF SOLICITATION RFQ IFB RFP 15. DELIVER TO CODE 16. ADMINISTERED BY CODE 17a. CONTRACTOR…	provide the Government with the ability to independently manage and publish content during normal and urgent conditions. • The Vendor and technology shall remotely monitor the system and notify the Government when a communication display or associated equipment is malfunctioning or requires mainten…	batch-029.json
293	TED:566399-2026	Germany – Demolition work – Sanierung und Umbau Mühlenweg 61 für Musikschule und Neues Gymnasium Wilhelmshaven	Stadt Wilhelmshaven, FB 30 Rechtsamt, Zentrale Vergabestelle	2026-09-16T09:00:00+02:00			LOW		s 25 May 2018 Verlag Schawe GmbH Buchforststr. 1-15 Tel. +49 (0) 221/9 85 78-0 Fax +49 (0) 221/9 85 78-66 info@subreport.de www.subreport.de Cologne Local Court HRB 19319 Managing directors Edda Peters, Christiane Schäffer A company of subreport Holding GmbH sub report (2) The provisions of these G…	upplemented with regard to individual services by sections B. to F. of these GTC and the supplementary General Terms and Conditions for the subreport ELViS electronic tender information system. Page 2 of the General Terms and Conditions of Business Status 25 May 2018 Verlag Schawe GmbH Buchforststr…	batch-029.json
294	US-SAM:ca3475a439724b55a3429a34ac9fb6cd	New Mexico Air National Guard (NMANG) Advertising Services	DEPT OF DEFENSE	2026-09-08T20:00:00+00:00			LOW		nt_1_-_PWS_Goathead_FINAL.pdf ===== July 14, 2026 1 | P a g e Performance Work Statement (PWS) FOR New Mexico Air National Guard Sports Franchise Marketing and Partnership Package 1. General. The purpose of this partnership is to improve the visibility and community footprint of the New Mexico Air …	of ownership/copyright belonging exclusively to the Government. These documents and materials may not be used or sold by the contractor without written permission from KO. All materials supplied to the Government shall be the sole property of the Government and may not be used for any other purpose…	batch-029.json
295	US-SAM:6667495be5ef4e57be9ac4f21d694301	FY27 Shredder Services Recompete	DEPT OF DEFENSE	2026-08-24T16:00:00+00:00			LOW		ducted under the authority of FAR Overhaul, Part 12, Acquisition of Commercial Products and Commercial Services. The solicitation document and incorporated provisions and clauses are those in effect through Federal Acquisition Circular (FAC) 2026-01, dated March 13, 2026, and the Revolutionary FAR …		batch-029.json
296	US-SAM:6899b15401e14df3be4d10afb28233a0	STOWAGE LOCKER	DEPT OF DEFENSE	2026-08-24T18:00:00+00:00			LOW		DATE 7. FOR SOLICITATION INFORMATION CALL: a. NAME b. TELEPHONE NUMBER (No collect calls) 8. OFFER DUE DATE/ LOCAL TIME 9. ISSUED BY 13b. RATING 14. METHOD OF SOLICITATION CODE 15. DELIVER TO 16. ADMINISTERED BY CODE 18a. PAYMENT WILL BE MADE BY CODE17a. CONTRACTOR/ OFFEROR CODEFACILITY CODE CODE T…		batch-029.json
297	TED:567800-2026	Germany – Firefighting vehicles – Ein Hilfeleistungs-Löschgruppenfahrzeug HLF20	Stadt Ludwigsburg	2026-09-22T10:00:00+02:00			LOW		n Rahmenvereinbarung geschlossen: Keine Rahmenvereinbarung Angaben zum dynamischen Beschaffungssystem: Kein dynamisches Beschaffungssystem Bedingungen für die Einreichung eines Angebots Quelle der Eignungskriterien Auftragsunterlagen, Bekanntmachung Eignungskriterien Referenzen zu bestimmten Liefer…	ig (wie den Datenmengen, der dem Nutzer zur Verfügung stehenden Technik und der Internetbandbreite), daher trägt der Hersteller (Administration Intelligence AG) und der Staatsanzeiger keine Verantwortung für die rechtzeitige Übermittlung eines Angebots. Hierfür hat der Nutzer selbst Sorge zu tragen…	batch-029.json
298	TED:566830-2026	Lithuania – Uninterruptible power supplies – Nepertraukiamo maitinimo šaltiniai (UPS) LAN aktyviai įrangai NUTRAUKTAS	Valstybinio socialinio draudimo fondo valdyba prie Socialinės apsaugos ir darbo ministerijos	2026-08-31T09:00:00+03:00			LOW		ankstesnių (kitų) pirkimo procedūrų. Ekonominės veiklos vykdytojai oficialiai sutinka perkančiąjai organizacijai ar perkančiajam subjektui, nurodytam I dalyje, leisti susipažinti su dokumentais, kuriais patvirtinama informacija, pateikta šio Europos bendrojo viešųjų pirkimų dokumento III ir IV daly…	į skaičiuojant nuo suinteresuoto dalyvio prašymo pateikti laimėjusį pasiūlymą pateikimo perkančiajai organizacijai dienos iki tol, kol suinteresuotam dalyviui bus pateiktas minėtas pasiūlymas. Jeigu laimėjusio dalyvio pasiūlymas pateikiamas tą pačią dieną, kai buvo paprašyta, VPĮ 102 straipsnio 1 d…	batch-029.json
299	TED:567722-2026	Lithuania – Pipeline relaying works – Šilumos tinklų paskirties statinių (inžinerinių tinklų grupės) nuo ŠK 6T-15 iki ŠK 6T-20 Baltų pr., Kaune, rekonstravimo darbų pirkimas	AB „Kauno energija“ (PV)	2026-08-27T10:00:00+03:00	1300000.0	EUR	LOW		esnių (kitų) pirkimo procedūrų. Ekonominės veiklos vykdytojai oficialiai sutinka perkančiąjai organizacijai ar perkančiajam subjektui, nurodytam I dalyje, leisti susipažinti su dokumentais, kuriais patvirtinama informacija, pateikta šio Europos bendrojo viešųjų pirkimų dokumento III ir IV dalyse, k…	jėgumais remiasi Tiekėjas, – pagal jų prisiimamus įsipareigojimus Sutarčiai vykdyti. Tiekėjas gali remtis kitų ūkio subjektų pajėgumais tik tuo atveju, jeigu tie subjektai patys vykdys tą Sutarties dalį, kuriai reikia jų turimų pajėgumų. Subtiekėjai privalo laikytis reikalaujamo aplinkos apsaugos v…	batch-029.json
300	ZA_ETENDERS_OCDS:ocds-9t57fa-165433-2026-08-13	MBTC-SCM/128/2026	Mandela Bay Theatre Complex	2026-08-20T11:00:00+00:00		ZAR	LOW		osing date and time of the quotation request. e) Quotation must be valid for a period of 90 days. f) Supplier must break down the prices when quoting. g) Complete the attached SBD 4 and SBD 6.1 h) Evaluation criteria: 80/20 i) No prepayment/upfront payment will be paid by Mandela Bay Theatre Comple…	reserves the right to require of a tenderer, either before a tender is adjudicated or at any time subsequently, to substantiate any claim in regard to preferences, in any manner required by the organ of state. 2. DEFINITIONS (a) “tender” means a written offer in the form determined by an organ of s…	batch-029.json
301	ZA_ETENDERS_OCDS:ocds-9t57fa-165815-2026-08-17	MBTC-SCM/132/2026	Mandela Bay Theatre Complex	2026-08-24T11:00:00+00:00		ZAR	LOW		) Supplier to adhere to the closing date and time of the quotation request. e) Quotation must be valid for a period of 90 days. f) Supplier must break down the prices when quoting. g) Complete the attached SBD 4 and SBD 6.1 h) Evaluation criteria: 80/20 i) No prepayment/upfront payment will be paid…	reserves the right to require of a tenderer, either before a tender is adjudicated or at any time subsequently, to substantiate any claim in regard to preferences, in any manner required by the organ of state. 2. DEFINITIONS (a) “tender” means a written offer in the form determined by an organ of s…	batch-030.json
302	ZA_ETENDERS_OCDS:ocds-9t57fa-165559-2026-08-13	0010573977	Electoral Commission (IEC)	2026-09-03T11:00:00+00:00		ZAR	LOW		===== FILE: files/LGE2026 Universal Ballot template _ 0010573977.pdf ===== ELECTORAL COMMISSION BID SPECIFICATIONS UNIVERSAL BALLOT TEMPLATES (UBT) TEMPLATES - CARDBOARD VERSION AUCTION NUMBER:0010573977 It is strongly recommended that the bidder prints this document, scrutinises it carefully in or…	t note that prices cannot be negotiated or amended after auction closure. 14.7. Amounts on the auction and/or official purchase order will be considered as the final and total price and thus cannot be amended/changed at any given time by the service provider during and after the service has been re…	batch-030.json
303	US-SAM:6ee95a2c48aa45cd8b8e9dc2366c4c6b	BELA/QUARTZ CREEK PORTABLE FUEL TANK	INTERIOR, DEPARTMENT OF THE	2026-09-04T01:00:00+00:00			LOW		SOLICITATION INFORMATION CALL: a. NAME b. TELEPHONE NUMBER (No collect calls) 8. OFFER DUE DATE/ LOCAL TIME 9. ISSUED BY 13b. RATING 14. METHOD OF SOLICITATION CODE 15. DELIVER TO 16. ADMINISTERED BY CODE 18a. PAYMENT WILL BE MADE BY CODE17a. CONTRACTOR/ OFFEROR CODE FACILITY CODE CODE TELEPHONE NU…		batch-030.json
304	US-SAM:1cce3da03a5c45e08d39016e0872e54f	Spacecraft Processing and Operations Contract (SPOC) On-Ramp	NATIONAL AERONAUTICS AND SPACE ADMINISTRATION	2026-09-17T00:00:00+00:00			LOW		ustry interest and capability, assist the Agency in developing the acquisition strategy, and facilitate consideration of a potential small business set-aside. This industry input was considered in the original SPOC solicitation. The resultant solicitation included Clause 2.22, On-Ramp Insertion as …	ing cadence of upcoming launches has made sole reliance on this single facility a critical vulnerability. The CUI//SP-SSEL 2 absence of adequate payload processing service facilities would place mission readiness and launch schedules at significant risk, creating critical vulnerabilities that could…	batch-030.json
305	US-SAM:7bfbadc726404418a173c091eb412bef	FCI TALLADEGA 1ST QTR 281 Dairy Solicitation	JUSTICE, DEPARTMENT OF	2026-08-31T21:00:00+00:00			LOW		CFR 700) 13b. RATING X REQUEST FOR QUOTE (RFQ) INVITATION FOR BID (IFB) REQUEST FOR PROPOSAL (RFP) 14. METHOD OF SOLICITATION CODE15. DELIVER TO CODE 15B31316. ADMINISTERED BY Federal Bureau of Prisons FCI Talladega 565 E RENFROE ROAD Talladega, AL 35160 FACILITY CODE CODE TELEPHONE NUMBER 17a. CON…		batch-030.json
306	US-SAM:ccbf35eacccf424782db4206e2f7521c	FY27_Purchase Agents for Air Force Credentialing Opportunities On-Line (AFCOOL)_Draft Solicitation Questions and Answers	DEPT OF DEFENSE	2026-08-21T21:00:00+00:00			LOW		extend the time required to issue the CAC card. The 10-day gap pertains to turnover throughout the contract period. 8. PWS 3.4 (SS 02) Service Summary SS 02 (PWS paragraph 3.4) sets a payment error rate threshold of no more than 1% per month. Please define "payment error" for this metric (e.g., ove…	13. Attachment 2 (PPI) Attachment 2 (Past Performance Information) requests a "DUNS Number," which was discontinued government-wide in April 2022 in favor of the Unique Entity Identifier (UEI) issued through SAM.gov. Please confirm offerors should provide their UEI in lieu of a DUNS number on the P…	batch-030.json
307	US-SAM:f553bd0bcbbe4f49b2d0fb443483f76e	Total Small Business Set Aside for Brand Name or Equal - A/V Laptops	DEPT OF DEFENSE	2026-08-20T16:00:00+00:00			LOW		ware, Software, and Services Developed or Provided by Kaspersky Lab and Other Covered Entities (Nov 2021) 52.204-24 Representation Regarding Certain Telecommunications and Video Surveillance Services or Equipment (Nov 2021) 52.204-25 Prohibition on Contracting for Certain Telecommunications and Vid…		batch-030.json
308	US-SAM:9f59f8398e014950a96f2e3986f6ef27	SOLICITATION- US ARMY West Point Moving, Relocation of Archives Special Collections	DEPT OF DEFENSE	2026-08-24T16:00:00+00:00			LOW		===== FILE: files/PAN_050061_W911SD-26-Q-A103_SOW_SAM_Library_Relocation.pdf ===== STATEMENT OF WORK DESCRIPTION OF SERVICES SCOPE OF WORK The Contractor shall furnish all labor, supervision, equipment, facilities, supplies, services and materials for the relocation of the Archives and Special Coll…		batch-030.json
309	US-SAM:03cfd13ace3340cb8f140bedff78662b	Liquid Helium Dewars and Piping for the Helium Liquefier System	NATIONAL AERONAUTICS AND SPACE ADMINISTRATION	2026-08-24T18:00:00+00:00			LOW		===== FILE: files/SATPC0042028_Tab_04_4_Specifications.pdf ===== Title: HeLD Helium Dewar Specification (HeLD-SPEC-019) NASA Glenn Research Center Revision: 1 of 10 Specification Liquid Helium Distribution Dewars June 22, 2026 1. Background This document defines the design and fabrication requireme…	(3) Identification of carrier; (4) Notation "UNITED STATES GOVERNMENT, _____ [agency] _____, Duty-free entry to be claimed pursuant to Item No(s) _____ [from Tariff Schedules] _____, Harmonized Tariff Schedules of the United States. Upon arrival of shipment at port of entry, District Director of Cu…	batch-030.json
310	US-SAM:469ec74f245d4d59aec6f3e3665d31f8	Nitrogen Generator System	DEPT OF DEFENSE	2026-08-21T21:30:00+00:00			LOW		for Nitrogen Generator System What electrical power do you have available for this unit? (Volts, Amps, Hertz.) As shown in the photos, the panel has 240/120V AC, 225 Amps total bus bar capacity, and 60Hz. That panel looks to have some outlets and our two split system AC units connected to it. Does …	s it indoor or outdoor? It is indoors. Inside of a room, within a large hanger. Could you please confirm whether the nitrogen generation system will be installed in a climate-controlled room? If not, could you also provide the expected minimum and maximum ambient operating temperatures at the insta…	batch-030.json
311	TED:568561-2026	Lithuania – Tools – 2026-ESO-738-10 kV teleskopinės lazdos ir jų priedai	UAB Ignitis grupės paslaugų centras (PV)	2026-09-02T10:00:00+03:00	80000.0	EUR	LOW		ialiai sutinka perkančiąjai organizacijai ar perkančiajam subjektui, nurodytam I dalyje, leisti susipažinti su dokumentais, kuriais patvirtinama informacija, pateikta šio Europos bendrojo viešųjų pirkimų dokumento III ir IV dalyse, kiek tai susiję su pirkimu, nurodytu I dalyje. Data, vieta ir, jei …	ruktūros plėtros projektuose; | Informacija apie tiekėjo ir jį kontroliuojančių asmenų dalyvavimą nesaugios branduolinės elektrinės statyboje, jos veikloje arba susijusiuose infrastruktūros plėtros projektuose; Informacija apie tiekėją (kontroliuojantys asmenys). | Informacija apie tiekėją (kontrol…	batch-031.json
312	TED:568487-2026	Slovenia – Food, beverages, tobacco and related products – Sukcesivna dobava konvencionalnih in ekoloških živil za obdobje 2 let	OSNOVNA ŠOLA SELNICA OB DRAVI	2026-08-31T10:00:00+02:00			LOW		svojih podatkov ter v 17. členu z navedbo kontaktne osebe. Ponudnik mora parafirati okvirni sporazum, in sicer vsako stran okvirnega sporazuma, s čimer jamči, da se bo, v primeru da bo izbran, strinjal s pogodbenimi določili. Naročnik si pridržuje pravico do manjših sprememb ali vsebinskih dopolnit…	dostave blaga v OŠ Selnica ob Dravi in enoti Vrtec Kobanček: med 6 in 7 uro zjutraj. | | | | | | | | | | | | | | | | | | | | | | | | | | | | | | | | | | | | | | | | | | | KRAJ IN DATUM: | | | | | | | | ODGOVORNA OSEBA: | | | | | | | | | | | | | | | | | | | | | | | | | | | | | | | | | | ===== FILE: …	batch-031.json
313	TED:551405-2026	Poland – Refuse-collection vehicles – Dostawa w formie leasingu operacyjnego fabrycznie nowego wielozadaniowego samochodu ciężarowego z urządzeniem hakowym oraz wymienną zabudową śmieciarkową o pojemności co najmniej 20 m³	Zakład Gospodarki Komunalnej sp. z o.o.	2026-09-15T09:00:00+02:00			LOW		dokumentację. Wykonawca oficjalnie wyraża zgodę na to, aby instytucja zamawiająca lub podmiot zamawiający określone w części I uzyskał(-a)(-o) dostęp do dokumentów potwierdzających informacje, które zostały przedstawione w części III i IV niniejszego jednolitego europejskiego dokumentu zamówienia n…	Element | Wyjaśnienie wykonawcy Dokładne wskazanie zastrzeżonych plików / informacji | Charakter techniczny, technologiczny, organizacyjny lub gospodarczy informacji | Wartość gospodarcza informacji | Brak powszechnej dostępności i brak ujawnienia | Działania podjęte w celu zachowania poufności | D…	batch-031.json
314	TED:554318-2026	Poland – Cleaning and sanitation services – Usługa kompleksowego sprzątania i utrzymania czystości w pomieszczeniach szpitalnych i administracji, utrzymania terenów zielonych, transport wewnętrzny i zewnętrzny, współdziałanie z personelem medycznym w zakresie 	Samodzielny Publiczny Zakład Opieki Zdrowotnej Opolskie Centrum Onkologii im. prof. Tadeusza Koszarowskiego w Opolu	2026-08-18T12:00:00+02:00			LOW		icjalnie wyraża zgodę na to, aby instytucja zamawiająca lub podmiot zamawiający określone w części I uzyskał(-a)(-o) dostęp do dokumentów potwierdzających informacje, które zostały przedstawione w części III i IV niniejszego jednolitego europejskiego dokumentu zamówienia na potrzeby postępowanie o …	ęp do dokumentów potwierdzających informacje, które zostały przedstawione w części III i IV niniejszego jednolitego europejskiego dokumentu zamówienia na potrzeby postępowanie o udzielenie zamówienia określonego w części I. Data, miejscowość oraz – jeżeli jest to wymagane lub konieczne – podpis(-y)…	batch-031.json
315	PL-BZP:08def7a6-addc-c2b4-962b-120001dad17b	PRZEBUDOWA DROGI WOJEWÓDZKIEJ NR 385 NA ODCINKU OD KM 77+015 DO KM 78+415	Zarząd Dróg Wojewódzkich w Opolu z up. Województwa Opolskiego	2026-08-26T08:00:00+00:00			LOW		kruszywie bazaltowym) % po- wierzch- ni NRa (0) NRa (0) ≥75 (2) 6. Pozostałość na sicie po 7 dniach magazynowan ia, sito 0,5 mm PN-EN 1429[7] % (m/m) ≤0,2 (3) ≤0,2 (3) ≤0,2 (3) Asfalt odzyskany i stabilizowany PN-EN 13074-1[14] i PN-EN 13074-2[15] - 7. Penetracja w 25°C asfaltu odzyskanego PN-EN 14…	owy wraz z załącznikami, nr 9 – specyfikacje techniczne wykonania i odbioru robót budowlanych, nr 10 – oświadczenie wykonawcy o aktualności informacji zawartych w oświadczeniu, o którym mowa w art. 125 ust. 1 ustawy Prawo zamówień publicznych w zakresie podstaw wykluczenia wskazanych przez zamawiaj…	batch-031.json
316	PL-BZP:08def796-0fb5-adc7-962b-120001072197	„Przebudowa drogi gminnej nr 117394L w m. Żuków (na Szlachtę) i budowa drogi gminnej nr 104222L w miejscowości Stawki”	Gmina Włodawa	2026-08-26T08:00:00+00:00			LOW		C NRa 0 NRa 0 NRa 0 Stabilność magazynowa- nia. Różnica temperatur mięknienia PN-EN 13399 [57] PN-EN 1427 [22] °C ≤ 5 2 ≤ 5 2 ≤ 5 2 Stabilność magazynowa- nia. Różnica penetracji PN-EN 13399 [57] PN-EN 1426 [21] 0,1 mm NRa 0 NRa 0 NRa 0 Wymagania Dodatkowe Spadek tem- peratury mięknienia po starzen…	egzemplarz dla Wykonawcy. Ustępu poprzedzającego nie stosuje się w przypadku zawarcia Umowy w formie elektronicznej (z kwalifikowanymi podpisami elektronicznymi). W takim przypadku za datę zawarcia Umowy Strony rozumieją dzień złożenia przez ostatnią z nich podpisu na Umowie. Załącznikami do umowy …	batch-031.json
317	WORLD-BANK:OP00462226	Technical Consultant with a Background in Economics to Support the Ministry of Health in the Implementation of the State Guaranteed Benefits Program №1		2026-08-28T00:00:00+00:00			LOW		</strong></p><p><strong>Date of publication:</strong>&nbsp;&nbsp;&nbsp; 14-08-2026</p><p><strong>Deadline for applications:</strong>&nbsp;&nbsp;&nbsp; 28-08-2026</p><p>&nbsp;</p><p>As part of the implementation of the Primary Health Care Quality Improvement Operation (PHCQIO) Additional Financing P…	At least 10 years of professional experience in healthcare financing, health economics, public finance, health system reforms, or healthcare program management.</li><li>Practical experience in the development, implementation, or improvement of healthcare financing mechanisms, including provider pay…	batch-031.json
318	TED:572119-2026	Romania – Pick-ups – Furnizarea prin leasing financiar a 4 autocamionete cu benă basculabilă trilaterală	PUBLISERV SA	2026-09-04T15:00:00+03:00	991000.0	RON	LOW				batch-031.json
319	TED:567206-2026	Ireland – Services furnished by business, professional and specialist organisations – Single Party Framework Agreement for Prison Service Strategic and Technical Professional Services	Irish Prison Service	2026-08-31T12:00:00+01:00	2500000.0	EUR	LOW		.................................................................................................... 1 1.1.1 The Prison Estate............................................................................................................. 1 1.2 Small and Medium Enterprise participation ...............…	.. 3 2.2.1 Background ..................................................................................................................... 3 2.2.2 Nature and Scope of the Framework Requirements ...................................................... 4 2.3 Anticipated Timeline ......................…	batch-031.json
320	TED:555069-2026	Ireland – Works for complete or part construction and civil engineering work – WCC342026 Local Building Maintenance And Refurbishment Works	Wicklow County Council	2026-09-03T12:00:00+01:00	40000000.0	EUR	LOW		===== FILE: files/2199_8815575_unpacked/10_QW_Part_2 2026.docx ===== Suitability Assessment Questionnaire Part 2 Applicant Details and Declaration May be used to respond to QW1, QW2 or QW3a General Capitalised terms in this Part 2 have the same meaning as in Part 1 of the Questionnaire. The Applica…	subsidiary company: | Complete where the entity above is a subsidiary company: Name and address of parent company and interest parent has in entity company (for example, wholly owned by single parent company): | | | | | Parent Company Registration No.: | | | | | Parent Company Tax Reference No.: | …	batch-031.json
321	US-SAM:3d8cd311bedc4fba8153f210cc09038b	Mental Health Mobile Apps Design, Development, and Research Support	VETERANS AFFAIRS, DEPARTMENT OF	2026-08-19T14:00:00+00:00			LOW		===== FILE: files/36C10B26Q0640_1_-_Final.docx ===== GENERAL INFORMATION ADDITIONAL INFORMATION DESCRIPTION The Government’s intent is to award a sole source contract to Vertical Design, Inc, a Small Business, CAGE Code: 7GWE8. The statutory authority permitting other than full and open competition…	USA ARCHIVE | 15 DAYS AFTER THE RESPONSE DATE RECOVERY ACT FUNDS | N PRODUCT SERVICE CODE* | DA01 NAICS CODE* | 541512 CONTRACTING OFFICE ADDRESS | Department of Veterans Affairs Technology Acquisition Center 23 Christopher Way Eatontown NJ 07724 POINT OF CONTACT* | Contract Specialist Ana Subashi …	batch-032.json
322	TED:568637-2026	Germany – Lift installation work – UzK, Geb. 330, Neubau Chemie, Förderanlagen-Aufzug	Universität zu Köln Vergabestelle Bau	2026-09-08T23:59:59+02:00			LOW		_ 1/1 ===== FILE: files/244_20GAEB.docx ===== Ergänzung der Aufforderung zur Abgabe eines Angebots Bearbeitungsphasen, Datenaustausch, allgemeine Regelungen Bearbeitungsphasen Datenaustausch ist von der ausschreibenden Stelle / dem Auftraggeber vorgesehen für folgende Bearbeitungsphasen: - Angebots…	14.11.2024 www.ppm-raum.de Seite 2 von 2 Universität zu Käln Dateinamenskonvention PPM Stand:22.07.2024 3 3 0 _ 2 3 _ 0 0 9 _ A B B _ A B _ 2 4 1 0 3 1 _ F R E I T E X T _ V _ 1 . pdf 2 bis 5 Stellen ABB Abbruch AB Abnahme FORMAT: JJMMTT ohne eingereicht ohne erstes Original pdf ARC Architektur AG …	batch-032.json
323	TED:551016-2026	Germany – Architectural, construction, engineering and inspection services – SV-FLA-260708-004 - Modernisierung U-Bahnhof Hauptbahnhof oben, Tragwerksplanung	Stadtwerke München GmbH	2026-08-18T12:00:00+02:00			LOW		ung (PDF, 297 KB) Leistungsverzeichnis (PDF, 2 MB) Referenznummer: SV-FLA-260731-004 Objekt: PRS: Neukonzeption Sauna Prinzregentenstadion Leistung: Fassadenarbeiten Ausschreibungsart: Offenes Verfahren nach VOB/A Abschnitt 2 Einreichungsfrist: 07.09.2026 um 14:00 Uhr Bekanntmachung (PDF, 148 KB) E…	er Auftraggeber einer Bekanntgabe vorher nicht schriftlich zugestimmt hat, vertraulich zu behandeln und geheim zu halten und nur für die Ausführung der Leistungen zu nutzen und nicht an Dritte, weder vollständig noch teil- weise noch in sonstiger Weise weiterzugeben, sowie allen Personen, die im Ra…	batch-032.json
324	US-SAM:97af0b68d47f48c3bc0fb0f34b56f4f4	Emergency Aeromedical Evacuation Services	DEPT OF DEFENSE	2026-08-21T18:00:00+00:00			LOW	training-course	ity, and 24/7 dispatch readiness (CLIN x001). 2. Evacuation Missions (Task Order): Execution of air ambulance flights on an as-needed basis (CLIN x002). 1.6 PERIOD OF PERFORMANCE The period of performance shall be for one (1) Base Year of 12 months and four (4) 12-month option years. □ Base Year: 0…	rmy Airfield (KWA) within 24 hours of mission notification. □ Safety: Conduct bedside-to-bedside transport utilizing fixed-wing pressurized aircraft fully certified for long-range over-water operations. 1.5 SCOPE The Contractor shall provide two distinct categories of service: 1. Availability (Reta…	batch-032.json
325	TED:567623-2026	Romania – Construction supervision services – Servicii de Supervizare „Largire la 4 benzi a centurii rutiere a Municipiului Bucuresti Sud intre A1 (km 55+520) si DN 5 (km 40+000) – LOT II Largire la 4 benzi a centurii rutiere a Municipiului Bucuresti Sud intre	COMPANIA NATIONALA DE ADMINISTRARE A INFRASTRUCTURII RUTIERE S.A.	2026-09-07T15:00:00+03:00	17673600.0	RON	LOW			cu Golescu, nr. 38, sector 1; Localitate: Bucuresti; Cod Postal: 010873; Tara: Romania; Codul NUTS: RO321 Bucureşti; Adresa de e-mail: victor.stefan@andnet.ro; Nr de telefon: +40 212643299; Adresa web a sediului principal al autoritatii/entitatii contractante(URL) https://cnadnr.ro; Sistemul Electr…	batch-032.json
326	TED:568216-2026	Germany – Construction work – Zusammenlegung Klinika JHD-Deichhorst und JHD-Mitte - Neubau Delme Klinikum Delmenhorst - Estricharbeiten	Delme Klinikum Delmenhorst GmbH	2026-09-01T10:00:00+02:00			LOW		s 25 May 2018 Verlag Schawe GmbH Buchforststr. 1-15 Tel. +49 (0) 221/9 85 78-0 Fax +49 (0) 221/9 85 78-66 info@subreport.de www.subreport.de Cologne Local Court HRB 19319 Managing directors Edda Peters, Christiane Schäffer A company of subreport Holding GmbH sub report (2) The provisions of these G…	upplemented with regard to individual services by sections B. to F. of these GTC and the supplementary General Terms and Conditions for the subreport ELViS electronic tender information system. Page 2 of the General Terms and Conditions of Business Status 25 May 2018 Verlag Schawe GmbH Buchforststr…	batch-032.json
327	TED:568694-2026	Germany – Sanitary fixture installation work – Neubau Brandschutz- und Ausbildungszentrums (BAZ) am Standort Newel	Verbandsgemeindeverwaltung Trier-Land	2026-09-14T12:45:00+02:00			LOW		s 25 May 2018 Verlag Schawe GmbH Buchforststr. 1-15 Tel. +49 (0) 221/9 85 78-0 Fax +49 (0) 221/9 85 78-66 info@subreport.de www.subreport.de Cologne Local Court HRB 19319 Managing directors Edda Peters, Christiane Schäffer A company of subreport Holding GmbH sub report (2) The provisions of these G…	upplemented with regard to individual services by sections B. to F. of these GTC and the supplementary General Terms and Conditions for the subreport ELViS electronic tender information system. Page 2 of the General Terms and Conditions of Business Status 25 May 2018 Verlag Schawe GmbH Buchforststr…	batch-032.json
328	TED:567459-2026	Germany – Heating, ventilation and air-conditioning installation work – Theodor-Heuss-Schule, Erweiterung als 3,5-zügige Grundschule mit Nachmittagsbetreuung - Heizung	Hanau Immobilien- und Baumanagement, Eigenbetrieb der Stadt Hanau	2026-09-22T11:00:00+02:00			LOW		s 25 May 2018 Verlag Schawe GmbH Buchforststr. 1-15 Tel. +49 (0) 221/9 85 78-0 Fax +49 (0) 221/9 85 78-66 info@subreport.de www.subreport.de Cologne Local Court HRB 19319 Managing directors Edda Peters, Christiane Schäffer A company of subreport Holding GmbH sub report (2) The provisions of these G…	upplemented with regard to individual services by sections B. to F. of these GTC and the supplementary General Terms and Conditions for the subreport ELViS electronic tender information system. Page 2 of the General Terms and Conditions of Business Status 25 May 2018 Verlag Schawe GmbH Buchforststr…	batch-032.json
329	TED:567157-2026	Germany – Construction work – Aufstockung Parkhaus Johannes-Haag-Str. 7	Stadtwerke Augsburg Holding GmbH, Bau-Einkauf	2026-09-17T07:00:00+02:00			LOW		s 25 May 2018 Verlag Schawe GmbH Buchforststr. 1-15 Tel. +49 (0) 221/9 85 78-0 Fax +49 (0) 221/9 85 78-66 info@subreport.de www.subreport.de Cologne Local Court HRB 19319 Managing directors Edda Peters, Christiane Schäffer A company of subreport Holding GmbH sub report (2) The provisions of these G…	upplemented with regard to individual services by sections B. to F. of these GTC and the supplementary General Terms and Conditions for the subreport ELViS electronic tender information system. Page 2 of the General Terms and Conditions of Business Status 25 May 2018 Verlag Schawe GmbH Buchforststr…	batch-032.json
330	TED:567261-2026	France – Safety equipment – 25046_DSD_ Location équipements contrôle d'identités	1-MMA	2026-09-11T00:00:00+02:00			LOW		2 DOCUMENTS CONTRACTUELS ................................ ................................ ................................ ................5 3 INTERLOCUTEURS ................................ ................................ ................................ ................................ ..6 3.1 …	===== FILE: files/25046_DSD_ DCE publi__unpacked/25046_DSD_ DCE publie/25046 AE_ Location equipements controle identites_unpacked/[Content_Types].xml ===== <?xml version="1.0" encoding="UTF-8" standalone="yes"?> <Types xmlns="http://schemas.openxmlformats.org/package/2006/content-types"><Default Ex…	batch-032.json
331	TED:567035-2026	Estonia – Engineering services – Tallinna valgustuspunktipõhise juhtimissüsteemi soetamine ja paigaldus	Tallinna Keskkonna- ja Kommunaalamet	2026-08-31T12:00:00+03:00	10020000.0	EUR	LOW		===== FILE: files/files_unpacked/305174_ESPD_v2.0_laiendatud.xml ===== <?xml version="1.0" encoding="UTF-8"?> <QualificationApplicationRequest xmlns:ext="urn:oasis:names:specification:ubl:schema:xsd:CommonExtensionComponents-2" xmlns="urn:oasis:names:specification:ubl:schema:xsd:QualificationApplic…	===== FILE: files/files_unpacked/305174_ESPD_v2.0_laiendatud.xml ===== <?xml version="1.0" encoding="UTF-8"?> <QualificationApplicationRequest xmlns:ext="urn:oasis:names:specification:ubl:schema:xsd:CommonExtensionComponents-2" xmlns="urn:oasis:names:specification:ubl:schema:xsd:QualificationApplic…	batch-033.json
332	US-SAM:51c236ca4586473ba1a228b669e6ded5	J065--BD PYXIS (CATO) Maintenance Support Services	VETERANS AFFAIRS, DEPARTMENT OF	2026-09-04T21:00:00+00:00			LOW		===== FILE: files/36C26326Q1034_1.docx ===== GENERAL INFORMATION PLACE OF PERFORMANCE ADDITIONAL INFORMATION DESCRIPTION NOTICE OF INTENT TO AWARD SOLE SOURCE: Department of Veterans Affairs (VA) Regional Procurement Office Central (RPOC), Network Contracting Office 23 (NCO 23) intends to award a s…	E | 30 DAYS AFTER THE RESPONSE DATE RECOVERY ACT FUNDS | N SET-ASIDE | PRODUCT SERVICE CODE* | J065 NAICS CODE* | 811210 CONTRACTING OFFICE ADDRESS | DEPARTMENT OF VETERANS AFFAIRS NETWORK CONTRACTING OFFICE 23 1303 5TH STREET, SUITE 300 CORALVILLE IA 52241 POINT OF CONTACT* | ADDRESS | | | | | POS…	batch-033.json
333	US-SAM:2e465ca0014144fdb2fd269c176aed9e	FY26 RANGE SUPPORT	DEPT OF DEFENSE	2026-08-19T21:00:00+00:00			LOW		te) IMPORTANT: This is a request for information and quotations furnished are not offers. If you are unable to quote, please so indicate on this form and return it to the address in Block 5a. This request does not commit the Government to pay any costs incurred in the preparation of the submission …	Invoicing Help & Instructions: Visit the website at https://wawf.eb.mil/ and you can find help via the link "Vendors - Getting Started Help" under the New User section. EARLY AND PARTIAL SHIPMENTS ARE ACCEPTABLE VENDOR - IF ELECTRONIC EQUIPMENT, PLEASE MARK BOX/PACKAGE CONTAINING ELECTRONIC EQUIPME…	batch-033.json
334	US-SAM:828987e8233e4390aebffa3ff35fa4cd	Open, Inspect, Repair of Z Drive Clutch	HOMELAND SECURITY, DEPARTMENT OF	2026-08-27T13:00:00+00:00			LOW		n shall include, at a minimum, the subcontractor’s name, business size, and a brief description of the work to be performed. The Government will evaluate the offeror’s proposed use of subcontractors as part of its assessment of technical capability and performance risk, including the offeror’s abil…		batch-033.json
335	TED:568261-2026	Poland – Computer equipment and supplies – Dostawa wraz z transportem, rozładowaniem i wniesieniem sprzętu komputerowego dla jednostek UMP w ramach umowy ramowej.	Uniwersytet Medyczny im. Karola Marcinkowskiego w Poznaniu	2026-08-31T10:00:00+02:00			LOW			otykowy o przekątnej 8,8 cm Skanowania do chmury Skanowania bezpośrednio do e-mail / PDF. Skanowanie do pamięci USB Dołączone akcesoria | Kabel zasilający Kabel USB Tonery startowe Wymiary maksymalne (dopuszczana tolerancja +/-10%) | Szerokość: 410 mm Wysokość: 462 mm Głębokość: 401 mm Waga: 21,90 …	batch-033.json
336	ZA_ETENDERS_OCDS:ocds-9t57fa-165594-2026-08-14	GT/GPT/025/2026	Gauteng - Provincial Treasury	2026-09-04T11:00:00+00:00		ZAR	LOW		E R 3. PERSONS WHO WILL BE INVOLVED IN THE PROJECT AND RATES APPLICABLE (CERTIFIED INVOICES MUST BE RENDERED INTERMS HEREOF). PERSON AND POSITION HOURLY RATE DAILY RATE R R R R R R R R 4. PHASES ACCORDING TO WHICH THE PROJECT WILL BE COMPLETED, COST PER PHASE AND MAN-DAYS TO BE SPENT PERSON AND POS…	of s tate reserves the right to require of a tenderer, either before a tender is adjudicated or at any time subsequently, to substantiate any claim in regard to preferences, in any manner required by the organ of state. 2. DEFINI TIONS (a) “tende r” means a written offer in the form determined by a…	batch-033.json
337	ZA_ETENDERS_OCDS:ocds-9t57fa-165560-2026-08-13	REQ0006013-Reissue	South African National Accreditation System	2026-08-19T11:00:00+00:00		ZAR	LOW		consultant and support services 13 Aug.pdf ===== F 276-01 2021-08-03 ©SANAS Page 1 of 14 PLEASE COMPLETE AND SUBMIT TOGETHER WITH REQUIRED DOCUMENTS AND QUOTATION DATE OF ISSUE: 13 August 2026-Reissue REQUISITION NUMBER REQ0006013 CLOSING DATE: 19 August 2026 CLOSING TIME: 11:00 QUOTE VALIDITY: 60 …	provide comprehensive labour relations support for an organisation with a headcount of not more than 90 employees. For pricing purposes, prospective service providers should note the following: • SANAS has an employee headcount of not more than 90 employees. • Based on historical trends, SANAS atte…	batch-033.json
338	US-SAM:3e89ac100b284b6b907f826ea904a4cc	Next Generation Command and Control (NGC2) - Commercial Solutions Opening (CSO)	DEPT OF DEFENSE	2027-05-16T15:00:00+00:00			LOW		nt may request favorable offeror(s) to submit full 3 proposals. Due to available resources, all Phase II eligible (“awardable”) offeror(s) may not receive a proposal request, and not all requested proposals will result in an award. Submission of a WP does not guarantee advancement to Phase II (Requ…		batch-033.json
339	US-SAM:f2e13e0e816b43e09908d86bd62e6173	Lock, Breech	DEPT OF DEFENSE	2026-09-01T15:30:00+00:00			LOW		current DD 2345, Military Critical Technical Data Agreement, must be on file with the Defense Logistics Information Service (DLIS) to access and view the TDP associated with this procurement. Does your firm have a current DD 2345 on file with DLIS? Requirement-specific Information. Please complete …	_________ | Manufacture the product itself; or | Supply a product manufactured by another small business if it is a nonmanufacturer; or | Supply the product of any sized manufacturer if the Small Business Administration has granted a waiver to the nonmanufacturer rule. | Yes | No | Approval Pending…	batch-033.json
340	US-SAM:734b6a8fcde74fcfa9ad605435cf1ffa	6695--In-vivo and Ex-vivo System with Laptop	VETERANS AFFAIRS, DEPARTMENT OF	2026-08-24T15:00:00+00:00			LOW		ument and incorporated provisions and clauses are those in effect through Federal Acquisition Circular 2026-01 Effective 03/13/2026. This solicitation is available for Full and Open Competition. The associated North American Industrial Classification System (NAICS) code for this procurement is 3345…		batch-033.json
341	US-SAM:d34795504bc847aea6773cee674e2349	Actuating Cylinder	DEPT OF DEFENSE	2026-08-21T20:00:00+00:00			LOW		===== FILE: files/SPRTA1-25-R-0329____0001.pdf ===== 17 Aug 2026 Amendment: SPRTA1-25-R-0329 0001 The purpose of this amendment is as follows: FIRST: In the best interest of the Government, the solicitation closing/response date has been extended. FROM: 6 Aug 2025 at 3:00 p.m. CST TO: 21 Aug 2026 a…		batch-034.json
342	US-SAM:dc178ddb464846daa1ea8db1262bb3fd	Low-Power Dual-Comb Laser	COMMERCE, DEPARTMENT OF	2026-08-26T20:00:00+00:00			LOW		===== FILE: files/Attachment_A_-_Request_for_Quote.pdf ===== ===== FILE: files/Attachment_B_-_Specifications.pdf ===== Requirements / Specification Document TITLE: Low-Power Dual-Comb Laser Requesting Laboratory / Division / Group: Communications Technology Laboratory Spectrum Technology and Resear…	ased on frequency combs. The critical technology for future fielded systems will be high performance, dual-frequency comb systems. In addition to achieving low relative phase noise by phase-locking to a common continuous wave laser, this dual comb system must also have low size-weight-and-power (SW…	batch-034.json
343	NO-DOFFIN:2026-112662	Henting, transport og behandling av bioavfall	Avfall Sør Husholdning AS	2026-08-24T10:00:00+00:00	60000000.0	NOK	LOW		ivareta hele verdikjeden fra henting ved oppdragsgivers avfallsanlegg på Støleheia, til endelig behandling. Løsningen skal understøtte oppdragsgivers arbeid med bærekraftig avfallshåndtering i regionen rundt Kristiansand og bidra til forutsigbar drift i kontraktsperioden. Anskaffelsen er særlig vik…	== Vi bruker cookies Vi bruker cookies for å sikre at du får beste opplevelse på vår nettside. For mer informasjon om hvordan vi bruker cookies, vennligst se vår cookie policy. Ved å klikke på "Godta", godtar du vår bruk av cookies. Les mer. Godta Avvis Hyyr 🇬🇧 EN Go to submission Active Framework …	batch-034.json
344	PL-BZP:08def6d7-1a5a-3132-962b-120001b3f572	Dostawa wraz z wdrożeniem i uruchomieniem oprogramowania oraz infrastruktury sprzętowej dla PUM Gubin realizowanego w ramach „Cyberbezpieczne Wodociągi"	PRZEDSIĘBIORSTWO USŁUG MIEJSKICH SPÓŁKA Z OGRANICZONĄ ODPOWIEDZIALNOŚCIĄ	2026-08-19T08:30:00+00:00			LOW		ostępniać wykrywanie potencjalnie niepożądanych, niebezpiecznych oraz podejrzanych aplikacji. 5. Rozwiązanie musi udostępniać wbudowaną technologię do ochrony przed rootkitami aktywnymi oraz ukrywającymi się. 6. Rozwiązanie musi udostępniać ochronę przed podłączeniem hosta do sieci botnet. 7. Rozwi…	WZ | Okres (data) wykonania | Podmiot (odbiorca), na rzecz którego dostawa została wykonana | Uwagi 1 | 2 | 3 | 4 | 5 | 6 1 | | | | | 2 | | | | | 3 | | | | | 4 | | | | | (…) | | | | | Lp. | Nazwisko i imię | Opis posiadanych kwalifikacji zawodowych | Funkcja (rola) w realizacji zamówienia | Podstaw…	batch-034.json
345	TED:552569-2026	Germany – Utility vehicles – Lieferung eines kommunalen Geräteträgers an den Baubetriebshof	Baubetriebshof Gengenbach	2026-09-10T10:00:00+02:00			LOW			ig (wie den Datenmengen, der dem Nutzer zur Verfügung stehenden Technik und der Internetbandbreite), daher trägt der Hersteller (Administration Intelligence AG) und der Staatsanzeiger keine Verantwortung für die rechtzeitige Übermittlung eines Angebots. Hierfür hat der Nutzer selbst Sorge zu tragen…	batch-034.json
346	TED:568412-2026	Slovenia – Insurance services – Zavarovanje premoženja in premoženjskih interesov naročnika URI Soča	Univerzitetni rehabilitacijski inštitut Republike Slovenije Soča	2026-08-25T10:00:00+02:00			LOW		===== FILE: files/RD_odprti del_popravek 14.8.2026_unpacked/RD_odprti del_popravek 14.8.2026/Naroƒnik_ESPD_popravek 14.8.2026.xml ===== <?xml version="1.0" encoding="UTF-8" standalone="yes"?> <ns4:QualificationApplicationRequest xmlns="urn:oasis:names:specification:ubl:schema:xsd:CommonBasicCompone…	===== FILE: files/RD_odprti del_popravek 14.8.2026_unpacked/RD_odprti del_popravek 14.8.2026/Naroƒnik_ESPD_popravek 14.8.2026.xml ===== <?xml version="1.0" encoding="UTF-8" standalone="yes"?> <ns4:QualificationApplicationRequest xmlns="urn:oasis:names:specification:ubl:schema:xsd:CommonBasicCompone…	batch-034.json
347	PL-BZP:08defcf8-ef68-ece4-962b-12000115c502	DOSTAWA ZAMKNIĘTEGO SYSTEMU DO POBIERANIA KRWI	Wojewódzki Szpital Specjalistyczny we Wrocławiu	2026-08-28T07:15:00+00:00			LOW			cji Oświadczam, świadom odpowiedzialności karnej z art. 297 Kodeksu karnego z dnia 6 czerwca 1997r. (Dz. U. 2025 r. poz. 383), że wszystkie informacje podane w powyższych oświadczeniach są aktualne i zgodne z prawdą oraz zostały przedstawione z pełną świadomością konsekwencji poważnego wprowadzenia…	batch-034.json
348	US-SAM:d74e1ea7654e430fbf88a5a574939bb1	S208--Tree Removal and Trimming Services	VETERANS AFFAIRS, DEPARTMENT OF	2026-08-31T16:00:00+00:00			LOW		lyOnVML /><w:allowPNG /><w:pixelsPerInch w:val="19" /></w:webSettings> ===== FILE: files/Attachment_1_-_Performance_Work_Statement.pdf ===== Performance Work Statement (PWS) Comprehensive Tree Services at Sheridan VAMC 1.0 Description of Services The Sheridan Veterans Affairs Medical Center (VAMC) …	ADDRESS | Department of Veterans Affairs Network Contracting Office NCO 19 6162 South Willow Drive, Suite 300 Greenwood Village CO 80111 POINT OF CONTACT* | Contracting Officer Aaron Thurber aaron.thurber@va.gov 303-712-5745 ADDRESS | Sheridan VA Medical Center | | | 1898 Fort Road | Sheridan WY PO…	batch-034.json
349	US-SAM:b2041646e2f24d7087b82df514b02cf8	C1DA--A/E Services Renovate Outpatient Clinics to PACT Project Number: 662-25-105	VETERANS AFFAIRS, DEPARTMENT OF	2026-09-07T19:00:00+00:00			LOW		REQUIREMENT The requirement is for Project 662-25-105 Renovate Outpatient Clinics to PACT at the San Francisco VA Medical Center, Building 203 Ground Floor A-Wing, to provide A/E design services to renovate 13,750 SF of existing Outpatient Mental Health, Physical and Occupational Therapy, and VA Po…	| C1DA | C1DA NAICS CODE* | 541330 | 541330 PLACE OF PERFORMANCE | San Francisco VA Medical Center | San Francisco VA Medical Center | 4150 Clement St | 4150 Clement St | San Francisco CA | San Francisco CA POSTAL CODE | 94121 | 94121 COUNTRY | USA | USA CONTRACTING OFFICE ADDRESS | Department of V…	batch-034.json
350	TED:567678-2026	Germany – Electricity – Lieferung elektrischer Energie ab 01.01.2027	Stiftung Zollverein	2026-09-07T23:59:59+02:00			LOW		sbeschränkungen (GWB) und der Vergabeverordnung (VgV). Jedes interessierte Unternehmen kann ein Angebot abgeben. Verhandlungen über die Angebote finden nicht statt. 2 Auftraggeber und Kommunikation Angabe Inhalt Auftraggeber Stiftung Zollverein Anschrift Bullmannaue 11, 45327 Essen Vergabenummer SZ…	TROM-2027 Vergabeunterlage Seite 3 7 Bietergemeinschaften Bietergemeinschaften sind zugelassen. Mit dem Angebot sind sämtliche Mitglieder, ihre Aufgaben, der bevollmächtigte Vertreter und die gesamtschuldnerische Haftung zu erklären. Mehrfachbeteiligungen eines Unternehmens sind offenzulegen; wettb…	batch-034.json
351	US-SAM:977723b3f8cf4ef8b935d238c76d60ae	Allen-Bradley CLX Workstation & ControlLogix 5590 Controller	NATIONAL AERONAUTICS AND SPACE ADMINISTRATION	2026-08-21T12:00:00+00:00			LOW		===== FILE: files/SATPC0042220_Tab_04_4_SOW..pdf ===== STATEMENT OF WORK 1. Objective/Requirements The NASA Langley Research Center (LaRC) requires the purchase of Allen- Bradley/Rockwell Automation products which are required to integrate directly with t he existing Rockwell Automation architectur…	(3) Identification of carrier; (4) Notation "UNITED STATES GOVERNMENT, _____ [agency] _____, Duty-free entry to be claimed pursuant to Item No(s) _____ [from Tariff Schedules] _____, Harmonized Tariff Schedules of the United States. Upon arrival of shipment at port of entry, District Director of Cu…	batch-035.json
352	TED:567382-2026	Lithuania – Reagents and contrast media – Reagentai ir eksploatacinės medžiagos (Nr. 10913-14)	VšĮ Respublikinė Vilniaus universitetinė ligoninė (PV)	2026-09-18T09:00:00+03:00			LOW		"w14"><w:divs><w:div w:id="933786959"><w:bodyDiv w:val="1"/><w:marLeft w:val="0"/><w:marRight w:val="0"/><w:marTop w:val="0"/><w:marBottom w:val="0"/><w:divBdr><w:top w:val="none" w:sz="0" w:space="0" w:color="auto"/><w:left w:val="none" w:sz="0" w:space="0" w:color="auto"/><w:bottom w:val="none" w…	dresu: https://kt.gov.lt/lt/atviri-duomenys/diskvalifikavimas-is-viesuju-pirkimu skelbiamą informaciją. | Tiekėjas yra įsteigtas arba dalyvauja pirkime vietoj kito asmens, siekiant išvengti VPĮ 46 straipsnio 4 ir 6 dalyse nurodytų pašalinimo pagrindų taikymo. | VPĮ 46 straipsnio 7 dalis EBVPD III d…	batch-035.json
353	TED:568115-2026	Estonia – Pipes and fittings – Maagaasijääkide põletamise seadme ühendustarvikud II	Elering AS	2026-09-16T12:00:00+03:00			LOW		l="none" w:sz="0" w:space="0" w:color="auto"/><w:right w:val="none" w:sz="0" w:space="0" w:color="auto"/></w:divBdr></w:div><w:div w:id="1921331002"><w:bodyDiv w:val="1"/><w:marLeft w:val="0"/><w:marRight w:val="0"/><w:marTop w:val="0"/><w:marBottom w:val="0"/><w:divBdr><w:top w:val="none" w:sz="0"…	anktsiooni objektiks või pärit sanktsiooni all olevatest piirkondadest. Hankija lükkab tagasi pakkumuse, mille alusel sõlmitav hankeleping oleks RSanS § 7 lg 1 alusel tühine. Küsimused ettevõtjale: 1. Pakkuja kinnitab, et pakutav kaup ei ole rahvusvahelise sanktsiooni objektiks ega pärit sanktsioon…	batch-035.json
354	US-SAM:7033814292c24b91949e517c799776e7	Compact Benchtop Mass Spectrometer (CMS) System	DEPT OF DEFENSE	2026-08-24T16:00:00+00:00			LOW		===== FILE: files/Attachment_01_-_Salient_Characteristics.pdf ===== Compact Benchtop Mass Spectrometer (CMS) | Technical Specifications Page 1 of 5 Salient Characteristics & Requirement Specifications Project: Compact Benchtop Mass Spectrometer (CMS) Document Type Technical Specification & Requirem…		batch-035.json
355	TED:568684-2026	Germany – Facade work – Neubau Hallenbad Stuhr: Vorhangfassade	Gemeinde Stuhr	2026-09-09T23:59:59+02:00			LOW		t der zu vergebenden Leistung vergleichbar sind Ich/Wir erkläre(n), dass ich/wir in den letzten fünf Kalenderjahren bzw. dem in der Auftragsbekanntmachung angegebenen Zeitraum1 vergleichbare Leistungen ausgeführt habe/haben. Bei einem Teilnahmewettbewerb füge(n) ich/wir meinem/unserem Teilnahmeantr…		batch-035.json
356	US-SAM:1a4ef25a74814c7285948d9b78164bd9	Corneal Analyzer OPD-Scan III Wavefront Aberrometer	VETERANS AFFAIRS, DEPARTMENT OF	2026-08-20T14:00:00+00:00			LOW		===== FILE: files/SOW_Marco.docx ===== General Conditions and Statement of Work Introduction The San Francisco VA Health Care System has a requirement to purchase Marco OPD-San III Visual System. This requirement is in support of a brand name or equal requirement. See VAAR Clause 852.211-73 – Brand…	ynamic skiascopy) Mapping Methods: OPD, Internal OPD, Zernike graph, PSF, MTF graph, Visual Acuity Corneal Topography Measurement Rings: 33 vertical, 39 horizontal Measurement Area: 0.5 to 11.0 mm (r = 7.9) Dioptric Range: 33.75 to 67.5 D Axis Range: 0 to 359˚ Data Points: More than 11,880 c. | Del…	batch-035.json
357	US-SAM:94600f996a5c4235963504d5d73be687	Spatial Light Modulator	COMMERCE, DEPARTMENT OF	2026-08-18T23:00:00+00:00			LOW		===== FILE: files/Attachment_1_-_Draft_Specifications.pdf ===== Requirements / Specification Document TITLE: Spatial Light Modulator Requesting Laboratory / Division / Group: Communications Technology Laboratory Radio Frequency Technology Division RFTD HQ Group (672.00) General Statement of Need: T…		batch-035.json
358	US-SAM:4bc7a6b08f094c27b75d5ddbabeb3f5a	FCI WIL - FY27 1st Quarter Dairy Requirements	JUSTICE, DEPARTMENT OF	2026-08-28T18:00:00+00:00			LOW		3b. RATING X REQUEST FOR QUOTE (RFQ) INVITATION FOR BID (IFB) REQUEST FOR PROPOSAL (RFP) 14. METHOD OF SOLICITATION 15B316CODE15. DELIVER TO Federal Bureau of Prisons FCI Williamsburg 8301 HWY 521 Salters, SC 29590 CODE16. ADMINISTERED BY FACILITY CODE CODE TELEPHONE NUMBER 17a. CONTRACTOR/ OFFEROR…		batch-035.json
359	PL-BZP:08defc4c-1940-e316-962b-12000115bda4	RDW w Parczewie: Przebudowa drogi wojewódzkiej Nr 813 Międzyrzec Podlaski – Parczew – Ostrów Lubelski – Łęczna na odcinku od km 28+765 do km 29+760	Zarząd Dróg Wojewódzkich w Lublinie	2026-09-02T08:00:00+00:00			LOW		a 0 NR a 0 Stabilność magazynowa- nia. Różnica temperatur mięknienia PN-EN 13399 [57] PN-EN 1427 [22] °C ≤ 5 2 ≤ 5 2 ≤ 5 2 Stabilność magazynowa- nia. Różnica penetracji PN-EN 13399 [57] PN-EN 1426 [21] 0,1 mm NRa 0 NR a 0 NR a 0 Wymagania Dodatkowe Spadek tem- peratury mięknienia po starzeniu wg P…	UDZIAŁU W POSTĘPOWANIU Oświadczenie składane na podstawie art. 273 ust. 2 ustawy z dnia 11 września 2019r Prawo zamówień publicznych (tekst jedn.: Dz. U. z 2026 r., poz. 793) - dalej: ustawa Pzp DOTYCZĄCE PRZESŁANEK WYKLUCZENIA Z POSTĘPOWANIA Oświadczenie składane na podstawie art. 117 ust. 4 ustaw…	batch-035.json
360	TED:570335-2026	Estonia – Miscellaneous software package and computer systems – Microsofti tarkvaralitsentside rentimine	Aktsiaselts Tallinna Lennujaam	2026-09-18T12:00:00+03:00	2500000.0	EUR	LOW			umile, tuleb lugeda selliselt, et see on täiendatud märkega „või sellega samaväärne“. Iga viidet, mida hankija teeb riigihanke alusdokumentides ostuallikale, protsessile, kaubamärgile, patendile, tüübile, päritolule või tootmisviisile, tuleb lugeda selliselt, et see on täiendatud märkega „või selle…	batch-035.json
361	PL-BZP:08defd08-f935-75bc-962b-12000115c75c	Opracowanie koncepcji projektowej dla zadania: Budowa obwodnicy m. Pniewy w ciągu drogi wojewódzkiej nr 187	WIELKOPOLSKI ZARZĄD DRÓG WOJEWÓDZKICH W POZNANIU	2026-08-26T10:00:00+00:00			LOW			cowość) Lp. | Nazwy (rodzaje) towaru lub usługi, których dostawa lub świadczenie będą prowadziły do powstania obowiązku podatkowego | Wartość towaru lub usługi objętego obowiązkiem podatkowym Zamawiającego, bez kwoty podatku | Stawka podatku od towarów i usług, która zgodnie z wiedzą Wykonawcy, będ…	batch-036.json
362	PL-BZP:08defcfe-1eea-6370-962b-12000115c5d1	Dostawa urządzeń przemysłowych do produkcji eksponatów w ramach inicjatywy SOWA	Centrum Nauki Kopernik	2026-08-28T08:30:00+00:00			LOW			zą podstawy wykluczenia z postępowania na podstawie art. 7 ust. 1 pkt: (jeżeli dotyczy) ……………………. - ustawy z dnia 13 kwietnia 2022 r. o szczególnych rozwiązaniach w zakresie przeciwdziałania wspieraniu agresji na Ukrainę oraz służących ochronie bezpieczeństwa narodowego (Dz. U. z 2022 r., poz. 835)…	batch-036.json
363	ZA_ETENDERS_OCDS:ocds-9t57fa-165626-2026-08-14	ICASA 05-2026	Independent Communications Authority of South Africa (ICASA)	2026-09-11T11:00:00+00:00		ZAR	LOW		) RACK SERVERS AND VMWARE LICENSES ON AN 80/20 PPPFA 2000: PREFERENTIAL PROCUREMENT REGULATIONS, 2022 The purpose of these terms of reference is to invite DELL accredited bidders to supply, deliver, deploy and support hardware solutions: 1. Dell PowerEdge MX760C Servers 2. Dell PowerEdge R450 3. De…		batch-036.json
364	US-SAM:8d18b5e8b0434d0eaf928ca7c33e0827	Domestic Datalink Services (DDLS) Market Survey 2	TRANSPORTATION, DEPARTMENT OF	2026-09-09T20:00:00+00:00			LOW		===== FILE: files/698KA8-DDLS_FY2026_MS_Question_and_Answer_Form.xlsx ===== [SHEET Instructions] | Domestic Datalink Services (DDLS) FY2026 Market Survey 698KA8-DDLS FY 2026-MS Question & Answer Form Any Vendor desiring an explanation or interpretation of the Market Survey (MS), drawings, specifica…	| | 21 | | | | | | 22 | | | | | | 23 | | | | | | 24 | | | | | | 25 | | | | | | | | Vendor Company Name: | | [Insert Offeror Company Name] | | | | Point of Contact Name: | | [Insert Point of Contact Name] | | | | Point of Contact Email: | | [Insert Point of Contact Email] | | | | Point of Contact Ph…	batch-036.json
365	US-SAM:872047b2e5d047ea97ea4ce91cdbebbb	Basic Expeditionary Airfield Resources (BEAR) Environmental Control Unit (ECU)	DEPT OF DEFENSE	2026-09-18T21:00:00+00:00			LOW		PTION Expeditionary Environmental Control Unit, 5 Ton 1. SCOPE 1.1 Scope. This purchase description (PD) covers a 60,000 British Thermal Units/hour (Btu/hr) Environmental Control Unit (ECU), which will be a heat pump configuration to provide cooling and heating to enclosed living areas. The package…	ocess. Factors to be considered in determining whether a modification is minor include the value and size of the modification and the comparative value and size of the final product. Dollar values and percentages may be used as guideposts but are not conclusive evidence that a modification is minor…	batch-036.json
366	PL-BZP:08defce1-a4bf-d337-962b-12000115c385	Modernizacja energetyczna obiektu użyteczności publicznej – Rajgród	GMINA RAJGRÓD	2026-09-02T12:30:00+00:00			LOW		a dla rozdzielnic elektrycznych oraz aparatury łączeniowej, sygnalizacyjnej i zabezpieczającej wg: PN-EN 50300:2006 Rozdzielnice i sterownice niskonapięciowe. Wymagania ogólne dotyczące niskonapięciowych kablowych rozdzielnic tablicowych do stacji elektroenergetycznych. Zastępuje PN-EN 50300:2005 (…	ownik w branży sanitarnej | Uprawnienia budowlane w specjalności: .......................................................... Uprawnienia Nr ……………………. wydane …………….……....………..… | 3. | | Kierownik w branży elektrycznej | Uprawnienia budowlane w specjalności: ..........................................…	batch-036.json
367	US-SAM:5f1958322e044d44980720b32add0152	Reference Laboratory Testing Services at US Naval Hospital, Guam	DEPT OF DEFENSE	2026-08-31T20:00:00+00:00			LOW		ed procedures, only one source being available to meet the Government’s needs, to: Diagnostic Laboratory Services, Inc. Unique Entity ID: DN7RRGGMEMN5 CAGE: 08ZF6 99-859 Iwaiwa St. Aiea, HI 96701-3267 Period of Performance: Base: 10/19/2026 – 10/18/2027 Option 1: 10/19/2027 – 10/18/2028 Option 2: 1…	to conduct a competitive procurement or to proceed with a sole source purchase order. If a vendor challenges the basis of this requirement, please email capability statements as a Microsoft Word or Adobe PDF attachment to Jocelyn.t.layson-castillo.civ@health.mil. The closing date for challenges is …	batch-036.json
368	US-SAM:cf25da16eefc47588b46ae2d2714afff	Transscleral Flood Illumination (TFI) add-on module for the rtx1 Adaptive Optics Retinal Camera	HEALTH AND HUMAN SERVICES, DEPARTMENT OF	2026-08-26T13:00:00+00:00			LOW		in effect through the Federal Acquisition Circular (FAC) 2005-99-1, July 16, 2018. This acquisition is conducted under the procedures as prescribed in FAR subpart 13-Simplified Acquisition Procedures at an amount not exceeding the simplified acquisition threshold ($350,000). STATUTORY AUTHORITY Thi…	Agent, at vishnuh@mail.nih.gov Fax responses will not be accepted. "All responsible sources may submit a capability statement, proposal, or quotation, which shall be considered by the agency.” Document Type: | Presolicitation Synopsis Number: | 75N98026Q01026 Posted Date: | AUGUST 17TH 2026 Origina…	batch-036.json
369	US-SAM:8cc39e9f21554803ba56a0a557ef5cee	J065--Fastpak Maintenance	VETERANS AFFAIRS, DEPARTMENT OF	2026-08-24T20:00:00+00:00			LOW		===== FILE: files/36C25726Q0852.docx ===== GENERAL INFORMATION PLACE OF PERFORMANCE ADDITIONAL INFORMATION DESCRIPTION Intent to Sole Source See attached document: Intent to Sole Source. See attached document: Statement of Work - Fast Pak Maint and Svc Contract ALM and KD. End of Document SUBJECT* …	North Texas Healthcare System Regional Procurement Office West (RPO-W) 124 E. Hwy 67, Suite 100 Duncanville TX 75137 POINT OF CONTACT* | Contract Specialist Lesley Kitchen Lesley.Kitchen@va.gov ADDRESS | South Texas Healthcare System | 7400 Merton Minter Blvd | | | San Antonio TX POSTAL CODE | 7822…	batch-036.json
370	US-SAM:d55a43cdd2d348c0a432be59e7f77d9f	SYSMEX QUALITY CONTROL KITS	VETERANS AFFAIRS, DEPARTMENT OF	2026-08-24T21:00:00+00:00			LOW		uthorized distributor, for XN-L CHECK. The Government requires the Sysmex brand-name XN-L CHECK, Material No. 213569, 12 x 3.0 mL, three levels, to support routine quality-control testing and performance monitoring of the existing analyzer. Sysmex America, Inc. has identified the XN-L CHECK as the …	75-822300 Laboratory-2632 Other Medical and Dental-0100J20P5 | Requisition Number: 541-26-4-775-2067 Appropriation: 541-3660160-775-822300 Laboratory-2632 Other Medical and Dental-0100J20P5 | Requisition Number: 541-26-4-775-2067 Appropriation: 541-3660160-775-822300 Laboratory-2632 Other Medical a…	batch-036.json
371	US-SAM:0abdd20be1024c98a8d65a54c6670717	Quantum Network pluggable 4-channel superconducting nanowire single-photon detector system	COMMERCE, DEPARTMENT OF	2026-08-19T16:00:00+00:00			LOW		) It □ is, □ is not a subsidiary of an inverted domestic corporation. FAR 52.212-2 Evaluation- Commercial Products and Commercial Services (a) Responses received to this RFQ will be evaluated on the basis of Lowest Price Technically Acceptable (LPTA). Quoters submitting a response must provide a co…	le 4-channel superconducting nanowire single-photon detector Solicitation No. NIST-AMD-TC-RQ-26-01477 1. Question: The technical speciﬁcations in the Requirements document states the required timing jitter for the Four (4) SNSPDs is <30 ps FWHM jitter. Would <40 ps be sufficient? Answer: A timing j…	batch-037.json
372	LT-CVP:139908	Serverių ir superkompiuterių užsakymai per CPO LT elektroninį katalogą (seno CVP IS Nr. 660238)	Viešoji įstaiga CPO LT	2031-05-05T09:00:00+00:00	25000000.0	EUR	LOW			a netaisyta): tikriausiai čia bus klaida: Pasiūlymo pateikimo terminas 2031-05-05 09:00 Atsakymas: Atkreipiame Jūsų dėmesį, kad DPS pirkimo skelbimo IV.2.2 p. „Pasiūlymų ar prašymų dalyvauti priėmimo terminas“ nurodomas bendras numatomas DPS galiojimo terminas, t.y. 2031-05-05, kuris atitinka DPS p…	batch-037.json
373	TED:556662-2026	Czechia – Chromatographs – Kapalinový chromatograf s hmotnostním spektrometrem izotopových poměrů (LC IRMS)	Státní zemědělská a potravinářská inspekce	2026-09-21T09:00:00+02:00	6033000.0	CZK	LOW		OCUMENTS AUTHORIZED SECTION NEN ZAKÁZKY GOV Basic Information PROCUREMENT PROCEDURE NAME Kapalinový chromatograf s hmotnostním spektrometrem izotopových poměrů (LC IRMS) CONTRACTING AUTHORITY Česká republika - Státní zemědělská a potravinářská inspekce NEN SYSTEM NUMBER N006/26/V00024855 CURRENT ST…	íku, nebo písemného čestného prohlášení v případě, že není v obchodním rejstříku zapsán, ve vztahu k § 74 odst. 1 písm. e), výpisu z obchodního rejstříku nebo jiné obdobné evidence, pokud jiný právní předpis zápis do takové evidence vyžaduje, ve vztahu k § 77 odst. 1. Dnem vložení do elektronického…	batch-037.json
374	PL-BZP:08def21f-9669-f005-962b-1200010b748c	Przebudowa ul. Bzów w Kołobrzegu	Gmina Miasto Kołobrzeg	2026-08-24T07:30:00+00:00			LOW			Zakres, rodzaj, pow. [m²] zamówienia | Data i miejsce wykonania zamówienia (dd-mm-rr) | Zamawiający 01 | 02 | 03 | 04 | 05 1. | | | | 2. | | | | 3. | | | | 4. | | | | 5. | | | | Lp. | Imię i nazwisko | Informacja na temat kwalifikacji zawodowych, uprawnień | Zakres wykonywanych czynności | Podstawa…	batch-037.json
375	PL-BZP:08def458-a314-4e8f-962b-120001ebccc3	Odbudowa ul. Słowackiego zniszczonej w wyniku powodzi w 2024.	GMINA LĄDEK-ZDRÓJ	2026-08-24T07:00:00+00:00			LOW			tałej organizacji ruchu - Załącznik nr 9 do SWZ; Szczegółowe specyfikacje techniczne - Załącznik nr 10 do SWZ; Przedmiar robót - Załącznik nr 11 do SWZ; Sieć wodociągowa (rysunek do prawa opcji) – Załącznik nr 12 do SWZ Lp. | Okres udzielanej gwarancji | Ilość punktów 1 | 36 miesięcy (gwarancja wym…	batch-037.json
376	PL-BZP:08def46b-608e-e177-962b-120001d33f65	„Przebudowa drogi powiatowej 1499D na odcinku Stradomia Wierzchnia do Stradomia Dolna”	ZARZĄD DRÓG POWIATOWYCH W OLEŚNICY	2026-08-26T08:00:00+00:00			LOW		(badanie na kruszywie bazaltowym) % po- wierzch- ni NRa (0) NRa (0) ≥75 (2) 6. Pozostałość na sicie po 7 dniach magazynowan ia, sito 0,5 mm PN-EN 1429[7] % (m/m) ≤0,2 (3) ≤0,2 (3) ≤0,2 (3) Asfalt odzyskany i stabilizowany PN-EN 13074-1[14] i PN-EN 13074-2[15] - 7. Penetracja w 25°C asfaltu odzyskan…	w wysokości …....% tj. ………………… zł cena brutto: …………………………………………………………….. zł wypełniają jedynie przedsiębiorcy składający wspólnie ofertę – spółki cywilne lub konsorcja wskazać podmiot i określić odpowiedni dla niego zakres: UWAGA! Formularz ofertowy należy podpisać kwalifikowanym podpisem elektroni…	batch-037.json
377	TED:570758-2026	Poland – Call centre – Budowa i wdrożenie systemu teleinformatycznego - wielokanałowej platformy obsługi klienta	KOMENDA GŁÓWNA OCHOTNICZYCH HUFCÓW PRACY	2026-08-31T09:00:00+02:00	8882300.0	PLN	LOW			a) powinna być opatrzona czytelną informacją dla użytkownika, że treść przygotował asystent sztucznej inteligencji. | | | TRUST-CC-008 | POŻĄDANE | System powinien oferować alternatywne formy kontaktu dla osób z niepełnosprawnościami, np. możliwość połączenia wideo z tłumaczem języka migowego (tłum…	batch-037.json
378	UK_PCS_OCDS:rls-48-AUG561485	Provision of partner status to providers of Early Learning and Childcare - Dynamic Purchasing System	Clackmannanshire Council	2026-11-30T12:00:00+00:00	26787236.0	GBP	LOW				batch-037.json
379	UK_PCS_OCDS:rls-6-AUG562473	Shettleston Housing Association Ltd: Repairs & Maintenance Framework 2026/27 - 2028/29	TCS Construction Consultants	2026-09-18T12:00:00+00:00	3460000.0	GBP	LOW				batch-037.json
380	UK_PCS_OCDS:rls-48-JUL560730	ICT Network Contractor for Argyll and Bute Council	Argyll and Bute Council	2026-08-21T17:00:00+00:00	150000.0	GBP	LOW				batch-037.json
381	US-SAM:f402281d17124e39aa4a04a04a0788c4	761-27-1-014-0001 -Chelmsford CMOP MED/SURGE -(VA-27-00005024)	VETERANS AFFAIRS, DEPARTMENT OF	2026-08-25T00:00:00+00:00			LOW		[SHEET Domestic Equivalents] Domestic Equivalent Products Questionnaire | | | | | | | | | | | | | | Please provide information for domestically manufactured equivalent products. Proposed alternatives are subject to pharmacy team review and approval. | | | | | | | | | | | | | | Line Item Number | Re…	istribution (Yes/No) | Business Size / Classification 0001 | HEAT & MOISTURE EXCHANGER, PROVOX #8262 | PROVOX | 8262 | PROVOX 8262 | | | | | | | | | | 0002 | ONE TOUCH VERIO (GLUCOSE) TEST STRIP (O0346) | Verio | 53885-0272-10 | 53885-0272-10 | | | | | | | | | | 0003 | CATH SET, INTERMIT 14FR H#961…	batch-038.json
382	US-SAM:c898c12afef74a6f9cca30045f0d076a	R499--(New) VISN-22 Project Management Information System SaaS (VA-26-00059514)	VETERANS AFFAIRS, DEPARTMENT OF	2026-11-24T00:00:00+00:00			LOW		lns:w="http://schemas.openxmlformats.org/wordprocessingml/2006/main"><w:optimizeForBrowser /><w:relyOnVML /><w:allowPNG /><w:pixelsPerInch w:val="19" /></w:webSettings> ===== FILE: files/PD_V22_PMIS_SaaS_RFI_.pdf ===== PRODUCT DESCRIPTION (PD ) DEPARTMENT OF VETERANS AFFAIRS VISN 22 Office of Capit…	ARCHIVE | 99 DAYS AFTER THE RESPONSE DATE RECOVERY ACT FUNDS | N SET-ASIDE | PRODUCT SERVICE CODE* | R499 NAICS CODE* | 541519 CONTRACTING OFFICE ADDRESS | Department of Veterans Affairs Technology Acquisition Center 23 Christopher Way Eatontown NJ 07724 POINT OF CONTACT* | ADDRESS | | | | | POSTAL…	batch-038.json
383	US-SAM:0b0f2cb2b8d944eebad6ab35060c6058	Ohio National Guard Aggregate Requirement Camp James A Garfield OH 26 AUG 2026	DEPT OF DEFENSE	2026-08-19T16:00:00+00:00			LOW	training-course	===== FILE: files/SOW_for_Aggregate_Updated_with_Map.docx ===== SCOPE OF WORK PROJECT DESCRIPTION: MDA Camp Garfield TY26 Project LOCATION: OHIO NATIONAL GUARD ARMORY 8451 State Route 5, Ravenna, OH 44266 DIVISION 1 – GENERAL SECTION 01001 – STATEMENT OF WORK DIVISION 1 – GENERAL SECTION 01001 - ST…	reciated. If required to vacate site or asked to follow security instructions due to a developed threat, please be patient in our efforts. SW-5 POINT OF CONTACT Questions concerning the specifications should be directed to MAJ Trevor Ducey 614-336-4548 AND MAJ Kyle Miller 419-680-0967. SW-6 SAFTEY …	batch-038.json
384	US-SAM:ef912a7312624b509e72eb5d91fa9fe6	Vertiv Battery Hardware and UPS Preventive Maintenance BLDG N26	DEPT OF DEFENSE	2026-08-19T08:00:00+00:00			LOW		DATE 7. FOR SOLICITATION INFORMATION CALL: a. NAME b. TELEPHONE NUMBER (No collect calls) 8. OFFER DUE DATE/ LOCAL TIME 9. ISSUED BY 13b. RATING 14. METHOD OF SOLICITATION CODE 15. DELIVER TO 16. ADMINISTERED BY CODE 18a. PAYMENT WILL BE MADE BY CODE17a. CONTRACTOR/ OFFEROR CODEFACILITY CODE CODE T…	y Replacement HX540 Battery 40EA Fan Rep NX480 100-120KWSTC ACDC Cap Rep NX480 100-120KWSTC ROC BLDG N26 Pricing Arrangement: Firm Fixed Price 1 Job Option Line Item 1001 UPS Preventive Maintenance IAW PWS. Pricing Arrangement: Firm Fixed Price 1 Group Option Line Item 2001 UPS Preventive Maintenan…	batch-038.json
385	TED:567697-2026	Poland – Exhibition, fair and congress organisation services – „KOMPLEKSOWA ORGANIZACJA UDZIAŁU W 14. TARGACH EKOSTYL W BIELSKU-BIAŁEJ”	Województwo Świętokrzyskie-Urząd Marszałkowski Województwa Świętokrzyskiego w Kielcach	2026-09-15T11:00:00+02:00			LOW		to"/></w:divBdr></w:div><w:div w:id="2049841895"><w:bodyDiv w:val="1"/><w:marLeft w:val="0"/><w:marRight w:val="0"/><w:marTop w:val="0"/><w:marBottom w:val="0"/><w:divBdr><w:top w:val="none" w:sz="0" w:space="0" w:color="auto"/><w:left w:val="none" w:sz="0" w:space="0" w:color="auto"/><w:bottom w:v…	blic.UI/Search.aspx https://ekrs.ms.gov.pl/web/wyszukiwarka-krs/strona-glowna/ inny adres bazy danych (wskazać): ………………………………………… RODZAJ WYKONAWCY | mikroprzedsiębiorstwo małe przedsiębiorstwo średnie przedsiębiorstwo jednoosobowa działalność gospodarcza osoba fizyczna nieprowadząca działalności go…	batch-038.json
386	EE-RHR:6b2181ce-2fc2-4c3f-af4f-4a016f8c2806	Välijõusaali laiendusala ehitamine	Paide Linnavalitsus	2026-08-25T06:00:00+00:00			LOW		===== FILE: files/files_unpacked/314305_ESPD_v2.0_laiendatud.xml ===== <?xml version="1.0" encoding="UTF-8"?> <QualificationApplicationRequest xmlns:ext="urn:oasis:names:specification:ubl:schema:xsd:CommonExtensionComponents-2" xmlns="urn:oasis:names:specification:ubl:schema:xsd:QualificationApplic…	===== FILE: files/files_unpacked/314305_ESPD_v2.0_laiendatud.xml ===== <?xml version="1.0" encoding="UTF-8"?> <QualificationApplicationRequest xmlns:ext="urn:oasis:names:specification:ubl:schema:xsd:CommonExtensionComponents-2" xmlns="urn:oasis:names:specification:ubl:schema:xsd:QualificationApplic…	batch-038.json
387	TED:552612-2026	Czechia – Alarm-monitoring services – Ochrana objektu 24. základny dopravního letectva Praha – Kbely a dohledového a přijímacího centra Velitelství ochranné směny Vojenské policie Praha – Kbely technickým střežením prostřednictvím dodavatele	Ministerstvo obrany	2026-09-29T10:00:00+02:00			LOW		rana objektu 24. základny dopravního letectva Praha – Kbely a dohledového a přijímacího centra Velitelství ochranné směny Vojenské policie Praha – Kbely technickým střežením prostřednictvím dodavatele“ (2027 – 2037) CONTRACTING AUTHORITY Ministerstvo obrany NEN SYSTEM NUMBER N006/26/V00023799 CURRE…	.... Poučení provedl Poučená osoba The briefing made by The briefed person Jméno a příjmení Jméno a příjmení Name and surname Name and surname Podpis Datum narození Signature Date of birth Otisk razítka Číslo osvědčení fyzické osoby/* Stamp Number of Certificate of Security Clearance/* Datum vydání…	batch-038.json
388	US-SAM:637af00612634f85a9aef18ff2fcf993	DOJ Software as a Service (SaaS) log management / Security Information and Event Management (SIEM) solution	JUSTICE, DEPARTMENT OF	2026-08-29T03:59:00+00:00			LOW		41 USC 2101-2107. Purpose: The Department of Justice’s (DOJ) Justice Management Division (JMD) is seeking a Federal Risk and Authorization Management Program (FedRAMP) Moderate, High-Ready and/or High Software as a Service (SaaS) log management / Security Information and Event Management (SIEM) sol…	property of the Government and will not be returned. Proprietary information, if any, must be clearly marked on all material(s) submitted. All information received marked Proprietary will be handled in accordance with 41 USC 2101-2107. Purpose: The Department of Justice’s (DOJ) Justice Management D…	batch-038.json
389	US-SAM:e3ed31ca9afe47b49f102a399d7a3bd2	DA01--VA Enterprise Cloud Brokerage Service	VETERANS AFFAIRS, DEPARTMENT OF	2026-08-31T19:00:00+00:00			LOW		agement, and limits the VA’s ability to ensure accurate chargeback, compliance, and forecasting. 1. Enterprise Cloud Credit Procurement Outcomes 1.1 Unified Multi-CSP Credit Acquisition VA seeks outcomes enabling a single, enterprise-governed mechanism for acquiring cloud credits and CSP-direct pro…	mismatches and disputed items. 3.2 Reliable Audit Confidence The desired end state includes support for monthly, quarterly, and annual reconciliation cycles with automated evidence production and minimized manual intervention. 4. Cost Attribution, Chargeback, and Showback Outcomes 4.1 Accurate and …	batch-038.json
390	US-SAM:c11209b2727e4ed29926237ae67ea869	9 OSS (Base Ops) B1060 Carpet/Furniture/Asbestos	DEPT OF DEFENSE	2026-08-20T17:00:00+00:00			LOW		===== FILE: files/ROM--9_OSS_28Base_Ops_29_B1060_CarpetFurnitureAsbestos.xlsx ===== [SHEET Sheet1] 9 CONS | | | | | Rough Order Magnitude (ROM) | | | | | 9 OSS (Base Ops) B1060 Carpet/Furniture/Asbestos | | | | | *Disclaimer: Information below is a cost estimate. This does not depict actual cost of…	orage, and reinstallation of all furniture within the designated area (approx. 1530 sq ft) as described in the SON. This includes: Packing and protection of furniture items; Transporting furniture to and from the designated storage location; Secure storage of furniture during the project; Returning…	batch-038.json
391	TED:567067-2026	Romania – Repair and maintenance services of generators – Servicii de mentenanta la echipamentele de tip UPS	UM 0929 Bucuresti	2026-09-23T15:00:00+03:00	939084.33	RON	LOW			e spre publicare în maximum 60 de zile de la comunicarea avizului conform în condițiile alin. (2) din art. 5 din HG nr. 419/2018. După expirarea termenului antemenționat, avizul conform emis de către ANAP nu mai produce efecte, autoritatea/entitatea contractantă având doar posibilitatea de a transm…	batch-039.json
392	TED:560026-2026	Poland – Disposable catering supplies – Dostawa naczyń i sztućców biodegradowalnych jednorazowych	3 Regionalna Baza Logistyczna	2026-09-14T08:00:00+02:00			LOW			anią/Pana danych osobowych bezpośrednio Pani/Pana dotyczących jest wymogiem ustawowym określonym w przepisach ustawy Pzp, związanym z udziałem w postępowaniu o udzielenie zamówienia publicznego. Konsekwencje niepodania określonych danych wynikają z ustawy Pzp. W trakcie przetwarzania danych nie będ…	batch-039.json
393	PL-BZP:08def78d-2a29-e0e5-962b-12000107201c	Pełnienie funk. Insp. Nadzoru Inwest. dla zad.„Odbudowa boiska piłkarskiego, stadionu lekkoatletycznego i zaplecza sanit.-szatniowego na Stadionie Miejskim w Gł-zach, realiz. w systemie zapr. i wyb.	Gmina Głuchołazy	2026-08-19T08:00:00+00:00			LOW			nia**: ……………………………………………. | Inspektor nadzoru robót telekomunikacyjnych | uprawnienia budowlane do kierowania robotami budowlanymi w specjalności instalacyjnej w zakresie sieci, instalacji i urządzeń telekomunikacyjnych bez ograniczeń, Nr uprawnień ……………………………….. Rok wydania………………………. Nazwę organu …	batch-039.json
394	PL-BZP:08defd05-1ab7-57c8-962b-12000115c6d8	Wykonanie klimatyzacji w pomieszczeniach biurowych wybranych lokalizacji Wielkopolskiego OR ARiMR z zapewnieniem serwisu oraz przeglądów okresowych w trakcie trwania gwarancji.	Wielkopolski Oddział Regionalny Agencji Restrukturyzacji i Modernizacji Rolnictwa	2026-09-10T07:00:00+00:00			LOW			…………………………….. Świadom odpowiedzialności karnej oświadczam, że załączone do oferty dokumenty opisują stan prawny i faktyczny, aktualny na dzień złożenia oferty (art. 297 Kodeksu Karnego). *- niepotrzebne skreślić Lp. | Oznaczenie rodzaju (nazwy) informacji | Strony w ofercie (wyrażone cyfrą) | Stron…	batch-039.json
395	PL-BZP:08defcf7-8778-2a97-962b-12000115c4d9	D/71/2026 - Sukcesywny zakup i dostawa profesjonalnych środków czystości na potrzeby jednostek Uniwersytetu Opolskiego	UNIWERSYTET OPOLSKI	2026-08-26T08:00:00+00:00			LOW			oświadczamy, że oferta oraz załączone do oferty dokumenty opisują stan faktyczny i prawny aktualny na dzień składania ofert art. 233 ust. 1 Kodeksu karnego (t.j. Dz. U. z 2025 r. poz. 383 ze zm.). ZAŁĄCZNIKI DO OFERTY | ZAŁĄCZNIKI DO OFERTY | ZAŁĄCZNIKI DO OFERTY | ZAŁĄCZNIKI DO OFERTY | ZAŁĄCZNIKI…	batch-039.json
396	PL-BZP:08defd08-e9c7-2589-962b-12000115c75a	Świadczenie usług w zakresie wykonywania napraw bieżących, konserwacji oraz okresowych przeglądów technicznych aparatury i sprzętu medycznego.	"SZPITAL POWIATOWY W JAROCINIE" SPÓŁKA Z OGRANICZONĄ ODPOWIEDZIALNOŚCIĄ	2026-08-26T07:00:00+00:00			LOW			h Informacja o podstawie do dyspono- wania tymi osobami ......................................................................... (imię i nazwisko) podpis uprawnionego przedstawiciela Wykonawcy ===== FILE: files/SWZ 19.2026_unpacked/[Content_Types].xml ===== <?xml version="1.0" encoding="UTF-8" sta…	batch-039.json
397	PL-BZP:08defcfa-00f0-7d6c-962b-12000115c52d	Zakup przewoźnego agregatu prądotwórczego o mocy 250 kVA dla Komendy Miejskiej Państwowej Straży Pożarnej we Wrocław	Komenda Miejska Państwowej Straży Pożarnej we Wrocławiu	2026-08-26T09:00:00+00:00			LOW			4 - Projekt umowy Załącznik nr 5 - Oświadczenie - grupa kapitałowa Załącznik nr 6 - Oświadczenie o aktualności danych Załącznik nr 7 - Wykaz wykonanych dostaw Załącznik nr 8 - Oświadczenie dotyczące przesłanek wykluczenia z art. 7 ust. 1 ustawy o szczególnych rozwiązaniach w zakresie przeciwdziałan…	batch-039.json
398	ZA_ETENDERS_OCDS:ocds-9t57fa-165355-2026-08-12	JW RFI 11/08/2026 MSC	Johannesburg Water	2026-08-19T12:00:00+00:00		ZAR	LOW		ion strategy to incorporate, non -firm prices, pricing schedule and special conditions of tender. 2. BACKGROUND Johannesburg Water invites service providers to respond to a Request for Information for the strategic billboard usage in support of Johannesburg Water’s water conservation and demand man…	S MAY BE DIRECTED TO: Bidding procedure enquiries must be sent to Technical enquiries must be directed to CONTACT PERSON Maria Chirrindze CONTACT PERSON Puleng Mopeli TELEPHONE NUMBER 011 688 6610 TELEPHONE NUMBER 011 688 1601 E-MAIL ADDRESS maria.chirrindze@jwater.co.za E-MAIL ADDRESS mopeli.pulen…	batch-039.json
399	ZA_ETENDERS_OCDS:ocds-9t57fa-165693-2026-08-14	RFP/TVL/2026/10252452/13	South African Broadcasting Corporation Limited	2026-09-07T12:00:00+00:00		ZAR	LOW		===== FILE: files/ANNEXURE B Client Reference Letter Decbt Collection Agency Publish.docx ===== ANNEXURE B The Bidder is recommended to use the attached reference letter template to obtain clear and easily verifiable references in response to the bid requirements. This reference letter format is no…	tions out of 100%. | Please rate the above bidder according to the following Criteria by ticking column and providing comments / details: | Please rate the above bidder according to the following Criteria by ticking column and providing comments / details: Comments (optional) | Completed by: | Sign…	batch-039.json
400	US-SAM:1772e7717dc642fbb4dc2fd5350cce90	USDA AI Feeder Cattle POC Phase III	AGRICULTURE, DEPARTMENT OF	2026-09-17T00:00:00+00:00			LOW		ods, and model pipelines created under Phase II, continuity of technical approach and vendor specific knowledge is necessary to meet the agency’s mission needs and ensure successful completion of this effort. United States Department of Agriculture Justification to Restrict Competition under FAR Pa…	gence (AI) based feeder cattle assessment capability. The new contract will be built on the Phase II foundation established under contract 12639525C0060 by advancing the prototype into a fully scalable, production ready system capable of operating reliably in real auction environments. These servic…	batch-039.json
401	US-SAM:fee08dab56cf44668fb125e2e3b61ae8	Recess Tie-Down Assembly	HOMELAND SECURITY, DEPARTMENT OF	2026-09-01T15:00:00+00:00			LOW		of Contract Claim (OCT 2004) FAR 52.247-34, F.O.B. Destination (JAN 1991) System updates may lag policy updates. The System for Award Management (SAM) may continue to require entities to complete representations based on provisions that are not included in agency solicitations. Examples include 52.…		batch-040.json
402	US-SAM:26a7748435104f03a231783878f87e7f	TRANSMITTER PRESSURE	HOMELAND SECURITY, DEPARTMENT OF	2026-08-19T18:00:00+00:00			LOW		U.S. COAST GUARD JUSTIFICATION FOR OTHER THAN FULL AND OPEN COMPETITION SIMPLIFIED ACQUISITION PROCEDURES (SAP) FOR FAR 13.106-1(b) PURCHASE REQUEST OR REQUISITION NUMBER: ESTIMATED TOTAL VALUE, INCLUDING OPTIONS: (Over Micro-Purchase Threshold, but up to the SAT) $ 88,338.00 AUTHORITY JUSTIFICATIO…		batch-040.json
403	PL-BZP:08defc4a-b3fe-bb44-962b-12000115bd61	BUDOWA LINII KABLOWEJ nn-0,4kV OŚWIETLENIA ULICZNEGO W MALBORKU PRZY UL. GEN. WŁADYSŁAWA ANDERSA dz. nr 475/36 i 475/49 obr. Nr 0006	MIASTO MALBORK	2026-09-01T09:00:00+00:00			LOW			………………………………………….. FORMULARZ OFERTY należy podpisać KWALIFIKOWANYM PODPISEM ELEKTRONICZNYM lub PODPISEM ZAUFANYM lub PODPISEM OSOBISTYM Lp. | Okres gwarancji | Wybór Wykonawcy 1 | 36 miesięcy | 2 | 48 miesięcy | 3 | 60 miesięcy | Zakres prac powierzony podwykonawcom | Nazwa i adres podwykonawcy | |…	batch-040.json
404	TED:566938-2026	Poland – Servers – Dostawa dwunastu serwerów do środowiska PWPWCloud wraz z oprogramowaniem, licencjami, gwarancją oraz wsparciem technicznym	Polska Wytwórnia Papierów Wartościowych SA	2026-09-03T10:00:00+02:00			LOW		niki Assortment group: Test mode of awarding procedure: No Awarding procedure type: Open Legal type: Public (Proc Law) Method of awarding purchase order: Open awarding procedure Coding of submitting stage offers: Yes Type of purchase order: Delivery Stages and dates Awarding procedure notification …		batch-040.json
405	PL-BZP:08defc57-5d6a-4e37-962b-12000115bf4c	„Budowa świetlicy sołeckiej w miejscowości Turobów”- postępowanie II	GMINA CZERNIEWICE	2026-09-07T09:00:00+00:00			LOW			z fakturą VAT/rachunkiem nr …………………………….. z dnia ………………………………. oraz protokołem wykonanych prac, podpisanym przez Wykonawcę, kierownika prac Podwykonawcy i Koordynatora Zamawiającego oraz Inspektora Nadzoru. Odpis protokołu załączam. ………………………………………… (podpis) ===== FILE: files/Za_. Nr 2 Projekt umow…	batch-040.json
406	PL-BZP:08defc5e-f709-e2ca-962b-12000115c04d	„Wykonanie remontu i przebudowy dróg gminnych”	Gmina Potworów	2026-09-02T08:00:00+00:00			LOW		zyczep-ność do kruszywa referencyjnego PN-EN 13614[19] (badanie na kruszywie bazaltowym) % po-wierzch- ni NRa (0) ≥75 (2) 6. Pozostałość na sicie po 7 dniach magazynowan ia, sito 0,5 mm PN-EN 1429[7] % (m/m) ≤0,2 (3) ≤0,2 (3) Asfalt odzyskany i stabilizowany PN-EN 13074- 1[14] i PN-EN 13074-2[15] -…	…………………….….…………………....…. nr telefonu ………………………………. e-mail: …………………………………..… Informacje dotyczące Wykonawcy/ Wykonawców wymagane do celów sprawozdawczych | Informacje dotyczące Wykonawcy/ Wykonawców wymagane do celów sprawozdawczych Spis treści. | …………………………………..…………………… (podpis Wykonawcy tj. kwalif…	batch-040.json
407	PL-BZP:08defc3b-6cad-b79e-962b-1200014af5b7	Odnowa oznakowania poziomego dróg wojewódzkich na terenie działania RDW w Elblągu	Zarząd Dróg Wojewódzkich w Olsztynie	2026-09-02T07:00:00+00:00			LOW			zy jeżeli inny niż wyżej wymieniony) | NIP | REGON / KRS | Czy Wykonawca jest: mikroprzedsiębiorstwem, małym przedsiębiorstwem lub średnim przedsiębiorstwem? (jeśli tak – zaznaczyć odpowiednie) Zgodnie z ustawą z dnia 6 marca 2018 r. Prawo przedsiębiorców (Dz. U. 2024 r. poz. 236 z późn. zm.) | Lp.…	batch-040.json
408	PL-BZP:08defc3b-370a-472a-962b-1200014af5ad	Dostawy taśm przenośników transportujących odpady oraz usługi klejenia i wulkanizacji taśm przenośnikowych	ZAKŁAD GOSPODARKI ODPADAMI KOMUNALNYMI SPÓŁKA Z OGRANICZONĄ ODPOWIEDZIALNOŚCIĄ	2026-08-27T07:00:00+00:00			LOW			elektronicznym, podpisem zaufanym lub podpisem osobistym przez osobę upoważnioną do reprezentowania Wykonawcy, zgodnie z formą reprezentacji Wykonawcy określoną w rejestrze lub innym dokumencie, właściwym dla danej formy organizacyjnej Wykonawcy albo przez upełnomocnionego przedstawiciela Wykonawcy…	batch-040.json
409	PL-BZP:08defc53-1f89-b2ac-962b-12000115beba	Świadczenie usług w zakresie odbioru, transportu i utylizacji odpadów medycznych dla SPZOZ w Węgrowie	SAMODZIELNY PUBLICZNY ZAKŁAD OPIEKI ZDROWOTNEJ W WĘGROWIE	2026-08-28T08:00:00+00:00			LOW			nie co najmniej jedno z wyłączeń, o których mowa w art. 14 ust. 5 RODO. ZAŁĄCZNIKI Załącznik nr 1 – Formularz ofertowy. Załącznik nr 2 – Formularz cenowy. Załącznik nr 3 – Oświadczenie Wykonawcy art. 125 ust. 1 Pzp. Załącznik nr 4 – Oświadczenie Wykonawcy o posiadaniu instalacji na terenie wojewódz…	batch-040.json
410	PL-BZP:08def7af-8f6b-73f4-962b-120001dad260	„Przebudowa sieci wodociągowej z azbestocementu w ul. Łódzkiej w Poddębicach” w ramach projektu “Uporządkowanie gospodarki wodociągowej w Aglomeracji Poddębice”	MIEJSKIE PRZEDSIĘBIORSTWO WODOCIĄGÓW I KANALIZACJI W PODDĘBICACH SPÓŁKA Z OGRANICZONĄ ODPOWIEDZIALNOŚCIĄ	2026-08-26T07:45:00+00:00			LOW			h czynności przez daną osobę Informacja o podstawie do dysponowania daną osobą 1. 2. 3. 4. 5. 6. Z wykazu winno wynikać spełnienie warunków określonych w SWZ. Uwaga: Dokument winien być opatrzony podpisem przez osobę lub osoby uprawnione do reprezentowania Wykonawcy, kwalifikowanym podpisem elektro…	batch-040.json
411	PL-BZP:08def6b8-0ae8-e068-962b-1200012683a5	Budowa chodnika przy drodze powiatowej Nr 2962L w Lipinach Górnych-Lewkach - ETAP I	GMINA POTOK GÓRNY	2026-08-25T08:00:00+00:00			LOW			ładne dane referencyjne dokumentacji). ===== FILE: files/Za_aczniki do SWZ_2_unpacked/Zaêaczniki do SWZ/Zaê Nr 4 do SWZ Wzor-oswiadczenia-wykonawcy-wykonawcy-wspolnie-skladanego-na-podstawie-art-125-ust-1-us_unpacked/[Content_Types].xml ===== <?xml version="1.0" encoding="UTF-8" standalone="yes"?> …	batch-041.json
412	PL-BZP:08defc4b-551b-da84-962b-12000115bd7e	"Budowa, przebudowa i modernizacja budowli ochronnych oraz miejsc doraźnego schronienia – Miasto i Gmina Jelcz-Laskowice” w podziale na dwa zadania	GMINA JELCZ-LASKOWICE	2026-09-02T07:00:00+00:00			LOW			enie MDS-ściana murowana | | | | | | | 2.4. | Tunel żelbetowy | | | | | | | 2.5. | Wzmocnienie stropu nad MDS | | | | | | | 2.6. | Wentylacja filtro-wentylacyjna, instalacja rezerwowa | | | | | | | Łączna wartość | | | | | | | | Płatności (1 faktura częściowa/miesiąc, faktura końcowa) | | | | | | |…	batch-041.json
413	US-SAM:f8bfbe7a8f6a4bb9874f2d18eb23ceee	Sales and Marketing	JUSTICE, DEPARTMENT OF	2026-09-04T18:00:00+00:00			LOW		DER NUMBER 5. SOLICITATION NUMBER 6. SOLICITATION ISSUE DATE 7. FOR SOLICITATION INFORMATION CALL: a. NAME b. TELEPHONE NUMBER (No collect calls) 8. OFFER DUE DATE/ LOCAL TIME 9. ISSUED BY 13b. RATING 14. METHOD OF SOLICITATION CODE 15. DELIVER TO 16. ADMINISTERED BY CODE 18a. PAYMENT WILL BE MADE …	RDER NUMBER: Page 37 of 52ORDER NUMBER: Page 38 of 52ORDER NUMBER: Page 39 of 52ORDER NUMBER: Page 40 of 52ORDER NUMBER: Page 41 of 52ORDER NUMBER: Page 42 of 52ORDER NUMBER: Page 43 of 52ORDER NUMBER: Page 44 of 52ORDER NUMBER: Page 45 of 52ORDER NUMBER: Page 46 of 52ORDER NUMBER: Page 47 of 52ORD…	batch-041.json
414	US-SAM:5b155fc45d6845edadfbe6f546a7a848	FMS_Repair_002527995	DEPT OF DEFENSE	2026-09-16T20:00:00+00:00			LOW		ug 2026 16 Sep 2026 Miscellaneous text in this section has been modified to: This solicitation is for the repair of 2 units of National Stock Number (NSN) 5895002527995.• Induction PeriodThe induction period for the initial units in this order is 365 calendar days from the date of contract award. T…		batch-041.json
415	UK_PCS_OCDS:rls-15-AUG562279	Sprinkler Servicing, Maintenance and Repairs	Fife Council	2026-09-14T12:00:00+00:00	624000.0	GBP	LOW				batch-041.json
416	UK_PCS_OCDS:rls-8-AUG562423	Shettleston Housing Association Ltd: Repairs & Maintenance Framework 2026/27 - 2028/29	TCS Construction Consultants	2026-09-18T12:00:00+00:00	3460000.0	GBP	LOW				batch-041.json
417	TED:571264-2026	Romania – Antimycotics for systemic use – acord cadru de furnizare medicamente din grupa - antimicotice pentru uz sistemic, antivirale pentru uz sistemic, medicamente utilizate in cardiologie- 20 loturi	SPITALUL CLINIC JUDETEAN MURES	2026-09-17T15:00:00+03:00	5495322.0	RON	LOW				batch-041.json
418	UK_PCS_OCDS:rls-55-AUG561825	Provision of a Health & Safety Management Software Solution	Cairn Housing Association	2026-09-14T12:00:00+00:00			LOW				batch-041.json
419	US-SAM:b04c64c76a904081a11fc48fe58e50c0	9 SFS Cold Weather Gear	DEPT OF DEFENSE	2026-08-19T17:00:00+00:00			LOW		sic warmth, their bulk and lack of active layering capabilities severely constrain mobility and cause overheating during physical exertion. Advanced, low-bulk softshell technology is required to ensure personnel can transition smoothly between static posts and active law enforcement responses witho…		batch-041.json
420	US-SAM:6f16eb56cfdd4669b70b668fdbec37a5	FCI Fairton FY27 1st Qtr Subsistence	JUSTICE, DEPARTMENT OF	2026-09-01T13:00:00+00:00			LOW	training-course	e most advantageous to the Government. Past performance: A record of poor performance due to failure to deliver items within the expected delivery time period, requests to remove an item from a signed purchase order on previous awards, requests to disregard or cancel a signed purchase order, or poo…	but not limited to, his education, financial transactions, medical history, and criminal or employment history and that contains his name, or the identifying number, symbol, or other identifying particular assigned to the individual, such as a finger or voice print or a photograph.” 5 U.S.C. § 552a…	batch-041.json
421	ZA_ETENDERS_OCDS:ocds-9t57fa-165783-2026-08-17	RFQ/Ops/Backpacks/2026/7	Perishable Products Export Control Board	2026-08-31T16:00:00+00:00		ZAR	LOW		a once-off order appointment. 1. BACKGROUND The PPECB is a Schedule 3A public entity as defined in the Public Finance Management Act 1 of 1999 and is established in terms of Section 2 of the Perishable Products Export Control Act 9 of 1983. The main purpose of the PPECB is to promote the orderly, e…	tate reserves the right to require of a tenderer, either before a tender is adjudicated or at any time subsequently, to substantiate any claim in regard to preferences, in any manner required by the organ of state. 2. DEFINITIONS (a) “tender” means a written offer in the form determined by an organ…	batch-042.json
422	US-SAM:6709c768d64349f6bc0cb4b09a8f58bc	1377-01-114-2037 XW53, 1377-01-116-3147 XW54, 1377-01-116-3148, 1377-01-487-2501 WB49, 1377-01-487-2513 WB50	DEPT OF DEFENSE	2026-09-10T18:00:00+00:00			LOW		s are subject to all terms and conditions contained in this solicitation. 10. FOR INFORMATION CALL: A. NAME B. TELEPHONE (NO COLLECT CALLS) AREA CODE NUMBER EXTENSION C. EMAIL ADDRESS 11. TABLE OF CONTENTS (X) DESCRIPTION PAGE(S) (X) SECTION PAGE(S)DESCRIPTION A B C D E F G H I J K L M EVALUATION F…	DE7. ISSUED BY 8. ADDRESS OFFER TO (If other than item 7) NOTE: In sealed bid solicitations "offer" and "offeror" mean "bid" and "bidder". SOLICITATION 9. Sealed offers in original and copies for furnishings the supplies or services in the Schedule will be received at the place specified in item 8,…	batch-042.json
423	US-SAM:ac8286188203425082638704ee6124ae	J045--Heating system piping repairs for the Captain James A. Lovell Federal Health Care Center, Building 134.	VETERANS AFFAIRS, DEPARTMENT OF	2026-08-24T14:00:00+00:00			LOW		NTRACT (Signature of person authorized to sign) (Signature of Contracting Officer) None 1 8 0001 08-17-2026 556-26-3-5020-1173 36C252 Department of Veterans Affairs Great Lakes Acquisition Center - HC 115 South 84th Street, Suite 101 Milwaukee WI 53214-1476 36C252 Department of Veterans Affairs Gre…	inadvertent or deliberate disclosure, alteration, or destruction of the information and includes sensitive personal information. The term includes information where improper use or disclosure could adversely affect the ability of VA to accomplish its mission, proprietary information, records about …	batch-042.json
424	TED:569036-2026	Germany – Cleaning services – Reinigungsleistungen - Schulen und Sporthallen	Hansestadt Lüneburg	2026-09-24T09:00:00+02:00			LOW		s 25 May 2018 Verlag Schawe GmbH Buchforststr. 1-15 Tel. +49 (0) 221/9 85 78-0 Fax +49 (0) 221/9 85 78-66 info@subreport.de www.subreport.de Cologne Local Court HRB 19319 Managing directors Edda Peters, Christiane Schäffer A company of subreport Holding GmbH sub report (2) The provisions of these G…	upplemented with regard to individual services by sections B. to F. of these GTC and the supplementary General Terms and Conditions for the subreport ELViS electronic tender information system. Page 2 of the General Terms and Conditions of Business Status 25 May 2018 Verlag Schawe GmbH Buchforststr…	batch-042.json
425	TED:568151-2026	Germany – Flatwork for recreation installations – Sächs. Kompetenzz. Lausitzer Revier Königswartha Zentrum Fischwirtschaft	Staatsbetrieb Sächsisches Immobilien- und Baumanagement, Zentrale, Zentralstelle Vergabe- und Vertragsmanagement	2026-09-16T09:00:00+02:00			LOW		er zu vergebenden Leistung vergleichbar sind Ich/Wir erkläre(n), dass ich/wir in den letzten fünf Kalenderjahren bzw. dem in der Auftragsbekanntmachung angegebenen Zeitraum1 vergleichbare Leistungen ausgeführt habe/haben. Bei einem Teilnahmewettbewerb füge(n) ich/wir meinem/unserem Teilnahmeantrag …		batch-042.json
426	EE-RHR:2b9850a6-0e11-48ce-a447-c568829908ce	Siemens Sion vaakumlüliti komplekti ostmine	Enefit Industry OÜ	2026-08-19T10:00:00+00:00			LOW		allationLocationCopyright (c) Tavrida Electric Export. All Right Reserved BA DE F C Project numberENEFIT ENERGIATOOTMINE ASENEFIT 280-2 10kVSWITCHGEAR MILE SG15DRAWING LISTPANEL WA105 (WA206): INCOMEREE-22-536=WA105_DWGlistEE-22-53623.08.22SIVKMJ=WA105+LV253 -FOR APPROVAL09.09.22SIVAFOR MANUFACT.12…	.ee/public/ee043.nsf/WebiOmaKJP?OpenFrameSet Lisad Käesolevate juhiste lahutamatuks osaks on järgmised dokumendid: „Läbirääkimiste läbiviimise kord väikehankemenetluses ja lihthankemenetluses“; „Liisuheitmise kord võrdsete pakkumuste korral riigihangete registris“. 20.04.2026 ===== FILE: files/file…	batch-042.json
427	PL-BZP:08def44e-3e96-9c53-962b-120001ebcb32	USTALENIE PRZEBIEGU GRANIC DZIAŁEK EWIDENCYJNYCH STANOWIĄCYCH DROGI POWIATOWE W RAMACH PROJEKTU „INFOSTRADA KUJAW I POMORZA 3.0”	POWIAT BYDGOSKI	2026-08-21T09:00:00+00:00			LOW			. 13 ust. 4 lub art. 14 ust. 5 RODO treści oświadczenia wykonawca nie składa (usunięcie treści oświadczenia np. przez jego wykreślenie). Nazwa i adres Wykonawcy | Numer telefonu | adres e-mail | Regon | NIP | KRS | reprezentowany przez: | (imię, nazwisko, stanowisko/podstawa do reprezentacji) nazwa…	batch-042.json
428	US-SAM:de7423f8c62a4d9f99b804b358cdba85	Q522--Onsite Interventional Radiology Physician Services JJP	VETERANS AFFAIRS, DEPARTMENT OF	2026-10-16T11:00:00+00:00			LOW		e standard of $16M. The PSC for this procurement is Q522 Medical - Radiology. Offerors or quoters are required to have an active Federal Government contracts registration in SAM when they submit an offer or quotation, and at the time of award (ref. RFO FAR 4.203-1(b)). The Contract Specialist for t…	J. Peters VA Medical Center | 130 West Kingsbridge Road | 130 West Kingsbridge Road | The Bronx, NY | The Bronx, NY POSTAL CODE | 10468-3904 | 10468-3904 COUNTRY | USA | USA CONTRACTING OFFICE ADDRESS | Department of Veterans Affairs Network Contracting Office 2 Canandaigua VA Medical Center 400 Fo…	batch-042.json
429	TED:555173-2026	Poland – Vehicles for the emergency services – ZAKUP LEKKIEGO SAMOCHODU OPERACYJNEGO 2	Komenda Wojewódzka Państwowej Straży Pożarnej w Warszawie	2026-09-15T10:00:00+02:00			LOW			yczy – brak wypełnienia Zamawiający uzna za brak przedstawienia równoważności): * opis zastosowanego rozwiązania równoważnego powinien być szczegółowy, aby Zamawiający mógł w sposób jednoznaczny uznać zastosowane rozwiązanie za równoważne wymaganemu w opisie przedmiotu zamówienia. *- niewłaściwe sk…	batch-042.json
430	US-SAM:e86c11ef13df41e2b2443fb6a889fd12	Space Planning and Design	JUSTICE, DEPARTMENT OF	2026-09-04T18:00:00+00:00			LOW		DER NUMBER 5. SOLICITATION NUMBER 6. SOLICITATION ISSUE DATE 7. FOR SOLICITATION INFORMATION CALL: a. NAME b. TELEPHONE NUMBER (No collect calls) 8. OFFER DUE DATE/ LOCAL TIME 9. ISSUED BY 13b. RATING 14. METHOD OF SOLICITATION CODE 15. DELIVER TO 16. ADMINISTERED BY CODE 18a. PAYMENT WILL BE MADE …	RDER NUMBER: Page 64 of 79ORDER NUMBER: Page 65 of 79ORDER NUMBER: Page 66 of 79ORDER NUMBER: Page 67 of 79ORDER NUMBER: Page 68 of 79ORDER NUMBER: Page 69 of 79ORDER NUMBER: Page 70 of 79ORDER NUMBER: Page 71 of 79ORDER NUMBER: Page 72 of 79ORDER NUMBER: Page 73 of 79ORDER NUMBER: Page 74 of 79ORD…	batch-042.json
431	TED:567319-2026	Poland – Plumbing equipment – Dostawa zestawu do wyłamywania drzwi.	Skarb Państwa - Jednostka Wojskowa Nr 2305	2026-08-31T10:00:00+02:00			LOW			PRZEDMIOTU ZAMÓWIENIA . przekazane wyłącznie Wykonawcom, którzy zostaną zaproszeni do składania ofert. Załącznik nr 1 – Wniosek o dopuszczenie do udziału w postępowaniu. Załącznik nr 2 – Oświadczenie wykonawcy w postaci Jednolitego Europejskiego Dokumentu Zamówienia (JEDZ). Załącznik nr 6 – Oświadc…	batch-043.json
432	PL-BZP:08def2ef-571f-b4b2-962b-12000183ca45	Opracowanie pełnobranżowej dokumentacji projektowej dla zadania pn.: Budowa nowej drogi łączącej ulicę Górowską w Lesznie z ul. Zaborowską i ul. Krzemową w Henrykowie, Gmina Święciechowa	Miasto Leszno	2026-08-20T08:00:00+00:00			LOW			mawiającego), Załącznik nr 7 formularz „WYKAZ USŁUG” (składa Wykonawca na wezwanie Zamawiającego), Załącznik nr 8 wzór umowy, Strona 34 z 34 Załącznik nr 9 Zakres opracowania dokumentacji projektowej. Załącznik nr 10 Zarządzenie nr27/2/2021 Prezydenta Miasta Leszna z dnia 17 lutego 2026 Opracowała …	batch-043.json
433	PL-BZP:08def38a-09c2-501e-962b-1200019cd3b8	PRZEBUDOWA BUDYNKU MIEJSKIEJ BIBLIOTEKI PUBLICZNEJ W GORLICACH W ZAKRESIE DOBUDOWY SZYBU WINDOWEGO	Miasto Gorlice	2026-08-21T11:00:00+00:00			LOW			iu warunków udziału w postępowaniu, Wzór zobowiązania podmiotu udostępniającego zasoby, Oświadczenie określone w art.117 ust. 4 ustawy Pzp, Formularz wykazu osób skierowanych przez wykonawcę do realizacji zamówienia publicznego. Gorlice, 06.08.2026 r. ===== FILE: files/Specyfikacja Warunk_w Zam_wie…	batch-043.json
434	TED:571090-2026	Portugal – Software-related services – 26AS00008019 - Aquisição de suporte para equipamentos de comunicações e voz Cisco	Instituto de Gestão Financeira e Equipamentos da Justiça, IP	2026-09-19T23:59:59+00:00	1210511.2	EUR	LOW			for Redundancy | | | | | | | | Expressway | 2200 | 12 | Cisco Expressway Rich Media Session License | | | | | | | | TOTAL DA PROPOSTA | | | | | | 0 | 0 | | | | (*) Os preços unitários devem incluir todos os encargos necessários à execução integral do contrato (licenciamento/subscrição, suporte, ati…	batch-043.json
435	UK_PCS_OCDS:rls-31-AUG561793	Support for Communities Framework 2026-2030	Highlands and Islands Enterprise	2026-09-10T12:00:00+00:00	600000.0	GBP	LOW			social enterprises that lack the capacity or a particular skill-set to timeously progress an opportunity. This is added value support and must complement the existing social enterprise support ecosystem and, therefore, must not duplicate services already available via other HIE Frameworks e.g. Boar…	batch-043.json
436	PL-BZP:08defcfd-7854-1200-962b-12000115c5b7	Wykonanie usługi polegającej na opracowaniu kompleksowych dokumentacji projektowo-kosztorysowych w celu rozbudowy ulicy Miłej oraz rozbudowy ulicy Asnyka.	Gmina Łomianki	2026-08-27T09:00:00+00:00			LOW			Załącznik nr 3 Opis Przedmiotu Zamówienia Załącznik nr 4 Projektowane postanowienia umowy Załącznik nr 5 Zobowiązanie podmiotu do udostępnienia niezbędnych zasobów Wykonawcy Załącznik nr 6 Oświadczenie o aktualności informacji zawartych w Oświadczeniu z art. 125 Załącznik nr 7 Oświadczenie o GK Zał…	batch-043.json
437	PL-BZP:08defcfa-dec6-156e-962b-12000115c559	Dostawa artykułów spożywczych na potrzeby Kuchni COZL	Centrum Onkologii Ziemi Lubelskiej im. św. Jana z Dukli	2026-08-28T07:00:00+00:00			LOW			....zł Wartość netto …………………………….....zł Wartość podatku VAT…………..zł | Słownie wartość brutto: ……………………………………………………………… Lp. | Opis części zamówienia, którą Wykonawca zamierza powierzyć Podwykonawcom | Nazwa, adres, REGON i NIP Podwykonawcy ( należy podać dane, jeżeli są znane Wykonawcy) | Wartość lu…	batch-043.json
438	PL-BZP:08defcfc-ce83-421b-962b-12000115c5a1	Zakup Lekkiego samochodu rozpoznawczo-ratowniczego (SLRR) dla Komendy Miejskiej Państwowej Straży Pożarnej we Wrocławiu.”	Komenda Miejska Państwowej Straży Pożarnej we Wrocławiu	2026-08-26T09:00:00+00:00			LOW			4 - Projekt umowy Załącznik nr 5 - Oświadczenie - grupa kapitałowa Załącznik nr 6 - Oświadczenie o aktualności danych Załącznik nr 7 - Wykaz wykonanych dostaw Załącznik nr 8 - Oświadczenie dotyczące przesłanek wykluczenia z art. 7 ust. 1 ustawy o szczególnych rozwiązaniach w zakresie przeciwdziałan…	batch-043.json
439	PL-BZP:08defcf1-deb5-4e31-962b-12000115c43f	BZP.272.40.2026.AMK Wynajem nowego samochodu na potrzeby Urzędu Marszałkowskiego Województwa Podlaskiego w Białymstoku	Województwo Podlaskie	2026-08-28T07:00:00+00:00			LOW			kładane lusterka zewnętrzne 11 | Tapicerka materiałowa w kolorze czarnym lub szarym 12 | Dywaniki gumowe z przodu i z tyłu 13 | Czujniki parkowania z tyłu pojazdu i przodu 14 | Koło zapasowe dojazdowe lub zestaw naprawczy 15 | Koła co najmniej 18’’ – alufelgi (ogumienie nowe rok produkcji 2026) 16 …	batch-043.json
440	ZA_ETENDERS_OCDS:ocds-9t57fa-165666-2026-08-14	SANPC/2026/014	South African National Petroleum Company	2026-09-07T11:00:00+00:00		ZAR	LOW		booms have been consistently exposed to harsh operating conditions, including high swells (waves), strong currents, and severe winds during vessel operations. These factors have imposed significant mechanical stress, accelerating wear and degradation of the equipment. Prolonged and uninterrupted us…		batch-043.json
441	UK_PCS_OCDS:rls-58-JUL561272	NHSGGC Advocacy Services	NHS Greater Glasgow and Clyde	2026-08-31T13:00:00+00:00	3200000.0	GBP	LOW		efend the principles and practice of Independent Professional Advocacy across the City of Glasgow. We aim to ensure that when the right to an independent lifestyle, autonomy and liberty are at risk, the individual concerned receives appropriate help including advice, protection and support from rel…		batch-044.json
442	PL-BZP:08defcea-4758-ea48-962b-12000115c3b1	Modernizacja systemu CCTV i zwiększenie ilości kamer w budynku Domu Studenta nr 7 Uniwersytetu Warszawskiego przy ul. Sulimy 4 w Warszawie	Uniwersytet Warszawski	2026-09-04T08:00:00+00:00			LOW			uw.edu.pl ZAŁĄCZNIKI DO SWZ Integralną częścią niniejszej SWZ stanowią następujące załączniki: Lp. | Nazwa kryterium | Waga kryterium (%) 1 | Cena (C) | 60 2 | Okres gwarancji dla robót i zamontowanych urządzeń (G) | 40 Numer załącznika | Nazwa załącznika 1 | Opis Przedmiotu Zamówienia 2 | Formular…	batch-044.json
443	US-SAM:fd489942d2c84e4c9cb4062f718bb7b9	J066--Fort Harrison Siemens Medical Radiology Preventive Maintenance and Repairs HTME Contract	VETERANS AFFAIRS, DEPARTMENT OF	2026-08-26T14:00:00+00:00			LOW		==== DESCRIPTION In accordance with RFO 12.102-(b), this Notice of Intent is to inform all parties the Department of Veterans Affairs, Network Contracting Office (NCO) 19 located at 6162 South Willow Drive Suite 300, Greenwood Village, CO 80111 intends to award a sole source procurement for the fol…	VE | 30 DAYS AFTER THE RESPONSE DATE RECOVERY ACT FUNDS | N PRODUCT SERVICE CODE* | J066 NAICS CODE* | 811210 CONTRACTING OFFICE ADDRESS | Department of Veterans Affairs Network Contracting Office NCO 19 6162 South Willow Drive, Suite 300 Greenwood Village CO 80111 POINT OF CONTACT* | JoEllen Vest …	batch-044.json
444	US-SAM:c77c1e39bf27459eac33d38863cf605a	SOURCES SOUGHT NOTICE: Fuel Delivery Services	HEALTH AND HUMAN SERVICES, DEPARTMENT OF	2026-08-25T23:00:00+00:00			LOW		47 the Buy Indian Act, the signature below constitutes self-certification that the Offeror meets the definition of an “Indian Economic Enterprise” (HHSAR 326.60 1) in response to this Sources Sought Notice, Request for Information (RFI) or Solicitation and resultant contract. The en terprise must m…		batch-044.json
445	US-SAM:d5d5ba16c6454337a9a8005183b062ed	8960--FY26: Emergency Potable Water Delivery	VETERANS AFFAIRS, DEPARTMENT OF	2026-08-18T13:00:00+00:00			LOW			San Juan PR POSTAL CODE | 00912-3201 | 00912-3201 COUNTRY | USA | USA CONTRACTING OFFICE ADDRESS | Department of Veterans Affairs Network Contracting Office 8 (NCO 8) VA Caribbean Healthcare System (VACHS) 10 Casia Street San Juan PR 00921-3201 POINT OF CONTACT* | Contracting Officer Wilfredo Perez…	batch-044.json
446	US-SAM:23bb396e79a444d58da34a3b601862ef	H266--Dose Monitor System	VETERANS AFFAIRS, DEPARTMENT OF	2026-08-20T15:00:00+00:00			LOW		stem. The justification for this non-competitive solicitation is due to Change Healthcare Technology being the sole supplier that can supply both software and server upgrades to the VA Hospital. The NAICS code for this procurement is: 513210 Software Publishers; size standard $47.0 million. The Sol…	OVERY ACT FUNDS | N PRODUCT SERVICE CODE* | H266 NAICS CODE* | 513210 CONTRACTING OFFICE ADDRESS | Department of Veterans Affairs Network Contracting Office 6 100 Emancipation Drive Hampton VA 23667 POINT OF CONTACT* | Contract Specialist NaTasha Hawkins Natasha.Hawkins@va.gov AGENCY’S URL | https:…	batch-044.json
447	US-SAM:d479c131d5de45449906f7d37f541e40	SOURCES SOUGHT _ ServiceNow Staff Augmentation Services	DEPT OF DEFENSE	2026-08-20T18:00:00+00:00			LOW		===== FILE: files/26Q0114_SOW_Rev1.pdf ===== STATEMENT OF WORK (SOW) Customer: Southwest Regional Maintenance Center (SWRMC) Provider: TBD Engagement Name: ServiceNow Staff Augmentation Services Date: Aug 17, 2026 1.0 Project Background & Objective The Southwest Regional Maintenance Center (SWRMC) …		batch-044.json
448	TED:567653-2026	Romania – Refuse and waste related services – ’’Contract de delegare a gestiunii activității de operare a centrului de colectare prin aport voluntar a deşeurilor de la persoanele fizice’’	Municipiul Sibiu	2026-09-22T15:00:00+03:00	1865278.0	RON	LOW				batch-044.json
449	PL-BZP:08def7a4-9356-686a-962b-120001dad12a	Usługa wykonania przeglądów technicznych respiratorów i aparatów do znieczulenia	Wojskowy Instytut Medyczny - Państwowy Instytut Badawczy	2026-08-21T08:00:00+00:00			LOW		do SWZ. Assortment group: Test mode of awarding procedure: No Awarding procedure type: Open Legal type: Public (Proc Law) Method of awarding purchase order: Basic - no negotiations Coding of submitting stage offers: Yes Type of purchase order: Service Stages and dates Awarding procedure notificatio…		batch-044.json
450	PL-BZP:08def485-c0ed-aa8b-962b-12000127298b	„Centrum Szkolenia Żeglarstwa na Wielkiej Pętli Wielkopolski w Przystani Gosławice – przebudowa przystani etap I - budowa pływającego pomostu cumowniczego nr 4”.	Miejski Ośrodek Sportu i Rekreacji	2026-08-24T08:00:00+00:00			LOW			adania ofert, a jeżeli okres prowadzenia działalności jest krótszy to w tym okresie, wykonał należycie co najmniej jedną robotę budowlaną polegającą na budowie lub montażu pomostu pływającego o charakterze cumowniczym lub rekreacyjnym o długości nie mniejszej niż 24,00 m, zakotwiczonego do dna oraz…	batch-044.json
451	TED:554236-2026	Czechia – Insurance services – RUK – OZV – Centrální cestovní pojištění pro zaměstnance Univerzity Karlovy	Univerzita Karlova	2026-09-07T10:00:00+02:00	11960000.0	CZK	LOW			slušnou možnost] k plnění veřejné zakázky nehodlá využít poddodavatele k plnění veřejné zakázky hodlá využít poddodavatele, které vyplní v tabulce níže Dodavatel/Člen sdružení dodavatelů/Poddodavatel | Název/Obchodní firma | IČO | Sídlo | Skutečný majitel/majitelé Jméno a příjmení/Datum narození/By…	batch-045.json
452	PL-BZP:08def7b0-3387-1024-962b-120001dad26a	Remont sufitów podwieszanych w budynku Sądu Rejonowego w Siedlcach	Sąd Rejonowy w Siedlcach	2026-08-27T07:00:00+00:00			LOW			klarowany okres gwarancji | Przyznana punktacja | Deklaracja Wykonawcy 24 miesiące (okres minimalny) | 0 pkt | 36 miesięcy | 10 pkt | 48 miesięcy | 20 pkt | 60 miesięcy | 40 pkt | Dnia: ………………………………………. | Data sporządzenia oferty | /znacznik podpis Wykonawcy lub osoby upoważnionej do występowania w…	batch-045.json
453	PL-BZP:08def2bf-727f-2564-962b-12000166a341	„Poprawa BRD na przejściach dla pieszych na DK35 w m. Świdnica”.	Gmina Miasto Świdnica	2026-08-20T07:00:00+00:00			LOW			===== FILE: files/BRD DK35 _widnica - odpowied_ 13.08.2026_unpacked/[Content_Types].xml ===== <?xml version="1.0" encoding="UTF-8" standalone="yes"?> <Types xmlns="http://schemas.openxmlformats.org/package/2006/content-types"><Default Extension="rels" ContentType="application/vnd.openxmlformats-pac…	batch-045.json
454	PL-BZP:08def476-d6a9-7781-962b-120001d608c1	Sukcesywne świadczenie usług poligraficznych dla PZLPiT „MAZOWSZE”	PZLPiT Mazowsze	2026-08-24T09:00:00+00:00			LOW			e i zgodne z prawdą oraz zostały przedstawione z pełną świadomością konsekwencji wprowadzenia zamawiającego w błąd przy przedstawianiu informacji. ……………………………………………………… /podpis osoby uprawnionej do reprezentacji Wykonawcy/ podmiotu udostępniającego zasoby (w zależności od tego kto składa oświadczen…	batch-045.json
455	PL-BZP:08def79d-c9ad-c307-962b-120001dacfff	Opracowanie wymaganej przepisami prawa oceny technicznej (opinii, ekspertyzy) pięciu budynków znajdujących się na terenie gminy Grodzisk Mazowiecki.	GMINA GRODZISK MAZOWIECKI	2026-08-19T10:00:00+00:00			LOW			ia ofert: Ofertę należy złożyć poprzez Platformę: https://platformazakupowa.pl/transakcja/1357628 8.3.) Termin otwarcia ofert: 2026-08-19 12:30 8.4.) Termin związania ofertą: do 2026-09-17 Ogłoszenie nr 2026/BZP 00387507/01 z dnia 2026-08-11 2026-08-11 Biuletyn Zamówień Publicznych Ogłoszenie o zam…	batch-045.json
456	PL-BZP:08def6cf-06bb-7a00-962b-120001b3f441	Przebudowa instalacji elektrycznej i teleinformatycznej w budynku Sądu Rejonowego w Turku przy ul. Legionów Polskich 4 w Turku	Sąd Apelacyjny w Poznaniu	2026-08-26T08:00:00+00:00			LOW			ługość okresu gwarancji na roboty budowlane (G) – waga 20 % W celu oceny ofert zgodnie z pkt. 15 SWZ Zamawiający przydzieli punkty za długość okresu gwarancji na roboty budowlane: za 24 miesiące gwarancji – 0 pkt. za 36 miesięcy gwarancji – 5 pkt. za 48 miesięcy gwarancji – 10 pkt za 60 miesięcy gw…	batch-045.json
457	US-SAM:2ba233e113264fa2a8606aa5bb330b8b	Q301--MRI Phantom System Maintenance Intent to Sole Source	VETERANS AFFAIRS, DEPARTMENT OF	2026-08-24T14:00:00+00:00			LOW		’s Administration (VA) Office of Research and Development, Regional Procurement Office – East in Pittsburgh, PA intends to negotiate on a sole source basis with Psychology Software Tools based in Sharpsburg, PA on behalf of the VA Salt Lake City Healthcare System. The requirement is to: Acquire 25 …	, USA ARCHIVE | 60 DAYS AFTER THE RESPONSE DATE RECOVERY ACT FUNDS | N PRODUCT SERVICE CODE* | Q301 NAICS CODE* | 811210 CONTRACTING OFFICE ADDRESS | Veterans Health Administration Regional Procurement Office East Building 32 Suite 1A1111 1010 Delafield Road Pittsburgh PA 15215-1802 POINT OF CONTAC…	batch-045.json
458	TED:568146-2026	Poland – Architectural, construction, engineering and inspection services – Opracowanie dokumentacji projektowej wraz z pełnieniem nadzoru autorskiego dla zadania pn.: Termomodernizacja wraz z remontem budynków Zespołu Szkół Ogólnokształcących nr 10 im. Eugeni	Dyrekcja Rozbudowy Miasta Gdańska działająca w imieniu i na rzecz Gminy Miasta Gdańska	2026-09-17T11:00:00+02:00			LOW			identyczna z wersją papierową dokumentacji projektowej. | ………………………………………. (data, podpis i pieczątka) 4. Wykonawca zgodnie z umową potwierdza, że udzielił rękojmi za wady fizyczne i prawne oraz gwarancji jakości do wykonanej dokumentacji projektowej na okres określony w Umowie, od daty odbioru doku…	batch-045.json
459	TED:569072-2026	Slovenia – Architectural, construction, engineering and inspection services – IZVAJANJE NADZORA NAD GRADNJO IN OPREMO ZA PRETOVOR SIPKIH ALI RAZSUTIH TOVOROV- SKLOP 1: IZVAJANJE STROKOVNEGA NADZORA, IZDELAVA VN IN NALOG KOORDIN. VPD PRI POSTAVITVI KAMIONSKE NA	LUKA KOPER, pristaniški in logistični sistem, delniška družba	2026-09-23T12:00:00+02:00			LOW		pooblaščene osebe) Opomba: Obrazec morajo predložiti le ponudniki, ki bodo predmetno javno naročilo izvajali s podizvajalci, za tiste podizvajalce, ki zahtevajo neposredno plačilo. Obrazec mora izpolniti, podpisati in žigosati podizvajalec. Obrazec je informativne narave in služi ponudnikom kot pom…	s podizvajalci, za tiste podizvajalce, ki zahtevajo neposredno plačilo. Obrazec mora izpolniti, podpisati in žigosati podizvajalec. Obrazec je informativne narave in služi ponudnikom kot pomoč pri pripravi, ponudniki lahko uporabijo drug obrazec, v kolikor so iz slednjega razvidni vsi podatki, ki s…	batch-045.json
460	TED:558591-2026	Germany – Lift installation work – Staatsbetrieb Sächs.Informatik Dienste, Errichtung Funktionsgebäude	Staatsbetrieb Sächsisches Immobilien- und Baumanagement, Zentrale, Zentralstelle Vergabe- und Vertragsmanagement	2026-10-01T09:00:00+02:00			LOW		er zu vergebenden Leistung vergleichbar sind Ich/Wir erkläre(n), dass ich/wir in den letzten fünf Kalenderjahren bzw. dem in der Auftragsbekanntmachung angegebenen Zeitraum1 vergleichbare Leistungen ausgeführt habe/haben. Bei einem Teilnahmewettbewerb füge(n) ich/wir meinem/unserem Teilnahmeantrag …		batch-045.json
461	PL-BZP:08defc48-fd14-6938-962b-12000115bd2d	Zakup i dostawa fabrycznie nowego samochodu osobowego typu Plug-in Hybrid (PHEV) na potrzeby Urzędu Miejskiego w Dziwnowie-2	Gmina Dziwnów	2026-08-25T10:00:00+00:00			LOW			isania oświadczenia przez pełnomocnika: kwalifikowanym podpisem elektronicznym przy użyciu profilu zaufanego przy pomocy dowodu osobistego z warstwą elektroniczną Lp. | Firma (nazwa) wykonawcy wspólnie ubiegającego się o udzielenie zamówienia | Wskazanie warunku udziału w postępowaniu który wykazuj…	batch-046.json
462	PL-BZP:08defc3b-c2ce-dd80-962b-1200014af5c4	Nadzór inwestorski i rozliczenie finansowe i rzeczowe - funkcja Inżyniera przy realizacji zamówienia pn. „Rozbudowa drogi wojewódzkiej Nr 829 od km 14+860 do km 21+999”	Zarząd Dróg Wojewódzkich w Lublinie	2026-09-11T07:00:00+00:00			LOW			ościowe, spadki poprzeczne, szerokość Równość podłużna –metoda pomiaru umożliwiająca obliczenie wskaźnika IRI Właściwości przeciwpoślizgowe | wg pkt. 6.6.1.3. wg tabeli 19 wg tabeli 19 wg tabeli 19 w sposób ciągły, wg pkt.6.6.1.2. wg pkt.6.6.1.9 9 | Nawierzchnia z mieszanki niezwiązanej D 05.01.01.…	batch-046.json
463	PL-BZP:08def46b-3009-50d2-962b-120001d33f5f	Wykonanie przyłącza kanalizacji sanitarnej i deszczowej do budynku Szkoły Podstawowej nr 11 przy ul. Mościckiego 177 A w Tarnowie	Gmina Miasta Tarnowa - Urząd Miasta Tarnowa	2026-08-24T10:00:00+00:00			LOW			===== FILE: files/10_Za_czniki 1-4 do PPU_unpacked/Załącznik nr 1 do_Umowy - wzór protokołu odbioru robót_unpacked/[Content_Types].xml ===== <?xml version="1.0" encoding="UTF-8" standalone="yes"?> <Types xmlns="http://schemas.openxmlformats.org/package/2006/content-types"><Default Extension="rels" …	batch-046.json
464	PL-BZP:08defc2b-d831-6c7f-962b-1200014af3f4	Sukcesywne dostawy papieru toaletowego, ręczników papierowych i dozowników	UNIWERSYTET MIKOŁAJA KOPERNIKA W TORUNIU COLLEGIUM MEDICUM IM. LUDWIKA RYDYGIERA W BYDGOSZCZY	2026-08-26T08:00:00+00:00			LOW			e zostaje zaoferowany maksymalny, określony przez Zamawiającego w treści SWZ termin realizacji. 5) | Warunki płatności: Wykonawca akceptuje warunki płatności określone przez Zamawiającego w Załączniku nr 4 do SWZ – wzór Umowy Lp. | Część zamówienia, którą Wykonawca zamierza powierzyć do realizacji …	batch-046.json
465	TED:566946-2026	Poland – Parts and accessories for vehicles and their engines – Dostawa części zamiennych do pojazdów kołowych (HONKER)	3 Regionalna Baza Logistyczna	2026-09-14T08:00:00+02:00			LOW			dotyczących jest wymogiem ustawowym określonym w przepisach ustawy Pzp, związanym z udziałem w postępowaniu o udzielenie zamówienia publicznego. Konsekwencje niepodania określonych danych wynikają z ustawy Pzp. W trakcie przetwarzania danych nie będzie dochodziło do zautomatyzowanego podejmowania d…	batch-046.json
466	TED:568029-2026	Lithuania – Reagents and contrast media – Reagentai ir pagalbinės priemonės Mikrobiologijos laboratorijai (11765) NUTRAUKTAS	VšĮ Vilniaus universiteto ligoninė Santaros klinikos (PV)	2026-09-17T10:00:00+03:00			LOW			GNADCBiQKBgQCpjkHF5ZZfgQbFEXQLJ17JY2GRzBZarcnGjdQUAIr/dWguFR8dZsmCFEl6bWjCITARVNg3vaZPAjMVDF5N5YecQ2MUuVK8SAahvqvz+OiQAAR4eTmgWaHpCS0E5T5tqsQkdcaEssEdlAXrfGINd2Ej0hOLO/hy2+qK5mdZIZ0+JQIDAQAB</pub-key> </c4t> ===== FILE: files/1560_9201860_unpacked/2_del nutraukimo CVPIS.docx ===== Informuojame, kad…	batch-046.json
467	PL-BZP:08defd09-081f-1041-962b-12000115c761	Usługa przeprowadzenia warsztatów grupowych oraz indywidualnych sesji coachingowych „Talent Booster – odkryj swoje mocne strony” dla Politechniki Lubelskiej	POLITECHNIKA LUBELSKA	2026-09-01T08:00:00+00:00			LOW			zym kryterium 0 pkt. W przypadku zaznaczenia dwóch opcji lub więcej znakiem X Zamawiający przyjmie, iż Wykonawca posiada minimalny poziom wymaganego doświadczenia i wówczas otrzyma w powyższym kryterium 0 pkt. Lp. | Nazwa podwykonawcy | Część zamówienia, jaka zostanie powierzona podwykonawcy** | Wa…	batch-046.json
468	PL-BZP:08defd04-639a-218b-962b-12000115c6b1	Organizacja dwudniowego spotkania sieciującego dla powiatowych centrów pomocy rodzinie.	Regionalny Ośrodek Polityki Społecznej w Lublinie	2026-08-26T08:00:00+00:00			LOW			ust. 4 ustawy Pzp oświadczamy, iż Wykonawcy wspólnie ubiegający się o udzielenie zamówienia zrealizują przedmiotowe zamówienie w zakresie określonym w tabeli: DOKUMENT NALEŻY PODPISAĆ KWALIFIKOWANYM PODPISEM ELEKTRONICZNYM, PODPISEM ZAUFANYM LUB PODPISEM OSOBISTYM l.p. | Nazwa Wykonawcy | Zakres za…	batch-046.json
469	PL-BZP:08defcf9-d540-001c-962b-12000115c528	Przebudowa mostu w ciągu drogi powiatowej nr 3915 E w km. 2+938 w miejscowości Krery	Powiat Radomszczański	2026-09-02T07:00:00+00:00			LOW		Stabilność magazynowa -nia. Różnica temperatur mięknienia PN-EN 13399 [57] PN-EN 1427 [22] °C ≤ 5 2 ≤ 5 2 ≤ 5 2 Stabilność magazynowa -nia. Różnica penetracji PN-EN 13399 [57] PN-EN 1426 [21] 0,1 mm NRa 0 NRa 0 NRa 0 Wymagania Dodatkowe Spadek tem- peratury mięknienia po starzeniu wg PN-EN 12607 -1…		batch-046.json
470	PL-BZP:08def218-4170-5283-962b-1200010b7322	Budowa kablowej linii oświetlenia ulicy Pyłkowej w Hajnówce	Gmina Miejska Hajnówka	2026-08-21T07:00:00+00:00			LOW				batch-046.json
471	TED:567841-2026	Poland – Installation of road lighting equipment – Oświetlenie przejść dla pieszych na ulicach będących w zarządzie Miejskiego Zarządu Dróg w Rzeszowie	Gmina Miasto Rzeszów - Urząd Miasta Rzeszowa	2026-08-26T10:00:00+02:00			LOW			===== FILE: files/Formularz OFERTA PN_2_unpacked/[Content_Types].xml ===== <?xml version="1.0" encoding="UTF-8" standalone="yes"?> <Types xmlns="http://schemas.openxmlformats.org/package/2006/content-types"><Default Extension="rels" ContentType="application/vnd.openxmlformats-package.relationships+…	batch-047.json
472	US-SAM:213a2fe3a447465e8f30699c9f056ec4	JOMIS Joint Medical Planning, Modeling and Simulation Capabilities	DEPT OF DEFENSE	2026-09-13T19:00:00+00:00			LOW		ny cost incurred in developing information provided to the Government. OVERVIEW The Defense Health Agency Contracting Activity (DHACA), on behalf of the Program Executive Office Defense Healthcare Management Systems (PEO DHMS) Joint Operational Medicine Information System (JOMIS) Program Management…		batch-047.json
473	US-SAM:bb4bf0e50af5495cacb65f25d1dc8cc4	6550--HOLOGIC PANTHER SUPPLIES & CONSUMABLES IDC SALISBURY	VETERANS AFFAIRS, DEPARTMENT OF	2026-08-20T15:00:00+00:00			LOW		with 41 U.S.C. §3304(a)(1) as implemented by FAR 6.302-1, Only One Responsible Source. This purchase will be made under Acquisition of Commercial Products and Commercial Services as authorized by Revolutionary FAR Overhaul (RFO) 12.102(a) (Deviation OCT 2025), and Other than Full and Open Competiti…	RESPONSE DATE RECOVERY ACT FUNDS | N PRODUCT SERVICE CODE* | 6550 NAICS CODE* | 325413 CONTRACTING OFFICE ADDRESS | Department of Veterans Affairs Network Contracting Office 6 100 Emancipation Drive Hampton VA 23667 POINT OF CONTACT* | Contract Specialist Chellry Whittier chellry.whittier@va.gov Al…	batch-047.json
474	TED:568984-2026	Romania – Motor vehicle insurance services – Servicii de asigurare facultativa a autovehiculelor CASCO	Serviciul de Ambulanta Judetean Timis	2026-09-21T15:00:00+03:00	1118400.0	RON	LOW			ul (termenele) pentru procedurile de contestare: In conformitate cu prevederile art.8 din Legea 101/2016. VI.4.4 Serviciul de la care se pot obtine informatii privind procedura de contestare - Sistemul Electronic de Achizitii Publice Sistemul Electronic de Achizitii Publice, 14.08.2026 10:52 Pagina…	batch-047.json
475	PL-BZP:08def878-f1c3-7756-962b-1200013365fa	Organizacja targów branżowych pn. „DUAL-USE & DEFENCE Bydgoszcz 2026” – Część I/II Wynajem stoisk targowych/Kompleksowa usługa cateringowa	BYDGOSKI PARK PRZEMYSŁOWO-TECHNOLOGICZNY SPÓŁKA Z OGRANICZONĄ ODPOWIEDZIALNOŚCIĄ	2026-08-20T07:00:00+00:00			LOW			aściwy plik będzie znajdował się w nowo utworzonym folderze. W przypadku dalszych pytań, serdecznie zachęcamy do kontaktu z​ Centrum Wsparcia Klienta​ : ● tel. ​ 22 101 02 02 ● e-mail: ​ cwk@platformazakupowa.pl OPEN NEXUS Sp. z o.o., 28 Czerwca 1956 Roku 406, 61-441 Poznań 22 101 02 02 ​ | ​ PRZET…	batch-047.json
476	UK_PCS_OCDS:rls-25-AUG561899	P27-0023: Grangemouth â Strategic Spatial Framework	Scottish Enterprise	2026-09-08T11:00:00+00:00	208000.0	GBP	LOW		s Invitation to Tender (ITT) is to appoint a supplier to deliver the Grangemouth Strategic Spatial Framework study to Scottish Enterprise. The work is intended to provide a practical, infrastructure-led and investment-focused tool to support decision-making around land, infrastructure, sequencing a…		batch-047.json
477	UK_PCS_OCDS:rls-6-JUL561091	Provision of home and community-based care and support services under SDS Option 3 (2027 Angus Framework)	Angus Council	2026-09-10T12:00:00+00:00	248358000.0	GBP	LOW			as Documents: Yes Has SPD: Yes Abstract: Angus Council and the Angus Health and Social Care Partnership have reviewed their current Framework for the provision of personal care, support and care and housing support (including home-based respite services) under SDS Option 3 within the homes of suppo…	batch-047.json
478	UK_PCS_OCDS:rls-47-AUG561486	Energy Advice Services 2026	Aberdeen City Council	2026-09-02T12:00:00+00:00			LOW				batch-047.json
479	UK_PCS_OCDS:rls-32-AUG561858	Flood Bank Realignment	Beaver Trust	2026-08-28T09:00:00+00:00			LOW				batch-047.json
480	UK_PCS_OCDS:rls-36-AUG561703	Partick Housing Association: CHP and Power System Servicing and Reactive Maintenance Works	Partick Housing Association Ltd.	2026-09-04T12:00:00+00:00			LOW				batch-047.json
481	ZA_ETENDERS_OCDS:ocds-9t57fa-165684-2026-08-14	34 OF 2026	Makhado Local Municipality	2026-09-02T12:00:00+00:00		ZAR	LOW		===== FILE: files/Tender advert 34 of 2026 Supply and delivery of local government library (Full set comprising of 21 pocketbooks).pdf ===== MAKHADO MUNICIPALITY TENDER NOTICE All suitable service providers are hereby invited to bid for the above-mentioned project. Bidders are requested to bid as p…		batch-048.json
482	ZA_ETENDERS_OCDS:ocds-9t57fa-165650-2026-08-14	GPAA 08/2026	Government Pensions Administration Agency (GPAA)	2026-09-04T11:00:00+00:00		ZAR	LOW			pricing schedule template not provided by GPAA will not be acceptable. 5.6. The GPAA will enter into negotiations with the recommended bidders to fix the monthly rates. Work will be allocated on a rotational basis on fixed rates. 5.7.The price must include all cost to deliver the goods or render th…	batch-048.json
483	ZA_ETENDERS_OCDS:ocds-9t57fa-165806-2026-08-17	RFB018/26/27	National Health Laboratory Service	2026-09-11T11:00:00+00:00		ZAR	LOW		s on an as and when required basis. g) NHLS will appoint based on the rates therefore the total bid offer is for comparison purposes only. PRICING SCHEDULE SECTION A: Automated Chemistry Analysers Monthly Rate in Unit of measure Year 1 (VAT Excl.) Automated Chemistry Analysers Monthly 8 SECTION B B…	below quantities as this contract is for procurement of the consumables on an as and when required basis. g) NHLS will appoint based on the rates therefore the total bid offer is for comparison purposes only. PRICING SCHEDULE SECTION A: Automated Chemistry Analysers Monthly Rate in Unit of measure …	batch-048.json
484	ZA_ETENDERS_OCDS:ocds-9t57fa-165640-2026-08-14	COM104/2026	Mbombela Local Municipality	2026-08-24T11:00:00+00:00		ZAR	LOW				batch-048.json
485	ZA_ETENDERS_OCDS:ocds-9t57fa-164001-2026-08-17	TNPA/2026/06/1342/7587/RFP	Transnet National Ports Authority	2026-08-27T12:00:00+00:00		ZAR	LOW				batch-048.json
486	ZA_ETENDERS_OCDS:ocds-9t57fa-165821-2026-08-17	GPAA 06/2026	Government Pensions Administration Agency (GPAA)	2026-09-07T11:00:00+00:00		ZAR	LOW			pricing schedule template not provided by GPAA will not be acceptable. 5.6. The GPAA will enter into negotiations with the recommended bidders to fix the monthly rates. Work will be allocated on a rotational basis on fixed rates. 5.7.The price must include all cost to deliver the goods or render th…	batch-048.json
487	US-SAM:31c3236d25c045dc979cd8bb588b8c08	Y1DA--652-22-704 WIFI NextGen Upgrades	VETERANS AFFAIRS, DEPARTMENT OF	2026-11-24T00:00:00+00:00			LOW			Specialist Donteana Gibbs Donteana.Gibbs@va.gov 757-251-4109 AWARD NUMBER* | 36C24626C0047 AWARD AMOUNT* | $232,275.00 LINE ITEM NUMBER | 1 AWARD DATE (MM-DD-YYYY)* | 08-17-2026 AWARDEE NAME* | TERALINKS LLC CONTRACTOR’S UEI | FNNAXEZ7VE66 AWARDEE ADDRESS LINE 1* | AWARDEE ADDRESS LINE 2* | AWARDEE…	batch-048.json
488	US-SAM:d4d833c2a7d449e899ac968f3de849cb	Casualty Administrative Support Services (CASS)	DEPT OF DEFENSE	2026-09-02T14:00:00+00:00			LOW		this notice, please provide: 1. Name of the firm, point of contact, phone number, email address, UEI number, CAGE code, a statement regarding small business status (including small business type(s)/certifications(s) such as SDB, 8(a), HUBZone, SDVOSB, WOSB, etc.) and the corresponding NAICS code. 2…		batch-048.json
489	US-SAM:b1b92ad1228743569f2d1eff9aca932c	6515--KAIRISON PNEUMATIC BONE PUNCH SYSTEM	VETERANS AFFAIRS, DEPARTMENT OF	2026-10-16T00:00:00+00:00			LOW			tawnya.krommenhoek@va.gov tawnya.krommenhoek@va.gov AWARD NUMBER* | 36C26126P1046 AWARD AMOUNT* | $50,436.64 LINE ITEM NUMBER | 0022 AWARD DATE (MM-DD-YYYY)* | 08-17-2026 AWARDEE NAME* | TRILLAMED LLC CONTRACTOR’S UEI | GW9FLBWB5625 AWARDEE ADDRESS LINE 1* | AWARDEE ADDRESS LINE 2* | AWARDEE ADDRES…	batch-048.json
490	US-SAM:93e94e98d03848669769031cb58e1cef	H146--SPS Water Testing and Sampling IAW ST108	VETERANS AFFAIRS, DEPARTMENT OF	2026-09-01T00:00:00+00:00			LOW			,953.72 LINE ITEM NUMBER | 0001-4009 AWARD DATE (MM-DD-YYYY)* | 08-12-2026 AWARDEE NAME* | I-2-I SOLUTIONS, INC. CONTRACTOR’S UEI | KBLVEEKP3DN5 AWARDEE ADDRESS LINE 1* | AWARDEE ADDRESS LINE 2* | AWARDEE ADDRESS LINE 3* | 6802 PARAGON PL STE 410 AWARDEE ADDRESS LINE 4* | AWARDEE CITY | RICHMOND AW…	batch-048.json
491	UK_PCS_OCDS:rls-80-JUL560325	PEATLAND RESTORATION SCHEME RSPB Oa Phase 4 Islay	RSPB Scotland	2026-08-25T09:00:00+00:00			LOW				batch-049.json
492	US-SAM:1c48b3d32dd049769b45df7e8a72f9b9	6515-- Carino Shower Chairs	VETERANS AFFAIRS, DEPARTMENT OF	2026-08-19T21:00:00+00:00			LOW		uesting that restrictive or proprietary markings not be used in response to this notice. If a solicitation is released, it will be synopsized in the Federal Contract Opportunities website or GSA. It is the responsibility of the interested parties to monitor these sites for additional information pe…	n TX 77056-5643 POINT OF CONTACT* | Contract Specialist Alaster Sampson alaster.sampson@va.gov alaster.sampson@va.gov ADDRESS | VA Medical Center | 2002 Holcombe Blvd | | | Houston TX POSTAL CODE | 77030 COUNTRY | USA AGENCY’S URL | https://www.va.gov/houston-health-care/ URL DESCRIPTION | Michael …	batch-049.json
493	TED:567864-2026	Germany – Architectural, engineering and planning services – Rechercheauftrag Innenstadthavel und Nebengewässer ; Recherche, Erfassung und Auswertung von Bestandsakten	Land Berlin, Senatsverwaltung für Mobilität, Verkehr, Klimaschutz und Umwelt	2026-09-04T23:59:00+02:00			LOW				batch-049.json
494	PL-BZP:08defc28-5937-f5c0-962b-1200014af3a1	„Modernizacja dróg dojazdowych do gruntów rolnych”	Gmina Igołomia-Wawrzeńczyce	2026-09-01T10:00:00+00:00			LOW			oświadczeń woli Zamawiający zaleca przed podpisaniem, zapisanie dokumentu w formacie .pdf, Dokument należy wypełnić i podpisać kwalifikowalnym podpisem elektronicznym lub podpisem zaufanym lub podpisem osobistym Lp | Rodzaj sprzętu do realizacji zamówienia | Ilość | Informacją o podstawie do dyspon…	batch-049.json
495	PL-BZP:08defc84-81fb-5936-962b-12000115c18a	Modernizacja łazienek Powiatowego Zespołu Placówek Szkolno – Wychowawczych w Hrubieszowie	Powiatowy Zespół Placówek Szkolno - Wychowawczych w Hrubieszowie	2026-09-01T08:00:00+00:00			LOW			ce Brak informacji o certyfikacie będzie uznany za oświadczenie wykonawcy, że w niniejszym postępowaniu nie będzie on wykorzystywał certyfikatu. Uwaga! Oświadczenie po wypełnieniu należy podpisać kwalifikowanym podpisem elektronicznym lub podpisem zaufanym lub podpisem osobistym przez osoby upoważn…	batch-049.json
496	TED:568655-2026	Romania – Forestry services – Servicii de regenerare a pădurilor 3/2027 - dssv	Regia Nationala a Padurilor - ROMSILVA RA - Directia Silvica Suceava	2026-09-21T15:00:00+03:00	4193698.82	RON	LOW				batch-049.json
497	UK_PCS_OCDS:rls-3-AUG562475	Provision of Planning Enforcement Direct Action Contractor	Orkney Islands Council	2026-09-17T12:00:00+00:00	750000.0	GBP	LOW				batch-049.json
498	TED:568895-2026	Romania – Repair and maintenance services of cooler groups – SERVICII DE INTRETINERE, VERIFICARE SI REPARARE ECHIPAMENTE CLIMATIZARE (CTA) CU FURNIZARE FILTRE DE SCHIMB	Spitalulul Clinic de Ortopedie Traumatologie si TBC Osteoarticular Foisor	2026-09-18T15:00:00+03:00	1527000.0	RON	LOW				batch-049.json
499	TED:567840-2026	Romania – Medical equipments – „ACHIZIȚIONARE DE APARATURĂ MEDICALĂ DE EXPLORARE SAU DE TERAPIE”	Centrul Medical de Evaluare,Terapie,Educatie Medicala Specifica si Recup pentru Copii si Tineri "Cristian Serban" Buzias	2026-09-18T15:00:00+03:00	6939669.39	RON	LOW				batch-049.json
500	US-SAM:380201a14879411a93733c78192b55ea	J029--Chemical Treatments, Cooling Tower/Boiler Water Treatment Service - SAVAHCS	VETERANS AFFAIRS, DEPARTMENT OF	2026-09-15T00:00:00+00:00			LOW			* | $350,001.00 LINE ITEM NUMBER | All AWARD DATE (MM-DD-YYYY)* | 09-01-2026 AWARDEE NAME* | LIBERTY TECHNICAL SERVICES, LLC CONTRACTOR’S UEI | CQUNKGCU3F48 AWARDEE ADDRESS LINE 1* | AWARDEE ADDRESS LINE 2* | AWARDEE ADDRESS LINE 3* | 708 MASON RD AWARDEE ADDRESS LINE 4* | AWARDEE CITY | STEVENSVIL…	batch-049.json
501	TED:560079-2026	Germany – Architectural, engineering and planning services – M0142 Generalsanierung Congress Centrum Würzburg (CCW) - 26FO0006 Generalplanungsleistung zur Generalsanierung CCW	Stadt Würzburg	2026-09-18T09:00:00+02:00	8733320.43	EUR	LOW				batch-050.json
502	UK_PCS_OCDS:rls-32-JUL560734	Provision of Timber for Operational and Training Requirements	Scottish Fire and Rescue Service	2026-08-24T12:00:00+00:00	650000.0	GBP	LOW		the support team using the contact details provided on the site home page. ===== FILE: files/portal_page.txt ===== We use cookies to make the site simpler. Accept Cookie Settings Skip to main content Contact Us Website Technical Support 0800 222 9003 Opening hours: 08:30 - 17:00 Home Search Notices…		batch-050.json
503	PL-BZP:08def3a6-42aa-cc2c-962b-120001064396	Zakup wyposażenia nowej sali widowiskowej na dworcu kolejowym w Łukowie	ŁUKOWSKI OŚRODEK KULTURY	2026-08-21T09:00:00+00:00			LOW			niniejszą ofertą do dnia 18 września 2026r. od upływu terminu składania ofert. ....................................................................................................................................................... Dokument musi zostać podpisany elektronicznie (kwalifikowanym podpis…	batch-050.json
504	PL-BZP:08def78c-c765-8383-962b-12000107200b	Przebudowa drogi gminnej w m. Czerna	Gmina Iłowa	2026-08-26T10:00:00+00:00			LOW			jące brak podstaw wykluczenia tego podmiotu. Numer i oznaczenie certyfikatu | Podmiot certyfikujący | Okres ważności certyfikacji | Podstawy wykluczenia objęte certyfikatem | Inne informacje umożliwiające weryfikację | ........................................ (miejscowość i data) | ................…	batch-050.json
505	US-SAM:596517d3af8c4080a1dea5fa40dab58b	F-16 TRANSMITTER, PRESSURE NSN 6685011496398WF	DEPT OF DEFENSE	2026-09-18T05:59:00+00:00			LOW	training-course	===== FILE: files/CDRLCPP.pdf ===== DD FORM 1423-1, FEB 2001 CONTRACT DATA REQUIREMENTS LIST (1 Data Item) PREVIOUS EDITION MAY BE USED. Form Approved OMB No. 0704-0188 The public reporting burden for this collection of information is estimated to average 110 hours per response, including the ti me…	efined in National Institute of Standards and Technology Special Publication 800-115 (32 CFR 170.21).(b)Framework. The Cybersecurity Maturity Model Certification (CMMC) is a framework for assessing a contractor’s compliance with applicable information security protections (see 32 CFR part 170).(c)D…	batch-050.json
506	US-SAM:c370be99aa6549b7be0fcc4b312353ab	Conference Rooms (S) and (TS)	DEPT OF DEFENSE	2026-08-24T18:00:00+00:00			LOW		ro Non-Radio version) routed into the multi-domain switch. 5. Security & Compliance Signaling (Red/Black Isolation) • Doors & Displays Signage: LED Classiﬁcation Signage installed above the entryway door and above the front displays. These must be integrated directly into the AV control processor s…	===== FILE: files/CC_Conference_Room_Layout.pptx ===== [SLIDE 1] Conference Table CC Conference Room Operator Table Front Displays Side Display Control Panel Side Display RacK ===== FILE: files/CC_Conference_Room_Layout_unpacked/[Content_Types].xml ===== <?xml version="1.0" encoding="UTF-8" standal…	batch-050.json
507	US-SAM:d95190c2754d4322b315d54fe01a6f89	VALVE,VACUUM REGULA	HOMELAND SECURITY, DEPARTMENT OF	2026-08-22T16:00:00+00:00			LOW		an also be found on SAM.GOV under the same solicitation/RFQ listed in the header. The U.S. Coast Guard, Surface Forces Logistics Center (SFLC) intends to award a Firm Fixed Price Purchase Order. The United States Coast Guard Surface Forces Logistics Center has a requirement for the following items:…	ov. Additionally, a copy of the invoice must also be sent to the PO Issuing Office at: Stephanie.a.garity@uscg.mil | VENDOR NAME: | VENDOR UEI: | NSN | PART # | NOMENCLATURE | QTY | U/I | PRICE | TOTAL 4820-01-675-9153 | PR2002 | VALVE,VACUUM REGULA | 100 | EA | | | | | | | | | | | | | | | | | | | …	batch-050.json
508	US-SAM:c5d99b0d872b4fb887f5df4f9a8b8d9e	F-35 Operations Vault Audio Visual Matrix	DEPT OF DEFENSE	2026-08-21T15:00:00+00:00			LOW		on that will integrate with installed equipment such as but not limited to (2) Laser Projectors, (1) classified video teleconferencing system and (JWICS CODEC) and (6) computers/networks. - The visual presentation system shall consist of one (1) television display (55inch) and two (2) projectors. A…	event timely delivery, notice of expected lead time is required at bidding. b. Ship to address: 14300 Fang Dr Jacksonville, FL 32218 Attn c. Receiving Point of Contact (POC): 1. Name and title: 2. Email address: 3. Work phone: d. Receiving Location work hours: Work shall be accomplished during regu…	batch-050.json
509	PL-BZP:08def38c-c146-0453-962b-1200019cd421	Remont obiektów zlokalizowanych w rejonie działania SOI Szczecin Podjuchy	15 WOJSKOWY ODDZIAŁ GOSPODARCZY	2026-08-25T08:00:00+00:00			LOW			ustala się na dzień 18.08.2026 r., godz. 09:00. Miejsce rozpoczęcia wizji lokalnej: Brama Gówna kompleksu przy ul. Metalowej 52 w Szczecinie. Osobą upoważnioną do przeprowadzenia wizji lokalnych jest Kierownik SOI Szczecin Podjuchy tel. 261 454 764 lub osoba upoważniona. Przeprowadzenie wizji lokal…	batch-050.json
510	US-SAM:e82c6690f96c44a58d81b592000590c0	Notice of Intent to Award Sole Source - DAFL Hoopla	DEPT OF DEFENSE	2026-08-21T17:00:00+00:00			LOW		erations, remote sites, and military missions IAW DoDI 1015.10. The program provides professional military and voluntary education programs materials and services. Libraries also provide facilities, resources, and services to enhance the quality of life, regeneration, and resiliency for authorized …	collection that can be streamed or downloaded with no waiting. This subscription must be firm-fixed pricing so there is no increase when new titles are accessed and may limit the number of digital downloads per week/month per registered user. The Midwest Tape Hoopla digital collection provides info…	batch-050.json
511	US-SAM:184e75f58f0e4563a25e1b93672239c7	Notice of Intent to Sole Source Accreditation Planning and Self-study and Course Evaluations and Surveys Software	DEPT OF DEFENSE	2026-09-01T13:00:00+00:00			LOW			elating these activities to military medicine, disaster medicine, and military medical readiness. USU is located in Bethesda, MD on the grounds of the Naval Support Activity Bethesda. The mission of the USU is to provide the highest quality education programs in the health sciences to those selecte…	batch-051.json
512	PL-BZP:08defc61-adcc-083d-962b-12000115c082	Kompleksowe zorganizowanie 4 - dniowego wyjazdu terapeutycznego w wakacje 2026 w ramach projektu „W rodzinie jest moc”	Powiatowe Centrum Pomocy Rodzinie w Zduńskiej Woli	2026-08-25T08:00:00+00:00			LOW			Oświadczenie Wykonawcy o spełnieniu warunków udziału w postępowaniu oraz podstawach wykluczenia Załącznik nr 4 Zobowiązanie podmiotu do oddania dyspozycji zasobów Załącznik nr 5 Oświadczenie Wykonawców wspólnie ubiegających się o udzielenie zamówienia Załącznik nr 6 Oświadczenie o podwykonawcach Za…	batch-051.json
513	TED:566197-2026	Romania – Specialist optical instruments – Sistem pentru măsurarea și optimizarea frontului de undă	Institutul National de Cercetare Dezvoltare pentru Fizica si Inginerie Nucleara "Horia Hulubei"	2026-09-21T15:00:00+03:00	403400.0	RON	LOW				batch-051.json
514	UK_PCS_OCDS:rls-8-AUG562238	Water of Luce Dalnigap Channel Realignment	Galloway Rivers Trust	2026-08-24T17:00:00+00:00	60000.0	GBP	LOW		ocds-r6ebe6-0000840086 Published by: Galloway Rivers Trust Publication Date: 13/08/2026 Deadline Date: 24/08/2026 Deadline Time: 17:00 Notice Type: 02 Contract Notice (below FTS threshold or call offs of any value) Has Documents: Yes Has SPD: No Abstract: GRT has secured funding from NatureScot’s N…		batch-051.json
515	UK_PCS_OCDS:rls-19-AUG562113	Ecological constraints surveys prior to habitat work for capercaillie	Cairngorms National Park Authority	2026-08-28T10:00:00+00:00	6250.0	GBP	LOW		gical constraints surveys prior to habitat work for capercaillie Reference No: AUG562113 OCID: ocds-r6ebe6-0000839913 Published by: Cairngorms National Park Authority Publication Date: 11/08/2026 Deadline Date: 28/08/2026 Deadline Time: 10:00 Notice Type: 02 Contract Notice (below FTS threshold or …		batch-051.json
516	UK_PCS_OCDS:rls-1-AUG562483	Supply, Testing and Maintenance of Garage Equipment	Scottish Fire and Rescue Service	2026-09-17T12:00:00+00:00	361486.0	GBP	LOW				batch-051.json
517	TED:567705-2026	Romania – Bespoke printed matter – Acord cadru de furnizare -bonuri de carburant pe suport de hartie (denumite în continuare bonuri de carburant)	DIRECTIA GENERALA DE ASISTENTA SOCIALA SI PROTECTIA COPILULUI MURES	2026-09-15T15:00:00+03:00	756156.0	RON	LOW				batch-051.json
518	TED:569186-2026	Poland – Travel agency, tour operator and tourist assistance services – Kompleksowa organizacja zagranicznego, czterodniowego wyjazdu studyjnego do Szwajcarii dla delegacji z Województwa Małopolskiego, którego celem jest pozyskanie wiedzy oraz wymiana doświadc	Województwo Małopolskie	2026-09-14T10:00:00+02:00	197050.0	PLN	LOW			dmiot, na rzecz którego usługi zostały wykonane lub są wykonywane | Daty wykonania [dzień/miesiąc/rok] | | Czy usługa polegała na zapewnieniu łącznie co najmniej: noclegów, wyżywienia i transportu lotniczego? TAK/NIE** wartość ww. usługi ………….…….. zł brutto | | | | Czy usługa polegała na zapewnieni…	batch-051.json
519	TED:553265-2026	Romania – Police uniforms – Acord-cadru de furnizare echipament din componența uniformelor de poliție	INSPECTORATUL GENERAL AL POLITIEI ROMANE	2026-09-14T15:00:00+03:00	10219790.0	RON	LOW				batch-051.json
520	UK_PCS_OCDS:rls-47-AUG561665	Design and Construct a new footbridge	Loch Lomond & The Trossachs National Park Authority	2026-09-21T10:00:00+00:00	1.0	GBP	LOW				batch-051.json
521	UK_PCS_OCDS:rls-22-AUG562124	Fire Engineering Consultant Services	Historic Environment Scotland	2026-09-14T12:00:00+00:00	520000.0	GBP	LOW				batch-052.json
522	UK_PCS_OCDS:rls-23-AUG562008	Bernat Klein Studio - Design Team	Scottish Historic Buildings Trust (SHBT)	2026-09-11T12:00:00+00:00			LOW				batch-052.json
523	UK_PCS_OCDS:rls-24-AUG562036	RCH692 - Void Clearance & Cleaning Services	River Clyde Homes	2026-08-21T12:00:00+00:00			LOW				batch-052.json
524	UK_PCS_OCDS:rls-34-AUG561834	Appointment for Landscape Architect for Development of Exemplar Estates Guide	Loreburn Housing Association	2026-09-07T12:00:00+00:00	20000.0	GBP	LOW				batch-052.json
525	UK_PCS_OCDS:rls-53-AUG561579	Campus Communication, Lockdown & Emergency Notification System for Ayrshire College	Ayrshire College	2026-08-25T12:00:00+00:00	80000.0	GBP	LOW				batch-052.json
526	UK_PCS_OCDS:rls-30-AUG561905	New Gorbals H.A. - Roof Replacements & Associated Works Phase 1 - 36-56 St Ninian Terrace	New Gorbals Housing Association Ltd.	2026-09-07T12:00:00+00:00			LOW				batch-052.json
527	UK_PCS_OCDS:rls-26-AUG561891	ITT for the provision of specialised Cooling in Energy Access consultancy services to support the Low Energy Inclusive Appliances programme	Energy Saving Trust Ltd	2026-09-07T12:00:00+00:00	73500.0	GBP	LOW				batch-052.json
528	ZA_ETENDERS_OCDS:ocds-9t57fa-165739-2026-08-17	RFQ 015/2026	Cape Town International Convention Centre	2026-08-28T12:00:00+00:00		ZAR	LOW		ption area on the ground floor of the Cape Town International Convention Centre 1 (1 Lower Long Street, Convention Square, Foreshore, Cape Town). CLOSING DATE AND TIME FOR BID: FRIDAY, 28 AUGUST 2026 AT 12:00 All bids received will be opened in public, late proposals and proposals submitted by e -m…		batch-052.json
529	UK_PCS_OCDS:rls-18-AUG561492	Proposed Peatland Restoration - Tarras Valley (Phase 2) - South Scotland	Crichton Carbon Centre	2026-08-28T12:00:00+00:00			LOW				batch-052.json
530	UK_PCS_OCDS:rls-13-AUG561571	River Tweed Trail, Brand Positioning and Audience Development	Tweed Forum	2026-09-09T17:00:00+00:00	10000.0	GBP	LOW				batch-052.json
531	UK_PCS_OCDS:rls-51-AUG561829	Peatland Restoration - Inverbroom	3E Services Ltd	2026-09-11T17:00:00+00:00			LOW				batch-053.json
532	UK_PCS_OCDS:rls-1-AUG561759	Provision of Out of Hours Call Handling Services, 2026 â 2029	Cairn Housing Association	2026-08-28T12:00:00+00:00			LOW				batch-053.json
533	UK_PCS_OCDS:rls-51-JUL561386	NHS-676-Adult Shared Lives Service	NHS Highland	2026-08-31T12:00:00+00:00	567000.0	GBP	LOW				batch-053.json
534	UK_PCS_OCDS:rls-33-AUG561909	New Gorbals H.A. - Roof Replacements & Associated Works Phase 3 - 111 - 143 Old Rutherglen Road	New Gorbals Housing Association Ltd.	2026-09-07T12:00:00+00:00			LOW				batch-053.json
535	UK_PCS_OCDS:rls-21-AUG561415	Peatland Restoration - Auchessan Phase 3	Loch Lomond & The Trossachs National Park Authority	2026-08-26T10:00:00+00:00	1.0	GBP	LOW				batch-053.json
536	ZA_ETENDERS_OCDS:ocds-9t57fa-165795-2026-08-17	NT011-2026	National Treasury	2026-09-07T11:00:00+00:00		ZAR	LOW		OFFER TO BE VALID FOR 90 DAYS FROM THE CLOSING DATE OF BID. ITEM DESCRIPTION BID PRICE IN RSA CURRENCY NO INCLUSIVE OF VALUE ADDED TAX APPOINTMENT OF A SERVICE PROVIDER FOR PROVISION OF REFRESHMENTS AND KITCHEN CLEANING MATERIALS Services must be quoted in accordance with the attached terms of refe…		batch-053.json
537	UK_PCS_OCDS:rls-9-AUG561615	Proposed Peatland Restoration - Shurrery Estate	Caledonian Climate Partners	2026-08-25T12:00:00+00:00			LOW				batch-053.json
538	UK_PCS_OCDS:rls-19-AUG561484	Proposed Peatland Restoration - North Sanquhar Moor (Phase 4) - South Scotland	Crichton Carbon Centre	2026-08-28T12:00:00+00:00			LOW				batch-053.json
539	US-SAM:56168abe755f47b99f8fe98a61111313	6505--Genus Lifesciences, Inc. 65 I B, 36F79726D0140 Effective 10/1/2026 to 9/30/2031	VETERANS AFFAIRS, DEPARTMENT OF	2026-10-16T00:00:00+00:00			LOW			ACTOR’S UEI | F8MAJA3P98C2 AWARDEE ADDRESS LINE 1* | AWARDEE ADDRESS LINE 2* | AWARDEE ADDRESS LINE 3* | 514 N 12TH ST AWARDEE ADDRESS LINE 4* | AWARDEE CITY | ALLENTOWN AWARDEE STATE | PA AWARDEE ZIP CODE | 18102 AGENCY’S URL | https://www.fss.va.gov URL DESCRIPTION | VA Federal Supply Schedule (F…	batch-053.json
540	US-SAM:2ffca99b80b849dc91d5642b624bcb0e	6515--GI Electrosurgery	VETERANS AFFAIRS, DEPARTMENT OF	2026-09-16T00:00:00+00:00			LOW			6 LINE ITEM NUMBER | AWARD DATE (MM-DD-YYYY)* | 08-18-2026 AWARDEE NAME* | PROAIM AMERICAS, LLC. CONTRACTOR’S UEI | KECHQ6LN3HN7 AWARDEE ADDRESS LINE 1* | AWARDEE ADDRESS LINE 2* | AWARDEE ADDRESS LINE 3* | 16024 MANCHESTER RD STE 200 AWARDEE ADDRESS LINE 4* | AWARDEE CITY | ELLISVILLE AWARDEE STAT…	batch-053.json
541	US-SAM:236ac75783ad4c23b192cae22e24c66b	Fort Stewart Base Operations - W5168W26RA014	DEPT OF DEFENSE	2026-09-28T19:00:00+00:00			LOW			| | | 292 | | | | | 293 | | | | | 294 | | | | | 295 | | | | | 296 | | | | | 297 | | | | | 298 | | | | | 299 | | | | | 300 | | | | | 301 | | | | | 302 | | | | | 303 | | | | | 304 | | | | | 305 | | | | | 306 | | | | | 307 | | | | | 308 | | | | | 309 | | | | | 310 | | | | | 311 | | | | | 312 | | | | |…	batch-054.json
542	UK_PCS_OCDS:rls-74-JUL560385	Peatland ACTION - Proposed Restoration - Penicuik Estate - Auchencorth and Hare Mosses - Midlothian	Scottish Natural Heritage - NatureScot	2026-08-31T17:00:00+00:00			LOW				batch-054.json
543	UK_PCS_OCDS:rls-57-JUL560644	Invitation to Submit Business Case for the Provision of General Medical Services at Maryfield Medical Centre, Dundee	NHS Tayside	2026-08-25T12:00:00+00:00			LOW				batch-054.json
544	UK_PCS_OCDS:rls-50-JUL560724	19486_Banff Academy_Lift Replacement	Aberdeenshire Council	2026-08-19T12:00:00+00:00	110000.0	GBP	LOW				batch-054.json
545	US-SAM:94cf00491609442d89840eb30e1a3a2e	6540--Brand Name or Equal Hausted Ophthalmology Chair - FARGO	VETERANS AFFAIRS, DEPARTMENT OF	2026-08-24T23:00:00+00:00			LOW			ODE | 58102 | 58102 COUNTRY | USA | USA CONTRACTING OFFICE ADDRESS | DEPARTMENT OF VETERANS AFFAIRS NETWORK CONTRACTING OFFICE 23 VA BLACK HILLS HCS FORT MEADE CAMPUS 113 COMANCHE RD FORT MEADE SD 57741 POINT OF CONTACT* | Contracting Officer Dennis Salmonsen dennis.salmonsen@va.gov AGENCY’S URL | …	batch-054.json
546	UK_PCS_OCDS:rls-101-JUL560011	Proposed Peatland restoration at Carter Fell	Scottish Woodland Limited	2026-08-24T12:00:00+00:00	150000.0	GBP	LOW				batch-054.json
547	US-SAM:7eda92a985a2474dbffb483bb8964956	S201--Window Washing Services in support of the Sioux Falls VAHCS	VETERANS AFFAIRS, DEPARTMENT OF	2026-10-16T00:00:00+00:00			LOW			NT* | $177,800.00 LINE ITEM NUMBER | AWARD DATE (MM-DD-YYYY)* | 08-17-2026 AWARDEE NAME* | MCCRAY GROUP VENTURES LLC CONTRACTOR’S UEI | PTMVMM1BZEJ3 AWARDEE ADDRESS LINE 1* | AWARDEE ADDRESS LINE 2* | AWARDEE ADDRESS LINE 3* | 10722 CAMDEN MEADOW DR AWARDEE ADDRESS LINE 4* | AWARDEE CITY | CHARLOTT…	batch-054.json
548	UK_PCS_OCDS:rls-2-JUL561394	National Museum of Rural Life - Exhibition Bldg. - Replacement of 11no Windows	National Museums Scotland	2026-09-18T12:00:00+00:00	20000.0	GBP	LOW				batch-054.json
549	UK_PCS_OCDS:rls-15-JUL561268	NMS - Fire Stopping Works	National Museums Scotland	2026-09-18T12:00:00+00:00			LOW				batch-054.json
550	TED:567985-2026	Romania – Forestry services – Acord cadru servicii pentru silvicultura (servicii de pregatirea terenului) cu durata de 1 an CL	REGIA NATIONALA A PADURILOR - ROMSILVA RA	2026-09-14T15:00:00+03:00	4560000.0	RON	LOW				batch-054.json
551	WORLD-BANK:OP00004449	Emergency Social Safety Net Enhancement (EC Food Facility Grant)					LOW		and component management - cash assistance program(Euro 0.163).</SPAN></I><SPAN style="mso-bidi-font-weight: bold; mso-bidi-font-size: 11.0pt; mso-bidi-font-style: italic"><SPAN style="mso-spacerun: yes">&nbsp; </SPAN>The sub-component will support </SPAN><SPAN style="mso-bidi-font-size: 11.0pt">an…	nbsp; </SPAN>These households, to be located in flood, conflict or child trafficking areas, will receive US$20/month to help them cope with price pressures over 12 months.<SPAN style="mso-spacerun: yes">&nbsp; </SPAN>Thesubcomponent will also finance the contracted payment agency administrative fee…	batch-055.json
552	WORLD-BANK:OP00008406	OECS E-Government for Regional Integration Program (APL)					LOW			N: center; MARGIN: 0in -4.5pt 0pt 0in" class=MsoTitle><SPAN style="TEXT-TRANSFORM: uppercase; COLOR: #0420ac; FONT-SIZE:16pt; mso-bidi-font-weight: bold" lang=EN-GB><STRONG><FONT face="Times New Roman">Expansion of the st. vincent AND the grenadines GOVERNMENT's INtranet backbone<o:p></o:p></FONT><…	batch-055.json
553	UK_PCS_OCDS:rls-18-JUL560609	19429 - PETERHEAD - WILLOWBANK DAY CENTRE DEMOLITION	Aberdeenshire Council	2026-08-18T10:30:00+00:00			LOW				batch-055.json
554	PL-BZP:08def45d-ead6-5db8-962b-120001d33d37	Roboty remontowe w gminnych lokalach mieszkalnych – pustostanach położonych we Wrocławiu.	ZARZĄD ZASOBU KOMUNALNEGO	2026-08-24T09:30:00+00:00			LOW			===== FILE: files/23. kpl prot - pustostany rycza_t adresowe_unpacked/23. kpl prot - pustostany ryczałt adresowe/Druk nr 1 protokół wprowadzenia na budowę + tablica na drzwi pustostanu_unpacked/[Content_Types].xml ===== <?xml version="1.0" encoding="UTF-8" standalone="yes"?> <Types xmlns="http://sc…	batch-055.json
555	UK_PCS_OCDS:rls-60-JUL560250	Belmont Cinema Refurbishment - design team procurement	Belmont Community Cinema	2026-08-27T17:00:00+00:00			LOW				batch-055.json
556	GR-KHMDHS:26PROC019636841	1430 2026 ΠΡΟΣΚΛΗΣΗ ΟΙΚ ΠΡΟΣΦΟΡΑΣ ΥΠΗΡΕΣΙΩΝ ΚΑΘΑΡΙΟΤΗΤΑΣ	ΔΗΜΟΤΙΚΟ ΛΙΜΕΝΙΚΟ ΤΑΜΕΙΟ ΧΕΡΣΟΝΗΣΟΥ	2026-08-26T11:30:00+00:00	25844.5	EUR	LOW				batch-055.json
557	EE-RHR:c4b1512c-17ac-4fc0-afe7-4f0689debed5	Saabaste ostmine	Politsei- ja Piirivalveamet	2026-09-15T09:00:00+00:00	700000.0	EUR	LOW		===== FILE: files/files_unpacked/313416_ESPD_v2.0_laiendatud.xml ===== <?xml version="1.0" encoding="UTF-8"?> <QualificationApplicationRequest xmlns:ext="urn:oasis:names:specification:ubl:schema:xsd:CommonExtensionComponents-2" xmlns="urn:oasis:names:specification:ubl:schema:xsd:QualificationApplic…	===== FILE: files/files_unpacked/313416_ESPD_v2.0_laiendatud.xml ===== <?xml version="1.0" encoding="UTF-8"?> <QualificationApplicationRequest xmlns:ext="urn:oasis:names:specification:ubl:schema:xsd:CommonExtensionComponents-2" xmlns="urn:oasis:names:specification:ubl:schema:xsd:QualificationApplic…	batch-055.json
558	US-SAM:9969bf85747b4eb4a4aea2ede4046f0e	Cosen Mitering Band Saw C-510MNC (QTY 1)	NATIONAL AERONAUTICS AND SPACE ADMINISTRATION	2026-08-21T12:00:00+00:00			LOW		===== FILE: files/SATPC0042336_Tab_04_4_SOW..pdf ===== STATEMENT OF WORK 1. Objective/Requirements Purchase of horizontal band saw with the specifications matching the parts below plus installation and training and 1 year warranty. 2. Characteristics, Scope, and Specs Goods: OEM Part Number Descrip…	(3) Identification of carrier; (4) Notation "UNITED STATES GOVERNMENT, _____ [agency] _____, Duty-free entry to be claimed pursuant to Item No(s) _____ [from Tariff Schedules] _____, Harmonized Tariff Schedules of the United States. Upon arrival of shipment at port of entry, District Director of Cu…	batch-055.json
559	US-SAM:5f5391151705497cb3e983c5290b0ac5	DHS FLETC GLYNCO - TSA ACADEMY RENOVATION	HOMELAND SECURITY, DEPARTMENT OF	2026-08-28T20:30:00+00:00			LOW		= TSA Renovation ATTACHMENT 1 70LGLY26QGLB00040 Bid Schedule Contractor should provide or be able to provide any requested backup data to support the above quotes if requested by the Contracting Officer. Whenever possible, contractor should strive to obtain at least three subcontractor quotes to en…		batch-055.json
560	US-SAM:4511eedd6ad3472684eeaf9a309dad72	Z2LZ--528A7-25-502 Replace Trench Drains	VETERANS AFFAIRS, DEPARTMENT OF	2026-09-04T17:00:00+00:00			LOW		Network Contracting Office (NCO) 2, intends to issue Solicitation 36C24226R0111 for Project 528A7-25-502 – Replace Trench Drains at the Syracuse VA Medical Center, 800 Irving Avenue, Syracuse, New York 13210. This notice is for pre-solicitation purposes only and is issued to provide advance notice …	t of Veterans Affairs Network Contracting Office 2 Franklin D. Roosevelt VA Medical Center 2094 Albany Post Road Bronx NY 10468-3904 POINT OF CONTACT* | Contract Specialist Delf Saco Mizhquiri Delfo.Saco-mizhquiri@va.gov (718) 526-1000 ext 7524 AGENCY’S URL | http://www.va.gov URL DESCRIPTION | VA …	batch-055.json
561	US-SAM:d2bf12c168654ab1828b7bb432ed756a	Z2FZ--590-24-450 Renovate Transitional Residences	VETERANS AFFAIRS, DEPARTMENT OF	2026-10-02T21:30:00+00:00			LOW		of Veterans Affairs, Hampton VA Medical Center in Hampton, Virginia, has a requirement for a contractor to provide construction services to complete Project 590-24-450 Renovate Transitional Housing in accordance with the solicitation and any resulting contract. DESCRIPTION: Project 590-24-450 Renov…	nia | Hampton Virginia POSTAL CODE | 23667 | 23667 COUNTRY | USA | USA CONTRACTING OFFICE ADDRESS | Department of Veterans Affairs Network Contracting Office 6 100 Emancipation Drive Hampton VA 23667 POINT OF CONTACT* | Contracting Officer Daniel Spaulding daniel.spaulding@va.gov 757-728-7144 AGENC…	batch-056.json
562	UK_PCS_OCDS:rls-12-AUG562290	Provision of Audience Research Services	National Galleries of Scotland	2026-09-28T12:00:00+00:00	396363.0	GBP	LOW		me: 12:00 Notice Type: 02 Contract Notice Has Documents: Yes Has SPD: Yes Abstract: The Board of Trustees for the National Galleries of Scotland ("NGS") wish to award a Contract for the Provision of Audience Research Services. The Service Provider is required to conduct Audience Research to provide…	cial research, insight or analytics. This Contract shall primarily provide Fieldwork Surveys and associated Project Management, Client Data Access, Analysis and Reporting for each of our four gallery sites. Services will be agreed to on an “as required” basis with no commitment to a minimum volume …	batch-056.json
563	TED:553037-2026	Poland – Construction management services – Usługa pełnienia funkcji inżyniera kontraktu w ramach inwestycji pn. „Budowa i doposażenie nowego budynku BCO na potrzeby rozwoju centrów kompetencji leczenia nowotworów piersi i skóry”	Białostockie Centrum Onkologii im. M. Skłodowskiej-Curie w Białymstoku	2026-09-08T10:00:00+03:00			LOW			Umowa oraz prawa i obowiązki Stron z niej wynikające podlegają wyłącznie prawu Rzeczpospolitej Polskiej i będą interpretowane zgodnie z przepisami tego prawa. § 30 Umowę sporządzono w formie elektronicznej. Niniejsza Umowa zostaje zawarta z dniem złożenia ostatniego z oświadczeń woli Stron, które m…	batch-056.json
564	TED:556057-2026	Poland – Construction management services – Usługa pełnienia funkcji Inżyniera Kontraktu („Dostawa urządzeń medycznych linii terapeutycznej do radioterapii wraz z budową budynku Zakładu Radioterapii jako ośrodka satelitarnego BCO w Suwałkach”)	Białostockie Centrum Onkologii im. M. Skłodowskiej-Curie w Białymstoku	2026-09-11T10:00:00+03:00			LOW			do następującego podmiotu, będącego dostawcą, na którego przypada ponad 10% wartości zamówienia: .............................. (podać pełną nazwę/firmę, adres, a także w zależności od podmiotu: NIP/PESEL, KRS/CEiDG), nie zachodzą podstawy wykluczenia z postępowania o udzielenie zamówienia przewidz…	batch-056.json
565	US-SAM:50db7fa919b44206b66222b939cbdfb1	CONTROLLER, FLIGHT_End_Item_B1_NSN_6615012768318_PN_4030468-907	DEPT OF DEFENSE	2026-08-25T04:59:00+00:00			LOW		B, OK 73145 USA Platform: CONTACT INFORMATION Organization: Workflow Email: SEND RESPONSES HERE GENERAL INFORMATION Part Number NSN Estimated Spares Requirement PURPOSE/DESCRIPTION INTERESTED SOURCES MUST SELECT “ADD ME TO INTERESTED VENDORS” BUTTON ABOVE OR BELOW TO BE CONSIDERED PARTICIPANTS IN T…		batch-056.json
566	TED:568246-2026	Romania – Laboratory reagents – Materiale, reactivi, consumabile și alte produse similare necesare pentru cercetare fundamentală și aplicativă de înaltă performanță în cadrul Proiectului SEARCH-VASC	Institutul de Biologie si Patologie Celulara '' Nicolae Simionescu''	2026-09-21T15:00:00+03:00	604216.35	RON	LOW				batch-056.json
567	US-SAM:5b73505e1fee44c78cdcebc928b83f65	Emotional Intelligence (EQI) Assessments and Reports Services	DEPT OF DEFENSE	2026-08-21T17:00:00+00:00			LOW		SYSTEMS INC. FOR EMOTIONAL INTELLIGENCE (EQI) ASSESSMENTS AND REPORTS SERVICES The Washington Headquarters Services Acquisition Directorate (WHS/AD), on behalf of the Warfighting Acquisition University (WarU) intends to perform a sole source award to Multi-Health Systems Inc. WarU requires Emotiona…	ENSE PENTAGON WASHINGTON, DC 20301-1155 ACQUISITION DIRECTORATE THIS IS NOT A REQUEST FOR QUOTES. PURSUANT TO FAR 5.203(a), THIS IS A NOTICE OF THE GOVERNMENT’S INTENT TO ISSUE A SOLE SOURCE AWARD CONTRACT TO MULTI-HEALTH SYSTEMS INC. FOR EMOTIONAL INTELLIGENCE (EQI) ASSESSMENTS AND REPORTS SERVICE…	batch-056.json
568	PL-BZP:08def6c6-5840-5613-962b-1200012685a4	Budowa toru speedrowerowego przy ul. Jaksonowickiej 28 we Wrocławiu	Wrocławskie Centrum Treningowe SPARTAN Spółka z o.o.	2026-08-25T09:00:00+00:00			LOW			ez Sąd powszechny właściwy miejscowo dla siedziby Zamawiającego. 4. W sprawach nie uregulowanych niniejszą umową, mają zastosowanie przepisy powszechnie obowiązujące, w tym Kodeks Cywilny, ustawa PZP i akty wykonawcze do niej. 5. Umowę sporządzono w czterech jednobrzmiących egzemplarzach, w tym jed…	batch-056.json
569	US-SAM:4fa61b5d68c24aefa5b8fe00627cfc7c	Spare Parts Kit	HOMELAND SECURITY, DEPARTMENT OF	2026-08-18T21:00:00+00:00			LOW		THAN FULL AND OPEN COMPETITION COMMERCIAL PRODUCTS AND SERVICES AT OR BELOW THE SAT FAR 12.102(a), FAR Class Deviation 25-21 Rev. 1 for FAR Part 12 PURCHASE REQUEST OR REQUISITION NUMBER: ESTIMATED TOTAL VALUE, INCLUDING OPTIONS: (Over Micro-Purchase Threshold, but up to the SAT) AUTHORITY JUSTIFIC…		batch-056.json
570	US-SAM:bdaca9beaa044742bb44afecae7ac0e5	Andersen AFB Portable Toilets and Handwash Stations - NWF	DEPT OF DEFENSE	2026-08-23T22:00:00+00:00			LOW		===== FILE: files/Portable_Toilets_and_Handwash_Stations_PWS_28Rev5_29.pdf ===== PERFORMANCE WORK STATEMENT (PWS) PORTABLE TOILETS & HANDWASH STATIONS NORTHWEST FIELD, NORTH RAMP, ANDERSEN AFB, GUAM 12 August 2026 1.0. GENERAL SCOPE: The Contractor shall provide all personnel, labor, vehicles, supe…		batch-056.json
571	UK_PCS_OCDS:rls-12-AUG562195	Catering concession Beveridge Park, Kirkcaldy	Fife Council	2026-09-18T12:00:00+00:00			LOW				batch-057.json
572	UK_PCS_OCDS:rls-1-AUG562429	Supply of Alternator Bearings for MPV Jura	Scottish Government	2026-09-01T12:00:00+00:00	55000.0	GBP	LOW				batch-057.json
573	PL-BZP:08defd05-18c6-351c-962b-12000115c6d7	„Przeprowadzenie zajęć skierowanych do rodziców/ opiekunów prawnych uczniów o specjalnych potrzebach edukacyjnych w ramach projektu „Wiatr w żagle”	GMINA GARWOLIN	2026-08-26T08:00:00+00:00			LOW				batch-057.json
574	PL-BZP:08defcf6-10f6-49ef-962b-12000115c4b5	"Roboty Budowlane – Demontaż istniejącej platformy z szybem oraz budowa nowego szybu windowego wraz z montażem nowego dźwigu osobowego w budynku Przychodni - WSOZ im. T. Browicza w Bydgoszczy"	Wojewódzki Szpital Obserwacyjno-Zakaźny im Tadeusza Browicza	2026-09-08T06:00:00+00:00			LOW				batch-057.json
575	PL-BZP:08defcef-79d8-8b68-962b-12000115c3fd	Świadczenie usługi noclegowej dla młodzieży szkolnej na potrzeby organizacji ogólnopolskiego konkursy „ Geopodchody”.	UNIWERSYTET WARMIŃSKO – MAZURSKI W OLSZTYNIE	2026-08-26T08:00:00+00:00			LOW				batch-057.json
576	PL-BZP:08defcfb-0178-5945-962b-12000115c55f	Dostawa sprzętu komputerowego na potrzeby Urzędu Miasta Biała Podlaska przy ul. Marszałka Józefa Piłsudskiego 3 w Białej Podlaskiej	GMINA MIEJSKA BIAŁA PODLASKA	2026-08-26T10:00:00+00:00			LOW				batch-057.json
577	ZA_ETENDERS_OCDS:ocds-9t57fa-165598-2026-08-14	412/08/26/GAU-RISK	Passenger Rail Agency of South Africa	2026-08-25T10:00:00+00:00		ZAR	LOW		===== FILE: files/ERRATUM NOTICE FOR UNIFORM RISK.pdf ===== 30 Wolmarans Str. Private Bag X101 T +27 11 013 1667 www.prasa.com ERRATUM/ ADDENDUM NOTICE The following RFQ was previously advertised on the National Treasury at:www.etenders.gov.za on the 14 August 2026. RFQ NUMBER:412/08/26/GAU-RISK DE…		batch-057.json
578	US-SAM:bc3ed3aff2ab4d3db86daae74caa9e32	Z--EACSS Fiber Backbone Upgrade	INTERIOR, DEPARTMENT OF THE	2026-09-02T00:00:00+00:00			LOW		stall the fiber backbone upgrade (which includes but is not limited to trenching, conduits, fibers, patch panel, vaults, and accessories) for the following locations: 1. Administration building Server Room to Emergency Generator Building. 2. Administration building Server Room to Sheriff’s building…		batch-057.json
579	US-SAM:2fc40ff923374324945981a9bc3e26c3	Barricade Rental	DEPT OF DEFENSE	2026-08-20T14:00:00+00:00			LOW		===== FILE: files/1.05_Movement_of_Traffic_28MOT_29.pdf ===== For the best experience, open this PDF portfolio in Acrobat X or Adobe Reader X, or later. Get Adobe Reader Now! ===== FILE: files/1.05_SOW_NAS_JAXS_2026_AIR_SHOW_Draft.pdf ===== STATEMENT OF WORK NAVAL AIR STATION JACKSONVILLE FL AIR SH…		batch-057.json
580	US-SAM:fd41b2cdcc804815a14edc11ac83fbaa	Support from Florida Institute of Technology, INC on Foundational Document and Engineering Data Infrastructure	NATIONAL AERONAUTICS AND SPACE ADMINISTRATION	2026-08-19T12:00:00+00:00			LOW		===== FILE: files/SATPC0042458_Tab_04_4_SOW..pdf ===== STATEMENT OF WORK 1. Object ive/Requirements The current smart structured-query effort has demonstrated the feasibility and operational value of AI-assisted access to engineering standards, structured metadata, and related reporting assets. The…		batch-057.json
581	US-SAM:670ce0c7bf9a4431b2816bf1308dfcfb	Sunken Vessel Removal- USACE Nashville District Lakes	DEPT OF DEFENSE	2026-08-31T16:00:00+00:00			LOW		ngineers Nashville District is conducting this Sources Sought in support of Market Research to notify and seek potential qualified members of industry to gain knowledge of capabilities, interest, and qualifications; to include the Small Business Community for completing the purchase of liquid oxyge…		batch-058.json
582	WORLD-BANK:OP00013245	Monitoring & Communicating Results: Capacity-Building for the Office of the Presidential Adviser on					LOW			ity building for Monitoring and Evaluation and Project Management</b> through (i) capacity building needs assessment of relevant OPAPP staff and development of capacity building plan, (ii) delivery of training and on-the-job coaching for relevant staff, directors and managers of OPAPP, and (iii) de…	batch-058.json
583	PL-BZP:08def79e-65fd-8153-962b-120001dad017	Sukcesywne dostawy paliwa i płynów eksploatacyjnych do Zachodniego Centrum Medycznego sp. z o. o. w Krośnie Odrz	Zachodnie Centrum Medyczne sp. zo.o.	2026-08-20T07:00:00+00:00			LOW			===== FILE: files/Dodatek nr 1 do SWZ - Formularz ofertowy_unpacked/[Content_Types].xml ===== <?xml version="1.0" encoding="UTF-8" standalone="yes"?> <Types xmlns="http://schemas.openxmlformats.org/package/2006/content-types"><Default Extension="rels" ContentType="application/vnd.openxmlformats-pac…	batch-058.json
584	PL-BZP:08def2d2-73f9-37fb-962b-12000166a609	Opracowanie oraz wdrożenie dokumentacji Systemu Zarządzania Bezpieczeństwem Informacji (SZBI) zgodnie z wymaganiami Ustawy o krajowym systemie cyberbezpieczeństwa w PODGiK.	Powiatowy Ośrodek Dokumentacji Geodezyjnej i Kartograficznej	2026-08-24T09:00:00+00:00			LOW				batch-058.json
585	TED:568344-2026	Slovenia – Dressings – Obvezilni material	SPLOŠNA BOLNIŠNICA MURSKA SOBOTA	2026-08-21T09:00:00+02:00			LOW		E IN SPREJI | 30.4. PASTA Z JODOM | ZAPRT | Pasta s kadeksomerno matrico z dodatkom joda, ki čisti, mehča in vpija izločke na akutni ali kronični rani. 20 g | | kom | 26 | | | | | | | | | 0 | | | | 0 | 0 313. | 30. SKLOP - KREME, MAZILA, PASTE IN SPREJI | 30.4. PASTA Z JODOM | ZAPRT | Pasta s kadek…	| 0 | 28. SKLOP ANTIMIKROBNO OLJE | 0 | 0 | 29. SKLOP - SETI | 0 | 0 | 30. SKLOP - KREME, MAZILA, PASTE IN SPREJI | 0 | 0 | 31. SKLOP ZAPIRANJE RAN | 0 | 0 | 32. SKLOP ROLE ZA PREGELDNO MIZO | 0 | 0 | 33. SKLOP IZDELKI ZA ZAŠČITO IN NEGO | 0 | 0 | 34. SKLOP OPORNICE IN ORTOZE | 0 | 0 | 35. SKLOP - …	batch-058.json
586	US-SAM:c7e67fd0104e42e1ad89c0d2e47c8fbb	HPE Nimble Storage Array Warranty Support Renewal	DEPT OF DEFENSE	2026-08-19T04:00:00+00:00			LOW	training-course	===== FILE: files/HPE_Storage_Salient_Characteristics.pdf ===== Salient Characteristics PROJECT TITLE: FY’26 HPE Nimble Storage Array Warranty Support Renewal The organization requires hardware and software warranty support renewals for existing Hewlett Packard Enterprise (HPE) Nimble All-Flash Sto…	===== FILE: files/HPE_Storage_Salient_Characteristics.pdf ===== Salient Characteristics PROJECT TITLE: FY’26 HPE Nimble Storage Array Warranty Support Renewal The organization requires hardware and software warranty support renewals for existing Hewlett Packard Enterprise (HPE) Nimble All-Flash Sto…	batch-058.json
587	US-SAM:b1f26e7ded2643d2835947cc08cb56fe	Request for Solutions (RFS): Autonomous Coding (AC) and Automated Appeals & Denials Management (ADM)	DEPT OF DEFENSE	2026-08-28T14:00:00+00:00			LOW	e-learning	===== FILE: files/Draft_SOO_ACADM.pdf ===== DRAFT — Statement of Objectives: Autonomous Coding & Appeals and Denials Management 1 STATEMENT OF OBJECTIVES for AUTONOMOUS CODING & AUTOMATED APPEALS AND DENIALS MANAGEMENT 1. BACKGROUND Military Treatment Facilities (MTFs) across the Defense Health Age…	ntative (AOR). Deliverables must include at a minimum: 7.1. MONTHLY PROGRESS REPORTS Submitted monthly no later than the 10th of the month. Each monthly report, at a minimum, must contain: • Summary of monthly progress for each coding test and denials management test, including relevant AI model pe…	batch-058.json
588	TED:567811-2026	Romania – Central-heating equipment – Achiziţia publică de utilaje, sisteme și echipamente energetice, defalcate pe 6 loturi	U.M. 02031 Bucuresti	2026-09-18T15:00:00+03:00	4324010.02	RON	LOW			ptabilă conform art. 137 alin (2) lit. b din H.G. nr. 395/2016, cu modificarile si completarile ulterioare. Nota 2 Documente edificatoare vor fi prezentate în copie lizibilă cu menţiunea “conform cu originalul”. Persoanele juridice străine vor prezenta certificatele/ documentele edificatoare în cop…	batch-058.json
589	US-SAM:babca00df97b48b196596786dc8bf70f	USPS IDIQ AE Services Virginia	POSTAL SERVICE	2026-10-01T19:00:00+00:00			LOW		offerors whose proposal provides the combination of features that offers the best or greatest overall value. In order to fulfill recurring needs within the advertised areas, multiple IDIQ contracts will be awarded in each service area. IDIQ’s are generally used for recurring types of A-E services w…		batch-058.json
590	TED:566276-2026	Romania – Medical furniture – MOBILIER MEDICAL SI DIVERSE-PROIECT USTACC	Spitalul Clinic Municipal de Urgenta Timisoara	2026-09-25T15:00:00+03:00	308807.73	RON	LOW				batch-058.json
591	US-SAM:558d165d99da4d58a51818bd43443b8b	WPAFB Restricted Access Badge Machine	DEPT OF DEFENSE	2026-08-26T16:00:00+00:00			LOW		===== FILE: files/RFQ-RFP_Atch_1_SOW_RAB-Replacement_10AUG2026_28Redacted_29.pdf ===== Statement of Work (SOW) Wright-Patterson Air Force Base Restricted Area Badge Machine (SFXI) 10 AUG 2026 OBJECTIVE: requires the procurement and installation of a new restricted area badging system to replace the…		batch-059.json
592	TED:566485-2026	Croatia – Kindergarten furniture – NAMJEŠTAJ ZA ODGOJNE SKUPINE DJEČJIH VRTIĆA	GRAD ZAGREB	2026-09-14T10:30:00+02:00	600000.0	EUR	LOW				batch-059.json
593	TED:567854-2026	Croatia – Repair, maintenance and associated services related to personal computers, office equipment, telecommunications and audio-visual equipment – Održavanje servera, diskovnog podsustava i programske opreme na poslužiteljima poslovnih informacijskih susta	Hrvatska kontrola zračne plovidbe d.o.o.	2026-09-15T12:00:00+02:00	240000.0	EUR	LOW				batch-059.json
594	PL-BZP:08defcef-9f19-cd41-962b-12000115c3fe	Roboty budowlane wielobranżowe związane z dostosowaniem pomieszczenia BM 0.04 (0/18 - magazyn) do wymagań Zamawiającego w obiekcie PWPW S.A. przy ul. Sanguszki 1 w Warszawie	Polska Wytwórnia Papierów Wartościowych SA	2026-08-27T10:00:00+00:00			LOW				batch-059.json
595	PL-BZP:08defd04-ecd0-a5b0-962b-12000115c6ce	Sukcesywna dostawa paliwa drzewnego – pelletu w sezonie grzewczym 2026/2027	GMINA KOŚCIELISKO	2026-08-27T08:00:00+00:00			LOW				batch-059.json
596	PL-BZP:08defcf5-b9d3-80cb-962b-12000115c4a6	Dostawy spalinowych agregatów prądotwórczych	KOMENDA STOŁECZNA POLICJI	2026-08-27T08:00:00+00:00			LOW				batch-059.json
597	PL-BZP:08defd06-c690-e9b2-962b-12000115c70b	Usługa gastronomiczna dla uczestników międzynarodowej konferencji naukowej CISIT	Uniwersytet w Siedlcach	2026-08-27T07:00:00+00:00			LOW				batch-059.json
598	PL-BZP:08defcfe-51e7-9b77-962b-12000115c5d7	Zakup ciągnika z oprzyrządowaniem na potrzeby ochrony ludności i obrony cywilnej Gminy Bieliny	GMINA BIELINY	2026-08-26T08:00:00+00:00			LOW				batch-059.json
599	PL-BZP:08defd03-5cdc-3956-962b-12000115c683	"Przebudowa drogi powiatowej nr 3839W w m. Białocin o dł. ok. 0,37 km"	Powiatowy Zarząd Dróg w Sochaczewie	2026-09-02T09:00:00+00:00			LOW				batch-059.json
600	PL-BZP:08defd02-1259-0dd2-962b-12000115c669	Remont części elewacji, schodów i terenu wokół lodowiska TOR – TOR w Toruniu	Miejski Ośrodek Sportu i Rekreacji w Toruniu	2026-09-02T08:00:00+00:00			LOW				batch-059.json
601	PL-BZP:08defcf0-d23d-f952-962b-12000115c41c	BUDOWA BOISKA DO PIŁKI NOŻNEJ W MIEJSCOWOŚCI LUTOCIN	GMINA LUTOCIN	2026-09-02T08:00:00+00:00			LOW			enie Podmiotu udostępniającego zasoby o niepodleganiu wykluczeniu 4 Wykaz robót budowlanych 5 Wykaz osób 6 Projekt umowy 7 Zobowiązanie podmiotu udostępniającego zasoby 8 Oświadczenie Wykonawców wspólnie ubiegających się o udzielenie zamówienia 9 Przedmiary robót 10 Specyfikacja techniczna 11 Proje…	batch-060.json
602	PL-BZP:08defcf5-7c7b-4b5e-962b-12000115c49d	Zakup i dostawa sprzętu i wyposażenia medycznego w ramach zadania pn. "Wsparcie podstawowej opieki zdrowotnej (POZ)".	SAMODZIELNY PUBLICZNY ZAKŁAD OPIEKI ZDROWOTNEJ W NAWOJOWEJ	2026-08-26T07:00:00+00:00			LOW			wią następujące załączniki: 1. Opis przedmiotu zamówienia (Formularz asortymentowy) - Załącznik nr 1. 2. Projektowane postanowienia umowy w sprawie zamówienia publicznego – Załącznik nr 2. 3. Formularz ofertowy - Załącznik nr 3. 4. Oświadczenie Wykonawcy - Załącznik nr 4. 5. Klauzula informacyjna d…	batch-060.json
603	PL-BZP:08defcfe-33f5-5c2d-962b-12000115c5d4	Sukcesywna dostawa świeżych owoców, warzyw, strączkowych oraz obranych ziemniaków i buraków do Szpitala Wojewódzkiego w Poznaniu	Szpital Wojewódzki w Poznaniu	2026-08-25T07:00:00+00:00			LOW				batch-060.json
604	US-SAM:1358ead4ca5342fcb912bb1e3d9e951b	PC Board Milling Machine	DEPT OF DEFENSE	2026-09-24T15:00:00+00:00			LOW		===== FILE: files/Attachment_1_-_Salient_Characteristics.pdf ===== Salient Characteristics Document for PCB Prototyping System The requested equipment is required to support in-house rapid prototyping, milling, drilling, and routing of Printed Circuit Boards (PCBs). To meet mission requirements, su…		batch-060.json
605	US-SAM:2e107c77228f45f6a380576660d757d0	S--Douglas County Law Enforcement Services, Roseburg District BLM, Oregon	INTERIOR, DEPARTMENT OF THE	2026-09-16T00:00:00+00:00			LOW			===== FILE: files/A16_FAR_12_SingleSource_Redacted_1.pdf ===== Page 1 of 3 Justification For Other Than Full and Open Competition FAR 12.201-1, Simplified Procedures 1. IDENTIFICATION OF THE AGENCY AND CONTRACTING ACTIVITY Department of the Interior, Bureau of Land Management Programs- Oregon/Washi…	batch-060.json
606	PL-BZP:08defceb-449d-97a8-962b-12000115c3b8	Dostawa oświetlenia scenicznego dla Teatru im. H. CH. Andersena w Lublinie	Teatr im. H. CH. Andersena w Lublinie	2026-08-28T06:00:00+00:00			LOW				batch-060.json
607	US-SAM:47e09dd3356f49b4b02ce4e995448edb	INDICATOR, CYLINDER	DEPT OF DEFENSE	2026-08-20T21:00:00+00:00			LOW		is to notify companies that the Defense Logistics Agency, Redstone Arsenal, Alabama, is seeking qualified sources for the acquisition of a INDICATOR, CYLINDER, NSN: 1650-01-119-7380, Part Number: 225530-1007 in support of the CH-47 CHINOOK weapon system. As a result, this acquisition is currently b…		batch-060.json
608	TED:567686-2026	Poland – Firefighting vehicles – Dostawa fabrycznie nowego, ciężkiego samochodu ratowniczo-gaśniczego z napędem 4x4 dla OSP Subkowy	OCHOTNICZA STRAŻ POŻARNA W SUBKOWACH	2026-09-03T10:00:00+02:00			LOW			wskazać podmiotowy środek dowodowy, adres internetowy, wydający urząd lub organ, dokładne dane referencyjne dokumentacji) __________________________________ (kwalifikowany podpis elektroniczny osoby (osób) upoważnionej (ych) do reprezentowania) Dokument należy podpisać kwalifikowanym podpisem elekt…	batch-060.json
609	PL-BZP:08defc54-04a3-50f0-962b-12000115bee0	Wykonanie robót budowlanych w ramach zadania pn. „Modernizacja ogrodzenia przy ulicy Limanowskiego od budynku 7 do 13” – II etap	Gmina Wałbrzych	2026-09-01T08:00:00+00:00			LOW			Ukrainę oraz służących ochronie bezpieczeństwa narodowego. Na potwierdzenie niepodlegania wykluczeniu wykonawca przedkłada wraz z ofertą załącznik nr 2 do SWZ (wzór) Ogłoszenie nr 2026/BZP 00394482/01 z dnia 2026-08-17 2026-08-17 Biuletyn Zamówień Publicznych Ogłoszenie o zamówieniu - Zamówienie ud…	batch-060.json
610	WORLD-BANK:OP00027979	Maldives: PFM Systems Strengthening Project					LOW			Faruma; mso-bidi-language: DIV; mso-fareast-font-family: 'Times New Roman'"> Project</SPAN><SPAN style="FONT-FAMILY: 'Times New Roman','serif'; FONT-SIZE: 11.5pt; mso-fareast-font-family: 'Times New Roman'">, Maldives, and it intends to apply part of the proceeds to payments for goods, related serv…	batch-060.json
611	WORLD-BANK:OP00013907	Sustainable Land and Water Management					LOW			oNormal" style="MARGIN: 0in 0in 0pt; TEXT-ALIGN: justify"><b><span lang="EN-GB" style="FONT-FAMILY: 'Candara','sans-serif'; mso-bidi-font-size: 12.0pt; mso-bidi-font-family: Tahoma">Component 3 -</span></b><b style="mso-bidi-font-weight: normal"><span lang="EN-GB" style="FONT-FAMILY: 'Candara','san…	batch-061.json
612	WORLD-BANK:OP00012305	Southeast Europe and Caucasus Catastrophe Risk Insurance Facility GEF					LOW				batch-061.json
613	WORLD-BANK:OP00021089	Second MDTF for Capacity Building Support to Implement the IPS (IPS 2)					LOW			t; COLOR: black; FONT-FAMILY: 'Times New Roman'"><o:p></o:p></SPAN></B></P> <P class=MsoNormal style="MARGIN: 0cm 0cm 0pt; TEXT-ALIGN: justify; mso-hyphenate: none"><SPAN style="FONT-SIZE: 12pt; FONT-FAMILY: 'Times New Roman'; LETTER-SPACING: -0.1pt"><o:p>&nbsp;</o:p></SPAN></P> <P class=MsoNormal …	batch-061.json
614	WORLD-BANK:OP00017058	Irrigation Rural Livelihoods and Agricultural Development Project AF II					LOW			AMILY: ; FONT-SIZE: 12pt; mso-bidi-font-size: 10.0pt"><FONT face="times new roman,times">v)&nbsp;&nbsp; Support to Seed Multiplication</FONT></FONT></P><P style="MARGIN: 0in 0in 0pt; mso-hyphenate: none" class=MsoNormal mce_style="MARGIN: 0in 0in 0pt; mso-hyphenate: none"><FONT style="LETTER-SPACIN…	batch-061.json
615	PL-BZP:08def491-2f64-9e35-962b-120001272a07	Zakup i dostawa pelletu dla Gminy Obsza	GMINA OBSZA	2026-08-19T08:00:00+00:00			LOW				batch-061.json
616	PL-BZP:08def791-abac-9d3c-962b-1200010720d3	Pełnienie nadzoru inwestorskiego nad zadaniem „Rozbudowa węzła komunikacyjnego wraz z drogami dojazdowymi w rejonie Owintaru – etap I wraz z przebudową ul. Narutowicza”	Zarząd Dróg i Komunikacji w Tarnowie	2026-08-20T07:00:00+00:00			LOW			===== FILE: files/13_Zalacznik_nr_12_do_SWZ_Dokumentacja_projektowa_53_2026_2_unpacked/[Content_Types].xml ===== <?xml version="1.0" encoding="UTF-8" standalone="yes"?> <Types xmlns="http://schemas.openxmlformats.org/package/2006/content-types"><Default Extension="rels" ContentType="application/vnd…	batch-061.json
617	PL-BZP:08def79d-6560-c604-962b-120001dacfed	Dostawa sprzętu i innych rozwiązań cyberbezpieczeństwa -cyberbezpieczne wodociągi	Gmina Kotuń	2026-08-19T08:00:00+00:00			LOW				batch-061.json
618	PL-BZP:08defc55-36e8-34e7-962b-12000115befc	„Dostawa artykułów spożywczych dla ZSCKR w Wojsławicach”	ZESPÓŁ SZKÓŁ CENTRUM KSZTAŁCENIA ROLNICZEGO W WOJSŁAWICACH	2026-08-25T10:00:00+00:00			LOW				batch-061.json
619	PL-BZP:08defc79-2d07-1ffb-962b-12000115c168	„Sukcesywna dostawa artykułów żywnościowych dla Zespołu Szkolno-Przedszkolnego w Staroźrebach na rok szkolny 2026/2027”	MIASTO I GMINA STAROŹREBY	2026-08-25T08:00:00+00:00			LOW				batch-061.json
620	PL-BZP:08defc48-5486-228c-962b-12000115bd18	„ZAKUP SPRZĘTU SPECJALNEGO” DLA KOMENDY MIEJSKIEJ PAŃSTWOWEJ STRAŻY POŻARNEJ W ZAMOŚCIU	Komenda Miejska Państwowej Straży Pożarnej w Zamościu	2026-08-25T08:00:00+00:00			LOW				batch-061.json
621	ZA_ETENDERS_OCDS:ocds-9t57fa-165745-2026-08-17	Worcester office space -	Land and Agricultural Development Bank of South Africa	2026-08-21T14:00:00+00:00		ZAR	LOW		............................................. 7 E. CONDITIONS TO BID .......................................................................................................... 9 F. BIDDER’S DISCLOSURE ..................................................................................................…	corporate office space's title deed or notarial lease. if a property practitioner is placing a bid on behalf of the property owner, the evidence of ownership must be accompanied by a letter from the prope rty owner (not the property practitioner) authorizing the property practitioner to place the b…	batch-062.json
622	US-SAM:de0934149eb8411dbf8257b6eab37d31	Janitorial Services for Englebright Lake	DEPT OF DEFENSE	2026-08-25T17:00:00+00:00			LOW		===== FILE: files/Contractor_Questions__W9123826QA023_Final.pdf ===== 1. CLIN & Pricing Structure ID Clarification / Question Requested Answer 1 CLIN 0006 / PWS: CLIN 0006 (Maintenance Shop) shows a quantity of 52. However, the PWS states that the Maintenance Shop shall be serviced every Monday, We…	6 CLIN 0011 Evaluation: Will optional CLIN 0011 be included in the evaluated total price? Is there a minimum notice period the Government will provide before requiring this service to begin? Yes the Optional services will be include in the evaluated price. This CLIN will be pre-funded and exercised…	batch-062.json
623	US-SAM:54d474f3c579457d97f7c9535197d0d7	EAGLE Ft. Benning, GA W519TC-26-R-A041	DEPT OF DEFENSE	2026-08-26T17:00:00+00:00			LOW		2027 | RFP Section C.5 includes the requirement for identification of proposed fee rates in two buckets: (1) # % for all work self- performed and (2) # % for subcontract work. Under the Attach 0031 eCRAFT Labor Build Workbook 23JUN2026, the tab labeled "Indirect Rate Sheet" is limited to only a sin…	abor rate for the prime contractor and fully burdened rates, including fee for subcontractors, is pulled or referenced from a separate 'Direct Labor Rate Sheet'"? | Attachment 0031 is a HQ ACC document and will not be revised at this time. The figures in Attachment 0031 are provided as an example t…	batch-062.json
624	US-SAM:7da8feb9baf545b09a20955441b920c0	J--Electrical Inspection and Repair Services at Bosto	INTERIOR, DEPARTMENT OF THE	2026-08-21T17:00:00+00:00			LOW		===== FILE: files/B03-WD-2015-4047_Rev34-6_25_26.pdf ===== ===== FILE: files/B08-SOW_Electrical_NPS_Boston_BaseYear_Plus_2_Options.docx ===== SCOPE OF WORK ELECTRICAL INSPECTION AND REPAIR SERVICES CONTRACT The National Parks of Boston Boston National Historical Park (BONA) — Charlestown Navy Yard …	al facilities, museum spaces, maintenance facilities, and security checkpoints. 3. PURPOSE AND SCOPE 3.1 Contract Purpose The selected contractor shall furnish all labor, transportation, equipment, tools, and supervision necessary to perform electrical system inspections and repairs at The National…	batch-062.json
625	US-SAM:3ac4560c474a48d78f018e4bd81d834b	V231--Lodging Orlando VA Healthcare System (OVAHCS)	VETERANS AFFAIRS, DEPARTMENT OF	2026-08-25T15:00:00+00:00			LOW		unless the Contracting Officer specifies otherwise. The quantities are estimated quantities only and shall be considered nonbinding. The guaranteed minimum for the fiscal year in which the contract was awarded shall be $200.00. The total maximum amount of supplies/services acquired under this contr…	sible travel time of the Orlando VAMC. 3.0 Room Requirements 3.1 Rooms shall be non-smoking. 3.2 ADA-compliant rooms shall be available upon request. 3.3 Pet-friendly rooms shall be available for certified support animals. 3.4 Rooms shall include: a. Private bathroom b. Climate control c. Linens an…	batch-062.json
626	US-SAM:4e8343ed33334a0aab2f14d56db87c94	G4 44K FORKLIFT	DEPT OF DEFENSE	2026-08-24T11:00:00+00:00			LOW	training-course	NSWERS_44K_FORKLIFT_V2.docx ===== Please confirm the quotation due date, exact submission time, and applicable time zone. The solicitation document states August 13th, but the solicitation on SAM.gov states September 13th. The offer due date in SAM.gov has been correct to match the date shown on th…	licable to the 44K forklift requirement under NAICS 333924? No waiver is available and further market research has not found 2 or more small businesses that can manufacture this equipment. We are currently coordinating with the SBA for approval to solicit full and open competition, once we have app…	batch-062.json
627	US-SAM:b42d8680e57f4985bdcb1f357dd543c2	***RFI*** 56 SFS Custom, Mobile Marksmanship Training Simulator	DEPT OF DEFENSE	2026-08-24T17:00:00+00:00			LOW		in the attached draft Salient Characteristics for 56 SFS Mobile Marksmanship Training Simulator. Request interested firms respond to the following: Identify your firm’s information (name, address, phone number, CAGE code). Identify if your company is a large or small business. If applicable, identi…	purposes only. Responses to this notice will assist the Government in identifying potential sources and determining if a set-aside of the solicitation is appropriate. This notice does not obligate the Government to award a contract, nor does it obligate the Government to pay for any bid/proposal pr…	batch-062.json
628	US-SAM:fe6ffe50d36a492c8ad534adee7992fd	AuDBase Software Implementation and PATH EHR Interface	HEALTH AND HUMAN SERVICES, DEPARTMENT OF	2026-08-24T19:00:00+00:00			LOW		al, or sensitive information should be included in your response. The Government reserves the right to use any non-proprietary technical information in any resultant solicitation(s). How to respond: Please include the notice IHS1531102 in the subject line. Responses must be submitted via email to t…		batch-062.json
629	US-SAM:4878fa717c3f42cab111fac988161f92	Trailer Mounted 1000kW load bank	DEPT OF DEFENSE	2026-08-28T21:00:00+00:00			LOW		===== FILE: files/Product_Specifications.pdf ===== Page 1 of 1 Product Specifications Trailer Mounted 1000kW Load Bank Description of Requirement: Must be a mobile, high-capacity load-absorbing unit designed for durability, safe transport Load bank must accept medium-voltage inputs of 2400V and 416…		batch-062.json
630	UK_PCS_OCDS:rls-69-JUL560440	Pitt Lane Demolitions, Lerwick, Shetland	Shetland Islands Council	2026-08-19T12:00:00+00:00			LOW				batch-062.json
631	TED:556406-2026	Latvia – Works for complete or part construction and civil engineering work – Būvprojekta izstrāde, autoruzraudzība un būvdarbi VSAC “Kurzeme” un VSAC “Zemgale” filiālēs	Valsts sabiedrība ar ierobežotu atbildību "Šampētera nams"	2026-08-26T10:00:00+02:00			LOW				batch-063.json
632	TED:551781-2026	Romania – Construction supervision services – Servicii de supervizare pentru execuția lucrărilor din cadrul obiectivului “CONSTRUIRE SPITAL CLINIC DE PNEUMOFTIZIOLOGIE ȘI BOLI INFECȚIOASE, BRAȘOV”	MUNICIPIUL BRASOV	2026-09-15T15:00:00+03:00	4131666.16	RON	LOW				batch-063.json
633	TED:567473-2026	Germany – Erection of fencing – Stabmattenzaun	Stadt Erlangen - Zentrale Vergabestelle	2026-09-11T10:00:00+02:00			LOW				batch-063.json
634	TED:567996-2026	Germany – Furniture – Lose Möblierung	Landratsamt Eichstätt	2026-09-07T09:00:00+02:00			LOW				batch-063.json
635	UK_PCS_OCDS:rls-16-JUL561257	Repairs and Maintenance to Piers and Pontoons around Loch Lomond plus 5 year contract	Loch Lomond & The Trossachs National Park Authority	2026-09-21T10:00:00+00:00	200000.0	GBP	LOW				batch-063.json
636	UK_PCS_OCDS:rls-11-JUL561303	Kisimul Castle - Great Hall Roof Repairs	Historic Environment Scotland	2026-08-21T17:00:00+00:00			LOW				batch-063.json
637	GR-KHMDHS:26PROC019634339	ΔΙΑΚΗΡΥΞΗ ΑΡΙΘΜ. 31/2026 Α/Α ΕΣΗΔΗΣ 510092 Ανοικτός Διαγωνισμός κάτω των ορίων για την προμήθεια «	ΝΟΜ.ΓΕΝ. ΝΟΣΟΚΟΜΕΙΟ ΚΑΡΔΙΤΣΑΣ	2026-09-02T15:00:00+00:00	41119.46	EUR	LOW				batch-063.json
638	TED:568584-2026	Germany – Engineering services – 26DE Fachplanung TGA	Staatliches Bauamt Bayreuth	2026-09-08T10:00:00+02:00			LOW				batch-063.json
639	PL-BZP:08def6b8-93b9-1a29-962b-1200012683ad	Przebudowa ulicy Żeromskiego	Miasto Wodzisław Śląski	2026-08-27T06:00:00+00:00			LOW				batch-063.json
640	WORLD-BANK:OP00004471	Water Services and Institutional Support Project					LOW			33333; LINE-HEIGHT: 115%; FONT-FAMILY: 'Verdana','sans-serif'; mso-fareast-language: EN-ZA; mso-ansi-language: EN-ZA">Expand about 355</span> <span style="FONT-SIZE: 8pt; COLOR: #333333; LINE-HEIGHT: 115%; FONT-FAMILY: 'Verdana','sans-serif'; mso-fareast-language: EN-ZA">Kilometers</span><span lang…	batch-063.json
641	WORLD-BANK:OP00006272	Vietnam New Model University Project					LOW				batch-064.json
642	PL-BZP:08defd00-9a4d-3899-962b-12000115c637	Wykonanie nawierzchni bezpiecznej wraz z elementami 2D, 3D oraz montażem trzech kompletów żagli zacieniających w ramach kontynuacji zadania: „Przebudowa placu zabaw dla młodszych dzieci wraz z ...	Gmina Błonie	2026-09-03T09:00:00+00:00			LOW				batch-064.json
643	PL-BZP:08defc79-5d9d-b04b-962b-12000115c16c	Zorganizowanie 3 wizyt studyjnych (zagranicznych) po jednej do Słowenii, Niemiec i Litwy	Województwo Kujawsko- Pomorskie - Gostynińsko-Włocławski Park Krajobrazowy w Kowalu	2026-08-25T09:00:00+00:00			LOW				batch-064.json
644	PL-BZP:08defc25-51a5-9506-962b-1200014af371	"Wzgórze Muz - zagospodarowanie góry zdrojowej w sąsiedztwie Międzynarodowego Domu Kultury w Międzyzdrojach", - zadanie nr 2 .	GMINA MIĘDZYZDROJE	2026-09-01T07:00:00+00:00			LOW				batch-064.json
645	PL-BZP:08def780-e56c-0263-962b-1200011b95d3	Budowa oświetlenia ulicznego w ramach zadania pn: „Oświetlenie drogowe oraz przejść dla pieszych na terenie Gminy Brzeg Dolny”	Gmina Brzeg Dolny	2026-08-26T08:00:00+00:00			LOW				batch-064.json
646	PL-BZP:08def9f0-b7e5-ba1d-962b-120001872ba1	Opracowanie dokumentacji projektowo-kosztorysowej na przebudowę Oddziału Kardiologicznego w ramach projektu pn. „Przebudowa Oddziału Kardiologicznego (...)- powtórka postępowania MSS-DN-ZPP-26-29/26.	MAZOWIECKI SZPITAL SPECJALISTYCZNY IM.DR.JÓZEFA PSARSKIEGO W OSTROŁĘCE	2026-09-02T09:00:00+00:00			LOW				batch-064.json
647	GR-KHMDHS:26PROC019638236	ΔΙΑΚΗΡΥΞΗ 10734 17/8/2026 I SUPPLIES: 926 -2026	ΓΕΝΙΚΟ ΝΟΣΟΚΟΜΕΙΟ ΑΓΡΙΝΙΟΥ	2026-09-02T13:00:00+00:00	12300.0	EUR	LOW				batch-064.json
648	PL-BZP:08def2ee-85d8-b73e-962b-12000183ca22	Rozbudowa i adaptacja Zespołu Szkół w Komorowie	GMINA TOMASZÓW MAZOWIECKI	2026-08-20T07:00:00+00:00			LOW				batch-064.json
649	PL-BZP:08def6c8-8f85-be01-962b-1200012685f8	Przebudowa publicznej drogi gminnej nr 000548F w m. Klenica – ul. Stawna – ODCINEK I, wraz z remontem nawierzchni jezdni obiektu mostowego w obrębie dz. ew. nr 929/1e	GMINA BOJADŁA	2026-08-25T07:30:00+00:00			LOW				batch-064.json
650	SK-UVO:556754	Kontrastné látky	Inštitút nukleárnej a molekulárnej medicíny			EUR	LOW				batch-064.json
651	SK-UVO:516420	Lesnícke služby v ťažbovom procese pre Správu NP Slovenský raj	Správa Národného parku Slovenský raj so sídlom v Spišskej Novej Vsi			EUR	LOW				batch-065.json
652	PL-BZP:08defcef-282e-b97d-962b-12000115c3f8	Przebudowa drogi wraz z budową kanalizacji deszczowej ul. Lipowej w miejscowości Jeldzino	Gmina Krokowa	2026-09-01T10:15:00+00:00			LOW				batch-065.json
653	PL-BZP:08defd00-71b6-9460-962b-12000115c633	Wykonanie dokumentacji projektowo-kosztorysowej pracowni kardiologicznych w Wojewódzkim Szpitalu w Tarnobrzegu	WOJEWÓDZKI SZPITAL IM.ZOFII Z ZAMOYSKICH TARNOWSKIEJ W TARNOBRZEGU	2026-09-01T08:00:00+00:00			LOW				batch-065.json
654	PL-BZP:08defd08-86e1-c878-962b-12000115c74b	Remont dróg gminnych będących w zarządzie Gminy Kępno	Gmina Kępno	2026-09-03T07:45:00+00:00			LOW				batch-065.json
655	PL-BZP:08defcff-1f3f-312a-962b-12000115c5f8	Modernizacja systemu oświetlenia ulicznego w Milanówku	Gmina Milanówek	2026-08-27T08:00:00+00:00			LOW				batch-065.json
656	PL-BZP:08defd05-f298-ca57-962b-12000115c6f1	„Naprawa ogrodzeń zlokalizowanych na terenach żłobków Miejskiego Zespołu Żłobków w Łodzi, z podziałem na 2 części.”	Miejski Zespół Żłobków w Łodzi	2026-09-02T09:00:00+00:00			LOW				batch-065.json
657	PL-BZP:08defcfd-089e-68d5-962b-12000115c5a8	Dostawy leków i wyrobów medycznych w podziale na 11 pakietów	SAMODZIELNY PUBLICZNY SPECJALISTYCZNY SZPITAL ZACHODNI IM. ŚW. JANA PAWŁA II	2026-08-26T08:00:00+00:00			LOW				batch-065.json
658	PL-BZP:08defcf9-ca56-956e-962b-12000115c521	Sukcesywna dostawa drobnego sprzętu laboratoryjnego	Samodzielny Publiczny Zespół Opieki Zdrowotnej w Kościanie	2026-08-31T08:00:00+00:00			LOW				batch-065.json
659	PL-BZP:08defd05-87f7-b293-962b-12000115c6e6	Wykonanie łącznika drogowego od ul. Murowianka do ul. Krasińskiego	GMINA MIASTA BOCHNIA	2026-09-02T08:00:00+00:00			LOW				batch-065.json
660	PL-BZP:08defd02-1b0d-1289-962b-12000115c66a	Zakup i dostawa sprzętu medycznego dla Ośrodka Zdrowia w Zembrzycach	SAMODZIELNY GMINNY ZAKŁAD OPIEKI ZDROWOTNEJ W ZEMBRZYCACH	2026-08-27T06:00:00+00:00			LOW				batch-065.json
661	PL-BZP:08defcf9-dad8-411f-962b-12000115c52a	Modernizacja parkomatów w Strefie Płatnego Parkowania w Olsztynie	ZARZĄD DRÓG ZIELENI I TRANSPORTU W OLSZTYNIE	2026-08-26T08:00:00+00:00			LOW				batch-066.json
662	PL-BZP:08defd02-96c9-c6da-962b-12000115c672	„Utwardzenie terenu przy MGOK na działce nr ewid. 1470 w msc. Daleszyce”	Gmina Daleszyce	2026-09-02T08:00:00+00:00			LOW				batch-066.json
663	PL-BZP:08defcf4-9918-be38-962b-12000115c484	Wykonanie usługi polegającej na naprawie tomografu komputerowego AQUILION ONE Genesis TSX – 305A.	WOJSKOWY INSTYTUT MEDYCYNY LOTNICZEJ	2026-08-26T08:00:00+00:00			LOW				batch-066.json
664	PL-BZP:08defcfd-90de-5739-962b-12000115c5bc	Budowa Centrum Przesiadkowego w Ostrołęce	Miasto Ostrołęka	2026-09-02T08:00:00+00:00			LOW				batch-066.json
665	PL-BZP:08defcf7-9e65-a664-962b-12000115c4dc	Dostawa różnych produktów spożywczych dla Zespołu Szkół im. Janusza Korczaka w Szydłowie	ZESPÓŁ SZKÓŁ IM. JANUSZA KORCZAKA W SZYDŁOWIE	2026-08-26T14:00:00+00:00			LOW				batch-066.json
666	PL-BZP:08defcf8-8f15-90e9-962b-12000115c4fa	Modernizacja dróg powiatowych nr: 5680 P Mroczeń -Łęka Mroczeńska , 5689 P Trzcinica - Dzierżążnik, 5695 P Łęka Opatowska ul. Lipowa poprzez wykonanie nakładki bitumicznej	Powiatowy Zarząd Dróg	2026-09-02T08:00:00+00:00			LOW				batch-066.json
667	PL-BZP:08defd08-4dbb-9556-962b-12000115c748	Sukcesywna dostawa lekkiego oleju opałowego do celów grzewczych dla ITP-PIB Stacja Badawcza w Jaworkach	INSTYTUT TECHNOLOGICZNO-PRZYRODNICZY - PAŃSTWOWY INSTYTUT BADAWCZY	2026-08-26T10:00:00+00:00			LOW				batch-066.json
668	PL-BZP:08defcf6-c275-672e-962b-12000115c4c7	Świadczenie usług całodobowego podejmowania interwencji w zakresie usuwania zagrożeń dla życia i zdrowia ludności, powodowanych przez dziki na terenie Gdańska z wyłączeniem obwodów łowieckich	Gmina Miasta Gdańska	2026-08-26T07:00:00+00:00			LOW				batch-066.json
669	PL-BZP:08defcff-1f40-f7c6-962b-12000115c5f9	Dostawa ambulansu do Samodzielnego Publicznego Zakładu Opieki Zdrowotnej w Mońkach	Powiat Moniecki	2026-08-26T08:00:00+00:00			LOW				batch-066.json
670	PL-BZP:08defd07-a28a-65bd-962b-12000115c731	Dostawa paliw płynnych dla Zakładu Gospodarki Komunalnej w Kałuszynie	ZAKŁAD GOSPODARKI KOMUNALNEJ W KAŁUSZYNIE	2026-08-28T08:00:00+00:00			LOW				batch-066.json
671	PL-BZP:08defcf0-1205-d621-962b-12000115c406	Sukcesywna dostawa paliw - bezgotówkowe tankowanie pojazdów Zamawiającego	Samodzielny Publiczny Zespół Opieki Zdrowotnej w Kościanie	2026-08-28T08:00:00+00:00			LOW				batch-067.json
672	PL-BZP:08defc47-ad13-7fd8-962b-12000115bcfd	Wykonanie pomiarów hałasu oraz strategicznych map hałasu dla dróg wojewódzkich województwa dolnośląskiego.	Dolnośląska Służba Dróg i Kolei we Wrocławiu	2026-08-26T07:00:00+00:00			LOW				batch-067.json
673	PL-BZP:08defcfd-9103-608a-962b-12000115c5bd	ŚWIADCZENIE USŁUGI SPRZĄTANIA I UTRZYMANIA CZYSTOŚCI W BUDYNKACH, NA TERENIE POSESJI WOJEWÓDZKIEJ I MIESJKIEJ BIBLIOTEKI PUBLICZNEJ IM. ZBIGNIEWA HERBERTA, WRAZ Z USŁUGĄ PIELĘGNACJI ZIELENI	Wojewódzka i Miejska Biblioteka Publiczna im. Zbigniewa Herberta	2026-08-26T09:00:00+00:00			LOW				batch-067.json
674	PL-BZP:08defcfa-bb83-2efb-962b-12000115c554	Dostawy artykułów spożywczych: wędlin, tłuszczy zwierzęcych do Zakładu Karnego w Herbach	ZAKŁAD KARNY W HERBACH	2026-08-25T08:00:00+00:00			LOW				batch-067.json
675	PL-BZP:08defcf8-7474-2e1d-962b-12000115c4f5	Dostawa oleju opałowego lekkiego w ilości 30.000 litrów do Szkoły Podstawowej w Drawsku w sezonie grzewczym 2026/2027	Gmina Drawsko	2026-08-28T07:00:00+00:00			LOW				batch-067.json
676	PL-BZP:08defcf7-3f96-8a87-962b-12000115c4d4	2026-Opracowanie dokumentacji projektowej oraz wykonanie instalacji klimatyzacji w formule "zaprojektuj i wybuduj" w lokalizacjach Ośrodka Pomocy Społecznej w Gliwicach	OŚRODEK POMOCY SPOŁECZNEJ W GLIWICACH	2026-09-02T07:00:00+00:00			LOW				batch-067.json
677	PL-BZP:08defd04-d126-1a95-962b-12000115c6c7	Naprawy i przeglądy samochodów służbowych Zarządu Oczyszczania Miasta	Zarząd Oczyszczania Miasta	2026-08-28T06:00:00+00:00			LOW				batch-067.json
678	PL-BZP:08defd04-af79-d417-962b-12000115c6c1	„Usługa polegająca na zapewnieniu cateringu dla Uczestników projektu „Kompleksowe wsparcie rodzin w gminie Małogoszcz”	Miejsko-Gminny Ośrodek Pomocy Społecznej w Małogoszczu	2026-08-26T08:00:00+00:00			LOW				batch-067.json
679	PL-BZP:08defcfa-4a9b-21f1-962b-12000115c53e	Dostawa i montaż 1 szt. fabrycznie nowej hali namiotowej dla jednostki administrowanej przez 35 WOG Rząska ul. Krakowska 1 w obozowisku kontenerowym w m. Wojnarowa	35 Wojskowy Oddział Gospodarczy	2026-08-28T06:00:00+00:00			LOW				batch-067.json
680	PL-BZP:08defd01-907a-db28-962b-12000115c655	Dostawa pomocy sportowych do Szkoły Podstawowej nr 3 im. Kawalerów Orderu Uśmiechu w Olsztynie z siedzibą 10-445 Olsztyn, ul Kołobrzeska 13 m w ramach projektu „Rozwiń skrzydła z Trójką”	SZKOŁA PODSTAWOWA NR 3 IM. KAWALERÓW ORDERU UŚMIECHU W OLSZTYNIE	2026-08-26T08:00:00+00:00			LOW				batch-067.json
681	PL-BZP:08defd00-4ec8-39d0-962b-12000115c62e	Oprac. dok. projektowej oraz budowa przejścia dla pieszych w ramach zadania: „Budowa przejścia dla pieszych wraz z dedykowanym oświetleniem na ul. Dąbrowskiego 18" w trybie zaprojektuj i zbuduj	Zarząd Dróg Miasta Krakowa	2026-09-02T06:00:00+00:00			LOW				batch-068.json
682	PL-BZP:08defcff-2e4d-9275-962b-12000115c5fd	Zakup autobusu miejskiego dla Gminnego Zakładu Komunalnego w Dąbrówce Wielkiej	GMINNY ZAKŁAD KOMUNALNY Z SIEDZIBĄ W DĄBRÓWCE WIELKIEJ K/ZGIERZA	2026-08-26T08:00:00+00:00			LOW				batch-068.json
683	PL-BZP:08defd08-0e33-e071-962b-12000115c73e	„Rozbudowa sieci dróg rowerowych na terenie Gminy i Miasta Sianów” - II postępowanie.	Gmina Sianów	2026-09-02T09:00:00+00:00			LOW				batch-068.json
684	PL-BZP:08defcfe-d604-bf0f-962b-12000115c5e6	Dostawa mebli wraz z montażem na potrzeby Podlaskiego Urzędu Wojewódzkiego w Białymstoku	Podlaski Urząd Wojewódzki w Białymstoku	2026-08-26T08:00:00+00:00			LOW				batch-068.json
685	PL-BZP:08defcf9-1890-cdf0-962b-12000115c506	Wykonanie badania ewaluacyjnego pt: Ocena realizacji pierwszych konkursów FERS w ramach Priorytetu I „Umiejętności” oraz Priorytetu III „Dostępność i usługi dla osób z niepełnosprawnościami”	Narodowe Centrum Badań i Rozwoju	2026-08-31T09:00:00+00:00			LOW				batch-068.json
686	US-SAM:39e2933511484af0b8f1aacb45582dff	Upgrade an Instru-Met electromechanical frame	NATIONAL AERONAUTICS AND SPACE ADMINISTRATION	2026-08-19T12:00:00+00:00			LOW				batch-068.json
687	PL-BZP:08defc4c-a64f-9386-962b-12000115bdc8	Przebudowa nawierzchni dróg transportu rolnego	GMINA STARY DZIKÓW	2026-09-03T07:00:00+00:00			LOW				batch-068.json
688	PL-BZP:08defc41-aa08-4e87-962b-1200012337b6	Adaptacja obiektów oraz doposażenie pracowni w kształceniu zawodowym elektryczno-elektronicznym oraz informatycznym, w tym naprawa elektrycznych pojazdów samochodowych w ZS Nr 2 CKU w Pyrzycach - 2	Powiat Pyrzycki	2026-09-03T07:00:00+00:00			LOW				batch-068.json
689	PL-BZP:08defc65-962e-f20a-962b-12000115c0cf	Roboty budowane na potrzeby Katolickiego Uniwersytetu Lubelskiego Jana Pawła II w Lublinie z podziałem na dwie części	KATOLICKI UNIWERSYTET LUBELSKI JANA PAWŁA II	2026-09-02T09:00:00+00:00			LOW				batch-068.json
690	TED:568968-2026	Latvia – Health insurance services – Darbinieku veselības apdrošināšana	Akciju sabiedrība "RĪGAS SILTUMS"	2026-08-31T10:00:00+02:00			LOW				batch-068.json
691	PL-BZP:08defc43-b356-8d8e-962b-12000115bc7d	Dostawa oleju opałowego do obiektów Gminy Sypniewo w sezonie grzewczym 2026/2027	Gmina Sypniewo	2026-08-27T08:00:00+00:00			LOW				batch-069.json
692	PL-BZP:08defc4d-d638-6d50-962b-12000115bdf0	„Remont drogi gminnej w miejscowości Borówek”- II	Gmina Bielawy	2026-09-01T07:00:00+00:00			LOW				batch-069.json
693	PL-BZP:08defc20-70e2-9f97-962b-120001d7d0d2	Budowa placu zabaw w ramach projektu pn. „Solankowa strefa relaksu w sercu szkoły"	SZKOŁA PODSTAWOWA NR 3 IM.MIKOŁAJA KOPERNIKA	2026-09-01T07:00:00+00:00			LOW				batch-069.json
694	PL-BZP:08defc5f-10bd-5b40-962b-12000115c052	Budowa boiska do siatkówki plażowej oraz obiektów małej architektury w ramach realizacji projektu „Razem dla Rewitalizacji – Edukacja i Integracja w Cmolasie”	Gmina Cmolas	2026-09-01T06:00:00+00:00			LOW				batch-069.json
695	WORLD-BANK:OP00024555	Uttarakhand Decentralized Watershed Development II Project					LOW				batch-069.json
696	WORLD-BANK:OP00020640	India: Karnataka Health Systems Additional Financing					LOW				batch-069.json
697	WORLD-BANK:OP00019382	China: Nanchang Urban Rail Project					LOW				batch-069.json
698	WORLD-BANK:OP00017737	Ghana - West Africa Regional Fisheries Program					LOW				batch-069.json
699	WORLD-BANK:OP00025099	Enhanced Road Access Project					LOW				batch-069.json
700	WORLD-BANK:OP00023968	Climate Resilience: Transforming Hydro-Meteorological Services					LOW				batch-069.json
701	WORLD-BANK:OP00018506	Local Government Project (SLGP)					LOW				batch-070.json
702	WORLD-BANK:OP00000577	Integrated Health and Water Management Project (SWAP)					LOW				batch-070.json
703	PL-BZP:08def3af-d4e3-b576-962b-12000158cc55	Ścinka i profilowanie poboczy oraz odmulenie i profilowanie rowów przydrożnych w ciągach dróg woj, admin. przez ZDW w Łodzi w 2026 roku z podziałem na części i prawem opcji	ZARZĄD DRÓG WOJEWÓDZKICH W ŁODZI	2026-08-25T08:00:00+00:00			LOW				batch-070.json
704	PL-BZP:08def6ac-58db-6d86-962b-120001268215	Usługa cateringowa podczas X Kongresu Młodych Matematyków	Uniwersytet Śląski w Katowicach	2026-08-18T09:00:00+00:00			LOW				batch-070.json
705	PL-BZP:08def6d0-f9ce-79a2-962b-120001b3f481	Świadczenie usług polegających na przygotowaniu i dostarczaniu posiłków na potrzeby Zespołu Szkół Ogólnokształcących nr 7 w Gdańsku w okresie wrzesień - grudzień 2026 r.	ZESPÓŁ SZKÓŁ OGÓLNOKSZTAŁCĄCYCH NR 7 W GDAŃSKU	2026-08-18T08:00:00+00:00			LOW				batch-070.json
706	PL-BZP:08def79a-ef99-519c-962b-120001dacf82	"2026 Świadczenie usługi cateringowej: śniadanie, obiad, podwieczorek dla przedszkolaków z Przedszkola w Jeżowie Sudeckim, 58-521 Jeżów Sudecki, ul. Kręta 27a"	Zespół Szkolno-Przedszkolny	2026-08-21T07:00:00+00:00			LOW				batch-070.json
707	PL-BZP:08def6cf-7af8-581b-962b-120001b3f44f	Rozbudowa, nadbudowa, przebudowa i remont budynku szkolnego w ramach projektu "ZAWODOWCY ZE STASZICA PRZYSZŁOŚCIĄ REGIONU – przebudowa i remont budynku szkoły wraz z doposażeniem pracowni zawodowych"	Powiat Opoczyński reprezentowany przez Zarząd Powiatu Opoczyńskiego	2026-08-27T10:00:00+00:00			LOW				batch-070.json
708	PL-BZP:08def7ac-811e-da60-962b-120001dad22a	Dostawa kruszywa dolomitowego w ilości 1000 Mg wraz z wbudowaniem	Gmina Jastków	2026-08-27T08:00:00+00:00			LOW				batch-070.json
709	PL-BZP:08def6a9-1923-71a7-962b-1200012681b2	„Sukcesywne dostawy paliwa drzewnego – pelletu do Szkoły Podstawowej im. Wandy Rutkiewicz w Janowicach Wielkich, ul. Partyzantów 4 w okresie od lipca 2026r. do 30 czerwca 2027r.”	Szkoła Podstawowa im. Wandy Rutkiewicz w Janowicach Wielkich	2026-08-20T08:00:00+00:00			LOW				batch-070.json
710	PL-BZP:08def6e6-6907-013f-962b-120001b3f753	„Budowa i modernizacja ulic na ciechanowskim Podzamczu : ulica Bony w Ciechanowie”	GMINA MIEJSKA CIECHANÓW	2026-08-27T08:00:00+00:00			LOW				batch-070.json
711	PL-BZP:08def3b8-b369-c4b8-962b-12000158cdd2	Dostawę 10 szt. łóżek intensywnego nadzoru kardiologicznego dla Samodzielnego Publicznego Zakładu Opieki Zdrowotnej w Słupcy.	Powiat Słupecki	2026-08-20T07:00:00+00:00			LOW				batch-071.json
712	PL-BZP:08def442-b476-2d33-962b-12000158d1da	Wykonanie placu wraz z konstrukcją wsporczą pod instalację fotowoltaiczną	Zespół Szkół im. ks. Józefa Tischnera w Dobczycach	2026-08-24T07:00:00+00:00			LOW				batch-071.json
713	PL-BZP:08def7a7-4c1c-e146-962b-120001dad195	ZAKUP I DOSTAWA APARATU USG WSZECHSTRONNEGO W TYM DOPPLER Z FUNKCJAMI KARDIO I NACZYNIOWYMI Z FUNKCJĄ DO BADANIA JAMY BRZUSZNEJ ORAZ APARATU USG PRZENOŚNEGO DLA WSPL SP ZOZ W KOSZALINIE – 2 ZADANIA	Wojskowa Specjalistyczna Przychodnia Lekarska Samodzielny Publiczny Zakład Opieki Zdrowotnej w Koszalinie	2026-08-19T08:00:00+00:00			LOW				batch-071.json
714	PL-BZP:08def788-86c3-8c2e-962b-120001071f50	Przebudowa drogi gminnej Nr 117251R w miejscowości Nadolany na działkach 587/3, 603 i w miejscowości Nowotaniec na działce 504 w km 0+036 do 0+635.	Gmina Bukowsko	2026-08-26T07:00:00+00:00			LOW				batch-071.json
715	PL-BZP:08def6e6-9295-e18d-962b-120001b3f755	„Budowa i modernizacja ulic na ciechanowskim Podzamczu .”, Budowa i przebudowa drogi gminnej ulicy Księcia Janusza Mazowieckiego w Ciechanowie	GMINA MIEJSKA CIECHANÓW	2026-08-25T08:00:00+00:00			LOW				batch-071.json
716	PL-BZP:08def77f-d7f1-16ca-962b-1200011b95aa	Dostawa mleka i przetworów mleczarskich do Ośrodka Szkoleń Specjalistycznych Straży Granicznej	OŚRODEK SZKOLEŃ SPECJALISTYCZNYCH STRAŻY GRANICZNEJ W LUBANIU	2026-08-19T08:00:00+00:00			LOW				batch-071.json
717	PL-BZP:08def6a6-492c-15a1-962b-12000126816b	Remont pustostanów lokali mieszkalnych część nr 1: Koszykowa 20 m 16, część nr 2: Al. Ujazdowskie 20 m 18, część nr 3: Koszykowa 3 m 172	Zakład Gospodarowania Nieruchomościami w Dzielnicy Śródmieście m.st. Warszawy	2026-08-25T08:00:00+00:00			LOW				batch-071.json
718	PL-BZP:08defc59-a7ae-8273-962b-12000115bfa6	Nadzór przyrodniczy nad zad. pn.: Rozbudowa ul. Lwowskiej od km 1+555,99 do km 2+803,77 w ciągu drogi kraj. nr 73 w ramach zadania inwestycyjnego pn. „IDEA TARNÓW–ULICA LWOWSKA–TRANSPORT BEZ GRANIC”	Zarząd Dróg i Komunikacji w Tarnowie	2026-08-26T07:00:00+00:00			LOW				batch-071.json
719	PL-BZP:08defc32-2ec6-a04f-962b-1200014af4ac	Zakup wraz z dostawą materiałów sanitarnych do wykonania instalacji c.o. w budynku znajdującym się przy ul. Niechodzkiej 3 w Ciechanowie	Towarzystwo Budownictwa Społecznego Sp. z o. o. w Ciechanowie	2026-08-25T07:00:00+00:00			LOW				batch-071.json
720	PL-BZP:08defc59-4082-74f7-962b-12000115bf9f	Świadczenie usług asystenta osobistego osoby z niepełnosprawnością	GMINNY OŚRODEK POMOCY SPOŁECZNEJ	2026-08-25T06:00:00+00:00			LOW				batch-071.json
721	PL-BZP:08defc53-ac1b-c169-962b-12000115bed2	Sukcesywne dostawy artykułów spożywczych w podziale na 15 części	Mazowiecka Wojewódzka Komenda Ochotniczych Hufców Pracy w Warszawie	2026-08-25T06:00:00+00:00			LOW				batch-072.json
722	GR-KHMDHS:26PROC019635565	ΠΥΠ ΥΠ΄ ΑΡΙΘΜ. Β-240/2026 - 7100052105	ΥΠΟΥΡΓΕΙΟ ΕΘΝΙΚΗΣ ΑΜΥΝΑΣ	2026-08-21T15:00:00+00:00	17534.35	EUR	LOW				batch-072.json
723	GR-KHMDHS:26PROC019634752	Συνδρομές σε εφημερίδες, περιοδικά & ηλεκτρονικά μέσα, για τα έτη 2026-2027-ΟΜΑΔΑ Α.7. Ετήσια ομαδι	ΔΗΜΟΣ ΑΛΕΞΑΝΔΡΟΥΠΟΛΗΣ	2026-08-26T13:00:00+00:00	354.0	EUR	LOW				batch-072.json
724	GR-KHMDHS:26PROC019633959	Συνδρομές σε εφημερίδες, περιοδικά & ηλεκτρονικά μέσα, για τα έτη 2026-2027-ΟΜΑΔΑ Α.1.Συνδρομή στη	ΔΗΜΟΣ ΑΛΕΞΑΝΔΡΟΥΠΟΛΗΣ	2026-08-26T13:00:00+00:00	1825.0	EUR	LOW				batch-072.json
725	PL-BZP:08defc59-af42-9e0a-962b-12000115bfa9	„Usługa ochrony osób i mienia w obiektach Prokuratury Regionalnej w Łodzi”	Prokuratura Regionalna w Łodzi	2026-08-26T09:00:00+00:00			LOW				batch-072.json
726	PL-BZP:08defc30-824a-0772-962b-1200014af46e	DOSTAWA SPEKTROMETRÓW DO INSTYTUTU CHEMII FIZYCZNEJ PAN	INSTYTUT CHEMII FIZYCZNEJ PAN	2026-08-25T08:00:00+00:00			LOW				batch-072.json
727	GR-KHMDHS:26PROC019638157	ΠΡΟΣΚΛΗΣΗ ΥΠΟΒ. ΠΡΟΣΦΟΡΑΣ 577/2026 ΤΑΚΤΟΠΟΙΗΣΗ ΑΥΘΑΙΡΕΤΩΝ ΚΑΤΑΣΚΕΥΩΝ ΣΥΜΦΩΝΑ ΜΕ ΤΟ ΝΟΜΟ 4495/2017	ΑΞΙΟΠΟΙΗΣΗ ΤΟΥΡΙΣΤΙΚΩΝ ΑΚΙΝΗΤΩΝ ΔΗΜΟΥ ΑΡΙΣΤΟΤΕΛΗ ΔΑΕ	2026-08-21T12:00:00+00:00	5500.0	EUR	LOW				batch-072.json
728	PL-BZP:08defc55-9d14-f605-962b-12000115bf0a	Na zakup środka transportu z napędem hybrydowym w ramach projektu Wsparcie infrastrukturalne Centrów Zdrowia Psychicznego dla dorosłych oraz ośrodków / zespołów środowiskowej opieki psychologicznej...	Samodzielny Publiczny Zespół Zakładów Opieki Zdrowotnej	2026-08-26T08:00:00+00:00			LOW				batch-072.json
729	GR-KHMDHS:26PROC019634770	44757-PLUVICTO	ΓΕΝΙΚΟ ΝΟΣΟΚΟΜΕΙΟ «ΕΛΕΝΑ ΒΕΝΙΖΕΛΟΥ-ΑΛΕΞΑΝΔΡΑ» ΟΡΓΑΝΙΚΗ ΜΟΝΑΔΑ ΑΛΕΞΑΝΔΡΑ	2026-08-21T12:00:00+00:00	20000.0	EUR	LOW				batch-072.json
730	PL-BZP:08defc5b-c96d-89da-962b-12000115bfe3	Przygotowanie i porcjowanie gorących posiłków dla podopiecznych MGOPS w Piasecznie i ich dostawa do siedziby Jadłodajni Miejskiej lub do miejsc zamieszkania podopiecznych na terenie gminy Piaseczno	Urząd Miasta i Gminy Piaseczno	2026-08-25T07:00:00+00:00			LOW				batch-072.json
731	PL-BZP:08defc53-1c61-036a-962b-12000115beb9	„Przewóz dzieci niepełnosprawnych zamieszkałych na terenie gminy Cekcyn z miejsca zamieszkania do ośrodka kształcenia i z powrotem”	Gminny Zespół Oświatowy w Cekcynie	2026-08-25T07:00:00+00:00			LOW				batch-073.json
732	PL-BZP:08defc2c-306d-697c-962b-1200014af3fa	Kompleksowa organizacja udziału podkarpackich MŚP w targach Australian International Airshow w Australii.	Województwo Podkarpackie	2026-08-26T08:00:00+00:00			LOW				batch-073.json
733	PL-BZP:08defc38-73c2-d9e7-962b-1200014af550	Dostawa mobilnego rozdrabniacza szybkoobrotowego do odpadów biodegradowalnych na potrzeby Zakładu Przetwarzania i Unieszkodliwiania Odpadów w Czerwonym Borze	Przedsiębiorstwo Gospodarki Komunalnej Sp. z o.o. w Zambrowie	2026-08-25T07:00:00+00:00			LOW				batch-073.json
734	WORLD-BANK:OP00015117	Bangladesh Integrated Agricultural Productivity Project					LOW		.0pt">:</span></p> <p class="MsoBodyText2" style="MARGIN: 0in 0in 0pt; TEXT-INDENT: 0.5in; LINE-HEIGHT: normal; TEXT-ALIGN: justify"><span style="FONT-FAMILY: 'Times New Roman','serif'; mso-bidi-font-size: 11.0pt">The project development objective (PDO) is to enhance the productivity of agriculture…	New Roman','serif'"> </span></b></p> <p class="MsoNormal" style="MARGIN: 0in 0in 0pt; TEXT-ALIGN: justify"><b style="mso-bidi-font-weight: normal"><span style="FONT-SIZE: 2pt; FONT-FAMILY: 'Times New Roman','serif'"> </span></b></p> <p class="MsoNormal" style="MARGIN: 0in 0in 0pt; TEXT-ALIGN: justi…	batch-073.json
735	US-SAM:eff0352a48d249619d9fb777d40cfbeb	Sensor Agnostic Emulator & Trainer (SAET)	DEPT OF DEFENSE	2026-09-18T20:00:00+00:00			LOW		===== FILE: files/Request_for_Information_28RFI_29_17_Aug_2026.pdf ===== Page 1 of 4 Request for Information (RFI) Support to the Air Force (AF) Distributed Common Ground System (DCGS) Description The Government is conducting market research to identify potential sources that possess the expertise …		batch-073.json
736	US-SAM:29d044781cc146ef810c3ef0af56886e	Siemens Industry Software Inc � Altair Units	DEPT OF DEFENSE	2026-08-21T16:00:00+00:00			LOW		===== FILE: files/BOM-EAST-659---RQVV---Software---Altair2026.xlsx ===== [SHEET BOM] BILL OF MATERIALS | | | | CSRD Title | Altair 2026 | | Period of Performance | Case ID | AFRL/RQ 26-CSRD-EAST-659 | | Start Date: | 2026-09-01 00:00:00 Date Created | 04/15/2026 11:01 AM | | End Date: | 2027-08-31 …	erformance | Case ID | AFRL/RQ 26-CSRD-EAST-659 | | Start Date: | 2026-09-01 00:00:00 Date Created | 04/15/2026 11:01 AM | | End Date: | 2027-08-31 00:00:00 Quantity | Item Description | | Part Number | 60 | Altair Units - Enterprise Suite - Lease SRD-A | | AU - ENT - STD - AN | 90 | Altair Units -…	batch-073.json
737	WORLD-BANK:OP00018214	Road Sector Project					LOW				batch-073.json
738	WORLD-BANK:OP00000287	ST. LUCIA HIV/AIDS PREVENTION & CONTROL					LOW				batch-073.json
739	WORLD-BANK:OP00007146	LR-Public Financial Management - IFMIS					LOW				batch-073.json
740	PL-BZP:08defceb-84a4-59dc-962b-12000115c3ba	USŁUGA-Przeprowadzenie szkolenia dla 10 osób bezrobotnych lub poszukujących pracy p.n. OPIEKUN OSÓB STARSZYCH, NIEPEŁNOSPRAWNYCH	Powiatowy Urząd Pracy w Ostrowcu Świętokrzyskim	2026-08-26T08:00:00+00:00			LOW				batch-073.json
741	PL-BZP:08defcee-19c2-6e1b-962b-12000115c3e6	USŁUGA-Przeprowadzenie szkolenia dla 10 osób bezrobotnych lub poszukujących pracy p.n. SPRZEDAWCA ZE ZNAJOMOŚCIĄ PAKIETU MS OFFICE, OBSŁUGI KASY FISKALNEJ I TERMINALA PŁATNICZEGO	Powiatowy Urząd Pracy w Ostrowcu Świętokrzyskim	2026-08-26T08:30:00+00:00			LOW				batch-074.json
742	PL-BZP:08defcec-9399-44b2-962b-12000115c3c7	USŁUGA-Przeprowadzenie szkolenia dla 15 osób bezrobotnych lub poszukujących pracy p.n. PRACOWNIK ADMINISTRACYJNO-BIUROWY	Powiatowy Urząd Pracy w Ostrowcu Świętokrzyskim	2026-08-26T08:15:00+00:00			LOW				batch-074.json
743	PL-BZP:08defd07-06be-6251-962b-12000115c71e	Świadczenie usług opiekuńczych w domu uczestnika	GMINNY OŚRODEK POMOCY SPOŁECZNEJ	2026-08-27T06:00:00+00:00			LOW				batch-074.json
744	PL-BZP:08def452-81b7-5888-962b-120001ebcbd7	Remont nakładka asfaltowa Białowola	GMINNY ZAKŁAD OBSŁUGI KOMUNALNEJ GMINY ZAMOŚĆ	2026-08-25T07:00:00+00:00			LOW				batch-074.json
745	PL-BZP:08defcf5-df60-1d2b-962b-12000115c4ae	Remont kojców dla psów służbowych KPP Nowa Sól	Komenda Wojewódzka Policji w Gorzowie Wlkp.	2026-09-04T08:00:00+00:00			LOW				batch-074.json
746	PL-BZP:08defcff-657c-cba4-962b-12000115c604	2026 - Sukcesywna dostawa materiałów medycznych na potrzeby Szpital Na Wyspie Sp. z o.o. w Żarach	Szpital Na Wyspie Sp. z o.o.	2026-08-26T08:00:00+00:00			LOW				batch-074.json
747	PL-BZP:08defc46-74ed-6953-962b-12000115bccc	Dostosowanie budynku przy Al. Chruściela 1/3 na potrzeby Poradni Psychologiczno - Pedagogicznej w formule „zaprojektuj i wybuduj”	Miasto Stołeczne Warszawa Dzielnica Rembertów	2026-09-07T08:30:00+00:00			LOW				batch-074.json
748	PL-BZP:08defc56-5295-1341-962b-12000115bf22	Przygotowanie i dowóz posiłków do Publicznego Gminnego Przedszkola „Bocianie gniazdo” i Klubu dziecięcego „Pod bocianim skrzydłem” w Krzyżanowie w roku szkolnym 2026/2027 (system cateringu)	Gmina Krzyżanów	2026-08-25T06:00:00+00:00			LOW				batch-074.json
749	PL-BZP:08def77f-4c57-ffe8-962b-1200011b9594	,,Świadczenie usługi sprzątania pomieszczeń PAP S.A. w likwidacji”	POLSKA AGENCJA PRASOWA SPÓŁKA AKCYJNA W LIKWIDACJI	2026-08-26T10:00:00+00:00			LOW				batch-074.json
750	PL-BZP:08def2d6-7a59-7447-962b-12000166a6ba	„Budowa i modernizacja drogi dojazdowej do gruntów rolnych w obrębie Zarzecze, dz. ewid. nr 160, 161.”	Gmina Nisko	2026-08-25T08:00:00+00:00			LOW				batch-074.json
751	PL-BZP:08def471-1d47-a743-962b-120001d34042	Remont elewacji Żłobka nr 12, oraz wykonanie wygrodzenia placu zabaw Żłobka 33, z podziałem na 2 części.	Miejski Zespół Żłobków w Łodzi	2026-08-24T09:00:00+00:00			LOW				batch-075.json
752	PL-BZP:08def47f-7214-489b-962b-120001d60a3b	Zakup i dostawa drobnego sprzętu medycznego	WOJEWÓDZKI SZPITAL SPECJALISTYCZNY IM. ŚW. JADWIGI W OPOLU	2026-08-21T06:00:00+00:00			LOW				batch-075.json
753	TED:566899-2026	Latvia – Electricity supplies – Kompakto transformatoru apakšstaciju iegāde / Supply of compact transformer substations	Akciju sabiedrība "Sadales tīkls"	2026-08-25T11:00:00+02:00			LOW				batch-075.json
754	PL-BZP:08defc4e-c29d-a820-962b-12000115be11	Wykonanie robót rozbiórkowych w podziale na 2 części: część 1: ul. Dąbrowskiego 36 część 2: ul. Limanowskiego 107	Zarząd Lokali Miejskich	2026-09-01T10:00:00+00:00			LOW				batch-075.json
755	PL-BZP:08defc71-76e7-d9e0-962b-12000115c136	Remont wybranych odcinków dróg tłuczniem kamiennym	GMINA ŁUKÓW	2026-09-01T08:00:00+00:00			LOW				batch-075.json
756	PL-BZP:08defc6e-194d-6a86-962b-12000115c124	Budowa nowych punktów świetlnych w Gminie Górno (4 części)	GMINA GÓRNO	2026-09-01T07:00:00+00:00			LOW				batch-075.json
757	PL-BZP:08defc73-423e-3072-962b-12000115c140	Remont drogi na ul. Brzozowej w Sosnówce	Gmina Podgórzyn	2026-09-02T10:00:00+00:00			LOW				batch-075.json
758	PL-BZP:08defc49-d647-ab0d-962b-12000115bd49	Opracowanie dokumentacji projektowo-kosztorysowej dla zadania: „Budowa dróg rowerowych w pasie dróg gminnych zlokalizowanych w miejscowości Zawadzkie”	Gmina Zawadzkie	2026-08-27T06:00:00+00:00			LOW				batch-075.json
759	PL-BZP:08def6a9-56a4-6e41-962b-1200012681ba	Kompleksowe usługi pogrzebowe - bieżące sprawianie pochówków	Ośrodek Pomocy Społecznej Dzielnicy Ochota m.st. Warszawy	2026-08-19T10:00:00+00:00			LOW				batch-075.json
760	PL-BZP:08def6c3-8f63-e100-962b-120001268538	"Zakup wraz z dostawą agregatów prądotwórczych” w ramach zadania polegającego na realizacji Programu OLiOC	GMINA NOWA BRZEŹNICA	2026-08-19T08:00:00+00:00			LOW				batch-075.json
761	PL-BZP:08def790-3449-5bff-962b-12000107209a	Wykonanie robót budowlanych w zakresie wymiany bram garażowych budynku Oddziału ZUS w Rybniku przy ul. Reymonta 2	Zakład Ubezpieczeń Społecznych Oddział w Rybniku	2026-08-27T07:00:00+00:00			LOW				batch-076.json
762	PL-BZP:08def475-8be7-21ed-962b-120001d60877	„Adaptacja pomieszczeń piwnicznych Samorządowego Przedszkola w Rusinowie z siedzibą w Gałkach na miejsce doraźnego schronienia”	Gmina Rusinów	2026-08-24T08:00:00+00:00			LOW				batch-076.json
763	GR-KHMDHS:26PROC019635453	ΠΥΠ ΥΠ΄ ΑΡΙΘΜ. Β-234/2026 - 7100052230	ΥΠΟΥΡΓΕΙΟ ΕΘΝΙΚΗΣ ΑΜΥΝΑΣ	2026-08-21T15:00:00+00:00	29848.88	EUR	LOW				batch-076.json
764	SK-UVO:520470	Likvidácia a zneškodnenie odpadov – DNS	Ministerstvo obrany Slovenskej republiky			EUR	LOW				batch-076.json
765	PL-BZP:08defc55-b89e-2af3-962b-12000115bf0e	Przebudowa ulicy Wolności przy cmentarzu w Golinie oraz remont odcinka drogi gminnej- ul. Wolności w Golinie	GMINA JAROCIN	2026-09-01T08:00:00+00:00			LOW				batch-076.json
766	PL-BZP:08def2e8-5aab-f658-962b-12000183c8ee	Przebudowa drogi gminnej nr 674350P w miejscowości Piątek Wielki- etap I	Gmina i Miasto Stawiszyn	2026-08-24T08:00:00+00:00			LOW				batch-076.json
767	PL-BZP:08def383-7889-4ce5-962b-1200019cd2e7	Przebudowa odcinka drogi powiatowej Nr 1608 O w miejscowości Nowy Las	Powiat Nyski	2026-08-21T07:00:00+00:00			LOW				batch-076.json
768	PL-BZP:08def207-33ca-b0b6-962b-1200010b7028	Modernizacja boiska wielofunkcyjnego oraz boiska do siatkówki plażowej na terenie MOSiR w Aleksandrowie Łódzkim	Gmina Aleksandrów Łódzki	2026-08-19T09:00:00+00:00			LOW				batch-076.json
769	US-SAM:e90e22d612a440df88d884b25e5c03a9	6505--Lisinopril Tablets (VA-27-00004937)	VETERANS AFFAIRS, DEPARTMENT OF	2026-09-24T19:30:00+00:00			LOW		an NDC number that is unique to the offeror. The successful offeror/contractor's label with its unique NDC shall be the only label on the product. Contractors shall not affix their label over another label on the product. VA labels must be able to securely adhere on top of the successful offeror/co…	PERFORMANCE | | | | | | | | | | POSTAL CODE | | COUNTRY | | CONTRACTING OFFICE ADDRESS | Department of Veterans Affairs OPAL- Enterprise Procurement Office-AS7 Building 37 1ST Avenue, One Block North of Cermak Hines, IL 60141 POINT OF CONTACT* | Contract Specialist Youlanda Duggar Youlanda.Duggar@v…	batch-076.json
770	TED:558243-2026	Croatia – Construction, foundation and surface works for highways, roads – Rekonstrukcija županijske ceste ŽC 6142, Tugare	ŽUPANIJSKA UPRAVA ZA CESTE SPLIT	2026-09-15T12:00:00+02:00	10500000.0	EUR	LOW				batch-076.json
771	PL-BZP:08defc39-30b9-5ea6-962b-1200014af56c	Zakup i dostawa sprzętu jednorazowego użytku na potrzeby Bloku Operacyjnego	"SZPITAL POWIATOWY W RAWICZU" SPÓŁKA Z OGRANICZONĄ ODPOWIEDZIALNOŚCIĄ	2026-08-25T07:00:00+00:00			LOW				batch-077.json
772	PL-BZP:08def6d0-3a4c-7bb0-962b-120001b3f463	„Termomodernizacja budynku Szkoły Podstawowej nr 3 w Ząbkowicach Śląskich”	Gmina Ząbkowice Śląskie	2026-08-25T08:00:00+00:00			LOW				batch-077.json
773	PL-BZP:08def20b-3d7d-d183-962b-1200010b70c1	Przebudowa ulicy Sportowej w Lubomierzu	GMINA LUBOMIERZ	2026-08-19T10:00:00+00:00			LOW				batch-077.json
774	WORLD-BANK:OP00000076	Irrigation & Drainage Rehabilitation Project (Serbia)					LOW		<INS cite=mailto:IRRP dateTime=2006-01-09T10:21>for </INS></SPAN></SPAN><SPAN style="FONT-SIZE: 12pt; FONT-FAMILY: 'Times New Roman'"><SPAN style="mso-prop-change: IRRP 20060109T1025"><INS cite=mailto:IRRP dateTime=2006-01-09T09:26>agromet</INS><INS cite=mailto:IRRP dateTime=2006-01-09T09:28> </INS…		batch-077.json
775	TED:566674-2026	Latvia – Lifting and handling equipment – Noliktavas tehnikas vienību (štābelētāju, palešu pārvadātāju, elektroiekrāvēju un traktortipa iekrāvēju) iegāde	Valsts aizsardzības loģistikas un iepirkumu centrs	2026-09-07T11:00:00+02:00			LOW				batch-077.json
776	SK-UVO:551746	SPŠ stavebná a geodetická, Lermontovova 1, Košice: Vzdelávacie kurzy - O	Košický samosprávny kraj			EUR	LOW				batch-077.json
777	WORLD-BANK:OP00027998	China: Gansu Rural-Urban Integration Project					LOW				batch-077.json
778	PL-BZP:08defc55-a096-fdbb-962b-12000115bf0b	Dostawa sprzętu laboratoryjnego na potrzeby ZBFŻ w InLife	InLife Instytut Rozrodu Zwierząt i Badań Żywności Polskiej Akademii Nauk	2026-08-25T08:00:00+00:00			LOW				batch-077.json
779	WORLD-BANK:OP00023242	Improving Resilience to Seismic Risk					LOW				batch-077.json
780	WORLD-BANK:OP00012365	Geothermal Clean Energy Investment Project					LOW				batch-077.json
781	WORLD-BANK:OP00029384	Second Lao Environment & Social Project (formerly Protected Area and Wildlife Project)					LOW				batch-078.json
782	WORLD-BANK:OP00017171	Cebu Bus Rapid Transit (BRT) Project					LOW				batch-078.json
783	WORLD-BANK:OP00003821	Brazil Pernambuco Sustainable Water					LOW				batch-078.json
784	TED:567970-2026	Latvia – Accident and health insurance services – Veselības un nelaimes gadījumu apdrošināšanas pakalpojumu sniegšana SIA “Rīgas meži”	SIA “Rīgas meži”	2026-08-31T09:00:00+02:00			LOW				batch-078.json
785	US-SAM:64f2c70600c74d54909119def3501db2	USCG and CBP C-130J Missionization Effort (Minotaur Mission Systems+)	HOMELAND SECURITY, DEPARTMENT OF	2026-09-17T14:00:00+00:00			LOW	post-production	===== FILE: files/USCG-AIR-A1-Missionization_Continuation-RFI_amended_17_AUG_2026.pdf ===== Request for Information (RFI) Purpose: The United States Coast Guard (USCG) is issuing this request for information (RFI) for market research purposes to identify sources for aircraft modification services, …	red delivery date. Exceptions to this rule will be handled on a case by case basis by the CG-AIR- A1 PMO. When late delivery of a Contractor Furnished Material (CFM) component may affect the aircraft production or delivery schedule the Contractor shall notify the CG-AIR-A1 PMO; notification shall b…	batch-078.json
786	US-SAM:3fb1901d691243d09ecd66ce86b66639	Polaris Discovery Program	DEPT OF DEFENSE	2026-08-24T15:00:00+00:00			LOW		, Intune/ADUC, Palo Alto, CiscoRImplementing and AdministeringCiscoRSolutions v1.0, CiscoRConfiguringBGP on CiscoRRouters v4.0, COMPTIA NETWORK+ CERTIFICATION PREP COURSE, COMPTIA CYSA+ CERTIFICATION PREP COURSE-CYBERSECURITY ANALYST, VMWare vSphere plsuTroubleshooting, ACAS/Tenable, and Tanium (TA…		batch-078.json
787	PL-BZP:08defc58-a661-d71a-962b-12000115bf82	Świadczenie usług w zakresie podstawiania pojemników i kontenerów wraz z wywozem odpadów komunalnych stałych, segregowanych, liści, gruzu, odpadów budowlanych	Politechnika Morska w Szczecinie	2026-08-25T08:00:00+00:00			LOW				batch-078.json
788	TED:568326-2026	Latvia – Electricity – Elektroenerģijas piegāde aizsargātajiem lietotājiem SIA “Rīgas nami” sociālajās un īres dzīvojamās mājās	SIA "Rīgas nami"	2026-09-14T09:00:00+02:00			LOW				batch-078.json
789	PL-BZP:08defc5b-8ae8-83c6-962b-12000115bfd9	Dostawa art. spożywczych różnych asortymentów na potrzeby Zakładu Karnego w Raciborzu z podziałem na 2 części	Zakład Karny w Raciborzu	2026-08-28T08:00:00+00:00			LOW				batch-078.json
790	WORLD-BANK:OP00009614	Improving Fiscal Management and Tax Compliance Capacity in the Government of Armenia					LOW				batch-078.json
791	PL-BZP:08def7dd-5178-e4be-962b-1200017ebd9d	„Wykonanie prac remontowych w budynkach Uzdrowiska Rabka S.A. – Budynek: Willa Świt, Sanatorium Wierchy, Agregatorownia Olszówka i Jagiellonka, Rabczański Zdrój, ZPL, z podziałem na siedem części”	"UZDROWISKO RABKA" SPÓŁKA AKCYJNA	2026-08-26T07:00:00+00:00			LOW				batch-079.json
792	PL-BZP:08def2cf-4019-6106-962b-12000166a579	Przebudowa ulicy Biesak na odcinku ok. 980 m w ramach zadania pn.: „Program przebudowy nawierzchni ulic na terenie Miasta Kielce – Kielce bez dziur”	Gmina Kielce - Miejski Zarząd Dróg w Kielcach	2026-08-21T07:30:00+00:00			LOW				batch-079.json
793	US-SAM:5f2e1fbfab2644aaa67423480847acdf	Medical Laboratory Staffing Services - Phoenix Area IHS	HEALTH AND HUMAN SERVICES, DEPARTMENT OF	2026-08-19T19:00:00+00:00			LOW		ibed processes. INTRODUCTION It is the intent of the Phoenix Area Indian Health Service (PAIHS) to establish a Blanket Purchase Agreement (BPA) for nonpersonal professional Medical Laboratory Technician (MLT) services in support of Phoenix Area Indian Health Service facilities. Services shall be or…	ubmitted to the Contracting Officer (CO), Contracting Officer's Representative (COR), or other Government representative identified in the applicable BPA Call. Required deliverables include, but are not limited to, the following: Deliverable Frequency Recipient Staffing Schedule As requested and up…	batch-079.json
794	TED:567824-2026	Germany – Sanitary fixture installation work – Sanitärarbeiten	Der Kreisausschuss, Hochbau- und Liegenschaftsamt	2026-08-28T23:59:59+02:00			LOW		Innenschale zur Reinigung herausnehmba, austauschbarer Bürstenkopf aus schwarzem Kunststoff, Gehäuse und Bürstenstange aus Edelstahl seidenmatt gebürstet, Materialstärke 1,5 mm, Vier-Punkt-Befestigung, inklusive Befestigungsmaterial, für Aufputzmontage Ausführung Edelstahl matt gebürstet Fabrikat d…	n Anteilen im Umfang von mehr als 50%, c) durch das Handeln der Bewerber/Bieter im Namen oder auf Anweisung von Personen oder Unternehmen, auf die die Kriterien der Buchstaben a und/oder b zutrifft. 2. Die am Auftrag als Unterauftragnehmer, Lieferanten oder Unternehmen, deren Kapazitäten im Zusamme…	batch-079.json
795	ZA_ETENDERS_OCDS:ocds-9t57fa-165555-2026-08-14	COR 01/2026/27	Theewaterkloof Municipality	2026-09-18T12:00:00+00:00		ZAR	LOW		main entrance, 6 Plein Street, Caledon. Telegraphic, telephonic, telex, facsimile, electronic/e-mailed and late tenders will not be accepted. Tenders may only be submitted on the tender documentation that has been issued. Tenders, completed in full, must be submitted in tender box no. 1 which is lo…		batch-079.json
796	ZA_ETENDERS_OCDS:ocds-9t57fa-165757-2026-08-17	13/2026-2027T	Senqu Local Municipality	2026-09-21T12:00:00+00:00		ZAR	LOW		the tender number and title, and the closing date indicated on the envelope and deposited in the tender box at the address, and by the date and time stated above. No faxed or e -mailed documents will be accepted. The Senqu Municipality does not bind itself to accept the lowest tender or any other t…		batch-079.json
797	US-SAM:99abb368e89347c7b4b35ecc672380dd	J065--BD PYXIS (CATO) Maintenance Support Services	VETERANS AFFAIRS, DEPARTMENT OF	2026-09-04T21:00:00+00:00			LOW		===== FILE: files/36C26326Q1034_1.docx ===== GENERAL INFORMATION PLACE OF PERFORMANCE ADDITIONAL INFORMATION DESCRIPTION NOTICE OF INTENT TO AWARD SOLE SOURCE: Department of Veterans Affairs (VA) Regional Procurement Office Central (RPOC), Network Contracting Office 23 (NCO 23) intends to award a s…	E | 30 DAYS AFTER THE RESPONSE DATE RECOVERY ACT FUNDS | N SET-ASIDE | PRODUCT SERVICE CODE* | J065 NAICS CODE* | 811210 CONTRACTING OFFICE ADDRESS | DEPARTMENT OF VETERANS AFFAIRS NETWORK CONTRACTING OFFICE 23 1303 5TH STREET, SUITE 300 CORALVILLE IA 52241 POINT OF CONTACT* | ADDRESS | | | | | POS…	batch-079.json
798	WORLD-BANK:OP00029590	Guyana Flood Risk Management					LOW				batch-079.json
799	US-SAM:331e787970d844f6978efea205da3a05	Flex Space Equipment	DEPT OF DEFENSE	2026-08-20T15:00:00+00:00			LOW				batch-079.json
800	US-SAM:3019588d6b03449b9a9993f98fa96201	Solicitation Amendment 0001- Bulk Dinitrogen Tetroxide (N2O4) AESP Requirement	DEPT OF DEFENSE	2026-08-26T21:00:00+00:00			LOW		The Defense Logistics Agency (DLA) Aerospace Energy, as the Department of War (DoW) Integrated Materiel Manager (IMM) for Aerospace Energy products and related services, requires production of dinitrogen tetroxide (N2O4) and related ancillary services, in support of the United States Space Programs…	se. A Blanket Delivery Order is considered “an order”, for the purposes of this contract text. (2) [ ] This is an INDEFINITE DELIVERY/INDEFINITE QUANTITY contract. The Government agrees to order from the Contractor and the Contractor shall deliver, if orders are placed by the Contracting Officer du…	batch-079.json
801	US-SAM:defbb2be11f747f1ab44c72166bd32bf	SILVER CYANIDE	DEPT OF DEFENSE	2026-08-19T16:00:00+00:00			LOW	training-course	DATE 7. FOR SOLICITATION INFORMATION CALL: a. NAME b. TELEPHONE NUMBER (No collect calls) 8. OFFER DUE DATE/ LOCAL TIME 9. ISSUED BY 13b. RATING 14. METHOD OF SOLICITATION CODE 15. DELIVER TO 16. ADMINISTERED BY CODE 18a. PAYMENT WILL BE MADE BY CODE17a. CONTRACTOR/ OFFEROR CODEFACILITY CODE CODE T…		batch-080.json
802	WORLD-BANK:OP00019635	Rural Service Delivery and Local Governance Preparation and Pilot					LOW				batch-080.json
803	US-SAM:e2df063e4c5f4461ae4f2339231c9918	Fan Assembly, Centrifugal	DEPT OF DEFENSE	2026-09-24T17:00:00+00:00			LOW		tive ************ AS7311 Electronic Contracting Provision (a) All DLA Weapons Support (Warren)solicitations will be publicized on the Contract Opportunities website https://SAM.gov. Any additional attachments, including Technical Data Packages (TDPs) when available electronically, will be separate …	TDP including all incorporated specifications and drawings. Delivery delays are not excusable where the Contractor asserts that it did not have a specification or drawing and has failed to request, in writing, the specification from either the Procuring Contracting Officer or Contract Specialist pr…	batch-080.json
804	US-SAM:f44578f4cdb8459f8e40100ce205763c	Engine test cell PLC upgrade	DEPT OF DEFENSE	2026-08-20T17:00:00+00:00			LOW		nd all I/O module catalog numbers and quantities? See attachments 2. Can you provide the existing electrical drawings, PLC panel drawings, I/O list, and control schematics for Engine Test Cell #4? See attachments 3. Can you provide a copy of the existing GE Fanuc PLC program/ladder logic that is to…		batch-080.json
805	US-SAM:83a1011c56fc4ae0be0ddc8f407d5127	MK 2 Helicopter Weapon Recovery System	DEPT OF DEFENSE	2026-08-28T18:00:00+00:00			LOW		===== FILE: files/Attachment_1_Government_Specifications.pdf ===== SPECIFICATION HELICOPTER WEAPON RECOVERY SYSTEMS (HWRS) Solicitation Number: N66604-26-Q-0462 1. Background The Naval Undersea Warfare Center Division, Newport (NUWCDIVNPT) requires the procurement of Helicopter Weapon Recovery Syst…	clusions • Scope Limitation: Consistent with Section 4, the inspection and certification requirements specified in this section do not apply to weight testing or the application of cork/plastic tubing. ===== FILE: files/RFQ_N6660426Q0462.pdf ===== The request for Quotation (RFQ) number is N66604-26…	batch-080.json
806	US-SAM:ba82bdc3d537450c96e0c64f1cbeebcb	Internal Fence Reconfiguration Services	DEPT OF DEFENSE	2026-08-20T14:00:00+00:00			LOW		DATE 7. FOR SOLICITATION INFORMATION CALL: a. NAME b. TELEPHONE NUMBER (No collect calls) 8. OFFER DUE DATE/ LOCAL TIME 9. ISSUED BY 13b. RATING 14. METHOD OF SOLICITATION CODE 15. DELIVER TO 16. ADMINISTERED BY CODE 18a. PAYMENT WILL BE MADE BY CODE17a. CONTRACTOR/ OFFEROR CODEFACILITY CODE CODE T…	nd Technology Special Publication 800-115 (32 CFR 170.21). (b) . The Cybersecurity Maturity Model Certification (CMMC) is a framework for assessing a contractor's compliance with applicable information Framework security protections (see 32 CFR part 170). (c) . The CMMC assessments will not duplica…	batch-080.json
807	US-SAM:77786624fa294923becb6423950e05ea	N--Sources Sought - Temporary Mobile Security Camera	INTERIOR, DEPARTMENT OF THE	2026-08-21T19:00:00+00:00			LOW		===== FILE: files/Statement_of_Work_for_VCS_Temp__Cameras_1.pdf ===== Statement of Work Temporary Mobile Security Camera System Location: Visitor Contact Station Purpose The Bureau of Land Management (BLM) requires a temporary mobile security camera system to safeguard the completed building and su…		batch-080.json
808	ZA_ETENDERS_OCDS:ocds-9t57fa-165445-2026-08-13	SMT01-26-27	Swellendam Municipality	2026-09-04T11:00:00+00:00		ZAR	LOW		===== FILE: files/SMT01-26-27_Advert.pdf ===== SWELLENDAM MUNICIPALITY TENDER NO: SMT01-26-27 PROVISION OF AN INTEGRATED SOFTWARE SOLUTION FOR AN ELECTRONIC RECORDS DOCUMENT MANAGEMENT SYSTEM AND OTHER RELATED SERVICES FOR THREE (3) YEARS. Official bid documents and specifications are obtainable fr…		batch-080.json
809	US-SAM:c3c44a0eb7f548b2b1e704803eacbd06	T099--Interactive Wayfinding Maps Service	VETERANS AFFAIRS, DEPARTMENT OF	2026-08-21T17:00:00+00:00			LOW		tted electronically in accordance with VAAR Clause 852.232-72 Electronic Submission of Payment Requests. ACKNOWLEDGMENT OF AMENDMENTS: The offeror acknowledges receipt of amendments to the Solicitation numbered and dated as follows: B.2 PRICE/COST SCHEDULE ITEM INFORMATION SECTION C - CONTRACT CLAU…	by reference (by Citation Number, Title, and Date), have the same force and effect as if they were given in full text. Upon request, the Contracting Officer will make their full text available. The following clauses are incorporated into 52.212-4 as an addendum to this contract: C.2 52.217-8 OPTION…	batch-080.json
810	US-SAM:819704cd1534468bba09f60edfc1eb0c	Snow Removal Services at Coast Guard Academy	HOMELAND SECURITY, DEPARTMENT OF	2026-08-18T16:00:00+00:00			LOW		ICITATION INFORMATION CALL: a. NAME b. TELEPHONE NUMBER (No collect calls) 8. OFFER DUE DATE/ LOCAL TIME 9. ISSUED BY 13b. RATING 14. METHOD OF SOLICITATION CODE 15. DELIVER TO 16. ADMINISTERED BY CODE 18a. PAYMENT WILL BE MADE BY CODE17a. CONTRACTOR/ OFFEROR CODE FACILITY CODE CODE TELEPHONE NUMBE…	- 6:00 pm ET LIST OF ATTACHMENTS Attachment 1: Pavement Snow Removal Areas Attachment 2: Snow Removal Check-Off Sheet Attachment 3: Cadet Memorial Field Diagram Attachment 4: PWS Attachment 5: Wage Determination 2015-4111 Attachment 6: Pricing Sheet Template 52.217-8 OPTION TO EXTEND SERVICES (NOV …	batch-080.json
811	US-SAM:de71fa11ee6e492f8ede05197364b59a	1945--PERRY POINT EZ DOCK "BRAND NAME ONLY" OEM LETTER FROM THE MANUFACTURER IS REQUIRED. IF NO OEM LETTER VENDOR WILL BE CONSIDERED NON-RESPONSIVE.	VETERANS AFFAIRS, DEPARTMENT OF	2026-08-21T19:00:00+00:00			LOW		arch Database: https://search.certifications.sba.gov/, at the time of receipt of quotes and at the time of award. The Department of Veterans Affairs, Network Contracting Office 5, Perry Point VA Medical Center, Avenue D & 8th Street, Perry Point MD 21902 is soliciting quotations from all businesses…	DESCRIPTION | AGENCY CONTACT’S EMAIL ADDRESS | EMAIL DESCRIPTION | Document Type: | Combined Solicitation/Synopsis Solicitation Number: | 36C24526Q0785 Posted Date: | Monday, August 17, 2026 Response Date: | Friday, August 21, 2026 Product or Service Code: | 1945 Set Aside: | N/A (Full & Open). NAI…	batch-081.json
812	US-SAM:136fa71a06624d78a215ed051264a8f1	Supply of Professional, Heavy-Duty Kitchen Appliances	STATE, DEPARTMENT OF	2026-09-11T16:00:00+00:00			LOW		===== FILE: files/Attachment_1_-_Pricing_List_and_Specifications.xlsx ===== [SHEET Sheet1] CLIN | Description | Model | Suggested Brand | Unit of Measurement | Width | Depth | Height | Price in Euro 001 | Side table for dishwasher | BHHLU06 | Electrolux | mm | 600 | 600 | 910 | 002 | Heavy Duty DIS…	| mm | 1799 | 700 | 1000 | 022 | Freezer table 440 lt 3 doors | EH3KAAA | Electrolux | mm | 1799 | 700 | 900 | 023 | Automatic water softner for dishwasher | ADAU | Baluani | mm | 245 | 480 | 560 | 024 | Automatic water softner for dishwasher | ADAU | Baluani | mm | 245 | 480 | 560 | 025 | Automati…	batch-081.json
813	US-SAM:6a57358a65a14cbe85d4add79d96a60a	U.S. Embassy Canberra Welcome Kits	STATE, DEPARTMENT OF	2026-09-21T06:00:00+00:00			LOW		bed under FAR 4.1102. Failure to be registered at time of proposal submission may deem the offeror’s proposal to be considered non- responsible and no further consideration will be given. Therefore, offe rors are highly encouraged to register immediately if they are interested in submitting a respo…		batch-081.json
814	US-SAM:e9fde3eb91bf47ed88b0cc7217c127fd	H361--Triennial Electrical Inspection	VETERANS AFFAIRS, DEPARTMENT OF	2026-08-28T23:00:00+00:00			LOW	software-development,communications	===== FILE: files/36C26126Q1088_-_Solicitation_Document.docx ===== SECTION B - CONTINUATION OF SF 1449 BLOCKS B.1 PRICE/COST SCHEDULE ITEM INFORMATION Performance Work Statement (PWS) Tri-Annual Inspection, Testing, and Maintenance of Electrical Systems VA Central California Health Care System BACK…	and contains the person's name, or identifying number, symbol, or any other identifying particular assigned to the individual, such as a fingerprint or voiceprint, or a photograph. (3) "System of Records" means a group of any records under the control of any agency from which information is retriev…	batch-081.json
815	US-SAM:6559dc9c37634bacbda1128d7b46113c	OSC Security Locks at the Naval Foundry and Propeller Center (NFPC), Philadelphia, PA	DEPT OF DEFENSE	2026-08-20T15:00:00+00:00			LOW	training-course,software-resale	===== FILE: files/Exhibit_A_-_CRDL_A001.pdf ===== DD FORM 1423-1, FEB 2001 CONTRACT DATA REQUIREMENTS LIST (1 Data Item) PREVIOUS EDITION MAY BE USED. Form Approved OMB No. 0704-0188 The public reporting burden for this collection of information is estimated to average 110 hours per response, inclu…	the following shall apply: (i) Any such requirement is unenforceable against the Government. (ii) Neither the Government nor any Government authorized end user shall be deemed to have agreed to such requirement by virtue of it appearing in the Commercial Supplier Agreement. If the Commercial Suppli…	batch-081.json
816	US-SAM:f105e0165b3549639215aaeb1d980984	Notice of Intent to Sole Source - Synthetic Weapons Training System	DEPT OF DEFENSE	2026-08-27T23:00:00+00:00			LOW	software-resale	e WSTS will significantly reduce cost of conducting training and certification through significant reduction in expenditure of live ammunition. 3.4. The WSTS will be capable of quickly rolling out new fleet-wide standardization (e.g., CAT III) or enhancement in training capabilities without the ris…	rom individual sailors up to 15-20 sailor trainees at a time and 60 sailor trainees in a training day. 5.4.1. The Contractor shall be fully prepared to deploy, install, and maintain systems via an onsite FSR and 24/7 remote support as required by the U.S. Navy’s designated sites. 5.4.2. The system …	batch-081.json
817	US-SAM:bfb060b15eed47e99bac6edcb1baed44	Pistol Mounted Optic Systems	JUSTICE, DEPARTMENT OF	2026-09-01T18:00:00+00:00			LOW		ng Approved: Miniature Red-dot Sight Aimpoint ACRO P-2 Red Dot Reflex Sight & Glock MOS Mount Plate (BLACK) 3.5MOA 200691+200520 - MOS Plate. a. Contractor Name: TBD b. Estimated Amount: $ c. Recurring Requirement: Yes No d. Delivery Date: From: 9/30/2026 e. Description: Duty Handgun/Duty Optic 3. …	llary equipment (including imaging peripherals, input, output, and storage devices necessary for security and surveillance), peripheral equipment designed to be controlled by the central processing unit of a computer, software, firmware and similar procedures, services (including support services),…	batch-081.json
818	US-SAM:ce9535e220ee472a9917c8aaf8661821	Fort Eustis, VA Bldg. 950 (FCC) Signage Conversion Project	DEPT OF DEFENSE	2026-08-21T21:00:00+00:00			LOW	training-course	iption of Services/Introduction: 1.1.1 Canopy Conversion: This is a non-personal services contract to provide backer- mounted, illuminated Channel Lettering and Logos to the entrance canopy of Bldg 950, Ft Eustis, VA. 1.1.2 Monument Signs: This is a non-personal services contract to reface and refu…	it letters on backer ACM Abandoned electrical in canopy box from previous demo FCC / T2COM Canopy Signage NTS [SLIDE 3] Bldg 950 Monument Signs: Repair 5 stone/cement faces for Monument Signs for 950 Create and mount of permanent black metal lettering; with stand-offs. The branding logos and replac…	batch-081.json
819	US-SAM:1a0c6121ce1b49398df8047f7d273d1b	S--Wastewater Treatment Services for Yosemite NP	INTERIOR, DEPARTMENT OF THE	2026-08-19T00:00:00+00:00			LOW		===== FILE: files/B08_Solicitation_Attachment1_SOW.pdf ===== Attachment 01 Solicitation 140P8526Q0102 Page 1 of 4 Statement of Work California Certified Wastewater Treatment Services Yosemite National Park Objective: The National Park Service at Yosemite National Park has a requirement for a Califo…	Question: SF1449 lists El Portal WWTP (5083 Foresta Road, Bldg. 750) as the place of performance, but the SOW describes Wawona WWTP (4004 Chilnualna Falls Road). Please conﬁrm which plant the operator will work at, and whether any work is also required at Wawona WWTP or at any of the park’s other w…	batch-081.json
820	US-SAM:7455eceeed644e76a777180b628e827c	KS MARAIS des CYGNES NWR TREE PLANTING	INTERIOR, DEPARTMENT OF THE	2026-09-03T21:00:00+00:00			LOW		===== FILE: files/SOW_Tree_Planting_Marais_des_Cygnes_NWR.pdf ===== Tree Planting Project Marais des Cygnes National Wildlife Refuge 1. Project Purpose This project will replace native tree seedlings that were destroyed during a wildfire event affecting approximately 48 acres of the Refuge. The wor…	is received before award is made and the Contracting Officer determines that accepting the late offer would not unduly delay the acquisition. However, a late modification of an otherwise successful offer that makes its terms more favorable to the Government will be considered at any time it is rece…	batch-081.json
821	US-SAM:0a4e89a3eb7445d0b34539030f0bab55	Repair Fire Suppression Deficiencies at Parkwide L	INTERIOR, DEPARTMENT OF THE	2026-09-03T21:00:00+00:00			LOW		P8526Q0110 Attachment 01 Page 1 of 1 Contract Price Schedule National Park Service (NPS) Solicitation Number: 140P8526Q0110 PARK - PMIS: Yosemite National Park (Project Management Information System) Developed Area: Yosemite NP, Mariposa County, California Project Title: Repair Fire Suppression Def…	lready completed work by removing it or tearing it out, the Contractor, on request, shall promptly furnish all necessary facilities, labor, and material. If the work is found to be defective or nonconforming in any material respect due to the fault of the Contractor or its subcontractors, the Contr…	batch-082.json
822	US-SAM:5cef5dc6ea114386b20b7f467f974025	KS MARAIS DES CYGNES NWR VEGETATION TRIMMING AND C	INTERIOR, DEPARTMENT OF THE	2026-08-30T21:00:00+00:00			LOW		===== FILE: files/SOW_Trail_and_Levee_Clearing_Marais_des_Cygnes_NWR.pdf ===== Trail and Levee Tree Clearing Marais des Cygnes National Wildlife Refuge 1. Project Overview This project includes vegetation trimming, mulching, and clearing along 20,675 feet of designated trail and access routes withi…	is received before award is made and the Contracting Officer determines that accepting the late offer would not unduly delay the acquisition. However, a late modification of an otherwise successful offer that makes its terms more favorable to the Government will be considered at any time it is rece…	batch-082.json
823	US-SAM:e81cf71ac03040fca6fb5a21f22433e2	MULTIPLE EDUATIONAL SERVICES	INTERIOR, DEPARTMENT OF THE	2026-08-21T23:00:00+00:00			LOW		SOLICITATION INFORMATION CALL: a. NAME b. TELEPHONE NUMBER (No collect calls) 8. OFFER DUE DATE/ LOCAL TIME 9. ISSUED BY 13b. RATING 14. METHOD OF SOLICITATION CODE 15. DELIVER TO 16. ADMINISTERED BY CODE 18a. PAYMENT WILL BE MADE BY CODE17a. CONTRACTOR/ OFFEROR CODE FACILITY CODE CODE TELEPHONE NU…	NO. (A) QUANTITY (C) NSN 7540-01-152-8067 140A2326Q0239 Period of Performance: 08/24/2026 to 07/31/2027 00050 CONTRACT SERVICES - PTA Product/Service Code: Q518 Product/Service Description: MEDICAL- PHYSICAL MEDICINE/REHABILITATION Period of Performance: 08/24/2026 to 07/31/2027 00060 CONTRACT SERV…	batch-082.json
824	US-SAM:874eec35b5cd4d3fa980869f288cb446	7K20--PACS System Dental	VETERANS AFFAIRS, DEPARTMENT OF	2026-08-27T20:00:00+00:00			LOW		a solicitation. All information received in response to this RFI that is marked as proprietary will be handled accordingly. Responses to this notice are NOT offers and cannot be accepted by the Government to form a binding contract. Responders are solely responsible for all expenses associated with…	company take ownership or possession of the item(s) with its personnel, equipment or facilities in a manner consistent with industry practice? [ ] yes [ ] no Does your company supply the end item of a small business manufacturer, processor or producer made in the United States or obtains a waiver o…	batch-082.json
825	US-SAM:524bcad70a9f4c95bdc9b72426714ae4	Radio Frequency Power 18:1 Divider/Combiner	DEPT OF DEFENSE	2026-08-22T20:00:00+00:00			LOW		vided but would require UDLs if reverse engineering is performed. b) Is this RFI soliciting alternate sources to Anaren to increase competition for this item, or is Anaren no longer providing this item and the Government is thus seeking a new source for ongoing sustainment? Response: Anaren is now …	Data Package | Supplier shall deliver a 100% TDP in native CAD/CAE/CAM formats, and in 2-D PDF formats, including all custom and COTS parts. 3. Testing | The RFCBAs shall be tested to ensure compliance with FFF requirements detailed in the Technical Data Package (TDP). 4. Data Rights | Unlimited Da…	batch-082.json
826	US-SAM:be86d4570850466ab483c79e531d40e2	Powder X-Ray Diffraction (XRD) System	DEPT OF DEFENSE	2026-08-24T16:00:00+00:00			LOW	communications,training-course	===== FILE: files/Attachment_01_-_Provisions_and_Clauses.pdf ===== Page 1 of 18 DOCUMENT NUMBER FA700026Q0068 CLAUSES INCORPORATED BY REFERENCE CLAUSE NO ALT NO/ DEV NO CLAUSE TITLE YEAR- MO SECTION 252.203-7000 Requirements Relating to Compensation of Former DoD Officials. 2011-09 SEC I 252.203-70…	ng. 2. Technical Capability: Submit a technical description or product literature demonstrating that the offered equipment meets or exceeds all salient characteristics outlined in Section 2.1. 3. Past Performance Information: Provide a brief summary of past performance for similar equipment deliver…	batch-082.json
827	US-SAM:05a530111da446138c8091489d63c578	FY27 JPRA Propane	DEPT OF DEFENSE	2026-09-10T17:00:00+00:00			LOW	training-course	===== FILE: files/26QA254_SOW.pdf ===== S TATEMENT OF WORK FOR FY27 JPRA Propane Fairchild AFB, WA J une 2026 FA462026QA254 Attachment 1 - Statement of Work 1 of 2 S tatement of Work (SOW) For FY27 JPRA Propane 1. DESCRIPTION OF WORK: The Contractor shall provide all labor, material, equipment, and…		batch-082.json
828	US-SAM:7fa5b0e64f144497bbf81c0a4f5cb98f	FCI LA TUNA - 1st Qtr FY2027 - SUBSISTENCE, MEATS, CHEESE and MILK	JUSTICE, DEPARTMENT OF	2026-08-25T20:00:00+00:00			LOW	training-course	8500 DONIPHAN Rd Anthony, TX 79821 A. PErez (O) 915-791-9000 axperez@bop.gov CODE 15B51016. ADMINISTERED BY Federal Bureau of Prisons FCI La Tuna 8500 DONIPHAN Rd Anthony, TX 79821 Galo Morlet (O) 903-838-4587 gmorlet@bop.gov FACILITY CODE CODE TELEPHONE NUMBER 17a. CONTRACTOR/ OFFEROR BLATCODE18a.…	, or agent of the Contractor, including a sole proprietor, to waive his or her attorney client privelege or Fifth Amendment rights; or (iii) Restrict the Contractor from— 15B51027Q00000005 Page 23 of 51 (A) Conducting an internal investigation; or (B) Defending a proceeding or dispute arising under…	batch-082.json
829	US-SAM:ade504fa03ff49f7b4a5e6a7f92da9f6	Janitorial Services (El Paso, TX) *SECRET* Clearance Required	JUSTICE, DEPARTMENT OF	2026-09-16T14:00:00+00:00			LOW		OCK IS MARKED 12. DISCOUNT TERMS 13a. THIS CONTRACT IS A RATED ORDER UNDER THE DEFENSE PRIORITIES AND ALLOCATIONS SYSTEM - DPAS (15 CFR 700) 13b. RATING X REQUEST FOR QUOTE (RFQ) INVITATION FOR BID (IFB) REQUEST FOR PROPOSAL (RFP) 14. METHOD OF SOLICITATION CODE15. DELIVER TO CODE 15DDHQ16. ADMINIS…	med on Government holidays must be billable only for the actual hours worked. 4.4 SCHEDULE CHANGES Contractor must submit changes one (1) workday in advance (written) Requires COR approval Government may adjust schedule as needed. [10] 5.0 SUPERVISION 5.1 Upon the contract's award, the Contractor i…	batch-082.json
830	US-SAM:84374b87bda242e6910a07e25de19efe	OFF-SITE LAUNDRY SERVICES - USMMA	TRANSPORTATION, DEPARTMENT OF	2026-08-28T18:30:00+00:00			LOW		SOLICITATION INFORMATION CALL: a. NAME b. TELEPHONE NUMBER (No collect calls) 8. OFFER DUE DATE/ LOCAL TIME 9. ISSUED BY 13b. RATING 14. METHOD OF SOLICITATION CODE 15. DELIVER TO 16. ADMINISTERED BY CODE 18a. PAYMENT WILL BE MADE BY CODE17a. CONTRACTOR/ OFFEROR CODE FACILITY CODE CODE TELEPHONE NU…	MA) is a federal service academy that educates and graduates licensed Merchant Marine officers of exemplary character who serve America’s marine transportation and defense needs in peace and war. Section 2 – Objective The U. S. Merchant Marine Academy (USMMA) requires off-site laundry/cleaning serv…	batch-082.json
831	US-SAM:35ee438afeeb495aaafd77f613618576	Security Assistance Mentors and Cultural Advisors (SAMA) SAMA 3.0 for USMILGP-Iraq	DEPT OF DEFENSE	2026-08-18T19:00:00+00:00			LOW		Development • Communications • Planning and Operations • Infrastructure Management • Intelligence • Executive Development Contractor personnel shall assist the military and government personnel assigned to USMILGP - Iraq in the assessment of MoD, CTS or MoPA processes, policies, and systems and the…	or not, is a “defect”. The preferred course of action upon discovery of unacceptable service is to require the Contractor to re-perform at no additional cost to the 5 Government. If the Contractor’s re-performance does not meet the thresholds in the QASP, QCP or the quality stipulated in any other …	batch-083.json
832	US-SAM:6488e505ae9a4231966ecf70086d128f	NOTICE OF THE GOVERNMENT�S INTENT TO ISSUE A SOLE SOURCE AWARD CONTRACT TO A-Z MEDICAL SERVICES, PLLC FOR NURSE STAFFING SUPPORT SERVICES	DEPT OF DEFENSE	2026-08-24T15:00:00+00:00			LOW			August 17, 2026 THIS IS NOT A REQUEST FOR QUOTES. THIS IS A NOTICE OF THE GOVERNMENT’S INTENT TO ISSUE A SOLE SOURCE AWARD CONTRACT TO A-Z MEDICAL SERVICES, PLLC FOR NURSE STAFFING SUPPORT SERVICES The United States Department of War (DoW), Washington Headquarters Services, Acquisition Directorate …	batch-083.json
833	US-SAM:e9182c362f1546ee94a79d8e47fb9848	High-Performance Quantum Scalar Magnetometers	DEPT OF DEFENSE	2026-08-24T16:00:00+00:00			LOW	communications,training-course	===== FILE: files/Attachment_01_-_Provisions_and_Clauses.pdf ===== Page 1 of 6 DOCUMENT NUMBER FA700026Q0063 CLAUSES INCORPORATED BY REFERENCE CLAUSE NO ALT NO/ DEV NO CLAUSE TITLE YEAR- MO SECTION 252.203-7000 Requirements Relating to Compensation of Former DoD Officials. 2011-09 SEC I 252.203-700…	cedures of FAR part 25. (End of provision) OFFEROR SIGNATURE BLOCK Reference: FAR 52.225-2 | Effective Date: October 2022 Type: Solicitation Provision | Applicability: Buy American — Supplies Line Item No. | Country of Origin | Exceeds 55% Domestic Content (Yes/No) | | | | | | Line Item No(s).: | C…	batch-083.json
834	ZA_ETENDERS_OCDS:ocds-9t57fa-165478-2026-08-13	TPT/2026/05/0512/5942/RFP	Transnet SOC Ltd	2026-08-27T02:00:00+00:00		ZAR	LOW		ELDING MACHINES HIRE SERVICES AT THE PORT OF PORT ELIZABETH TERMINALS AT TRANSNET SOC LIMITED (REG. NO. 1990/000900/30) OPERATING AS TRANSNET PORT TERMINALS (HEREINAFTER REFERRED TO AS “TPT”) AT THE PORT ELIZABETH BULK ORE TERMINAL (PEBOT) FOR A PERIOD OF OF 36 MONTHS ISSUE DATE: CLOSING DATE: CLOS…	ked bidder , provided that he/she is still prepared to provide the required Goods/Services at the quoted price, should the preferred bidder fail to sign or commence with the contract within a reasonable period after being requested to do so . Under such circumstances, the validity of the bids of th…	batch-083.json
835	US-SAM:bb536097a58e47bd871b7692d9e98fe4	Casualty Administrative Support Services (CASS)	DEPT OF DEFENSE	2026-09-02T14:00:00+00:00			LOW		this notice, please provide: 1. Name of the firm, point of contact, phone number, email address, UEI number, CAGE code, a statement regarding small business status (including small business type(s)/certifications(s) such as SDB, 8(a), HUBZone, SDVOSB, WOSB, etc.) and the corresponding NAICS code. 2…	l Claims 5.3.1.1.The contractor shall examine documents (vouchers, incoming invoices, receiving reports, business statements, claims, requisitions, requests for payment, and other official federal and DoD forms) requiring special handling. 5.3.1.2.The contractor shall ensure clerical correctness of…	batch-083.json
836	US-SAM:cdb59dc8856d4f34a9d89c8577ee95ca	JMC Joint Planning Support Services	DEPT OF DEFENSE	2026-08-31T14:00:00+00:00			LOW		rmy Capability Developers, and sponsored commercial entities for entry into the Army’s Joint/Multinational capstone exercises in the Army Experimentation Enterprise. Project Convergence (PC) and Joint Warfighting Assessment (JWA) provide the opportunity for all participants to conduct live, virtual…	tice of Limitations stated by Defense imagery Management operations Center and contained at www.dimoc.mil/resources/limitations, the Contractor shall not cite any information (e.g., contract information, pictures, locations, etc.) obtained through this contract on any hard copy or digital marketing…	batch-083.json
837	US-SAM:8b93f91fce6c4637a3d563c38f79e58f	Staff Augmentation	DEPT OF DEFENSE	2026-08-26T03:59:00+00:00			LOW		===== FILE: files/FAQs.pdf ===== Does Table 1 represent the complete and ﬁnal minimum staffing requirement, or will a separate Technical Exhibit supersede or supplement Table 1? Yes Question: Will the Government provide detailed education, experience, certiﬁcation, and specialized skill requirement…	y and FTE? Yes 2. Will each position have a separate CLIN or sub-CLIN? Yes 3. Will monthly payments be adjusted for vacancies or absences? Yes 4. Will the contractor invoice only for hours actually worked? Yes 5. How will PTO, sick leave, Government closures, and training time be treated under the …	batch-083.json
838	US-SAM:7810917543a04090b457df9ef0bc0b7b	Staff Augmentation	DEPT OF DEFENSE	2026-08-25T16:00:00+00:00			LOW		===== FILE: files/FAQs.pdf ===== Does Table 1 represent the complete and ﬁnal minimum staffing requirement, or will a separate Technical Exhibit supersede or supplement Table 1? Yes Question: Will the Government provide detailed education, experience, certiﬁcation, and specialized skill requirement…	y and FTE? Yes 2. Will each position have a separate CLIN or sub-CLIN? Yes 3. Will monthly payments be adjusted for vacancies or absences? Yes 4. Will the contractor invoice only for hours actually worked? Yes 5. How will PTO, sick leave, Government closures, and training time be treated under the …	batch-083.json
839	US-SAM:fc41257d56b4401a883fe8e6b5d59f84	Off-Site Trash Disposal Service & Support at Northwest Annex, Chesapeake, VA	DEPT OF DEFENSE	2026-08-25T16:00:00+00:00			LOW	systems-integration,training-course	ISSUE DATE 7. FOR SOLICITATION INFORMATION CALL: a. NAME b. TELEPHONE NUMBER 1RFROOHFW 8. OFFER DUE DATE/ LOCAL TIME 9. ISSUED BY 13b. RATING 14. METHOD OF SOLICITATION CODE 15. DELIVER TO 16. ADMINISTERED BY CODE 18a. PAYMENT WILL BE MADE BY CODE17a. CONTRACTOR/ OFFEROR CODE FACILITY CODE CODE T…	'EB;<5<G<BABA AG8EEB:4G<BAB9 8G4<A88F5LBAGE46GBE '8EFBAA8?       +E4AFCBEG4G<BAB9*HCC?<8F5L *84    )?4HF8F A6BECBE4G875L H??+8KG %H@58E +<G?8 9986G<I8 4G8 ?G8EA4G8 8I<4G<BA -4E<4G<BA 9986G<I8 4G8     &CG<BAGB KG8A7*8EI<68F  Option to Extend Ser…	batch-083.json
840	US-SAM:903abeffc83e449287060acb5018594d	Staff Augmentation	DEPT OF DEFENSE	2026-08-26T03:59:00+00:00			LOW		===== FILE: files/FAQs.pdf ===== Does Table 1 represent the complete and ﬁnal minimum staffing requirement, or will a separate Technical Exhibit supersede or supplement Table 1? Yes Question: Will the Government provide detailed education, experience, certiﬁcation, and specialized skill requirement…	y and FTE? Yes 2. Will each position have a separate CLIN or sub-CLIN? Yes 3. Will monthly payments be adjusted for vacancies or absences? Yes 4. Will the contractor invoice only for hours actually worked? Yes 5. How will PTO, sick leave, Government closures, and training time be treated under the …	batch-083.json
841	WORLD-BANK:OP00007826	National Program for Community Empowerment in Urban Areas (PNPM UPP)					LOW				batch-084.json
842	WORLD-BANK:OP00001528	Development of Emergency Medical Services and Investment Planning Project					LOW				batch-084.json
