rank	candidate_id	title	buyer	deadline	value	currency	band	reasons	scope_dce	deep_batch
1	TED:570642-2026	Germany – Security software package – Erneuerung Citrix NetScaler (Web Application Firewall) im SAP-Kontext	Technische Universität Darmstadt	2026-09-04T23:59:59+02:00			HOT	web-application	n erbetenen, personenbezogenen Angaben werden im Rahmen des Vergabeverfahrens verarbeitet und gespeichert. Ihre Angaben sind Voraussetzung f	batch-000.json
2	TED:571314-2026	Belgium – Mapping software development services – Développement d’un outil de prévision et de notification de risques de crues soudaines par ruissellement	Service public de wallonie	2026-09-08T12:00:00+02:00			GOOD	software-development	juillet 2026 par la Ministre Préambule Ce document se compose de 3 parties : Partie 1 : les clauses administratives essentielles pour permet	batch-000.json
3	TED:571964-2026	Ireland – IT services: consulting, software development, Internet and support – Website and App Accessibility Audit Solution	Department of Housing Local Government and Heritage	2026-09-08T12:00:00+01:00	350000.0	EUR	GOOD	software-development,it-services	===== FILE: files/2192_8860090_unpacked/1_Website and App Accessibility RFT Final.pdf ===== Request for Tenders dated 17th August 2026 for t	batch-000.json
4	TED:570451-2026	Ireland – IT services: consulting, software development, Internet and support – 9191 INTERNAL COMMUNICATIONS PLATFORM	Iarnród Eireann-Irish Rail	2026-09-04T12:00:00+01:00	850000.0	EUR	GOOD	software-development,it-services	of Notices #Addenda ID 1 Status Published Title Contract notice - sectoral directive, standard regime File Associated :<8854762_Contract not	batch-000.json
5	TED:571373-2026	Ireland – Software supply services – 369-26 Single Party Framework Agreement for Veterinary Clinical Skills, Simulation and Immersive Learning Platform for Atlantic Technological University	Atlantic Technological University	2026-09-07T12:00:00+01:00	1500000.0	EUR	GOOD	e-learning	lection criteria, minimum rules and weightings specified in the Qualification Questionnaire. Applicants should note the following conditions	batch-000.json
6	TED:569485-2026	Germany – IT services: consulting, software development, Internet and support – Rahmenvertrag für Wartung, Support und Weiterentwicklung der bei IT.NRW bestehenden Jitsi-Umgebung	Landesbetrieb Information und Technik NRW	2026-09-09T23:59:59+02:00			GOOD	software-development,it-services	der Angebotsfrist Ende der Bindefrist 09.09.2026 18.09.2026, 12:00 Uhr 30.11.2026 Anfrage zur Angebotsabgabe ☐ Ihr Teilnahmeantrag/Ihre Inte	batch-000.json
7	TED:571338-2026	Germany – IT services: consulting, software development, Internet and support – ISGA-Portal Weiterentwicklung und Support	Landesamt für Umwelt	2026-08-19T23:59:59+02:00			GOOD	software-development,it-services	www.lfu.rlp.de 17.08.2026 Mein Aktenzeichen LfU_13_15/2026 Bitte immer angeben! Ihr Schreiben vom Ansprechpartner/-in / E-Mail Telefon / Fax	batch-000.json
8	IE:8853905	369-26 Single Party Framework Agreement for Veterinary Clinical Skills, Simulation and Immersive Learning Platform for Atlantic Technological University	Atlantic Technological University	2026-09-17T12:00:00+01:00		EUR	GOOD	e-learning	lection criteria, minimum rules and weightings specified in the Qualification Questionnaire. Applicants should note the following conditions	batch-000.json
9	ZA_ETENDERS_OCDS:ocds-9t57fa-165796-2026-08-17	SENT/022/2026-27	Sentech Limited	2026-09-08T12:00:00+00:00		ZAR	GOOD	website-development	ustrial Participation Programme.pdf ===== SBD 5 This document must be signed and submitted together with your bid THE NATIONAL INDUSTRIAL PA	batch-000.json
10	US-SAM:567967df0d8441948217f01fd22135ec	R/V Caretta Shipyard Repairs	COMMERCE, DEPARTMENT OF	2026-08-31T19:00:00+00:00			GOOD	web-portal	SOLICITATION INFORMATION CALL: a. NAME b. TELEPHONE NUMBER (No collect calls) 8. OFFER DUE DATE/ LOCAL TIME 9. ISSUED BY 13b. RATING 14. MET	batch-000.json
11	ZA_ETENDERS_OCDS:ocds-9t57fa-165790-2026-08-17	IZIKO-RFQ-R and E 17/08/2026	Iziko Museums of Cape Town	2026-09-01T11:00:00+00:00		ZAR	GOOD	graphic-design	in every respect: 3.1. I have read and I understand the contents of this disclosure; 3.2. I understand that the accompanying bid will be dis	batch-001.json
12	US-SAM:1fee13009b544bd5b57d2afca7d94a4f	SV26.2 Linehaul, MHE, AGWASH Services	DEPT OF DEFENSE	2026-08-18T21:00:00+00:00			GOOD	it-training,lms	rrival timeline and the subsequent movement of assets from Tarapoto Airport to the 5th BDE HQ. The ﬁve (5) separate one-day operations refer	batch-001.json
13	ZA_ETENDERS_OCDS:ocds-9t57fa-165330-2026-08-12	RFQ/021/2026/27	BRAND RSA	2026-08-19T16:00:00+00:00		ZAR	GOOD	brand-identity,training-services	ess and the non-government sector. Brand South Africa 103 Central Street, Houghton, Gauteng, South Africa | PO Box 87168, Houghton, 2041, Ga	batch-001.json
14	US-SAM:9e82a4b5a8f04ebc9edf09438564a6f7	EUR/Athens - Electric Scissor and Compact Crawler Boom Lifts	STATE, DEPARTMENT OF	2026-09-04T11:00:00+00:00			GOOD	e-learning	TO CODE 16 . ADMINISTERED BY CODE Same as block 9 Same as block 7(a) 17a. CONTRACTOR / CODE OFFEROR FACILITY CODE 18a. PAYMENT WILL BE MADE 	batch-001.json
15	US-SAM:57783181490543c2a97d9cd1518f7925	DA01--Software maintenance and support services for existing MyPath tools in support of VA Puget Sound Healthcare System, Seattle, WA	VETERANS AFFAIRS, DEPARTMENT OF	2026-08-27T19:00:00+00:00			GOOD	software-development,software-maintenance	RAM EDWOSB 8(A) NAICS: SIZE STANDARD: 11. DELIVERY FOR FOB DESTINA- TION UNLESS BLOCK IS MARKED SEE SCHEDULE 12. DISCOUNT TERMS 13a. THIS CO	batch-001.json
16	US-SAM:7361373b14f2436c9502fe899e9ad9bb	Khufu - Hybrid Capture Genotyping Service	AGRICULTURE, DEPARTMENT OF	2026-08-21T19:00:00+00:00			GOOD	e-learning	===== FILE: files/ATTACHMENT_1_SOW_1232SA26Q1231.pdf ===== Statement of Work (SOW) USDA / Twist Bioscience / HudsonAlpha Sorghum Genomics Pr	batch-001.json
17	US-SAM:f7294e1580cb49f699ffea7261e93d4b	SV26.2 Air Conditioner Rental	DEPT OF DEFENSE	2026-08-19T21:00:00+00:00			GOOD	it-training,lms	ting your offer Company Name: Unique Entity Identifier: ______________________ FAR 52.212-1, Instructions to Offerors—Commercial Products an	batch-001.json
18	TED:569364-2026	Ireland – Computer support and consultancy services – Merchant Quay Ireland- Request for Tenders for The Provision of Unit4 ERP Implementation, Hypercare And Application Support Services.	Merchants Quay Ireland CLG	2026-08-21T12:00:00+01:00	200000.0	EUR	GOOD	application-support	and ("MQI") invites tenders ("Tenders") in response to this Request for Tenders ("RFT") from economic operators ("Tenderers") for the provis	batch-001.json
19	US-SAM:ac66c360b1d44c1faa5dc428f78de8f6	Roof Repairs - National Center for Cool and the Cold-Water Aquaculture (NCCCWA)	AGRICULTURE, DEPARTMENT OF	2026-08-19T16:00:00+00:00			GOOD	it-training	===== FILE: files/ATTACHMENT_1_-_STATEMENT_OF_WORK.pdf ===== ROOF REPAIRS National Center for Cool and Cold-Water Aquaculture (NCCCWA) 11861	batch-001.json
20	ZA_ETENDERS_OCDS:ocds-9t57fa-165682-2026-08-14	KZN/PRASA/2026/08/06/Q	Passenger Rail Agency of South Africa	2026-08-27T12:00:00+00:00		ZAR	MAYBE	it-training	===== FILE: files/MAster RFQ For ISO 9001 INTERNAL AUDIT TRAINING.pdf ===== RFQ NUMBER: KZN/PRASA/2026/08/06/Q REQUEST FOR QUOTATION (RFQ): 	batch-001.json
21	US-SAM:3f7fef3cc8a0419e96d234b9eac368d4	Predictive Lake Analytics Nextgen eXchange Services (PLANXS)	HOMELAND SECURITY, DEPARTMENT OF	2026-09-16T00:00:00+00:00			MAYBE	e-learning,digital-services	er future orders. 1 In this document, citations to, RFO Part 16, RFO Part 10, RFO Part 11 and RFO Part 15 are citations specifically to Fede	batch-002.json
22	US-SAM:e2808a005aa340e2bbff9b670ea21fd5	R--Physical Security Services, Coos Bay District BLM,	INTERIOR, DEPARTMENT OF THE	2026-08-21T21:00:00+00:00			MAYBE	software-development	ITED STATES OF AMERICA (Signature of Contracting Officer) Previous edition unusable PAGESOF Contractor The hour and date specified for recei	batch-002.json
23	TED:570386-2026	France – Statutory audit services – Accord-cadre de prestations de co-commissariat aux comptes dans le cadre d'un mandat pour les exercices comptables 2027 à 2032 de France Travail	FRANCE TRAVAIL - DG	2026-10-09T00:00:00+02:00	7785375.0	EUR	MAYBE	it-services	hnique. Ce Cadre est exhaustif : toutes les fiches et rubriques doivent être renseignées par le candidat qui n’a pas à produire d’autres inf	batch-002.json
24	US-SAM:0cff72605f064bb485f3e62cb15ed239	ayData Software Services	DEPT OF DEFENSE	2026-08-19T18:00:00+00:00			MAYBE	software-services	DATE 7. FOR SOLICITATION INFORMATION CALL: a. NAME b. TELEPHONE NUMBER (No collect calls) 8. OFFER DUE DATE/ LOCAL TIME 9. ISSUED BY 13b. RA	batch-002.json
25	TED:570271-2026	Moldova – Education and training services – Provisions of Regional Consultants services under the Project Development and Management Team supporting the State Chancellery in the Public Admin	Solidarity Fund PL, Moldova Branch	2026-09-11T10:00:00+03:00			MAYBE	training-services	and Management Team supporting the Public Administration Reform process in the Republic of Moldova. II. Lots The procurement procedure is di	batch-002.json
26	US-SAM:1f2262deedef45e5a648720dabdb3c3b	ROUND BAR	DEPT OF DEFENSE	2026-08-19T18:00:00+00:00			MAYBE	training-course	DATE 7. FOR SOLICITATION INFORMATION CALL: a. NAME b. TELEPHONE NUMBER (No collect calls) 8. OFFER DUE DATE/ LOCAL TIME 9. ISSUED BY 13b. RA	batch-002.json
27	ZA_ETENDERS_OCDS:ocds-9t57fa-165372-2026-08-13	RFP-HO-06-2026	South African Human Rights Commission	2026-08-25T11:00:00+00:00		ZAR	MAYBE	public-relations	ies. • Develop Brand Strategy: Define the brand's purpose, positioning, personality, and core messaging. • C reate brand voice and messaging	batch-002.json
28	US-SAM:02c44e3a1e804ab295e23a1535c2d562	66--Brand Name or Equal: Echo 81 Ping DSP i3DSS Payloa	INTERIOR, DEPARTMENT OF THE	2026-08-31T18:00:00+00:00			MAYBE	software-development,it-services,training-services	RTANT: This is a request for information and quotations furnished are not offers. If you are unable to quote, please so indicate on this for	batch-002.json
29	US-SAM:56b9189307a44f209d41806d1d5b4013	Brand Name or Equal: Echo 81 Ping DSP i3DSS Payloa	INTERIOR, DEPARTMENT OF THE	2026-08-31T18:00:00+00:00			MAYBE	software-development,it-services,training-services	RTANT: This is a request for information and quotations furnished are not offers. If you are unable to quote, please so indicate on this for	batch-002.json
30	ZA_ETENDERS_OCDS:ocds-9t57fa-165405-2026-08-12	RFP OW-011/2026/27	Overberg Water	2026-09-04T12:00:00+00:00		ZAR	MAYBE	it-services	===== FILE: files/RFP 0W-011202627 Internal Audit.pdf ===== BID NUMBER – RFP 0W-011/2026/27 CLOSING DATE: 04th SEPTEMBER 2026 REQUEST FOR PR	batch-002.json
31	US-SAM:a54220add1ad4db185e19653241feea8	3D LiDAR AND SMARTPHONE-BASED PLATFORMS FOR MOTOR VEHICLE TRAFFIC DATA	TRANSPORTATION, DEPARTMENT OF	2026-08-19T15:00:00+00:00			MAYBE	communications	w r="6" spans="1:3" ht="31.5" x14ac:dyDescent="0.25"><c r="A6" s="12"><v>5</v></c><c r="B6" s="7" t="s"><v>8</v></c><c r="C6" s="8" t="s"><v	batch-003.json
32	US-SAM:acba7a65618c4aae82c156aa1c8e0f04	Conference Room DVLED Audio and Video System Upgrade	DEPT OF DEFENSE	2026-08-25T17:00:00+00:00			MAYBE	communications,training-course	===== FILE: files/Bill_of_Material_Redacted.pdf ===== Brand Name or Equal ===== FILE: files/Clauses.pdf ===== Page 1 of 23 DOCUMENT NUMBER F	batch-003.json
33	US-SAM:97ec79a9bab14694a4a7b090645c3885	Conference Room DVLED Audio and Video System Upgrade	DEPT OF DEFENSE	2026-08-25T17:00:00+00:00			MAYBE	communications,training-course	===== FILE: files/Bill_of_Material_Redacted.pdf ===== Brand Name or Equal ===== FILE: files/Clauses.pdf ===== Page 1 of 23 DOCUMENT NUMBER F	batch-003.json
34	US-SAM:31bd9407e6174aae97be4c0716eb1eed	Water Refill Stations (Guam)	DEPT OF DEFENSE	2026-08-20T01:00:00+00:00			MAYBE	communications,training-course	===== FILE: files/Attachment_1-_Statement_of_Work.pdf ===== STATEMENT OF WORK 644 Combat Communications Squadron (644 CBCS) Water Refill Sta	batch-003.json
35	UK_PCS_OCDS:rls-14-AUG561570	Provision of 2026 Refit Services MV Thorsvoe	Orkney Islands Council	2026-09-04T12:00:00+00:00	170000.0	GBP	MAYBE	it-services	you require any additional documents? Notice Details Introduction Full Notice Text Further Info Contact Info Coding Title: Provision of 2026	batch-003.json
36	TED:569744-2026	Croatia – Telecommunications services – ELEKTRONIČKE KOMUNIKACIJSKE USLUGE U POKRETNOJ MREŽI	GRAD ZAGREB	2026-08-31T10:00:00+02:00	3015329.7	EUR	MAYBE	communications		batch-003.json
37	TED:570646-2026	Latvia – Public relations services – Sociālās kampaņas “neJAUCIES svešās darīšanās” izstrāde	Valsts izglītības attīstības aģentūra	2026-09-07T10:00:00+02:00			MAYBE	public-relations		batch-003.json
38	US-SAM:97909f212e4641a9a19a4fc113a1f95d	31 FSS Laundry and Dry-Cleaning Services, Aviano AB, Italy	DEPT OF DEFENSE	2026-08-28T14:00:00+00:00			MAYBE	training-course	(MO) no later than the 3rd workday of the following month. 1.2.2. Counting of items to be laundered will be accomplished by the government p	batch-003.json
39	US-SAM:1e184e9cb5c845bdba4db6656e8a1576	Sports Officiating and Scorekeeping Services IDIQ	DEPT OF DEFENSE	2026-09-08T22:00:00+00:00			MAYBE	training-course	SEE SCHEDULE 12. DISCOUNT TERMS 13a.THIS CONTRACT IS A RATED ORDER UNDER THE DEFENSE PRIORITIES AND ALLOCATIONS SYSTEM-DPAS (15 CFR 700) 13b	batch-003.json
40	US-SAM:18f2a8b45bac42519673117b5662b398	Control Box, Electrical	DEPT OF DEFENSE	2026-09-16T19:00:00+00:00			MAYBE	training-course	===== FILE: files/26-00968_Synopsis.pdf ===== PR Number(s): FD20302600968PLN Line Item: 0001 NSN: 1660011408406 NOUN: CONTROL BOX, ELECTRI P	batch-003.json
41	US-SAM:a1797ae680a343188a90fcbf7fdf78c9	Cable Assembly	DEPT OF DEFENSE	2026-09-01T00:00:00+00:00			MAYBE	training-course	r schedules. If no response is received during the required response time, the contractor self-attests order acceptance as is. A-19. Long Le	batch-004.json
42	US-SAM:b8ef186f5b704a80ad251c3d157f9fe3	Repair Aircraft Handler and Battery Replacement	DEPT OF DEFENSE	2026-08-27T02:00:00+00:00			MAYBE	training-course	===== FILE: files/Attachment_1_-_Performance_of_Work_Statement_FA527026QB028.pdf ===== PERFORMANCE WORK STATEMENT (PWS) 18 AMXS 67 AMU [x4 A	batch-004.json
43	US-SAM:6cc9a376142743d498492578fca89e59	Moving Services	DEPT OF DEFENSE	2026-08-19T16:00:00+00:00			MAYBE	training-course	or must provide employees with 1 hour of paid sick leave for every 30 hours they work, up to 56 hours of paid sick leave each year. Employee	batch-004.json
44	US-SAM:e69f6555505249e5bda6dd94dfb65a96	Mobile Radio Installation	DEPT OF DEFENSE	2026-08-24T16:00:00+00:00			MAYBE	training-course	DATE 7. FOR SOLICITATION INFORMATION CALL: a. NAME b. TELEPHONE NUMBER (No collect calls) 8. OFFER DUE DATE/ LOCAL TIME 9. ISSUED BY 13b. RA	batch-004.json
45	US-SAM:53ba3b21ee354f23a73658e1f34f3ffd	Audio and Video Upgrade	DEPT OF DEFENSE	2026-08-31T19:00:00+00:00			MAYBE	communications,training-course	===== FILE: files/Audio_and_Video_combo_282_29.pdf ===== Submission Instructions Your quote must be submitted as a single PDF document and m	batch-004.json
46	ZA_ETENDERS_OCDS:ocds-9t57fa-165669-2026-08-14	RFQ15/08/2026	Enoch Mgijima Local Municipality	2026-08-20T12:00:00+00:00		ZAR	MAYBE	workshop	__ TENDER AMOUNT: ______________________________________________________ REQUEST FOR QUOTATION: RFQ15/08/2026 2 RFQ15/08/2026 SUPPLY AND INS	batch-004.json
47	US-SAM:1b1b678dfd5440a68343030518e40e2a	J--GC26 FIRE ALARM SYSTEM REPLACEMENT	INTERIOR, DEPARTMENT OF THE	2026-08-31T18:00:00+00:00			MAYBE	workshop	===== FILE: files/00_00_01_Specifications_GC_FIre_sytem_Replacement.pdf ===== U.S. Department of the Interior AUGUST 2023 Glen Canyon Powerp	batch-004.json
48	ZA_ETENDERS_OCDS:ocds-9t57fa-165726-2026-08-14	EWSETA/RFQ/026/2026-27	Energy and Water Sector Education and Training Authority	2026-08-21T13:00:00+00:00		ZAR	MAYBE	workshop	ent. In this context, EWSETA is keen to form sustainable partnerships and/or collaborations that will further promote its support for transf	batch-004.json
49	US-SAM:a510a0e31d404f1c84f62ba4b4366182	NSN:1660-01-210-6728BO NOUN:REGULATOR,OXYGEN,DE	DEPT OF DEFENSE	2026-09-01T20:00:00+00:00			MAYBE	training-course	USED/OVERHAULED C O M M L S U R P L U S NEW/UNUSED NEW/RECONDITIONED NEW/MODIFIED USED/OVERHAULED SURPLUS EVALUATION CRITERIA (If Section 11	batch-004.json
50	US-SAM:0ca6c1ed90bd40cb9247e8604947fe77	BRAND NAME MANDATORY Markforged 3D Printer	DEPT OF DEFENSE	2026-09-01T14:00:00+00:00			MAYBE	training-course	DATE 7. FOR SOLICITATION INFORMATION CALL: a. NAME b. TELEPHONE NUMBER (No collect calls) 8. OFFER DUE DATE/ LOCAL TIME 9. ISSUED BY 13b. RA	batch-004.json
51	US-SAM:4c3c37fc509246fd967996ddfc159cde	Ceiling Tile Replacement	DEPT OF DEFENSE	2026-08-27T13:00:00+00:00			MAYBE	training-course	DATE 7. FOR SOLICITATION INFORMATION CALL: a. NAME b. TELEPHONE NUMBER (No collect calls) 8. OFFER DUE DATE/ LOCAL TIME 9. ISSUED BY 13b. RA	batch-005.json
52	US-SAM:9fe95ab4652b4b49873a92564172c48d	SOLICITATION: Flooring Material and Installation BPA (Amendment 1)	DEPT OF DEFENSE	2026-08-21T21:00:00+00:00			MAYBE	training-course	ll begin no earlier than 0700 hours and end no later than 1600 hours, Monday thru Friday, unless otherwise approved by the Contracting Offic	batch-005.json
53	US-SAM:c5f53c4a404448cb9a8919b3658b1ac0	MCRDPI Boat Maintenance Contract	DEPT OF DEFENSE	2026-08-22T00:00:00+00:00			MAYBE	training-course	DATE 7. FOR SOLICITATION INFORMATION CALL: a. NAME b. TELEPHONE NUMBER (No collect calls) 8. OFFER DUE DATE/ LOCAL TIME 9. ISSUED BY 13b. RA	batch-005.json
54	US-SAM:4d39e07683f741caad6d605f420e51b5	Hotel Lodging and Conference services in November 2026 in Cluj Napoca/ Romania	STATE, DEPARTMENT OF	2026-08-28T14:00:00+00:00			MAYBE	workshop	===== FILE: files/RFQ_19R01026Q0012_IPLEC_workshop_Cluj_Napoca.pdf ===== 1 U.S. Embassy Bucharest Date: 14 August 2026 Dear Prospective Quot	batch-005.json
55	US-SAM:cbc865d0938f42b28782014245c9f6be	Logistics Fundamentals and Supply Chain Management Training	DEPT OF DEFENSE	2026-08-19T16:00:00+00:00			MAYBE	training-course	ry of one course per month over a six-month period. However, in the event of unforeseen schedule disruptions, including Government furloughs	batch-005.json
56	US-SAM:7cb42664fe7b46b2b360da57c5afc314	BONNET CARRE SPILLWAY STRUCTURE GRATING SUPPLY CONTRACT St. Charles Parish, LA	DEPT OF DEFENSE	2026-09-18T16:00:00+00:00			MAYBE	training-course	N ISSUE DATE 7. FOR SOLICITATION INFORMATION CALL: a. NAME b. TELEPHONE NUMBER (No collect 8. OFFER DUE DATE/ LOCAL TIME 9. ISSUED BY 13b. R	batch-005.json
57	US-SAM:52c990e8745049d1b4da4814ff3b6206	BONNET CARRE SPILLWAY ROTARY CUTTER SUPPLY CONTRACT St. Charles Parish, LA	DEPT OF DEFENSE	2026-09-18T16:00:00+00:00			MAYBE	training-course	N ISSUE DATE 7. FOR SOLICITATION INFORMATION CALL: a. NAME b. TELEPHONE NUMBER (No collect 8. OFFER DUE DATE/ LOCAL TIME 9. ISSUED BY 13b. R	batch-005.json
58	US-SAM:03c4f2d88edc4bee9a6ea9b1b45c67c9	Spectrum Analyzer	DEPT OF DEFENSE	2026-08-26T21:00:00+00:00			MAYBE	training-course	===== FILE: files/Attachment_1_-_Salient_Characteristics_-_Spectrum_Analyzer.pdf ===== Salient Characteristics of the Requirement Salient ch	batch-005.json
59	US-SAM:f2b74fd7d753480abebef86f9a36d950	Nomex Fabric Cloth	DEPT OF DEFENSE	2026-08-18T18:00:00+00:00			MAYBE	training-course	THIRD PARTY DEALER IS YOUR COMPANY’S PRICING INDEPENDENT FROM THE MANUFACTURER? Yes ___ No ___ SAM CAGE CODE: ________________ Representatio	batch-005.json
60	US-SAM:e40972efb2254463b365837c3149eac8	S208--Janitorial OKC VAMC Base w/4OY 09-01-2026 to 08-31-2027	VETERANS AFFAIRS, DEPARTMENT OF	2026-08-24T15:00:00+00:00			MAYBE		ic Approximate Square Feet: 34,997 4303 Pittman and Thomas Ft. Sill, Lawton OK 73503 Lawton North VA Community Based Outpatient Clinic: 17,0	batch-005.json
61	ZA_ETENDERS_OCDS:ocds-9t57fa-165449-2026-08-13	5/2/1/1 2026-2027/151	National - Department of Agriculture	2026-08-21T11:00:00+00:00		ZAR	MAYBE		L EXTENSION REFORM. CLOSING DATE: 21 AUGUST 2026 @ 11:00 TECHNICAL ENQUIRIES : Ms Fezeka Matebeni TEL : 012 337 9372/078 824 9942 EMAIL: Fez	batch-006.json
62	TED:571876-2026	Ireland – Business services: law, marketing, consulting, recruitment, printing and security – Multi Supplier Framework Agreement for the provision of Services related to the Receipt and Inve	The Office of Government Procurement	2026-08-28T12:00:00+01:00	2200000.0	EUR	MAYBE		d regime File Associated :<8854371_Contract notice - general directive, standard regime.pdf > ===== FILE: files/1337_8854371_unpacked/1_THR0	batch-006.json
63	IE:8860090	Website and App Accessibility Audit Solution	Department of Housing Local Government and Heritage	2026-09-18T12:00:00+01:00	350000.0	EUR	MAYBE		===== FILE: files/2192_8860090_unpacked/1_Website and App Accessibility RFT Final.pdf ===== Request for Tenders dated 17th August 2026 for t	batch-006.json
64	TED:559457-2026	Malta – Medical equipments, pharmaceuticals and personal care products – CT3011/2026 - TENDER FOR THE SUPPLY OF QTY THREE (3) SKELETAL DIRECT DIGITAL, DUAL DETECTOR X-RAY SYSTEMS FOR THE GOZ	Department of Contracts	2026-09-11T09:30:00+02:00	1708983.0	EUR	MAYBE		on> </options> <formula type="list"> <score option-value="1">100</score> <score option-value="2">0</score> </formula> </criterion> <criterio	batch-006.json
65	TED:570031-2026	Ireland – Software implementation services – 0050 - The Provision and Implementation of a Contract Lifecycle Management System	An Post_391	2026-09-04T12:00:00+01:00		EUR	MAYBE		ractor” means such person(s) firm(s) company(ies) partnership(s) corporation (s) with whom a Contract is entered into by AN POST to provide 	batch-006.json
66	US-SAM:5c1a2f71d8794e7dbdb025c48d76b401	F108--Restoration & Remediation Emergency Flood Response Services	VETERANS AFFAIRS, DEPARTMENT OF	2026-08-19T16:00:00+00:00			MAYBE		ervices to be performed. To enhance flexibility and to allow the BPA holder to determine the optimum labor mix for the order the BPA holder 	batch-006.json
67	US-SAM:6fe0639a50b8403ba7c62f23bf348b55	INL_RFQ-PR16095134 - NEGOTIATION AND SITUATION MANAGEMENT TECHNOLOGY EQUIPMENT - BOG	STATE, DEPARTMENT OF	2026-09-01T21:00:00+00:00			MAYBE		ORDER NUMBER 5. SOLICITATION NUMBER 6. SOLICITATION ISSUE DATE 7. FOR SOLICITATION INFORMATION CALL: a. NAME b. TELEPHONE NUMBER (No collect	batch-006.json
68	US-SAM:54764ad67d6d4cd9a6bfc5cc06eeb26f	TEGUC-Physical Messaging Campaign Development and Execution	STATE, DEPARTMENT OF	2026-09-03T16:00:00+00:00			MAYBE		in target communities across Honduras. The price listed below shall include all labor, materials, overhead, and profit. In consideration of 	batch-006.json
69	US-SAM:3aa9e3bd99b54cf0acee15ec3d67db42	FIRE AND SECURITY ALARM PANAL REPLACEMENT AT VALLE	INTERIOR, DEPARTMENT OF THE	2026-09-11T16:00:00+00:00			MAYBE		===== FILE: files/Attachment_1_-_Wage_Determination_WD_15-5791_Rev_32.pdf ===== ===== FILE: files/Attachment_2_-_Quote_Submission_Package_14	batch-006.json
70	US-SAM:440811a924f6493098c3bba6c8cc351f	6515--PureSteel Mobile Soaking Station RFQ SDVOSB for the Hines VAMC	VETERANS AFFAIRS, DEPARTMENT OF	2026-08-25T04:59:00+00:00			MAYBE		tps://www.vis.fsc.va.gov/login.aspx?ReturnUrl=%2fDefault.aspx INVOICES: Invoices shall be submitted in arrears: a. Quarterly _______ b. Semi	batch-006.json
71	US-SAM:9602802ce5ba4f28bd662731da78a0c2	F--OR -Bear Valley NWR -FUEL REDUCTION	INTERIOR, DEPARTMENT OF THE	2026-08-21T17:00:00+00:00			MAYBE		ded in this notice and award. This announcement constitutes the only solicitation; quotes are being requested and a written solicitation wil	batch-007.json
72	US-SAM:69ec67f13c684306bc330302ae5bdd0d	F--Remediation & Site Characterization - Napaskiak,AK	INTERIOR, DEPARTMENT OF THE	2026-08-21T00:00:00+00:00			MAYBE		tion Agency’s 2019 Low Stress (low flow) Purging and Sampling Procedure for the Collection of Groundwater Samples from Monitoring Wells and 	batch-007.json
73	ZA_ETENDERS_OCDS:ocds-9t57fa-165748-2026-08-17	OVI01REQ004460	Agricultural Research Council	2026-08-24T11:00:00+00:00		ZAR	MAYBE		iles/OVI01REQ004460.pdf ===== Page 1 of 12 Request for Quotation RFQ NUMBER: OVI01REQ004460 CLOSING DATE: Date: 24 August 2026 Time: 11:00 D	batch-007.json
74	US-SAM:015e7131fa46424cbaf980da23308787	Purchase NSN 5120012419719, SOCKET WRENCH SET	GENERAL SERVICES ADMINISTRATION	2026-08-27T21:00:00+00:00			MAYBE		____________________________________Title________________________________ Phone: _________________________________ Fax: ____________________	batch-007.json
75	US-SAM:ff9d55d6a268428081b54dc02f5bf2c1	AI TECHNOLOGIES FOR PROCUREMENT MODERNIZATION COMMERCIAL SOLUTIONS OPENING (CSO)	HOMELAND SECURITY, DEPARTMENT OF	2026-08-26T14:00:00+00:00			MAYBE		lysis of procurement-related news and trends. News/article monitoring, sentiment scoring, customizable alerts Relevance of alerts, actionabl	batch-007.json
76	US-SAM:c0af7b599eda45f18bc903d18fb42fb8	CONNEX Workshop	DEPT OF DEFENSE	2026-08-28T19:00:00+00:00			MAYBE	workshop	===== FILE: files/1._Salient_Characteristics.pdf ===== The Contractor shall provide one EISU Deployable Workshop. All parts and specificatio	batch-007.json
77	US-SAM:a77ea25acecf474bbb56bc19d9004c57	Box Licenses	DEPT OF DEFENSE	2026-09-16T00:00:00+00:00			MAYBE	software-maintenance,software-resale	Enterprise software licenses and annual software maintenance agreement. The Box software is a commercial, cloud-based software as a service 	batch-007.json
78	US-SAM:38ae60ea2cb04f5d8d14713946892925	Request for Proposals (RFP) - BARDA Vaccine Medical Countermeasures for Pandemic Influenza Preparedness & Response	HEALTH AND HUMAN SERVICES, DEPARTMENT OF	2026-10-30T21:00:00+00:00			MAYBE		2.214-7 or 52.215-1. All offers are subject to all terms and conditions contained in this solicitation. (Date)(Hour) local timeuntildeposito	batch-007.json
79	US-SAM:2e4d29dade93498da98c07dacb2374e6	Request of Proposals (RFP) - BARDA Vaccine Medical Countermeasures for Pandemic Influenza Preparedness & Response	HEALTH AND HUMAN SERVICES, DEPARTMENT OF	2026-10-30T21:00:00+00:00			MAYBE		2.214-7 or 52.215-1. All offers are subject to all terms and conditions contained in this solicitation. (Date)(Hour) local timeuntildeposito	batch-007.json
80	US-SAM:0e2bd08c75544d479d4589d3dfdbf98b	Next Generation (NextGen) Passport Personalization Printers Support	STATE, DEPARTMENT OF	2026-09-30T17:00:00+00:00			MAYBE		quired. The Contractor shall provide program management and support services, transition support, consumable materials, warranty, support se	batch-007.json
81	TED:570312-2026	Malta – Subscription services – Provision of VMware Subscription Licenses - T074/26	Malta Information Technology Agency (MITA)	2026-09-17T11:30:00+02:00	4616064.0	EUR	MAYBE		===== FILE: files/1001_14016205_unpacked/1001_14016205.pdf ===== List of Contract Documents #Addend a ID N/A Status Final Title Tender Struc	batch-008.json
82	TED:572169-2026	Poland – Software-related services – Przedłużenie programu wsparcia eksploatacji urządzeń LKL i OKL	1 BAZA LOTNICTWA TRANSPORTOWEGO	2026-08-28T09:00:00+02:00			MAYBE		……………… KRS …………………………………………………………………………………………….…… PESEL: ……………………………………………………………………………………………… (in the case of sole traders and natural perso	batch-008.json
83	US-SAM:2db91c67f6984d7bab78d190ced2b4f4	Bradbury Dam Outlet Valve Replacement	INTERIOR, DEPARTMENT OF THE	2026-09-18T00:00:00+00:00			MAYBE	training-course	===== FILE: files/Drawings.pdf ===== ReleaseG 1 of 32 NOTES 1. See Drawing No. 368-208-60011 for General Notes and Reference Drawings. 2. Sp	batch-008.json
84	TED:571819-2026	Czechia – Laboratory, optical and precision equipments (excl. glasses) – UPOL/PřF/KEF - Kryostaty pro Mössbauerovu spektroskopii / UPOL/FoS/DEP - Cryostat systems for Mössbauer spectroscopy	Univerzita Palackého v Olomouci	2026-09-18T09:00:00+02:00	8000000.0	CZK	MAYBE		/FoS/DEP - Cryostat systems for Mössbauer spectroscopy”; Purchase price means the purchase price for the proper and timely delivery of the S	batch-008.json
85	US-SAM:65e87585d8974a1f84b4a85dcdb53a7d	Ansys Software Renewal and Additional Licenses	DEPT OF DEFENSE	2026-08-24T15:00:00+00:00			MAYBE		IVERY FOR FOB DESTINA- TION UNLESS BLOCK IS MARKED SEE SCHEDULE 14. METHOD OF SOLICITATION RFQ IFB RFPX PORTSMOUTH NAVAL SHIPYARD ATTN: BEAU	batch-008.json
86	TED:556867-2026	Poland – Facilities management services for computer systems development – Modernizacja systemów związanych z realizacją zadań z zakresu ochrony środowiska wraz z implementacją API i udostęp	Generalna Dyrekcja Ochrony Środowiska	2026-09-15T10:00:00+02:00			MAYBE		ue" testOnBorrow="true" testOnReturn="false" validationQuery="SELECT 1" validationInterval="30000" timeBetweenEvictionRunsMillis="30000" max	batch-008.json
87	US-SAM:6534d1ca38cc4c00a13f07aa1f9680df	Manufacturing Execution System Development	COMMERCE, DEPARTMENT OF	2026-08-31T16:00:00+00:00			MAYBE		QUISITION NUMBER PAGE OF 2. CONTRACT NO. 3. AWARD/EFFECTIVE DATE 4. ORDER NUMBER 5. SOLICITATION NUMBER 6. SOLICITATION ISSUE DATE 7. FOR SO	batch-008.json
88	US-SAM:ff96685488ff483db08e5db4968a82af	Repair Loading Dock Concrete & Install New Handrail - Parkersburg, WV046	DEPT OF DEFENSE	2026-08-21T19:00:00+00:00			MAYBE		lowing location: PFC Roy M. Reynolds USARC/BMA# 102-1, 4603 Camden Avenue, Parkersburg, WV046, 26101. The purpose of this requirement is to 	batch-008.json
89	US-SAM:d71cc0128c1c45bab0af3235cfa0c0b8	F--Environmental Remediation Services Eek, AK	INTERIOR, DEPARTMENT OF THE	2026-08-24T16:00:00+00:00			MAYBE		pproximately 110 to 120 feet and 145 to 150 feet bgs. A second well log shows frozen blue clay between 59 to 232 feet bgs; the top 59 feet w	batch-008.json
90	TED:570412-2026	France – Printing and related services – Impression des supports de communication de la Communauté de Communes Beaucaire Terre d'Argence	Communauté de Communes de Beaucaire (30)	2026-10-19T12:00:00+02:00			MAYBE		===== FILE: files/CGU_marches-securises.fr.pdf ===== Page 1 sur 5 Conditions Générales d’utilisation (CGU) de la plateforme marches-securise	batch-008.json
91	US-SAM:fb67eba3d5b44ceda95e12b0d87295f3	Post-warranty Preventive Maintenance and Repair Services on a Perkin Elmer Hyphenated Thermogravimetric Analyzer with Fourier Transformed Infrared Spectroscopy-Gas Chromatography-Mass spectr	HEALTH AND HUMAN SERVICES, DEPARTMENT OF	2026-08-20T18:00:00+00:00			MAYBE		ed in this notice. This announcement constitutes the only solicitation; quotes are being requested and a written solicitation will not be is	batch-009.json
92	TED:571982-2026	Belgium – Software package and information systems – accord-cadre pluriannuel (4 ans) de fournitures pour l’acquisition et le continuation des licences «GitLab Enterprise Premium – Self Mana	Police Fédérale	2026-09-28T11:00:00+02:00			LOW		m: open tot u (Gelieve het bericht op de volgende pagina met de grootste aandacht te willen lezen Artikel 44, § 1, eerste lid van het konink	batch-009.json
93	TED:571625-2026	Belgium – Database services – Supply chain traceability services and forced labour risk detection pilots	European Commission, DG GROW - Internal Market, Industry, Entrepreneurship and SMEs	2026-09-18T23:59:59+02:00	425000.0	EUR	LOW		===== Annex V Group members’ shares in total contract value for VAT purposes [Direct Contract [insert reference of the direct contract]] Con	batch-009.json
94	ZA_ETENDERS_OCDS:ocds-9t57fa-165584-2026-08-14	SCMU3-P26/27-EMSCH	Eastern Cape - Health	2026-08-20T11:00:00+00:00		ZAR	LOW		===== FILE: files/BID DOCUMENT FOR PRIVATE AMBULANCE SERVICES FOR CHRIS HANI DISTRICT Corrected.pdf ===== Eastern Cape Department of Health 	batch-009.json
95	ZA_ETENDERS_OCDS:ocds-9t57fa-165455-2026-08-12	COM100/2026	Mbombela Local Municipality	2026-08-19T11:00:00+00:00		ZAR	LOW		DAY.pdf ===== Page 1 of 41 BID NO: COM100/2026 APPOINTMENT OF AN EVENT MANAGEMENT FIRM TO PROVIDE AUDIO, CATERING AND TRANSPORTATION SERVICE	batch-009.json
96	ZA_ETENDERS_OCDS:ocds-9t57fa-165789-2026-08-17	MISA/SFHOP/ELM/NC/012/2026/27	Municipal Infrastructure Support Agent	2026-09-08T11:00:00+00:00		ZAR	LOW		A CONTRACTOR FOR THE INSTALLATION OF A NEW SECURITY FENCE AT THE HANOVER OXIDATION PONDS, EMTHANJENI MUNICIPALITY IN THE NORTHERN CAPE. CONT	batch-009.json
97	US-SAM:cd5c615a44c248f7a8300f2e8ee71866	Chemistry Research for the Division of Translational Toxicology (DTT)	HEALTH AND HUMAN SERVICES, DEPARTMENT OF	2026-09-14T20:00:00+00:00			LOW		| Indirect Rates | | | | | Fringe Benefits % | | | | | Indirect Costs % | | | | | General &Administration (G & A( % | | | | | Fixed Fee % | 	batch-009.json
98	US-SAM:bccd23516a084feab07c03fad7a855c2	Congressional Cable TV System Assessment	ARCHITECT OF THE CAPITOL	2026-08-26T21:00:00+00:00			LOW		===== FILE: files/AOC-Order-34-1_Contracting-Manual-2022.pdf ===== ,ifullffih 111illiht ARCHITECT ()I 1111 CAPITOL Architect of the Capitol 	batch-009.json
99	US-SAM:5863859b9ab74e88bf73ae0778d72cf5	Low-Intensity Residential Treatment	COURT SERVICES AND OFFENDER SUPERVISION AGENCY	2026-08-28T19:00:00+00:00			LOW		s are subject to all terms and conditions contained in this solicitation. 10. FOR INFORMATION CALL: A. NAME B. TELEPHONE (NO COLLECT CALLS) 	batch-009.json
100	US-SAM:abe2defe22434d2b8efeade898c60463	Chemistry Research for the Division of Translational Toxicology (DTT)	HEALTH AND HUMAN SERVICES, DEPARTMENT OF	2026-09-14T20:00:00+00:00			LOW		| Indirect Rates | | | | | Fringe Benefits % | | | | | Indirect Costs % | | | | | General &Administration (G & A( % | | | | | Fixed Fee % | 	batch-009.json
101	TED:572082-2026	Ireland – Financial consultancy services – PBF144F Multi Supplier Framework Agreement for the Provision of Accounting, Audit and Financial Advisory Services to the Irish Public Sector	The Office of Government Procurement	2026-09-14T12:00:00+01:00	165000000.0	EUR	LOW		r Framework Agreement for the provision of Accounting, Audit & Financial Advisory Services to the Irish Public Sector Tender Reference: PBF1	batch-010.json
102	TED:569366-2026	Belgium – Database software package – 2026M025_Oracle - Marché public (accord-cadre) de fournitures relatif à la gestion de logiciels, licences, matériels et services de consultance liés aux	Service public de wallonie	2026-08-24T12:00:00+02:00	6247490.91	EUR	LOW		m/office/word/2018/wordml" xmlns:w16du="http://schemas.microsoft.com/office/word/2023/wordml/word16du" xmlns:w16sdtdh="http://schemas.micros	batch-010.json
103	TED:568330-2026	Germany – Public-service buses – Elektrifizierung der Linienbusflotte – Rahmenvereinbarung für die Neubeschaffung bis zu einem Niederflur-Elektro-Gelenkbusses und bis zu sechs 12 Meter Niede	Hausemann & Mager GmbH & CO. KG	2026-11-13T10:00:00+01:00			LOW		er: 03TB4030E Name und Anschrift des Bieters Hausemann und Mager GmbH & Co. KG Hohenlimburger Str. 147-151 58119 Hagen Vergabestelle/ausschr	batch-010.json
104	TED:566402-2026	Portugal – Electricity – CP100/2026-Fornecimento contínuo de energia elétrica às instalações alimentadas em Média Tensão (MT), Baixa Tensão Especial (BTE), Baixa Tensão Normal (BTN) e Instal	Município de Vendas Novas	2026-09-09T17:00:59+00:00	1330000.0	EUR	LOW		documentos em causa. O operador económico autoriza expressamente a autoridade ou entidade adjudicante, conforme indicada na parte I, a ter a	batch-010.json
105	TED:559804-2026	France – Occupational clothing, special workwear and accessories – Accord-cadre pour la fourniture d'uniformes, d’EPI, d’équipement et de matériel pour les services de la ville de Cergy.	Commune de Cergy	2026-09-23T12:00:00+02:00			LOW		........... 24 R.C. - Dossier n° 15/26 - Accord-cadre pour la fourniture d’uniformes, d’EPI, d’équipement et de matériel pour les services d	batch-010.json
106	TED:557415-2026	Lithuania – Buses and coaches – Autobusai, skirti vežti moksleivius	Viešoji įstaiga Centrinė projektų valdymo agentūra	2026-09-15T10:00:00+03:00			LOW		r a structural subdivision of such an organisation or subdivision of such an organisation, has had a conviction handed down and has been fin	batch-010.json
107	TED:565254-2026	France – Architectural, engineering and surveying services – Mission de maîtrise d'oeuvre relative à la rénovation de l’éclairage des tunnels Ambroise Paré et Saint-Cloud	Direction régionale et interdépartementale de l'environnement, de l'aménagement et des transports d'Ile-de-Fra	2026-09-15T12:00:00+02:00			LOW		...... 8 2–1. Procédure de passation ...................................................................................... 8 2–2. Allotisse	batch-010.json
108	US-SAM:1afdaae901324ba4ac4f580638ddb03f	Modernized VAERS Reporting Application	HEALTH AND HUMAN SERVICES, DEPARTMENT OF	2026-09-04T14:00:00+00:00			LOW		9/04/2026 10 AM ET IMPORTANT: This is a request for information, and quotations furnished are not offers. If you are unable to quote, please	batch-010.json
109	TED:572152-2026	Belgium – Software package and information systems – Raamovereenkomst implementatie van een Facility Management Informatie systeem	Erasmushogeschool Brussel	2026-09-25T10:00:00+02:00			LOW		6-219D-473C-99D5-B9A63AAA800F}"><dimension ref="A1"/><sheetViews><sheetView workbookViewId="0"><selection activeCell="K16" sqref="K16"/></sh	batch-010.json
110	ZA_ETENDERS_OCDS:ocds-9t57fa-165876-2026-08-17	QUOTATION 8/2/43-2026 / MN183-2026	Bergrivier - WC Local Municipality	2026-08-24T12:00:00+00:00		ZAR	LOW		MUNICIPAL AREA: PLEASE REFER TO PAGE 48 AND TICK AS APPROPRIATE: SMME MICRO SMALL MEDIUM FQ 8/2/43-2026 (MN183-2026) BIDDER INITIAL:……………………	batch-010.json
111	ZA_ETENDERS_OCDS:ocds-9t57fa-165877-2026-08-18	SACAA/TMS/00010/2026 - 2027	South African Civil Aviation Authority	2026-09-11T11:00:00+00:00		ZAR	LOW		===== FILE: files/Tender Document - Travel Management Services - August 2026.pdf ===== INVITATION TO BID DATE OF ISSUE: 18 AUGUST 2026 YOU A	batch-011.json
112	ZA_ETENDERS_OCDS:ocds-9t57fa-165665-2026-08-14	Q 2026/025	Cape Winelands District Municipality	2026-08-26T11:00:00+00:00		ZAR	LOW		rnative bids will be read out aloud. Telexed, faxed or e-mailed tenders will not be accepted. The formal written price quotation documents s	batch-011.json
113	ZA_ETENDERS_OCDS:ocds-9t57fa-165591-2026-08-14	RFQ BB 36/2026	South Cape TVET College	2026-09-02T11:00:00+00:00		ZAR	LOW		===== FILE: files/Bid Document BB 36 2026.pdf ===== 1 REQUEST FOR QUOTATION RFQ BB 36/2026 SOUTH CAPE TVET COLLEGE THE APPOINTMENT OF A SERV	batch-011.json
114	ZA_ETENDERS_OCDS:ocds-9t57fa-165608-2026-08-14	HDA/HO/2026/009	Housing Development Agency	2026-09-04T11:00:00+00:00		ZAR	LOW		confidential nature which may be contained in the information provided (the “Confidential Information Provided”). The Confidential Informati	batch-011.json
115	ZA_ETENDERS_OCDS:ocds-9t57fa-165505-2026-08-13	MISA/BWWTW/NC/011/2026/27	Municipal Infrastructure Support Agent	2026-09-08T11:00:00+00:00		ZAR	LOW		_________ Total Bid Price: ________________________________________ 2 MISA/BWWTW/NC/011/2026/27 END-USER……MRL…….. CONTENTS PAGE No. PART T1:	batch-011.json
116	ZA_ETENDERS_OCDS:ocds-9t57fa-165742-2026-08-17	KZN/PRASA/2026/08/05/Q	Passenger Rail Agency of South Africa	2026-09-01T12:00:00+00:00		ZAR	LOW		===== FILE: files/KZN-PRASA-2026-08-05-Q.pdf ===== RFQ NUMBER: KZN/PRASA/2026/08/05/Q REQUEST FOR QUOTATION (RFQ) FOR PURCHASING AGREEMENT F	batch-011.json
117	ZA_ETENDERS_OCDS:ocds-9t57fa-165300-2026-08-12	QUOTATION 8/2/37-2026 / MN171-2026	Bergrivier - WC Local Municipality	2026-08-19T12:00:00+00:00		ZAR	LOW		AGE 50 AND TICK AS APPROPRIATE: SMME MICRO SMALL MEDIUM FQ 8/2/37-2026 (MN171-2026) BIDDER INITIAL:………………………….. Page 2 BERGRIVIER MUNICIPALI	batch-011.json
118	ZA_ETENDERS_OCDS:ocds-9t57fa-165476-2026-08-13	DLRRD-MP0003(2026/2027)	Department of Rural Development & Land Reform	2026-09-04T11:00:00+00:00		ZAR	LOW		all apply. 3. General 3.1 Unless otherwise indicated in the biddin g documents, the purchaser shall not be liable for any expense incurred i	batch-011.json
119	ZA_ETENDERS_OCDS:ocds-9t57fa-165851-2026-08-17	CHR5-26/27-0022	Eastern Cape - Roads and Public Works	2026-08-25T11:00:00+00:00		ZAR	LOW		===== FILE: files/QUOTATION DOC FOR COMPUTER TRAINING FOR 24 EMPLOYEES .pdf ===== CHR5-26/27-0022 Page 1 of 38 QUOTATION CHR5-26/27-0022 APP	batch-011.json
120	ZA_ETENDERS_OCDS:ocds-9t57fa-165690-2026-08-14	TENDER 8/3/44-2026 / MN162-2026	Bergrivier - WC Local Municipality	2026-09-07T12:00:00+00:00		ZAR	LOW		SUPPORT OF LAN NETWORK CABLING INFRASTRUCTURE AND OTHER INFRASTRUCTURE RELATED PRODUCTS FOR BERGRIVIER MUNICIPALITY FROM DATE OF APPOINTMENT	batch-011.json
121	ZA_ETENDERS_OCDS:ocds-9t57fa-165545-2026-08-13	SCMU NO 05 - 2026- 27	Education, Training and Development Practices SETA	2026-09-11T11:00:00+00:00		ZAR	LOW		hall apply. 3. General 3.1 Unless otherwise indicated in the bidding documents, the purchaser shall not be liable for any expense incurred i	batch-012.json
122	ZA_ETENDERS_OCDS:ocds-9t57fa-165467-2026-08-13	WCGRB 032627	Western Cape - Gambling and Racing Board	2026-09-04T11:00:00+00:00		ZAR	LOW		NY SERVICE PROVIDER CONDUCTING BUSINESS WITH THE WCG. THE WCG EXPECTS ALL ITS OFFICIALS AND ANYONE ACTING ON ITS BEHALF TO COMPLY WITH THESE	batch-012.json
123	ZA_ETENDERS_OCDS:ocds-9t57fa-165397-2026-08-12	RFQ/MPU/2026/057	Housing Development Agency	2026-08-25T11:00:00+00:00		ZAR	LOW		time shown above. To Service providers From: Supply Chain Management tender3@thehda.co.za Tel. no.: 011 544-1000 Reference: RFQ/MPU/2026/057	batch-012.json
124	ZA_ETENDERS_OCDS:ocds-9t57fa-165807-2026-08-17	EKZNW 01/2026/27	Kwa-Zulu Natal - Ezemvelo KwaZulu-Natal Wildlife	2026-09-10T11:00:00+00:00		ZAR	LOW		................................................. iv. whose signature is (Affix signature) .................................................	batch-012.json
125	ZA_ETENDERS_OCDS:ocds-9t57fa-165692-2026-08-14	QUOTATION 8/2/39-2026 / MN179-2026	Bergrivier - WC Local Municipality	2026-08-21T12:00:00+00:00		ZAR	LOW		FQ DOCUMENT NAME OF BIDDER: QUOTATION AMOUNT: B-BBEE LEVEL: MUNICIPAL AREA: PLEASE REFER TO PAGE 53 AND TICK AS APPROPRIATE: SMME MICRO SMAL	batch-012.json
126	ZA_ETENDERS_OCDS:ocds-9t57fa-165477-2026-08-13	QUOTATION 8/2/36-2026 / MN170-2026	Bergrivier - WC Local Municipality	2026-08-20T12:00:00+00:00		ZAR	LOW		MUNICIPAL AREA: PLEASE REFER TO PAGE 52 AND TICK AS APPROPRIATE: SMME MICRO SMALL MEDIUM FQ 8/2/36-2026 (MN170-2026) BIDDER INITIAL:……………………	batch-012.json
127	ZA_ETENDERS_OCDS:ocds-9t57fa-165778-2026-08-17	HO-26/27-0076	Eastern Cape - Agriculture	2026-08-31T11:00:00+00:00		ZAR	LOW		SING DATE: 31 AUGUST 2026 CLOSING TIME: 11:00 am BID AMOUNT INCLUSIVE OF ALL APPLICABLE TAXES R…………………………………………….. PREPARED BY: SUPPLY CHAIN	batch-012.json
128	ZA_ETENDERS_OCDS:ocds-9t57fa-165651-2026-08-14	GPAA 05/2026	Government Pensions Administration Agency (GPAA)	2026-09-04T11:00:00+00:00		ZAR	LOW		n of written clarification enquiries is 28 August 2026. • Responses to all clarification questions will be published on the National Treasur	batch-012.json
129	ZA_ETENDERS_OCDS:ocds-9t57fa-165482-2026-08-13	NRF/SAEON/SAPRI/06/2026-27	National Research Foundation	2026-09-04T11:00:00+00:00		ZAR	LOW		===== FILE: files/NRF-SAEON-SAPRI-06-2026-27.pdf ===== 1 Cv cvc vvvvv v BID INVITATION YOU ARE HEREBY INVITED TO BID FOR REQUIREMENTS DETAIL	batch-012.json
130	US-SAM:ec9a3e72b3e44b458822cbbedc5a537e	YELL 326141 YELLOWSTONE MODULAR HOUSING	INTERIOR, DEPARTMENT OF THE	2026-09-17T20:00:00+00:00			LOW		===== FILE: files/B08-Attachment_1A-03_YELL_326141_Final_Specification_Appendicies_2026_07_22.pdf ===== Project Title: _____________________	batch-012.json
131	US-SAM:0de1705f805d45afacdd3b938dff9399	Y--GOGA 319407 - Bridge Preservation	INTERIOR, DEPARTMENT OF THE	2026-09-14T20:00:00+00:00			LOW		===== FILE: files/B08_Attach_1_Specifications.pdf ===== Bridge Preservation Multiple Locations Golden Gate National Recreation Area Easkoot 	batch-013.json
132	US-SAM:0b5b4caaa9a24d8dbcb5e96a41c5475f	Government seeking office space in Gadsen, AL	GENERAL SERVICES ADMINISTRATION	2026-09-07T21:00:00+00:00			LOW		______________________ Date: ____________________________________________ FOR THE GOVERNMENT: ______________________________________________	batch-013.json
133	US-SAM:6da6544ef65d4395b95d34647a57f2d7	HICS Boring and Erosion	DEPT OF DEFENSE	2026-09-09T20:00:00+00:00			LOW		===== FILE: files/A1_SOW_Combined_Specs.pdf ===== TECHNICAL SPECIFICATIONS REPAIR HICS EROSION/CONDUITS NZAS 26-6100 July 2026 341st CIVIL E	batch-013.json
134	US-SAM:ce76ba91b36c458bbeec3f2087636dfa	N--AMIS DIABLO EAST RADIO TOWER	INTERIOR, DEPARTMENT OF THE	2026-09-04T16:00:00+00:00			LOW		===== FILE: files/Atch_1_SOW_Diablo_East_Tower.docx ===== Scope of Work Diablo East Communication Tower Replacement Amistad National Recreat	batch-013.json
135	US-SAM:c769271fe06641728e192ab61442c5f8	Demo w/ Abatement B5907 Camp Bullis	DEPT OF DEFENSE	2026-09-04T16:00:00+00:00			LOW		SL Order: Site: Metal Pipe Desc: Cream/Green/Yellow 00015907-L1 0.11% wt5/28/20135/15/2013 Site: Gypsum Board Wall Desc: White 00025907-L2 0	batch-013.json
136	US-SAM:5223fd25ae964098a151a2c7f15d4ac2	USCGC SOCKEYE DD FY27	HOMELAND SECURITY, DEPARTMENT OF	2026-09-11T19:00:00+00:00			LOW		ICITATION INFORMATION CALL: a. NAME b. TELEPHONE NUMBER (No collect calls) 8. OFFER DUE DATE/ LOCAL TIME 9. ISSUED BY 13b. RATING 14. METHOD	batch-013.json
137	US-SAM:7e85798975624af08fd52d2926a471ea	McCall & Council Yard Tree Cooler Deferred Maint	AGRICULTURE, DEPARTMENT OF	2026-09-03T23:00:00+00:00			LOW		le attachments under a anticipated obligated contract award. Posting: 08/07/2026 Q&A Due Date: 08/20/2026 Quotes Due Date: 09/03/2026 Antici	batch-013.json
138	US-SAM:e8c62fea0607487e994039803fd53a7f	5975--607-26-3-6653-0011 Paging System Upgrade Expansion (VA-26-00047291)	VETERANS AFFAIRS, DEPARTMENT OF	2026-08-28T17:00:00+00:00			LOW		erly _______ b. Semi-Annually _______ c. Other X Upon Acceptance GOVERNMENT INVOICE ADDRESS: All invoices from the contractor shall be maile	batch-013.json
139	US-SAM:23b6d6d2913548c69652218c938d05d8	5975--607-26-3-6653-0011 Paging System Upgrade Expansion (VA-26-00047291)	VETERANS AFFAIRS, DEPARTMENT OF	2026-08-28T17:00:00+00:00			LOW		erly _______ b. Semi-Annually _______ c. Other X Upon Acceptance GOVERNMENT INVOICE ADDRESS: All invoices from the contractor shall be maile	batch-013.json
140	US-SAM:200e6f8e889446c491af324f70129cab	Z1DA--PN: 438-22-600, Improve Campus Bldg Exteriors (SF) AP: 36C263-26-AP-1039	VETERANS AFFAIRS, DEPARTMENT OF	2026-08-28T19:00:00+00:00			LOW		===== FILE: files/36C26326R0027.docx ===== A.3 PRICE/COST SCHEDULE ITEM INFORMATION INSTRUCTIONS, CONDITIONS AND OTHER STATEMENTS TO BIDDERS	batch-013.json
141	US-SAM:d23442b6d9a948328fd0c2934e7f6d76	Hawaii Class II Research Vessel	COMMERCE, DEPARTMENT OF	2026-08-31T16:00:00+00:00			LOW		===== FILE: files/03_Sol_Att_A_SOW_F.pdf ===== 1 SPECIFICATION - CLASS II VESSEL for PAPAHĀNAUMOKUĀKEA NATIONAL MARINE SANCTUARY 1] General 	batch-014.json
142	US-SAM:b482d95ef2b243bbab527027edf70be0	Contract Delivery Service (CDS) HCR 96178 RAVENDALE, CA - H078, CA	POSTAL SERVICE	2026-08-31T16:00:00+00:00			LOW		7. This certification concerns a matter within the jurisdiction of an agency of the United States and the making of a false, fictitious, or 	batch-014.json
143	US-SAM:cafa8bc7fb4c4b67b994b81d53bbe19d	Audio Engineer Instructor Support Services	DEPT OF DEFENSE	2026-08-25T14:00:00+00:00			LOW		nty, State and ZIP Code) (X) 9A. AMENDMENT OF SOLICITATION NUMBER 9B. DATED (SEE ITEM 11) 10A. MODIFICATION OF CONTRACT/ORDER NUMBE 10B. DAT	batch-014.json
144	US-SAM:5fae1b39d9404227a4a9e8e7c78e399f	Design and Build Covered Parking Structure for Fighter Aircraft	DEPT OF DEFENSE	2026-08-28T14:00:00+00:00			LOW		ools, materials, supervision, and quality control necessary to design and construct fabric covered parking structures for two (2) fighter ai	batch-014.json
145	US-SAM:76284f7b54ee44729a8d2fe8b3cc2525	Z2DA--Project 521-22-119 NRM Replace windows (VA-26-00016046)	VETERANS AFFAIRS, DEPARTMENT OF	2026-08-25T18:00:00+00:00			LOW		/a:themeElements><a:objectDefaults /><a:extraClrSchemeLst /></a:theme> ===== FILE: files/36C24726R0032_0002_unpacked/word/webSettings.xml ==	batch-014.json
146	US-SAM:b0cefc48e2bc4741b8866d51292b50bd	Audio Engineer Instructor Support Services	DEPT OF DEFENSE	2026-08-25T14:00:00+00:00			LOW		DATE 7. FOR SOLICITATION INFORMATION CALL: a. NAME b. TELEPHONE NUMBER (No collect calls) 8. OFFER DUE DATE/ LOCAL TIME 9. ISSUED BY 13b. RA	batch-014.json
147	US-SAM:ee57ef652ed149b6a00b74455a06e33a	N065--Replace Warehouse Door #13 and Repair Door #14 at the Jesse Brown VA Medical Center, 820 S Damen Ave, Chicago, IL 60612	VETERANS AFFAIRS, DEPARTMENT OF	2026-08-21T21:00:00+00:00			LOW		RAM EDWOSB 8(A) NAICS: SIZE STANDARD: 11. DELIVERY FOR FOB DESTINA- TION UNLESS BLOCK IS MARKED SEE SCHEDULE 12. DISCOUNT TERMS 13a. THIS CO	batch-014.json
148	US-SAM:939642e2c5ca46b4b04276467b2f3a25	J042--Fire Alarm System Inspection, Testing, Maintenance, and Certification Services at the Bedford VA Medical Center	VETERANS AFFAIRS, DEPARTMENT OF	2026-08-24T16:00:00+00:00			LOW		6C24126Q0613_unpacked/word/webSettings.xml ===== ﻿<?xml version="1.0" encoding="utf-8" standalone="yes"?><w:webSettings xmlns:mc="http://sch	batch-014.json
149	US-SAM:a84097595a9b4d77b76daef6ec9704d3	N065--Replace Warehouse Door #13 and Repair Door #14 at the Jesse Brown VA Medical Center, 820 S Damen Ave, Chicago, IL 60612	VETERANS AFFAIRS, DEPARTMENT OF	2026-08-21T21:00:00+00:00			LOW		RAM EDWOSB 8(A) NAICS: SIZE STANDARD: 11. DELIVERY FOR FOB DESTINA- TION UNLESS BLOCK IS MARKED SEE SCHEDULE 12. DISCOUNT TERMS 13a. THIS CO	batch-014.json
150	US-SAM:7ece020e7ea5434bb114260a5522d07d	Fort Sill Elevator Maintenance Services	DEPT OF DEFENSE	2026-08-20T17:00:00+00:00			LOW		erformance ................................................................................. 2 Fort Sill Access ............................	batch-014.json
151	US-SAM:b1498d8d996245e0b145d0dfa34e604a	N--MORA - LIGHTING RETROFIT IN TAHOMA WOODS APTS	INTERIOR, DEPARTMENT OF THE	2026-08-21T19:00:00+00:00			LOW		combination of both, the domestic content test is applied only to the iron and steel content of the construction materials, excluding COTS f	batch-015.json
152	US-SAM:1c1d604413374e4daec33845294e464a	7195--SOLAR SHADES FOR HOSPICE	VETERANS AFFAIRS, DEPARTMENT OF	2026-08-20T15:00:00+00:00			LOW		e submitted in arrears: a. Quarterly [] b. Semi-Annually [] c. Other [X] Upon receipt of goods and proper submission of invoice. 4. GOVERNME	batch-015.json
153	US-SAM:39f9a82f8e6548b89b198eb441c227a2	Chlorination Systems and Maintenance - FWA	DEPT OF DEFENSE	2026-09-01T20:00:00+00:00			LOW		resident’s Day Veteran’s Day Memorial Day Thanksgiving Day Juneteenth National Independence Day Christmas Day Independence Day 3.4. Hours of	batch-015.json
154	US-SAM:391c00a626c44b17864bd57b8c69fe3a	NV-EDENTON NFH-REPLACE ADMIN BUILDING	INTERIOR, DEPARTMENT OF THE	2026-09-14T18:00:00+00:00			LOW		IMPORTANT - The "offer" section on the reverse must be fully completed by offeror. NOTE: In sealed bid solicitations "offer" and "offeror" m	batch-015.json
155	TED:566968-2026	Netherlands – Test and evaluation – Mobiele kabelassemblage	Ministerie van Defensie	2026-09-16T10:00:00+00:00		EUR	LOW		===== FILE: files/en-GB.json ===== { "str_tender_no_awards": "There are no awards", "str_tender_no_evaluations": "There are no evaluations",	batch-015.json
156	TED:567200-2026	Germany – Structural shell work – Ersatzneubau Mehrzweckhalle Ruhland, Los 3 Rohbau Massiv	Amt Ruhland	2026-09-08T23:59:59+02:00			LOW		hbar sind Ich/Wir erkläre(n), dass ich/wir in den letzten fünf Kalenderjahren bzw. dem in der Auftragsbekanntmachung angegebenen Zeitraum ve	batch-015.json
157	TED:568526-2026	Portugal – Electricity – CPI 0523/2026 - Fornecimento de Energia Elétrica em MT, BTE e BTN para o Ano 2027	EMARP - Empresa Municipal de Águas e Resíduos de Portimão, EM, SA	2026-09-14T17:00:59+00:00	305000.0	EUR	LOW		ntratante já disporá dos documentos em causa. O operador económico autoriza expressamente a autoridade ou entidade adjudicante, conforme ind	batch-015.json
158	ZA_ETENDERS_OCDS:ocds-9t57fa-165613-2026-08-14	RFP/26/27/14	South African Post Office Limited	2026-09-04T11:00:00+00:00		ZAR	LOW		ification questions in writing to South African Post Office Officials mentioned below page 6 item 6. Questions and answers will be uploaded 	batch-015.json
159	ZA_ETENDERS_OCDS:ocds-9t57fa-165672-2026-08-14	RFQ07/08/2026	Enoch Mgijima Local Municipality	2026-08-20T12:00:00+00:00		ZAR	LOW		MANI, 5320 Tel: +27(45) 807 2000 Fax: +27(45) 807 2637 NAME OF BIDDER: _____________________________________________________ CSD NUMBER : __	batch-015.json
160	ZA_ETENDERS_OCDS:ocds-9t57fa-165658-2026-08-14	RFQ17/08/2026	Enoch Mgijima Local Municipality	2026-08-20T12:00:00+00:00		ZAR	LOW		-27 OWEN STREET KOMANI, 5320 Tel: +27(45) 807 2000 Fax: +27(45) 807 2637 NAME OF BIDDER: ___________________________________________________	batch-015.json
161	ZA_ETENDERS_OCDS:ocds-9t57fa-165511-2026-08-13	GMQ108/25-26	George Municipality	2026-08-21T12:00:00+00:00		ZAR	LOW		quotation document MUST be VALID ORIGINAL B-BBEE CERTIFICATES or VALID CERTIFIED COPIES OF B-BBEE CERTIFICATES QUOTATION CLOSES AT 12H00 ON 	batch-016.json
162	ZA_ETENDERS_OCDS:ocds-9t57fa-165474-2026-08-13	AGRISETA/2026/05	Agricultural Sector Education and Training Authority	2026-09-10T11:00:00+00:00		ZAR	LOW		2) copies and one (1) soft copy (in a memory stick) of their bid proposal. Price Proposals must be submitted separately from the technical p	batch-016.json
163	ZA_ETENDERS_OCDS:ocds-9t57fa-165492-2026-08-13	RFQ 30121 Re-issue	Airports Company of South Africa	2026-08-24T13:00:00+00:00		ZAR	LOW		1 Jones Road, Kempton Park, Gauteng, South Africa, 1632 P O Box 75480, Gardenview, Gauteng, South Africa, 2047 www.airports.co.za Airports C	batch-016.json
164	ZA_ETENDERS_OCDS:ocds-9t57fa-165782-2026-08-17	RFQ 05/08/2026	Kwa-Zulu Natal - Ezemvelo KwaZulu-Natal Wildlife	2026-08-24T11:00:00+00:00		ZAR	LOW		/OR POSSIBLE CANCELLATION OF THE CONTRACT THAT MAY BE AWARDED ON THE BASIS OF THIS BID. ....................................................	batch-016.json
165	ZA_ETENDERS_OCDS:ocds-9t57fa-165392-2026-08-12	EWSETA/RFQ/024/2026-27	Energy and Water Sector Education and Training Authority	2026-08-20T13:00:00+00:00		ZAR	LOW		Programmes (LP) Administrators are required to strengthen operational efficiency, improve service delivery, ensure regulatory compliance, an	batch-016.json
166	US-SAM:5a9f816204a24a429a272cdedd42371d	Awning Canvas Replacement - U.S. Embassy Caracas	STATE, DEPARTMENT OF	2026-09-14T16:00:00+00:00			LOW		s shall be registered in the SAM (System for Award Management) database at https://www.sam.gov prior to submittal of their offer/proposal as	batch-016.json
167	US-SAM:c122b97058264a799e5597ff7d2531d1	Swimming Pool Maintenance Services	STATE, DEPARTMENT OF	2026-08-31T15:00:00+00:00			LOW		e considered non -responsible and no further consideration will be given. Therefore, offerors are highly encouraged to register immed iately	batch-016.json
168	US-SAM:5958294457b74280b0605b5a1975c2b8	Fire suppression system installation	AGRICULTURE, DEPARTMENT OF	2026-08-25T17:00:00+00:00			LOW		ed, and a separate written solicitation will not be issued. Solicitation number is issued as a Request for Quotations. Award will be made on	batch-016.json
169	US-SAM:7a5d5e5da2be46d9b543e80f9097d705	7195--VA AMLK/ PUGET SOUND ACOUSTIC/PRIVACY PANELS	VETERANS AFFAIRS, DEPARTMENT OF	2026-08-28T19:00:00+00:00			LOW		payments by the Government to the contractor will be made in accordance with: 3. INVOICES: Invoices shall be submitted in arrears: a. Quarte	batch-016.json
170	US-SAM:54738e204ebc4abcb668ce36494dcbde	6515--EVOLVE SCOPE CABINET AP: 36C252-26-AP-3608 PR: 578-26-4-1339-1503 PO:	VETERANS AFFAIRS, DEPARTMENT OF	2026-08-26T15:00:00+00:00			LOW		cified for receipt of offers is “late” and will not be considered unless it is received before award is made and the Contracting Officer det	batch-016.json
171	US-SAM:3450db34792a48c08e9a9cd3177da533	Fire suppression system installation	AGRICULTURE, DEPARTMENT OF	2026-08-25T17:00:00+00:00			LOW		ed, and a separate written solicitation will not be issued. Solicitation number is issued as a Request for Quotations. Award will be made on	batch-017.json
172	US-SAM:8b6498cd8e1f4b4c9244c4400a6fe7c9	6530--Surgical Lights for Operating Room	VETERANS AFFAIRS, DEPARTMENT OF	2026-08-26T17:00:00+00:00			LOW		OWNED SMALL BUSINESS PROGRAM EDWOSB 8(A) NAICS: SIZE STANDARD: 11. DELIVERY FOR FOB DESTINA- TION UNLESS BLOCK IS MARKED SEE SCHEDULE 12. DI	batch-017.json
173	US-SAM:52066db8263743069496170007c11d39	6530--PROCUITY LE COMFORT GEL BEDS	VETERANS AFFAIRS, DEPARTMENT OF	2026-08-25T14:00:00+00:00			LOW		acceptance of the equipment. Delivery shall be completed within 120 calendar days after receipt of order unless otherwise approved by the Co	batch-017.json
174	US-SAM:4865e5ec154b4a8084d17594b0e161f4	Hamilton Safe Repairs	HOMELAND SECURITY, DEPARTMENT OF	2026-08-25T00:00:00+00:00			LOW		ate. Submittals shall be provided no later than 10 days from award. The performance period is mandatory. Offers submitted must be valid for 	batch-017.json
175	US-SAM:c7d83c09eb3041ac91f8d353aa5a38cb	6525--Sonosite MT Ultrasound System	VETERANS AFFAIRS, DEPARTMENT OF	2026-08-19T19:00:00+00:00			LOW		accordance with VAAR Clause 852.232-72 Electronic Submission of Payment Requests. ACKNOWLEDGMENT OF AMENDMENTS: The offeror acknowledges rec	batch-017.json
176	US-SAM:73f6f703d42d4508833d05ae2810aac3	4310--VA-26-00071445/659-26-3-6048-0208 TEMP REQUEST MM1402-VACUUM PUMP	VETERANS AFFAIRS, DEPARTMENT OF	2026-08-21T15:00:00+00:00			LOW		[] c. Other [x] Upon Delivery and Acceptance 4. GOVERNMENT INVOICE ADDRESS: All Invoices from the contractor shall be submitted electronical	batch-017.json
177	US-SAM:0dc82ae453d747828f406a496d9dd386	Z--SANTA ELENA GUARDHOUSE LEAD PAINT REMEDIATION AT S	INTERIOR, DEPARTMENT OF THE	2026-08-24T17:00:00+00:00			LOW		Credentials APPENDIX II - PCS Data Sheet APPENDIX III - XRF Data APPENDIX IV - Site Location and Selective Photos APPENDIX V - Schematic Dis	batch-017.json
178	US-SAM:6a3a10f178b541fa8dba266201703ed3	Purchase NSN 5180013414030, TUBE FITTING TOOL KIT	GENERAL SERVICES ADMINISTRATION	2026-08-24T21:00:00+00:00			LOW		____________________________________Title________________________________ Phone: _________________________________ Fax: ____________________	batch-017.json
179	US-SAM:6e1815b7cf7f4c18aa99e7014acc01f3	Emergency Intake Facility and Wrap Around Services for Unaccompanied Alien Children	HEALTH AND HUMAN SERVICES, DEPARTMENT OF	2026-08-19T16:00:00+00:00			LOW		t its permanent bed capacity. These EIF sites will allow ORR to accept referrals from the Department of Homeland Security (U.S. Border Patro	batch-017.json
180	US-SAM:df337e0c2f8f4c50b7d833fa684cbe7a	N--REPLACE BOILER BURNERS	INTERIOR, DEPARTMENT OF THE	2026-08-24T23:00:00+00:00			LOW		SOLICITATION INFORMATION CALL: a. NAME b. TELEPHONE NUMBER (No collect calls) 8. OFFER DUE DATE/ LOCAL TIME 9. ISSUED BY 13b. RATING 14. MET	batch-017.json
181	US-SAM:afe8775691b94c8e98e02055d1ab0116	J--GWMP - BACKUP GENERATOR REPLACE/REPAIR	INTERIOR, DEPARTMENT OF THE	2026-08-24T16:00:00+00:00			LOW		===== FILE: files/B08_Attachment_1-Statement_of_Work.pdf ===== STATEMENT OF WORK (SOW) GWMP Emergency Generator Inspection, Testing, and Pre	batch-018.json
182	US-SAM:075fa3a121f9447980af734d442a8c1a	61--UNITROL 6800-Exciter HMI & Firmware Upgrade	INTERIOR, DEPARTMENT OF THE	2026-08-26T16:00:00+00:00			LOW		3 of 3 PRICE SCHEDULE Line Item No. Supplies/Services UNITROL 6800 - Exciter HMI & Firmware Upgrade Qty Unit Unit Price (U.S. Dollars) Amoun	batch-018.json
183	US-SAM:f2af6992fa4744b8a432023aa15c0a2a	GIMC - Air Quality Testing	HEALTH AND HUMAN SERVICES, DEPARTMENT OF	2026-08-21T23:00:00+00:00			LOW		OW ISSUE DATE DELIVERY FOR FREE ON BOARD (FOB) DESTINATION UNLESS BLOCK IS MARKED 11. SEE SCHEDULEX 12. DISCOUNT TERMS THIS CONTRACT IS A RA	batch-018.json
184	US-SAM:057d98c6192e4660a664ed25f54bf752	Z--AK-KENAI NWR-SKI HILL ROAD RESTORATION	INTERIOR, DEPARTMENT OF THE	2026-08-31T22:00:00+00:00			LOW		IMPORTANT - The "offer" section on the reverse must be fully completed by offeror. NOTE: In sealed bid solicitations "offer" and "offeror" m	batch-018.json
185	US-SAM:a0f4165a7f334a9fa16f988e5733817c	DSS Infusion Therapy Manager IDIQ	VETERANS AFFAIRS, DEPARTMENT OF	2026-08-19T14:00:00+00:00			LOW		RED. 1. On the combined synopsis document it references to see the delivery schedule locations in Section B8 of the solicitation, however, n	batch-018.json
186	TED:566991-2026	Germany – Firefighting vehicles – Beschaffung eines Wechselladerfahrzeuges	Stadtverwaltung Gotha	2026-09-23T10:00:00+02:00			LOW		s 25 May 2018 Verlag Schawe GmbH Buchforststr. 1-15 Tel. +49 (0) 221/9 85 78-0 Fax +49 (0) 221/9 85 78-66 info@subreport.de www.subreport.de	batch-018.json
187	TED:569270-2026	Germany – Installation of fitted kitchens – Greutschule Neubau Ganztagesbetreuung: küchentechnische Einrichtung	Stadtverwaltung Aalen - Hochbauamt	2026-10-06T10:00:00+02:00			LOW		s 25 May 2018 Verlag Schawe GmbH Buchforststr. 1-15 Tel. +49 (0) 221/9 85 78-0 Fax +49 (0) 221/9 85 78-66 info@subreport.de www.subreport.de	batch-018.json
188	TED:566333-2026	Germany – Screed works – Estricharbeiten - Neubau Kita und Bürogebäude Melaten	RWTH Aachen University	2026-09-03T23:59:59+02:00			LOW		clpadfb3 \clpadl20 \clpadfl3 \clpadr20 \clpadfr3 \clbrdrt \clbrdrb \clbrdrr \trql \clvertalt \cellx9595 \intbl {\b1 \cf1 \fi0 \f0 \ri0 \i0 \	batch-018.json
189	TED:569221-2026	Germany – Plumbing and sanitary works – Sanitär Röntgen-Gymnasium Remscheid	Stadt Remscheid, Fachdienst Recht und Vergabe, Abteilung Zentrale Vergabestelle	2026-09-07T23:59:59+02:00			LOW		einem/unserem Teilnahmeantrag eine Referenzliste bei. | Ich/Wir erkläre(n), dass ich/wir in den letzten fünf Kalenderjahren bzw. dem in der 	batch-018.json
190	TED:566554-2026	Germany – Engineering services – Ersatzneubau Kombibad Saarburg, Los 2 - Tragwerksplanung	Verbandsgemeinde Saarburg-Kell	2026-08-31T10:00:00+02:00			LOW		den ausführenden Unternehmern und den sonstigen an der Überwachung fachlich Beteiligten (Fachbauleiter etc.) zu erteilen. 3.2 Der AN ist gru	batch-018.json
191	TED:567580-2026	Germany – Refuse skips – Lieferung von Zwei- und Vierradbehältern	AWIGO Abfallwirtschaft Landkreis Osnabrück GmbH	2026-08-28T12:00:00+02:00			LOW		künfte in angemessenem Umfang zu erteilen. (3) Betriebs - und Geschäftsgeheimnisse des Auftragnehmers sind hierbei angemessen zu schützen. §	batch-019.json
192	TED:552625-2026	Lithuania – Special-purpose motor vehicles – IP_Šaligatvių valymo vakuuminė mašina	UAB "Kauno švara"	2026-09-14T10:00:00+03:00			LOW		Ekonominės veiklos vykdytojai oficialiai sutinka perkančiąjai organizacijai ar perkančiajam subjektui, nurodytam I dalyje, leisti susipažint	batch-019.json
193	TED:569626-2026	Poland – Backup or recovery software package – Dostawa sprzętu oraz licencji do przechowywania kopii zapasowych wraz z przedłużeniem wsparcia, gwarancji i licencji do systemu kopii zapasowyc	Centrum Unijnych Projektów Transportowych	2026-08-25T09:00:00+02:00	2731755.96	PLN	LOW		ż fizycznie zajmują na macierzy. Dane fizycznie alokowane są dopiero w momencie zapisu. Compression - Kompresja danych wykonywana w locie lu	batch-019.json
194	US-SAM:4e850278218043d8bb68bdc1eee3b65d	FMC Rochester FY27 1st Qtr Subsistence	JUSTICE, DEPARTMENT OF	2026-08-27T22:00:00+00:00			LOW		E (RFQ) INVITATION FOR BID (IFB) REQUEST FOR PROPOSAL (RFP) 14. METHOD OF SOLICITATION CODE15. DELIVER TO CODE 15B41216. ADMINISTERED BY Fed	batch-019.json
195	EE-RHR:e96c0aa9-9562-4cf8-8c33-893f715ed3a5	EMSUKA ja murrete tööriistade raamhange	Riigi Tugiteenuste Keskus	2026-09-14T08:00:00+00:00	200000.0	EUR	LOW		===== FILE: files/files_unpacked/310813_ESPD_v2.0_laiendatud.xml ===== <?xml version="1.0" encoding="UTF-8"?> <QualificationApplicationReque	batch-019.json
196	PL-BZP:08defcfd-f5bb-fb31-962b-12000115c5c8	Odnowa Nawierzchni DW 272 na odc. Belno - Sulnowo od km 7+155 do km 9+355 dł. 2,200 km	Województwo Kujawsko - Pomorskie, Pl. Teatralny 2, 87-100 Toruń	2026-09-02T07:45:00+00:00			LOW			batch-019.json
197	US-SAM:65b71c66612f4b0e815dbba65205d9ce	Digital Trace Oxygen Analyzer	DEPT OF DEFENSE	2026-08-20T17:00:00+00:00			LOW		, Contract Specialist; henry.agee@us.af.mil Contact Point(s): Jennifer Blackford, Contracting Officer; jennifer.blackford@us.af.mil Descript	batch-019.json
198	US-SAM:d18e193aa97747eeabbd316cd9bd4501	Corneal Analyzer OPD-Scan III Wavefront Aberrometer	VETERANS AFFAIRS, DEPARTMENT OF	2026-09-20T14:00:00+00:00			LOW		===== FILE: files/SOW_Marco.docx ===== General Conditions and Statement of Work Introduction The San Francisco VA Health Care System has a r	batch-019.json
199	US-SAM:0a82e895d6e049c99c9f5fc336b80f8c	2B MPDE GVNR; repair	DEPT OF DEFENSE	2026-09-01T01:00:00+00:00			LOW		===== FILE: files/38KFA23320_00_A01.pdf ===== Ship/HULL NO. Ship/HULL NAME i ICN: ! Rev: Key Op: LPD-18 USS NEW ORLEANS JON: 38KFA23320 A01 	batch-019.json
200	TED:567356-2026	Germany – Transport services (excl. Waste transport) – Beschaffung von Fahrdienstleistungen zur Schülerbeförderung Heilpädagogische Tagesstätten (HPT) Ebersberg (Los 1) und Markt Schwaben (L	Landkreis Ebersberg	2026-09-16T10:00:00+02:00			LOW		===== FILE: files/Alle_20Vergabeunterlagen_20AV279AEC-EU_unpacked/Automatisierte Nachträge/FristAenderung_26_08_14_09_11_17.pdf ===== [PDF_E	batch-019.json
201	TED:570848-2026	Denmark – Research and development services and related consultancy services – EEA/CCE/TC/26/010 - Topic Centre on Climate Risk and Resilience: Knowledge Development	European Environment Agency (EEA)	2026-09-09T23:59:59+02:00	1900000.0	EUR	LOW		.................................................................... 42 II.24. Checks and audits ...........................................	batch-020.json
202	US-SAM:1074b20df5be4ba687c763c5d87d780d	Crane Services with Operator IDIQ	TRANSPORTATION, DEPARTMENT OF	2026-08-24T19:00:00+00:00			LOW		NE (NO COLLECT CALLS) AREA CODE NUMBER EXT. C. E-MAIL ADDRESS 10. TABLE OF CONTENTS (X) DESCRIPTION PAGE(S) (X) SEC. PAGE(S)DESCRIPTION A B 	batch-020.json
203	US-SAM:bc422fefbc154668be42dab203fd97e9	Los Pinos DxP IRSC - Pagosa Ranger District, San Juan National Forest	AGRICULTURE, DEPARTMENT OF	2026-08-20T20:00:00+00:00			LOW		1400 INDEPENDENCE AVE SW 9. ISSUED BY 7. 2. CONTRACT NO. EFFECTIVE DATE 500 18b. SUBMIT INVOICES TO ADDRESS SHOWN IN BLOCK 18a UNLESS BLOCK 	batch-020.json
204	US-SAM:4cfaa589a85c451daafd3431cb545e74	Installation of Instron Machine	DEPT OF DEFENSE	2026-08-19T20:00:00+00:00			LOW		ction of Existing Vegetation, Structures, Equipment, Utilities, and Improvements 52.236-10 Operations and Storage Areas 52.236-12 Cleaning U	batch-020.json
205	US-SAM:5f9bf707448c4f048ed86aa98891718f	National Museum of the United States Air Force (NMUSAF) Artwork Packaging, Transportation, and Delivery	DEPT OF DEFENSE	2026-08-21T18:00:00+00:00			LOW		SEE SCHEDULE 12. DISCOUNT TERMS 13a.THIS CONTRACT IS A RATED ORDER UNDER THE DEFENSE PRIORITIES AND ALLOCATIONS SYSTEM-DPAS (15 CFR 700) 13b	batch-020.json
206	US-SAM:02838d3d26b541f0b099b34aa97bdc16	Morgantown Field Office (MFO) Insect Taxonomy Support	AGRICULTURE, DEPARTMENT OF	2026-08-31T09:00:00+00:00			LOW		D OR 97204-2829 STE 310 1220 SW 3RD AVE 9. ISSUED BY 7. 2. CONTRACT NO. EFFECTIVE DATE $11.5 18b. SUBMIT INVOICES T O ADDRESS SHOWN IN BLOCK	batch-020.json
207	US-SAM:e162daea769245749ed75ae90ab389a9	Bi-Directional Amplifier (BDA) System Upgrade and Monthly Scheduled Preventative Maintenance, Repair, Calibration and Remedial Service	DEPT OF DEFENSE	2026-09-07T21:00:00+00:00			LOW		investigation results, reasons for a response, remedial actions taken and preventative actions to prevent a recurrence. Contractors must not	batch-020.json
208	US-SAM:b0612d08cb864f8281b00d5bce2377f2	B--Senior C++ programmer to modify the COMPASS model	COMMERCE, DEPARTMENT OF	2026-08-21T19:00:00+00:00			LOW		===== FILE: files/Attachment_01_-_Statement_of_Work_08_06_2026.pdf ===== Statement of Work Requisition 143041-26-0066 The NWFSC Fish Ecology	batch-020.json
209	TED:557790-2026	Germany – Public road transport services – Busverkehrsleistungen auf der VGN-Linie - Linienbündel 1a (63/64)	Landkreis Fürth	2026-08-25T10:00:00+02:00	-1.0	EUR	LOW		nicht. Frage2: Die Haltestelleneinrichtung soll übernommen werden und dann nach Vertragsende kostenfrei dem Landratsamt überlassen werden. G	batch-020.json
210	US-SAM:82905f75f8284524a0f44ed58ca6b4f9	Amend 05 ACB Inmate Call Monitoring W91QF4-26-Q-A021	DEPT OF DEFENSE	2026-08-26T19:00:00+00:00			LOW	transcription,training-course	NUMBER 10B. DATED (SEE ITEM 13) CODE FACILITY CODE SF 30 BLOCK 14 CONTINUATION PAGE SUMMARY OF CHANGES Solicitation/Contract Form Continuati	batch-020.json
211	US-SAM:9a2cba113d944326a0d2c8b81fb66016	Propane for Jeehdeez'a Elementary School	INTERIOR, DEPARTMENT OF THE	2026-08-24T22:00:00+00:00			LOW		SOLICITATION INFORMATION CALL: a. NAME b. TELEPHONE NUMBER (No collect calls) 8. OFFER DUE DATE/ LOCAL TIME 9. ISSUED BY 13b. RATING 14. MET	batch-021.json
212	TED:569116-2026	Germany – Rechargers – Los 3: KFZ-Ladestationen DC 300 kW	ENTEGA Plus GmbH	2026-09-14T09:00:00+02:00			LOW		s 25 May 2018 Verlag Schawe GmbH Buchforststr. 1-15 Tel. +49 (0) 221/9 85 78-0 Fax +49 (0) 221/9 85 78-66 info@subreport.de www.subreport.de	batch-021.json
213	US-SAM:84a4a794d5c747c49145356a31ac1c28	Typhoon Green Waste and Natural Debris Collection and Disposal	DEPT OF DEFENSE	2026-08-24T02:00:00+00:00			LOW		................. 3 3 GENERAL INFORMATION ..................................................................................................	batch-021.json
214	US-SAM:9f3a3f6aa84c41a98d9ee1a633d80838	Dehumidification Carts for Multiple USCG Airframes	HOMELAND SECURITY, DEPARTMENT OF	2026-08-26T18:00:00+00:00			LOW		offers is “late” and will not be considered unless it is received before award is made and the Contracting Officer determines that accepting	batch-021.json
215	US-SAM:c798f4e851204c99ac77af6b21136574	Amendment 2 - Questions, Answers and Boiler Info Attachment - Parker Indian Health Center Boiler Repair Services	HEALTH AND HUMAN SERVICES, DEPARTMENT OF	2026-08-25T20:00:00+00:00			LOW		is being conducted under 238220 – Plumbing, Heating, and Air-Conditioning Contractors. The anticipated contract type is a Firm-Fixed-Price (	batch-021.json
216	US-SAM:72bc36222dd840cfbc63a781c0511d11	FY26 OTS Rappel Tower Demolition Service	DEPT OF DEFENSE	2026-08-24T21:00:00+00:00			LOW		===== FILE: files/Attachment_2_-_Provisions_and_Clauses.pdf ===== Page 1 of 8 DOCUMENT NUMBER F2X3C56147AC01 CLAUSES INCORPORATED BY REFEREN	batch-021.json
217	TED:567621-2026	Germany – Natural gas – Erdgasausschreibung (Stadt Wassenberg)	KWL mbH	2026-09-17T11:00:00+02:00			LOW		: Donnerstag, den 17.09.2026, 11:00 Uhr E-Vergabe: Vergabeplattform BI-Medien Zuschlagsfrist endet am: Freitag, den 09.10.2026 Freitag, 14. 	batch-021.json
218	TED:567570-2026	Germany – Electrotechnical equipment – KWK-138 DT-Anlage MVA Weisweiler - Los 410 Hauptleittechnik	MVA Weisweiler GmbH & Co. KG	2026-09-03T23:59:00+02:00			LOW		s 25 May 2018 Verlag Schawe GmbH Buchforststr. 1-15 Tel. +49 (0) 221/9 85 78-0 Fax +49 (0) 221/9 85 78-66 info@subreport.de www.subreport.de	batch-021.json
219	TED:567166-2026	Germany – Vehicle towing-away services – Rahmenvereinbarungen zu Abschleppleistungen und Sicherstel-lungen von Fahrzeugen für die Kreispolizeibehörde Unna	Kreispolizeibehörde Unna	2026-09-02T23:59:59+02:00			LOW		fähigkeit die Kapazitäten eines anderen Unternehmens (Eignungsleihe nach § 47 VgV) in Anspruch zu nehmen, sind diese Unternehmen zusammen mi	batch-021.json
220	US-SAM:452cf0b08a0c434e8e925462ea9cdfa7	7H20--VERTEX 25EI AUTOMATIC CD BURNER - PACS SYSTEM "BRAND NAME ONLY". OEM LETTER FROM THE MANUFACTURER IS REQUIRED. IF NO OEM LETTER VENDOR WILL BE CONSIDERED NON-RESPONSIVE.	VETERANS AFFAIRS, DEPARTMENT OF	2026-08-21T19:00:00+00:00			LOW		ors must be verified in the SBA Small Business Search Database: https://search.certifications.sba.gov/, at the time of receipt of quotes and	batch-021.json
221	US-SAM:70555840253843769584d3b0c29b06e7	ISBEE/IEE Set Aside Compute Servers and Network Switches	HEALTH AND HUMAN SERVICES, DEPARTMENT OF	2026-09-04T19:00:00+00:00			LOW		e with part 12. This announcement constitutes the only solicitation. Offers are being requested and a separate written solicitation will not	batch-022.json
222	ZA_ETENDERS_OCDS:ocds-9t57fa-165785-2026-08-17	H004L2708RFQ00131	Border Management Authority	2026-08-19T11:00:00+00:00		ZAR	LOW		===== FILE: files/FINAL BMA QUOTE PACK AUG 2026 - RFQ00131.pdf ===== DESCRIPTION: PROVISIONING OF INTERNET SERVICES FOR APP SYSTEM RFQ NUMBE	batch-022.json
223	ZA_ETENDERS_OCDS:ocds-9t57fa-165356-2026-08-12	KZNGFA-RFQ 2026 -10	KZN Growth Fund Trust	2026-08-25T12:00:00+00:00		ZAR	LOW		network point Reception 3rd floor 1 150m HR Dept. 4th floor 1 Office of the CEO 4th floor 1 Projects & Investment Dept. 3rd floor 2 Risk & C	batch-022.json
224	ZA_ETENDERS_OCDS:ocds-9t57fa-165724-2026-08-14	RFQ/SAEON/GRASSLAND/TUBES/123/2026	National Research Foundation	2026-08-19T11:00:00+00:00		ZAR	LOW		===== FILE: files/RFQ Laboratory Tubes.pdf ===== RFQ/SAEON/GRASSLAND/TUBES/123/2026 Page 1 of 21 Ver. Standard 2018-6b Invitation to Quote Y	batch-022.json
225	ZA_ETENDERS_OCDS:ocds-9t57fa-165563-2026-08-13	RFQ 202047	The South African Bureau of Standards (SABS)	2026-08-19T11:00:00+00:00		ZAR	LOW		ose by the Bidder other than for developing their response to it, and all reasonable efforts must be taken by the Bidder to ensure confident	batch-022.json
226	ZA_ETENDERS_OCDS:ocds-9t57fa-165368-2026-08-12	NOTICE 5 OF 2026	BUFFALO CITY METROPOLITAN DEVELOPMENT AGENCY	2026-08-21T12:00:00+00:00		ZAR	LOW		SUBMISSION ADDRESS 69 FRERE ROAD, VINCENT, EAST LONDON (CORNER OF FRERE ROAD AND WINDSOR ROAD VINCENT - USE ENTRANCE AT WINDSOR ROAD) REQUES	batch-022.json
227	US-SAM:873fb156fe7e457faac3313c17094e1f	GUATEMALA - MODULAR STRUCTURAL MEZZANINE	STATE, DEPARTMENT OF	2026-09-14T23:00:00+00:00			LOW		===== FILE: files/RFQ_19GT5026Q0078_-_MODULAR_STRUCTURAL_MEZZANINE.pdf ===== August 17, 2026 Dear Prospective Offeror: Subject: Request for 	batch-022.json
228	US-SAM:82c35740a9f7403ea5544e3271c8ecde	Multi-Layer Insulation (MLI) Blankets	ENERGY, DEPARTMENT OF	2026-09-02T22:00:00+00:00			LOW		19-Feb-2024 APPROVED V.ROGER DATE 20-Feb-2024 USED ON F10138832, F10143503 MATERIAL MLI GROUP: Technical Division - Design and Drafting CAGE	batch-022.json
229	US-SAM:96953a5e264244fc9f859661e0f6c6ad	WELL DRINKING WATER SAMPLE ANALYSIS	INTERIOR, DEPARTMENT OF THE	2026-08-28T23:00:00+00:00			LOW		SOLICITATION INFORMATION CALL: a. NAME b. TELEPHONE NUMBER (No collect calls) 8. OFFER DUE DATE/ LOCAL TIME 9. ISSUED BY 13b. RATING 14. MET	batch-022.json
230	US-SAM:dc7dcdd41eae4a8db03118d758ce18e7	Medication Carts and BCMA Scanners	VETERANS AFFAIRS, DEPARTMENT OF	2026-08-26T10:00:00+00:00			LOW		RAM EDWOSB 8(A) NAICS: SIZE STANDARD: 11. DELIVERY FOR FOB DESTINA- TION UNLESS BLOCK IS MARKED SEE SCHEDULE 12. DISCOUNT TERMS 13a. THIS CO	batch-022.json
231	US-SAM:c391a4686f5f465d86f949ce5396f3cc	MN SHERBURNE NWR 74 HP 4WD LOADER	INTERIOR, DEPARTMENT OF THE	2026-08-27T21:00:00+00:00			LOW		SOLICITATION INFORMATION CALL: a. NAME b. TELEPHONE NUMBER (No collect calls) 8. OFFER DUE DATE/ LOCAL TIME 9. ISSUED BY 13b. RATING 14. MET	batch-023.json
232	US-SAM:13f8ff3f9d29428facc70f3a715d92b6	399nm Optical Assembly for Laser Conditioning	COMMERCE, DEPARTMENT OF	2026-08-27T17:00:00+00:00			LOW		===== FILE: files/NB688000-26-02470_Attch_1_Requirements_and_Specifications.pdf ===== Requirements / Specification Document Requirements / S	batch-023.json
233	US-SAM:1fba640b7e1e4303b44568a07bd6b3db	FDA upper limb prosthesis system w/TASKA hand	HEALTH AND HUMAN SERVICES, DEPARTMENT OF	2026-08-25T19:00:00+00:00			LOW		can Industry Classification System (NAICS) Code 339113 - Surgical Appliances and Supplies Manufacturing, with a Small Business Size Standard	batch-023.json
234	US-SAM:ab0869d1e3d34099b7a422c3f83281c3	Z--GRSM ROAD STRIPING	INTERIOR, DEPARTMENT OF THE	2026-08-24T20:00:00+00:00			LOW		===== FILE: files/A04_ATTACHMENT_001_-_SOW_Roadside_Striping_Parkwide.pdf ===== Statement of Work Roadway Striping Great Smoky Mountains Nat	batch-023.json
235	US-SAM:d5475a779df846599762ea63e768547b	6515--OPHTHALMIC ULTRASOUND SYSTEM AND ACCESSORIES	VETERANS AFFAIRS, DEPARTMENT OF	2026-08-24T19:00:00+00:00			LOW		es AND instructions are added as addenda: 52.212-2 EVALUATION—COMMERCIAL PRODUCTS AND COMMERCIAL SERVICES. (a) Evaluation factors. The Gover	batch-023.json
236	US-SAM:a6944eb312ea4ace829b832970f67716	Stretchers	HEALTH AND HUMAN SERVICES, DEPARTMENT OF	2026-08-21T21:00:00+00:00			LOW		sued. d Solicitation #IHS1528521 and this notice is issued as a Request for Quotation (RFQ). This is a combined synopsis/solicitation for co	batch-023.json
237	US-SAM:75d8120a6581429b9ea1caa07a65a3b3	First Article Testing of Rubber Formulas	DEPT OF DEFENSE	2026-08-24T12:00:00+00:00			LOW		===== FILE: files/GFPN3904026Q5335_1.pdf ===== GFP Attachment Status: Reviewed GFP Attachment Information: Solicitation Information: Provisi	batch-023.json
238	US-SAM:2a4c4f5ca1c04d9ea78f6874714152db	S--10 Roll-off Dumpster and Debris Removal, NPS-PORE	INTERIOR, DEPARTMENT OF THE	2026-08-24T21:00:00+00:00			LOW		===== FILE: files/Att_02_SOW_Dumpster_and_Debris_Removal.pdf ===== Statement of Work (SOW) Roll-Off Dumpster Delivery, Rental, Hauling, and 	batch-023.json
239	US-SAM:810e1a7bdb9d47c49aa4f7fcfcac5038	Liquid Nitrogen Supply - San Juan	HEALTH AND HUMAN SERVICES, DEPARTMENT OF	2026-08-24T14:00:00+00:00			LOW		PRICE SCHEDULE Offerors shall provide firm-fixed pricing for each contract period. The Liquid Nitrogen unit price shall be quoted on a per-g	batch-023.json
240	US-SAM:5f1eba49ae954cf493ce97c2ca48bbf9	56--EO14398 TRAIL AGGREGATE - GLBA	INTERIOR, DEPARTMENT OF THE	2026-08-21T21:00:00+00:00			LOW		===== FILE: files/B08_Sol_Specifications.pdf ===== National Park Service Glacier Bay National Park & Preserve Supply Trail Surface Aggregate	batch-023.json
241	US-SAM:e430e6d471b74cd9827284010fd0d6fe	Enterprise-wide OT/ICS/FRCS Modernization and Integration Prototype 1.0 (ICED-603)	DEPT OF DEFENSE	2026-09-01T16:00:00+00:00			LOW		GFI) detailing physical and cybersecurity discrepancies for 2 standardized sample locations. Offerors shall demonstrate their technical capa	batch-024.json
242	US-SAM:13dc5e62ea304d2e8ccfd2a992379989	NSAND Gaeta Floating Pier	DEPT OF DEFENSE	2026-08-31T08:00:00+00:00			LOW		DATE 7. FOR SOLICITATION INFORMATION CALL: a. NAME b. TELEPHONE NUMBER (No collect calls) 8. OFFER DUE DATE/ LOCAL TIME 9. ISSUED BY 13b. RA	batch-024.json
243	US-SAM:fd0852967918430e9244ad12923c1dc8	Berla iVe Automobile Forensic License Support	DEPT OF DEFENSE	2026-08-24T19:00:00+00:00			LOW		===== FILE: files/A0001_-_Statement_of_Work_.pdf ===== 1 Statement of Work (SOW) for Berla iVe Automobile Forensic License Support 12 Mar 20	batch-024.json
244	US-SAM:73b0d33becde4e33bd4a6259e981df0e	Basic Radar Concepts Course	DEPT OF DEFENSE	2026-08-21T22:00:00+00:00			LOW		===== FILE: files/Combined_Synopsis_Solicitation_-_N6426726Q4243_Redacted.pdf ===== Section A - Solicitation/Contract Form PA40 Georgia Tech	batch-024.json
245	TED:568798-2026	Germany – Miscellaneous business-related services – Bestellung eines externen Datenschutzbeauftragten für den Forschungsverbund Berlin e.V.	Forschungsverbund Berlin e.V.	2026-09-28T10:00:00+02:00			LOW		Vertrag geschlossen wird, gelten diese Vertragsbe- dingungen ergänzend und nachrangig, soweit der gesonderte Vertrag einzelne Regelungsberei	batch-024.json
246	TED:567057-2026	Germany – Guard services – Pforten- und Sicherheitsdienst IHK-Forum	Industrie- und Handelskammer zu Dortmund	2026-09-08T23:59:59+02:00	225000.0	EUR	LOW		===== FILE: files/1_20Leistungsbeschreibung_20Pforten-_20und_20Sicherheitsdienst_202_2026.pdf ===== Vergabenummer: 2/2026 Pforten- und Siche	batch-024.json
247	EE-RHR:736bd2a2-fb4e-4af9-8a43-051e3b9d31b2	Kohtla-Järve linnas korraldatud jäätmeveo teenuse osutaja leidmine	Kohtla-Järve Linnavalitsus	2026-08-24T07:00:00+00:00	6000000.0	EUR	LOW		===== FILE: files/files_unpacked/299212_ESPD_v2.0_laiendatud.xml ===== <?xml version="1.0" encoding="UTF-8"?> <QualificationApplicationReque	batch-024.json
248	TED:555411-2026	Germany – Firefighting vehicles – Lieferung Gerätewagen Wechsellader mit Hakengerät und Ladekran für die Feuerwehr Offenburg (2 Lose)	Stadt Offenburg, Fachbereich Bauservice, Zentrale Vergabestelle	2026-09-10T10:00:00+02:00			LOW			batch-024.json
249	US-SAM:9fcbf7dddb9c411686248c9216c7bf58	US Native Turtles - Housing Care Testing	INTERIOR, DEPARTMENT OF THE	2026-08-31T17:00:00+00:00			LOW		only solicitation; quotes are being requested and a written solicitation will not be issued. This is a Request For Quote (RFQ). NAICS is 541	batch-024.json
250	TED:571807-2026	Slovenia – Software programming and consultancy services – VKS-101/26 OPTIMIZACIJA ZBIRANJA KOMUNALNIH ODPADKOV IN VZPOSTAVITEV ENOTNEGA SISTEMA UPRAVLJANJA VOZNEGA PARKA JP VOKA SNAGA D.O.O	JAVNO PODJETJE VODOVOD KANALIZACIJA SNAGA d.o.o.	2026-09-04T10:00:00+02:00			LOW		odvoza odpadkov. Priprava vektorske cestne mreže za odvoz odpadkov Izvajalec mora zagotoviti obdelavo in prilagoditev cestnega omrežja za po	batch-024.json
251	US-SAM:5b317b19dceb4bdb8d0a49b0a3e17e58	CD Spectropolarimeter System (Including Autosampler, Peltier Control, Software, PC) + 2 years of Post warranty maintenance	HEALTH AND HUMAN SERVICES, DEPARTMENT OF	2026-08-24T19:00:00+00:00			LOW		business under the applicable NAICS may submit a quote. Schedule of Supplies or Services and Prices/Costs. Prices shall be inclusive of all 	batch-025.json
252	TED:571058-2026	Lithuania – Software-related services – VSFSVVP IS vystymo, palaikymo ir garantinio aptarnavimo paslaugų pirkimas (TP)	Viešoji įstaiga Centrinė projektų valdymo agentūra	2026-09-21T09:30:00+03:00	396694.0	EUR	LOW		sipažinti su dokumentais, kuriais patvirtinama informacija, pateikta šio Europos bendrojo viešųjų pirkimų dokumento [nurodyti atitinkamą dal	batch-025.json
253	US-SAM:7818a6fcccae4477baef84cb99610af7	USWFS GB UNIT 1 ESR FY26 CATTLE GUARDS	INTERIOR, DEPARTMENT OF THE	2026-08-27T18:00:00+00:00			LOW		Note: All anchor bolt and lifting point inserts will be within 1/4" tolerance. I 1-- I Star type P-46-T (5/8" x 2 7 /8") inserts with 5/8" x	batch-025.json
254	PL-BZP:08def6e9-a553-baf3-962b-120001b3f780	Wykonanie dokumentacji budowlano-wykonawczej na rewitalizację wraz z przebudową budynku H - Fangorówki PAN Ogrodu Botanicznego-CZRB w Powsinie	Polska Akademia Nauk Ogród Botaniczny - Centrum Zachowania Różnorodności Biologicznej w Powsinie	2026-08-20T09:00:00+00:00			LOW			batch-025.json
255	US-SAM:37d30f6d7db1484b821a034b992811ec	Leica VT1200S Vibrating Blade Microtomes	VETERANS AFFAIRS, DEPARTMENT OF	2026-08-31T18:00:00+00:00			LOW		mmodities described below. Leica VT1200S Vibrating Blade Microtome, BRAND NAME ONLY BACKGROUND/OBJECTIVE: The Jesse Brown VAMC, Research Dep	batch-025.json
256	TED:567313-2026	France – Medical equipments – Acquisition et maintenance de soudeuses de tubulures, mobiles, mono-têtes et multi-têtes compatibles PVC et/ou EVA pour l’EFS (DROM inclus) et le CTSA	Etablissement français du sang	2026-09-23T12:00:00+02:00			LOW		l'exécution des marchés en cours avec l’EFS à un co-traitant dont l'entité est détenue à plus de 50% de manière directe ou indirecte par une	batch-025.json
257	TED:568922-2026	Lithuania – Electrical power systems design services – Vilniaus troleibusų kontaktinio tinklo elektros pastočių sistemos matavimų, analizės ir techninių darbo projektų parengimo paslaugos	UAB Vilniaus viešasis transportas (PV)	2026-08-28T10:00:00+03:00		EUR	LOW		(kitų) pirkimo procedūrų. Ekonominės veiklos vykdytojai oficialiai sutinka perkančiąjai organizacijai ar perkančiajam subjektui, nurodytam I	batch-025.json
258	US-SAM:782676dbd27a456ab70b945ef61c3494	Granite Canyon rental house for MMTD Survey	COMMERCE, DEPARTMENT OF	2026-08-21T20:00:00+00:00			LOW		SOLICITATION INFORMATION CALL: a. NAME b. TELEPHONE NUMBER (No collect calls) 8. OFFER DUE DATE/ LOCAL TIME 9. ISSUED BY 13b. RATING 14. MET	batch-025.json
259	US-SAM:628d0e56848d4e71b8e341059425ddb1	S--Chemical Disposal Services for Many Farms High Sch	INTERIOR, DEPARTMENT OF THE	2026-08-24T21:00:00+00:00			LOW		SOLICITATION INFORMATION CALL: a. NAME b. TELEPHONE NUMBER (No collect calls) 8. OFFER DUE DATE/ LOCAL TIME 9. ISSUED BY 13b. RATING 14. MET	batch-025.json
260	US-SAM:915ab746c6fa4c3b82a899b44a06ba6e	Columbus HD Upgrade	DEPT OF DEFENSE	2026-08-19T19:00:00+00:00			LOW		alendar days after the site visit. A record of the site visit and answers to the questions submitted will be distributed to all contractors 	batch-025.json
261	US-SAM:d42aff8b96f64f2e9265b532f7aa146d	Highspeed Optical Tracking Markerless Cameras Install	COMMERCE, DEPARTMENT OF	2026-08-18T23:00:00+00:00			LOW		===== FILE: files/Attachment_1_-_Draft_SOW.pdf ===== Statement of Work Highspeed Optical Tracking Markerless Cameras Requesting Laboratory /	batch-026.json
262	US-SAM:03e0f798d45941cf9ce195549d628138	ARSR-4 Test Station	TRANSPORTATION, DEPARTMENT OF	2026-08-31T19:00:00+00:00			LOW		scription ......................................................................... 1-1 1.2.2 Physical Description .........................	batch-026.json
263	TED:567051-2026	Germany – Measuring instruments – Ge-detector	Helmholtz-Zentrum Dresden-Rossendorf e.V.	2026-09-15T14:00:00+02:00			LOW		===== FILE: files/Vergabeunterlagen_EUOV2611_Ge-detector _20260814T122756_unpacked/Dateien für Angebot/01A_Performance Specfication and Pric	batch-026.json
264	TED:556476-2026	Poland – Computer equipment and supplies – Dostawa komputerów laboratoryjnych	Politechnika Lubelska	2026-09-15T10:00:00+02:00			LOW		ykonawca oficjalnie wyraża zgodę na to, aby instytucja zamawiająca lub podmiot zamawiający określone w części I uzyskał(-a)(-o) dostęp do do	batch-026.json
265	TED:571228-2026	Poland – Software package and information systems – Odnowienie serwisów utrzymania infrastruktury serwerowej w COPD i ZOPD oraz rozbudowa deduplikatora	Sąd Apelacyjny w Katowicach	2026-09-21T12:00:00+02:00			LOW		arLeft w:val="0"/><w:marRight w:val="0"/><w:marTop w:val="0"/><w:marBottom w:val="0"/><w:divBdr><w:top w:val="none" w:sz="0" w:space="0" w:c	batch-026.json
266	ZA_ETENDERS_OCDS:ocds-9t57fa-165731-2026-08-14	RFQSSS003/08/2026	IKHALA PUBLIC TVET COLLEGE	2026-08-28T11:00:00+00:00		ZAR	LOW		e your Company Name) Physical documents can be collected from Ikhala TVET Central Office, Zone D, Gwadana Drive, Ezibeleni, 5326 between 08:	batch-026.json
267	ZA_ETENDERS_OCDS:ocds-9t57fa-165827-2026-08-17	OVI01REQ004471	Agricultural Research Council	2026-08-24T11:00:00+00:00		ZAR	LOW		===== FILE: files/OVI01REQ004471.pdf ===== Page 1 of 12 Request for Quotation RFQ NUMBER: OVI01REQ004471 CLOSING DATE: Date: 24 August 2026 	batch-026.json
268	ZA_ETENDERS_OCDS:ocds-9t57fa-165566-2026-08-13	ICASA 10-2026	Independent Communications Authority of South Africa (ICASA)	2026-09-11T11:00:00+00:00		ZAR	LOW		ral 3.1 Unless otherwise indicated in the bidding documents, the purchaser shall not be liable for any expense incurred in the preparation a	batch-026.json
269	ZA_ETENDERS_OCDS:ocds-9t57fa-165819-2026-08-17	DOH 262-2026/2027	Health	2026-08-31T11:00:00+00:00		ZAR	LOW		BASED A CONTRACTOR UNDER NEC4 TERM SERVICE CONTRACT FOR THE ATTENDANCE TO LATENT DEFECTS AND EMERGENCY WORKS AT THENGWE CLINIC, THOHOYANDOU 	batch-026.json
270	US-SAM:3b14ea9d1a88464abdbcb3eb7f245bf3	OWYHEE DESERT HAZARDOUS FUEL BREAK MOWING FY26	INTERIOR, DEPARTMENT OF THE	2026-09-04T20:00:00+00:00			LOW		===== FILE: files/A04_Owyhee_Mow_SOW_Final.docx ===== I. General Information and Requirements Description of Work Specifications and Limitat	batch-026.json
271	US-SAM:fa3ebffdb0dc4816884ac59a8bf86764	Safety Boots Follow-On for Fort Riley, KS	DEPT OF DEFENSE	2026-08-28T17:00:00+00:00			LOW		BOOTS PURCHASE DESCRIPTION SALIENT CHARACTERISTICS: The Government has a requirement for the supply of varying quantities/sizes/types of saf	batch-027.json
272	US-SAM:7236ba90c32642abac62b78ce031cec3	Y--EAST CANAL EFFICIENCY IMPROVEMENTS	INTERIOR, DEPARTMENT OF THE	2026-08-31T18:00:00+00:00			LOW		e outside of the East Canal and may be completed during irrigation season: a. West Loutsenhizer Diversion Pipeline Concrete Inlet Structure 	batch-027.json
273	US-SAM:89b93887b5fd4d95a24f0e35d8d28a77	OR - Klamath Marsh NWR -FUEL REDUCTION Site A	INTERIOR, DEPARTMENT OF THE	2026-08-26T14:00:00+00:00			LOW		d in this notice and award. This announcement constitutes the only solicitation; quotes are being requested and a written solicitation will 	batch-027.json
274	US-SAM:f8b271038f834f8b93e3e9b87f7a2f09	Intent to Solicit Only One Source for Five (5) lapping systems with accompanying cabinetry for housing the lapping system and associated consumables.	DEPT OF DEFENSE	2026-08-25T15:59:00+00:00			LOW		The solicitation document and incorporated provisions and clauses are those in effect through Federal Acquisition Circular 2026-01 effective	batch-027.json
275	US-SAM:8e8af41eaaf048cd8c156522834c821a	DPGDS BOM Procurement for 249th EN BAT	DEPT OF DEFENSE	2026-08-25T14:00:00+00:00			LOW		N ISSUE DATE 7. FOR SOLICITATION INFORMATION CALL: a. NAME b. TELEPHONE NUMBER (No collect 8. OFFER DUE DATE/ LOCAL TIME 9. ISSUED BY 13b. R	batch-027.json
276	US-SAM:6c3243a3acf14f4db610526f9671466b	OR - Klamath Marsh NWR -FUEL REDUCTION	INTERIOR, DEPARTMENT OF THE	2026-08-24T14:00:00+00:00			LOW		d in this notice and award. This announcement constitutes the only solicitation; quotes are being requested and a written solicitation will 	batch-027.json
277	US-SAM:ab16f3cc355a4b5e9c7607bc9c6a6758	S--Selawik NWR Snow Removal BPA	INTERIOR, DEPARTMENT OF THE	2026-08-21T19:00:00+00:00			LOW		SOLICITATION INFORMATION CALL: a. NAME b. TELEPHONE NUMBER (No collect calls) 8. OFFER DUE DATE/ LOCAL TIME 9. ISSUED BY 13b. RATING 14. MET	batch-027.json
278	US-SAM:f2dbb38f95534b668c773d30d2d3be3c	Astrion EPOCH 650 Digital Ultrasonic Flaw Detector	NATIONAL AERONAUTICS AND SPACE ADMINISTRATION	2026-08-21T20:00:00+00:00			LOW		===== FILE: files/SATPC0042484_Tab_04_4_SOW.pdf ===== STATEMENT OF WORK 1. Objective/Requirements The information listed below is required t	batch-027.json
279	US-SAM:a76d683267b1459caf7598c5d325d582	Nihon Kohden NeuroCart-Plus	DEPT OF DEFENSE	2026-09-26T17:00:00+00:00			LOW		DATE 7. FOR SOLICITATION INFORMATION CALL: a. NAME b. TELEPHONE NUMBER (No collect calls) 8. OFFER DUE DATE/ LOCAL TIME 9. ISSUED BY 13b. RA	batch-027.json
280	TED:567238-2026	Lithuania – Rotating evaporators – Rotacinio garintuvo pirkimas (atviras tarptautinis)	Lietuvos sveikatos mokslų universitetas (PV)	2026-09-21T10:00:00+03:00	8799.0	EUR	LOW		us dokumentus iš ankstesnių (kitų) pirkimo procedūrų. Ekonominės veiklos vykdytojai oficialiai sutinka perkančiąjai organizacijai ar perkanč	batch-027.json
281	PL-BZP:08def6df-8f89-147e-962b-120001b3f6af	Usługa kompleksowej organizacji wizyt studyjnych na rzecz Centrum Doradztwa Rolniczego w Brwinowie Oddział w Krakowie II półrocze 2026	Centrum Doradztwa Rolniczego w Brwinowie	2026-08-19T08:00:00+00:00			LOW		soję i bobik. Uwzględniono przy tym zarówno wyniki badań krajowych, jak i za- granicznych. Słowa kluczowe: strączkowe, Fabaceae, BW AA, inok	batch-028.json
282	TED:556212-2026	Poland – Firefighting vehicles – Zakup średniego samochodu ratowniczo – gaśniczego dla Ochotniczej Straży Pożarnej w Trąbkach Wielkich	OCHOTNICZA STRAŻ POŻARNA W TRĄBKACH WIELKICH	2026-09-08T10:00:00+02:00			LOW		onawca oficjalnie wyraża zgodę na to, aby instytucja zamawiająca lub podmiot zamawiający określone w części I uzyskał(-a)(-o) dostęp do doku	batch-028.json
283	TED:554504-2026	Poland – Sewage treatment works – Modernizacja, rozbudowa i remont oczyszczalni ścieków w Nowym Targu	Miejski Zakład Wodociągów i Kanalizacji w Nowym Targu sp. z o.o.	2026-08-25T11:00:00+02:00			LOW		tację. Wykonawca oficjalnie wyraża zgodę na to, aby instytucja zamawiająca lub podmiot zamawiający określone w części I uzyskał(-a)(-o) dost	batch-028.json
284	TED:568962-2026	Estonia – Adult and other education services – Eesti.ai koolitajate tellimine (Riigikantselei)	Riigi Tugiteenuste Keskus	2026-08-21T11:00:00+03:00	5000000.0	EUR	LOW		.microsoft.com/office/word/2018/wordml" xmlns:w16du="http://schemas.microsoft.com/office/word/2023/wordml/word16du" xmlns:w16sdtdh="http://s	batch-028.json
285	TED:566747-2026	Germany – Architectural services for buildings – Erfüllung des Ganztagsanspruchs an der Gemeinschaftsgrundschule Roetgen - Neubau Gebäude OGS / Mensa und Neugestaltung Schulhof	Stadt Aachen - Zentrale Vergabestelle FB60/300	2026-09-02T23:59:59+02:00			LOW		on Titan, Aluminium, Kupfer, Nickel, Palladium und Eisenerz aus oder durch Russland in die Union, oder f) den Kauf , die Einfuhr oder die Be	batch-028.json
286	TED:568897-2026	Germany – Financial consultancy services – 10021232 - Supporting the Financial Institutions Green Transition	Deutsche Gesellschaft für Internationale Zusammenarbeit (GIZ) GmbH	2026-08-31T23:59:59+02:00			LOW		n Country: Jordan Procedure type: Negotiated procedure with competitive tender Invitation to submit a request to participate Dear Sir/Madam,	batch-028.json
287	TED:569068-2026	Germany – Electrical machinery, apparatus, equipment and consumables; lighting – Kauf einer Vollkommissionierautomation für die Krankenhausapotheke, Gesamt-Aufnahmefähigkeit: 70.000 Klinik-P	Klinikum der Ludwig-Maximilians-Universität München (LMU Klinikum)	2026-08-21T23:59:59+02:00			LOW		ßlich die Summe der im Preisblatt als wertungsrelevant gekennzeichneten Positionen herangezogen. Die Preise für die Optionspositionen sind z	batch-028.json
288	TED:567388-2026	Germany – Office furniture – Rahmenvertrag über die Lieferung von Büromöbeln für die Stadt Salzgitter	Stadt Salzgitter	2026-09-07T23:59:59+02:00			LOW		von Fußboden bis Ende Rückenlehne ca. 83 cm, GS oder gleichwertig geprüft, Belastbarkeit ca. 110 kg, Sitzfläche mit Gestell verschraubt ====	batch-028.json
289	US-SAM:6a4b42dfe79d4fb19eb44f96d629105b	NATO Business Opportunity: Commercial-off-the Shelf (COTS) Event Management Software Platform	COMMERCE, DEPARTMENT OF	2026-09-17T13:00:00+00:00			LOW		............................................................................................ 7 19. Communications ..........................	batch-028.json
290	TED:558584-2026	Germany – Installation of metal joinery except doors and windows – RPTU KL-Landau, Modernisierung Küche, Erweiterung Spülküche, Küchentechnik Küche	Land Rheinland-Pfalz, vertreten durch das Ministerium der Finanzen, vertreten durch den Landesbetrieb Liegensc	2026-09-15T10:00:00+02:00			LOW		tehend als Anlagen bezeichnet, die in der/den Bestandsliste/n vom33 24.09.2025 aufgeführt sind. Die Bestandsliste/n ist/sind Vertragsbestand	batch-028.json
291	TED:567204-2026	Germany – Plasterboard works – Neubau eines Kinderhauses mit Hort-, Kindergarten- und Krippenflächen	Montessori-Pädagogik Erlangen e.V.	2026-09-15T12:00:00+02:00			LOW		s 25 May 2018 Verlag Schawe GmbH Buchforststr. 1-15 Tel. +49 (0) 221/9 85 78-0 Fax +49 (0) 221/9 85 78-66 info@subreport.de www.subreport.de	batch-029.json
292	US-SAM:6a1609f79d2b434ab2225ef45af79b2f	VANCHCS Customizable Communication Platform Digital Signage	VETERANS AFFAIRS, DEPARTMENT OF	2026-08-31T22:00:00+00:00			LOW		RAM EDWOSB 8(A) NAICS: SIZE STANDARD: 11. DELIVERY FOR FOB DESTINA- TION UNLESS BLOCK IS MARKED SEE SCHEDULE 12. DISCOUNT TERMS 13a. THIS CO	batch-029.json
293	TED:566399-2026	Germany – Demolition work – Sanierung und Umbau Mühlenweg 61 für Musikschule und Neues Gymnasium Wilhelmshaven	Stadt Wilhelmshaven, FB 30 Rechtsamt, Zentrale Vergabestelle	2026-09-16T09:00:00+02:00			LOW		s 25 May 2018 Verlag Schawe GmbH Buchforststr. 1-15 Tel. +49 (0) 221/9 85 78-0 Fax +49 (0) 221/9 85 78-66 info@subreport.de www.subreport.de	batch-029.json
294	US-SAM:ca3475a439724b55a3429a34ac9fb6cd	New Mexico Air National Guard (NMANG) Advertising Services	DEPT OF DEFENSE	2026-09-08T20:00:00+00:00			LOW		nt_1_-_PWS_Goathead_FINAL.pdf ===== July 14, 2026 1 | P a g e Performance Work Statement (PWS) FOR New Mexico Air National Guard Sports Fran	batch-029.json
295	US-SAM:6667495be5ef4e57be9ac4f21d694301	FY27 Shredder Services Recompete	DEPT OF DEFENSE	2026-08-24T16:00:00+00:00			LOW		ducted under the authority of FAR Overhaul, Part 12, Acquisition of Commercial Products and Commercial Services. The solicitation document a	batch-029.json
296	US-SAM:6899b15401e14df3be4d10afb28233a0	STOWAGE LOCKER	DEPT OF DEFENSE	2026-08-24T18:00:00+00:00			LOW		DATE 7. FOR SOLICITATION INFORMATION CALL: a. NAME b. TELEPHONE NUMBER (No collect calls) 8. OFFER DUE DATE/ LOCAL TIME 9. ISSUED BY 13b. RA	batch-029.json
297	TED:567800-2026	Germany – Firefighting vehicles – Ein Hilfeleistungs-Löschgruppenfahrzeug HLF20	Stadt Ludwigsburg	2026-09-22T10:00:00+02:00			LOW		n Rahmenvereinbarung geschlossen: Keine Rahmenvereinbarung Angaben zum dynamischen Beschaffungssystem: Kein dynamisches Beschaffungssystem B	batch-029.json
298	TED:566830-2026	Lithuania – Uninterruptible power supplies – Nepertraukiamo maitinimo šaltiniai (UPS) LAN aktyviai įrangai NUTRAUKTAS	Valstybinio socialinio draudimo fondo valdyba prie Socialinės apsaugos ir darbo ministerijos	2026-08-31T09:00:00+03:00			LOW		ankstesnių (kitų) pirkimo procedūrų. Ekonominės veiklos vykdytojai oficialiai sutinka perkančiąjai organizacijai ar perkančiajam subjektui, 	batch-029.json
299	TED:567722-2026	Lithuania – Pipeline relaying works – Šilumos tinklų paskirties statinių (inžinerinių tinklų grupės) nuo ŠK 6T-15 iki ŠK 6T-20 Baltų pr., Kaune, rekonstravimo darbų pirkimas	AB „Kauno energija“ (PV)	2026-08-27T10:00:00+03:00	1300000.0	EUR	LOW		esnių (kitų) pirkimo procedūrų. Ekonominės veiklos vykdytojai oficialiai sutinka perkančiąjai organizacijai ar perkančiajam subjektui, nurod	batch-029.json
300	ZA_ETENDERS_OCDS:ocds-9t57fa-165433-2026-08-13	MBTC-SCM/128/2026	Mandela Bay Theatre Complex	2026-08-20T11:00:00+00:00		ZAR	LOW		osing date and time of the quotation request. e) Quotation must be valid for a period of 90 days. f) Supplier must break down the prices whe	batch-029.json
301	ZA_ETENDERS_OCDS:ocds-9t57fa-165815-2026-08-17	MBTC-SCM/132/2026	Mandela Bay Theatre Complex	2026-08-24T11:00:00+00:00		ZAR	LOW		) Supplier to adhere to the closing date and time of the quotation request. e) Quotation must be valid for a period of 90 days. f) Supplier 	batch-030.json
302	ZA_ETENDERS_OCDS:ocds-9t57fa-165559-2026-08-13	0010573977	Electoral Commission (IEC)	2026-09-03T11:00:00+00:00		ZAR	LOW		===== FILE: files/LGE2026 Universal Ballot template _ 0010573977.pdf ===== ELECTORAL COMMISSION BID SPECIFICATIONS UNIVERSAL BALLOT TEMPLATE	batch-030.json
303	US-SAM:6ee95a2c48aa45cd8b8e9dc2366c4c6b	BELA/QUARTZ CREEK PORTABLE FUEL TANK	INTERIOR, DEPARTMENT OF THE	2026-09-04T01:00:00+00:00			LOW		SOLICITATION INFORMATION CALL: a. NAME b. TELEPHONE NUMBER (No collect calls) 8. OFFER DUE DATE/ LOCAL TIME 9. ISSUED BY 13b. RATING 14. MET	batch-030.json
304	US-SAM:1cce3da03a5c45e08d39016e0872e54f	Spacecraft Processing and Operations Contract (SPOC) On-Ramp	NATIONAL AERONAUTICS AND SPACE ADMINISTRATION	2026-09-17T00:00:00+00:00			LOW		ustry interest and capability, assist the Agency in developing the acquisition strategy, and facilitate consideration of a potential small b	batch-030.json
305	US-SAM:7bfbadc726404418a173c091eb412bef	FCI TALLADEGA 1ST QTR 281 Dairy Solicitation	JUSTICE, DEPARTMENT OF	2026-08-31T21:00:00+00:00			LOW		CFR 700) 13b. RATING X REQUEST FOR QUOTE (RFQ) INVITATION FOR BID (IFB) REQUEST FOR PROPOSAL (RFP) 14. METHOD OF SOLICITATION CODE15. DELIVE	batch-030.json
306	US-SAM:ccbf35eacccf424782db4206e2f7521c	FY27_Purchase Agents for Air Force Credentialing Opportunities On-Line (AFCOOL)_Draft Solicitation Questions and Answers	DEPT OF DEFENSE	2026-08-21T21:00:00+00:00			LOW		extend the time required to issue the CAC card. The 10-day gap pertains to turnover throughout the contract period. 8. PWS 3.4 (SS 02) Servi	batch-030.json
307	US-SAM:f553bd0bcbbe4f49b2d0fb443483f76e	Total Small Business Set Aside for Brand Name or Equal - A/V Laptops	DEPT OF DEFENSE	2026-08-20T16:00:00+00:00			LOW		ware, Software, and Services Developed or Provided by Kaspersky Lab and Other Covered Entities (Nov 2021) 52.204-24 Representation Regarding	batch-030.json
308	US-SAM:9f59f8398e014950a96f2e3986f6ef27	SOLICITATION- US ARMY West Point Moving, Relocation of Archives Special Collections	DEPT OF DEFENSE	2026-08-24T16:00:00+00:00			LOW		===== FILE: files/PAN_050061_W911SD-26-Q-A103_SOW_SAM_Library_Relocation.pdf ===== STATEMENT OF WORK DESCRIPTION OF SERVICES SCOPE OF WORK T	batch-030.json
309	US-SAM:03cfd13ace3340cb8f140bedff78662b	Liquid Helium Dewars and Piping for the Helium Liquefier System	NATIONAL AERONAUTICS AND SPACE ADMINISTRATION	2026-08-24T18:00:00+00:00			LOW		===== FILE: files/SATPC0042028_Tab_04_4_Specifications.pdf ===== Title: HeLD Helium Dewar Specification (HeLD-SPEC-019) NASA Glenn Research 	batch-030.json
310	US-SAM:469ec74f245d4d59aec6f3e3665d31f8	Nitrogen Generator System	DEPT OF DEFENSE	2026-08-21T21:30:00+00:00			LOW		for Nitrogen Generator System What electrical power do you have available for this unit? (Volts, Amps, Hertz.) As shown in the photos, the p	batch-030.json
311	TED:568561-2026	Lithuania – Tools – 2026-ESO-738-10 kV teleskopinės lazdos ir jų priedai	UAB Ignitis grupės paslaugų centras (PV)	2026-09-02T10:00:00+03:00	80000.0	EUR	LOW		ialiai sutinka perkančiąjai organizacijai ar perkančiajam subjektui, nurodytam I dalyje, leisti susipažinti su dokumentais, kuriais patvirti	batch-031.json
312	TED:568487-2026	Slovenia – Food, beverages, tobacco and related products – Sukcesivna dobava konvencionalnih in ekoloških živil za obdobje 2 let	OSNOVNA ŠOLA SELNICA OB DRAVI	2026-08-31T10:00:00+02:00			LOW		svojih podatkov ter v 17. členu z navedbo kontaktne osebe. Ponudnik mora parafirati okvirni sporazum, in sicer vsako stran okvirnega sporazu	batch-031.json
313	TED:551405-2026	Poland – Refuse-collection vehicles – Dostawa w formie leasingu operacyjnego fabrycznie nowego wielozadaniowego samochodu ciężarowego z urządzeniem hakowym oraz wymienną zabudową śmieciarkow	Zakład Gospodarki Komunalnej sp. z o.o.	2026-09-15T09:00:00+02:00			LOW		dokumentację. Wykonawca oficjalnie wyraża zgodę na to, aby instytucja zamawiająca lub podmiot zamawiający określone w części I uzyskał(-a)(-	batch-031.json
314	TED:554318-2026	Poland – Cleaning and sanitation services – Usługa kompleksowego sprzątania i utrzymania czystości w pomieszczeniach szpitalnych i administracji, utrzymania terenów zielonych, transport wewn	Samodzielny Publiczny Zakład Opieki Zdrowotnej Opolskie Centrum Onkologii im. prof. Tadeusza Koszarowskiego w 	2026-08-18T12:00:00+02:00			LOW		icjalnie wyraża zgodę na to, aby instytucja zamawiająca lub podmiot zamawiający określone w części I uzyskał(-a)(-o) dostęp do dokumentów po	batch-031.json
315	PL-BZP:08def7a6-addc-c2b4-962b-120001dad17b	PRZEBUDOWA DROGI WOJEWÓDZKIEJ NR 385 NA ODCINKU OD KM 77+015 DO KM 78+415	Zarząd Dróg Wojewódzkich w Opolu z up. Województwa Opolskiego	2026-08-26T08:00:00+00:00			LOW		kruszywie bazaltowym) % po- wierzch- ni NRa (0) NRa (0) ≥75 (2) 6. Pozostałość na sicie po 7 dniach magazynowan ia, sito 0,5 mm PN-EN 1429[7	batch-031.json
316	PL-BZP:08def796-0fb5-adc7-962b-120001072197	„Przebudowa drogi gminnej nr 117394L w m. Żuków (na Szlachtę) i budowa drogi gminnej nr 104222L w miejscowości Stawki”	Gmina Włodawa	2026-08-26T08:00:00+00:00			LOW		C NRa 0 NRa 0 NRa 0 Stabilność magazynowa- nia. Różnica temperatur mięknienia PN-EN 13399 [57] PN-EN 1427 [22] °C ≤ 5 2 ≤ 5 2 ≤ 5 2 Stabilno	batch-031.json
317	WORLD-BANK:OP00462226	Technical Consultant with a Background in Economics to Support the Ministry of Health in the Implementation of the State Guaranteed Benefits Program №1		2026-08-28T00:00:00+00:00			LOW		</strong></p><p><strong>Date of publication:</strong>&nbsp;&nbsp;&nbsp; 14-08-2026</p><p><strong>Deadline for applications:</strong>&nbsp;&n	batch-031.json
318	TED:572119-2026	Romania – Pick-ups – Furnizarea prin leasing financiar a 4 autocamionete cu benă basculabilă trilaterală	PUBLISERV SA	2026-09-04T15:00:00+03:00	991000.0	RON	LOW			batch-031.json
319	TED:567206-2026	Ireland – Services furnished by business, professional and specialist organisations – Single Party Framework Agreement for Prison Service Strategic and Technical Professional Services	Irish Prison Service	2026-08-31T12:00:00+01:00	2500000.0	EUR	LOW		.................................................................................................... 1 1.1.1 The Prison Estate..............	batch-031.json
320	TED:555069-2026	Ireland – Works for complete or part construction and civil engineering work – WCC342026 Local Building Maintenance And Refurbishment Works	Wicklow County Council	2026-09-03T12:00:00+01:00	40000000.0	EUR	LOW		===== FILE: files/2199_8815575_unpacked/10_QW_Part_2 2026.docx ===== Suitability Assessment Questionnaire Part 2 Applicant Details and Decla	batch-031.json
321	US-SAM:3d8cd311bedc4fba8153f210cc09038b	Mental Health Mobile Apps Design, Development, and Research Support	VETERANS AFFAIRS, DEPARTMENT OF	2026-08-19T14:00:00+00:00			LOW		===== FILE: files/36C10B26Q0640_1_-_Final.docx ===== GENERAL INFORMATION ADDITIONAL INFORMATION DESCRIPTION The Government’s intent is to aw	batch-032.json
322	TED:568637-2026	Germany – Lift installation work – UzK, Geb. 330, Neubau Chemie, Förderanlagen-Aufzug	Universität zu Köln Vergabestelle Bau	2026-09-08T23:59:59+02:00			LOW		_ 1/1 ===== FILE: files/244_20GAEB.docx ===== Ergänzung der Aufforderung zur Abgabe eines Angebots Bearbeitungsphasen, Datenaustausch, allge	batch-032.json
323	TED:551016-2026	Germany – Architectural, construction, engineering and inspection services – SV-FLA-260708-004 - Modernisierung U-Bahnhof Hauptbahnhof oben, Tragwerksplanung	Stadtwerke München GmbH	2026-08-18T12:00:00+02:00			LOW		ung (PDF, 297 KB) Leistungsverzeichnis (PDF, 2 MB) Referenznummer: SV-FLA-260731-004 Objekt: PRS: Neukonzeption Sauna Prinzregentenstadion L	batch-032.json
324	US-SAM:97af0b68d47f48c3bc0fb0f34b56f4f4	Emergency Aeromedical Evacuation Services	DEPT OF DEFENSE	2026-08-21T18:00:00+00:00			LOW	training-course	ity, and 24/7 dispatch readiness (CLIN x001). 2. Evacuation Missions (Task Order): Execution of air ambulance flights on an as-needed basis 	batch-032.json
325	TED:567623-2026	Romania – Construction supervision services – Servicii de Supervizare „Largire la 4 benzi a centurii rutiere a Municipiului Bucuresti Sud intre A1 (km 55+520) si DN 5 (km 40+000) – LOT II La	COMPANIA NATIONALA DE ADMINISTRARE A INFRASTRUCTURII RUTIERE S.A.	2026-09-07T15:00:00+03:00	17673600.0	RON	LOW			batch-032.json
326	TED:568216-2026	Germany – Construction work – Zusammenlegung Klinika JHD-Deichhorst und JHD-Mitte - Neubau Delme Klinikum Delmenhorst - Estricharbeiten	Delme Klinikum Delmenhorst GmbH	2026-09-01T10:00:00+02:00			LOW		s 25 May 2018 Verlag Schawe GmbH Buchforststr. 1-15 Tel. +49 (0) 221/9 85 78-0 Fax +49 (0) 221/9 85 78-66 info@subreport.de www.subreport.de	batch-032.json
327	TED:568694-2026	Germany – Sanitary fixture installation work – Neubau Brandschutz- und Ausbildungszentrums (BAZ) am Standort Newel	Verbandsgemeindeverwaltung Trier-Land	2026-09-14T12:45:00+02:00			LOW		s 25 May 2018 Verlag Schawe GmbH Buchforststr. 1-15 Tel. +49 (0) 221/9 85 78-0 Fax +49 (0) 221/9 85 78-66 info@subreport.de www.subreport.de	batch-032.json
328	TED:567459-2026	Germany – Heating, ventilation and air-conditioning installation work – Theodor-Heuss-Schule, Erweiterung als 3,5-zügige Grundschule mit Nachmittagsbetreuung - Heizung	Hanau Immobilien- und Baumanagement, Eigenbetrieb der Stadt Hanau	2026-09-22T11:00:00+02:00			LOW		s 25 May 2018 Verlag Schawe GmbH Buchforststr. 1-15 Tel. +49 (0) 221/9 85 78-0 Fax +49 (0) 221/9 85 78-66 info@subreport.de www.subreport.de	batch-032.json
329	TED:567157-2026	Germany – Construction work – Aufstockung Parkhaus Johannes-Haag-Str. 7	Stadtwerke Augsburg Holding GmbH, Bau-Einkauf	2026-09-17T07:00:00+02:00			LOW		s 25 May 2018 Verlag Schawe GmbH Buchforststr. 1-15 Tel. +49 (0) 221/9 85 78-0 Fax +49 (0) 221/9 85 78-66 info@subreport.de www.subreport.de	batch-032.json
330	TED:567261-2026	France – Safety equipment – 25046_DSD_ Location équipements contrôle d'identités	1-MMA	2026-09-11T00:00:00+02:00			LOW		2 DOCUMENTS CONTRACTUELS ................................ ................................ ................................ ................	batch-032.json
331	TED:567035-2026	Estonia – Engineering services – Tallinna valgustuspunktipõhise juhtimissüsteemi soetamine ja paigaldus	Tallinna Keskkonna- ja Kommunaalamet	2026-08-31T12:00:00+03:00	10020000.0	EUR	LOW		===== FILE: files/files_unpacked/305174_ESPD_v2.0_laiendatud.xml ===== <?xml version="1.0" encoding="UTF-8"?> <QualificationApplicationReque	batch-033.json
332	US-SAM:51c236ca4586473ba1a228b669e6ded5	J065--BD PYXIS (CATO) Maintenance Support Services	VETERANS AFFAIRS, DEPARTMENT OF	2026-09-04T21:00:00+00:00			LOW		===== FILE: files/36C26326Q1034_1.docx ===== GENERAL INFORMATION PLACE OF PERFORMANCE ADDITIONAL INFORMATION DESCRIPTION NOTICE OF INTENT TO	batch-033.json
333	US-SAM:2e465ca0014144fdb2fd269c176aed9e	FY26 RANGE SUPPORT	DEPT OF DEFENSE	2026-08-19T21:00:00+00:00			LOW		te) IMPORTANT: This is a request for information and quotations furnished are not offers. If you are unable to quote, please so indicate on 	batch-033.json
334	US-SAM:828987e8233e4390aebffa3ff35fa4cd	Open, Inspect, Repair of Z Drive Clutch	HOMELAND SECURITY, DEPARTMENT OF	2026-08-27T13:00:00+00:00			LOW		n shall include, at a minimum, the subcontractor’s name, business size, and a brief description of the work to be performed. The Government 	batch-033.json
335	TED:568261-2026	Poland – Computer equipment and supplies – Dostawa wraz z transportem, rozładowaniem i wniesieniem sprzętu komputerowego dla jednostek UMP w ramach umowy ramowej.	Uniwersytet Medyczny im. Karola Marcinkowskiego w Poznaniu	2026-08-31T10:00:00+02:00			LOW			batch-033.json
336	ZA_ETENDERS_OCDS:ocds-9t57fa-165594-2026-08-14	GT/GPT/025/2026	Gauteng - Provincial Treasury	2026-09-04T11:00:00+00:00		ZAR	LOW		E R 3. PERSONS WHO WILL BE INVOLVED IN THE PROJECT AND RATES APPLICABLE (CERTIFIED INVOICES MUST BE RENDERED INTERMS HEREOF). PERSON AND POS	batch-033.json
337	ZA_ETENDERS_OCDS:ocds-9t57fa-165560-2026-08-13	REQ0006013-Reissue	South African National Accreditation System	2026-08-19T11:00:00+00:00		ZAR	LOW		consultant and support services 13 Aug.pdf ===== F 276-01 2021-08-03 ©SANAS Page 1 of 14 PLEASE COMPLETE AND SUBMIT TOGETHER WITH REQUIRED D	batch-033.json
338	US-SAM:3e89ac100b284b6b907f826ea904a4cc	Next Generation Command and Control (NGC2) - Commercial Solutions Opening (CSO)	DEPT OF DEFENSE	2027-05-16T15:00:00+00:00			LOW		nt may request favorable offeror(s) to submit full 3 proposals. Due to available resources, all Phase II eligible (“awardable”) offeror(s) m	batch-033.json
339	US-SAM:f2e13e0e816b43e09908d86bd62e6173	Lock, Breech	DEPT OF DEFENSE	2026-09-01T15:30:00+00:00			LOW		current DD 2345, Military Critical Technical Data Agreement, must be on file with the Defense Logistics Information Service (DLIS) to access	batch-033.json
340	US-SAM:734b6a8fcde74fcfa9ad605435cf1ffa	6695--In-vivo and Ex-vivo System with Laptop	VETERANS AFFAIRS, DEPARTMENT OF	2026-08-24T15:00:00+00:00			LOW		ument and incorporated provisions and clauses are those in effect through Federal Acquisition Circular 2026-01 Effective 03/13/2026. This so	batch-033.json
341	US-SAM:d34795504bc847aea6773cee674e2349	Actuating Cylinder	DEPT OF DEFENSE	2026-08-21T20:00:00+00:00			LOW		===== FILE: files/SPRTA1-25-R-0329____0001.pdf ===== 17 Aug 2026 Amendment: SPRTA1-25-R-0329 0001 The purpose of this amendment is as follow	batch-034.json
342	US-SAM:dc178ddb464846daa1ea8db1262bb3fd	Low-Power Dual-Comb Laser	COMMERCE, DEPARTMENT OF	2026-08-26T20:00:00+00:00			LOW		===== FILE: files/Attachment_A_-_Request_for_Quote.pdf ===== ===== FILE: files/Attachment_B_-_Specifications.pdf ===== Requirements / Specif	batch-034.json
343	NO-DOFFIN:2026-112662	Henting, transport og behandling av bioavfall	Avfall Sør Husholdning AS	2026-08-24T10:00:00+00:00	60000000.0	NOK	LOW		ivareta hele verdikjeden fra henting ved oppdragsgivers avfallsanlegg på Støleheia, til endelig behandling. Løsningen skal understøtte oppdr	batch-034.json
344	PL-BZP:08def6d7-1a5a-3132-962b-120001b3f572	Dostawa wraz z wdrożeniem i uruchomieniem oprogramowania oraz infrastruktury sprzętowej dla PUM Gubin realizowanego w ramach „Cyberbezpieczne Wodociągi"	PRZEDSIĘBIORSTWO USŁUG MIEJSKICH SPÓŁKA Z OGRANICZONĄ ODPOWIEDZIALNOŚCIĄ	2026-08-19T08:30:00+00:00			LOW		ostępniać wykrywanie potencjalnie niepożądanych, niebezpiecznych oraz podejrzanych aplikacji. 5. Rozwiązanie musi udostępniać wbudowaną tech	batch-034.json
345	TED:552569-2026	Germany – Utility vehicles – Lieferung eines kommunalen Geräteträgers an den Baubetriebshof	Baubetriebshof Gengenbach	2026-09-10T10:00:00+02:00			LOW			batch-034.json
346	TED:568412-2026	Slovenia – Insurance services – Zavarovanje premoženja in premoženjskih interesov naročnika URI Soča	Univerzitetni rehabilitacijski inštitut Republike Slovenije Soča	2026-08-25T10:00:00+02:00			LOW		===== FILE: files/RD_odprti del_popravek 14.8.2026_unpacked/RD_odprti del_popravek 14.8.2026/Naroƒnik_ESPD_popravek 14.8.2026.xml ===== <?xm	batch-034.json
347	PL-BZP:08defcf8-ef68-ece4-962b-12000115c502	DOSTAWA ZAMKNIĘTEGO SYSTEMU DO POBIERANIA KRWI	Wojewódzki Szpital Specjalistyczny we Wrocławiu	2026-08-28T07:15:00+00:00			LOW			batch-034.json
348	US-SAM:d74e1ea7654e430fbf88a5a574939bb1	S208--Tree Removal and Trimming Services	VETERANS AFFAIRS, DEPARTMENT OF	2026-08-31T16:00:00+00:00			LOW		lyOnVML /><w:allowPNG /><w:pixelsPerInch w:val="19" /></w:webSettings> ===== FILE: files/Attachment_1_-_Performance_Work_Statement.pdf =====	batch-034.json
349	US-SAM:b2041646e2f24d7087b82df514b02cf8	C1DA--A/E Services Renovate Outpatient Clinics to PACT Project Number: 662-25-105	VETERANS AFFAIRS, DEPARTMENT OF	2026-09-07T19:00:00+00:00			LOW		REQUIREMENT The requirement is for Project 662-25-105 Renovate Outpatient Clinics to PACT at the San Francisco VA Medical Center, Building 2	batch-034.json
350	TED:567678-2026	Germany – Electricity – Lieferung elektrischer Energie ab 01.01.2027	Stiftung Zollverein	2026-09-07T23:59:59+02:00			LOW		sbeschränkungen (GWB) und der Vergabeverordnung (VgV). Jedes interessierte Unternehmen kann ein Angebot abgeben. Verhandlungen über die Ange	batch-034.json
351	US-SAM:977723b3f8cf4ef8b935d238c76d60ae	Allen-Bradley CLX Workstation & ControlLogix 5590 Controller	NATIONAL AERONAUTICS AND SPACE ADMINISTRATION	2026-08-21T12:00:00+00:00			LOW		===== FILE: files/SATPC0042220_Tab_04_4_SOW..pdf ===== STATEMENT OF WORK 1. Objective/Requirements The NASA Langley Research Center (LaRC) r	batch-035.json
352	TED:567382-2026	Lithuania – Reagents and contrast media – Reagentai ir eksploatacinės medžiagos (Nr. 10913-14)	VšĮ Respublikinė Vilniaus universitetinė ligoninė (PV)	2026-09-18T09:00:00+03:00			LOW		"w14"><w:divs><w:div w:id="933786959"><w:bodyDiv w:val="1"/><w:marLeft w:val="0"/><w:marRight w:val="0"/><w:marTop w:val="0"/><w:marBottom w	batch-035.json
353	TED:568115-2026	Estonia – Pipes and fittings – Maagaasijääkide põletamise seadme ühendustarvikud II	Elering AS	2026-09-16T12:00:00+03:00			LOW		l="none" w:sz="0" w:space="0" w:color="auto"/><w:right w:val="none" w:sz="0" w:space="0" w:color="auto"/></w:divBdr></w:div><w:div w:id="192	batch-035.json
354	US-SAM:7033814292c24b91949e517c799776e7	Compact Benchtop Mass Spectrometer (CMS) System	DEPT OF DEFENSE	2026-08-24T16:00:00+00:00			LOW		===== FILE: files/Attachment_01_-_Salient_Characteristics.pdf ===== Compact Benchtop Mass Spectrometer (CMS) | Technical Specifications Page	batch-035.json
355	TED:568684-2026	Germany – Facade work – Neubau Hallenbad Stuhr: Vorhangfassade	Gemeinde Stuhr	2026-09-09T23:59:59+02:00			LOW		t der zu vergebenden Leistung vergleichbar sind Ich/Wir erkläre(n), dass ich/wir in den letzten fünf Kalenderjahren bzw. dem in der Auftrags	batch-035.json
356	US-SAM:1a4ef25a74814c7285948d9b78164bd9	Corneal Analyzer OPD-Scan III Wavefront Aberrometer	VETERANS AFFAIRS, DEPARTMENT OF	2026-08-20T14:00:00+00:00			LOW		===== FILE: files/SOW_Marco.docx ===== General Conditions and Statement of Work Introduction The San Francisco VA Health Care System has a r	batch-035.json
357	US-SAM:94600f996a5c4235963504d5d73be687	Spatial Light Modulator	COMMERCE, DEPARTMENT OF	2026-08-18T23:00:00+00:00			LOW		===== FILE: files/Attachment_1_-_Draft_Specifications.pdf ===== Requirements / Specification Document TITLE: Spatial Light Modulator Request	batch-035.json
358	US-SAM:4bc7a6b08f094c27b75d5ddbabeb3f5a	FCI WIL - FY27 1st Quarter Dairy Requirements	JUSTICE, DEPARTMENT OF	2026-08-28T18:00:00+00:00			LOW		3b. RATING X REQUEST FOR QUOTE (RFQ) INVITATION FOR BID (IFB) REQUEST FOR PROPOSAL (RFP) 14. METHOD OF SOLICITATION 15B316CODE15. DELIVER TO	batch-035.json
359	PL-BZP:08defc4c-1940-e316-962b-12000115bda4	RDW w Parczewie: Przebudowa drogi wojewódzkiej Nr 813 Międzyrzec Podlaski – Parczew – Ostrów Lubelski – Łęczna na odcinku od km 28+765 do km 29+760	Zarząd Dróg Wojewódzkich w Lublinie	2026-09-02T08:00:00+00:00			LOW		a 0 NR a 0 Stabilność magazynowa- nia. Różnica temperatur mięknienia PN-EN 13399 [57] PN-EN 1427 [22] °C ≤ 5 2 ≤ 5 2 ≤ 5 2 Stabilność magazy	batch-035.json
360	TED:570335-2026	Estonia – Miscellaneous software package and computer systems – Microsofti tarkvaralitsentside rentimine	Aktsiaselts Tallinna Lennujaam	2026-09-18T12:00:00+03:00	2500000.0	EUR	LOW			batch-035.json
361	PL-BZP:08defd08-f935-75bc-962b-12000115c75c	Opracowanie koncepcji projektowej dla zadania: Budowa obwodnicy m. Pniewy w ciągu drogi wojewódzkiej nr 187	WIELKOPOLSKI ZARZĄD DRÓG WOJEWÓDZKICH W POZNANIU	2026-08-26T10:00:00+00:00			LOW			batch-036.json
362	PL-BZP:08defcfe-1eea-6370-962b-12000115c5d1	Dostawa urządzeń przemysłowych do produkcji eksponatów w ramach inicjatywy SOWA	Centrum Nauki Kopernik	2026-08-28T08:30:00+00:00			LOW			batch-036.json
363	ZA_ETENDERS_OCDS:ocds-9t57fa-165626-2026-08-14	ICASA 05-2026	Independent Communications Authority of South Africa (ICASA)	2026-09-11T11:00:00+00:00		ZAR	LOW		) RACK SERVERS AND VMWARE LICENSES ON AN 80/20 PPPFA 2000: PREFERENTIAL PROCUREMENT REGULATIONS, 2022 The purpose of these terms of referenc	batch-036.json
364	US-SAM:8d18b5e8b0434d0eaf928ca7c33e0827	Domestic Datalink Services (DDLS) Market Survey 2	TRANSPORTATION, DEPARTMENT OF	2026-09-09T20:00:00+00:00			LOW		===== FILE: files/698KA8-DDLS_FY2026_MS_Question_and_Answer_Form.xlsx ===== [SHEET Instructions] | Domestic Datalink Services (DDLS) FY2026 	batch-036.json
365	US-SAM:872047b2e5d047ea97ea4ce91cdbebbb	Basic Expeditionary Airfield Resources (BEAR) Environmental Control Unit (ECU)	DEPT OF DEFENSE	2026-09-18T21:00:00+00:00			LOW		PTION Expeditionary Environmental Control Unit, 5 Ton 1. SCOPE 1.1 Scope. This purchase description (PD) covers a 60,000 British Thermal Uni	batch-036.json
366	PL-BZP:08defce1-a4bf-d337-962b-12000115c385	Modernizacja energetyczna obiektu użyteczności publicznej – Rajgród	GMINA RAJGRÓD	2026-09-02T12:30:00+00:00			LOW		a dla rozdzielnic elektrycznych oraz aparatury łączeniowej, sygnalizacyjnej i zabezpieczającej wg: PN-EN 50300:2006 Rozdzielnice i sterownic	batch-036.json
367	US-SAM:5f1958322e044d44980720b32add0152	Reference Laboratory Testing Services at US Naval Hospital, Guam	DEPT OF DEFENSE	2026-08-31T20:00:00+00:00			LOW		ed procedures, only one source being available to meet the Government’s needs, to: Diagnostic Laboratory Services, Inc. Unique Entity ID: DN	batch-036.json
368	US-SAM:cf25da16eefc47588b46ae2d2714afff	Transscleral Flood Illumination (TFI) add-on module for the rtx1 Adaptive Optics Retinal Camera	HEALTH AND HUMAN SERVICES, DEPARTMENT OF	2026-08-26T13:00:00+00:00			LOW		in effect through the Federal Acquisition Circular (FAC) 2005-99-1, July 16, 2018. This acquisition is conducted under the procedures as pre	batch-036.json
369	US-SAM:8cc39e9f21554803ba56a0a557ef5cee	J065--Fastpak Maintenance	VETERANS AFFAIRS, DEPARTMENT OF	2026-08-24T20:00:00+00:00			LOW		===== FILE: files/36C25726Q0852.docx ===== GENERAL INFORMATION PLACE OF PERFORMANCE ADDITIONAL INFORMATION DESCRIPTION Intent to Sole Source	batch-036.json
370	US-SAM:d55a43cdd2d348c0a432be59e7f77d9f	SYSMEX QUALITY CONTROL KITS	VETERANS AFFAIRS, DEPARTMENT OF	2026-08-24T21:00:00+00:00			LOW		uthorized distributor, for XN-L CHECK. The Government requires the Sysmex brand-name XN-L CHECK, Material No. 213569, 12 x 3.0 mL, three lev	batch-036.json
371	US-SAM:0abdd20be1024c98a8d65a54c6670717	Quantum Network pluggable 4-channel superconducting nanowire single-photon detector system	COMMERCE, DEPARTMENT OF	2026-08-19T16:00:00+00:00			LOW		) It □ is, □ is not a subsidiary of an inverted domestic corporation. FAR 52.212-2 Evaluation- Commercial Products and Commercial Services (	batch-037.json
372	LT-CVP:139908	Serverių ir superkompiuterių užsakymai per CPO LT elektroninį katalogą (seno CVP IS Nr. 660238)	Viešoji įstaiga CPO LT	2031-05-05T09:00:00+00:00	25000000.0	EUR	LOW			batch-037.json
373	TED:556662-2026	Czechia – Chromatographs – Kapalinový chromatograf s hmotnostním spektrometrem izotopových poměrů (LC IRMS)	Státní zemědělská a potravinářská inspekce	2026-09-21T09:00:00+02:00	6033000.0	CZK	LOW		OCUMENTS AUTHORIZED SECTION NEN ZAKÁZKY GOV Basic Information PROCUREMENT PROCEDURE NAME Kapalinový chromatograf s hmotnostním spektrometrem	batch-037.json
374	PL-BZP:08def21f-9669-f005-962b-1200010b748c	Przebudowa ul. Bzów w Kołobrzegu	Gmina Miasto Kołobrzeg	2026-08-24T07:30:00+00:00			LOW			batch-037.json
375	PL-BZP:08def458-a314-4e8f-962b-120001ebccc3	Odbudowa ul. Słowackiego zniszczonej w wyniku powodzi w 2024.	GMINA LĄDEK-ZDRÓJ	2026-08-24T07:00:00+00:00			LOW			batch-037.json
376	PL-BZP:08def46b-608e-e177-962b-120001d33f65	„Przebudowa drogi powiatowej 1499D na odcinku Stradomia Wierzchnia do Stradomia Dolna”	ZARZĄD DRÓG POWIATOWYCH W OLEŚNICY	2026-08-26T08:00:00+00:00			LOW		(badanie na kruszywie bazaltowym) % po- wierzch- ni NRa (0) NRa (0) ≥75 (2) 6. Pozostałość na sicie po 7 dniach magazynowan ia, sito 0,5 mm 	batch-037.json
377	TED:570758-2026	Poland – Call centre – Budowa i wdrożenie systemu teleinformatycznego - wielokanałowej platformy obsługi klienta	KOMENDA GŁÓWNA OCHOTNICZYCH HUFCÓW PRACY	2026-08-31T09:00:00+02:00	8882300.0	PLN	LOW			batch-037.json
378	UK_PCS_OCDS:rls-48-AUG561485	Provision of partner status to providers of Early Learning and Childcare - Dynamic Purchasing System	Clackmannanshire Council	2026-11-30T12:00:00+00:00	26787236.0	GBP	LOW			batch-037.json
379	UK_PCS_OCDS:rls-6-AUG562473	Shettleston Housing Association Ltd: Repairs & Maintenance Framework 2026/27 - 2028/29	TCS Construction Consultants	2026-09-18T12:00:00+00:00	3460000.0	GBP	LOW			batch-037.json
380	UK_PCS_OCDS:rls-48-JUL560730	ICT Network Contractor for Argyll and Bute Council	Argyll and Bute Council	2026-08-21T17:00:00+00:00	150000.0	GBP	LOW			batch-037.json
381	US-SAM:f402281d17124e39aa4a04a04a0788c4	761-27-1-014-0001 -Chelmsford CMOP MED/SURGE -(VA-27-00005024)	VETERANS AFFAIRS, DEPARTMENT OF	2026-08-25T00:00:00+00:00			LOW		[SHEET Domestic Equivalents] Domestic Equivalent Products Questionnaire | | | | | | | | | | | | | | Please provide information for domestica	batch-038.json
382	US-SAM:c898c12afef74a6f9cca30045f0d076a	R499--(New) VISN-22 Project Management Information System SaaS (VA-26-00059514)	VETERANS AFFAIRS, DEPARTMENT OF	2026-11-24T00:00:00+00:00			LOW		lns:w="http://schemas.openxmlformats.org/wordprocessingml/2006/main"><w:optimizeForBrowser /><w:relyOnVML /><w:allowPNG /><w:pixelsPerInch w	batch-038.json
383	US-SAM:0b0f2cb2b8d944eebad6ab35060c6058	Ohio National Guard Aggregate Requirement Camp James A Garfield OH 26 AUG 2026	DEPT OF DEFENSE	2026-08-19T16:00:00+00:00			LOW	training-course	===== FILE: files/SOW_for_Aggregate_Updated_with_Map.docx ===== SCOPE OF WORK PROJECT DESCRIPTION: MDA Camp Garfield TY26 Project LOCATION: 	batch-038.json
384	US-SAM:ef912a7312624b509e72eb5d91fa9fe6	Vertiv Battery Hardware and UPS Preventive Maintenance BLDG N26	DEPT OF DEFENSE	2026-08-19T08:00:00+00:00			LOW		DATE 7. FOR SOLICITATION INFORMATION CALL: a. NAME b. TELEPHONE NUMBER (No collect calls) 8. OFFER DUE DATE/ LOCAL TIME 9. ISSUED BY 13b. RA	batch-038.json
385	TED:567697-2026	Poland – Exhibition, fair and congress organisation services – „KOMPLEKSOWA ORGANIZACJA UDZIAŁU W 14. TARGACH EKOSTYL W BIELSKU-BIAŁEJ”	Województwo Świętokrzyskie-Urząd Marszałkowski Województwa Świętokrzyskiego w Kielcach	2026-09-15T11:00:00+02:00			LOW		to"/></w:divBdr></w:div><w:div w:id="2049841895"><w:bodyDiv w:val="1"/><w:marLeft w:val="0"/><w:marRight w:val="0"/><w:marTop w:val="0"/><w:	batch-038.json
386	EE-RHR:6b2181ce-2fc2-4c3f-af4f-4a016f8c2806	Välijõusaali laiendusala ehitamine	Paide Linnavalitsus	2026-08-25T06:00:00+00:00			LOW		===== FILE: files/files_unpacked/314305_ESPD_v2.0_laiendatud.xml ===== <?xml version="1.0" encoding="UTF-8"?> <QualificationApplicationReque	batch-038.json
387	TED:552612-2026	Czechia – Alarm-monitoring services – Ochrana objektu 24. základny dopravního letectva Praha – Kbely a dohledového a přijímacího centra Velitelství ochranné směny Vojenské policie Praha – Kb	Ministerstvo obrany	2026-09-29T10:00:00+02:00			LOW		rana objektu 24. základny dopravního letectva Praha – Kbely a dohledového a přijímacího centra Velitelství ochranné směny Vojenské policie P	batch-038.json
388	US-SAM:637af00612634f85a9aef18ff2fcf993	DOJ Software as a Service (SaaS) log management / Security Information and Event Management (SIEM) solution	JUSTICE, DEPARTMENT OF	2026-08-29T03:59:00+00:00			LOW		41 USC 2101-2107. Purpose: The Department of Justice’s (DOJ) Justice Management Division (JMD) is seeking a Federal Risk and Authorization M	batch-038.json
389	US-SAM:e3ed31ca9afe47b49f102a399d7a3bd2	DA01--VA Enterprise Cloud Brokerage Service	VETERANS AFFAIRS, DEPARTMENT OF	2026-08-31T19:00:00+00:00			LOW		agement, and limits the VA’s ability to ensure accurate chargeback, compliance, and forecasting. 1. Enterprise Cloud Credit Procurement Outc	batch-038.json
390	US-SAM:c11209b2727e4ed29926237ae67ea869	9 OSS (Base Ops) B1060 Carpet/Furniture/Asbestos	DEPT OF DEFENSE	2026-08-20T17:00:00+00:00			LOW		===== FILE: files/ROM--9_OSS_28Base_Ops_29_B1060_CarpetFurnitureAsbestos.xlsx ===== [SHEET Sheet1] 9 CONS | | | | | Rough Order Magnitude (R	batch-038.json
391	TED:567067-2026	Romania – Repair and maintenance services of generators – Servicii de mentenanta la echipamentele de tip UPS	UM 0929 Bucuresti	2026-09-23T15:00:00+03:00	939084.33	RON	LOW			batch-039.json
392	TED:560026-2026	Poland – Disposable catering supplies – Dostawa naczyń i sztućców biodegradowalnych jednorazowych	3 Regionalna Baza Logistyczna	2026-09-14T08:00:00+02:00			LOW			batch-039.json
393	PL-BZP:08def78d-2a29-e0e5-962b-12000107201c	Pełnienie funk. Insp. Nadzoru Inwest. dla zad.„Odbudowa boiska piłkarskiego, stadionu lekkoatletycznego i zaplecza sanit.-szatniowego na Stadionie Miejskim w Gł-zach, realiz. w systemie zapr	Gmina Głuchołazy	2026-08-19T08:00:00+00:00			LOW			batch-039.json
394	PL-BZP:08defd05-1ab7-57c8-962b-12000115c6d8	Wykonanie klimatyzacji w pomieszczeniach biurowych wybranych lokalizacji Wielkopolskiego OR ARiMR z zapewnieniem serwisu oraz przeglądów okresowych w trakcie trwania gwarancji.	Wielkopolski Oddział Regionalny Agencji Restrukturyzacji i Modernizacji Rolnictwa	2026-09-10T07:00:00+00:00			LOW			batch-039.json
395	PL-BZP:08defcf7-8778-2a97-962b-12000115c4d9	D/71/2026 - Sukcesywny zakup i dostawa profesjonalnych środków czystości na potrzeby jednostek Uniwersytetu Opolskiego	UNIWERSYTET OPOLSKI	2026-08-26T08:00:00+00:00			LOW			batch-039.json
396	PL-BZP:08defd08-e9c7-2589-962b-12000115c75a	Świadczenie usług w zakresie wykonywania napraw bieżących, konserwacji oraz okresowych przeglądów technicznych aparatury i sprzętu medycznego.	"SZPITAL POWIATOWY W JAROCINIE" SPÓŁKA Z OGRANICZONĄ ODPOWIEDZIALNOŚCIĄ	2026-08-26T07:00:00+00:00			LOW			batch-039.json
397	PL-BZP:08defcfa-00f0-7d6c-962b-12000115c52d	Zakup przewoźnego agregatu prądotwórczego o mocy 250 kVA dla Komendy Miejskiej Państwowej Straży Pożarnej we Wrocław	Komenda Miejska Państwowej Straży Pożarnej we Wrocławiu	2026-08-26T09:00:00+00:00			LOW			batch-039.json
398	ZA_ETENDERS_OCDS:ocds-9t57fa-165355-2026-08-12	JW RFI 11/08/2026 MSC	Johannesburg Water	2026-08-19T12:00:00+00:00		ZAR	LOW		ion strategy to incorporate, non -firm prices, pricing schedule and special conditions of tender. 2. BACKGROUND Johannesburg Water invites s	batch-039.json
399	ZA_ETENDERS_OCDS:ocds-9t57fa-165693-2026-08-14	RFP/TVL/2026/10252452/13	South African Broadcasting Corporation Limited	2026-09-07T12:00:00+00:00		ZAR	LOW		===== FILE: files/ANNEXURE B Client Reference Letter Decbt Collection Agency Publish.docx ===== ANNEXURE B The Bidder is recommended to use 	batch-039.json
400	US-SAM:1772e7717dc642fbb4dc2fd5350cce90	USDA AI Feeder Cattle POC Phase III	AGRICULTURE, DEPARTMENT OF	2026-09-17T00:00:00+00:00			LOW		ods, and model pipelines created under Phase II, continuity of technical approach and vendor specific knowledge is necessary to meet the age	batch-039.json
401	US-SAM:fee08dab56cf44668fb125e2e3b61ae8	Recess Tie-Down Assembly	HOMELAND SECURITY, DEPARTMENT OF	2026-09-01T15:00:00+00:00			LOW		of Contract Claim (OCT 2004) FAR 52.247-34, F.O.B. Destination (JAN 1991) System updates may lag policy updates. The System for Award Manage	batch-040.json
402	US-SAM:26a7748435104f03a231783878f87e7f	TRANSMITTER PRESSURE	HOMELAND SECURITY, DEPARTMENT OF	2026-08-19T18:00:00+00:00			LOW		U.S. COAST GUARD JUSTIFICATION FOR OTHER THAN FULL AND OPEN COMPETITION SIMPLIFIED ACQUISITION PROCEDURES (SAP) FOR FAR 13.106-1(b) PURCHASE	batch-040.json
403	PL-BZP:08defc4a-b3fe-bb44-962b-12000115bd61	BUDOWA LINII KABLOWEJ nn-0,4kV OŚWIETLENIA ULICZNEGO W MALBORKU PRZY UL. GEN. WŁADYSŁAWA ANDERSA dz. nr 475/36 i 475/49 obr. Nr 0006	MIASTO MALBORK	2026-09-01T09:00:00+00:00			LOW			batch-040.json
404	TED:566938-2026	Poland – Servers – Dostawa dwunastu serwerów do środowiska PWPWCloud wraz z oprogramowaniem, licencjami, gwarancją oraz wsparciem technicznym	Polska Wytwórnia Papierów Wartościowych SA	2026-09-03T10:00:00+02:00			LOW		niki Assortment group: Test mode of awarding procedure: No Awarding procedure type: Open Legal type: Public (Proc Law) Method of awarding pu	batch-040.json
405	PL-BZP:08defc57-5d6a-4e37-962b-12000115bf4c	„Budowa świetlicy sołeckiej w miejscowości Turobów”- postępowanie II	GMINA CZERNIEWICE	2026-09-07T09:00:00+00:00			LOW			batch-040.json
406	PL-BZP:08defc5e-f709-e2ca-962b-12000115c04d	„Wykonanie remontu i przebudowy dróg gminnych”	Gmina Potworów	2026-09-02T08:00:00+00:00			LOW		zyczep-ność do kruszywa referencyjnego PN-EN 13614[19] (badanie na kruszywie bazaltowym) % po-wierzch- ni NRa (0) ≥75 (2) 6. Pozostałość na 	batch-040.json
407	PL-BZP:08defc3b-6cad-b79e-962b-1200014af5b7	Odnowa oznakowania poziomego dróg wojewódzkich na terenie działania RDW w Elblągu	Zarząd Dróg Wojewódzkich w Olsztynie	2026-09-02T07:00:00+00:00			LOW			batch-040.json
408	PL-BZP:08defc3b-370a-472a-962b-1200014af5ad	Dostawy taśm przenośników transportujących odpady oraz usługi klejenia i wulkanizacji taśm przenośnikowych	ZAKŁAD GOSPODARKI ODPADAMI KOMUNALNYMI SPÓŁKA Z OGRANICZONĄ ODPOWIEDZIALNOŚCIĄ	2026-08-27T07:00:00+00:00			LOW			batch-040.json
409	PL-BZP:08defc53-1f89-b2ac-962b-12000115beba	Świadczenie usług w zakresie odbioru, transportu i utylizacji odpadów medycznych dla SPZOZ w Węgrowie	SAMODZIELNY PUBLICZNY ZAKŁAD OPIEKI ZDROWOTNEJ W WĘGROWIE	2026-08-28T08:00:00+00:00			LOW			batch-040.json
410	PL-BZP:08def7af-8f6b-73f4-962b-120001dad260	„Przebudowa sieci wodociągowej z azbestocementu w ul. Łódzkiej w Poddębicach” w ramach projektu “Uporządkowanie gospodarki wodociągowej w Aglomeracji Poddębice”	MIEJSKIE PRZEDSIĘBIORSTWO WODOCIĄGÓW I KANALIZACJI W PODDĘBICACH SPÓŁKA Z OGRANICZONĄ ODPOWIEDZIALNOŚCIĄ	2026-08-26T07:45:00+00:00			LOW			batch-040.json
411	PL-BZP:08def6b8-0ae8-e068-962b-1200012683a5	Budowa chodnika przy drodze powiatowej Nr 2962L w Lipinach Górnych-Lewkach - ETAP I	GMINA POTOK GÓRNY	2026-08-25T08:00:00+00:00			LOW			batch-041.json
412	PL-BZP:08defc4b-551b-da84-962b-12000115bd7e	"Budowa, przebudowa i modernizacja budowli ochronnych oraz miejsc doraźnego schronienia – Miasto i Gmina Jelcz-Laskowice” w podziale na dwa zadania	GMINA JELCZ-LASKOWICE	2026-09-02T07:00:00+00:00			LOW			batch-041.json
413	US-SAM:f8bfbe7a8f6a4bb9874f2d18eb23ceee	Sales and Marketing	JUSTICE, DEPARTMENT OF	2026-09-04T18:00:00+00:00			LOW		DER NUMBER 5. SOLICITATION NUMBER 6. SOLICITATION ISSUE DATE 7. FOR SOLICITATION INFORMATION CALL: a. NAME b. TELEPHONE NUMBER (No collect c	batch-041.json
414	US-SAM:5b155fc45d6845edadfbe6f546a7a848	FMS_Repair_002527995	DEPT OF DEFENSE	2026-09-16T20:00:00+00:00			LOW		ug 2026 16 Sep 2026 Miscellaneous text in this section has been modified to: This solicitation is for the repair of 2 units of National Stoc	batch-041.json
415	UK_PCS_OCDS:rls-15-AUG562279	Sprinkler Servicing, Maintenance and Repairs	Fife Council	2026-09-14T12:00:00+00:00	624000.0	GBP	LOW			batch-041.json
416	UK_PCS_OCDS:rls-8-AUG562423	Shettleston Housing Association Ltd: Repairs & Maintenance Framework 2026/27 - 2028/29	TCS Construction Consultants	2026-09-18T12:00:00+00:00	3460000.0	GBP	LOW			batch-041.json
417	TED:571264-2026	Romania – Antimycotics for systemic use – acord cadru de furnizare medicamente din grupa - antimicotice pentru uz sistemic, antivirale pentru uz sistemic, medicamente utilizate in cardiologi	SPITALUL CLINIC JUDETEAN MURES	2026-09-17T15:00:00+03:00	5495322.0	RON	LOW			batch-041.json
418	UK_PCS_OCDS:rls-55-AUG561825	Provision of a Health & Safety Management Software Solution	Cairn Housing Association	2026-09-14T12:00:00+00:00			LOW			batch-041.json
419	US-SAM:b04c64c76a904081a11fc48fe58e50c0	9 SFS Cold Weather Gear	DEPT OF DEFENSE	2026-08-19T17:00:00+00:00			LOW		sic warmth, their bulk and lack of active layering capabilities severely constrain mobility and cause overheating during physical exertion. 	batch-041.json
420	US-SAM:6f16eb56cfdd4669b70b668fdbec37a5	FCI Fairton FY27 1st Qtr Subsistence	JUSTICE, DEPARTMENT OF	2026-09-01T13:00:00+00:00			LOW	training-course	e most advantageous to the Government. Past performance: A record of poor performance due to failure to deliver items within the expected de	batch-041.json
421	ZA_ETENDERS_OCDS:ocds-9t57fa-165783-2026-08-17	RFQ/Ops/Backpacks/2026/7	Perishable Products Export Control Board	2026-08-31T16:00:00+00:00		ZAR	LOW		a once-off order appointment. 1. BACKGROUND The PPECB is a Schedule 3A public entity as defined in the Public Finance Management Act 1 of 19	batch-042.json
422	US-SAM:6709c768d64349f6bc0cb4b09a8f58bc	1377-01-114-2037 XW53, 1377-01-116-3147 XW54, 1377-01-116-3148, 1377-01-487-2501 WB49, 1377-01-487-2513 WB50	DEPT OF DEFENSE	2026-09-10T18:00:00+00:00			LOW		s are subject to all terms and conditions contained in this solicitation. 10. FOR INFORMATION CALL: A. NAME B. TELEPHONE (NO COLLECT CALLS) 	batch-042.json
423	US-SAM:ac8286188203425082638704ee6124ae	J045--Heating system piping repairs for the Captain James A. Lovell Federal Health Care Center, Building 134.	VETERANS AFFAIRS, DEPARTMENT OF	2026-08-24T14:00:00+00:00			LOW		NTRACT (Signature of person authorized to sign) (Signature of Contracting Officer) None 1 8 0001 08-17-2026 556-26-3-5020-1173 36C252 Depart	batch-042.json
424	TED:569036-2026	Germany – Cleaning services – Reinigungsleistungen - Schulen und Sporthallen	Hansestadt Lüneburg	2026-09-24T09:00:00+02:00			LOW		s 25 May 2018 Verlag Schawe GmbH Buchforststr. 1-15 Tel. +49 (0) 221/9 85 78-0 Fax +49 (0) 221/9 85 78-66 info@subreport.de www.subreport.de	batch-042.json
425	TED:568151-2026	Germany – Flatwork for recreation installations – Sächs. Kompetenzz. Lausitzer Revier Königswartha Zentrum Fischwirtschaft	Staatsbetrieb Sächsisches Immobilien- und Baumanagement, Zentrale, Zentralstelle Vergabe- und Vertragsmanageme	2026-09-16T09:00:00+02:00			LOW		er zu vergebenden Leistung vergleichbar sind Ich/Wir erkläre(n), dass ich/wir in den letzten fünf Kalenderjahren bzw. dem in der Auftragsbek	batch-042.json
426	EE-RHR:2b9850a6-0e11-48ce-a447-c568829908ce	Siemens Sion vaakumlüliti komplekti ostmine	Enefit Industry OÜ	2026-08-19T10:00:00+00:00			LOW		allationLocationCopyright (c) Tavrida Electric Export. All Right Reserved BA DE F C Project numberENEFIT ENERGIATOOTMINE ASENEFIT 280-2 10kV	batch-042.json
427	PL-BZP:08def44e-3e96-9c53-962b-120001ebcb32	USTALENIE PRZEBIEGU GRANIC DZIAŁEK EWIDENCYJNYCH STANOWIĄCYCH DROGI POWIATOWE W RAMACH PROJEKTU „INFOSTRADA KUJAW I POMORZA 3.0”	POWIAT BYDGOSKI	2026-08-21T09:00:00+00:00			LOW			batch-042.json
428	US-SAM:de7423f8c62a4d9f99b804b358cdba85	Q522--Onsite Interventional Radiology Physician Services JJP	VETERANS AFFAIRS, DEPARTMENT OF	2026-10-16T11:00:00+00:00			LOW		e standard of $16M. The PSC for this procurement is Q522 Medical - Radiology. Offerors or quoters are required to have an active Federal Gov	batch-042.json
429	TED:555173-2026	Poland – Vehicles for the emergency services – ZAKUP LEKKIEGO SAMOCHODU OPERACYJNEGO 2	Komenda Wojewódzka Państwowej Straży Pożarnej w Warszawie	2026-09-15T10:00:00+02:00			LOW			batch-042.json
430	US-SAM:e86c11ef13df41e2b2443fb6a889fd12	Space Planning and Design	JUSTICE, DEPARTMENT OF	2026-09-04T18:00:00+00:00			LOW		DER NUMBER 5. SOLICITATION NUMBER 6. SOLICITATION ISSUE DATE 7. FOR SOLICITATION INFORMATION CALL: a. NAME b. TELEPHONE NUMBER (No collect c	batch-042.json
431	TED:567319-2026	Poland – Plumbing equipment – Dostawa zestawu do wyłamywania drzwi.	Skarb Państwa - Jednostka Wojskowa Nr 2305	2026-08-31T10:00:00+02:00			LOW			batch-043.json
432	PL-BZP:08def2ef-571f-b4b2-962b-12000183ca45	Opracowanie pełnobranżowej dokumentacji projektowej dla zadania pn.: Budowa nowej drogi łączącej ulicę Górowską w Lesznie z ul. Zaborowską i ul. Krzemową w Henrykowie, Gmina Święciechowa	Miasto Leszno	2026-08-20T08:00:00+00:00			LOW			batch-043.json
433	PL-BZP:08def38a-09c2-501e-962b-1200019cd3b8	PRZEBUDOWA BUDYNKU MIEJSKIEJ BIBLIOTEKI PUBLICZNEJ W GORLICACH W ZAKRESIE DOBUDOWY SZYBU WINDOWEGO	Miasto Gorlice	2026-08-21T11:00:00+00:00			LOW			batch-043.json
434	TED:571090-2026	Portugal – Software-related services – 26AS00008019 - Aquisição de suporte para equipamentos de comunicações e voz Cisco	Instituto de Gestão Financeira e Equipamentos da Justiça, IP	2026-09-19T23:59:59+00:00	1210511.2	EUR	LOW			batch-043.json
435	UK_PCS_OCDS:rls-31-AUG561793	Support for Communities Framework 2026-2030	Highlands and Islands Enterprise	2026-09-10T12:00:00+00:00	600000.0	GBP	LOW			batch-043.json
436	PL-BZP:08defcfd-7854-1200-962b-12000115c5b7	Wykonanie usługi polegającej na opracowaniu kompleksowych dokumentacji projektowo-kosztorysowych w celu rozbudowy ulicy Miłej oraz rozbudowy ulicy Asnyka.	Gmina Łomianki	2026-08-27T09:00:00+00:00			LOW			batch-043.json
437	PL-BZP:08defcfa-dec6-156e-962b-12000115c559	Dostawa artykułów spożywczych na potrzeby Kuchni COZL	Centrum Onkologii Ziemi Lubelskiej im. św. Jana z Dukli	2026-08-28T07:00:00+00:00			LOW			batch-043.json
438	PL-BZP:08defcfc-ce83-421b-962b-12000115c5a1	Zakup Lekkiego samochodu rozpoznawczo-ratowniczego (SLRR) dla Komendy Miejskiej Państwowej Straży Pożarnej we Wrocławiu.”	Komenda Miejska Państwowej Straży Pożarnej we Wrocławiu	2026-08-26T09:00:00+00:00			LOW			batch-043.json
439	PL-BZP:08defcf1-deb5-4e31-962b-12000115c43f	BZP.272.40.2026.AMK Wynajem nowego samochodu na potrzeby Urzędu Marszałkowskiego Województwa Podlaskiego w Białymstoku	Województwo Podlaskie	2026-08-28T07:00:00+00:00			LOW			batch-043.json
440	ZA_ETENDERS_OCDS:ocds-9t57fa-165666-2026-08-14	SANPC/2026/014	South African National Petroleum Company	2026-09-07T11:00:00+00:00		ZAR	LOW		booms have been consistently exposed to harsh operating conditions, including high swells (waves), strong currents, and severe winds during 	batch-043.json
441	UK_PCS_OCDS:rls-58-JUL561272	NHSGGC Advocacy Services	NHS Greater Glasgow and Clyde	2026-08-31T13:00:00+00:00	3200000.0	GBP	LOW		efend the principles and practice of Independent Professional Advocacy across the City of Glasgow. We aim to ensure that when the right to a	batch-044.json
442	PL-BZP:08defcea-4758-ea48-962b-12000115c3b1	Modernizacja systemu CCTV i zwiększenie ilości kamer w budynku Domu Studenta nr 7 Uniwersytetu Warszawskiego przy ul. Sulimy 4 w Warszawie	Uniwersytet Warszawski	2026-09-04T08:00:00+00:00			LOW			batch-044.json
443	US-SAM:fd489942d2c84e4c9cb4062f718bb7b9	J066--Fort Harrison Siemens Medical Radiology Preventive Maintenance and Repairs HTME Contract	VETERANS AFFAIRS, DEPARTMENT OF	2026-08-26T14:00:00+00:00			LOW		==== DESCRIPTION In accordance with RFO 12.102-(b), this Notice of Intent is to inform all parties the Department of Veterans Affairs, Netwo	batch-044.json
444	US-SAM:c77c1e39bf27459eac33d38863cf605a	SOURCES SOUGHT NOTICE: Fuel Delivery Services	HEALTH AND HUMAN SERVICES, DEPARTMENT OF	2026-08-25T23:00:00+00:00			LOW		47 the Buy Indian Act, the signature below constitutes self-certification that the Offeror meets the definition of an “Indian Economic Enter	batch-044.json
445	US-SAM:d5d5ba16c6454337a9a8005183b062ed	8960--FY26: Emergency Potable Water Delivery	VETERANS AFFAIRS, DEPARTMENT OF	2026-08-18T13:00:00+00:00			LOW			batch-044.json
446	US-SAM:23bb396e79a444d58da34a3b601862ef	H266--Dose Monitor System	VETERANS AFFAIRS, DEPARTMENT OF	2026-08-20T15:00:00+00:00			LOW		stem. The justification for this non-competitive solicitation is due to Change Healthcare Technology being the sole supplier that can supply	batch-044.json
447	US-SAM:d479c131d5de45449906f7d37f541e40	SOURCES SOUGHT _ ServiceNow Staff Augmentation Services	DEPT OF DEFENSE	2026-08-20T18:00:00+00:00			LOW		===== FILE: files/26Q0114_SOW_Rev1.pdf ===== STATEMENT OF WORK (SOW) Customer: Southwest Regional Maintenance Center (SWRMC) Provider: TBD E	batch-044.json
448	TED:567653-2026	Romania – Refuse and waste related services – ’’Contract de delegare a gestiunii activității de operare a centrului de colectare prin aport voluntar a deşeurilor de la persoanele fizice’’	Municipiul Sibiu	2026-09-22T15:00:00+03:00	1865278.0	RON	LOW			batch-044.json
449	PL-BZP:08def7a4-9356-686a-962b-120001dad12a	Usługa wykonania przeglądów technicznych respiratorów i aparatów do znieczulenia	Wojskowy Instytut Medyczny - Państwowy Instytut Badawczy	2026-08-21T08:00:00+00:00			LOW		do SWZ. Assortment group: Test mode of awarding procedure: No Awarding procedure type: Open Legal type: Public (Proc Law) Method of awarding	batch-044.json
450	PL-BZP:08def485-c0ed-aa8b-962b-12000127298b	„Centrum Szkolenia Żeglarstwa na Wielkiej Pętli Wielkopolski w Przystani Gosławice – przebudowa przystani etap I - budowa pływającego pomostu cumowniczego nr 4”.	Miejski Ośrodek Sportu i Rekreacji	2026-08-24T08:00:00+00:00			LOW			batch-044.json
451	TED:554236-2026	Czechia – Insurance services – RUK – OZV – Centrální cestovní pojištění pro zaměstnance Univerzity Karlovy	Univerzita Karlova	2026-09-07T10:00:00+02:00	11960000.0	CZK	LOW			batch-045.json
452	PL-BZP:08def7b0-3387-1024-962b-120001dad26a	Remont sufitów podwieszanych w budynku Sądu Rejonowego w Siedlcach	Sąd Rejonowy w Siedlcach	2026-08-27T07:00:00+00:00			LOW			batch-045.json
453	PL-BZP:08def2bf-727f-2564-962b-12000166a341	„Poprawa BRD na przejściach dla pieszych na DK35 w m. Świdnica”.	Gmina Miasto Świdnica	2026-08-20T07:00:00+00:00			LOW			batch-045.json
454	PL-BZP:08def476-d6a9-7781-962b-120001d608c1	Sukcesywne świadczenie usług poligraficznych dla PZLPiT „MAZOWSZE”	PZLPiT Mazowsze	2026-08-24T09:00:00+00:00			LOW			batch-045.json
455	PL-BZP:08def79d-c9ad-c307-962b-120001dacfff	Opracowanie wymaganej przepisami prawa oceny technicznej (opinii, ekspertyzy) pięciu budynków znajdujących się na terenie gminy Grodzisk Mazowiecki.	GMINA GRODZISK MAZOWIECKI	2026-08-19T10:00:00+00:00			LOW			batch-045.json
456	PL-BZP:08def6cf-06bb-7a00-962b-120001b3f441	Przebudowa instalacji elektrycznej i teleinformatycznej w budynku Sądu Rejonowego w Turku przy ul. Legionów Polskich 4 w Turku	Sąd Apelacyjny w Poznaniu	2026-08-26T08:00:00+00:00			LOW			batch-045.json
457	US-SAM:2ba233e113264fa2a8606aa5bb330b8b	Q301--MRI Phantom System Maintenance Intent to Sole Source	VETERANS AFFAIRS, DEPARTMENT OF	2026-08-24T14:00:00+00:00			LOW		’s Administration (VA) Office of Research and Development, Regional Procurement Office – East in Pittsburgh, PA intends to negotiate on a so	batch-045.json
458	TED:568146-2026	Poland – Architectural, construction, engineering and inspection services – Opracowanie dokumentacji projektowej wraz z pełnieniem nadzoru autorskiego dla zadania pn.: Termomodernizacja wraz	Dyrekcja Rozbudowy Miasta Gdańska działająca w imieniu i na rzecz Gminy Miasta Gdańska	2026-09-17T11:00:00+02:00			LOW			batch-045.json
459	TED:569072-2026	Slovenia – Architectural, construction, engineering and inspection services – IZVAJANJE NADZORA NAD GRADNJO IN OPREMO ZA PRETOVOR SIPKIH ALI RAZSUTIH TOVOROV- SKLOP 1: IZVAJANJE STROKOVNEGA 	LUKA KOPER, pristaniški in logistični sistem, delniška družba	2026-09-23T12:00:00+02:00			LOW		pooblaščene osebe) Opomba: Obrazec morajo predložiti le ponudniki, ki bodo predmetno javno naročilo izvajali s podizvajalci, za tiste podizv	batch-045.json
460	TED:558591-2026	Germany – Lift installation work – Staatsbetrieb Sächs.Informatik Dienste, Errichtung Funktionsgebäude	Staatsbetrieb Sächsisches Immobilien- und Baumanagement, Zentrale, Zentralstelle Vergabe- und Vertragsmanageme	2026-10-01T09:00:00+02:00			LOW		er zu vergebenden Leistung vergleichbar sind Ich/Wir erkläre(n), dass ich/wir in den letzten fünf Kalenderjahren bzw. dem in der Auftragsbek	batch-045.json
461	PL-BZP:08defc48-fd14-6938-962b-12000115bd2d	Zakup i dostawa fabrycznie nowego samochodu osobowego typu Plug-in Hybrid (PHEV) na potrzeby Urzędu Miejskiego w Dziwnowie-2	Gmina Dziwnów	2026-08-25T10:00:00+00:00			LOW			batch-046.json
462	PL-BZP:08defc3b-c2ce-dd80-962b-1200014af5c4	Nadzór inwestorski i rozliczenie finansowe i rzeczowe - funkcja Inżyniera przy realizacji zamówienia pn. „Rozbudowa drogi wojewódzkiej Nr 829 od km 14+860 do km 21+999”	Zarząd Dróg Wojewódzkich w Lublinie	2026-09-11T07:00:00+00:00			LOW			batch-046.json
463	PL-BZP:08def46b-3009-50d2-962b-120001d33f5f	Wykonanie przyłącza kanalizacji sanitarnej i deszczowej do budynku Szkoły Podstawowej nr 11 przy ul. Mościckiego 177 A w Tarnowie	Gmina Miasta Tarnowa - Urząd Miasta Tarnowa	2026-08-24T10:00:00+00:00			LOW			batch-046.json
464	PL-BZP:08defc2b-d831-6c7f-962b-1200014af3f4	Sukcesywne dostawy papieru toaletowego, ręczników papierowych i dozowników	UNIWERSYTET MIKOŁAJA KOPERNIKA W TORUNIU COLLEGIUM MEDICUM IM. LUDWIKA RYDYGIERA W BYDGOSZCZY	2026-08-26T08:00:00+00:00			LOW			batch-046.json
465	TED:566946-2026	Poland – Parts and accessories for vehicles and their engines – Dostawa części zamiennych do pojazdów kołowych (HONKER)	3 Regionalna Baza Logistyczna	2026-09-14T08:00:00+02:00			LOW			batch-046.json
466	TED:568029-2026	Lithuania – Reagents and contrast media – Reagentai ir pagalbinės priemonės Mikrobiologijos laboratorijai (11765) NUTRAUKTAS	VšĮ Vilniaus universiteto ligoninė Santaros klinikos (PV)	2026-09-17T10:00:00+03:00			LOW			batch-046.json
467	PL-BZP:08defd09-081f-1041-962b-12000115c761	Usługa przeprowadzenia warsztatów grupowych oraz indywidualnych sesji coachingowych „Talent Booster – odkryj swoje mocne strony” dla Politechniki Lubelskiej	POLITECHNIKA LUBELSKA	2026-09-01T08:00:00+00:00			LOW			batch-046.json
468	PL-BZP:08defd04-639a-218b-962b-12000115c6b1	Organizacja dwudniowego spotkania sieciującego dla powiatowych centrów pomocy rodzinie.	Regionalny Ośrodek Polityki Społecznej w Lublinie	2026-08-26T08:00:00+00:00			LOW			batch-046.json
469	PL-BZP:08defcf9-d540-001c-962b-12000115c528	Przebudowa mostu w ciągu drogi powiatowej nr 3915 E w km. 2+938 w miejscowości Krery	Powiat Radomszczański	2026-09-02T07:00:00+00:00			LOW		Stabilność magazynowa -nia. Różnica temperatur mięknienia PN-EN 13399 [57] PN-EN 1427 [22] °C ≤ 5 2 ≤ 5 2 ≤ 5 2 Stabilność magazynowa -nia. 	batch-046.json
470	PL-BZP:08def218-4170-5283-962b-1200010b7322	Budowa kablowej linii oświetlenia ulicy Pyłkowej w Hajnówce	Gmina Miejska Hajnówka	2026-08-21T07:00:00+00:00			LOW			batch-046.json
471	TED:567841-2026	Poland – Installation of road lighting equipment – Oświetlenie przejść dla pieszych na ulicach będących w zarządzie Miejskiego Zarządu Dróg w Rzeszowie	Gmina Miasto Rzeszów - Urząd Miasta Rzeszowa	2026-08-26T10:00:00+02:00			LOW			batch-047.json
472	US-SAM:213a2fe3a447465e8f30699c9f056ec4	JOMIS Joint Medical Planning, Modeling and Simulation Capabilities	DEPT OF DEFENSE	2026-09-13T19:00:00+00:00			LOW		ny cost incurred in developing information provided to the Government. OVERVIEW The Defense Health Agency Contracting Activity (DHACA), on b	batch-047.json
473	US-SAM:bb4bf0e50af5495cacb65f25d1dc8cc4	6550--HOLOGIC PANTHER SUPPLIES & CONSUMABLES IDC SALISBURY	VETERANS AFFAIRS, DEPARTMENT OF	2026-08-20T15:00:00+00:00			LOW		with 41 U.S.C. §3304(a)(1) as implemented by FAR 6.302-1, Only One Responsible Source. This purchase will be made under Acquisition of Comme	batch-047.json
474	TED:568984-2026	Romania – Motor vehicle insurance services – Servicii de asigurare facultativa a autovehiculelor CASCO	Serviciul de Ambulanta Judetean Timis	2026-09-21T15:00:00+03:00	1118400.0	RON	LOW			batch-047.json
475	PL-BZP:08def878-f1c3-7756-962b-1200013365fa	Organizacja targów branżowych pn. „DUAL-USE & DEFENCE Bydgoszcz 2026” – Część I/II Wynajem stoisk targowych/Kompleksowa usługa cateringowa	BYDGOSKI PARK PRZEMYSŁOWO-TECHNOLOGICZNY SPÓŁKA Z OGRANICZONĄ ODPOWIEDZIALNOŚCIĄ	2026-08-20T07:00:00+00:00			LOW			batch-047.json
476	UK_PCS_OCDS:rls-25-AUG561899	P27-0023: Grangemouth â Strategic Spatial Framework	Scottish Enterprise	2026-09-08T11:00:00+00:00	208000.0	GBP	LOW		s Invitation to Tender (ITT) is to appoint a supplier to deliver the Grangemouth Strategic Spatial Framework study to Scottish Enterprise. T	batch-047.json
477	UK_PCS_OCDS:rls-6-JUL561091	Provision of home and community-based care and support services under SDS Option 3 (2027 Angus Framework)	Angus Council	2026-09-10T12:00:00+00:00	248358000.0	GBP	LOW			batch-047.json
478	UK_PCS_OCDS:rls-47-AUG561486	Energy Advice Services 2026	Aberdeen City Council	2026-09-02T12:00:00+00:00			LOW			batch-047.json
479	UK_PCS_OCDS:rls-32-AUG561858	Flood Bank Realignment	Beaver Trust	2026-08-28T09:00:00+00:00			LOW			batch-047.json
480	UK_PCS_OCDS:rls-36-AUG561703	Partick Housing Association: CHP and Power System Servicing and Reactive Maintenance Works	Partick Housing Association Ltd.	2026-09-04T12:00:00+00:00			LOW			batch-047.json
481	ZA_ETENDERS_OCDS:ocds-9t57fa-165684-2026-08-14	34 OF 2026	Makhado Local Municipality	2026-09-02T12:00:00+00:00		ZAR	LOW		===== FILE: files/Tender advert 34 of 2026 Supply and delivery of local government library (Full set comprising of 21 pocketbooks).pdf =====	batch-048.json
482	ZA_ETENDERS_OCDS:ocds-9t57fa-165650-2026-08-14	GPAA 08/2026	Government Pensions Administration Agency (GPAA)	2026-09-04T11:00:00+00:00		ZAR	LOW			batch-048.json
483	ZA_ETENDERS_OCDS:ocds-9t57fa-165806-2026-08-17	RFB018/26/27	National Health Laboratory Service	2026-09-11T11:00:00+00:00		ZAR	LOW		s on an as and when required basis. g) NHLS will appoint based on the rates therefore the total bid offer is for comparison purposes only. P	batch-048.json
484	ZA_ETENDERS_OCDS:ocds-9t57fa-165640-2026-08-14	COM104/2026	Mbombela Local Municipality	2026-08-24T11:00:00+00:00		ZAR	LOW			batch-048.json
485	ZA_ETENDERS_OCDS:ocds-9t57fa-164001-2026-08-17	TNPA/2026/06/1342/7587/RFP	Transnet National Ports Authority	2026-08-27T12:00:00+00:00		ZAR	LOW			batch-048.json
486	ZA_ETENDERS_OCDS:ocds-9t57fa-165821-2026-08-17	GPAA 06/2026	Government Pensions Administration Agency (GPAA)	2026-09-07T11:00:00+00:00		ZAR	LOW			batch-048.json
487	US-SAM:31c3236d25c045dc979cd8bb588b8c08	Y1DA--652-22-704 WIFI NextGen Upgrades	VETERANS AFFAIRS, DEPARTMENT OF	2026-11-24T00:00:00+00:00			LOW			batch-048.json
488	US-SAM:d4d833c2a7d449e899ac968f3de849cb	Casualty Administrative Support Services (CASS)	DEPT OF DEFENSE	2026-09-02T14:00:00+00:00			LOW		this notice, please provide: 1. Name of the firm, point of contact, phone number, email address, UEI number, CAGE code, a statement regardin	batch-048.json
489	US-SAM:b1b92ad1228743569f2d1eff9aca932c	6515--KAIRISON PNEUMATIC BONE PUNCH SYSTEM	VETERANS AFFAIRS, DEPARTMENT OF	2026-10-16T00:00:00+00:00			LOW			batch-048.json
490	US-SAM:93e94e98d03848669769031cb58e1cef	H146--SPS Water Testing and Sampling IAW ST108	VETERANS AFFAIRS, DEPARTMENT OF	2026-09-01T00:00:00+00:00			LOW			batch-048.json
491	UK_PCS_OCDS:rls-80-JUL560325	PEATLAND RESTORATION SCHEME RSPB Oa Phase 4 Islay	RSPB Scotland	2026-08-25T09:00:00+00:00			LOW			batch-049.json
492	US-SAM:1c48b3d32dd049769b45df7e8a72f9b9	6515-- Carino Shower Chairs	VETERANS AFFAIRS, DEPARTMENT OF	2026-08-19T21:00:00+00:00			LOW		uesting that restrictive or proprietary markings not be used in response to this notice. If a solicitation is released, it will be synopsize	batch-049.json
493	TED:567864-2026	Germany – Architectural, engineering and planning services – Rechercheauftrag Innenstadthavel und Nebengewässer ; Recherche, Erfassung und Auswertung von Bestandsakten	Land Berlin, Senatsverwaltung für Mobilität, Verkehr, Klimaschutz und Umwelt	2026-09-04T23:59:00+02:00			LOW			batch-049.json
494	PL-BZP:08defc28-5937-f5c0-962b-1200014af3a1	„Modernizacja dróg dojazdowych do gruntów rolnych”	Gmina Igołomia-Wawrzeńczyce	2026-09-01T10:00:00+00:00			LOW			batch-049.json
495	PL-BZP:08defc84-81fb-5936-962b-12000115c18a	Modernizacja łazienek Powiatowego Zespołu Placówek Szkolno – Wychowawczych w Hrubieszowie	Powiatowy Zespół Placówek Szkolno - Wychowawczych w Hrubieszowie	2026-09-01T08:00:00+00:00			LOW			batch-049.json
496	TED:568655-2026	Romania – Forestry services – Servicii de regenerare a pădurilor 3/2027 - dssv	Regia Nationala a Padurilor - ROMSILVA RA - Directia Silvica Suceava	2026-09-21T15:00:00+03:00	4193698.82	RON	LOW			batch-049.json
497	UK_PCS_OCDS:rls-3-AUG562475	Provision of Planning Enforcement Direct Action Contractor	Orkney Islands Council	2026-09-17T12:00:00+00:00	750000.0	GBP	LOW			batch-049.json
498	TED:568895-2026	Romania – Repair and maintenance services of cooler groups – SERVICII DE INTRETINERE, VERIFICARE SI REPARARE ECHIPAMENTE CLIMATIZARE (CTA) CU FURNIZARE FILTRE DE SCHIMB	Spitalulul Clinic de Ortopedie Traumatologie si TBC Osteoarticular Foisor	2026-09-18T15:00:00+03:00	1527000.0	RON	LOW			batch-049.json
499	TED:567840-2026	Romania – Medical equipments – „ACHIZIȚIONARE DE APARATURĂ MEDICALĂ DE EXPLORARE SAU DE TERAPIE”	Centrul Medical de Evaluare,Terapie,Educatie Medicala Specifica si Recup pentru Copii si Tineri "Cristian Serb	2026-09-18T15:00:00+03:00	6939669.39	RON	LOW			batch-049.json
500	US-SAM:380201a14879411a93733c78192b55ea	J029--Chemical Treatments, Cooling Tower/Boiler Water Treatment Service - SAVAHCS	VETERANS AFFAIRS, DEPARTMENT OF	2026-09-15T00:00:00+00:00			LOW			batch-049.json
501	TED:560079-2026	Germany – Architectural, engineering and planning services – M0142 Generalsanierung Congress Centrum Würzburg (CCW) - 26FO0006 Generalplanungsleistung zur Generalsanierung CCW	Stadt Würzburg	2026-09-18T09:00:00+02:00	8733320.43	EUR	LOW			batch-050.json
502	UK_PCS_OCDS:rls-32-JUL560734	Provision of Timber for Operational and Training Requirements	Scottish Fire and Rescue Service	2026-08-24T12:00:00+00:00	650000.0	GBP	LOW		the support team using the contact details provided on the site home page. ===== FILE: files/portal_page.txt ===== We use cookies to make th	batch-050.json
503	PL-BZP:08def3a6-42aa-cc2c-962b-120001064396	Zakup wyposażenia nowej sali widowiskowej na dworcu kolejowym w Łukowie	ŁUKOWSKI OŚRODEK KULTURY	2026-08-21T09:00:00+00:00			LOW			batch-050.json
504	PL-BZP:08def78c-c765-8383-962b-12000107200b	Przebudowa drogi gminnej w m. Czerna	Gmina Iłowa	2026-08-26T10:00:00+00:00			LOW			batch-050.json
505	US-SAM:596517d3af8c4080a1dea5fa40dab58b	F-16 TRANSMITTER, PRESSURE NSN 6685011496398WF	DEPT OF DEFENSE	2026-09-18T05:59:00+00:00			LOW	training-course	===== FILE: files/CDRLCPP.pdf ===== DD FORM 1423-1, FEB 2001 CONTRACT DATA REQUIREMENTS LIST (1 Data Item) PREVIOUS EDITION MAY BE USED. For	batch-050.json
506	US-SAM:c370be99aa6549b7be0fcc4b312353ab	Conference Rooms (S) and (TS)	DEPT OF DEFENSE	2026-08-24T18:00:00+00:00			LOW		ro Non-Radio version) routed into the multi-domain switch. 5. Security & Compliance Signaling (Red/Black Isolation) • Doors & Displays Signa	batch-050.json
507	US-SAM:d95190c2754d4322b315d54fe01a6f89	VALVE,VACUUM REGULA	HOMELAND SECURITY, DEPARTMENT OF	2026-08-22T16:00:00+00:00			LOW		an also be found on SAM.GOV under the same solicitation/RFQ listed in the header. The U.S. Coast Guard, Surface Forces Logistics Center (SFL	batch-050.json
508	US-SAM:c5d99b0d872b4fb887f5df4f9a8b8d9e	F-35 Operations Vault Audio Visual Matrix	DEPT OF DEFENSE	2026-08-21T15:00:00+00:00			LOW		on that will integrate with installed equipment such as but not limited to (2) Laser Projectors, (1) classified video teleconferencing syste	batch-050.json
509	PL-BZP:08def38c-c146-0453-962b-1200019cd421	Remont obiektów zlokalizowanych w rejonie działania SOI Szczecin Podjuchy	15 WOJSKOWY ODDZIAŁ GOSPODARCZY	2026-08-25T08:00:00+00:00			LOW			batch-050.json
510	US-SAM:e82c6690f96c44a58d81b592000590c0	Notice of Intent to Award Sole Source - DAFL Hoopla	DEPT OF DEFENSE	2026-08-21T17:00:00+00:00			LOW		erations, remote sites, and military missions IAW DoDI 1015.10. The program provides professional military and voluntary education programs 	batch-050.json
511	US-SAM:184e75f58f0e4563a25e1b93672239c7	Notice of Intent to Sole Source Accreditation Planning and Self-study and Course Evaluations and Surveys Software	DEPT OF DEFENSE	2026-09-01T13:00:00+00:00			LOW			batch-051.json
512	PL-BZP:08defc61-adcc-083d-962b-12000115c082	Kompleksowe zorganizowanie 4 - dniowego wyjazdu terapeutycznego w wakacje 2026 w ramach projektu „W rodzinie jest moc”	Powiatowe Centrum Pomocy Rodzinie w Zduńskiej Woli	2026-08-25T08:00:00+00:00			LOW			batch-051.json
513	TED:566197-2026	Romania – Specialist optical instruments – Sistem pentru măsurarea și optimizarea frontului de undă	Institutul National de Cercetare Dezvoltare pentru Fizica si Inginerie Nucleara "Horia Hulubei"	2026-09-21T15:00:00+03:00	403400.0	RON	LOW			batch-051.json
514	UK_PCS_OCDS:rls-8-AUG562238	Water of Luce Dalnigap Channel Realignment	Galloway Rivers Trust	2026-08-24T17:00:00+00:00	60000.0	GBP	LOW		ocds-r6ebe6-0000840086 Published by: Galloway Rivers Trust Publication Date: 13/08/2026 Deadline Date: 24/08/2026 Deadline Time: 17:00 Notic	batch-051.json
515	UK_PCS_OCDS:rls-19-AUG562113	Ecological constraints surveys prior to habitat work for capercaillie	Cairngorms National Park Authority	2026-08-28T10:00:00+00:00	6250.0	GBP	LOW		gical constraints surveys prior to habitat work for capercaillie Reference No: AUG562113 OCID: ocds-r6ebe6-0000839913 Published by: Cairngor	batch-051.json
516	UK_PCS_OCDS:rls-1-AUG562483	Supply, Testing and Maintenance of Garage Equipment	Scottish Fire and Rescue Service	2026-09-17T12:00:00+00:00	361486.0	GBP	LOW			batch-051.json
517	TED:567705-2026	Romania – Bespoke printed matter – Acord cadru de furnizare -bonuri de carburant pe suport de hartie (denumite în continuare bonuri de carburant)	DIRECTIA GENERALA DE ASISTENTA SOCIALA SI PROTECTIA COPILULUI MURES	2026-09-15T15:00:00+03:00	756156.0	RON	LOW			batch-051.json
518	TED:569186-2026	Poland – Travel agency, tour operator and tourist assistance services – Kompleksowa organizacja zagranicznego, czterodniowego wyjazdu studyjnego do Szwajcarii dla delegacji z Województwa Mał	Województwo Małopolskie	2026-09-14T10:00:00+02:00	197050.0	PLN	LOW			batch-051.json
519	TED:553265-2026	Romania – Police uniforms – Acord-cadru de furnizare echipament din componența uniformelor de poliție	INSPECTORATUL GENERAL AL POLITIEI ROMANE	2026-09-14T15:00:00+03:00	10219790.0	RON	LOW			batch-051.json
520	UK_PCS_OCDS:rls-47-AUG561665	Design and Construct a new footbridge	Loch Lomond & The Trossachs National Park Authority	2026-09-21T10:00:00+00:00	1.0	GBP	LOW			batch-051.json
521	UK_PCS_OCDS:rls-22-AUG562124	Fire Engineering Consultant Services	Historic Environment Scotland	2026-09-14T12:00:00+00:00	520000.0	GBP	LOW			batch-052.json
522	UK_PCS_OCDS:rls-23-AUG562008	Bernat Klein Studio - Design Team	Scottish Historic Buildings Trust (SHBT)	2026-09-11T12:00:00+00:00			LOW			batch-052.json
523	UK_PCS_OCDS:rls-24-AUG562036	RCH692 - Void Clearance & Cleaning Services	River Clyde Homes	2026-08-21T12:00:00+00:00			LOW			batch-052.json
524	UK_PCS_OCDS:rls-34-AUG561834	Appointment for Landscape Architect for Development of Exemplar Estates Guide	Loreburn Housing Association	2026-09-07T12:00:00+00:00	20000.0	GBP	LOW			batch-052.json
525	UK_PCS_OCDS:rls-53-AUG561579	Campus Communication, Lockdown & Emergency Notification System for Ayrshire College	Ayrshire College	2026-08-25T12:00:00+00:00	80000.0	GBP	LOW			batch-052.json
526	UK_PCS_OCDS:rls-30-AUG561905	New Gorbals H.A. - Roof Replacements & Associated Works Phase 1 - 36-56 St Ninian Terrace	New Gorbals Housing Association Ltd.	2026-09-07T12:00:00+00:00			LOW			batch-052.json
527	UK_PCS_OCDS:rls-26-AUG561891	ITT for the provision of specialised Cooling in Energy Access consultancy services to support the Low Energy Inclusive Appliances programme	Energy Saving Trust Ltd	2026-09-07T12:00:00+00:00	73500.0	GBP	LOW			batch-052.json
528	ZA_ETENDERS_OCDS:ocds-9t57fa-165739-2026-08-17	RFQ 015/2026	Cape Town International Convention Centre	2026-08-28T12:00:00+00:00		ZAR	LOW		ption area on the ground floor of the Cape Town International Convention Centre 1 (1 Lower Long Street, Convention Square, Foreshore, Cape T	batch-052.json
529	UK_PCS_OCDS:rls-18-AUG561492	Proposed Peatland Restoration - Tarras Valley (Phase 2) - South Scotland	Crichton Carbon Centre	2026-08-28T12:00:00+00:00			LOW			batch-052.json
530	UK_PCS_OCDS:rls-13-AUG561571	River Tweed Trail, Brand Positioning and Audience Development	Tweed Forum	2026-09-09T17:00:00+00:00	10000.0	GBP	LOW			batch-052.json
531	UK_PCS_OCDS:rls-51-AUG561829	Peatland Restoration - Inverbroom	3E Services Ltd	2026-09-11T17:00:00+00:00			LOW			batch-053.json
532	UK_PCS_OCDS:rls-1-AUG561759	Provision of Out of Hours Call Handling Services, 2026 â 2029	Cairn Housing Association	2026-08-28T12:00:00+00:00			LOW			batch-053.json
533	UK_PCS_OCDS:rls-51-JUL561386	NHS-676-Adult Shared Lives Service	NHS Highland	2026-08-31T12:00:00+00:00	567000.0	GBP	LOW			batch-053.json
534	UK_PCS_OCDS:rls-33-AUG561909	New Gorbals H.A. - Roof Replacements & Associated Works Phase 3 - 111 - 143 Old Rutherglen Road	New Gorbals Housing Association Ltd.	2026-09-07T12:00:00+00:00			LOW			batch-053.json
535	UK_PCS_OCDS:rls-21-AUG561415	Peatland Restoration - Auchessan Phase 3	Loch Lomond & The Trossachs National Park Authority	2026-08-26T10:00:00+00:00	1.0	GBP	LOW			batch-053.json
536	ZA_ETENDERS_OCDS:ocds-9t57fa-165795-2026-08-17	NT011-2026	National Treasury	2026-09-07T11:00:00+00:00		ZAR	LOW		OFFER TO BE VALID FOR 90 DAYS FROM THE CLOSING DATE OF BID. ITEM DESCRIPTION BID PRICE IN RSA CURRENCY NO INCLUSIVE OF VALUE ADDED TAX APPOI	batch-053.json
537	UK_PCS_OCDS:rls-9-AUG561615	Proposed Peatland Restoration - Shurrery Estate	Caledonian Climate Partners	2026-08-25T12:00:00+00:00			LOW			batch-053.json
538	UK_PCS_OCDS:rls-19-AUG561484	Proposed Peatland Restoration - North Sanquhar Moor (Phase 4) - South Scotland	Crichton Carbon Centre	2026-08-28T12:00:00+00:00			LOW			batch-053.json
539	US-SAM:56168abe755f47b99f8fe98a61111313	6505--Genus Lifesciences, Inc. 65 I B, 36F79726D0140 Effective 10/1/2026 to 9/30/2031	VETERANS AFFAIRS, DEPARTMENT OF	2026-10-16T00:00:00+00:00			LOW			batch-053.json
540	US-SAM:2ffca99b80b849dc91d5642b624bcb0e	6515--GI Electrosurgery	VETERANS AFFAIRS, DEPARTMENT OF	2026-09-16T00:00:00+00:00			LOW			batch-053.json
541	US-SAM:236ac75783ad4c23b192cae22e24c66b	Fort Stewart Base Operations - W5168W26RA014	DEPT OF DEFENSE	2026-09-28T19:00:00+00:00			LOW			batch-054.json
542	UK_PCS_OCDS:rls-74-JUL560385	Peatland ACTION - Proposed Restoration - Penicuik Estate - Auchencorth and Hare Mosses - Midlothian	Scottish Natural Heritage - NatureScot	2026-08-31T17:00:00+00:00			LOW			batch-054.json
543	UK_PCS_OCDS:rls-57-JUL560644	Invitation to Submit Business Case for the Provision of General Medical Services at Maryfield Medical Centre, Dundee	NHS Tayside	2026-08-25T12:00:00+00:00			LOW			batch-054.json
544	UK_PCS_OCDS:rls-50-JUL560724	19486_Banff Academy_Lift Replacement	Aberdeenshire Council	2026-08-19T12:00:00+00:00	110000.0	GBP	LOW			batch-054.json
545	US-SAM:94cf00491609442d89840eb30e1a3a2e	6540--Brand Name or Equal Hausted Ophthalmology Chair - FARGO	VETERANS AFFAIRS, DEPARTMENT OF	2026-08-24T23:00:00+00:00			LOW			batch-054.json
546	UK_PCS_OCDS:rls-101-JUL560011	Proposed Peatland restoration at Carter Fell	Scottish Woodland Limited	2026-08-24T12:00:00+00:00	150000.0	GBP	LOW			batch-054.json
547	US-SAM:7eda92a985a2474dbffb483bb8964956	S201--Window Washing Services in support of the Sioux Falls VAHCS	VETERANS AFFAIRS, DEPARTMENT OF	2026-10-16T00:00:00+00:00			LOW			batch-054.json
548	UK_PCS_OCDS:rls-2-JUL561394	National Museum of Rural Life - Exhibition Bldg. - Replacement of 11no Windows	National Museums Scotland	2026-09-18T12:00:00+00:00	20000.0	GBP	LOW			batch-054.json
549	UK_PCS_OCDS:rls-15-JUL561268	NMS - Fire Stopping Works	National Museums Scotland	2026-09-18T12:00:00+00:00			LOW			batch-054.json
550	TED:567985-2026	Romania – Forestry services – Acord cadru servicii pentru silvicultura (servicii de pregatirea terenului) cu durata de 1 an CL	REGIA NATIONALA A PADURILOR - ROMSILVA RA	2026-09-14T15:00:00+03:00	4560000.0	RON	LOW			batch-054.json
551	WORLD-BANK:OP00004449	Emergency Social Safety Net Enhancement (EC Food Facility Grant)					LOW		and component management - cash assistance program(Euro 0.163).</SPAN></I><SPAN style="mso-bidi-font-weight: bold; mso-bidi-font-size: 11.0p	batch-055.json
552	WORLD-BANK:OP00008406	OECS E-Government for Regional Integration Program (APL)					LOW			batch-055.json
553	UK_PCS_OCDS:rls-18-JUL560609	19429 - PETERHEAD - WILLOWBANK DAY CENTRE DEMOLITION	Aberdeenshire Council	2026-08-18T10:30:00+00:00			LOW			batch-055.json
554	PL-BZP:08def45d-ead6-5db8-962b-120001d33d37	Roboty remontowe w gminnych lokalach mieszkalnych – pustostanach położonych we Wrocławiu.	ZARZĄD ZASOBU KOMUNALNEGO	2026-08-24T09:30:00+00:00			LOW			batch-055.json
555	UK_PCS_OCDS:rls-60-JUL560250	Belmont Cinema Refurbishment - design team procurement	Belmont Community Cinema	2026-08-27T17:00:00+00:00			LOW			batch-055.json
556	GR-KHMDHS:26PROC019636841	1430 2026 ΠΡΟΣΚΛΗΣΗ ΟΙΚ ΠΡΟΣΦΟΡΑΣ ΥΠΗΡΕΣΙΩΝ ΚΑΘΑΡΙΟΤΗΤΑΣ	ΔΗΜΟΤΙΚΟ ΛΙΜΕΝΙΚΟ ΤΑΜΕΙΟ ΧΕΡΣΟΝΗΣΟΥ	2026-08-26T11:30:00+00:00	25844.5	EUR	LOW			batch-055.json
557	EE-RHR:c4b1512c-17ac-4fc0-afe7-4f0689debed5	Saabaste ostmine	Politsei- ja Piirivalveamet	2026-09-15T09:00:00+00:00	700000.0	EUR	LOW		===== FILE: files/files_unpacked/313416_ESPD_v2.0_laiendatud.xml ===== <?xml version="1.0" encoding="UTF-8"?> <QualificationApplicationReque	batch-055.json
558	US-SAM:9969bf85747b4eb4a4aea2ede4046f0e	Cosen Mitering Band Saw C-510MNC (QTY 1)	NATIONAL AERONAUTICS AND SPACE ADMINISTRATION	2026-08-21T12:00:00+00:00			LOW		===== FILE: files/SATPC0042336_Tab_04_4_SOW..pdf ===== STATEMENT OF WORK 1. Objective/Requirements Purchase of horizontal band saw with the 	batch-055.json
559	US-SAM:5f5391151705497cb3e983c5290b0ac5	DHS FLETC GLYNCO - TSA ACADEMY RENOVATION	HOMELAND SECURITY, DEPARTMENT OF	2026-08-28T20:30:00+00:00			LOW		= TSA Renovation ATTACHMENT 1 70LGLY26QGLB00040 Bid Schedule Contractor should provide or be able to provide any requested backup data to su	batch-055.json
560	US-SAM:4511eedd6ad3472684eeaf9a309dad72	Z2LZ--528A7-25-502 Replace Trench Drains	VETERANS AFFAIRS, DEPARTMENT OF	2026-09-04T17:00:00+00:00			LOW		Network Contracting Office (NCO) 2, intends to issue Solicitation 36C24226R0111 for Project 528A7-25-502 – Replace Trench Drains at the Syra	batch-055.json
561	US-SAM:d2bf12c168654ab1828b7bb432ed756a	Z2FZ--590-24-450 Renovate Transitional Residences	VETERANS AFFAIRS, DEPARTMENT OF	2026-10-02T21:30:00+00:00			LOW		of Veterans Affairs, Hampton VA Medical Center in Hampton, Virginia, has a requirement for a contractor to provide construction services to 	batch-056.json
562	UK_PCS_OCDS:rls-12-AUG562290	Provision of Audience Research Services	National Galleries of Scotland	2026-09-28T12:00:00+00:00	396363.0	GBP	LOW		me: 12:00 Notice Type: 02 Contract Notice Has Documents: Yes Has SPD: Yes Abstract: The Board of Trustees for the National Galleries of Scot	batch-056.json
563	TED:553037-2026	Poland – Construction management services – Usługa pełnienia funkcji inżyniera kontraktu w ramach inwestycji pn. „Budowa i doposażenie nowego budynku BCO na potrzeby rozwoju centrów kompeten	Białostockie Centrum Onkologii im. M. Skłodowskiej-Curie w Białymstoku	2026-09-08T10:00:00+03:00			LOW			batch-056.json
564	TED:556057-2026	Poland – Construction management services – Usługa pełnienia funkcji Inżyniera Kontraktu („Dostawa urządzeń medycznych linii terapeutycznej do radioterapii wraz z budową budynku Zakładu Radi	Białostockie Centrum Onkologii im. M. Skłodowskiej-Curie w Białymstoku	2026-09-11T10:00:00+03:00			LOW			batch-056.json
565	US-SAM:50db7fa919b44206b66222b939cbdfb1	CONTROLLER, FLIGHT_End_Item_B1_NSN_6615012768318_PN_4030468-907	DEPT OF DEFENSE	2026-08-25T04:59:00+00:00			LOW		B, OK 73145 USA Platform: CONTACT INFORMATION Organization: Workflow Email: SEND RESPONSES HERE GENERAL INFORMATION Part Number NSN Estimate	batch-056.json
566	TED:568246-2026	Romania – Laboratory reagents – Materiale, reactivi, consumabile și alte produse similare necesare pentru cercetare fundamentală și aplicativă de înaltă performanță în cadrul Proiectului SEA	Institutul de Biologie si Patologie Celulara '' Nicolae Simionescu''	2026-09-21T15:00:00+03:00	604216.35	RON	LOW			batch-056.json
567	US-SAM:5b73505e1fee44c78cdcebc928b83f65	Emotional Intelligence (EQI) Assessments and Reports Services	DEPT OF DEFENSE	2026-08-21T17:00:00+00:00			LOW		SYSTEMS INC. FOR EMOTIONAL INTELLIGENCE (EQI) ASSESSMENTS AND REPORTS SERVICES The Washington Headquarters Services Acquisition Directorate 	batch-056.json
568	PL-BZP:08def6c6-5840-5613-962b-1200012685a4	Budowa toru speedrowerowego przy ul. Jaksonowickiej 28 we Wrocławiu	Wrocławskie Centrum Treningowe SPARTAN Spółka z o.o.	2026-08-25T09:00:00+00:00			LOW			batch-056.json
569	US-SAM:4fa61b5d68c24aefa5b8fe00627cfc7c	Spare Parts Kit	HOMELAND SECURITY, DEPARTMENT OF	2026-08-18T21:00:00+00:00			LOW		THAN FULL AND OPEN COMPETITION COMMERCIAL PRODUCTS AND SERVICES AT OR BELOW THE SAT FAR 12.102(a), FAR Class Deviation 25-21 Rev. 1 for FAR 	batch-056.json
570	US-SAM:bdaca9beaa044742bb44afecae7ac0e5	Andersen AFB Portable Toilets and Handwash Stations - NWF	DEPT OF DEFENSE	2026-08-23T22:00:00+00:00			LOW		===== FILE: files/Portable_Toilets_and_Handwash_Stations_PWS_28Rev5_29.pdf ===== PERFORMANCE WORK STATEMENT (PWS) PORTABLE TOILETS & HANDWAS	batch-056.json
571	UK_PCS_OCDS:rls-12-AUG562195	Catering concession Beveridge Park, Kirkcaldy	Fife Council	2026-09-18T12:00:00+00:00			LOW			batch-057.json
572	UK_PCS_OCDS:rls-1-AUG562429	Supply of Alternator Bearings for MPV Jura	Scottish Government	2026-09-01T12:00:00+00:00	55000.0	GBP	LOW			batch-057.json
573	PL-BZP:08defd05-18c6-351c-962b-12000115c6d7	„Przeprowadzenie zajęć skierowanych do rodziców/ opiekunów prawnych uczniów o specjalnych potrzebach edukacyjnych w ramach projektu „Wiatr w żagle”	GMINA GARWOLIN	2026-08-26T08:00:00+00:00			LOW			batch-057.json
574	PL-BZP:08defcf6-10f6-49ef-962b-12000115c4b5	"Roboty Budowlane – Demontaż istniejącej platformy z szybem oraz budowa nowego szybu windowego wraz z montażem nowego dźwigu osobowego w budynku Przychodni - WSOZ im. T. Browicza w Bydgoszcz	Wojewódzki Szpital Obserwacyjno-Zakaźny im Tadeusza Browicza	2026-09-08T06:00:00+00:00			LOW			batch-057.json
575	PL-BZP:08defcef-79d8-8b68-962b-12000115c3fd	Świadczenie usługi noclegowej dla młodzieży szkolnej na potrzeby organizacji ogólnopolskiego konkursy „ Geopodchody”.	UNIWERSYTET WARMIŃSKO – MAZURSKI W OLSZTYNIE	2026-08-26T08:00:00+00:00			LOW			batch-057.json
576	PL-BZP:08defcfb-0178-5945-962b-12000115c55f	Dostawa sprzętu komputerowego na potrzeby Urzędu Miasta Biała Podlaska przy ul. Marszałka Józefa Piłsudskiego 3 w Białej Podlaskiej	GMINA MIEJSKA BIAŁA PODLASKA	2026-08-26T10:00:00+00:00			LOW			batch-057.json
577	ZA_ETENDERS_OCDS:ocds-9t57fa-165598-2026-08-14	412/08/26/GAU-RISK	Passenger Rail Agency of South Africa	2026-08-25T10:00:00+00:00		ZAR	LOW		===== FILE: files/ERRATUM NOTICE FOR UNIFORM RISK.pdf ===== 30 Wolmarans Str. Private Bag X101 T +27 11 013 1667 www.prasa.com ERRATUM/ ADDE	batch-057.json
578	US-SAM:bc3ed3aff2ab4d3db86daae74caa9e32	Z--EACSS Fiber Backbone Upgrade	INTERIOR, DEPARTMENT OF THE	2026-09-02T00:00:00+00:00			LOW		stall the fiber backbone upgrade (which includes but is not limited to trenching, conduits, fibers, patch panel, vaults, and accessories) fo	batch-057.json
579	US-SAM:2fc40ff923374324945981a9bc3e26c3	Barricade Rental	DEPT OF DEFENSE	2026-08-20T14:00:00+00:00			LOW		===== FILE: files/1.05_Movement_of_Traffic_28MOT_29.pdf ===== For the best experience, open this PDF portfolio in Acrobat X or Adobe Reader 	batch-057.json
580	US-SAM:fd41b2cdcc804815a14edc11ac83fbaa	Support from Florida Institute of Technology, INC on Foundational Document and Engineering Data Infrastructure	NATIONAL AERONAUTICS AND SPACE ADMINISTRATION	2026-08-19T12:00:00+00:00			LOW		===== FILE: files/SATPC0042458_Tab_04_4_SOW..pdf ===== STATEMENT OF WORK 1. Object ive/Requirements The current smart structured-query effor	batch-057.json
581	US-SAM:670ce0c7bf9a4431b2816bf1308dfcfb	Sunken Vessel Removal- USACE Nashville District Lakes	DEPT OF DEFENSE	2026-08-31T16:00:00+00:00			LOW		ngineers Nashville District is conducting this Sources Sought in support of Market Research to notify and seek potential qualified members o	batch-058.json
582	WORLD-BANK:OP00013245	Monitoring & Communicating Results: Capacity-Building for the Office of the Presidential Adviser on					LOW			batch-058.json
583	PL-BZP:08def79e-65fd-8153-962b-120001dad017	Sukcesywne dostawy paliwa i płynów eksploatacyjnych do Zachodniego Centrum Medycznego sp. z o. o. w Krośnie Odrz	Zachodnie Centrum Medyczne sp. zo.o.	2026-08-20T07:00:00+00:00			LOW			batch-058.json
584	PL-BZP:08def2d2-73f9-37fb-962b-12000166a609	Opracowanie oraz wdrożenie dokumentacji Systemu Zarządzania Bezpieczeństwem Informacji (SZBI) zgodnie z wymaganiami Ustawy o krajowym systemie cyberbezpieczeństwa w PODGiK.	Powiatowy Ośrodek Dokumentacji Geodezyjnej i Kartograficznej	2026-08-24T09:00:00+00:00			LOW			batch-058.json
585	TED:568344-2026	Slovenia – Dressings – Obvezilni material	SPLOŠNA BOLNIŠNICA MURSKA SOBOTA	2026-08-21T09:00:00+02:00			LOW		E IN SPREJI | 30.4. PASTA Z JODOM | ZAPRT | Pasta s kadeksomerno matrico z dodatkom joda, ki čisti, mehča in vpija izločke na akutni ali kro	batch-058.json
586	US-SAM:c7e67fd0104e42e1ad89c0d2e47c8fbb	HPE Nimble Storage Array Warranty Support Renewal	DEPT OF DEFENSE	2026-08-19T04:00:00+00:00			LOW	training-course	===== FILE: files/HPE_Storage_Salient_Characteristics.pdf ===== Salient Characteristics PROJECT TITLE: FY’26 HPE Nimble Storage Array Warran	batch-058.json
587	US-SAM:b1f26e7ded2643d2835947cc08cb56fe	Request for Solutions (RFS): Autonomous Coding (AC) and Automated Appeals & Denials Management (ADM)	DEPT OF DEFENSE	2026-08-28T14:00:00+00:00			LOW	e-learning	===== FILE: files/Draft_SOO_ACADM.pdf ===== DRAFT — Statement of Objectives: Autonomous Coding & Appeals and Denials Management 1 STATEMENT 	batch-058.json
588	TED:567811-2026	Romania – Central-heating equipment – Achiziţia publică de utilaje, sisteme și echipamente energetice, defalcate pe 6 loturi	U.M. 02031 Bucuresti	2026-09-18T15:00:00+03:00	4324010.02	RON	LOW			batch-058.json
589	US-SAM:babca00df97b48b196596786dc8bf70f	USPS IDIQ AE Services Virginia	POSTAL SERVICE	2026-10-01T19:00:00+00:00			LOW		offerors whose proposal provides the combination of features that offers the best or greatest overall value. In order to fulfill recurring n	batch-058.json
590	TED:566276-2026	Romania – Medical furniture – MOBILIER MEDICAL SI DIVERSE-PROIECT USTACC	Spitalul Clinic Municipal de Urgenta Timisoara	2026-09-25T15:00:00+03:00	308807.73	RON	LOW			batch-058.json
591	US-SAM:558d165d99da4d58a51818bd43443b8b	WPAFB Restricted Access Badge Machine	DEPT OF DEFENSE	2026-08-26T16:00:00+00:00			LOW		===== FILE: files/RFQ-RFP_Atch_1_SOW_RAB-Replacement_10AUG2026_28Redacted_29.pdf ===== Statement of Work (SOW) Wright-Patterson Air Force Ba	batch-059.json
592	TED:566485-2026	Croatia – Kindergarten furniture – NAMJEŠTAJ ZA ODGOJNE SKUPINE DJEČJIH VRTIĆA	GRAD ZAGREB	2026-09-14T10:30:00+02:00	600000.0	EUR	LOW			batch-059.json
593	TED:567854-2026	Croatia – Repair, maintenance and associated services related to personal computers, office equipment, telecommunications and audio-visual equipment – Održavanje servera, diskovnog podsustav	Hrvatska kontrola zračne plovidbe d.o.o.	2026-09-15T12:00:00+02:00	240000.0	EUR	LOW			batch-059.json
594	PL-BZP:08defcef-9f19-cd41-962b-12000115c3fe	Roboty budowlane wielobranżowe związane z dostosowaniem pomieszczenia BM 0.04 (0/18 - magazyn) do wymagań Zamawiającego w obiekcie PWPW S.A. przy ul. Sanguszki 1 w Warszawie	Polska Wytwórnia Papierów Wartościowych SA	2026-08-27T10:00:00+00:00			LOW			batch-059.json
595	PL-BZP:08defd04-ecd0-a5b0-962b-12000115c6ce	Sukcesywna dostawa paliwa drzewnego – pelletu w sezonie grzewczym 2026/2027	GMINA KOŚCIELISKO	2026-08-27T08:00:00+00:00			LOW			batch-059.json
596	PL-BZP:08defcf5-b9d3-80cb-962b-12000115c4a6	Dostawy spalinowych agregatów prądotwórczych	KOMENDA STOŁECZNA POLICJI	2026-08-27T08:00:00+00:00			LOW			batch-059.json
597	PL-BZP:08defd06-c690-e9b2-962b-12000115c70b	Usługa gastronomiczna dla uczestników międzynarodowej konferencji naukowej CISIT	Uniwersytet w Siedlcach	2026-08-27T07:00:00+00:00			LOW			batch-059.json
598	PL-BZP:08defcfe-51e7-9b77-962b-12000115c5d7	Zakup ciągnika z oprzyrządowaniem na potrzeby ochrony ludności i obrony cywilnej Gminy Bieliny	GMINA BIELINY	2026-08-26T08:00:00+00:00			LOW			batch-059.json
599	PL-BZP:08defd03-5cdc-3956-962b-12000115c683	"Przebudowa drogi powiatowej nr 3839W w m. Białocin o dł. ok. 0,37 km"	Powiatowy Zarząd Dróg w Sochaczewie	2026-09-02T09:00:00+00:00			LOW			batch-059.json
600	PL-BZP:08defd02-1259-0dd2-962b-12000115c669	Remont części elewacji, schodów i terenu wokół lodowiska TOR – TOR w Toruniu	Miejski Ośrodek Sportu i Rekreacji w Toruniu	2026-09-02T08:00:00+00:00			LOW			batch-059.json
601	PL-BZP:08defcf0-d23d-f952-962b-12000115c41c	BUDOWA BOISKA DO PIŁKI NOŻNEJ W MIEJSCOWOŚCI LUTOCIN	GMINA LUTOCIN	2026-09-02T08:00:00+00:00			LOW			batch-060.json
602	PL-BZP:08defcf5-7c7b-4b5e-962b-12000115c49d	Zakup i dostawa sprzętu i wyposażenia medycznego w ramach zadania pn. "Wsparcie podstawowej opieki zdrowotnej (POZ)".	SAMODZIELNY PUBLICZNY ZAKŁAD OPIEKI ZDROWOTNEJ W NAWOJOWEJ	2026-08-26T07:00:00+00:00			LOW			batch-060.json
603	PL-BZP:08defcfe-33f5-5c2d-962b-12000115c5d4	Sukcesywna dostawa świeżych owoców, warzyw, strączkowych oraz obranych ziemniaków i buraków do Szpitala Wojewódzkiego w Poznaniu	Szpital Wojewódzki w Poznaniu	2026-08-25T07:00:00+00:00			LOW			batch-060.json
604	US-SAM:1358ead4ca5342fcb912bb1e3d9e951b	PC Board Milling Machine	DEPT OF DEFENSE	2026-09-24T15:00:00+00:00			LOW		===== FILE: files/Attachment_1_-_Salient_Characteristics.pdf ===== Salient Characteristics Document for PCB Prototyping System The requested	batch-060.json
605	US-SAM:2e107c77228f45f6a380576660d757d0	S--Douglas County Law Enforcement Services, Roseburg District BLM, Oregon	INTERIOR, DEPARTMENT OF THE	2026-09-16T00:00:00+00:00			LOW			batch-060.json
606	PL-BZP:08defceb-449d-97a8-962b-12000115c3b8	Dostawa oświetlenia scenicznego dla Teatru im. H. CH. Andersena w Lublinie	Teatr im. H. CH. Andersena w Lublinie	2026-08-28T06:00:00+00:00			LOW			batch-060.json
607	US-SAM:47e09dd3356f49b4b02ce4e995448edb	INDICATOR, CYLINDER	DEPT OF DEFENSE	2026-08-20T21:00:00+00:00			LOW		is to notify companies that the Defense Logistics Agency, Redstone Arsenal, Alabama, is seeking qualified sources for the acquisition of a I	batch-060.json
608	TED:567686-2026	Poland – Firefighting vehicles – Dostawa fabrycznie nowego, ciężkiego samochodu ratowniczo-gaśniczego z napędem 4x4 dla OSP Subkowy	OCHOTNICZA STRAŻ POŻARNA W SUBKOWACH	2026-09-03T10:00:00+02:00			LOW			batch-060.json
609	PL-BZP:08defc54-04a3-50f0-962b-12000115bee0	Wykonanie robót budowlanych w ramach zadania pn. „Modernizacja ogrodzenia przy ulicy Limanowskiego od budynku 7 do 13” – II etap	Gmina Wałbrzych	2026-09-01T08:00:00+00:00			LOW			batch-060.json
610	WORLD-BANK:OP00027979	Maldives: PFM Systems Strengthening Project					LOW			batch-060.json
611	WORLD-BANK:OP00013907	Sustainable Land and Water Management					LOW			batch-061.json
612	WORLD-BANK:OP00012305	Southeast Europe and Caucasus Catastrophe Risk Insurance Facility GEF					LOW			batch-061.json
613	WORLD-BANK:OP00021089	Second MDTF for Capacity Building Support to Implement the IPS (IPS 2)					LOW			batch-061.json
614	WORLD-BANK:OP00017058	Irrigation Rural Livelihoods and Agricultural Development Project AF II					LOW			batch-061.json
615	PL-BZP:08def491-2f64-9e35-962b-120001272a07	Zakup i dostawa pelletu dla Gminy Obsza	GMINA OBSZA	2026-08-19T08:00:00+00:00			LOW			batch-061.json
616	PL-BZP:08def791-abac-9d3c-962b-1200010720d3	Pełnienie nadzoru inwestorskiego nad zadaniem „Rozbudowa węzła komunikacyjnego wraz z drogami dojazdowymi w rejonie Owintaru – etap I wraz z przebudową ul. Narutowicza”	Zarząd Dróg i Komunikacji w Tarnowie	2026-08-20T07:00:00+00:00			LOW			batch-061.json
617	PL-BZP:08def79d-6560-c604-962b-120001dacfed	Dostawa sprzętu i innych rozwiązań cyberbezpieczeństwa -cyberbezpieczne wodociągi	Gmina Kotuń	2026-08-19T08:00:00+00:00			LOW			batch-061.json
618	PL-BZP:08defc55-36e8-34e7-962b-12000115befc	„Dostawa artykułów spożywczych dla ZSCKR w Wojsławicach”	ZESPÓŁ SZKÓŁ CENTRUM KSZTAŁCENIA ROLNICZEGO W WOJSŁAWICACH	2026-08-25T10:00:00+00:00			LOW			batch-061.json
619	PL-BZP:08defc79-2d07-1ffb-962b-12000115c168	„Sukcesywna dostawa artykułów żywnościowych dla Zespołu Szkolno-Przedszkolnego w Staroźrebach na rok szkolny 2026/2027”	MIASTO I GMINA STAROŹREBY	2026-08-25T08:00:00+00:00			LOW			batch-061.json
620	PL-BZP:08defc48-5486-228c-962b-12000115bd18	„ZAKUP SPRZĘTU SPECJALNEGO” DLA KOMENDY MIEJSKIEJ PAŃSTWOWEJ STRAŻY POŻARNEJ W ZAMOŚCIU	Komenda Miejska Państwowej Straży Pożarnej w Zamościu	2026-08-25T08:00:00+00:00			LOW			batch-061.json
621	ZA_ETENDERS_OCDS:ocds-9t57fa-165745-2026-08-17	Worcester office space -	Land and Agricultural Development Bank of South Africa	2026-08-21T14:00:00+00:00		ZAR	LOW		............................................. 7 E. CONDITIONS TO BID .......................................................................	batch-062.json
622	US-SAM:de0934149eb8411dbf8257b6eab37d31	Janitorial Services for Englebright Lake	DEPT OF DEFENSE	2026-08-25T17:00:00+00:00			LOW		===== FILE: files/Contractor_Questions__W9123826QA023_Final.pdf ===== 1. CLIN & Pricing Structure ID Clarification / Question Requested Answ	batch-062.json
623	US-SAM:54d474f3c579457d97f7c9535197d0d7	EAGLE Ft. Benning, GA W519TC-26-R-A041	DEPT OF DEFENSE	2026-08-26T17:00:00+00:00			LOW		2027 | RFP Section C.5 includes the requirement for identification of proposed fee rates in two buckets: (1) # % for all work self- performe	batch-062.json
624	US-SAM:7da8feb9baf545b09a20955441b920c0	J--Electrical Inspection and Repair Services at Bosto	INTERIOR, DEPARTMENT OF THE	2026-08-21T17:00:00+00:00			LOW		===== FILE: files/B03-WD-2015-4047_Rev34-6_25_26.pdf ===== ===== FILE: files/B08-SOW_Electrical_NPS_Boston_BaseYear_Plus_2_Options.docx ====	batch-062.json
625	US-SAM:3ac4560c474a48d78f018e4bd81d834b	V231--Lodging Orlando VA Healthcare System (OVAHCS)	VETERANS AFFAIRS, DEPARTMENT OF	2026-08-25T15:00:00+00:00			LOW		unless the Contracting Officer specifies otherwise. The quantities are estimated quantities only and shall be considered nonbinding. The gua	batch-062.json
626	US-SAM:4e8343ed33334a0aab2f14d56db87c94	G4 44K FORKLIFT	DEPT OF DEFENSE	2026-08-24T11:00:00+00:00			LOW	training-course	NSWERS_44K_FORKLIFT_V2.docx ===== Please confirm the quotation due date, exact submission time, and applicable time zone. The solicitation d	batch-062.json
627	US-SAM:b42d8680e57f4985bdcb1f357dd543c2	***RFI*** 56 SFS Custom, Mobile Marksmanship Training Simulator	DEPT OF DEFENSE	2026-08-24T17:00:00+00:00			LOW		in the attached draft Salient Characteristics for 56 SFS Mobile Marksmanship Training Simulator. Request interested firms respond to the fol	batch-062.json
628	US-SAM:fe6ffe50d36a492c8ad534adee7992fd	AuDBase Software Implementation and PATH EHR Interface	HEALTH AND HUMAN SERVICES, DEPARTMENT OF	2026-08-24T19:00:00+00:00			LOW		al, or sensitive information should be included in your response. The Government reserves the right to use any non-proprietary technical inf	batch-062.json
629	US-SAM:4878fa717c3f42cab111fac988161f92	Trailer Mounted 1000kW load bank	DEPT OF DEFENSE	2026-08-28T21:00:00+00:00			LOW		===== FILE: files/Product_Specifications.pdf ===== Page 1 of 1 Product Specifications Trailer Mounted 1000kW Load Bank Description of Requir	batch-062.json
630	UK_PCS_OCDS:rls-69-JUL560440	Pitt Lane Demolitions, Lerwick, Shetland	Shetland Islands Council	2026-08-19T12:00:00+00:00			LOW			batch-062.json
631	TED:556406-2026	Latvia – Works for complete or part construction and civil engineering work – Būvprojekta izstrāde, autoruzraudzība un būvdarbi VSAC “Kurzeme” un VSAC “Zemgale” filiālēs	Valsts sabiedrība ar ierobežotu atbildību "Šampētera nams"	2026-08-26T10:00:00+02:00			LOW			batch-063.json
632	TED:551781-2026	Romania – Construction supervision services – Servicii de supervizare pentru execuția lucrărilor din cadrul obiectivului “CONSTRUIRE SPITAL CLINIC DE PNEUMOFTIZIOLOGIE ȘI BOLI INFECȚIOASE, B	MUNICIPIUL BRASOV	2026-09-15T15:00:00+03:00	4131666.16	RON	LOW			batch-063.json
633	TED:567473-2026	Germany – Erection of fencing – Stabmattenzaun	Stadt Erlangen - Zentrale Vergabestelle	2026-09-11T10:00:00+02:00			LOW			batch-063.json
634	TED:567996-2026	Germany – Furniture – Lose Möblierung	Landratsamt Eichstätt	2026-09-07T09:00:00+02:00			LOW			batch-063.json
635	UK_PCS_OCDS:rls-16-JUL561257	Repairs and Maintenance to Piers and Pontoons around Loch Lomond plus 5 year contract	Loch Lomond & The Trossachs National Park Authority	2026-09-21T10:00:00+00:00	200000.0	GBP	LOW			batch-063.json
636	UK_PCS_OCDS:rls-11-JUL561303	Kisimul Castle - Great Hall Roof Repairs	Historic Environment Scotland	2026-08-21T17:00:00+00:00			LOW			batch-063.json
637	GR-KHMDHS:26PROC019634339	ΔΙΑΚΗΡΥΞΗ ΑΡΙΘΜ. 31/2026 Α/Α ΕΣΗΔΗΣ 510092 Ανοικτός Διαγωνισμός κάτω των ορίων για την προμήθεια «	ΝΟΜ.ΓΕΝ. ΝΟΣΟΚΟΜΕΙΟ ΚΑΡΔΙΤΣΑΣ	2026-09-02T15:00:00+00:00	41119.46	EUR	LOW			batch-063.json
638	TED:568584-2026	Germany – Engineering services – 26DE Fachplanung TGA	Staatliches Bauamt Bayreuth	2026-09-08T10:00:00+02:00			LOW			batch-063.json
639	PL-BZP:08def6b8-93b9-1a29-962b-1200012683ad	Przebudowa ulicy Żeromskiego	Miasto Wodzisław Śląski	2026-08-27T06:00:00+00:00			LOW			batch-063.json
640	WORLD-BANK:OP00004471	Water Services and Institutional Support Project					LOW			batch-063.json
641	WORLD-BANK:OP00006272	Vietnam New Model University Project					LOW			batch-064.json
642	PL-BZP:08defd00-9a4d-3899-962b-12000115c637	Wykonanie nawierzchni bezpiecznej wraz z elementami 2D, 3D oraz montażem trzech kompletów żagli zacieniających w ramach kontynuacji zadania: „Przebudowa placu zabaw dla młodszych dzieci wraz	Gmina Błonie	2026-09-03T09:00:00+00:00			LOW			batch-064.json
643	PL-BZP:08defc79-5d9d-b04b-962b-12000115c16c	Zorganizowanie 3 wizyt studyjnych (zagranicznych) po jednej do Słowenii, Niemiec i Litwy	Województwo Kujawsko- Pomorskie - Gostynińsko-Włocławski Park Krajobrazowy w Kowalu	2026-08-25T09:00:00+00:00			LOW			batch-064.json
644	PL-BZP:08defc25-51a5-9506-962b-1200014af371	"Wzgórze Muz - zagospodarowanie góry zdrojowej w sąsiedztwie Międzynarodowego Domu Kultury w Międzyzdrojach", - zadanie nr 2 .	GMINA MIĘDZYZDROJE	2026-09-01T07:00:00+00:00			LOW			batch-064.json
645	PL-BZP:08def780-e56c-0263-962b-1200011b95d3	Budowa oświetlenia ulicznego w ramach zadania pn: „Oświetlenie drogowe oraz przejść dla pieszych na terenie Gminy Brzeg Dolny”	Gmina Brzeg Dolny	2026-08-26T08:00:00+00:00			LOW			batch-064.json
646	PL-BZP:08def9f0-b7e5-ba1d-962b-120001872ba1	Opracowanie dokumentacji projektowo-kosztorysowej na przebudowę Oddziału Kardiologicznego w ramach projektu pn. „Przebudowa Oddziału Kardiologicznego (...)- powtórka postępowania MSS-DN-ZPP-	MAZOWIECKI SZPITAL SPECJALISTYCZNY IM.DR.JÓZEFA PSARSKIEGO W OSTROŁĘCE	2026-09-02T09:00:00+00:00			LOW			batch-064.json
647	GR-KHMDHS:26PROC019638236	ΔΙΑΚΗΡΥΞΗ 10734 17/8/2026 I SUPPLIES: 926 -2026	ΓΕΝΙΚΟ ΝΟΣΟΚΟΜΕΙΟ ΑΓΡΙΝΙΟΥ	2026-09-02T13:00:00+00:00	12300.0	EUR	LOW			batch-064.json
648	PL-BZP:08def2ee-85d8-b73e-962b-12000183ca22	Rozbudowa i adaptacja Zespołu Szkół w Komorowie	GMINA TOMASZÓW MAZOWIECKI	2026-08-20T07:00:00+00:00			LOW			batch-064.json
649	PL-BZP:08def6c8-8f85-be01-962b-1200012685f8	Przebudowa publicznej drogi gminnej nr 000548F w m. Klenica – ul. Stawna – ODCINEK I, wraz z remontem nawierzchni jezdni obiektu mostowego w obrębie dz. ew. nr 929/1e	GMINA BOJADŁA	2026-08-25T07:30:00+00:00			LOW			batch-064.json
650	SK-UVO:556754	Kontrastné látky	Inštitút nukleárnej a molekulárnej medicíny			EUR	LOW			batch-064.json
651	SK-UVO:516420	Lesnícke služby v ťažbovom procese pre Správu NP Slovenský raj	Správa Národného parku Slovenský raj so sídlom v Spišskej Novej Vsi			EUR	LOW			batch-065.json
652	PL-BZP:08defcef-282e-b97d-962b-12000115c3f8	Przebudowa drogi wraz z budową kanalizacji deszczowej ul. Lipowej w miejscowości Jeldzino	Gmina Krokowa	2026-09-01T10:15:00+00:00			LOW			batch-065.json
653	PL-BZP:08defd00-71b6-9460-962b-12000115c633	Wykonanie dokumentacji projektowo-kosztorysowej pracowni kardiologicznych w Wojewódzkim Szpitalu w Tarnobrzegu	WOJEWÓDZKI SZPITAL IM.ZOFII Z ZAMOYSKICH TARNOWSKIEJ W TARNOBRZEGU	2026-09-01T08:00:00+00:00			LOW			batch-065.json
654	PL-BZP:08defd08-86e1-c878-962b-12000115c74b	Remont dróg gminnych będących w zarządzie Gminy Kępno	Gmina Kępno	2026-09-03T07:45:00+00:00			LOW			batch-065.json
655	PL-BZP:08defcff-1f3f-312a-962b-12000115c5f8	Modernizacja systemu oświetlenia ulicznego w Milanówku	Gmina Milanówek	2026-08-27T08:00:00+00:00			LOW			batch-065.json
656	PL-BZP:08defd05-f298-ca57-962b-12000115c6f1	„Naprawa ogrodzeń zlokalizowanych na terenach żłobków Miejskiego Zespołu Żłobków w Łodzi, z podziałem na 2 części.”	Miejski Zespół Żłobków w Łodzi	2026-09-02T09:00:00+00:00			LOW			batch-065.json
657	PL-BZP:08defcfd-089e-68d5-962b-12000115c5a8	Dostawy leków i wyrobów medycznych w podziale na 11 pakietów	SAMODZIELNY PUBLICZNY SPECJALISTYCZNY SZPITAL ZACHODNI IM. ŚW. JANA PAWŁA II	2026-08-26T08:00:00+00:00			LOW			batch-065.json
658	PL-BZP:08defcf9-ca56-956e-962b-12000115c521	Sukcesywna dostawa drobnego sprzętu laboratoryjnego	Samodzielny Publiczny Zespół Opieki Zdrowotnej w Kościanie	2026-08-31T08:00:00+00:00			LOW			batch-065.json
659	PL-BZP:08defd05-87f7-b293-962b-12000115c6e6	Wykonanie łącznika drogowego od ul. Murowianka do ul. Krasińskiego	GMINA MIASTA BOCHNIA	2026-09-02T08:00:00+00:00			LOW			batch-065.json
660	PL-BZP:08defd02-1b0d-1289-962b-12000115c66a	Zakup i dostawa sprzętu medycznego dla Ośrodka Zdrowia w Zembrzycach	SAMODZIELNY GMINNY ZAKŁAD OPIEKI ZDROWOTNEJ W ZEMBRZYCACH	2026-08-27T06:00:00+00:00			LOW			batch-065.json
661	PL-BZP:08defcf9-dad8-411f-962b-12000115c52a	Modernizacja parkomatów w Strefie Płatnego Parkowania w Olsztynie	ZARZĄD DRÓG ZIELENI I TRANSPORTU W OLSZTYNIE	2026-08-26T08:00:00+00:00			LOW			batch-066.json
662	PL-BZP:08defd02-96c9-c6da-962b-12000115c672	„Utwardzenie terenu przy MGOK na działce nr ewid. 1470 w msc. Daleszyce”	Gmina Daleszyce	2026-09-02T08:00:00+00:00			LOW			batch-066.json
663	PL-BZP:08defcf4-9918-be38-962b-12000115c484	Wykonanie usługi polegającej na naprawie tomografu komputerowego AQUILION ONE Genesis TSX – 305A.	WOJSKOWY INSTYTUT MEDYCYNY LOTNICZEJ	2026-08-26T08:00:00+00:00			LOW			batch-066.json
664	PL-BZP:08defcfd-90de-5739-962b-12000115c5bc	Budowa Centrum Przesiadkowego w Ostrołęce	Miasto Ostrołęka	2026-09-02T08:00:00+00:00			LOW			batch-066.json
665	PL-BZP:08defcf7-9e65-a664-962b-12000115c4dc	Dostawa różnych produktów spożywczych dla Zespołu Szkół im. Janusza Korczaka w Szydłowie	ZESPÓŁ SZKÓŁ IM. JANUSZA KORCZAKA W SZYDŁOWIE	2026-08-26T14:00:00+00:00			LOW			batch-066.json
666	PL-BZP:08defcf8-8f15-90e9-962b-12000115c4fa	Modernizacja dróg powiatowych nr: 5680 P Mroczeń -Łęka Mroczeńska , 5689 P Trzcinica - Dzierżążnik, 5695 P Łęka Opatowska ul. Lipowa poprzez wykonanie nakładki bitumicznej	Powiatowy Zarząd Dróg	2026-09-02T08:00:00+00:00			LOW			batch-066.json
667	PL-BZP:08defd08-4dbb-9556-962b-12000115c748	Sukcesywna dostawa lekkiego oleju opałowego do celów grzewczych dla ITP-PIB Stacja Badawcza w Jaworkach	INSTYTUT TECHNOLOGICZNO-PRZYRODNICZY - PAŃSTWOWY INSTYTUT BADAWCZY	2026-08-26T10:00:00+00:00			LOW			batch-066.json
668	PL-BZP:08defcf6-c275-672e-962b-12000115c4c7	Świadczenie usług całodobowego podejmowania interwencji w zakresie usuwania zagrożeń dla życia i zdrowia ludności, powodowanych przez dziki na terenie Gdańska z wyłączeniem obwodów łowieckic	Gmina Miasta Gdańska	2026-08-26T07:00:00+00:00			LOW			batch-066.json
669	PL-BZP:08defcff-1f40-f7c6-962b-12000115c5f9	Dostawa ambulansu do Samodzielnego Publicznego Zakładu Opieki Zdrowotnej w Mońkach	Powiat Moniecki	2026-08-26T08:00:00+00:00			LOW			batch-066.json
670	PL-BZP:08defd07-a28a-65bd-962b-12000115c731	Dostawa paliw płynnych dla Zakładu Gospodarki Komunalnej w Kałuszynie	ZAKŁAD GOSPODARKI KOMUNALNEJ W KAŁUSZYNIE	2026-08-28T08:00:00+00:00			LOW			batch-066.json
671	PL-BZP:08defcf0-1205-d621-962b-12000115c406	Sukcesywna dostawa paliw - bezgotówkowe tankowanie pojazdów Zamawiającego	Samodzielny Publiczny Zespół Opieki Zdrowotnej w Kościanie	2026-08-28T08:00:00+00:00			LOW			batch-067.json
672	PL-BZP:08defc47-ad13-7fd8-962b-12000115bcfd	Wykonanie pomiarów hałasu oraz strategicznych map hałasu dla dróg wojewódzkich województwa dolnośląskiego.	Dolnośląska Służba Dróg i Kolei we Wrocławiu	2026-08-26T07:00:00+00:00			LOW			batch-067.json
673	PL-BZP:08defcfd-9103-608a-962b-12000115c5bd	ŚWIADCZENIE USŁUGI SPRZĄTANIA I UTRZYMANIA CZYSTOŚCI W BUDYNKACH, NA TERENIE POSESJI WOJEWÓDZKIEJ I MIESJKIEJ BIBLIOTEKI PUBLICZNEJ IM. ZBIGNIEWA HERBERTA, WRAZ Z USŁUGĄ PIELĘGNACJI ZIELENI	Wojewódzka i Miejska Biblioteka Publiczna im. Zbigniewa Herberta	2026-08-26T09:00:00+00:00			LOW			batch-067.json
674	PL-BZP:08defcfa-bb83-2efb-962b-12000115c554	Dostawy artykułów spożywczych: wędlin, tłuszczy zwierzęcych do Zakładu Karnego w Herbach	ZAKŁAD KARNY W HERBACH	2026-08-25T08:00:00+00:00			LOW			batch-067.json
675	PL-BZP:08defcf8-7474-2e1d-962b-12000115c4f5	Dostawa oleju opałowego lekkiego w ilości 30.000 litrów do Szkoły Podstawowej w Drawsku w sezonie grzewczym 2026/2027	Gmina Drawsko	2026-08-28T07:00:00+00:00			LOW			batch-067.json
676	PL-BZP:08defcf7-3f96-8a87-962b-12000115c4d4	2026-Opracowanie dokumentacji projektowej oraz wykonanie instalacji klimatyzacji w formule "zaprojektuj i wybuduj" w lokalizacjach Ośrodka Pomocy Społecznej w Gliwicach	OŚRODEK POMOCY SPOŁECZNEJ W GLIWICACH	2026-09-02T07:00:00+00:00			LOW			batch-067.json
677	PL-BZP:08defd04-d126-1a95-962b-12000115c6c7	Naprawy i przeglądy samochodów służbowych Zarządu Oczyszczania Miasta	Zarząd Oczyszczania Miasta	2026-08-28T06:00:00+00:00			LOW			batch-067.json
678	PL-BZP:08defd04-af79-d417-962b-12000115c6c1	„Usługa polegająca na zapewnieniu cateringu dla Uczestników projektu „Kompleksowe wsparcie rodzin w gminie Małogoszcz”	Miejsko-Gminny Ośrodek Pomocy Społecznej w Małogoszczu	2026-08-26T08:00:00+00:00			LOW			batch-067.json
679	PL-BZP:08defcfa-4a9b-21f1-962b-12000115c53e	Dostawa i montaż 1 szt. fabrycznie nowej hali namiotowej dla jednostki administrowanej przez 35 WOG Rząska ul. Krakowska 1 w obozowisku kontenerowym w m. Wojnarowa	35 Wojskowy Oddział Gospodarczy	2026-08-28T06:00:00+00:00			LOW			batch-067.json
680	PL-BZP:08defd01-907a-db28-962b-12000115c655	Dostawa pomocy sportowych do Szkoły Podstawowej nr 3 im. Kawalerów Orderu Uśmiechu w Olsztynie z siedzibą 10-445 Olsztyn, ul Kołobrzeska 13 m w ramach projektu „Rozwiń skrzydła z Trójką”	SZKOŁA PODSTAWOWA NR 3 IM. KAWALERÓW ORDERU UŚMIECHU W OLSZTYNIE	2026-08-26T08:00:00+00:00			LOW			batch-067.json
681	PL-BZP:08defd00-4ec8-39d0-962b-12000115c62e	Oprac. dok. projektowej oraz budowa przejścia dla pieszych w ramach zadania: „Budowa przejścia dla pieszych wraz z dedykowanym oświetleniem na ul. Dąbrowskiego 18" w trybie zaprojektuj i zbu	Zarząd Dróg Miasta Krakowa	2026-09-02T06:00:00+00:00			LOW			batch-068.json
682	PL-BZP:08defcff-2e4d-9275-962b-12000115c5fd	Zakup autobusu miejskiego dla Gminnego Zakładu Komunalnego w Dąbrówce Wielkiej	GMINNY ZAKŁAD KOMUNALNY Z SIEDZIBĄ W DĄBRÓWCE WIELKIEJ K/ZGIERZA	2026-08-26T08:00:00+00:00			LOW			batch-068.json
683	PL-BZP:08defd08-0e33-e071-962b-12000115c73e	„Rozbudowa sieci dróg rowerowych na terenie Gminy i Miasta Sianów” - II postępowanie.	Gmina Sianów	2026-09-02T09:00:00+00:00			LOW			batch-068.json
684	PL-BZP:08defcfe-d604-bf0f-962b-12000115c5e6	Dostawa mebli wraz z montażem na potrzeby Podlaskiego Urzędu Wojewódzkiego w Białymstoku	Podlaski Urząd Wojewódzki w Białymstoku	2026-08-26T08:00:00+00:00			LOW			batch-068.json
685	PL-BZP:08defcf9-1890-cdf0-962b-12000115c506	Wykonanie badania ewaluacyjnego pt: Ocena realizacji pierwszych konkursów FERS w ramach Priorytetu I „Umiejętności” oraz Priorytetu III „Dostępność i usługi dla osób z niepełnosprawnościami”	Narodowe Centrum Badań i Rozwoju	2026-08-31T09:00:00+00:00			LOW			batch-068.json
686	US-SAM:39e2933511484af0b8f1aacb45582dff	Upgrade an Instru-Met electromechanical frame	NATIONAL AERONAUTICS AND SPACE ADMINISTRATION	2026-08-19T12:00:00+00:00			LOW			batch-068.json
687	PL-BZP:08defc4c-a64f-9386-962b-12000115bdc8	Przebudowa nawierzchni dróg transportu rolnego	GMINA STARY DZIKÓW	2026-09-03T07:00:00+00:00			LOW			batch-068.json
688	PL-BZP:08defc41-aa08-4e87-962b-1200012337b6	Adaptacja obiektów oraz doposażenie pracowni w kształceniu zawodowym elektryczno-elektronicznym oraz informatycznym, w tym naprawa elektrycznych pojazdów samochodowych w ZS Nr 2 CKU w Pyrzyc	Powiat Pyrzycki	2026-09-03T07:00:00+00:00			LOW			batch-068.json
689	PL-BZP:08defc65-962e-f20a-962b-12000115c0cf	Roboty budowane na potrzeby Katolickiego Uniwersytetu Lubelskiego Jana Pawła II w Lublinie z podziałem na dwie części	KATOLICKI UNIWERSYTET LUBELSKI JANA PAWŁA II	2026-09-02T09:00:00+00:00			LOW			batch-068.json
690	TED:568968-2026	Latvia – Health insurance services – Darbinieku veselības apdrošināšana	Akciju sabiedrība "RĪGAS SILTUMS"	2026-08-31T10:00:00+02:00			LOW			batch-068.json
691	PL-BZP:08defc43-b356-8d8e-962b-12000115bc7d	Dostawa oleju opałowego do obiektów Gminy Sypniewo w sezonie grzewczym 2026/2027	Gmina Sypniewo	2026-08-27T08:00:00+00:00			LOW			batch-069.json
692	PL-BZP:08defc4d-d638-6d50-962b-12000115bdf0	„Remont drogi gminnej w miejscowości Borówek”- II	Gmina Bielawy	2026-09-01T07:00:00+00:00			LOW			batch-069.json
693	PL-BZP:08defc20-70e2-9f97-962b-120001d7d0d2	Budowa placu zabaw w ramach projektu pn. „Solankowa strefa relaksu w sercu szkoły"	SZKOŁA PODSTAWOWA NR 3 IM.MIKOŁAJA KOPERNIKA	2026-09-01T07:00:00+00:00			LOW			batch-069.json
694	PL-BZP:08defc5f-10bd-5b40-962b-12000115c052	Budowa boiska do siatkówki plażowej oraz obiektów małej architektury w ramach realizacji projektu „Razem dla Rewitalizacji – Edukacja i Integracja w Cmolasie”	Gmina Cmolas	2026-09-01T06:00:00+00:00			LOW			batch-069.json
695	WORLD-BANK:OP00024555	Uttarakhand Decentralized Watershed Development II Project					LOW			batch-069.json
696	WORLD-BANK:OP00020640	India: Karnataka Health Systems Additional Financing					LOW			batch-069.json
697	WORLD-BANK:OP00019382	China: Nanchang Urban Rail Project					LOW			batch-069.json
698	WORLD-BANK:OP00017737	Ghana - West Africa Regional Fisheries Program					LOW			batch-069.json
699	WORLD-BANK:OP00025099	Enhanced Road Access Project					LOW			batch-069.json
700	WORLD-BANK:OP00023968	Climate Resilience: Transforming Hydro-Meteorological Services					LOW			batch-069.json
701	WORLD-BANK:OP00018506	Local Government Project (SLGP)					LOW			batch-070.json
702	WORLD-BANK:OP00000577	Integrated Health and Water Management Project (SWAP)					LOW			batch-070.json
703	PL-BZP:08def3af-d4e3-b576-962b-12000158cc55	Ścinka i profilowanie poboczy oraz odmulenie i profilowanie rowów przydrożnych w ciągach dróg woj, admin. przez ZDW w Łodzi w 2026 roku z podziałem na części i prawem opcji	ZARZĄD DRÓG WOJEWÓDZKICH W ŁODZI	2026-08-25T08:00:00+00:00			LOW			batch-070.json
704	PL-BZP:08def6ac-58db-6d86-962b-120001268215	Usługa cateringowa podczas X Kongresu Młodych Matematyków	Uniwersytet Śląski w Katowicach	2026-08-18T09:00:00+00:00			LOW			batch-070.json
705	PL-BZP:08def6d0-f9ce-79a2-962b-120001b3f481	Świadczenie usług polegających na przygotowaniu i dostarczaniu posiłków na potrzeby Zespołu Szkół Ogólnokształcących nr 7 w Gdańsku w okresie wrzesień - grudzień 2026 r.	ZESPÓŁ SZKÓŁ OGÓLNOKSZTAŁCĄCYCH NR 7 W GDAŃSKU	2026-08-18T08:00:00+00:00			LOW			batch-070.json
706	PL-BZP:08def79a-ef99-519c-962b-120001dacf82	"2026 Świadczenie usługi cateringowej: śniadanie, obiad, podwieczorek dla przedszkolaków z Przedszkola w Jeżowie Sudeckim, 58-521 Jeżów Sudecki, ul. Kręta 27a"	Zespół Szkolno-Przedszkolny	2026-08-21T07:00:00+00:00			LOW			batch-070.json
707	PL-BZP:08def6cf-7af8-581b-962b-120001b3f44f	Rozbudowa, nadbudowa, przebudowa i remont budynku szkolnego w ramach projektu "ZAWODOWCY ZE STASZICA PRZYSZŁOŚCIĄ REGIONU – przebudowa i remont budynku szkoły wraz z doposażeniem pracowni za	Powiat Opoczyński reprezentowany przez Zarząd Powiatu Opoczyńskiego	2026-08-27T10:00:00+00:00			LOW			batch-070.json
708	PL-BZP:08def7ac-811e-da60-962b-120001dad22a	Dostawa kruszywa dolomitowego w ilości 1000 Mg wraz z wbudowaniem	Gmina Jastków	2026-08-27T08:00:00+00:00			LOW			batch-070.json
709	PL-BZP:08def6a9-1923-71a7-962b-1200012681b2	„Sukcesywne dostawy paliwa drzewnego – pelletu do Szkoły Podstawowej im. Wandy Rutkiewicz w Janowicach Wielkich, ul. Partyzantów 4 w okresie od lipca 2026r. do 30 czerwca 2027r.”	Szkoła Podstawowa im. Wandy Rutkiewicz w Janowicach Wielkich	2026-08-20T08:00:00+00:00			LOW			batch-070.json
710	PL-BZP:08def6e6-6907-013f-962b-120001b3f753	„Budowa i modernizacja ulic na ciechanowskim Podzamczu : ulica Bony w Ciechanowie”	GMINA MIEJSKA CIECHANÓW	2026-08-27T08:00:00+00:00			LOW			batch-070.json
711	PL-BZP:08def3b8-b369-c4b8-962b-12000158cdd2	Dostawę 10 szt. łóżek intensywnego nadzoru kardiologicznego dla Samodzielnego Publicznego Zakładu Opieki Zdrowotnej w Słupcy.	Powiat Słupecki	2026-08-20T07:00:00+00:00			LOW			batch-071.json
712	PL-BZP:08def442-b476-2d33-962b-12000158d1da	Wykonanie placu wraz z konstrukcją wsporczą pod instalację fotowoltaiczną	Zespół Szkół im. ks. Józefa Tischnera w Dobczycach	2026-08-24T07:00:00+00:00			LOW			batch-071.json
713	PL-BZP:08def7a7-4c1c-e146-962b-120001dad195	ZAKUP I DOSTAWA APARATU USG WSZECHSTRONNEGO W TYM DOPPLER Z FUNKCJAMI KARDIO I NACZYNIOWYMI Z FUNKCJĄ DO BADANIA JAMY BRZUSZNEJ ORAZ APARATU USG PRZENOŚNEGO DLA WSPL SP ZOZ W KOSZALINIE – 2 	Wojskowa Specjalistyczna Przychodnia Lekarska Samodzielny Publiczny Zakład Opieki Zdrowotnej w Koszalinie	2026-08-19T08:00:00+00:00			LOW			batch-071.json
714	PL-BZP:08def788-86c3-8c2e-962b-120001071f50	Przebudowa drogi gminnej Nr 117251R w miejscowości Nadolany na działkach 587/3, 603 i w miejscowości Nowotaniec na działce 504 w km 0+036 do 0+635.	Gmina Bukowsko	2026-08-26T07:00:00+00:00			LOW			batch-071.json
715	PL-BZP:08def6e6-9295-e18d-962b-120001b3f755	„Budowa i modernizacja ulic na ciechanowskim Podzamczu .”, Budowa i przebudowa drogi gminnej ulicy Księcia Janusza Mazowieckiego w Ciechanowie	GMINA MIEJSKA CIECHANÓW	2026-08-25T08:00:00+00:00			LOW			batch-071.json
716	PL-BZP:08def77f-d7f1-16ca-962b-1200011b95aa	Dostawa mleka i przetworów mleczarskich do Ośrodka Szkoleń Specjalistycznych Straży Granicznej	OŚRODEK SZKOLEŃ SPECJALISTYCZNYCH STRAŻY GRANICZNEJ W LUBANIU	2026-08-19T08:00:00+00:00			LOW			batch-071.json
717	PL-BZP:08def6a6-492c-15a1-962b-12000126816b	Remont pustostanów lokali mieszkalnych część nr 1: Koszykowa 20 m 16, część nr 2: Al. Ujazdowskie 20 m 18, część nr 3: Koszykowa 3 m 172	Zakład Gospodarowania Nieruchomościami w Dzielnicy Śródmieście m.st. Warszawy	2026-08-25T08:00:00+00:00			LOW			batch-071.json
718	PL-BZP:08defc59-a7ae-8273-962b-12000115bfa6	Nadzór przyrodniczy nad zad. pn.: Rozbudowa ul. Lwowskiej od km 1+555,99 do km 2+803,77 w ciągu drogi kraj. nr 73 w ramach zadania inwestycyjnego pn. „IDEA TARNÓW–ULICA LWOWSKA–TRANSPORT BEZ	Zarząd Dróg i Komunikacji w Tarnowie	2026-08-26T07:00:00+00:00			LOW			batch-071.json
719	PL-BZP:08defc32-2ec6-a04f-962b-1200014af4ac	Zakup wraz z dostawą materiałów sanitarnych do wykonania instalacji c.o. w budynku znajdującym się przy ul. Niechodzkiej 3 w Ciechanowie	Towarzystwo Budownictwa Społecznego Sp. z o. o. w Ciechanowie	2026-08-25T07:00:00+00:00			LOW			batch-071.json
720	PL-BZP:08defc59-4082-74f7-962b-12000115bf9f	Świadczenie usług asystenta osobistego osoby z niepełnosprawnością	GMINNY OŚRODEK POMOCY SPOŁECZNEJ	2026-08-25T06:00:00+00:00			LOW			batch-071.json
721	PL-BZP:08defc53-ac1b-c169-962b-12000115bed2	Sukcesywne dostawy artykułów spożywczych w podziale na 15 części	Mazowiecka Wojewódzka Komenda Ochotniczych Hufców Pracy w Warszawie	2026-08-25T06:00:00+00:00			LOW			batch-072.json
722	GR-KHMDHS:26PROC019635565	ΠΥΠ ΥΠ΄ ΑΡΙΘΜ. Β-240/2026 - 7100052105	ΥΠΟΥΡΓΕΙΟ ΕΘΝΙΚΗΣ ΑΜΥΝΑΣ	2026-08-21T15:00:00+00:00	17534.35	EUR	LOW			batch-072.json
723	GR-KHMDHS:26PROC019634752	Συνδρομές σε εφημερίδες, περιοδικά & ηλεκτρονικά μέσα, για τα έτη 2026-2027-ΟΜΑΔΑ Α.7. Ετήσια ομαδι	ΔΗΜΟΣ ΑΛΕΞΑΝΔΡΟΥΠΟΛΗΣ	2026-08-26T13:00:00+00:00	354.0	EUR	LOW			batch-072.json
724	GR-KHMDHS:26PROC019633959	Συνδρομές σε εφημερίδες, περιοδικά & ηλεκτρονικά μέσα, για τα έτη 2026-2027-ΟΜΑΔΑ Α.1.Συνδρομή στη	ΔΗΜΟΣ ΑΛΕΞΑΝΔΡΟΥΠΟΛΗΣ	2026-08-26T13:00:00+00:00	1825.0	EUR	LOW			batch-072.json
725	PL-BZP:08defc59-af42-9e0a-962b-12000115bfa9	„Usługa ochrony osób i mienia w obiektach Prokuratury Regionalnej w Łodzi”	Prokuratura Regionalna w Łodzi	2026-08-26T09:00:00+00:00			LOW			batch-072.json
726	PL-BZP:08defc30-824a-0772-962b-1200014af46e	DOSTAWA SPEKTROMETRÓW DO INSTYTUTU CHEMII FIZYCZNEJ PAN	INSTYTUT CHEMII FIZYCZNEJ PAN	2026-08-25T08:00:00+00:00			LOW			batch-072.json
727	GR-KHMDHS:26PROC019638157	ΠΡΟΣΚΛΗΣΗ ΥΠΟΒ. ΠΡΟΣΦΟΡΑΣ 577/2026 ΤΑΚΤΟΠΟΙΗΣΗ ΑΥΘΑΙΡΕΤΩΝ ΚΑΤΑΣΚΕΥΩΝ ΣΥΜΦΩΝΑ ΜΕ ΤΟ ΝΟΜΟ 4495/2017	ΑΞΙΟΠΟΙΗΣΗ ΤΟΥΡΙΣΤΙΚΩΝ ΑΚΙΝΗΤΩΝ ΔΗΜΟΥ ΑΡΙΣΤΟΤΕΛΗ ΔΑΕ	2026-08-21T12:00:00+00:00	5500.0	EUR	LOW			batch-072.json
728	PL-BZP:08defc55-9d14-f605-962b-12000115bf0a	Na zakup środka transportu z napędem hybrydowym w ramach projektu Wsparcie infrastrukturalne Centrów Zdrowia Psychicznego dla dorosłych oraz ośrodków / zespołów środowiskowej opieki psycholo	Samodzielny Publiczny Zespół Zakładów Opieki Zdrowotnej	2026-08-26T08:00:00+00:00			LOW			batch-072.json
729	GR-KHMDHS:26PROC019634770	44757-PLUVICTO	ΓΕΝΙΚΟ ΝΟΣΟΚΟΜΕΙΟ «ΕΛΕΝΑ ΒΕΝΙΖΕΛΟΥ-ΑΛΕΞΑΝΔΡΑ» ΟΡΓΑΝΙΚΗ ΜΟΝΑΔΑ ΑΛΕΞΑΝΔΡΑ	2026-08-21T12:00:00+00:00	20000.0	EUR	LOW			batch-072.json
730	PL-BZP:08defc5b-c96d-89da-962b-12000115bfe3	Przygotowanie i porcjowanie gorących posiłków dla podopiecznych MGOPS w Piasecznie i ich dostawa do siedziby Jadłodajni Miejskiej lub do miejsc zamieszkania podopiecznych na terenie gminy Pi	Urząd Miasta i Gminy Piaseczno	2026-08-25T07:00:00+00:00			LOW			batch-072.json
731	PL-BZP:08defc53-1c61-036a-962b-12000115beb9	„Przewóz dzieci niepełnosprawnych zamieszkałych na terenie gminy Cekcyn z miejsca zamieszkania do ośrodka kształcenia i z powrotem”	Gminny Zespół Oświatowy w Cekcynie	2026-08-25T07:00:00+00:00			LOW			batch-073.json
732	PL-BZP:08defc2c-306d-697c-962b-1200014af3fa	Kompleksowa organizacja udziału podkarpackich MŚP w targach Australian International Airshow w Australii.	Województwo Podkarpackie	2026-08-26T08:00:00+00:00			LOW			batch-073.json
733	PL-BZP:08defc38-73c2-d9e7-962b-1200014af550	Dostawa mobilnego rozdrabniacza szybkoobrotowego do odpadów biodegradowalnych na potrzeby Zakładu Przetwarzania i Unieszkodliwiania Odpadów w Czerwonym Borze	Przedsiębiorstwo Gospodarki Komunalnej Sp. z o.o. w Zambrowie	2026-08-25T07:00:00+00:00			LOW			batch-073.json
734	WORLD-BANK:OP00015117	Bangladesh Integrated Agricultural Productivity Project					LOW		.0pt">:</span></p> <p class="MsoBodyText2" style="MARGIN: 0in 0in 0pt; TEXT-INDENT: 0.5in; LINE-HEIGHT: normal; TEXT-ALIGN: justify"><span s	batch-073.json
735	US-SAM:eff0352a48d249619d9fb777d40cfbeb	Sensor Agnostic Emulator & Trainer (SAET)	DEPT OF DEFENSE	2026-09-18T20:00:00+00:00			LOW		===== FILE: files/Request_for_Information_28RFI_29_17_Aug_2026.pdf ===== Page 1 of 4 Request for Information (RFI) Support to the Air Force 	batch-073.json
736	US-SAM:29d044781cc146ef810c3ef0af56886e	Siemens Industry Software Inc � Altair Units	DEPT OF DEFENSE	2026-08-21T16:00:00+00:00			LOW		===== FILE: files/BOM-EAST-659---RQVV---Software---Altair2026.xlsx ===== [SHEET BOM] BILL OF MATERIALS | | | | CSRD Title | Altair 2026 | | 	batch-073.json
737	WORLD-BANK:OP00018214	Road Sector Project					LOW			batch-073.json
738	WORLD-BANK:OP00000287	ST. LUCIA HIV/AIDS PREVENTION & CONTROL					LOW			batch-073.json
739	WORLD-BANK:OP00007146	LR-Public Financial Management - IFMIS					LOW			batch-073.json
740	PL-BZP:08defceb-84a4-59dc-962b-12000115c3ba	USŁUGA-Przeprowadzenie szkolenia dla 10 osób bezrobotnych lub poszukujących pracy p.n. OPIEKUN OSÓB STARSZYCH, NIEPEŁNOSPRAWNYCH	Powiatowy Urząd Pracy w Ostrowcu Świętokrzyskim	2026-08-26T08:00:00+00:00			LOW			batch-073.json
741	PL-BZP:08defcee-19c2-6e1b-962b-12000115c3e6	USŁUGA-Przeprowadzenie szkolenia dla 10 osób bezrobotnych lub poszukujących pracy p.n. SPRZEDAWCA ZE ZNAJOMOŚCIĄ PAKIETU MS OFFICE, OBSŁUGI KASY FISKALNEJ I TERMINALA PŁATNICZEGO	Powiatowy Urząd Pracy w Ostrowcu Świętokrzyskim	2026-08-26T08:30:00+00:00			LOW			batch-074.json
742	PL-BZP:08defcec-9399-44b2-962b-12000115c3c7	USŁUGA-Przeprowadzenie szkolenia dla 15 osób bezrobotnych lub poszukujących pracy p.n. PRACOWNIK ADMINISTRACYJNO-BIUROWY	Powiatowy Urząd Pracy w Ostrowcu Świętokrzyskim	2026-08-26T08:15:00+00:00			LOW			batch-074.json
743	PL-BZP:08defd07-06be-6251-962b-12000115c71e	Świadczenie usług opiekuńczych w domu uczestnika	GMINNY OŚRODEK POMOCY SPOŁECZNEJ	2026-08-27T06:00:00+00:00			LOW			batch-074.json
744	PL-BZP:08def452-81b7-5888-962b-120001ebcbd7	Remont nakładka asfaltowa Białowola	GMINNY ZAKŁAD OBSŁUGI KOMUNALNEJ GMINY ZAMOŚĆ	2026-08-25T07:00:00+00:00			LOW			batch-074.json
745	PL-BZP:08defcf5-df60-1d2b-962b-12000115c4ae	Remont kojców dla psów służbowych KPP Nowa Sól	Komenda Wojewódzka Policji w Gorzowie Wlkp.	2026-09-04T08:00:00+00:00			LOW			batch-074.json
746	PL-BZP:08defcff-657c-cba4-962b-12000115c604	2026 - Sukcesywna dostawa materiałów medycznych na potrzeby Szpital Na Wyspie Sp. z o.o. w Żarach	Szpital Na Wyspie Sp. z o.o.	2026-08-26T08:00:00+00:00			LOW			batch-074.json
747	PL-BZP:08defc46-74ed-6953-962b-12000115bccc	Dostosowanie budynku przy Al. Chruściela 1/3 na potrzeby Poradni Psychologiczno - Pedagogicznej w formule „zaprojektuj i wybuduj”	Miasto Stołeczne Warszawa Dzielnica Rembertów	2026-09-07T08:30:00+00:00			LOW			batch-074.json
748	PL-BZP:08defc56-5295-1341-962b-12000115bf22	Przygotowanie i dowóz posiłków do Publicznego Gminnego Przedszkola „Bocianie gniazdo” i Klubu dziecięcego „Pod bocianim skrzydłem” w Krzyżanowie w roku szkolnym 2026/2027 (system cateringu)	Gmina Krzyżanów	2026-08-25T06:00:00+00:00			LOW			batch-074.json
749	PL-BZP:08def77f-4c57-ffe8-962b-1200011b9594	,,Świadczenie usługi sprzątania pomieszczeń PAP S.A. w likwidacji”	POLSKA AGENCJA PRASOWA SPÓŁKA AKCYJNA W LIKWIDACJI	2026-08-26T10:00:00+00:00			LOW			batch-074.json
750	PL-BZP:08def2d6-7a59-7447-962b-12000166a6ba	„Budowa i modernizacja drogi dojazdowej do gruntów rolnych w obrębie Zarzecze, dz. ewid. nr 160, 161.”	Gmina Nisko	2026-08-25T08:00:00+00:00			LOW			batch-074.json
751	PL-BZP:08def471-1d47-a743-962b-120001d34042	Remont elewacji Żłobka nr 12, oraz wykonanie wygrodzenia placu zabaw Żłobka 33, z podziałem na 2 części.	Miejski Zespół Żłobków w Łodzi	2026-08-24T09:00:00+00:00			LOW			batch-075.json
752	PL-BZP:08def47f-7214-489b-962b-120001d60a3b	Zakup i dostawa drobnego sprzętu medycznego	WOJEWÓDZKI SZPITAL SPECJALISTYCZNY IM. ŚW. JADWIGI W OPOLU	2026-08-21T06:00:00+00:00			LOW			batch-075.json
753	TED:566899-2026	Latvia – Electricity supplies – Kompakto transformatoru apakšstaciju iegāde / Supply of compact transformer substations	Akciju sabiedrība "Sadales tīkls"	2026-08-25T11:00:00+02:00			LOW			batch-075.json
754	PL-BZP:08defc4e-c29d-a820-962b-12000115be11	Wykonanie robót rozbiórkowych w podziale na 2 części: część 1: ul. Dąbrowskiego 36 część 2: ul. Limanowskiego 107	Zarząd Lokali Miejskich	2026-09-01T10:00:00+00:00			LOW			batch-075.json
755	PL-BZP:08defc71-76e7-d9e0-962b-12000115c136	Remont wybranych odcinków dróg tłuczniem kamiennym	GMINA ŁUKÓW	2026-09-01T08:00:00+00:00			LOW			batch-075.json
756	PL-BZP:08defc6e-194d-6a86-962b-12000115c124	Budowa nowych punktów świetlnych w Gminie Górno (4 części)	GMINA GÓRNO	2026-09-01T07:00:00+00:00			LOW			batch-075.json
757	PL-BZP:08defc73-423e-3072-962b-12000115c140	Remont drogi na ul. Brzozowej w Sosnówce	Gmina Podgórzyn	2026-09-02T10:00:00+00:00			LOW			batch-075.json
758	PL-BZP:08defc49-d647-ab0d-962b-12000115bd49	Opracowanie dokumentacji projektowo-kosztorysowej dla zadania: „Budowa dróg rowerowych w pasie dróg gminnych zlokalizowanych w miejscowości Zawadzkie”	Gmina Zawadzkie	2026-08-27T06:00:00+00:00			LOW			batch-075.json
759	PL-BZP:08def6a9-56a4-6e41-962b-1200012681ba	Kompleksowe usługi pogrzebowe - bieżące sprawianie pochówków	Ośrodek Pomocy Społecznej Dzielnicy Ochota m.st. Warszawy	2026-08-19T10:00:00+00:00			LOW			batch-075.json
760	PL-BZP:08def6c3-8f63-e100-962b-120001268538	"Zakup wraz z dostawą agregatów prądotwórczych” w ramach zadania polegającego na realizacji Programu OLiOC	GMINA NOWA BRZEŹNICA	2026-08-19T08:00:00+00:00			LOW			batch-075.json
761	PL-BZP:08def790-3449-5bff-962b-12000107209a	Wykonanie robót budowlanych w zakresie wymiany bram garażowych budynku Oddziału ZUS w Rybniku przy ul. Reymonta 2	Zakład Ubezpieczeń Społecznych Oddział w Rybniku	2026-08-27T07:00:00+00:00			LOW			batch-076.json
762	PL-BZP:08def475-8be7-21ed-962b-120001d60877	„Adaptacja pomieszczeń piwnicznych Samorządowego Przedszkola w Rusinowie z siedzibą w Gałkach na miejsce doraźnego schronienia”	Gmina Rusinów	2026-08-24T08:00:00+00:00			LOW			batch-076.json
763	GR-KHMDHS:26PROC019635453	ΠΥΠ ΥΠ΄ ΑΡΙΘΜ. Β-234/2026 - 7100052230	ΥΠΟΥΡΓΕΙΟ ΕΘΝΙΚΗΣ ΑΜΥΝΑΣ	2026-08-21T15:00:00+00:00	29848.88	EUR	LOW			batch-076.json
764	SK-UVO:520470	Likvidácia a zneškodnenie odpadov – DNS	Ministerstvo obrany Slovenskej republiky			EUR	LOW			batch-076.json
765	PL-BZP:08defc55-b89e-2af3-962b-12000115bf0e	Przebudowa ulicy Wolności przy cmentarzu w Golinie oraz remont odcinka drogi gminnej- ul. Wolności w Golinie	GMINA JAROCIN	2026-09-01T08:00:00+00:00			LOW			batch-076.json
766	PL-BZP:08def2e8-5aab-f658-962b-12000183c8ee	Przebudowa drogi gminnej nr 674350P w miejscowości Piątek Wielki- etap I	Gmina i Miasto Stawiszyn	2026-08-24T08:00:00+00:00			LOW			batch-076.json
767	PL-BZP:08def383-7889-4ce5-962b-1200019cd2e7	Przebudowa odcinka drogi powiatowej Nr 1608 O w miejscowości Nowy Las	Powiat Nyski	2026-08-21T07:00:00+00:00			LOW			batch-076.json
768	PL-BZP:08def207-33ca-b0b6-962b-1200010b7028	Modernizacja boiska wielofunkcyjnego oraz boiska do siatkówki plażowej na terenie MOSiR w Aleksandrowie Łódzkim	Gmina Aleksandrów Łódzki	2026-08-19T09:00:00+00:00			LOW			batch-076.json
769	US-SAM:e90e22d612a440df88d884b25e5c03a9	6505--Lisinopril Tablets (VA-27-00004937)	VETERANS AFFAIRS, DEPARTMENT OF	2026-09-24T19:30:00+00:00			LOW		an NDC number that is unique to the offeror. The successful offeror/contractor's label with its unique NDC shall be the only label on the pr	batch-076.json
770	TED:558243-2026	Croatia – Construction, foundation and surface works for highways, roads – Rekonstrukcija županijske ceste ŽC 6142, Tugare	ŽUPANIJSKA UPRAVA ZA CESTE SPLIT	2026-09-15T12:00:00+02:00	10500000.0	EUR	LOW			batch-076.json
771	PL-BZP:08defc39-30b9-5ea6-962b-1200014af56c	Zakup i dostawa sprzętu jednorazowego użytku na potrzeby Bloku Operacyjnego	"SZPITAL POWIATOWY W RAWICZU" SPÓŁKA Z OGRANICZONĄ ODPOWIEDZIALNOŚCIĄ	2026-08-25T07:00:00+00:00			LOW			batch-077.json
772	PL-BZP:08def6d0-3a4c-7bb0-962b-120001b3f463	„Termomodernizacja budynku Szkoły Podstawowej nr 3 w Ząbkowicach Śląskich”	Gmina Ząbkowice Śląskie	2026-08-25T08:00:00+00:00			LOW			batch-077.json
773	PL-BZP:08def20b-3d7d-d183-962b-1200010b70c1	Przebudowa ulicy Sportowej w Lubomierzu	GMINA LUBOMIERZ	2026-08-19T10:00:00+00:00			LOW			batch-077.json
774	WORLD-BANK:OP00000076	Irrigation & Drainage Rehabilitation Project (Serbia)					LOW		<INS cite=mailto:IRRP dateTime=2006-01-09T10:21>for </INS></SPAN></SPAN><SPAN style="FONT-SIZE: 12pt; FONT-FAMILY: 'Times New Roman'"><SPAN 	batch-077.json
775	TED:566674-2026	Latvia – Lifting and handling equipment – Noliktavas tehnikas vienību (štābelētāju, palešu pārvadātāju, elektroiekrāvēju un traktortipa iekrāvēju) iegāde	Valsts aizsardzības loģistikas un iepirkumu centrs	2026-09-07T11:00:00+02:00			LOW			batch-077.json
776	SK-UVO:551746	SPŠ stavebná a geodetická, Lermontovova 1, Košice: Vzdelávacie kurzy - O	Košický samosprávny kraj			EUR	LOW			batch-077.json
777	WORLD-BANK:OP00027998	China: Gansu Rural-Urban Integration Project					LOW			batch-077.json
778	PL-BZP:08defc55-a096-fdbb-962b-12000115bf0b	Dostawa sprzętu laboratoryjnego na potrzeby ZBFŻ w InLife	InLife Instytut Rozrodu Zwierząt i Badań Żywności Polskiej Akademii Nauk	2026-08-25T08:00:00+00:00			LOW			batch-077.json
779	WORLD-BANK:OP00023242	Improving Resilience to Seismic Risk					LOW			batch-077.json
780	WORLD-BANK:OP00012365	Geothermal Clean Energy Investment Project					LOW			batch-077.json
781	WORLD-BANK:OP00029384	Second Lao Environment & Social Project (formerly Protected Area and Wildlife Project)					LOW			batch-078.json
782	WORLD-BANK:OP00017171	Cebu Bus Rapid Transit (BRT) Project					LOW			batch-078.json
783	WORLD-BANK:OP00003821	Brazil Pernambuco Sustainable Water					LOW			batch-078.json
784	TED:567970-2026	Latvia – Accident and health insurance services – Veselības un nelaimes gadījumu apdrošināšanas pakalpojumu sniegšana SIA “Rīgas meži”	SIA “Rīgas meži”	2026-08-31T09:00:00+02:00			LOW			batch-078.json
785	US-SAM:64f2c70600c74d54909119def3501db2	USCG and CBP C-130J Missionization Effort (Minotaur Mission Systems+)	HOMELAND SECURITY, DEPARTMENT OF	2026-09-17T14:00:00+00:00			LOW	post-production	===== FILE: files/USCG-AIR-A1-Missionization_Continuation-RFI_amended_17_AUG_2026.pdf ===== Request for Information (RFI) Purpose: The Unite	batch-078.json
786	US-SAM:3fb1901d691243d09ecd66ce86b66639	Polaris Discovery Program	DEPT OF DEFENSE	2026-08-24T15:00:00+00:00			LOW		, Intune/ADUC, Palo Alto, CiscoRImplementing and AdministeringCiscoRSolutions v1.0, CiscoRConfiguringBGP on CiscoRRouters v4.0, COMPTIA NETW	batch-078.json
787	PL-BZP:08defc58-a661-d71a-962b-12000115bf82	Świadczenie usług w zakresie podstawiania pojemników i kontenerów wraz z wywozem odpadów komunalnych stałych, segregowanych, liści, gruzu, odpadów budowlanych	Politechnika Morska w Szczecinie	2026-08-25T08:00:00+00:00			LOW			batch-078.json
788	TED:568326-2026	Latvia – Electricity – Elektroenerģijas piegāde aizsargātajiem lietotājiem SIA “Rīgas nami” sociālajās un īres dzīvojamās mājās	SIA "Rīgas nami"	2026-09-14T09:00:00+02:00			LOW			batch-078.json
789	PL-BZP:08defc5b-8ae8-83c6-962b-12000115bfd9	Dostawa art. spożywczych różnych asortymentów na potrzeby Zakładu Karnego w Raciborzu z podziałem na 2 części	Zakład Karny w Raciborzu	2026-08-28T08:00:00+00:00			LOW			batch-078.json
790	WORLD-BANK:OP00009614	Improving Fiscal Management and Tax Compliance Capacity in the Government of Armenia					LOW			batch-078.json
791	PL-BZP:08def7dd-5178-e4be-962b-1200017ebd9d	„Wykonanie prac remontowych w budynkach Uzdrowiska Rabka S.A. – Budynek: Willa Świt, Sanatorium Wierchy, Agregatorownia Olszówka i Jagiellonka, Rabczański Zdrój, ZPL, z podziałem na siedem c	"UZDROWISKO RABKA" SPÓŁKA AKCYJNA	2026-08-26T07:00:00+00:00			LOW			batch-079.json
792	PL-BZP:08def2cf-4019-6106-962b-12000166a579	Przebudowa ulicy Biesak na odcinku ok. 980 m w ramach zadania pn.: „Program przebudowy nawierzchni ulic na terenie Miasta Kielce – Kielce bez dziur”	Gmina Kielce - Miejski Zarząd Dróg w Kielcach	2026-08-21T07:30:00+00:00			LOW			batch-079.json
793	US-SAM:5f2e1fbfab2644aaa67423480847acdf	Medical Laboratory Staffing Services - Phoenix Area IHS	HEALTH AND HUMAN SERVICES, DEPARTMENT OF	2026-08-19T19:00:00+00:00			LOW		ibed processes. INTRODUCTION It is the intent of the Phoenix Area Indian Health Service (PAIHS) to establish a Blanket Purchase Agreement (B	batch-079.json
794	TED:567824-2026	Germany – Sanitary fixture installation work – Sanitärarbeiten	Der Kreisausschuss, Hochbau- und Liegenschaftsamt	2026-08-28T23:59:59+02:00			LOW		Innenschale zur Reinigung herausnehmba, austauschbarer Bürstenkopf aus schwarzem Kunststoff, Gehäuse und Bürstenstange aus Edelstahl seidenm	batch-079.json
795	ZA_ETENDERS_OCDS:ocds-9t57fa-165555-2026-08-14	COR 01/2026/27	Theewaterkloof Municipality	2026-09-18T12:00:00+00:00		ZAR	LOW		main entrance, 6 Plein Street, Caledon. Telegraphic, telephonic, telex, facsimile, electronic/e-mailed and late tenders will not be accepted	batch-079.json
796	ZA_ETENDERS_OCDS:ocds-9t57fa-165757-2026-08-17	13/2026-2027T	Senqu Local Municipality	2026-09-21T12:00:00+00:00		ZAR	LOW		the tender number and title, and the closing date indicated on the envelope and deposited in the tender box at the address, and by the date 	batch-079.json
797	US-SAM:99abb368e89347c7b4b35ecc672380dd	J065--BD PYXIS (CATO) Maintenance Support Services	VETERANS AFFAIRS, DEPARTMENT OF	2026-09-04T21:00:00+00:00			LOW		===== FILE: files/36C26326Q1034_1.docx ===== GENERAL INFORMATION PLACE OF PERFORMANCE ADDITIONAL INFORMATION DESCRIPTION NOTICE OF INTENT TO	batch-079.json
798	WORLD-BANK:OP00029590	Guyana Flood Risk Management					LOW			batch-079.json
799	US-SAM:331e787970d844f6978efea205da3a05	Flex Space Equipment	DEPT OF DEFENSE	2026-08-20T15:00:00+00:00			LOW			batch-079.json
800	US-SAM:3019588d6b03449b9a9993f98fa96201	Solicitation Amendment 0001- Bulk Dinitrogen Tetroxide (N2O4) AESP Requirement	DEPT OF DEFENSE	2026-08-26T21:00:00+00:00			LOW		The Defense Logistics Agency (DLA) Aerospace Energy, as the Department of War (DoW) Integrated Materiel Manager (IMM) for Aerospace Energy p	batch-079.json
801	US-SAM:defbb2be11f747f1ab44c72166bd32bf	SILVER CYANIDE	DEPT OF DEFENSE	2026-08-19T16:00:00+00:00			LOW	training-course	DATE 7. FOR SOLICITATION INFORMATION CALL: a. NAME b. TELEPHONE NUMBER (No collect calls) 8. OFFER DUE DATE/ LOCAL TIME 9. ISSUED BY 13b. RA	batch-080.json
802	WORLD-BANK:OP00019635	Rural Service Delivery and Local Governance Preparation and Pilot					LOW			batch-080.json
803	US-SAM:e2df063e4c5f4461ae4f2339231c9918	Fan Assembly, Centrifugal	DEPT OF DEFENSE	2026-09-24T17:00:00+00:00			LOW		tive ************ AS7311 Electronic Contracting Provision (a) All DLA Weapons Support (Warren)solicitations will be publicized on the Contra	batch-080.json
804	US-SAM:f44578f4cdb8459f8e40100ce205763c	Engine test cell PLC upgrade	DEPT OF DEFENSE	2026-08-20T17:00:00+00:00			LOW		nd all I/O module catalog numbers and quantities? See attachments 2. Can you provide the existing electrical drawings, PLC panel drawings, I	batch-080.json
805	US-SAM:83a1011c56fc4ae0be0ddc8f407d5127	MK 2 Helicopter Weapon Recovery System	DEPT OF DEFENSE	2026-08-28T18:00:00+00:00			LOW		===== FILE: files/Attachment_1_Government_Specifications.pdf ===== SPECIFICATION HELICOPTER WEAPON RECOVERY SYSTEMS (HWRS) Solicitation Numb	batch-080.json
806	US-SAM:ba82bdc3d537450c96e0c64f1cbeebcb	Internal Fence Reconfiguration Services	DEPT OF DEFENSE	2026-08-20T14:00:00+00:00			LOW		DATE 7. FOR SOLICITATION INFORMATION CALL: a. NAME b. TELEPHONE NUMBER (No collect calls) 8. OFFER DUE DATE/ LOCAL TIME 9. ISSUED BY 13b. RA	batch-080.json
807	US-SAM:77786624fa294923becb6423950e05ea	N--Sources Sought - Temporary Mobile Security Camera	INTERIOR, DEPARTMENT OF THE	2026-08-21T19:00:00+00:00			LOW		===== FILE: files/Statement_of_Work_for_VCS_Temp__Cameras_1.pdf ===== Statement of Work Temporary Mobile Security Camera System Location: Vi	batch-080.json
808	ZA_ETENDERS_OCDS:ocds-9t57fa-165445-2026-08-13	SMT01-26-27	Swellendam Municipality	2026-09-04T11:00:00+00:00		ZAR	LOW		===== FILE: files/SMT01-26-27_Advert.pdf ===== SWELLENDAM MUNICIPALITY TENDER NO: SMT01-26-27 PROVISION OF AN INTEGRATED SOFTWARE SOLUTION F	batch-080.json
809	US-SAM:c3c44a0eb7f548b2b1e704803eacbd06	T099--Interactive Wayfinding Maps Service	VETERANS AFFAIRS, DEPARTMENT OF	2026-08-21T17:00:00+00:00			LOW		tted electronically in accordance with VAAR Clause 852.232-72 Electronic Submission of Payment Requests. ACKNOWLEDGMENT OF AMENDMENTS: The o	batch-080.json
810	US-SAM:819704cd1534468bba09f60edfc1eb0c	Snow Removal Services at Coast Guard Academy	HOMELAND SECURITY, DEPARTMENT OF	2026-08-18T16:00:00+00:00			LOW		ICITATION INFORMATION CALL: a. NAME b. TELEPHONE NUMBER (No collect calls) 8. OFFER DUE DATE/ LOCAL TIME 9. ISSUED BY 13b. RATING 14. METHOD	batch-080.json
811	US-SAM:de71fa11ee6e492f8ede05197364b59a	1945--PERRY POINT EZ DOCK "BRAND NAME ONLY" OEM LETTER FROM THE MANUFACTURER IS REQUIRED. IF NO OEM LETTER VENDOR WILL BE CONSIDERED NON-RESPONSIVE.	VETERANS AFFAIRS, DEPARTMENT OF	2026-08-21T19:00:00+00:00			LOW		arch Database: https://search.certifications.sba.gov/, at the time of receipt of quotes and at the time of award. The Department of Veterans	batch-081.json
812	US-SAM:136fa71a06624d78a215ed051264a8f1	Supply of Professional, Heavy-Duty Kitchen Appliances	STATE, DEPARTMENT OF	2026-09-11T16:00:00+00:00			LOW		===== FILE: files/Attachment_1_-_Pricing_List_and_Specifications.xlsx ===== [SHEET Sheet1] CLIN | Description | Model | Suggested Brand | Un	batch-081.json
813	US-SAM:6a57358a65a14cbe85d4add79d96a60a	U.S. Embassy Canberra Welcome Kits	STATE, DEPARTMENT OF	2026-09-21T06:00:00+00:00			LOW		bed under FAR 4.1102. Failure to be registered at time of proposal submission may deem the offeror’s proposal to be considered non- responsi	batch-081.json
814	US-SAM:e9fde3eb91bf47ed88b0cc7217c127fd	H361--Triennial Electrical Inspection	VETERANS AFFAIRS, DEPARTMENT OF	2026-08-28T23:00:00+00:00			LOW	software-development,communications	===== FILE: files/36C26126Q1088_-_Solicitation_Document.docx ===== SECTION B - CONTINUATION OF SF 1449 BLOCKS B.1 PRICE/COST SCHEDULE ITEM I	batch-081.json
815	US-SAM:6559dc9c37634bacbda1128d7b46113c	OSC Security Locks at the Naval Foundry and Propeller Center (NFPC), Philadelphia, PA	DEPT OF DEFENSE	2026-08-20T15:00:00+00:00			LOW	training-course,software-resale	===== FILE: files/Exhibit_A_-_CRDL_A001.pdf ===== DD FORM 1423-1, FEB 2001 CONTRACT DATA REQUIREMENTS LIST (1 Data Item) PREVIOUS EDITION MA	batch-081.json
816	US-SAM:f105e0165b3549639215aaeb1d980984	Notice of Intent to Sole Source - Synthetic Weapons Training System	DEPT OF DEFENSE	2026-08-27T23:00:00+00:00			LOW	software-resale	e WSTS will significantly reduce cost of conducting training and certification through significant reduction in expenditure of live ammuniti	batch-081.json
817	US-SAM:bfb060b15eed47e99bac6edcb1baed44	Pistol Mounted Optic Systems	JUSTICE, DEPARTMENT OF	2026-09-01T18:00:00+00:00			LOW		ng Approved: Miniature Red-dot Sight Aimpoint ACRO P-2 Red Dot Reflex Sight & Glock MOS Mount Plate (BLACK) 3.5MOA 200691+200520 - MOS Plate	batch-081.json
818	US-SAM:ce9535e220ee472a9917c8aaf8661821	Fort Eustis, VA Bldg. 950 (FCC) Signage Conversion Project	DEPT OF DEFENSE	2026-08-21T21:00:00+00:00			LOW	training-course	iption of Services/Introduction: 1.1.1 Canopy Conversion: This is a non-personal services contract to provide backer- mounted, illuminated C	batch-081.json
819	US-SAM:1a0c6121ce1b49398df8047f7d273d1b	S--Wastewater Treatment Services for Yosemite NP	INTERIOR, DEPARTMENT OF THE	2026-08-19T00:00:00+00:00			LOW		===== FILE: files/B08_Solicitation_Attachment1_SOW.pdf ===== Attachment 01 Solicitation 140P8526Q0102 Page 1 of 4 Statement of Work Californ	batch-081.json
820	US-SAM:7455eceeed644e76a777180b628e827c	KS MARAIS des CYGNES NWR TREE PLANTING	INTERIOR, DEPARTMENT OF THE	2026-09-03T21:00:00+00:00			LOW		===== FILE: files/SOW_Tree_Planting_Marais_des_Cygnes_NWR.pdf ===== Tree Planting Project Marais des Cygnes National Wildlife Refuge 1. Proj	batch-081.json
821	US-SAM:0a4e89a3eb7445d0b34539030f0bab55	Repair Fire Suppression Deficiencies at Parkwide L	INTERIOR, DEPARTMENT OF THE	2026-09-03T21:00:00+00:00			LOW		P8526Q0110 Attachment 01 Page 1 of 1 Contract Price Schedule National Park Service (NPS) Solicitation Number: 140P8526Q0110 PARK - PMIS: Yos	batch-082.json
822	US-SAM:5cef5dc6ea114386b20b7f467f974025	KS MARAIS DES CYGNES NWR VEGETATION TRIMMING AND C	INTERIOR, DEPARTMENT OF THE	2026-08-30T21:00:00+00:00			LOW		===== FILE: files/SOW_Trail_and_Levee_Clearing_Marais_des_Cygnes_NWR.pdf ===== Trail and Levee Tree Clearing Marais des Cygnes National Wild	batch-082.json
823	US-SAM:e81cf71ac03040fca6fb5a21f22433e2	MULTIPLE EDUATIONAL SERVICES	INTERIOR, DEPARTMENT OF THE	2026-08-21T23:00:00+00:00			LOW		SOLICITATION INFORMATION CALL: a. NAME b. TELEPHONE NUMBER (No collect calls) 8. OFFER DUE DATE/ LOCAL TIME 9. ISSUED BY 13b. RATING 14. MET	batch-082.json
824	US-SAM:874eec35b5cd4d3fa980869f288cb446	7K20--PACS System Dental	VETERANS AFFAIRS, DEPARTMENT OF	2026-08-27T20:00:00+00:00			LOW		a solicitation. All information received in response to this RFI that is marked as proprietary will be handled accordingly. Responses to thi	batch-082.json
825	US-SAM:524bcad70a9f4c95bdc9b72426714ae4	Radio Frequency Power 18:1 Divider/Combiner	DEPT OF DEFENSE	2026-08-22T20:00:00+00:00			LOW		vided but would require UDLs if reverse engineering is performed. b) Is this RFI soliciting alternate sources to Anaren to increase competit	batch-082.json
826	US-SAM:be86d4570850466ab483c79e531d40e2	Powder X-Ray Diffraction (XRD) System	DEPT OF DEFENSE	2026-08-24T16:00:00+00:00			LOW	communications,training-course	===== FILE: files/Attachment_01_-_Provisions_and_Clauses.pdf ===== Page 1 of 18 DOCUMENT NUMBER FA700026Q0068 CLAUSES INCORPORATED BY REFERE	batch-082.json
827	US-SAM:05a530111da446138c8091489d63c578	FY27 JPRA Propane	DEPT OF DEFENSE	2026-09-10T17:00:00+00:00			LOW	training-course	===== FILE: files/26QA254_SOW.pdf ===== S TATEMENT OF WORK FOR FY27 JPRA Propane Fairchild AFB, WA J une 2026 FA462026QA254 Attachment 1 - S	batch-082.json
828	US-SAM:7fa5b0e64f144497bbf81c0a4f5cb98f	FCI LA TUNA - 1st Qtr FY2027 - SUBSISTENCE, MEATS, CHEESE and MILK	JUSTICE, DEPARTMENT OF	2026-08-25T20:00:00+00:00			LOW	training-course	8500 DONIPHAN Rd Anthony, TX 79821 A. PErez (O) 915-791-9000 axperez@bop.gov CODE 15B51016. ADMINISTERED BY Federal Bureau of Prisons FCI La	batch-082.json
829	US-SAM:ade504fa03ff49f7b4a5e6a7f92da9f6	Janitorial Services (El Paso, TX) *SECRET* Clearance Required	JUSTICE, DEPARTMENT OF	2026-09-16T14:00:00+00:00			LOW		OCK IS MARKED 12. DISCOUNT TERMS 13a. THIS CONTRACT IS A RATED ORDER UNDER THE DEFENSE PRIORITIES AND ALLOCATIONS SYSTEM - DPAS (15 CFR 700)	batch-082.json
830	US-SAM:84374b87bda242e6910a07e25de19efe	OFF-SITE LAUNDRY SERVICES - USMMA	TRANSPORTATION, DEPARTMENT OF	2026-08-28T18:30:00+00:00			LOW		SOLICITATION INFORMATION CALL: a. NAME b. TELEPHONE NUMBER (No collect calls) 8. OFFER DUE DATE/ LOCAL TIME 9. ISSUED BY 13b. RATING 14. MET	batch-082.json
831	US-SAM:35ee438afeeb495aaafd77f613618576	Security Assistance Mentors and Cultural Advisors (SAMA) SAMA 3.0 for USMILGP-Iraq	DEPT OF DEFENSE	2026-08-18T19:00:00+00:00			LOW		Development • Communications • Planning and Operations • Infrastructure Management • Intelligence • Executive Development Contractor personn	batch-083.json
832	US-SAM:6488e505ae9a4231966ecf70086d128f	NOTICE OF THE GOVERNMENT�S INTENT TO ISSUE A SOLE SOURCE AWARD CONTRACT TO A-Z MEDICAL SERVICES, PLLC FOR NURSE STAFFING SUPPORT SERVICES	DEPT OF DEFENSE	2026-08-24T15:00:00+00:00			LOW			batch-083.json
833	US-SAM:e9182c362f1546ee94a79d8e47fb9848	High-Performance Quantum Scalar Magnetometers	DEPT OF DEFENSE	2026-08-24T16:00:00+00:00			LOW	communications,training-course	===== FILE: files/Attachment_01_-_Provisions_and_Clauses.pdf ===== Page 1 of 6 DOCUMENT NUMBER FA700026Q0063 CLAUSES INCORPORATED BY REFEREN	batch-083.json
834	ZA_ETENDERS_OCDS:ocds-9t57fa-165478-2026-08-13	TPT/2026/05/0512/5942/RFP	Transnet SOC Ltd	2026-08-27T02:00:00+00:00		ZAR	LOW		ELDING MACHINES HIRE SERVICES AT THE PORT OF PORT ELIZABETH TERMINALS AT TRANSNET SOC LIMITED (REG. NO. 1990/000900/30) OPERATING AS TRANSNE	batch-083.json
835	US-SAM:bb536097a58e47bd871b7692d9e98fe4	Casualty Administrative Support Services (CASS)	DEPT OF DEFENSE	2026-09-02T14:00:00+00:00			LOW		this notice, please provide: 1. Name of the firm, point of contact, phone number, email address, UEI number, CAGE code, a statement regardin	batch-083.json
836	US-SAM:cdb59dc8856d4f34a9d89c8577ee95ca	JMC Joint Planning Support Services	DEPT OF DEFENSE	2026-08-31T14:00:00+00:00			LOW		rmy Capability Developers, and sponsored commercial entities for entry into the Army’s Joint/Multinational capstone exercises in the Army Ex	batch-083.json
837	US-SAM:8b93f91fce6c4637a3d563c38f79e58f	Staff Augmentation	DEPT OF DEFENSE	2026-08-26T03:59:00+00:00			LOW		===== FILE: files/FAQs.pdf ===== Does Table 1 represent the complete and ﬁnal minimum staffing requirement, or will a separate Technical Exh	batch-083.json
838	US-SAM:7810917543a04090b457df9ef0bc0b7b	Staff Augmentation	DEPT OF DEFENSE	2026-08-25T16:00:00+00:00			LOW		===== FILE: files/FAQs.pdf ===== Does Table 1 represent the complete and ﬁnal minimum staffing requirement, or will a separate Technical Exh	batch-083.json
839	US-SAM:fc41257d56b4401a883fe8e6b5d59f84	Off-Site Trash Disposal Service & Support at Northwest Annex, Chesapeake, VA	DEPT OF DEFENSE	2026-08-25T16:00:00+00:00			LOW	systems-integration,training-course	ISSUE DATE 7. FOR SOLICITATION INFORMATION CALL: a. NAME b. TELEPHONE NUMBER 1RFROOHFW 8. OFFER DUE DATE/ LOCAL TIME 9. ISSUED BY 13b. RAT	batch-083.json
840	US-SAM:903abeffc83e449287060acb5018594d	Staff Augmentation	DEPT OF DEFENSE	2026-08-26T03:59:00+00:00			LOW		===== FILE: files/FAQs.pdf ===== Does Table 1 represent the complete and ﬁnal minimum staffing requirement, or will a separate Technical Exh	batch-083.json
841	WORLD-BANK:OP00007826	National Program for Community Empowerment in Urban Areas (PNPM UPP)					LOW			batch-084.json
842	WORLD-BANK:OP00001528	Development of Emergency Medical Services and Investment Planning Project					LOW			batch-084.json
