Warehouse_Source,Country,code,description,category,subcategory,lean_fit,automation_potential,records,buyers,first_date,last_date,median_estimated_value,median_bidders,one_bidder_rows
Ireland,Ireland,79000000.0,"Business services: law, marketing, consulting, recruitment, printing and security.",Other,"Business services: law, marketing, consulting, recruitment, printing and security.",15,20,115,65,2023-08-15,2026-03-26,220000.0,,0
Canada federal,Canada,*43212100 *43212105 *43230000 *80101507 *80160000 *80161604 *81112002 *86132100,"*Computer printers *Laser printers *Software *Information technology consultation services *Business administration services *Information technology IT management services *Data processing or preparation services *Training planning, facilitation and delivery services",Other,"*Computer printers *Laser printers *Software *Information technology consultation services *Business administration services *Information technology IT management services *Data processing or preparation services *Training planning, facilitation and delivery services",15,20,2,1,2024-09-23,2025-07-23,,,0
United Kingdom,United Kingdom,30100000,"Office machinery, equipment and supplies except computers, printers and furniture",Other,"Office machinery, equipment and supplies except computers, printers and furniture",15,20,18,16,2023-08-14,2026-07-28,451000000.0,,0
Ireland,Ireland,30100000.0,"Office machinery, equipment and supplies except computers, printers and furniture.",Other,"Office machinery, equipment and supplies except computers, printers and furniture.",15,20,12,11,2023-11-15,2026-02-23,550000.0,,0
Canada federal,Canada,*23153200 *23260000 *23270000 *25101900 *25111719 *25111900 *25131600 *25131705 *25131707 *25131708 *25132100 *25132101 *25132102 *25132104 *25200000 *25201603 *25201701 *25202505 *31240000 *41100000 *41112100 *41113700 *41115300 *41116100 *43200000 *43201500 *43211500 *43221700 *43221731 *43221800 *43222600 *43230000 *43231503 *43231516 *43231517 *43232200 *43232300 *43232500 *43232600 *43232605 *43233000 *43233200 *43233204 *46170000 *46171619 *78111500 *78141805 *78182000 *81102301 *81111800 *81112000 *81141900 *81141901 *81141902 *81151800 *83112200 *92110000 *92111700 *92121704,*Robotics *Rapid prototyping machinery and accessories *Welding and soldering and brazing machinery and accessories and supplies *Specialized and recreational vehicles *Submarine tenders *Marine craft systems and subassemblies *Civilian and commercial rotary wing aircraft *Target or reconnaissance drones *Reconnaissance or surveillance aircraft *Anti submarine aircraft *Unmanned aerial vehicle *Agricultural drone *Military drone *Law enforcement drone *Aerospace systems and components and equipment *Air to ground terrain following systems *Aircraft communication systems *Aircraft onboard defrosting or defogging systems *Industrial optics *Laboratory and scientific equipment *Transducers *Electronic and communication measuring and testing instruments *Light and wave generating and measuring equipment *Manual test kits and quality controls and calibrators and standards *Components for information technology or broadcasting or telecommunications *System boards processors interfaces or modules *Computers *Fixed network equipment and components *Underwater communication system *Optical network devices *Network service equipment *Software *Procurement software *Audit software *Procedure management software *Content management software *Data management and query software *Educational or reference software *Industry specific software *Analytical or scientific software *Operating environment software *Security and protection software *Network security and virtual private network VPN equipment software *Security surveillance and detection *Security or access control systems *Passenger air transportation *Aerodrome or airport or aviation facility operations service *Water transport vessel maintenance and repair services *Avionics design *System and system component administration services *Data services *Manufacturing technology research and development services *Product research and development service *Application or technology research and development service *Oceanography and hydrology *Enhanced telecommunications services *Military services and national defense *Military science and research *Confinement surveillance systems maintenance or monitoring,Other,*Robotics *Rapid prototyping machinery and accessories *Welding and soldering and brazing machinery and accessories and supplies *Specialized and recreational vehicles *Submarine tenders *Marine craft systems and subassemblies *Civilian and commercial rotary wing aircraft *Target or reconnaissance drones *Reconnaissance or surveillance aircraft *Anti submarine aircraft *Unmanned aerial vehicle *Agricultural drone *Military drone *Law enforcement drone *Aerospace systems and components and equipment *Air to ground terrain following systems *Aircraft communication systems *Aircraft onboard defrosting or defogging systems *Industrial optics *Laboratory and scientific equipment *Transducers *Electronic and communication measuring and testing instruments *Light and wave generating and measuring equipment *Manual test kits and quality controls and calibrators and standards *Components for information technology or broadcasting or telecommunications *System boards processors interfaces or modules *Computers *Fixed network equipment and components *Underwater communication system *Optical network devices *Network service equipment *Software *Procurement software *Audit software *Procedure management software *Content management software *Data management and query software *Educational or reference software *Industry specific software *Analytical or scientific software *Operating environment software *Security and protection software *Network security and virtual private network VPN equipment software *Security surveillance and detection *Security or access control systems *Passenger air transportation *Aerodrome or airport or aviation facility operations service *Water transport vessel maintenance and repair services *Avionics design *System and system component administration services *Data services *Manufacturing technology research and development services *Product research and development service *Application or technology research and development service *Oceanography and hydrology *Enhanced telecommunications services *Military services and national defense *Military science and research *Confinement surveillance systems maintenance or monitoring,15,20,1,1,2026-05-27,2026-05-27,,,0
Canada federal,Canada,*D301A *D301C *JI7021 *JX7010A *JX7010AB *JX7010AH *JX7010B *N5340A,"*Computer and Data Processing Services *Computer Services, Not Elsewhere Specified *ADP Central Processing Unit (CPU, Computer) Digital - Installation *Computers, Digital Systems, Large Scale (May Include Operating System Software) - Maintenance *Computers, Digital Systems, Mini/Super Micro (May Include Operating System Software) - Maintenance *Computers, Digital Systems, Special Purpose, Includes Artificial Intelligence, Array, Parallel, Vector etc. - Maintenance *Computers, Digital Turnkey Systems, Large Scale (Includes Application Software) - Maintenance *General Hardware",Other,"*Computer and Data Processing Services *Computer Services, Not Elsewhere Specified *ADP Central Processing Unit (CPU, Computer) Digital - Installation *Computers, Digital Systems, Large Scale (May Include Operating System Software) - Maintenance *Computers, Digital Systems, Mini/Super Micro (May Include Operating System Software) - Maintenance *Computers, Digital Systems, Special Purpose, Includes Artificial Intelligence, Array, Parallel, Vector etc. - Maintenance *Computers, Digital Turnkey Systems, Large Scale (Includes Application Software) - Maintenance *General Hardware",15,20,1,1,2025-06-09,2025-06-09,,,0
Canada federal,Canada,*81111500 *81111600 *81111800 *81141902 *81160000,*Software or hardware engineering *Computer programmers *System and system component administration services *Application or technology research and development service *Information Technology Service Delivery,Other,*Software or hardware engineering *Computer programmers *System and system component administration services *Application or technology research and development service *Information Technology Service Delivery,15,20,1,1,2026-05-01,2026-05-01,,,0
Canada federal,Canada,*43210000 *43212100 *43230000 *78121600 *78131700 *78131800 *78131804 *80101507 *80161604 *81111708 *81111801 *81112100 *81141601 *81161700 *83111602,*Computer Equipment and Accessories *Computer printers *Software *Material handling services *Bulk storage *Specialized warehousing and storage *Document storage services *Information technology consultation services *Information technology IT management services *Telecommunications planning services *Computer or network or internet security *Internet services *Logistics *Telecommunication Services *Satellite or earth communication systems services,Other,*Computer Equipment and Accessories *Computer printers *Software *Material handling services *Bulk storage *Specialized warehousing and storage *Document storage services *Information technology consultation services *Information technology IT management services *Telecommunications planning services *Computer or network or internet security *Internet services *Logistics *Telecommunication Services *Satellite or earth communication systems services,15,20,1,1,2026-05-13,2026-05-13,,,0
Canada federal,Canada,*81100000 *81101700 *81102200 *81110000 *81111500 *81111801 *81112000 *81151800 *92111700,*Professional engineering services *Electrical and electronic engineering *Transportation engineering *Computer services *Software or hardware engineering *Computer or network or internet security *Data services *Oceanography and hydrology *Military science and research,Other,*Professional engineering services *Electrical and electronic engineering *Transportation engineering *Computer services *Software or hardware engineering *Computer or network or internet security *Data services *Oceanography and hydrology *Military science and research,15,20,1,1,2025-01-21,2025-01-21,,,0
Canada federal,Canada,*32130000 *39122100 *40101604 *43201500 *43201513 *43201553 *43201830 *43211501 *43222612 *43231512,*Electronic hardware and component parts and accessories *Electrical transmission and distribution equipment *Fans *System boards processors interfaces or modules *Motherboards *Transceivers and media converters *Solid state drive SSD *Computer servers *Network switches *License management software,Other,*Electronic hardware and component parts and accessories *Electrical transmission and distribution equipment *Fans *System boards processors interfaces or modules *Motherboards *Transceivers and media converters *Solid state drive SSD *Computer servers *Network switches *License management software,15,20,1,1,2024-11-05,2024-11-05,,,0
United Kingdom,United Kingdom,30000000,"Office and computing machinery, equipment and supplies except furniture and software packages",Other,"Office and computing machinery, equipment and supplies except furniture and software packages",15,20,64,42,2023-08-01,2026-07-27,1000000.0,,0
Ireland,Ireland,30000000.0,"Office and computing machinery, equipment and supplies except furniture and software packages.",Other,"Office and computing machinery, equipment and supplies except furniture and software packages.",15,20,47,36,2023-08-18,2026-03-30,205000.0,,0
Canada federal,Canada,*43232502,*Computer based training software,Other,*Computer based training software,15,20,5,4,2023-11-06,2025-09-15,,,0
Canada federal,Canada,*43232400 *81110000 *81111500 *81112200,*Development software *Computer services *Software or hardware engineering *Software maintenance and support,Other,*Development software *Computer services *Software or hardware engineering *Software maintenance and support,15,20,2,1,2024-02-05,2024-07-12,,,0
Canada federal,Canada,*43211515 *56000000 *56101700 *72153606,*Computer workstation *Furniture and Furnishings *Office furniture *Office furniture installation or reconfiguration service,Other,*Computer workstation *Furniture and Furnishings *Office furniture *Office furniture installation or reconfiguration service,15,20,2,1,2023-09-26,2023-10-19,,,0
Canada federal,Canada,*43190000 *81112200 *81112300,*Communications Devices and Accessories *Software maintenance and support *Computer hardware maintenance and support,Other,*Communications Devices and Accessories *Software maintenance and support *Computer hardware maintenance and support,15,20,1,1,2025-07-18,2025-07-18,,,0
Canada federal,Canada,*56100000 *56110000 *56111600 *56111700 *56111800 *56112000 *56112100 *56112200 *72153606 *72153615,*Accommodation furniture *Commercial and industrial furniture *Panel systems *Casegood and non modular systems *Freestanding furniture *Computer support furniture *Seating *Desking systems *Office furniture installation or reconfiguration service *Office furniture repair service,Other,*Accommodation furniture *Commercial and industrial furniture *Panel systems *Casegood and non modular systems *Freestanding furniture *Computer support furniture *Seating *Desking systems *Office furniture installation or reconfiguration service *Office furniture repair service,15,20,1,1,2023-12-28,2023-12-28,,,0
Canada federal,Canada,*11162100 *53100000 *53102700 *53102701 *60105800 *73140000 *73141700 *91100000 *91110000,*Specialty fabrics or cloth *Clothing *Uniforms *Military uniforms *Clothing and textile design instructional materials *Fibers and textiles and fabric industries *Fabrics and leather production *Personal appearance *Domestic and personal assistance,Other,*Specialty fabrics or cloth *Clothing *Uniforms *Military uniforms *Clothing and textile design instructional materials *Fibers and textiles and fabric industries *Fabrics and leather production *Personal appearance *Domestic and personal assistance,15,20,1,1,2024-03-22,2024-03-22,,,0
Canada federal,Canada,*56101700 *56101706 *56112002 *56112102 *56112106,*Office furniture *Conferencing tables *Computer support work surfaces *Task seating *Stool seating,Other,*Office furniture *Conferencing tables *Computer support work surfaces *Task seating *Stool seating,15,20,1,1,2026-07-21,2026-07-21,,,0
Canada federal,Canada,*43232202 *43232304 *43232610 *81162100 *81162103,*Document management software *Data base management system software *Medical software *Cloud-based platform as a service *Platform software as a service,Other,*Document management software *Data base management system software *Medical software *Cloud-based platform as a service *Platform software as a service,15,20,1,1,2026-05-01,2026-05-01,,,0
Canada federal,Canada,*56100000 *56110000 *56111600 *56111700 *56111800 *56112000 *56112100 *56112200 *72153606,*Accommodation furniture *Commercial and industrial furniture *Panel systems *Casegood and non modular systems *Freestanding furniture *Computer support furniture *Seating *Desking systems *Office furniture installation or reconfiguration service,Other,*Accommodation furniture *Commercial and industrial furniture *Panel systems *Casegood and non modular systems *Freestanding furniture *Computer support furniture *Seating *Desking systems *Office furniture installation or reconfiguration service,15,20,1,1,2023-11-20,2023-11-20,,,0
Canada federal,Canada,*43212002 *46171509 *56101700 *56112002 *56112204,*Monitor arms or stands *Key cabinets or organizers *Office furniture *Computer support work surfaces *Worksurfaces,Other,*Monitor arms or stands *Key cabinets or organizers *Office furniture *Computer support work surfaces *Worksurfaces,15,20,1,1,2026-01-06,2026-01-06,,,0
Canada federal,Canada,*43232502 *81112201,*Computer based training software *Maintenance or support fees,Other,*Computer based training software *Maintenance or support fees,15,20,1,1,2024-10-09,2024-10-09,,,0
Canada federal,Canada,*43232502 *86101810 *86132000,*Computer based training software *Personnel skills training *Management education and training services,Other,*Computer based training software *Personnel skills training *Management education and training services,15,20,1,1,2025-09-16,2025-09-16,,,0
Canada federal,Canada,*72153606 *72153615 *78102203,*Office furniture installation or reconfiguration service *Office furniture repair service *Mailing or mail pick up or delivery services,Other,*Office furniture installation or reconfiguration service *Office furniture repair service *Mailing or mail pick up or delivery services,15,20,1,1,2025-04-28,2025-04-28,,,0
Canada federal,Canada,*41113700 *43210000 *43230000 *55111600 *81111500 *81112200 *81112500 *81161501,*Electronic and communication measuring and testing instruments *Computer Equipment and Accessories *Software *Electronic software reference material *Software or hardware engineering *Software maintenance and support *Computer software licensing rental or leasing service *Software application administration service,Other,*Electronic and communication measuring and testing instruments *Computer Equipment and Accessories *Software *Electronic software reference material *Software or hardware engineering *Software maintenance and support *Computer software licensing rental or leasing service *Software application administration service,15,20,1,1,2023-11-09,2023-11-09,,,0
Canada federal,Canada,*43230000 *81112200 *81112500 *81162000,*Software *Software maintenance and support *Computer software licensing rental or leasing service *Cloud-based software as a service,Other,*Software *Software maintenance and support *Computer software licensing rental or leasing service *Cloud-based software as a service,15,20,1,1,2024-12-04,2024-12-04,,,0
Canada federal,Canada,*81111500 *81111501 *81111503 *81111600,*Software or hardware engineering *Mainframe software applications design *Systems integration design *Computer programmers,Other,*Software or hardware engineering *Mainframe software applications design *Systems integration design *Computer programmers,15,20,1,1,2025-02-10,2025-02-10,,,0
Canada federal,Canada,*43231505 *43231507 *43232500 *60102700 *60103700 *77101502 *77102001 *80100000 *80101507 *80170000 *80171505 *80171803 *80172000 *81111801 *81112000 *81162302 *81162307 *86132200,*Human resources software *Project management software *Educational or reference software *Patterning or matching or spatial perception or logical thinking teacher resource materials *Foreign languages resources *Environmental standards *Legal compliance certification service *Management advisory services *Information technology consultation services *Public relations and professional communications services *Communication planning *Media training and coaching service *Professional communication services *Computer or network or internet security *Data services *Data analytics process as a service *Human resource management process as a service *Educational support services,Other,*Human resources software *Project management software *Educational or reference software *Patterning or matching or spatial perception or logical thinking teacher resource materials *Foreign languages resources *Environmental standards *Legal compliance certification service *Management advisory services *Information technology consultation services *Public relations and professional communications services *Communication planning *Media training and coaching service *Professional communication services *Computer or network or internet security *Data services *Data analytics process as a service *Human resource management process as a service *Educational support services,15,20,1,1,2024-11-29,2024-11-29,,,0
Canada federal,Canada,*25132100 *43222600 *45121510 *45121522 *81101700 *81111500 *92110000 *92111700,*Unmanned aerial vehicle *Network service equipment *Aerial cameras *Infrared camera *Electrical and electronic engineering *Software or hardware engineering *Military services and national defense *Military science and research,Other,*Unmanned aerial vehicle *Network service equipment *Aerial cameras *Infrared camera *Electrical and electronic engineering *Software or hardware engineering *Military services and national defense *Military science and research,15,20,1,1,2026-04-29,2026-04-29,,,0
Canada federal,Canada,*43233513 *45121500 *45121501 *45121504 *45121517 *45121521 *46171610 *81111513 *81162202,*Cloud-based data access and sharing software *Cameras *Still cameras *Digital cameras *Document camera *Inspection camera *Security cameras *Internet cloud storage service *Cloud storage as a service,Other,*Cloud-based data access and sharing software *Cameras *Still cameras *Digital cameras *Document camera *Inspection camera *Security cameras *Internet cloud storage service *Cloud storage as a service,15,20,1,1,2024-10-02,2024-10-02,,,0
Canada federal,Canada,*43222503 *43233200 *43233206 *46170000 *81111801 *81112208 *92121700,*Vulnerability Assessment Security Equipment *Security and protection software *Cloud-based protection or security software *Security surveillance and detection *Computer or network or internet security *Security and protection software maintenance *Security systems services,Other,*Vulnerability Assessment Security Equipment *Security and protection software *Cloud-based protection or security software *Security surveillance and detection *Computer or network or internet security *Security and protection software maintenance *Security systems services,15,20,1,1,2026-04-01,2026-04-01,,,0
Canada federal,Canada,*25151700 *25151701 *25151702 *25151703 *25151704 *25151705 *25151706 *25151707 *81102302 *81111801 *81112208 *92111700,*Satellites *Communication satellites *Weather satellites *Military satellites *Scientific or research satellites *Navigation satellites *Geostationary satellites *Low earth orbit satellites *Space engineering service *Computer or network or internet security *Security and protection software maintenance *Military science and research,Other,*Satellites *Communication satellites *Weather satellites *Military satellites *Scientific or research satellites *Navigation satellites *Geostationary satellites *Low earth orbit satellites *Space engineering service *Computer or network or internet security *Security and protection software maintenance *Military science and research,15,20,1,1,2026-01-27,2026-01-27,,,0
Canada federal,Canada,*43211730 *43230000 *43232304 *43232307 *81112000 *81112002 *81162302 *92110000 *92111700,*Data acquisition system *Software *Data base management system software *Data mining software *Data services *Data processing or preparation services *Data analytics process as a service *Military services and national defense *Military science and research,Other,*Data acquisition system *Software *Data base management system software *Data mining software *Data services *Data processing or preparation services *Data analytics process as a service *Military services and national defense *Military science and research,15,20,1,1,2026-06-04,2026-06-04,,,0
Canada federal,Canada,*56101500 *56101700 *56101901 *56112000 *72153606,*Furniture *Office furniture *Furniture tops or work surfaces *Computer support furniture *Office furniture installation or reconfiguration service,Other,*Furniture *Office furniture *Furniture tops or work surfaces *Computer support furniture *Office furniture installation or reconfiguration service,15,20,1,1,2023-11-30,2023-11-30,,,0
Canada federal,Canada,*80101507 *81110000 *81111500 *81111705 *81160000,*Information technology consultation services *Computer services *Software or hardware engineering *Systems architecture *Information Technology Service Delivery,Other,*Information technology consultation services *Computer services *Software or hardware engineering *Systems architecture *Information Technology Service Delivery,15,20,1,1,2025-12-17,2025-12-17,,,0
Canada federal,Canada,*43230000 *43231512 *81112500 *81112501 *81112502,*Software *License management software *Computer software licensing rental or leasing service *Computer software licensing service *Computer software rental or leasing service,Other,*Software *License management software *Computer software licensing rental or leasing service *Computer software licensing service *Computer software rental or leasing service,15,20,1,1,2026-07-23,2026-07-23,,,0
Canada federal,Canada,*31152000 *43222500 *43222501 *43222502 *43222503 *43233200 *43233203 *43233204 *43233205 *43233206 *81111801 *81112208,*Security wire *Network security equipment *Firewall network security equipment *VPN network security equipment *Vulnerability Assessment Security Equipment *Security and protection software *Network security or virtual private network VPN management software *Network security and virtual private network VPN equipment software *Transaction security and virus protection software *Cloud-based protection or security software *Computer or network or internet security *Security and protection software maintenance,Other,*Security wire *Network security equipment *Firewall network security equipment *VPN network security equipment *Vulnerability Assessment Security Equipment *Security and protection software *Network security or virtual private network VPN management software *Network security and virtual private network VPN equipment software *Transaction security and virus protection software *Cloud-based protection or security software *Computer or network or internet security *Security and protection software maintenance,15,20,1,1,2024-10-21,2024-10-21,,,0
Canada federal,Canada,*43230000 *43231512 *81112500 *81112501,*Software *License management software *Computer software licensing rental or leasing service *Computer software licensing service,Other,*Software *License management software *Computer software licensing rental or leasing service *Computer software licensing service,15,20,1,1,2025-10-15,2025-10-15,,,0
Canada federal,Canada,*43233206 *80101507 *81160000 *84111600 *84111603,*Cloud-based protection or security software *Information technology consultation services *Information Technology Service Delivery *Audit services *Internal audits,Other,*Cloud-based protection or security software *Information technology consultation services *Information Technology Service Delivery *Audit services *Internal audits,15,20,1,1,2024-10-11,2024-10-11,,,0
Canada federal,Canada,*80101511 *80111511 *80141500,*Human resources consulting service *Labor training impact assessment *Market research,Other,*Human resources consulting service *Labor training impact assessment *Market research,15,20,1,1,2025-10-09,2025-10-09,,,0
Canada federal,Canada,*81161900 *81162000 *81162100 *81162200,*Cloud-based hardware as a service *Cloud-based software as a service *Cloud-based platform as a service *Cloud-based infrastructure as a service,Other,*Cloud-based hardware as a service *Cloud-based software as a service *Cloud-based platform as a service *Cloud-based infrastructure as a service,15,20,1,1,2025-07-21,2025-07-21,,,0
Canada federal,Canada,*56101700 *56112100 *56112101,*Office furniture *Seating *Auditorium or stadium or special use seating,Other,*Office furniture *Seating *Auditorium or stadium or special use seating,15,20,1,1,2023-09-11,2023-09-11,,,0
Canada federal,Canada,*56111500 *56111600 *56112000 *56112200,*Workstations and office packages *Panel systems *Computer support furniture *Desking systems,Other,*Workstations and office packages *Panel systems *Computer support furniture *Desking systems,15,20,1,1,2024-06-24,2024-06-24,,,0
Canada federal,Canada,*N3670 *N5963 *N5998 *N7021 *N7025 *N7035,"*Specialized Semiconductor, Micro-Circuit and Printed Circuit Board Manufacturing Machinery *Electronic Modules *Electrical and Electronic Assemblies, Boards, Cards and Associated Hardware *ADP Central Processing Unit (CPU, Computer) Digital *ADP Input-Output and Storage Devices *ADP Support Equipment",Other,"*Specialized Semiconductor, Micro-Circuit and Printed Circuit Board Manufacturing Machinery *Electronic Modules *Electrical and Electronic Assemblies, Boards, Cards and Associated Hardware *ADP Central Processing Unit (CPU, Computer) Digital *ADP Input-Output and Storage Devices *ADP Support Equipment",15,20,1,1,2025-02-07,2025-02-07,,,0
Canada federal,Canada,*43230000 *43232502 *81112200 *81112215 *81112216 *81161501,*Software *Computer based training software *Software maintenance and support *Content management software maintenance *Educational or reference software maintenance *Software application administration service,Other,*Software *Computer based training software *Software maintenance and support *Content management software maintenance *Educational or reference software maintenance *Software application administration service,15,20,1,1,2025-07-22,2025-07-22,,,0
Canada federal,Canada,*43233206 *43233513 *81111513 *81161900 *81162000 *81162100 *81162200 *81162201 *81162202,*Cloud-based protection or security software *Cloud-based data access and sharing software *Internet cloud storage service *Cloud-based hardware as a service *Cloud-based software as a service *Cloud-based platform as a service *Cloud-based infrastructure as a service *Cloud backup as a service *Cloud storage as a service,Other,*Cloud-based protection or security software *Cloud-based data access and sharing software *Internet cloud storage service *Cloud-based hardware as a service *Cloud-based software as a service *Cloud-based platform as a service *Cloud-based infrastructure as a service *Cloud backup as a service *Cloud storage as a service,15,20,1,1,2025-01-16,2025-01-16,,,0
Canada federal,Canada,*56101700 *56112000 *72153606,*Office furniture *Computer support furniture *Office furniture installation or reconfiguration service,Other,*Office furniture *Computer support furniture *Office furniture installation or reconfiguration service,15,20,1,1,2025-01-14,2025-01-14,,,0
Canada federal,Canada,*43232502 *45111806 *86111500,*Computer based training software *Distance learning systems *Distance learning services,Other,*Computer based training software *Distance learning systems *Distance learning services,15,20,1,1,2024-04-02,2024-04-02,,,0
Canada federal,Canada,*43232500 *43232600 *43233000 *81111500 *81111800 *81112000 *92110000 *92111700,*Educational or reference software *Industry specific software *Operating environment software *Software or hardware engineering *System and system component administration services *Data services *Military services and national defense *Military science and research,Other,*Educational or reference software *Industry specific software *Operating environment software *Software or hardware engineering *System and system component administration services *Data services *Military services and national defense *Military science and research,15,20,1,1,2026-04-23,2026-04-23,,,0
Canada federal,Canada,*JX7010A *JX7025 *N7010,"*Computers, Digital Systems, Large Scale (May Include Operating System Software) - Maintenance *ADP Input-Output and Storage Devices - Maintenance *Automatic Data Processing Equipment, System Configuration",Other,"*Computers, Digital Systems, Large Scale (May Include Operating System Software) - Maintenance *ADP Input-Output and Storage Devices - Maintenance *Automatic Data Processing Equipment, System Configuration",15,20,1,1,2024-01-18,2024-01-18,,,0
Canada federal,Canada,*81161900 *81162000 *81162100,*Cloud-based hardware as a service *Cloud-based software as a service *Cloud-based platform as a service,Other,*Cloud-based hardware as a service *Cloud-based software as a service *Cloud-based platform as a service,15,20,1,1,2024-10-21,2024-10-21,,,0
Canada federal,Canada,*25111533 *25111724 *43232502 *46201000 *46210000 *46211500 *49101705 *49101707 *60100000 *60101600 *80111504 *80111511 *81100000 *81162308 *86100000 *86101507 *86101601 *86101606 *86101607 *86101608 *86101609 *86101610 *86101700 *86101701 *86101707 *86101709 *86101716 *86101800 *86101802 *86101809 *86101810 *86111503 *86111504 *86121600 *86121700 *86121800 *86132100 *86132201,"*Training ship *Fishery training ship *Computer based training software *Public safety training equipment *Workplace safety equipment and supplies and training materials *Workplace safety training aids and materials *Certificates *Achievement certificate *Developmental and professional teaching aids and materials and accessories and supplies *Educational certificates or diplomas *Labor training or development *Labor training impact assessment *Professional engineering services *Training process as a service *Vocational training *Fishery vocational training services *Computer vocational training services *Electronics vocational training services *Telecommunications vocational training services *Hydraulics vocational training services *Industrial vocational training services *Engineering vocational training services *Non scientific vocational training services *Communications vocational training services *Personal care vocational training services *Safety training services *Shipping vocational training services *In service training and manpower development *Re training or refreshing training services *Merchant marine vocational training services *Personnel skills training *Certificated distance learning services *Non certificated distance learning services *Junior colleges *University and colleges *Professional schools *Training planning, facilitation and delivery services *Training workshop service",Other,"*Training ship *Fishery training ship *Computer based training software *Public safety training equipment *Workplace safety equipment and supplies and training materials *Workplace safety training aids and materials *Certificates *Achievement certificate *Developmental and professional teaching aids and materials and accessories and supplies *Educational certificates or diplomas *Labor training or development *Labor training impact assessment *Professional engineering services *Training process as a service *Vocational training *Fishery vocational training services *Computer vocational training services *Electronics vocational training services *Telecommunications vocational training services *Hydraulics vocational training services *Industrial vocational training services *Engineering vocational training services *Non scientific vocational training services *Communications vocational training services *Personal care vocational training services *Safety training services *Shipping vocational training services *In service training and manpower development *Re training or refreshing training services *Merchant marine vocational training services *Personnel skills training *Certificated distance learning services *Non certificated distance learning services *Junior colleges *University and colleges *Professional schools *Training planning, facilitation and delivery services *Training workshop service",15,20,1,1,2026-05-21,2026-05-21,,,0
United Kingdom,United Kingdom,80000000,Education and training services,Other,Education and training services,15,20,1167,366,2023-08-02,2026-07-28,1130000.0,,0
Canada federal,Canada,*39000000 *40000000 *41000000 *42000000 *44000000 *47000000 *60000000 *70000000 *72000000 *73000000 *76000000 *77000000 *78000000 *80000000 *81000000 *82000000 *83000000 *84000000 *85000000 *86000000 *90000000 *91000000,*Electrical Systems and Lighting and Components and Accessories and Supplies *Distribution and Conditioning Systems and Equipment and Components *Laboratory and Measuring and Observing and Testing Equipment *Medical Equipment and Accessories and Supplies *Office Equipment and Accessories and Supplies *Cleaning Equipment and Supplies *Musical Instruments and Games and Toys and Arts and Crafts and Educational Equipment and Materials and Accessories and Supplies *Farming and Fishing and Forestry and Wildlife Contracting Services *Building and Facility Construction and Maintenance Services *Industrial Production and Manufacturing Services *Industrial Cleaning Services *Environmental Services *Transportation and Storage and Mail Services *Management and Business Professionals and Administrative Services *Engineering and Research and Technology Based Services *Editorial and Design and Graphic and Fine Art Services *Public Utilities and Public Sector Related Services *Financial and Insurance Services *Healthcare Services *Education and Training Services *Travel and Food and Lodging and Entertainment Services *Personal and Domestic Services,Other,*Electrical Systems and Lighting and Components and Accessories and Supplies *Distribution and Conditioning Systems and Equipment and Components *Laboratory and Measuring and Observing and Testing Equipment *Medical Equipment and Accessories and Supplies *Office Equipment and Accessories and Supplies *Cleaning Equipment and Supplies *Musical Instruments and Games and Toys and Arts and Crafts and Educational Equipment and Materials and Accessories and Supplies *Farming and Fishing and Forestry and Wildlife Contracting Services *Building and Facility Construction and Maintenance Services *Industrial Production and Manufacturing Services *Industrial Cleaning Services *Environmental Services *Transportation and Storage and Mail Services *Management and Business Professionals and Administrative Services *Engineering and Research and Technology Based Services *Editorial and Design and Graphic and Fine Art Services *Public Utilities and Public Sector Related Services *Financial and Insurance Services *Healthcare Services *Education and Training Services *Travel and Food and Lodging and Entertainment Services *Personal and Domestic Services,15,20,1,1,2024-05-22,2024-05-22,,,0
United Kingdom,United Kingdom,73000000,Research and development services and related consultancy services,Other,Research and development services and related consultancy services,15,20,286,121,2023-08-01,2026-07-06,300000.0,,0
Canada federal,Canada,*56101700,*Office furniture,Other,*Office furniture,15,20,236,64,2023-08-02,2026-07-27,,,0
Ireland,Ireland,73000000.0,Research and development services and related consultancy services.,Other,Research and development services and related consultancy services.,15,20,157,86,2023-08-01,2026-03-27,130000.0,,0
United Kingdom,United Kingdom,79340000,Advertising and marketing services,Other,Advertising and marketing services,15,20,131,108,2023-08-01,2026-07-30,4000000.0,,0
Ireland,Ireland,79340000.0,Advertising and marketing services.,Other,Advertising and marketing services.,15,20,97,54,2023-09-03,2026-03-27,400000.0,,0
France,France,21,Audit,Other,Services,15,20,479,409,2023-08-14,2026-07-31,,,0
United Kingdom,United Kingdom,73200000,Research and development consultancy services,Other,Research and development consultancy services,15,20,72,37,2023-08-10,2026-07-10,125000.0,,0
United Kingdom,United Kingdom,39000000,"Furniture (incl. office furniture), furnishings, domestic appliances (excl. lighting) and cleaning products",Other,"Furniture (incl. office furniture), furnishings, domestic appliances (excl. lighting) and cleaning products",15,20,54,49,2023-08-02,2026-07-30,900000.0,,0
Ireland,Ireland,39000000.0,"Furniture (incl. office furniture), furnishings, domestic appliances (excl. lighting) and cleaning products.",Other,"Furniture (incl. office furniture), furnishings, domestic appliances (excl. lighting) and cleaning products.",15,20,50,35,2023-08-02,2026-02-25,275000.0,,0
Ireland,Ireland,73210000.0,Research consultancy services.,Other,Research consultancy services.,15,20,37,30,2023-09-26,2026-03-24,90000.0,,0
United Kingdom,United Kingdom,73210000,Research consultancy services,Other,Research consultancy services,15,20,33,30,2023-08-08,2026-07-29,287500.0,,0
Ireland,Ireland,79800000.0,Printing and related services.,Other,Printing and related services.,15,20,28,24,2023-11-17,2026-03-31,400000.0,,0
United Kingdom,United Kingdom,71800000,Consulting services for water-supply and waste consultancy,Other,Consulting services for water-supply and waste consultancy,15,20,28,23,2023-10-03,2026-02-25,300000.0,,0
Ireland,Ireland,73200000.0,Research and development consultancy services.,Other,Research and development consultancy services.,15,20,28,16,2023-08-04,2026-01-27,120000.0,,0
United Kingdom,United Kingdom,39130000,Office furniture,Other,Office furniture,15,20,22,20,2023-08-04,2026-07-16,400000.0,,0
United Kingdom,United Kingdom,79413000,Marketing management consultancy services,Other,Marketing management consultancy services,15,20,18,15,2023-08-04,2026-06-24,1400000.0,,0
Canada federal,Canada,*81162000,*Cloud-based software as a service,Other,*Cloud-based software as a service,15,20,17,10,2023-10-19,2026-07-20,,,0
Canada federal,Canada,*56101700 *72153606,*Office furniture *Office furniture installation or reconfiguration service,Other,*Office furniture *Office furniture installation or reconfiguration service,15,20,15,12,2023-12-20,2026-06-12,,,0
Ireland,Ireland,39130000.0,Office furniture.,Other,Office furniture.,15,20,15,11,2023-08-21,2025-08-01,272000.0,,0
Canada federal,Canada,*56101500 *56101700,*Furniture *Office furniture,Other,*Furniture *Office furniture,15,20,17,7,2023-09-28,2026-07-28,,,0
Canada federal,Canada,*56100000 *56101700,*Accommodation furniture *Office furniture,Other,*Accommodation furniture *Office furniture,15,20,18,6,2023-11-14,2026-02-10,,,0
Canada federal,Canada,*JX7030,*ADP Software Maintenance - Other than Microcomputer,Other,*ADP Software Maintenance - Other than Microcomputer,15,20,19,1,2023-08-18,2026-06-08,,,0
Canada federal,Canada,*56101700 *56112100,*Office furniture *Seating,Other,*Office furniture *Seating,15,20,18,2,2023-08-30,2026-01-20,,,0
Canada federal,Canada,*24100000 *24120000 *24140000 *30100000 *30110000 *30140000 *30150000 *30160000 *30161700 *30170000 *30180000 *31000000 *31201600 *31201700 *39100000 *39110000 *40100000 *40150000 *43210000 *47110000 *47130000 *52100000 *52130000 *56000000 *56100000 *56110000,*Material handling machinery and equipment *Packaging materials *Packing supplies *Structural components and basic shapes *Concrete and cement and plaster *Insulation *Exterior finishing materials *Interior finishing materials *Flooring *Doors and windows and glass *Plumbing fixtures *Manufacturing Components and Supplies *Adhesives *Sealants *Lamps and lightbulbs and lamp components *Lighting Fixtures and Accessories *Heating and ventilation and air circulation *Industrial pumps and compressors *Computer Equipment and Accessories *Industrial laundry and dry cleaning equipment *Cleaning and janitorial supplies *Floor coverings *Window treatments *Furniture and Furnishings *Accommodation furniture *Commercial and industrial furniture,Other,*Material handling machinery and equipment *Packaging materials *Packing supplies *Structural components and basic shapes *Concrete and cement and plaster *Insulation *Exterior finishing materials *Interior finishing materials *Flooring *Doors and windows and glass *Plumbing fixtures *Manufacturing Components and Supplies *Adhesives *Sealants *Lamps and lightbulbs and lamp components *Lighting Fixtures and Accessories *Heating and ventilation and air circulation *Industrial pumps and compressors *Computer Equipment and Accessories *Industrial laundry and dry cleaning equipment *Cleaning and janitorial supplies *Floor coverings *Window treatments *Furniture and Furnishings *Accommodation furniture *Commercial and industrial furniture,15,20,15,1,2024-09-09,2024-09-09,,,0
Ireland,Ireland,50300000.0,"Repair, maintenance and associated services related to personal computers, office equipment, telecommunications and audio-visual equipment.",Other,"Repair, maintenance and associated services related to personal computers, office equipment, telecommunications and audio-visual equipment.",15,20,8,7,2024-05-24,2026-03-30,600000.0,,0
Ireland,Ireland,30120000.0,Photocopying and offset printing equipment.,Other,Photocopying and offset printing equipment.,15,20,7,7,2024-12-23,2025-10-14,185000.0,,0
Canada federal,Canada,*56101504 *56101700,*Chairs *Office furniture,Other,*Chairs *Office furniture,15,20,8,6,2023-09-01,2025-11-28,,,0
Canada federal,Canada,*81111500,*Software or hardware engineering,Other,*Software or hardware engineering,15,20,7,5,2023-08-30,2026-03-03,,,0
United Kingdom,United Kingdom,50300000,"Repair, maintenance and associated services related to personal computers, office equipment, telecommunications and audio-visual equipment",Other,"Repair, maintenance and associated services related to personal computers, office equipment, telecommunications and audio-visual equipment",15,20,6,6,2023-12-08,2025-12-03,250000.0,,0
Ireland,Ireland,79413000.0,Marketing management consultancy services.,Other,Marketing management consultancy services.,15,20,5,5,2024-01-01,2025-08-11,100000.0,,0
United Kingdom,United Kingdom,79341100,Advertising consultancy services,Other,Advertising consultancy services,15,20,4,4,2024-05-24,2024-12-02,,,0
Ireland,Ireland,79810000.0,Printing services.,Other,Printing services.,15,20,4,4,2023-11-28,2025-07-04,500000.0,,0
Canada federal,Canada,*80111600 *80111700,*Temporary personnel services *Personnel recruitment,Other,*Temporary personnel services *Personnel recruitment,15,20,5,2,2024-01-17,2025-11-27,,,0
Canada federal,Canada,*56100000 *56101700 *56101720,*Accommodation furniture *Office furniture *Office or work chair,Other,*Accommodation furniture *Office furniture *Office or work chair,15,20,4,3,2024-07-12,2026-02-10,,,0
Canada federal,Canada,*N7110,*Office Furniture,Other,*Office Furniture,15,20,5,1,2025-01-09,2025-02-10,,,0
Canada federal,Canada,*56101520 *56101700,*Lockers *Office furniture,Other,*Lockers *Office furniture,15,20,3,3,2023-08-11,2025-11-28,,,0
Ireland,Ireland,79341100.0,Advertising consultancy services.,Other,Advertising consultancy services.,15,20,3,3,2024-01-22,2026-03-16,214000.0,,0
Canada federal,Canada,*43212002 *56101700,*Monitor arms or stands *Office furniture,Other,*Monitor arms or stands *Office furniture,15,20,3,3,2023-12-07,2025-12-11,,,0
Canada federal,Canada,*86101601,*Computer vocational training services,Other,*Computer vocational training services,15,20,4,2,2024-08-26,2025-02-03,,,0
Canada federal,Canada,*72153606,*Office furniture installation or reconfiguration service,Other,*Office furniture installation or reconfiguration service,15,20,4,2,2023-08-21,2024-02-08,,,0
Canada federal,Canada,*D301A,*Computer and Data Processing Services,Other,*Computer and Data Processing Services,15,20,4,1,2024-10-31,2025-12-02,,,0
Canada federal,Canada,*81162000 *81162100 *81162200,*Cloud-based software as a service *Cloud-based platform as a service *Cloud-based infrastructure as a service,Other,*Cloud-based software as a service *Cloud-based platform as a service *Cloud-based infrastructure as a service,15,20,3,1,2023-11-22,2024-05-07,,,0
Canada federal,Canada,*80101507 *81111500,*Information technology consultation services *Software or hardware engineering,Other,*Information technology consultation services *Software or hardware engineering,15,20,3,1,2024-07-10,2024-11-13,,,0
Canada federal,Canada,*D301A *JX7025,*Computer and Data Processing Services *ADP Input-Output and Storage Devices - Maintenance,Other,*Computer and Data Processing Services *ADP Input-Output and Storage Devices - Maintenance,15,20,3,1,2024-01-18,2024-02-27,,,0
Canada federal,Canada,*JX7010A,"*Computers, Digital Systems, Large Scale (May Include Operating System Software) - Maintenance",Other,"*Computers, Digital Systems, Large Scale (May Include Operating System Software) - Maintenance",15,20,3,1,2024-01-04,2025-04-15,,,0
Canada federal,Canada,*78101809 *78102200 *78102203 *78102205 *80141800,*Road transport of letters and parcels *Postal and small parcel and courier services *Mailing or mail pick up or delivery services *Letter or small parcel local delivery services *Mailing services,Other,*Road transport of letters and parcels *Postal and small parcel and courier services *Mailing or mail pick up or delivery services *Letter or small parcel local delivery services *Mailing services,15,20,3,1,2025-12-10,2026-01-23,,,0
Ireland,Ireland,30215000.0,Microcomputer hardware.,Other,Microcomputer hardware.,15,20,2,2,2023-10-26,2024-06-27,217500.0,,0
Canada federal,Canada,*56101703 *72153606,*Desks *Office furniture installation or reconfiguration service,Other,*Desks *Office furniture installation or reconfiguration service,15,20,2,2,2023-08-30,2024-02-23,,,0
Ireland,Ireland,79823000.0,Printing and delivery services.,Other,Printing and delivery services.,15,20,2,2,2025-02-25,2026-03-19,22361395.0,,0
Canada federal,Canada,*56101500 *56101700 *56101900 *56111800,*Furniture *Office furniture *General furniture parts and accessories *Freestanding furniture,Other,*Furniture *Office furniture *General furniture parts and accessories *Freestanding furniture,15,20,2,2,2023-12-15,2024-07-29,,,0
Ireland,Ireland,51600000.0,Installation services of computers and office equipment.,Other,Installation services of computers and office equipment.,15,20,2,2,2023-09-28,2024-07-23,600000.0,,0
Canada federal,Canada,*80101511 *80110000 *80111700,*Human resources consulting service *Human resources services *Personnel recruitment,Other,*Human resources consulting service *Human resources services *Personnel recruitment,15,20,2,2,2025-01-13,2026-03-31,,,0
Canada federal,Canada,*70101601 *70101602 *70101603,*Fishery information or documentation services *Fishery research or experimentation services *Fishery data collection or distribution,Other,*Fishery information or documentation services *Fishery research or experimentation services *Fishery data collection or distribution,15,20,2,2,2024-02-15,2025-03-31,,,0
Canada federal,Canada,*56101700 *56101901,*Office furniture *Furniture tops or work surfaces,Other,*Office furniture *Furniture tops or work surfaces,15,20,2,2,2025-10-17,2025-11-28,,,0
Ireland,Ireland,30197630.0,Printing paper.,Other,Printing paper.,15,20,2,1,2024-05-17,2025-01-24,15000000.0,,0
Canada federal,Canada,*43230000 *81162000,*Software *Cloud-based software as a service,Other,*Software *Cloud-based software as a service,15,20,2,1,2023-12-19,2024-07-22,,,0
Canada federal,Canada,*56000000 *56100000 *56110000 *56130000 *72153606,*Furniture and Furnishings *Accommodation furniture *Commercial and industrial furniture *Merchandising furniture and accessories *Office furniture installation or reconfiguration service,Other,*Furniture and Furnishings *Accommodation furniture *Commercial and industrial furniture *Merchandising furniture and accessories *Office furniture installation or reconfiguration service,15,20,2,1,2026-01-16,2026-02-17,,,0
Canada federal,Canada,*86100000 *86101800 *86101809 *86132206,*Vocational training *In service training and manpower development *Merchant marine vocational training services *Teaching and educational research service,Other,*Vocational training *In service training and manpower development *Merchant marine vocational training services *Teaching and educational research service,15,20,2,1,2025-06-23,2025-06-27,,,0
Canada federal,Canada,*56100000 *56101500 *56101700 *56101711,*Accommodation furniture *Furniture *Office furniture *Modular furniture connectors,Other,*Accommodation furniture *Furniture *Office furniture *Modular furniture connectors,15,20,2,1,2023-10-18,2024-04-30,,,0
Canada federal,Canada,*56101700 *56101720 *56111500 *56111501 *56111503 *72153613,*Office furniture *Office or work chair *Workstations and office packages *Modular reception office packages *Modular executive office packages *Office furniture lease and maintenance service,Other,*Office furniture *Office or work chair *Workstations and office packages *Modular reception office packages *Modular executive office packages *Office furniture lease and maintenance service,15,20,2,1,2025-12-23,2026-03-12,,,0
Canada federal,Canada,*43231512 *81111902,*License management software *Online database information retrieval service,Other,*License management software *Online database information retrieval service,15,20,2,1,2025-01-15,2025-01-16,,,0
Ireland,Ireland,71800000.0,Consulting services for water-supply and waste consultancy.,Other,Consulting services for water-supply and waste consultancy.,15,20,2,1,2024-03-13,2024-03-13,295000.0,,0
Canada federal,Canada,*43232408 *81110000 *81111600 *81112200,*Web platform development software *Computer services *Computer programmers *Software maintenance and support,Other,*Web platform development software *Computer services *Computer programmers *Software maintenance and support,15,20,2,1,2025-09-19,2026-01-06,,,0
Canada federal,Canada,*56101700 *56112100 *56112304,*Office furniture *Seating *Chair seat,Other,*Office furniture *Seating *Chair seat,15,20,2,1,2024-01-15,2024-04-18,,,0
United Kingdom,United Kingdom,30215000,Microcomputer hardware,Other,Microcomputer hardware,15,20,1,1,2025-01-22,2025-01-22,,,0
Canada federal,Canada,*23110000 *76101600 *77000000 *77101500 *77101505 *77101800 *80101508 *81101513 *81141800 *81151703 *84111600,*Petroleum processing machinery *Hazardous material decontamination *Environmental Services *Environmental impact assessment *Environmental monitoring *Environmental auditing *Business intelligence consulting services *Building construction management *Facilities management *Geological surveys *Audit services,Other,*Petroleum processing machinery *Hazardous material decontamination *Environmental Services *Environmental impact assessment *Environmental monitoring *Environmental auditing *Business intelligence consulting services *Building construction management *Facilities management *Geological surveys *Audit services,15,20,1,1,2026-04-14,2026-04-14,,,0
Canada federal,Canada,*N7030310,"*COMPUTER SOFTWARE, ENGINEERING, SCIENTIFIC, MATHEMATICAL, STATISTICAL, MODELING, SIMULATION, EMULATION, ENERGY - OTHERTHAN MICROCOMPUTERS",Other,"*COMPUTER SOFTWARE, ENGINEERING, SCIENTIFIC, MATHEMATICAL, STATISTICAL, MODELING, SIMULATION, EMULATION, ENERGY - OTHERTHAN MICROCOMPUTERS",15,20,1,1,2025-02-20,2025-02-20,,,0
Canada federal,Canada,*30201712 *56101500 *56101700,*Phone box or phone booth *Furniture *Office furniture,Other,*Phone box or phone booth *Furniture *Office furniture,15,20,1,1,2025-10-09,2025-10-09,,,0
Canada federal,Canada,*72153613,*Office furniture lease and maintenance service,Other,*Office furniture lease and maintenance service,15,20,1,1,2024-07-04,2024-07-04,,,0
Canada federal,Canada,*72121100 *80151605 *95141900,*Commercial and office building construction services *Customs consulting service *Prefabricated medical buildings and structures,Other,*Commercial and office building construction services *Customs consulting service *Prefabricated medical buildings and structures,15,20,1,1,2025-06-06,2025-06-06,,,0
Canada federal,Canada,*43230000 *81162000 *81162009 *81162103,*Software *Cloud-based software as a service *Portal software as a service *Platform software as a service,Other,*Software *Cloud-based software as a service *Portal software as a service *Platform software as a service,15,20,1,1,2025-08-01,2025-08-01,,,0
Canada federal,Canada,*56000000 *56101700 *56101701 *56101702 *56101703 *56101712 *56112100 *72153606,*Furniture and Furnishings *Office furniture *Credenzas *Filing cabinets or accessories *Desks *Pedestals *Seating *Office furniture installation or reconfiguration service,Other,*Furniture and Furnishings *Office furniture *Credenzas *Filing cabinets or accessories *Desks *Pedestals *Seating *Office furniture installation or reconfiguration service,15,20,1,1,2025-08-08,2025-08-08,,,0
Canada federal,Canada,*81000000 *81110000,*Engineering and Research and Technology Based Services *Computer services,Other,*Engineering and Research and Technology Based Services *Computer services,15,20,1,1,2025-10-01,2025-10-01,,,0
Canada federal,Canada,*43233206 *46171619,*Cloud-based protection or security software *Security or access control systems,Other,*Cloud-based protection or security software *Security or access control systems,15,20,1,1,2026-02-18,2026-02-18,,,0
Canada federal,Canada,*14111507 *43212100 *43212105 *43212110,*Printer or copier paper *Computer printers *Laser printers *Multi function printers,Other,*Printer or copier paper *Computer printers *Laser printers *Multi function printers,15,20,1,1,2026-02-03,2026-02-03,,,0
Canada federal,Canada,*56110000 *72153606,*Commercial and industrial furniture *Office furniture installation or reconfiguration service,Other,*Commercial and industrial furniture *Office furniture installation or reconfiguration service,15,20,1,1,2026-07-29,2026-07-29,,,0
Canada federal,Canada,*56101504 *56101700 *56112102 *56112103,*Chairs *Office furniture *Task seating *Guest seating,Other,*Chairs *Office furniture *Task seating *Guest seating,15,20,1,1,2025-02-05,2025-02-05,,,0
Canada federal,Canada,*25173900 *39120000 *39121500 *39121700 *39121900 *43201618 *43210000,*Electrical components *Electrical equipment and components and supplies *Electrical controls and accessories *Electrical hardware and supplies *Electrical safety devices and accessories *Computer rack component *Computer Equipment and Accessories,Other,*Electrical components *Electrical equipment and components and supplies *Electrical controls and accessories *Electrical hardware and supplies *Electrical safety devices and accessories *Computer rack component *Computer Equipment and Accessories,15,20,1,1,2024-11-08,2024-11-08,,,0
Canada federal,Canada,*43232806,*Cloud-based management software,Other,*Cloud-based management software,15,20,1,1,2024-10-28,2024-10-28,,,0
Canada federal,Canada,*43232401 *81111504 *81111511 *81141902 *81161501,*Configuration management software *Application programming services *System or application programming management service *Application or technology research and development service *Software application administration service,Other,*Configuration management software *Application programming services *System or application programming management service *Application or technology research and development service *Software application administration service,15,20,1,1,2026-07-20,2026-07-20,,,0
Canada federal,Canada,*44122032 *81162308,*Conference folder *Training process as a service,Other,*Conference folder *Training process as a service,15,20,1,1,2023-08-01,2023-08-01,,,0
Canada federal,Canada,*56101700 *56101703 *56111800 *56111802 *72153606,*Office furniture *Desks *Freestanding furniture *Freestanding tables *Office furniture installation or reconfiguration service,Other,*Office furniture *Desks *Freestanding furniture *Freestanding tables *Office furniture installation or reconfiguration service,15,20,1,1,2023-12-13,2023-12-13,,,0
Canada federal,Canada,*32130000 *43211503,*Electronic hardware and component parts and accessories *Notebook computers,Other,*Electronic hardware and component parts and accessories *Notebook computers,15,20,1,1,2026-01-16,2026-01-16,,,0
Canada federal,Canada,*43230000 *81111500 *81112200 *81161501 *81162103 *81162104,*Software *Software or hardware engineering *Software maintenance and support *Software application administration service *Platform software as a service *Platform software components as a service,Other,*Software *Software or hardware engineering *Software maintenance and support *Software application administration service *Platform software as a service *Platform software components as a service,15,20,1,1,2025-11-26,2025-11-26,,,0
Ireland,Ireland,30212000.0,Minicomputer hardware.,Other,Minicomputer hardware.,15,20,1,1,2024-10-23,2024-10-23,800000.0,,0
Canada federal,Canada,*81111503 *81111505 *81111511 *81111512 *81111600 *81111707 *81111801 *81111808 *81112208,*Systems integration design *Operating system programming services *System or application programming management service *Computer graphics service *Computer programmers *Systems planning services *Computer or network or internet security *System analysis service *Security and protection software maintenance,Other,*Systems integration design *Operating system programming services *System or application programming management service *Computer graphics service *Computer programmers *Systems planning services *Computer or network or internet security *System analysis service *Security and protection software maintenance,15,20,1,1,2024-10-01,2024-10-01,,,0
Canada federal,Canada,*43230000 *43231500 *43232401 *43232402 *43232600 *43232700 *43232701 *43232800 *43232801 *43232802 *43232805 *43232907 *43232915 *43233002 *43233200 *43233201 *43233205 *43233206 *43233700 *43233701,*Software *Business function specific software *Configuration management software *Development environment software *Industry specific software *Network applications software *Application server software *Network management software *Network monitoring software *Network operating system enhancement software *Internet protocol IP multimedia subsystem software *Storage networking software *Platform interconnectivity software *Network operation system software *Security and protection software *Authentication server software *Transaction security and virus protection software *Cloud-based protection or security software *System management software *Enterprise system management software,Other,*Software *Business function specific software *Configuration management software *Development environment software *Industry specific software *Network applications software *Application server software *Network management software *Network monitoring software *Network operating system enhancement software *Internet protocol IP multimedia subsystem software *Storage networking software *Platform interconnectivity software *Network operation system software *Security and protection software *Authentication server software *Transaction security and virus protection software *Cloud-based protection or security software *System management software *Enterprise system management software,15,20,1,1,2025-11-14,2025-11-14,,,0
Canada federal,Canada,*81111704 *81111806 *81111901 *81111902 *81112002 *81112205 *81162004,*Database design *Database analysis service *Database information retrieval *Online database information retrieval service *Data processing or preparation services *Database management system software maintenance *Database management as a service,Other,*Database design *Database analysis service *Database information retrieval *Online database information retrieval service *Data processing or preparation services *Database management system software maintenance *Database management as a service,15,20,1,1,2025-12-17,2025-12-17,,,0
Canada federal,Canada,*24102000 *56121703 *72153606,*Shelving and storage *Cubbie units *Office furniture installation or reconfiguration service,Other,*Shelving and storage *Cubbie units *Office furniture installation or reconfiguration service,15,20,1,1,2024-02-14,2024-02-14,,,0
Canada federal,Canada,*43212100 *43212107,*Computer printers *Plotter printers,Other,*Computer printers *Plotter printers,15,20,1,1,2026-01-30,2026-01-30,,,0
United Kingdom,United Kingdom,80533100,Computer training services,Other,Computer training services,15,20,1,1,2023-11-03,2023-11-03,,,0
Canada federal,Canada,*43212002 *46171509 *56101700 *56111601 *56111604 *56112204,*Monitor arms or stands *Key cabinets or organizers *Office furniture *Screens for panel systems *Work surfaces for panel systems *Worksurfaces,Other,*Monitor arms or stands *Key cabinets or organizers *Office furniture *Screens for panel systems *Work surfaces for panel systems *Worksurfaces,15,20,1,1,2025-09-12,2025-09-12,,,0
Canada federal,Canada,*43212100 *44103108,*Computer printers *Developer for printers or photocopiers,Other,*Computer printers *Developer for printers or photocopiers,15,20,1,1,2023-11-02,2023-11-02,,,0
Canada federal,Canada,*80140000 *80171600 *80171603 *82100000 *82101800 *82101801 *82101802,*Marketing and distribution *Publicity and marketing support services *Publicity and marketing advisory service *Advertising *Advertising agency services *Advertising campaign services *Advertising production service,Other,*Marketing and distribution *Publicity and marketing support services *Publicity and marketing advisory service *Advertising *Advertising agency services *Advertising campaign services *Advertising production service,15,20,1,1,2025-04-22,2025-04-22,,,0
Canada federal,Canada,*80141607 *81100000 *81101516,*Events management *Professional engineering services *Energy or utility consulting service,Other,*Events management *Professional engineering services *Energy or utility consulting service,15,20,1,1,2026-06-19,2026-06-19,,,0
Canada federal,Canada,*43230000 *43233513 *81111513 *81162100 *81162200 *81162201 *81162202 *81162203 *81162204,*Software *Cloud-based data access and sharing software *Internet cloud storage service *Cloud-based platform as a service *Cloud-based infrastructure as a service *Cloud backup as a service *Cloud storage as a service *Cloud firewalls as a service *Cloud network devices as a service,Other,*Software *Cloud-based data access and sharing software *Internet cloud storage service *Cloud-based platform as a service *Cloud-based infrastructure as a service *Cloud backup as a service *Cloud storage as a service *Cloud firewalls as a service *Cloud network devices as a service,15,20,1,1,2024-06-05,2024-06-05,,,0
Canada federal,Canada,*72153615,*Office furniture repair service,Other,*Office furniture repair service,15,20,1,1,2025-01-09,2025-01-09,,,0
Canada federal,Canada,*81162000 *81162103,*Cloud-based software as a service *Platform software as a service,Other,*Cloud-based software as a service *Platform software as a service,15,20,1,1,2024-03-07,2024-03-07,,,0
Canada federal,Canada,*81121500 *81151700 *81171700 *85100000 *85110000 *85120000 *85130000,*Economic analysis *Geology *Botanical science services *Comprehensive health services *Disease prevention and control *Medical practice *Medical science research and experimentation,Other,*Economic analysis *Geology *Botanical science services *Comprehensive health services *Disease prevention and control *Medical practice *Medical science research and experimentation,15,20,1,1,2024-07-24,2024-07-24,,,0
Canada federal,Canada,*81162000 *81162100,*Cloud-based software as a service *Cloud-based platform as a service,Other,*Cloud-based software as a service *Cloud-based platform as a service,15,20,1,1,2023-10-19,2023-10-19,,,0
Canada federal,Canada,*80101500 *80101508 *80151605 *80160000 *81112208,*Business and corporate management consultation services *Business intelligence consulting services *Customs consulting service *Business administration services *Security and protection software maintenance,Other,*Business and corporate management consultation services *Business intelligence consulting services *Customs consulting service *Business administration services *Security and protection software maintenance,15,20,1,1,2024-12-23,2024-12-23,,,0
Canada federal,Canada,*56101700 *56101702 *56101901 *56111500 *56111604,*Office furniture *Filing cabinets or accessories *Furniture tops or work surfaces *Workstations and office packages *Work surfaces for panel systems,Other,*Office furniture *Filing cabinets or accessories *Furniture tops or work surfaces *Workstations and office packages *Work surfaces for panel systems,15,20,1,1,2025-11-13,2025-11-13,,,0
Canada federal,Canada,*JX7025EA *JX7030 *N7025405,"*Local Area Networks, Systems and Components - Maintenance *ADP Software Maintenance - Other than Microcomputer *LOCAL AREA NETWORKS, SYSTEMS AND COMPONENTS",Other,"*Local Area Networks, Systems and Components - Maintenance *ADP Software Maintenance - Other than Microcomputer *LOCAL AREA NETWORKS, SYSTEMS AND COMPONENTS",15,20,1,1,2025-01-06,2025-01-06,,,0
Canada federal,Canada,*56000000 *56101700 *56111600,*Furniture and Furnishings *Office furniture *Panel systems,Other,*Furniture and Furnishings *Office furniture *Panel systems,15,20,1,1,2024-07-30,2024-07-30,,,0
Canada federal,Canada,*43000000 *43191501 *43191507 *43191508 *43191619 *43221505 *43223104 *43232910 *72151604 *81000000 *81141902 *81161703 *81161704 *83000000 *83100000 *83110000 *83111500 *83120000 *92111700,"*Information Technology Broadcasting and Telecommunications *Mobile phones *Special purpose telephones *Digital telephones *Telephone signaling devices *Standalone telephone caller identification *2,5G GPRS wireless access network equipment and components *Wireless software *Telephone and telephone equipment installation service *Engineering and Research and Technology Based Services *Application or technology research and development service *Mobile Telephone Administration Service *Mobile Telephone Support Service *Public Utilities and Public Sector Related Services *Utilities *Telecommunications media services *Local and long distance telephone communications *Information services *Military science and research",Other,"*Information Technology Broadcasting and Telecommunications *Mobile phones *Special purpose telephones *Digital telephones *Telephone signaling devices *Standalone telephone caller identification *2,5G GPRS wireless access network equipment and components *Wireless software *Telephone and telephone equipment installation service *Engineering and Research and Technology Based Services *Application or technology research and development service *Mobile Telephone Administration Service *Mobile Telephone Support Service *Public Utilities and Public Sector Related Services *Utilities *Telecommunications media services *Local and long distance telephone communications *Information services *Military science and research",15,20,1,1,2025-02-04,2025-02-04,,,0
Canada federal,Canada,*80101511 *86132100 *86132201,"*Human resources consulting service *Training planning, facilitation and delivery services *Training workshop service",Other,"*Human resources consulting service *Training planning, facilitation and delivery services *Training workshop service",15,20,1,1,2025-11-21,2025-11-21,,,0
Canada federal,Canada,*56101504 *56101507 *56101514 *56101519 *56101520 *56101530 *56101700 *56101702 *56101706 *56101712 *56101719 *56111601 *56111604 *56112100 *56112106 *56112204 *56121006,*Chairs *Bookcases *Foot stools *Tables *Lockers *Storage cabinets *Office furniture *Filing cabinets or accessories *Conferencing tables *Pedestals *Side table *Screens for panel systems *Work surfaces for panel systems *Seating *Stool seating *Worksurfaces *Upholstered benches,Other,*Chairs *Bookcases *Foot stools *Tables *Lockers *Storage cabinets *Office furniture *Filing cabinets or accessories *Conferencing tables *Pedestals *Side table *Screens for panel systems *Work surfaces for panel systems *Seating *Stool seating *Worksurfaces *Upholstered benches,15,20,1,1,2026-01-30,2026-01-30,,,0
Canada federal,Canada,*43211500 *43230000,*Computers *Software,Other,*Computers *Software,15,20,1,1,2026-02-24,2026-02-24,,,0
Canada federal,Canada,*80111600 *86101810 *90101700,*Temporary personnel services *Personnel skills training *Cafeteria services,Other,*Temporary personnel services *Personnel skills training *Cafeteria services,15,20,1,1,2026-02-10,2026-02-10,,,0
Canada federal,Canada,*56101500 *56101700 *56111800,*Furniture *Office furniture *Freestanding furniture,Other,*Furniture *Office furniture *Freestanding furniture,15,20,1,1,2026-01-09,2026-01-09,,,0
Canada federal,Canada,*56000000 *56110000 *72153606,*Furniture and Furnishings *Commercial and industrial furniture *Office furniture installation or reconfiguration service,Other,*Furniture and Furnishings *Commercial and industrial furniture *Office furniture installation or reconfiguration service,15,20,1,1,2024-04-23,2024-04-23,,,0
Canada federal,Canada,*56101700 *56101703,*Office furniture *Desks,Other,*Office furniture *Desks,15,20,1,1,2023-11-07,2023-11-07,,,0
Canada federal,Canada,*43230000 *80101507 *80101508 *80161604 *81160000,*Software *Information technology consultation services *Business intelligence consulting services *Information technology IT management services *Information Technology Service Delivery,Other,*Software *Information technology consultation services *Business intelligence consulting services *Information technology IT management services *Information Technology Service Delivery,15,20,1,1,2025-02-12,2025-02-12,,,0
Canada federal,Canada,*25111723 *70101601 *70101602,*Fishery patrol boat *Fishery information or documentation services *Fishery research or experimentation services,Other,*Fishery patrol boat *Fishery information or documentation services *Fishery research or experimentation services,15,20,1,1,2025-07-25,2025-07-25,,,0
Canada federal,Canada,*80101507 *80161604 *81160000 *81162000,*Information technology consultation services *Information technology IT management services *Information Technology Service Delivery *Cloud-based software as a service,Other,*Information technology consultation services *Information technology IT management services *Information Technology Service Delivery *Cloud-based software as a service,15,20,1,1,2025-08-06,2025-08-06,,,0
Canada federal,Canada,*56101700 *56111600,*Office furniture *Panel systems,Other,*Office furniture *Panel systems,15,20,1,1,2024-05-10,2024-05-10,,,0
Canada federal,Canada,*43233200 *43233206,*Security and protection software *Cloud-based protection or security software,Other,*Security and protection software *Cloud-based protection or security software,15,20,1,1,2025-01-10,2025-01-10,,,0
Canada federal,Canada,*80171600 *80171603 *82100000,*Publicity and marketing support services *Publicity and marketing advisory service *Advertising,Other,*Publicity and marketing support services *Publicity and marketing advisory service *Advertising,15,20,1,1,2023-12-15,2023-12-15,,,0
Canada federal,Canada,*81162100 *81162103,*Cloud-based platform as a service *Platform software as a service,Other,*Cloud-based platform as a service *Platform software as a service,15,20,1,1,2023-12-11,2023-12-11,,,0
Canada federal,Canada,*43231512,*License management software,Other,*License management software,15,20,1,1,2024-03-08,2024-03-08,,,0
Canada federal,Canada,*43232202 *43232312 *43232408,*Document management software *Portal server software *Web platform development software,Other,*Document management software *Portal server software *Web platform development software,15,20,1,1,2024-05-27,2024-05-27,,,0
Canada federal,Canada,*43212100,*Computer printers,Other,*Computer printers,15,20,1,1,2026-01-13,2026-01-13,,,0
Canada federal,Canada,*56101504 *56101700 *56112100,*Chairs *Office furniture *Seating,Other,*Chairs *Office furniture *Seating,15,20,1,1,2023-10-05,2023-10-05,,,0
Canada federal,Canada,*56000000 *56100000 *56101703 *56111500 *56111600 *56111800 *56112100 *56112105 *56112200 *56112204 *56112206,*Furniture and Furnishings *Accommodation furniture *Desks *Workstations and office packages *Panel systems *Freestanding furniture *Seating *Lounge seating *Desking systems *Worksurfaces *Desking systems related parts and accessories,Other,*Furniture and Furnishings *Accommodation furniture *Desks *Workstations and office packages *Panel systems *Freestanding furniture *Seating *Lounge seating *Desking systems *Worksurfaces *Desking systems related parts and accessories,15,20,1,1,2025-09-24,2025-09-24,,,0
Ireland,Ireland,30197645.0,Card for printing.,Other,Card for printing.,15,20,1,1,2024-09-05,2024-09-05,285000.0,,0
Canada federal,Canada,*43233513 *81112000,*Cloud-based data access and sharing software *Data services,Other,*Cloud-based data access and sharing software *Data services,15,20,1,1,2025-05-16,2025-05-16,,,0
Canada federal,Canada,*43230000 *43231516 *43231604 *80101603 *81111501 *81111507,*Software *Audit software *Financial analysis software *Economic or financial evaluation of projects *Mainframe software applications design *ERP or database applications programming services,Other,*Software *Audit software *Financial analysis software *Economic or financial evaluation of projects *Mainframe software applications design *ERP or database applications programming services,15,20,1,1,2024-12-04,2024-12-04,,,0
Canada federal,Canada,*44100000 *44110000 *56100000,*Office machines and their supplies and accessories *Office and desk accessories *Accommodation furniture,Other,*Office machines and their supplies and accessories *Office and desk accessories *Accommodation furniture,15,20,1,1,2023-10-31,2023-10-31,,,0
Canada federal,Canada,*N7025405 *N7030205,"*LOCAL AREA NETWORKS, SYSTEMS AND COMPONENTS *COMPUTER SOFTWARE, DATA COMMUNICATIONS, INCLUDING MODEM/LINECONTROL, PROTOCOL, CONVERSION, TERMINAL EMULATION, VOICE AND OR DATA NETWORK MANAGEMENT, ETC.- OTHER THAN MICROCOMPUTERS",Other,"*LOCAL AREA NETWORKS, SYSTEMS AND COMPONENTS *COMPUTER SOFTWARE, DATA COMMUNICATIONS, INCLUDING MODEM/LINECONTROL, PROTOCOL, CONVERSION, TERMINAL EMULATION, VOICE AND OR DATA NETWORK MANAGEMENT, ETC.- OTHER THAN MICROCOMPUTERS",15,20,1,1,2025-08-18,2025-08-18,,,0
Canada federal,Canada,*56111800 *72153606,*Freestanding furniture *Office furniture installation or reconfiguration service,Other,*Freestanding furniture *Office furniture installation or reconfiguration service,15,20,1,1,2023-12-05,2023-12-05,,,0
Canada federal,Canada,*14111507 *44120000,*Printer or copier paper *Office supplies,Other,*Printer or copier paper *Office supplies,15,20,1,1,2026-02-06,2026-02-06,,,0
Canada federal,Canada,*81162000 *81162100 *81162202,*Cloud-based software as a service *Cloud-based platform as a service *Cloud storage as a service,Other,*Cloud-based software as a service *Cloud-based platform as a service *Cloud storage as a service,15,20,1,1,2024-03-20,2024-03-20,,,0
Canada federal,Canada,*72153606 *78101804,*Office furniture installation or reconfiguration service *Relocation services,Other,*Office furniture installation or reconfiguration service *Relocation services,15,20,1,1,2023-08-31,2023-08-31,,,0
Canada federal,Canada,*56101500 *56101504 *56101700,*Furniture *Chairs *Office furniture,Other,*Furniture *Chairs *Office furniture,15,20,1,1,2024-06-12,2024-06-12,,,0
Canada federal,Canada,*56100000 *56101500 *56101700 *56101703 *56101901 *72153606,*Accommodation furniture *Furniture *Office furniture *Desks *Furniture tops or work surfaces *Office furniture installation or reconfiguration service,Other,*Accommodation furniture *Furniture *Office furniture *Desks *Furniture tops or work surfaces *Office furniture installation or reconfiguration service,15,20,1,1,2026-01-16,2026-01-16,,,0
Canada federal,Canada,*JX7025EA *JX7030 *N7025405 *N7030,"*Local Area Networks, Systems and Components - Maintenance *ADP Software Maintenance - Other than Microcomputer *LOCAL AREA NETWORKS, SYSTEMS AND COMPONENTS *ADP Software",Other,"*Local Area Networks, Systems and Components - Maintenance *ADP Software Maintenance - Other than Microcomputer *LOCAL AREA NETWORKS, SYSTEMS AND COMPONENTS *ADP Software",15,20,1,1,2025-10-06,2025-10-06,,,0
Canada federal,Canada,*56100000 *56101500 *56101532 *56101700 *56101900 *56101901 *56111800,*Accommodation furniture *Furniture *Furniture set *Office furniture *General furniture parts and accessories *Furniture tops or work surfaces *Freestanding furniture,Other,*Accommodation furniture *Furniture *Furniture set *Office furniture *General furniture parts and accessories *Furniture tops or work surfaces *Freestanding furniture,15,20,1,1,2025-03-25,2025-03-25,,,0
Canada federal,Canada,*56101700 *56112103 *56112104,*Office furniture *Guest seating *Executive seating,Other,*Office furniture *Guest seating *Executive seating,15,20,1,1,2025-05-14,2025-05-14,,,0
Canada federal,Canada,*43212002 *56101700 *56111601 *56111604 *56112204,*Monitor arms or stands *Office furniture *Screens for panel systems *Work surfaces for panel systems *Worksurfaces,Other,*Monitor arms or stands *Office furniture *Screens for panel systems *Work surfaces for panel systems *Worksurfaces,15,20,1,1,2025-08-13,2025-08-13,,,0
Canada federal,Canada,*43230000 *43231500 *43233206 *81111513,*Software *Business function specific software *Cloud-based protection or security software *Internet cloud storage service,Other,*Software *Business function specific software *Cloud-based protection or security software *Internet cloud storage service,15,20,1,1,2026-03-23,2026-03-23,,,0
Canada federal,Canada,*56100000 *56101702 *56101703 *56101706 *56101712 *56101720,*Accommodation furniture *Filing cabinets or accessories *Desks *Conferencing tables *Pedestals *Office or work chair,Other,*Accommodation furniture *Filing cabinets or accessories *Desks *Conferencing tables *Pedestals *Office or work chair,15,20,1,1,2026-04-14,2026-04-14,,,0
Canada federal,Canada,*81111513 *81162000 *81162100 *81162200,*Internet cloud storage service *Cloud-based software as a service *Cloud-based platform as a service *Cloud-based infrastructure as a service,Other,*Internet cloud storage service *Cloud-based software as a service *Cloud-based platform as a service *Cloud-based infrastructure as a service,15,20,1,1,2023-08-22,2023-08-22,,,0
Canada federal,Canada,*81111500 *81112000,*Software or hardware engineering *Data services,Other,*Software or hardware engineering *Data services,15,20,1,1,2024-07-30,2024-07-30,,,0
Canada federal,Canada,*56101700 *56101720 *56112102 *56112103,*Office furniture *Office or work chair *Task seating *Guest seating,Other,*Office furniture *Office or work chair *Task seating *Guest seating,15,20,1,1,2025-01-29,2025-01-29,,,0
Canada federal,Canada,*43212002 *56101530 *56101700 *56111601 *56111604 *56112204,*Monitor arms or stands *Storage cabinets *Office furniture *Screens for panel systems *Work surfaces for panel systems *Worksurfaces,Other,*Monitor arms or stands *Storage cabinets *Office furniture *Screens for panel systems *Work surfaces for panel systems *Worksurfaces,15,20,1,1,2026-07-31,2026-07-31,,,0
Canada federal,Canada,*81160000 *81162000,*Information Technology Service Delivery *Cloud-based software as a service,Other,*Information Technology Service Delivery *Cloud-based software as a service,15,20,1,1,2026-07-15,2026-07-15,,,0
Canada federal,Canada,*80140000 *80170000 *80171600 *80171602 *80171603 *80172003 *82100000,*Marketing and distribution *Public relations and professional communications services *Publicity and marketing support services *Online and social media publicity service *Publicity and marketing advisory service *Public affairs service *Advertising,Other,*Marketing and distribution *Public relations and professional communications services *Publicity and marketing support services *Online and social media publicity service *Publicity and marketing advisory service *Public affairs service *Advertising,15,20,1,1,2025-01-20,2025-01-20,,,0
Canada federal,Canada,*56101700 *56111500,*Office furniture *Workstations and office packages,Other,*Office furniture *Workstations and office packages,15,20,1,1,2025-03-11,2025-03-11,,,0
Canada federal,Canada,*81161900 *81162100 *81162200,*Cloud-based hardware as a service *Cloud-based platform as a service *Cloud-based infrastructure as a service,Other,*Cloud-based hardware as a service *Cloud-based platform as a service *Cloud-based infrastructure as a service,15,20,1,1,2024-03-22,2024-03-22,,,0
Canada federal,Canada,*JX7025 *JX7030,*ADP Input-Output and Storage Devices - Maintenance *ADP Software Maintenance - Other than Microcomputer,Other,*ADP Input-Output and Storage Devices - Maintenance *ADP Software Maintenance - Other than Microcomputer,15,20,1,1,2024-04-04,2024-04-04,,,0
Canada federal,Canada,*81112207 *81112308,*Video conferencing software maintenance *Point of sale hardware maintenance and support service,Other,*Video conferencing software maintenance *Point of sale hardware maintenance and support service,15,20,1,1,2025-05-06,2025-05-06,,,0
Canada federal,Canada,*43212002 *56101700 *56101901 *72153606,*Monitor arms or stands *Office furniture *Furniture tops or work surfaces *Office furniture installation or reconfiguration service,Other,*Monitor arms or stands *Office furniture *Furniture tops or work surfaces *Office furniture installation or reconfiguration service,15,20,1,1,2024-01-15,2024-01-15,,,0
Canada federal,Canada,*43230000 *43231512,*Software *License management software,Other,*Software *License management software,15,20,1,1,2026-04-09,2026-04-09,,,0
Canada federal,Canada,*31160000 *32100000 *43201900,*Hardware *Printed circuits and integrated circuits and microassemblies *Media storage device accessories,Other,*Hardware *Printed circuits and integrated circuits and microassemblies *Media storage device accessories,15,20,1,1,2024-08-23,2024-08-23,,,0
Canada federal,Canada,*56000000 *56101504 *56101700 *72153606,*Furniture and Furnishings *Chairs *Office furniture *Office furniture installation or reconfiguration service,Other,*Furniture and Furnishings *Chairs *Office furniture *Office furniture installation or reconfiguration service,15,20,1,1,2023-11-10,2023-11-10,,,0
Canada federal,Canada,*24141500 *31152000 *43233200 *46151600 *46171500 *46171619 *72151700 *92121700,*Securing and protecting supplies *Security wire *Security and protection software *Security and control equipment *Locks and security hardware and accessories *Security or access control systems *Safety and security system installation services *Security systems services,Other,*Securing and protecting supplies *Security wire *Security and protection software *Security and control equipment *Locks and security hardware and accessories *Security or access control systems *Safety and security system installation services *Security systems services,15,20,1,1,2024-12-03,2024-12-03,,,0
Canada federal,Canada,*43231507 *80101600 *81110000 *81112200 *81112205 *81112210,*Project management software *Project management *Computer services *Software maintenance and support *Database management system software maintenance *System management software maintenance,Other,*Project management software *Project management *Computer services *Software maintenance and support *Database management system software maintenance *System management software maintenance,15,20,1,1,2024-09-19,2024-09-19,,,0
Canada federal,Canada,*56101500 *56101530 *56101700 *56101703 *56111800 *72153606,*Furniture *Storage cabinets *Office furniture *Desks *Freestanding furniture *Office furniture installation or reconfiguration service,Other,*Furniture *Storage cabinets *Office furniture *Desks *Freestanding furniture *Office furniture installation or reconfiguration service,15,20,1,1,2024-02-27,2024-02-27,,,0
Canada federal,Canada,*30201712 *56101700,*Phone box or phone booth *Office furniture,Other,*Phone box or phone booth *Office furniture,15,20,1,1,2026-01-02,2026-01-02,,,0
United Kingdom,United Kingdom,51600000,Installation services of computers and office equipment,Other,Installation services of computers and office equipment,15,20,1,1,2024-01-23,2024-01-23,,,0
Canada federal,Canada,*43232400 *81111500,*Development software *Software or hardware engineering,Other,*Development software *Software or hardware engineering,15,20,1,1,2023-08-02,2023-08-02,,,0
Canada federal,Canada,*56101700 *56111802,*Office furniture *Freestanding tables,Other,*Office furniture *Freestanding tables,15,20,1,1,2024-01-05,2024-01-05,,,0
Canada federal,Canada,*43210000 *43232610 *80101706,*Computer Equipment and Accessories *Medical software *Professional procurement services,Other,*Computer Equipment and Accessories *Medical software *Professional procurement services,15,20,1,1,2025-10-29,2025-10-29,,,0
Canada federal,Canada,*56101700 *56112103 *56112104 *56112105,*Office furniture *Guest seating *Executive seating *Lounge seating,Other,*Office furniture *Guest seating *Executive seating *Lounge seating,15,20,1,1,2025-07-03,2025-07-03,,,0
Canada federal,Canada,*56101700 *56111601 *56111801 *56111802 *56112204,*Office furniture *Screens for panel systems *Freestanding lighting or power or data components *Freestanding tables *Worksurfaces,Other,*Office furniture *Screens for panel systems *Freestanding lighting or power or data components *Freestanding tables *Worksurfaces,15,20,1,1,2025-07-16,2025-07-16,,,0
Canada federal,Canada,*52161559,*Three dimensional 3D glasses for use with 3D televisions and 3D graphics equipped computers,Other,*Three dimensional 3D glasses for use with 3D televisions and 3D graphics equipped computers,15,20,1,1,2026-06-26,2026-06-26,,,0
United Kingdom,United Kingdom,30212000,Minicomputer hardware,Other,Minicomputer hardware,15,20,1,1,2026-06-16,2026-06-16,,,0
Canada federal,Canada,*56101530 *56101700,*Storage cabinets *Office furniture,Other,*Storage cabinets *Office furniture,15,20,1,1,2025-01-30,2025-01-30,,,0
Canada federal,Canada,*53100000 *53140000 *91100000 *91110000,*Clothing *Sewing supplies and accessories *Personal appearance *Domestic and personal assistance,Other,*Clothing *Sewing supplies and accessories *Personal appearance *Domestic and personal assistance,15,20,1,1,2024-01-18,2024-01-18,,,0
Canada federal,Canada,*53100000 *53102500 *53102702,*Clothing *Clothing accessories *Customs uniforms,Other,*Clothing *Clothing accessories *Customs uniforms,15,20,1,1,2024-08-12,2024-08-12,,,0
Canada federal,Canada,*56101500 *56101532 *56101700,*Furniture *Furniture set *Office furniture,Other,*Furniture *Furniture set *Office furniture,15,20,1,1,2024-01-25,2024-01-25,,,0
Canada federal,Canada,*43231500 *43231514,*Business function specific software *Sales and marketing software,Other,*Business function specific software *Sales and marketing software,15,20,1,1,2026-02-12,2026-02-12,,,0
Canada federal,Canada,*30161505 *43212002 *56101500 *56101519 *56101700 *56101703 *56101706 *56101712 *56111800 *56111802,*Panels or panelling *Monitor arms or stands *Furniture *Tables *Office furniture *Desks *Conferencing tables *Pedestals *Freestanding furniture *Freestanding tables,Other,*Panels or panelling *Monitor arms or stands *Furniture *Tables *Office furniture *Desks *Conferencing tables *Pedestals *Freestanding furniture *Freestanding tables,15,20,1,1,2025-01-27,2025-01-27,,,0
Canada federal,Canada,*56101700 *56101720 *56111500,*Office furniture *Office or work chair *Workstations and office packages,Other,*Office furniture *Office or work chair *Workstations and office packages,15,20,1,1,2026-07-14,2026-07-14,,,0
Canada federal,Canada,*81162000 *81162303,*Cloud-based software as a service *Content management process as a service,Other,*Cloud-based software as a service *Content management process as a service,15,20,1,1,2025-06-09,2025-06-09,,,0
Canada federal,Canada,*53100000 *53102700,*Clothing *Uniforms,Other,*Clothing *Uniforms,15,20,1,1,2026-05-27,2026-05-27,,,0
Canada federal,Canada,*56101504 *72153606,*Chairs *Office furniture installation or reconfiguration service,Other,*Chairs *Office furniture installation or reconfiguration service,15,20,1,1,2023-10-06,2023-10-06,,,0
Canada federal,Canada,*24112400 *56101530 *56101700 *72153606,*Storage chests and cabinets and trunks *Storage cabinets *Office furniture *Office furniture installation or reconfiguration service,Other,*Storage chests and cabinets and trunks *Storage cabinets *Office furniture *Office furniture installation or reconfiguration service,15,20,1,1,2024-04-16,2024-04-16,,,0
Canada federal,Canada,*N7030A,"*COMPUTER SOFTWARE, ACCOUNTING, FINANCIAL, INSURANCE, PAYROLL - MICROCOMPUTERS ONLY",Other,"*COMPUTER SOFTWARE, ACCOUNTING, FINANCIAL, INSURANCE, PAYROLL - MICROCOMPUTERS ONLY",15,20,1,1,2024-06-06,2024-06-06,,,0
Canada federal,Canada,*43230000 *43232403 *81162000,*Software *Enterprise application integration software *Cloud-based software as a service,Other,*Software *Enterprise application integration software *Cloud-based software as a service,15,20,1,1,2026-07-10,2026-07-10,,,0
Canada federal,Canada,*44110000 *56101500 *56111803,*Office and desk accessories *Furniture *Freestanding storage,Other,*Office and desk accessories *Furniture *Freestanding storage,15,20,1,1,2023-12-22,2023-12-22,,,0
Canada federal,Canada,*12160000 *31180000 *31400000 *39122200 *40141600 *40142000 *40170000 *46191600 *55100000 *55120000,*Additives *Packings glands boots and covers *Gaskets *Electrical switches and accessories *Valves *Hoses *Pipe piping and pipe fittings *Fire fighting equipment *Printed media *Signage and accessories,Other,*Additives *Packings glands boots and covers *Gaskets *Electrical switches and accessories *Valves *Hoses *Pipe piping and pipe fittings *Fire fighting equipment *Printed media *Signage and accessories,15,20,1,1,2026-05-05,2026-05-05,,,0
Canada federal,Canada,*45111800 *45111900 *45120000 *52161500 *52161600 *55111515 *80161507,*Video and combination video and audio presentation equipment and hardware and controllers *Phone and video conference equipment and hardware and controllers *Photographic or filming or video equipment *Audio and visual equipment *Audio visual equipment accessories *Educational material audio tape *Audio visual services,Other,*Video and combination video and audio presentation equipment and hardware and controllers *Phone and video conference equipment and hardware and controllers *Photographic or filming or video equipment *Audio and visual equipment *Audio visual equipment accessories *Educational material audio tape *Audio visual services,15,20,1,1,2024-02-20,2024-02-20,,,0
Canada federal,Canada,*56100000 *56101700 *56101706 *56101720 *56111600 *56112105 *56112109,*Accommodation furniture *Office furniture *Conferencing tables *Office or work chair *Panel systems *Lounge seating *Benches,Other,*Accommodation furniture *Office furniture *Conferencing tables *Office or work chair *Panel systems *Lounge seating *Benches,15,20,1,1,2024-12-09,2024-12-09,,,0
Canada federal,Canada,*81110000 *81141901,*Computer services *Product research and development service,Other,*Computer services *Product research and development service,15,20,1,1,2025-09-02,2025-09-02,,,0
Canada federal,Canada,*56100000 *56101504 *56101519 *56101520 *56101700 *56111600,*Accommodation furniture *Chairs *Tables *Lockers *Office furniture *Panel systems,Other,*Accommodation furniture *Chairs *Tables *Lockers *Office furniture *Panel systems,15,20,1,1,2025-11-19,2025-11-19,,,0
Ireland,Ireland,42991200.0,Printing machinery.,Other,Printing machinery.,15,20,1,1,2026-02-13,2026-02-13,120000.0,,0
Canada federal,Canada,*81112105 *81162100 *81162103,*World wide web WWW site operation host services *Cloud-based platform as a service *Platform software as a service,Other,*World wide web WWW site operation host services *Cloud-based platform as a service *Platform software as a service,15,20,1,1,2023-12-22,2023-12-22,,,0
Canada federal,Canada,*24102000 *56101520 *56101700 *72153606,*Shelving and storage *Lockers *Office furniture *Office furniture installation or reconfiguration service,Other,*Shelving and storage *Lockers *Office furniture *Office furniture installation or reconfiguration service,15,20,1,1,2023-10-26,2023-10-26,,,0
Canada federal,Canada,*26142117 *81111500,*Nuclear reactor earthquake instrumentation *Software or hardware engineering,Other,*Nuclear reactor earthquake instrumentation *Software or hardware engineering,15,20,1,1,2026-03-06,2026-03-06,,,0
Canada federal,Canada,*43231516,*Audit software,Other,*Audit software,15,20,1,1,2025-09-23,2025-09-23,,,0
Canada federal,Canada,*81100000 *81111600 *81111705 *81111800 *81112200,*Professional engineering services *Computer programmers *Systems architecture *System and system component administration services *Software maintenance and support,Other,*Professional engineering services *Computer programmers *Systems architecture *System and system component administration services *Software maintenance and support,15,20,1,1,2024-09-06,2024-09-06,,,0
Canada federal,Canada,*43232408 *43232915 *81162100 *81162103 *81162104,*Web platform development software *Platform interconnectivity software *Cloud-based platform as a service *Platform software as a service *Platform software components as a service,Other,*Web platform development software *Platform interconnectivity software *Cloud-based platform as a service *Platform software as a service *Platform software components as a service,15,20,1,1,2023-10-30,2023-10-30,,,0
Canada federal,Canada,*46171635 *81111500,*Chemical agent detector *Software or hardware engineering,Other,*Chemical agent detector *Software or hardware engineering,15,20,1,1,2023-10-13,2023-10-13,,,0
Canada federal,Canada,*43230000 *81110000 *81111508,*Software *Computer services *Application implementation services,Other,*Software *Computer services *Application implementation services,15,20,1,1,2024-12-10,2024-12-10,,,0
Canada federal,Canada,*56111500 *56111600 *56111601 *56111606 *56111800 *56111802 *56111803 *56111804 *56111805 *56112200 *56112202 *56112204 *56112205 *56112206,"*Workstations and office packages *Panel systems *Screens for panel systems *Parts or accessories panel systems *Freestanding furniture *Freestanding tables *Freestanding storage *Freestanding organization *Freestanding parts or accessories *Desking systems *Desk storage components *Worksurfaces *Lighting, power or data components *Desking systems related parts and accessories",Other,"*Workstations and office packages *Panel systems *Screens for panel systems *Parts or accessories panel systems *Freestanding furniture *Freestanding tables *Freestanding storage *Freestanding organization *Freestanding parts or accessories *Desking systems *Desk storage components *Worksurfaces *Lighting, power or data components *Desking systems related parts and accessories",15,20,1,1,2024-01-15,2024-01-15,,,0
Canada federal,Canada,*56000000 *56101500 *56101700 *56111500 *56111600 *56111800 *56112100 *56112200 *72153606,*Furniture and Furnishings *Furniture *Office furniture *Workstations and office packages *Panel systems *Freestanding furniture *Seating *Desking systems *Office furniture installation or reconfiguration service,Other,*Furniture and Furnishings *Furniture *Office furniture *Workstations and office packages *Panel systems *Freestanding furniture *Seating *Desking systems *Office furniture installation or reconfiguration service,15,20,1,1,2026-04-23,2026-04-23,,,0
Canada federal,Canada,*56101700 *56101900 *72153606,*Office furniture *General furniture parts and accessories *Office furniture installation or reconfiguration service,Other,*Office furniture *General furniture parts and accessories *Office furniture installation or reconfiguration service,15,20,1,1,2023-10-24,2023-10-24,,,0
Canada federal,Canada,*43232107 *43232408 *81111600,*Web page creation and editing software *Web platform development software *Computer programmers,Other,*Web page creation and editing software *Web platform development software *Computer programmers,15,20,1,1,2024-10-30,2024-10-30,,,0
Canada federal,Canada,*80101511 *80101604 *80111700,*Human resources consulting service *Project administration or planning *Personnel recruitment,Other,*Human resources consulting service *Project administration or planning *Personnel recruitment,15,20,1,1,2026-05-08,2026-05-08,,,0
Canada federal,Canada,*43222503 *43233200 *46151600 *46171619 *72151700 *92121602 *92121700,*Vulnerability Assessment Security Equipment *Security and protection software *Security and control equipment *Security or access control systems *Safety and security system installation services *Fingerprint services *Security systems services,Other,*Vulnerability Assessment Security Equipment *Security and protection software *Security and control equipment *Security or access control systems *Safety and security system installation services *Fingerprint services *Security systems services,15,20,1,1,2024-08-22,2024-08-22,,,0
Canada federal,Canada,*N7030AJ,"*COMPUTER SOFTWARE, SYSTEM SOFTWARE (INCL.I/O / TP ACCESS METHODS) UTILITIES, DIAGNOSTICS, PERFORMANCE MONITORING, SOFTWARECONVERSION AIDS - MICROCOMPUTERS ONLY",Other,"*COMPUTER SOFTWARE, SYSTEM SOFTWARE (INCL.I/O / TP ACCESS METHODS) UTILITIES, DIAGNOSTICS, PERFORMANCE MONITORING, SOFTWARECONVERSION AIDS - MICROCOMPUTERS ONLY",15,20,1,1,2023-12-20,2023-12-20,,,0
Canada federal,Canada,*25111900 *26111500 *30161500 *31150000 *31160000 *31161500 *31161600 *31162600 *31163000 *31171500 *31201600 *31400000 *32100000 *32121600 *39121500 *39122200 *40141600 *60120000,*Marine craft systems and subassemblies *Kinetic power transmission *Wall finishing materials *Rope and chain and cable and wire and strap *Hardware *Screws *Bolts *Hooks *Couplings *Bearings *Adhesives *Gaskets *Printed circuits and integrated circuits and microassemblies *Resistors *Electrical controls and accessories *Electrical switches and accessories *Valves *Arts and crafts equipment and accessories and supplies,Other,*Marine craft systems and subassemblies *Kinetic power transmission *Wall finishing materials *Rope and chain and cable and wire and strap *Hardware *Screws *Bolts *Hooks *Couplings *Bearings *Adhesives *Gaskets *Printed circuits and integrated circuits and microassemblies *Resistors *Electrical controls and accessories *Electrical switches and accessories *Valves *Arts and crafts equipment and accessories and supplies,15,20,1,1,2026-07-20,2026-07-20,,,0
Canada federal,Canada,*41000000 *41113600 *41113700 *43230000 *43232306 *43232606 *81101706 *81112200 *81112501,*Laboratory and Measuring and Observing and Testing Equipment *Electrical measuring and testing equipment and accessories *Electronic and communication measuring and testing instruments *Software *Data base user interface and query software *Compliance software *Laboratory equipment maintenance *Software maintenance and support *Computer software licensing service,Other,*Laboratory and Measuring and Observing and Testing Equipment *Electrical measuring and testing equipment and accessories *Electronic and communication measuring and testing instruments *Software *Data base user interface and query software *Compliance software *Laboratory equipment maintenance *Software maintenance and support *Computer software licensing service,15,20,1,1,2024-04-12,2024-04-12,,,0
Canada federal,Canada,*56101700 *56111600 *56112100,*Office furniture *Panel systems *Seating,Other,*Office furniture *Panel systems *Seating,15,20,1,1,2024-10-28,2024-10-28,,,0
Canada federal,Canada,*43212002 *56101700 *56112204,*Monitor arms or stands *Office furniture *Worksurfaces,Other,*Monitor arms or stands *Office furniture *Worksurfaces,15,20,1,1,2025-12-18,2025-12-18,,,0
Canada federal,Canada,*24101629 *81162000,*Forklift or elevator accessories or supplies *Cloud-based software as a service,Other,*Forklift or elevator accessories or supplies *Cloud-based software as a service,15,20,1,1,2025-11-18,2025-11-18,,,0
Canada federal,Canada,*43232500 *60100000 *86000000 *86100000 *86110000 *86120000 *86130000 *86140000,*Educational or reference software *Developmental and professional teaching aids and materials and accessories and supplies *Education and Training Services *Vocational training *Alternative educational systems *Educational institutions *Specialized educational services *Educational facilities,Other,*Educational or reference software *Developmental and professional teaching aids and materials and accessories and supplies *Education and Training Services *Vocational training *Alternative educational systems *Educational institutions *Specialized educational services *Educational facilities,15,20,1,1,2026-03-20,2026-03-20,,,0
Canada federal,Canada,*48102002 *56000000 *56101700,*Booths *Furniture and Furnishings *Office furniture,Other,*Booths *Furniture and Furnishings *Office furniture,15,20,1,1,2024-12-03,2024-12-03,,,0
Canada federal,Canada,*56101700 *56101720 *56112100,*Office furniture *Office or work chair *Seating,Other,*Office furniture *Office or work chair *Seating,15,20,1,1,2024-04-17,2024-04-17,,,0
Canada federal,Canada,*30140000 *31160000 *39120000 *41120000 *43210000 *48120000,*Insulation *Hardware *Electrical equipment and components and supplies *Laboratory supplies and fixtures *Computer Equipment and Accessories *Gambling or wagering equipment,Other,*Insulation *Hardware *Electrical equipment and components and supplies *Laboratory supplies and fixtures *Computer Equipment and Accessories *Gambling or wagering equipment,15,20,1,1,2023-09-15,2023-09-15,,,0
Canada federal,Canada,*43232202,*Document management software,Other,*Document management software,15,20,1,1,2024-06-07,2024-06-07,,,0
Canada federal,Canada,*32130000 *43211724,*Electronic hardware and component parts and accessories *Computer peripheral kit,Other,*Electronic hardware and component parts and accessories *Computer peripheral kit,15,20,1,1,2026-01-16,2026-01-16,,,0
Canada federal,Canada,*43230000 *43232604,*Software *Computer aided design CAD software,Other,*Software *Computer aided design CAD software,15,20,1,1,2026-07-17,2026-07-17,,,0
Canada federal,Canada,*56101519 *56101700,*Tables *Office furniture,Other,*Tables *Office furniture,15,20,1,1,2023-12-13,2023-12-13,,,0
Canada federal,Canada,*78100000 *78101809 *78102200 *78102203,*Mail and cargo transport *Road transport of letters and parcels *Postal and small parcel and courier services *Mailing or mail pick up or delivery services,Other,*Mail and cargo transport *Road transport of letters and parcels *Postal and small parcel and courier services *Mailing or mail pick up or delivery services,15,20,1,1,2026-05-25,2026-05-25,,,0
Canada federal,Canada,*80101500 *81111500 *81111800 *81112000,*Business and corporate management consultation services *Software or hardware engineering *System and system component administration services *Data services,Other,*Business and corporate management consultation services *Software or hardware engineering *System and system component administration services *Data services,15,20,1,1,2026-05-12,2026-05-12,,,0
Canada federal,Canada,*56101700 *56111601 *56111606 *56112201 *56112206,*Office furniture *Screens for panel systems *Parts or accessories panel systems *Desk based screens *Desking systems related parts and accessories,Other,*Office furniture *Screens for panel systems *Parts or accessories panel systems *Desk based screens *Desking systems related parts and accessories,15,20,1,1,2023-09-11,2023-09-11,,,0
Canada federal,Canada,*56000000 *56112100 *56112300,*Furniture and Furnishings *Seating *Auditorium or stadium or special use seating parts and accessories,Other,*Furniture and Furnishings *Seating *Auditorium or stadium or special use seating parts and accessories,15,20,1,1,2024-09-06,2024-09-06,,,0
Canada federal,Canada,*80171603 *81162006,*Publicity and marketing advisory service *E-commerce system software as a service,Other,*Publicity and marketing advisory service *E-commerce system software as a service,15,20,1,1,2024-08-19,2024-08-19,,,0
Canada federal,Canada,*56101500 *56101520 *56101700,*Furniture *Lockers *Office furniture,Other,*Furniture *Lockers *Office furniture,15,20,1,1,2023-08-31,2023-08-31,,,0
Canada federal,Canada,*56101900 *72153606,*General furniture parts and accessories *Office furniture installation or reconfiguration service,Other,*General furniture parts and accessories *Office furniture installation or reconfiguration service,15,20,1,1,2023-10-04,2023-10-04,,,0
Canada federal,Canada,*80101508 *81112211,*Business intelligence consulting services *Enterprise resource planning software maintenance,Other,*Business intelligence consulting services *Enterprise resource planning software maintenance,15,20,1,1,2024-10-28,2024-10-28,,,0
Canada federal,Canada,*43232600 *43232605 *77101602 *81112200 *81112202 *81112217 *86132100 *86132201,"*Industry specific software *Analytical or scientific software *Forest conservation strategy planning *Software maintenance and support *Software patches or upgrades *Industry specific software maintenance *Training planning, facilitation and delivery services *Training workshop service",Other,"*Industry specific software *Analytical or scientific software *Forest conservation strategy planning *Software maintenance and support *Software patches or upgrades *Industry specific software maintenance *Training planning, facilitation and delivery services *Training workshop service",15,20,1,1,2023-09-11,2023-09-11,,,0
Canada federal,Canada,*80101507 *80161604 *81112501 *81160000,*Information technology consultation services *Information technology IT management services *Computer software licensing service *Information Technology Service Delivery,Other,*Information technology consultation services *Information technology IT management services *Computer software licensing service *Information Technology Service Delivery,15,20,1,1,2024-11-20,2024-11-20,,,0
Canada federal,Canada,*56100000 *56101510 *56101700 *56101702 *56111600 *56112109,*Accommodation furniture *Partitions *Office furniture *Filing cabinets or accessories *Panel systems *Benches,Other,*Accommodation furniture *Partitions *Office furniture *Filing cabinets or accessories *Panel systems *Benches,15,20,1,1,2025-04-25,2025-04-25,,,0
Canada federal,Canada,*43190000 *43200000 *43210000 *43220000 *43230000,*Communications Devices and Accessories *Components for information technology or broadcasting or telecommunications *Computer Equipment and Accessories *Data Voice or Multimedia Network Equipment or Platforms and Accessories *Software,Other,*Communications Devices and Accessories *Components for information technology or broadcasting or telecommunications *Computer Equipment and Accessories *Data Voice or Multimedia Network Equipment or Platforms and Accessories *Software,15,20,1,1,2024-03-14,2024-03-14,,,0
Canada federal,Canada,*JX7030 *N7030,*ADP Software Maintenance - Other than Microcomputer *ADP Software,Other,*ADP Software Maintenance - Other than Microcomputer *ADP Software,15,20,1,1,2023-11-08,2023-11-08,,,0
Canada federal,Canada,*43212002 *46171509 *56101700 *56112204,*Monitor arms or stands *Key cabinets or organizers *Office furniture *Worksurfaces,Other,*Monitor arms or stands *Key cabinets or organizers *Office furniture *Worksurfaces,15,20,1,1,2026-05-27,2026-05-27,,,0
Ireland,Ireland,30191000.0,Office equipment except furniture.,Other,Office equipment except furniture.,15,20,1,1,2024-07-08,2024-07-08,180000.0,,0
Canada federal,Canada,*78111502 *81112001 *81162304 *84141602 *90120000 *90121500 *90121600 *90121700 *90121800,*Commercial airplane travel *Online data processing service *Expense management process as a service *Credit card service providers *Travel facilitation *Travel agents *Travel document assistance *Guides and interpreters *Emergency travel assistance services,Other,*Commercial airplane travel *Online data processing service *Expense management process as a service *Credit card service providers *Travel facilitation *Travel agents *Travel document assistance *Guides and interpreters *Emergency travel assistance services,15,20,1,1,2025-06-17,2025-06-17,,,0
Canada federal,Canada,*43222502 *81111801 *81112208,*VPN network security equipment *Computer or network or internet security *Security and protection software maintenance,Other,*VPN network security equipment *Computer or network or internet security *Security and protection software maintenance,15,20,1,1,2025-04-25,2025-04-25,,,0
Canada federal,Canada,*55120000 *55121500 *55121600 *55121700 *55121800 *55121900 *55122000,*Signage and accessories *Tags *Labels *Signage *Identification documents *Signage equipment *Electrical labels,Other,*Signage and accessories *Tags *Labels *Signage *Identification documents *Signage equipment *Electrical labels,15,20,1,1,2024-05-22,2024-05-22,,,0
Canada federal,Canada,*56101520 *56101700 *56112109,*Lockers *Office furniture *Benches,Other,*Lockers *Office furniture *Benches,15,20,1,1,2025-11-04,2025-11-04,,,0
Canada federal,Canada,*80101508 *80101602 *80101604 *80171601 *81121500 *84121702 *84121703 *86101702,*Business intelligence consulting services *Regional or location studies for projects *Project administration or planning *Trade and tourism familiarization service *Economic analysis *Investment policy *Investment analysis *Tourism related training,Other,*Business intelligence consulting services *Regional or location studies for projects *Project administration or planning *Trade and tourism familiarization service *Economic analysis *Investment policy *Investment analysis *Tourism related training,15,20,1,1,2025-08-20,2025-08-20,,,0
Canada federal,Canada,*43232500 *80101606 *80110000 *86132000 *86132100 *86132200,"*Educational or reference software *Project monitoring and evaluation *Human resources services *Management education and training services *Training planning, facilitation and delivery services *Educational support services",Other,"*Educational or reference software *Project monitoring and evaluation *Human resources services *Management education and training services *Training planning, facilitation and delivery services *Educational support services",15,20,1,1,2025-12-03,2025-12-03,,,0
Canada federal,Canada,*25131705 *25132102 *43221721 *43222500 *43222503 *43222504 *46171625 *81111708 *81111806 *81111901 *81112000 *81112002 *81162302 *92111700,*Target or reconnaissance drones *Military drone *Radio frequency data communication equipment *Network security equipment *Vulnerability Assessment Security Equipment *Radio jamming transmitter *Radio communication monitoring system *Telecommunications planning services *Database analysis service *Database information retrieval *Data services *Data processing or preparation services *Data analytics process as a service *Military science and research,Other,*Target or reconnaissance drones *Military drone *Radio frequency data communication equipment *Network security equipment *Vulnerability Assessment Security Equipment *Radio jamming transmitter *Radio communication monitoring system *Telecommunications planning services *Database analysis service *Database information retrieval *Data services *Data processing or preparation services *Data analytics process as a service *Military science and research,15,20,1,1,2025-09-10,2025-09-10,,,0
Canada federal,Canada,*43210000 *43230000 *43231500 *43231501 *43232403 *84131700 *84131701,*Computer Equipment and Accessories *Software *Business function specific software *Helpdesk or call center software *Enterprise application integration software *Pension funds *Employer administered pension funds,Other,*Computer Equipment and Accessories *Software *Business function specific software *Helpdesk or call center software *Enterprise application integration software *Pension funds *Employer administered pension funds,15,20,1,1,2024-09-04,2024-09-04,,,0
Canada federal,Canada,*56100000 *56101520 *56101700 *56101706 *56111600 *56112100 *56112109,*Accommodation furniture *Lockers *Office furniture *Conferencing tables *Panel systems *Seating *Benches,Other,*Accommodation furniture *Lockers *Office furniture *Conferencing tables *Panel systems *Seating *Benches,15,20,1,1,2024-04-23,2024-04-23,,,0
Canada federal,Canada,*53102700 *53102701 *91100000 *91101900,*Uniforms *Military uniforms *Personal appearance *Fashion consultants,Other,*Uniforms *Military uniforms *Personal appearance *Fashion consultants,15,20,1,1,2026-04-21,2026-04-21,,,0
Canada federal,Canada,*56100000 *56101504 *56101520 *56101700 *56111600 *56112105,*Accommodation furniture *Chairs *Lockers *Office furniture *Panel systems *Lounge seating,Other,*Accommodation furniture *Chairs *Lockers *Office furniture *Panel systems *Lounge seating,15,20,1,1,2025-11-18,2025-11-18,,,0
Canada federal,Canada,*43230000 *81112200 *81162000,*Software *Software maintenance and support *Cloud-based software as a service,Other,*Software *Software maintenance and support *Cloud-based software as a service,15,20,1,1,2023-12-19,2023-12-19,,,0
Canada federal,Canada,*53100000 *53102701 *91000000,*Clothing *Military uniforms *Personal and Domestic Services,Other,*Clothing *Military uniforms *Personal and Domestic Services,15,20,1,1,2024-07-25,2024-07-25,,,0
Canada federal,Canada,*56101700 *56110000 *56112100,*Office furniture *Commercial and industrial furniture *Seating,Other,*Office furniture *Commercial and industrial furniture *Seating,15,20,1,1,2023-08-18,2023-08-18,,,0
Canada federal,Canada,*56101520 *56101700 *56101703 *56101706 *56101712 *56111600 *56112105,*Lockers *Office furniture *Desks *Conferencing tables *Pedestals *Panel systems *Lounge seating,Other,*Lockers *Office furniture *Desks *Conferencing tables *Pedestals *Panel systems *Lounge seating,15,20,1,1,2025-09-02,2025-09-02,,,0
Canada federal,Canada,*70101601 *70101602 *70101700,*Fishery information or documentation services *Fishery research or experimentation services *Fishery industry and technology,Other,*Fishery information or documentation services *Fishery research or experimentation services *Fishery industry and technology,15,20,1,1,2023-12-11,2023-12-11,,,0
Canada federal,Canada,*56101500 *56101700 *56101711 *56101901 *56110000,*Furniture *Office furniture *Modular furniture connectors *Furniture tops or work surfaces *Commercial and industrial furniture,Other,*Furniture *Office furniture *Modular furniture connectors *Furniture tops or work surfaces *Commercial and industrial furniture,15,20,1,1,2025-12-10,2025-12-10,,,0
TED,POL,NO_CODE,NO_DESCRIPTION,Other,UNKNOWN,20,UNKNOWN,109691,9512,2023-08-03,2026-08-13,1792500.0,,0
TED,ESP,NO_CODE,NO_DESCRIPTION,Other,UNKNOWN,20,UNKNOWN,92659,7942,2023-08-23,2026-08-13,854858.5,,0
United Kingdom,United Kingdom,NO_CODE,NO_DESCRIPTION,Other,UNKNOWN,15,20,65583,3686,2025-01-24,2026-07-31,895000.0,,0
TED,ITA,NO_CODE,NO_DESCRIPTION,Other,UNKNOWN,20,UNKNOWN,61448,10839,2023-08-01,2026-08-12,1374284.69,,0
TenderNed,Netherlands,NO_CODE,NO_DESCRIPTION,Other,UNKNOWN,20,UNKNOWN,37329,1614,2023-08-01,2026-06-30,330000.0,,0
TED,CZE,NO_CODE,NO_DESCRIPTION,Other,UNKNOWN,20,UNKNOWN,35010,3013,2023-09-14,2026-08-12,9000000.0,,0
TED,BGR,NO_CODE,NO_DESCRIPTION,Other,UNKNOWN,20,UNKNOWN,33909,1792,2024-02-01,2026-08-12,219000.0,,0
TED,SWE,NO_CODE,NO_DESCRIPTION,Other,UNKNOWN,20,UNKNOWN,32027,1491,2023-10-20,2026-08-13,10000000.0,,0
TED,ROU,NO_CODE,NO_DESCRIPTION,Other,UNKNOWN,20,UNKNOWN,29904,2960,2019-08-14,2026-08-12,2576722.9400000004,,0
Germany,Germany,45000000,NO_DESCRIPTION,Other,UNKNOWN,15,20,28143,1894,2023-08-01,2026-07-31,370000.0,,0
TED,PRT,NO_CODE,NO_DESCRIPTION,Other,UNKNOWN,20,UNKNOWN,25967,2334,2024-02-01,2026-08-13,467052.36,,0
TED,PL,NO_CODE,NO_DESCRIPTION,Other,UNKNOWN,20,UNKNOWN,21918,5121,2023-08-01,2024-06-28,1534282.0,,0
TED,FIN,NO_CODE,NO_DESCRIPTION,Other,UNKNOWN,20,UNKNOWN,21787,1519,2023-09-04,2026-08-12,1000000.0,,0
TED,LVA,NO_CODE,NO_DESCRIPTION,Other,UNKNOWN,20,UNKNOWN,21501,573,2023-10-25,2026-08-12,2500000.0,,0
TED,LTU,NO_CODE,NO_DESCRIPTION,Other,UNKNOWN,20,UNKNOWN,21315,755,2023-10-30,2026-08-12,37322.725,,0
TED,AUT,NO_CODE,NO_DESCRIPTION,Other,UNKNOWN,20,UNKNOWN,19232,2019,2023-08-07,2026-08-12,925000.0,,0
TED,NOR,NO_CODE,NO_DESCRIPTION,Other,UNKNOWN,20,UNKNOWN,15788,1336,2023-10-13,2026-08-13,13930000.0,,0
TED,CHE,NO_CODE,NO_DESCRIPTION,Other,UNKNOWN,20,UNKNOWN,15273,3936,2023-10-06,2026-08-12,1290000.0,,0
TED,ES,NO_CODE,NO_DESCRIPTION,Other,UNKNOWN,20,UNKNOWN,14026,3137,2023-08-01,2024-06-20,607701.99,,0
TED,GRC,NO_CODE,NO_DESCRIPTION,Other,UNKNOWN,20,UNKNOWN,11903,1973,2023-08-11,2026-08-12,537658.95,,0
Germany,Germany,71000000,NO_DESCRIPTION,Other,UNKNOWN,15,20,11770,2724,2023-08-01,2026-07-31,320000.0,,0
TED,HUN,NO_CODE,NO_DESCRIPTION,Other,UNKNOWN,20,UNKNOWN,11605,1259,2023-10-26,2026-08-12,180522200.5,,0
TED,DNK,NO_CODE,NO_DESCRIPTION,Other,UNKNOWN,20,UNKNOWN,11164,1482,2023-10-24,2026-08-12,16000000.0,,0
TED,CZ,NO_CODE,NO_DESCRIPTION,Other,UNKNOWN,20,UNKNOWN,11157,1410,2023-08-01,2024-03-20,7668067.88,,0
France,France,274,Prestations de services,Other,Services,15,20,10901,4613,2023-08-08,2026-07-31,18000.0,,0
TED,BG,NO_CODE,NO_DESCRIPTION,Other,UNKNOWN,20,UNKNOWN,10648,1133,2023-08-01,2024-02-05,150000.0,,0
TED,IT,NO_CODE,NO_DESCRIPTION,Other,UNKNOWN,20,UNKNOWN,10240,3331,2023-08-01,2024-06-14,1264500.0,,0
TED,SVN,NO_CODE,NO_DESCRIPTION,Other,UNKNOWN,20,UNKNOWN,9515,1052,2024-01-22,2026-08-12,493826.0,,0
TED,HRV,NO_CODE,NO_DESCRIPTION,Other,UNKNOWN,20,UNKNOWN,9234,1067,2023-09-28,2026-08-12,580000.0,,0
TED,SVK,NO_CODE,NO_DESCRIPTION,Other,UNKNOWN,20,UNKNOWN,7623,837,2023-10-16,2026-08-12,739433.0,,0
Quebec,Canada - Quebec,NO_CODE,NO_DESCRIPTION,Other,UNKNOWN,15,20,7409,699,2018-08-06,2026-07-27,334399.0,1.0,5897
Germany,Germany,71300000,NO_DESCRIPTION,Other,UNKNOWN,15,20,7171,2099,2023-08-01,2026-07-31,210042.015,,0
TED,RO,NO_CODE,NO_DESCRIPTION,Other,UNKNOWN,20,UNKNOWN,7119,1571,2023-08-01,2024-04-30,2446119.0,,0
Quebec,Canada - Quebec,72000000,NO_DESCRIPTION,Other,UNKNOWN,15,20,6892,665,2020-07-03,2026-07-31,627199.0,2.0,2980
Quebec,Canada - Quebec,81100000,NO_DESCRIPTION,Other,UNKNOWN,15,20,6345,650,2018-09-17,2026-07-31,616399.0,1.0,4385
France,France,197,Maîtrise d'oeuvre,Other,Services,15,20,6313,3525,2023-08-08,2026-07-31,25000.0,,0
France,France,20,Assurance,Other,Services,15,20,5835,4312,2023-08-08,2026-07-31,,,0
United Kingdom,United Kingdom,85100000,Health services,Other,Health services,15,20,5531,644,2023-08-01,2026-07-31,1469281.5,,0
Germany,Germany,71240000,NO_DESCRIPTION,Other,UNKNOWN,15,20,5442,1623,2023-08-01,2026-07-30,277170.555,,0
TED,SE,NO_CODE,NO_DESCRIPTION,Other,UNKNOWN,20,UNKNOWN,4591,811,2023-08-01,2024-06-14,9000000.0,,0
Germany,Germany,90911200,NO_DESCRIPTION,Other,UNKNOWN,15,20,4310,1441,2023-08-02,2026-07-31,348550.0,,0
TED,PT,NO_CODE,NO_DESCRIPTION,Other,UNKNOWN,20,UNKNOWN,4287,825,2023-08-01,2024-06-21,444527.375,,0
TED,LUX,NO_CODE,NO_DESCRIPTION,Other,UNKNOWN,20,UNKNOWN,3918,652,2023-10-23,2026-08-13,1084250.0,,0
Germany,Germany,45262670,NO_DESCRIPTION,Other,UNKNOWN,15,20,3860,1181,2023-08-01,2026-07-31,255492.5,,0
TED,GR,NO_CODE,NO_DESCRIPTION,Other,UNKNOWN,20,UNKNOWN,3851,1055,2023-08-01,2024-05-22,432558.065,,0
Germany,Germany,45210000,NO_DESCRIPTION,Other,UNKNOWN,15,20,3578,828,2023-08-01,2026-07-30,303619.96499999997,,0
Germany,Germany,34144210,NO_DESCRIPTION,Other,UNKNOWN,15,20,3537,1729,2023-08-01,2026-07-31,400000.0,,0
United Kingdom,United Kingdom,85000000,Health and social work services,Other,Health and social work services,15,20,3175,563,2023-08-01,2026-07-31,2000000.0,,0
Germany,Germany,45311200,NO_DESCRIPTION,Other,UNKNOWN,15,20,3022,943,2023-08-01,2026-07-30,727145.6599999999,,0
TED,AT,NO_CODE,NO_DESCRIPTION,Other,UNKNOWN,20,UNKNOWN,3022,648,2023-08-01,2024-06-19,639932.0,,0
Germany,Germany,71320000,NO_DESCRIPTION,Other,UNKNOWN,15,20,2790,930,2023-08-02,2026-07-31,233794.0,,0
France,France,239,Nettoyage de locaux,Other,Services,15,20,2645,1992,2023-08-16,2026-07-31,,,0
France,France,347,Transport,Other,Services,15,20,2644,1657,2023-08-11,2026-07-31,,,0
Germany,Germany,45112700,NO_DESCRIPTION,Other,UNKNOWN,15,20,2638,818,2023-08-01,2026-07-30,654000.0,,0
Germany,Germany,45331000,NO_DESCRIPTION,Other,UNKNOWN,15,20,2623,1019,2023-08-01,2026-07-30,528126.27,,0
Germany,Germany,71200000,NO_DESCRIPTION,Other,UNKNOWN,15,20,2571,1345,2023-08-03,2026-07-30,350000.0,,0
France,France,196,Maintenance,Other,Services,15,20,2531,1520,2023-08-09,2026-07-31,,,0
Germany,Germany,45223220,NO_DESCRIPTION,Other,UNKNOWN,15,20,2289,1024,2023-08-01,2026-07-30,1798620.95,,0
Germany,Germany,45324000,NO_DESCRIPTION,Other,UNKNOWN,15,20,2242,981,2023-08-01,2026-07-30,326862.18,,0
France,France,116,Espaces verts,Other,Services,15,20,2227,1556,2023-08-21,2026-07-31,,,0
Germany,Germany,45311000,NO_DESCRIPTION,Other,UNKNOWN,15,20,2182,784,2023-08-01,2026-07-30,466022.51,,0
TED,SI,NO_CODE,NO_DESCRIPTION,Other,UNKNOWN,20,UNKNOWN,2001,533,2023-08-01,2024-01-19,425655.12,,0
TED,DK,NO_CODE,NO_DESCRIPTION,Other,UNKNOWN,20,UNKNOWN,1884,552,2023-08-01,2024-05-23,13070000.0,,0
Germany,Germany,79710000,NO_DESCRIPTION,Other,UNKNOWN,15,20,1882,603,2023-08-01,2026-07-31,1007016.48,,0
France,France,88,Denrées alimentaires,Other,Fournitures,15,20,1879,1153,2023-08-10,2026-07-31,,,0
Germany,Germany,45431000,NO_DESCRIPTION,Other,UNKNOWN,15,20,1842,833,2023-08-02,2026-07-31,158147.8,,0
TED,HU,NO_CODE,NO_DESCRIPTION,Other,UNKNOWN,20,UNKNOWN,1821,535,2023-08-01,2024-02-20,97183352.0,,0
Germany,Germany,45422000,NO_DESCRIPTION,Other,UNKNOWN,15,20,1810,698,2023-08-01,2026-07-30,296131.325,,0
Germany,Germany,45443000,NO_DESCRIPTION,Other,UNKNOWN,15,20,1764,812,2023-08-03,2026-07-29,484933.875,,0
Germany,Germany,45200000,NO_DESCRIPTION,Other,UNKNOWN,15,20,1727,597,2023-08-03,2026-07-31,926863.5,,0
France,France,433,Assistance à maîtrise d'ouvrage,Other,Services,15,20,1726,1144,2023-08-08,2026-07-31,46250.0,,0
Germany,Germany,45262100,NO_DESCRIPTION,Other,UNKNOWN,15,20,1637,769,2023-08-01,2026-07-31,182520.0,,0
Germany,Germany,45421100,NO_DESCRIPTION,Other,UNKNOWN,15,20,1581,684,2023-08-03,2026-07-31,338472.5,,0
Germany,Germany,09310000,NO_DESCRIPTION,Other,UNKNOWN,15,20,1544,1024,2023-08-02,2026-07-31,721615.29,,0
France,France,410,Formation,Other,Services,15,20,1509,824,2023-08-11,2026-07-31,,,0
France,France,66510000,Assurance,Other,Services,15,20,1498,1365,2023-08-09,2026-07-31,,,0
Germany,Germany,90500000,NO_DESCRIPTION,Other,UNKNOWN,15,20,1476,555,2023-08-03,2026-07-31,180000.0,,0
France,France,33,Bâtiment,Other,Travaux,15,20,1427,902,2023-08-08,2026-07-31,,,0
France,France,345,Tous corps d'état,Other,Travaux,15,20,1401,698,2023-08-09,2026-07-31,,,0
Germany,Germany,45262320,NO_DESCRIPTION,Other,UNKNOWN,15,20,1400,752,2023-08-03,2026-07-30,150000.0,,0
Germany,Germany,45331210,NO_DESCRIPTION,Other,UNKNOWN,15,20,1391,703,2023-08-02,2026-07-30,387849.0,,0
Germany,Germany,45111100,NO_DESCRIPTION,Other,UNKNOWN,15,20,1347,550,2023-08-02,2026-07-30,490000.0,,0
Germany,Germany,45410000,NO_DESCRIPTION,Other,UNKNOWN,15,20,1335,647,2023-08-02,2026-07-28,155634.64,,0
Germany,Germany,45442100,NO_DESCRIPTION,Other,UNKNOWN,15,20,1310,575,2023-08-01,2026-07-30,188634.6,,0
Germany,Germany,60130000,NO_DESCRIPTION,Other,UNKNOWN,15,20,1305,577,2023-08-02,2026-07-31,842180.0,,0
France,France,163,Informatique (prestations de services),Other,Services,15,20,1302,841,2023-08-30,2026-07-31,,,0
France,France,455,Ingénierie,Other,Services,15,20,1277,892,2023-08-09,2026-07-30,27800.0,,0
Ireland,Ireland,15894210.0,School meals.,Other,School meals.,15,20,1264,1054,2023-10-08,2026-03-31,260000.0,,0
Germany,Germany,45261410,NO_DESCRIPTION,Other,UNKNOWN,15,20,1262,706,2023-08-01,2026-07-30,385684.13,,0
Germany,Germany,90910000,NO_DESCRIPTION,Other,UNKNOWN,15,20,1201,569,2023-08-03,2026-07-29,309775.0,,0
Germany,Germany,71327000,NO_DESCRIPTION,Other,UNKNOWN,15,20,1192,746,2023-08-14,2026-07-30,181765.51,,0
France,France,475,Véhicules (acquisition),Other,Fournitures,15,20,1158,788,2023-08-08,2026-07-31,,,0
France,France,115,Equipements spécialisés,Other,Fournitures,15,20,1150,634,2023-08-22,2026-07-31,,,0
France,France,230,Mobilier,Other,Fournitures,15,20,1096,811,2023-08-28,2026-07-31,,,0
Germany,Germany,45332400,NO_DESCRIPTION,Other,UNKNOWN,15,20,1093,554,2023-08-02,2026-07-31,432250.31,,0
France,France,443,"Electricité, gaz (fourniture)",Other,Fournitures,15,20,1085,791,2023-09-08,2026-07-31,,,0
Germany,Germany,45313100,NO_DESCRIPTION,Other,UNKNOWN,15,20,1050,594,2023-08-02,2026-07-30,115700.0,,0
Germany,Germany,45421131,NO_DESCRIPTION,Other,UNKNOWN,15,20,1011,503,2023-08-04,2026-07-30,151109.0,,0
France,France,52,"Carburant, hydrocarbure",Other,Fournitures,15,20,1010,838,2023-08-23,2026-07-29,,,0
Quebec,Canada - Quebec,72131700,NO_DESCRIPTION,Other,UNKNOWN,15,20,1306,498,2023-08-02,2025-09-15,480799.0,4.0,194
TED,FI,NO_CODE,NO_DESCRIPTION,Other,UNKNOWN,20,UNKNOWN,1909,488,2023-08-01,2024-04-22,562020.0,,0
Germany,Germany,45261210,NO_DESCRIPTION,Other,UNKNOWN,15,20,1146,486,2023-08-03,2026-07-30,378000.0,,0
Germany,Germany,45421000,NO_DESCRIPTION,Other,UNKNOWN,15,20,1097,484,2023-08-07,2026-07-29,169000.0,,0
TED,HR,NO_CODE,NO_DESCRIPTION,Other,UNKNOWN,20,UNKNOWN,2192,472,2023-08-01,2024-04-02,480000.0,,0
Germany,Germany,45432130,NO_DESCRIPTION,Other,UNKNOWN,15,20,1014,465,2023-08-02,2026-07-29,182678.5,,0
France,France,72,Contrôle technique,Other,Services,15,20,952,678,2023-08-11,2026-07-31,,,0
TED,NO,NO_CODE,NO_DESCRIPTION,Other,UNKNOWN,20,UNKNOWN,1764,440,2023-08-01,2024-01-03,10000000.0,,0
France,France,365,Voirie,Other,Travaux,15,20,940,534,2023-08-09,2026-07-30,,,0
TED,MKD,NO_CODE,NO_DESCRIPTION,Other,UNKNOWN,20,UNKNOWN,2463,425,2023-11-11,2026-08-12,15269832.2,,0
Germany,Germany,71321000,NO_DESCRIPTION,Other,UNKNOWN,15,20,985,428,2023-08-03,2026-07-29,173000.0,,0
Quebec,Canada - Quebec,72102901,NO_DESCRIPTION,Other,UNKNOWN,15,20,1170,395,2019-05-22,2025-09-23,334399.0,2.0,544
Germany,Germany,60112000,NO_DESCRIPTION,Other,UNKNOWN,15,20,1104,391,2023-08-11,2026-07-29,700000.0,,0
France,France,66,Restauration collective,Other,Services,15,20,879,777,2023-09-11,2026-07-31,,,0
Quebec,Canada - Quebec,72100000,NO_DESCRIPTION,Other,UNKNOWN,15,20,2819,375,2021-06-29,2026-07-31,627199.0,2.0,1124
Germany,Germany,45221250,NO_DESCRIPTION,Other,UNKNOWN,15,20,1039,367,2023-08-03,2026-07-27,1140336.135,,0
Germany,Germany,09123000,NO_DESCRIPTION,Other,UNKNOWN,15,20,861,588,2023-08-03,2026-07-31,661610.0,,0
Germany,Germany,34144213,NO_DESCRIPTION,Other,UNKNOWN,15,20,859,660,2023-08-04,2026-07-29,520000.0,,0
TED,EST,NO_CODE,NO_DESCRIPTION,Other,UNKNOWN,20,UNKNOWN,6842,354,2023-07-28,2026-08-12,460000.0,,0
Germany,Germany,71541000,NO_DESCRIPTION,Other,UNKNOWN,15,20,900,451,2023-08-02,2026-07-29,476500.0,,0
Germany,Germany,45113000,NO_DESCRIPTION,Other,UNKNOWN,15,20,891,460,2023-08-02,2026-07-30,234312.5,,0
Germany,Germany,71222000,NO_DESCRIPTION,Other,UNKNOWN,15,20,851,555,2023-08-07,2026-07-29,167750.0,,0
France,France,304,"Repas, traiteur",Other,Services,15,20,850,693,2023-08-22,2026-07-30,,,0
France,France,59,"Chauffage (exploitation, entretien)",Other,Services,15,20,841,708,2023-08-08,2026-07-26,,,0
Germany,Germany,71221000,NO_DESCRIPTION,Other,UNKNOWN,15,20,838,522,2023-08-03,2026-07-28,480000.0,,0
Quebec,Canada - Quebec,80000000,NO_DESCRIPTION,Other,UNKNOWN,15,20,1761,337,2023-04-28,2026-07-29,363599.0,1.0,1575
France,France,18,Assainissement,Other,Services,15,20,832,566,2023-08-08,2026-07-31,,,0
Germany,Germany,38000000,NO_DESCRIPTION,Other,UNKNOWN,15,20,1697,329,2023-08-01,2026-07-31,300000.0,,0
Germany,Germany,50000000,NO_DESCRIPTION,Other,UNKNOWN,15,20,1728,327,2023-08-01,2026-07-30,600700.0,,0
Quebec,Canada - Quebec,81201500,NO_DESCRIPTION,Other,UNKNOWN,15,20,1388,324,2018-02-14,2026-06-04,6684999.0,1.0,1021
TED,SK,NO_CODE,NO_DESCRIPTION,Other,UNKNOWN,20,UNKNOWN,1075,322,2023-08-01,2024-01-12,447926.63,,0
United Kingdom,United Kingdom,50000000,Repair and maintenance services,Other,Repair and maintenance services,15,20,895,421,2023-08-01,2026-07-30,1200000.0,,0
TED,CYP,NO_CODE,NO_DESCRIPTION,Other,UNKNOWN,20,UNKNOWN,3262,315,2023-11-29,2026-08-12,290000.0,,0
Germany,Germany,45432100,NO_DESCRIPTION,Other,UNKNOWN,15,20,877,437,2023-08-02,2026-07-30,182453.5,,0
Germany,Germany,34100000,NO_DESCRIPTION,Other,UNKNOWN,15,20,1159,309,2023-08-01,2026-07-30,438600.0,,0
Germany,Germany,45233120,NO_DESCRIPTION,Other,UNKNOWN,15,20,2021,300,2023-08-01,2026-07-30,4185596.25,,0
Quebec,Canada - Quebec,81200000,NO_DESCRIPTION,Other,UNKNOWN,15,20,1389,300,2019-03-18,2025-10-23,6684999.0,1.0,1045
Quebec,Canada - Quebec,76110000,NO_DESCRIPTION,Other,UNKNOWN,15,20,999,294,2018-10-22,2026-07-30,3509699.0,1.0,571
Germany,Germany,90620000,NO_DESCRIPTION,Other,UNKNOWN,15,20,1044,284,2023-08-01,2026-07-30,545530.0,,0
France,France,253,Ouvrage d'infrastructure,Other,Travaux,15,20,871,407,2023-08-08,2026-07-31,,,0
Germany,Germany,45331200,NO_DESCRIPTION,Other,UNKNOWN,15,20,850,426,2023-08-03,2026-07-30,573347.6,,0
Quebec,Canada - Quebec,83000000,NO_DESCRIPTION,Other,UNKNOWN,15,20,1105,273,2023-05-03,2026-07-31,347399.0,1.0,877
TED,LT,NO_CODE,NO_DESCRIPTION,Other,UNKNOWN,20,UNKNOWN,3549,263,2023-08-01,2024-06-19,132460.635,,0
Germany,Germany,45214200,NO_DESCRIPTION,Other,UNKNOWN,15,20,1175,256,2023-08-03,2026-07-30,389367.22,,0
France,France,406,Délégation de service public,Other,Services,15,20,755,597,2024-01-02,2026-07-29,,,0
France,France,404,Déchets non ménagers (prestations),Other,Services,15,20,754,564,2023-10-10,2026-07-31,,,0
Canada federal,Canada,*53102700 *72101508 *73130000 *76121503 *78111800 *80111600 *80141607 *80161504 *92120000,*Uniforms *Floor cleaning services *Food and beverage industries *Street cleaning services *Passenger road transportation *Temporary personnel services *Events management *Clerical services *Security and personal safety,Other,*Uniforms *Floor cleaning services *Food and beverage industries *Street cleaning services *Passenger road transportation *Temporary personnel services *Events management *Clerical services *Security and personal safety,15,20,1,1,2024-04-22,2024-04-22,,,0
Canada federal,Canada,*42170000 *42210000 *42211500 *42211600 *42211700 *42211800 *42211900 *42212000 *42212100 *42212200 *42212300 *42250000 *42251500 *42300000 *42301500 *43190000 *43191500 *43233420 *45111701 *46182200 *85101503 *85120000 *85121600 *85122101 *85122102 *85122108 *85141700 *85270000 *86101605 *90111900,*Mobile medical services products *Independent living aids for the physically challenged *Ambulation and transfer and positioning aids for the physically challenged *Bathroom and bathing aids for the physically challenged *Communication aids for the physically challenged *Dressing and grooming aids for the physically challenged *Eating and drinking and food preparation aids for the physically challenged *Housekeeping and homemaking aids for the physically challenged *Leisure and recreational aids for the physically challenged *Medication handling aids for the physically challenged *Reaching and gripping aids for the physically challenged *Physical and occupational therapy and rehabilitation products *Cognitive and dexterity and perceptual and sensory evaluation and therapy products *Medical training and education supplies *Aids for medical training *Communications Devices and Accessories *Personal communication devices *Text to speech conversion software *Assistive listening devices *Ergonomic support aids *Medical office services *Medical practice *Medical doctor specialist services *Physical therapy services *Occupational therapy services *Speech or language therapy *Homeopathic practice *Diagnoses of mental and behavioral disorders *Medical vocational training services *Specialized accommodation services,Other,*Mobile medical services products *Independent living aids for the physically challenged *Ambulation and transfer and positioning aids for the physically challenged *Bathroom and bathing aids for the physically challenged *Communication aids for the physically challenged *Dressing and grooming aids for the physically challenged *Eating and drinking and food preparation aids for the physically challenged *Housekeeping and homemaking aids for the physically challenged *Leisure and recreational aids for the physically challenged *Medication handling aids for the physically challenged *Reaching and gripping aids for the physically challenged *Physical and occupational therapy and rehabilitation products *Cognitive and dexterity and perceptual and sensory evaluation and therapy products *Medical training and education supplies *Aids for medical training *Communications Devices and Accessories *Personal communication devices *Text to speech conversion software *Assistive listening devices *Ergonomic support aids *Medical office services *Medical practice *Medical doctor specialist services *Physical therapy services *Occupational therapy services *Speech or language therapy *Homeopathic practice *Diagnoses of mental and behavioral disorders *Medical vocational training services *Specialized accommodation services,15,20,1,1,2023-11-23,2023-11-23,,,0
TED,LV,NO_CODE,NO_DESCRIPTION,Other,UNKNOWN,20,UNKNOWN,2393,248,2023-08-01,2024-04-03,180000.0,,0
Quebec,Canada - Quebec,72141100,NO_DESCRIPTION,Other,UNKNOWN,15,20,814,425,2024-06-12,2026-07-31,480799.0,3.0,196
Ireland,Ireland,80000000.0,Education and training services.,Other,Education and training services.,15,20,358,120,2023-08-10,2026-03-27,180000.0,,0
Germany,Germany,45420000,NO_DESCRIPTION,Other,UNKNOWN,15,20,839,387,2023-08-02,2026-07-27,264868.2,,0
Quebec,Canada - Quebec,72131701,NO_DESCRIPTION,Other,UNKNOWN,15,20,810,411,2023-08-02,2025-09-17,6684999.0,3.0,197
Germany,Germany,90000000,NO_DESCRIPTION,Other,UNKNOWN,15,20,910,310,2023-08-04,2026-07-30,491223.0,,0
Germany,Germany,45310000,NO_DESCRIPTION,Other,UNKNOWN,15,20,864,355,2023-08-02,2026-07-30,636825.0,,0
France,France,249,Ordures ménagères (prestations),Other,Services,15,20,721,473,2023-09-25,2026-07-31,,,0
Quebec,Canada - Quebec,72103300,NO_DESCRIPTION,Other,UNKNOWN,15,20,1120,183,2024-06-12,2026-07-30,,4.0,179
Germany,Germany,45321000,NO_DESCRIPTION,Other,UNKNOWN,15,20,757,426,2023-08-03,2026-07-29,127561.48,,0
France,France,77310000,Espaces verts,Other,Services,15,20,681,612,2023-08-09,2026-07-31,,,0
Germany,Germany,45300000,NO_DESCRIPTION,Other,UNKNOWN,15,20,867,313,2023-08-07,2026-07-29,220777.2,,0
Quebec,Canada - Quebec,80100000,NO_DESCRIPTION,Other,UNKNOWN,15,20,1029,177,2023-04-27,2026-07-29,6684999.0,1.0,944
TED,CH,NO_CODE,NO_DESCRIPTION,Other,UNKNOWN,20,UNKNOWN,772,404,2023-08-01,2024-06-19,702618.79,,0
France,France,45232410,Assainissement,Other,Travaux,15,20,723,447,2023-08-08,2026-07-31,,,0
TED,MLT,NO_CODE,NO_DESCRIPTION,Other,UNKNOWN,20,UNKNOWN,3454,164,2023-08-11,2026-08-12,273714.0,,0
Ireland,Ireland,66171000.0,Financial consultancy services.,Other,Financial consultancy services.,15,20,338,67,2023-08-03,2026-03-26,350000.0,,0
Belgium,BE,NO_CODE,NO_DESCRIPTION,UNKNOWN,UNKNOWN,UNKNOWN,UNKNOWN,103676,4515,2023-08-01,2026-07-31,,,0
United Kingdom,United Kingdom,85323000,Community health services,Other,Community health services,15,20,925,224,2023-08-01,2026-07-31,853000.0,,0
United Kingdom,United Kingdom,85300000,Social work and related services,Other,Social work and related services,15,20,2503,145,2023-08-01,2026-07-22,2500000.0,,0
TED,LU,NO_CODE,NO_DESCRIPTION,Other,UNKNOWN,20,UNKNOWN,910,231,2023-08-01,2024-06-28,587792.5,,0
United Kingdom,United Kingdom,79600000,Recruitment services,Other,Recruitment services,15,20,222,169,2023-08-01,2026-07-08,1850000.0,,0
Quebec,Canada - Quebec,85000000,NO_DESCRIPTION,Other,UNKNOWN,15,20,2005,119,2023-08-01,2026-07-31,6943899.0,1.0,1767
Germany,Germany,80000000,NO_DESCRIPTION,Other,UNKNOWN,15,20,1865,113,2023-08-02,2026-07-30,1156235.295,,0
Quebec,Canada - Quebec,77000000,NO_DESCRIPTION,Other,UNKNOWN,15,20,797,316,2023-08-01,2026-07-30,353299.0,1.0,505
France,France,45000000,Bâtiment,Other,Travaux,15,20,628,477,2023-08-08,2026-07-29,,,0
Quebec,Canada - Quebec,42000000,NO_DESCRIPTION,Other,UNKNOWN,15,20,2193,97,2023-06-13,2026-07-31,627199.0,1.0,1935
Germany,Germany,45112000,NO_DESCRIPTION,Other,UNKNOWN,15,20,754,340,2023-08-01,2026-07-31,1138422.5,,0
Quebec,Canada - Quebec,41000000,NO_DESCRIPTION,Other,UNKNOWN,15,20,1156,92,2021-11-24,2026-07-31,334399.0,1.0,1014
France,France,45233140,Voirie,Other,Travaux,15,20,659,433,2023-08-08,2026-07-31,,,0
Canada federal,Canada,*80111600,*Temporary personnel services,Other,*Temporary personnel services,15,20,317,21,2023-08-02,2026-07-21,,,0
Germany,Germany,45330000,NO_DESCRIPTION,Other,UNKNOWN,15,20,773,305,2023-08-02,2026-07-29,190138.5,,0
Germany,Germany,45232460,NO_DESCRIPTION,Other,UNKNOWN,15,20,706,372,2023-08-02,2026-07-30,385000.0,,0
Germany,Germany,33600000,NO_DESCRIPTION,Other,UNKNOWN,15,20,1503,75,2023-08-02,2026-07-30,1.0,,0
Germany,Germany,45234116,NO_DESCRIPTION,Other,UNKNOWN,15,20,1168,74,2023-08-01,2026-07-31,658828.25,,0
France,France,71000000,Maîtrise d'oeuvre,Other,Services,15,20,591,482,2023-08-09,2026-07-29,,,0
France,France,69,Consommables médicaux,Other,Fournitures,15,20,820,248,2023-08-09,2026-07-28,,,0
France,France,138,Gardiennage,Other,Services,15,20,576,487,2023-08-29,2026-07-31,,,0
Germany,Germany,NO_CODE,NO_DESCRIPTION,Other,UNKNOWN,15,20,18535,61,2023-08-01,2026-07-31,,,0
Quebec,Canada - Quebec,72101507,NO_DESCRIPTION,Other,UNKNOWN,15,20,813,242,2024-06-10,2026-07-30,347399.0,1.0,519
Germany,Germany,80400000,NO_DESCRIPTION,Other,UNKNOWN,15,20,3352,51,2023-08-01,2026-07-30,125000.0,,0
Quebec,Canada - Quebec,84000000,NO_DESCRIPTION,Other,UNKNOWN,15,20,727,323,2019-04-04,2026-07-29,6684999.0,1.0,585
United Kingdom,United Kingdom,79400000,Business and management consultancy and related services,Other,Business and management consultancy and related services,15,20,174,119,2023-08-01,2026-07-16,1000000.0,,0
Quebec,Canada - Quebec,25000000,NO_DESCRIPTION,Other,UNKNOWN,15,20,825,214,2023-08-02,2026-07-31,,1.0,630
Germany,Germany,45234100,NO_DESCRIPTION,Other,UNKNOWN,15,20,1451,35,2023-08-01,2026-07-30,0.0,,0
France,France,278,Produits d'entretien,Other,Fournitures,15,20,555,479,2023-08-09,2026-07-30,,,0
Germany,Germany,45233110,NO_DESCRIPTION,Other,UNKNOWN,15,20,1464,29,2023-08-02,2026-07-29,2936439.535,,0
Germany,Germany,71521000,NO_DESCRIPTION,Other,UNKNOWN,15,20,937,92,2023-08-04,2026-07-30,500000.0,,0
United Kingdom,United Kingdom,85121100,General-practitioner services,Other,General-practitioner services,15,20,900,115,2023-08-04,2026-07-31,376543.5,,0
United Kingdom,United Kingdom,80500000,Training services,Other,Training services,15,20,156,109,2023-08-03,2026-07-28,400000.0,,0
Quebec,Canada - Quebec,72190000,NO_DESCRIPTION,Other,UNKNOWN,15,20,783,230,2023-08-01,2025-09-17,334399.0,3.0,220
France,France,266,Pièces détachées,Other,Fournitures,15,20,655,357,2023-08-31,2026-07-26,,,0
Germany,Germany,79713000,NO_DESCRIPTION,Other,UNKNOWN,15,20,715,295,2023-08-04,2026-07-29,1049892.23,,0
France,France,79212000,Audit,Other,Services,15,20,136,124,2023-08-11,2026-07-28,,,0
Germany,Germany,77200000,NO_DESCRIPTION,Other,UNKNOWN,15,20,911,98,2023-08-04,2026-07-28,450000.0,,0
Germany,Germany,45110000,NO_DESCRIPTION,Other,UNKNOWN,15,20,682,325,2023-08-01,2026-07-28,350000.0,,0
TED,ISL,NO_CODE,NO_DESCRIPTION,Other,UNKNOWN,20,UNKNOWN,928,76,2023-10-27,2026-08-13,8667676.0,,0
France,France,416,Titres restaurant,Other,Services,15,20,529,475,2023-08-12,2026-07-31,,,0
Germany,Germany,45,NO_DESCRIPTION,Other,UNKNOWN,15,20,74990,0,2023-08-01,2026-07-31,,,0
Germany,Germany,50,NO_DESCRIPTION,Other,UNKNOWN,15,20,22475,0,2023-08-01,2026-07-31,,,0
Germany,Germany,45000000-7,NO_DESCRIPTION,Other,UNKNOWN,15,20,8710,0,2023-08-01,2026-07-31,,,0
Germany,Germany,45233120-6,NO_DESCRIPTION,Other,UNKNOWN,15,20,2989,0,2023-08-01,2026-07-30,,,0
Germany,Germany,45311200-2,NO_DESCRIPTION,Other,UNKNOWN,15,20,2605,0,2023-08-03,2026-07-30,,,0
Germany,Germany,38000000-5,NO_DESCRIPTION,Other,UNKNOWN,15,20,1976,0,2023-08-01,2026-07-30,,,0
Germany,Germany,71000000-8,NO_DESCRIPTION,Other,UNKNOWN,15,20,1899,0,2023-08-01,2026-07-30,,,0
Germany,Germany,71300000-1,NO_DESCRIPTION,Other,UNKNOWN,15,20,1811,0,2023-08-03,2026-07-30,,,0
Germany,Germany,45112700-2,NO_DESCRIPTION,Other,UNKNOWN,15,20,1566,0,2023-08-04,2026-07-30,,,0
Germany,Germany,45262670-8,NO_DESCRIPTION,Other,UNKNOWN,15,20,1391,0,2023-08-01,2026-07-30,,,0
Germany,Germany,45210000-2,NO_DESCRIPTION,Other,UNKNOWN,15,20,1299,0,2023-08-01,2026-07-30,,,0
Germany,Germany,45331000-6,NO_DESCRIPTION,Other,UNKNOWN,15,20,1231,0,2023-08-02,2026-07-30,,,0
Germany,Germany,45431000-7,NO_DESCRIPTION,Other,UNKNOWN,15,20,1166,0,2023-08-01,2026-07-30,,,0
Germany,Germany,45324000-4,NO_DESCRIPTION,Other,UNKNOWN,15,20,1006,0,2023-08-02,2026-07-27,,,0
Germany,Germany,90911000,NO_DESCRIPTION,Other,UNKNOWN,15,20,648,351,2023-08-04,2026-07-29,299187.5,,0
France,France,212,Matériel médical,Other,Fournitures,15,20,693,305,2023-08-09,2026-07-31,,,0
Germany,Germany,30200000,NO_DESCRIPTION,Other,UNKNOWN,15,20,674,321,2023-08-01,2026-07-31,500000.0,,0
Germany,Germany,45200000-9,NO_DESCRIPTION,Other,UNKNOWN,15,20,990,0,2023-08-02,2026-07-30,,,0
Germany,Germany,45223210,NO_DESCRIPTION,Other,UNKNOWN,15,20,669,319,2023-08-07,2026-07-30,140005.0,,0
France,France,45210000,Bâtiment,Other,Travaux,15,20,568,419,2023-08-08,2026-07-28,,,0
United Kingdom,United Kingdom,79212000,Auditing services,Other,Auditing services,15,20,123,104,2023-08-02,2026-06-23,500400.0,,0
Germany,Germany,39160000,NO_DESCRIPTION,Other,UNKNOWN,15,20,692,283,2023-08-31,2026-07-29,235000.0,,0
Germany,Germany,45223220-4,NO_DESCRIPTION,Other,UNKNOWN,15,20,970,0,2023-08-03,2026-07-30,,,0
United Kingdom,United Kingdom,79952000,Event services,Other,Event services,15,20,134,86,2023-08-01,2026-07-01,750000.0,,0
Quebec,Canada - Quebec,78180000,NO_DESCRIPTION,Other,UNKNOWN,15,20,908,58,2021-09-20,2026-07-30,6684999.0,1.0,849
Quebec,Canada - Quebec,86000000,NO_DESCRIPTION,Other,UNKNOWN,15,20,801,159,2018-09-17,2026-07-31,,1.0,763
United Kingdom,United Kingdom,71530000,Construction consultancy services,Other,Construction consultancy services,15,20,117,86,2023-08-04,2026-07-16,3000000.0,,0
United Kingdom,United Kingdom,79410000,Business and management consultancy services,Other,Business and management consultancy services,15,20,116,82,2023-08-09,2026-07-28,800000.0,,0
TED,MDA,NO_CODE,NO_DESCRIPTION,Other,UNKNOWN,20,UNKNOWN,796,149,2023-10-30,2026-08-11,4823343.475,,0
France,France,71,"Conteneur, poubelles",Other,Fournitures,15,20,554,382,2023-11-28,2026-07-31,,,0
Germany,Germany,45233124,NO_DESCRIPTION,Other,UNKNOWN,15,20,901,30,2023-08-02,2026-07-30,4798943.0,,0
France,France,162,Informatique (matériel),Other,Fournitures,15,20,528,401,2023-08-18,2026-07-31,,,0
Germany,Germany,45315100,NO_DESCRIPTION,Other,UNKNOWN,15,20,665,258,2023-08-02,2026-07-26,689636.595,,0
Germany,Germany,45331100,NO_DESCRIPTION,Other,UNKNOWN,15,20,611,308,2023-08-10,2026-07-30,485000.0,,0
France,France,45421000,Menuiserie,Other,Travaux,15,20,504,412,2023-08-08,2026-07-31,,,0
Quebec,Canada - Quebec,85160000,NO_DESCRIPTION,Other,UNKNOWN,15,20,860,55,2023-08-02,2026-07-31,627199.0,1.0,838
France,France,45000000,Tous corps d'état,Other,Travaux,15,20,514,400,2023-08-11,2026-07-27,,,0
France,France,366,Voirie et réseaux divers,Other,Travaux,15,20,531,377,2023-08-17,2026-07-30,,,0
Germany,Germany,45221250-9,NO_DESCRIPTION,Other,UNKNOWN,15,20,905,0,2023-08-04,2026-07-31,,,0
Canada federal,Canada,*84111600,*Audit services,Other,*Audit services,15,20,98,53,2023-08-04,2026-07-17,,,0
United Kingdom,United Kingdom,79342000,Marketing services,Other,Marketing services,15,20,83,67,2023-08-10,2026-07-24,562500.0,,0
Ireland,Ireland,79400000.0,Business and management consultancy and related services.,Other,Business and management consultancy and related services.,15,20,94,54,2023-08-24,2026-03-10,180000.0,,0
Germany,Germany,45421141,NO_DESCRIPTION,Other,UNKNOWN,15,20,578,308,2023-08-05,2026-07-31,82775.0,,0
Ireland,Ireland,79600000.0,Recruitment services.,Other,Recruitment services.,15,20,79,57,2023-08-10,2026-03-25,567500.0,,0
Ireland,Ireland,79632000.0,Personnel-training services.,Other,Personnel-training services.,15,20,79,56,2023-08-01,2026-03-25,200000.0,,0
United Kingdom,United Kingdom,71314300,Energy-efficiency consultancy services,Other,Energy-efficiency consultancy services,15,20,79,56,2023-08-08,2026-07-23,400000.0,,0
United Kingdom,United Kingdom,79341000,Advertising services,Other,Advertising services,15,20,74,61,2023-08-04,2026-07-28,3500000.0,,0
Germany,Germany,73000000,NO_DESCRIPTION,Other,UNKNOWN,15,20,750,133,2023-08-02,2026-07-27,252100.84,,0
United Kingdom,United Kingdom,71315200,Building consultancy services,Other,Building consultancy services,15,20,71,61,2023-08-10,2026-06-16,562500.0,,0
Germany,Germany,45260000,NO_DESCRIPTION,Other,UNKNOWN,15,20,625,255,2023-08-02,2026-07-30,599339.2849999999,,0
Ireland,Ireland,80500000.0,Training services.,Other,Training services.,15,20,75,53,2023-08-04,2026-03-30,180000.0,,0
Ireland,Ireland,30200000.0,Computer equipment and supplies.,Other,Computer equipment and supplies.,15,20,92,31,2023-08-16,2026-02-25,450000.0,,0
Germany,Germany,45312310,NO_DESCRIPTION,Other,UNKNOWN,15,20,566,303,2023-08-01,2026-07-30,33100.0,,0
Quebec,Canada - Quebec,56000000,NO_DESCRIPTION,Other,UNKNOWN,15,20,633,233,2022-06-15,2026-07-30,234099.0,1.0,428
Canada federal,Canada,*32130000,*Electronic hardware and component parts and accessories,Other,*Electronic hardware and component parts and accessories,15,20,77,38,2023-08-10,2026-07-29,,,0
United Kingdom,United Kingdom,30200000,Computer equipment and supplies,Other,Computer equipment and supplies,15,20,63,50,2023-08-29,2026-07-17,31000000.0,,0
Germany,Germany,39100000,NO_DESCRIPTION,Other,UNKNOWN,15,20,612,248,2023-08-02,2026-07-24,258550.41999999998,,0
Canada federal,Canada,*N7030,*ADP Software,Other,*ADP Software,15,20,109,1,2023-10-16,2026-07-20,,,0
Quebec,Canada - Quebec,80120000,NO_DESCRIPTION,Other,UNKNOWN,15,20,705,154,2023-08-01,2026-07-30,,1.0,683
Germany,Germany,45262100-2,NO_DESCRIPTION,Other,UNKNOWN,15,20,857,0,2023-08-01,2026-07-30,,,0
Quebec,Canada - Quebec,72191501,NO_DESCRIPTION,Other,UNKNOWN,15,20,589,267,2023-08-02,2025-09-18,480799.0,1.5,273
Germany,Germany,79000000,NO_DESCRIPTION,Other,UNKNOWN,15,20,612,242,2023-08-03,2026-07-29,603657.5800000001,,0
Ireland,Ireland,79952000.0,Event services.,Other,Event services.,15,20,72,31,2023-09-28,2026-02-17,300000.0,,0
Germany,Germany,45422100,NO_DESCRIPTION,Other,UNKNOWN,15,20,543,309,2023-08-17,2026-07-30,300000.0,,0
Germany,Germany,60140000,NO_DESCRIPTION,Other,UNKNOWN,15,20,739,112,2023-08-01,2026-07-30,400000.0,,0
United Kingdom,United Kingdom,66171000,Financial consultancy services,Other,Financial consultancy services,15,20,56,45,2023-08-23,2026-07-17,420000.0,,0
United Kingdom,United Kingdom,79212200,Internal audit services,Other,Internal audit services,15,20,49,48,2023-08-02,2026-06-09,300000.0,,0
United Kingdom,United Kingdom,18100000,"Occupational clothing, special workwear and accessories",Other,"Occupational clothing, special workwear and accessories",15,20,50,46,2023-08-10,2026-05-15,1000000.0,,0
United Kingdom,United Kingdom,18000000,"Clothing, footwear, luggage articles and accessories",Other,"Clothing, footwear, luggage articles and accessories",15,20,51,45,2023-09-06,2026-06-10,915168.675,,0
Germany,Germany,60000000,NO_DESCRIPTION,Other,UNKNOWN,15,20,570,275,2023-08-03,2026-07-30,760000.0,,0
Ireland,Ireland,71313000.0,Environmental engineering consultancy services.,Other,Environmental engineering consultancy services.,15,20,60,33,2023-10-02,2026-03-10,150000.0,,0
United Kingdom,United Kingdom,71600000,"Technical testing, analysis and consultancy services",Other,"Technical testing, analysis and consultancy services",15,20,51,42,2023-08-01,2026-06-24,1058000.0,,0
United Kingdom,United Kingdom,79411000,General management consultancy services,Other,General management consultancy services,15,20,63,28,2023-08-25,2026-07-28,6588447.0,,0
Canada federal,Canada,*81110000,*Computer services,Other,*Computer services,15,20,57,33,2023-08-03,2026-07-27,,,0
Canada federal,Canada,*N7010,"*Automatic Data Processing Equipment, System Configuration",Other,"*Automatic Data Processing Equipment, System Configuration",15,20,88,1,2023-08-02,2026-07-13,,,0
United Kingdom,United Kingdom,79415200,Design consultancy services,Other,Design consultancy services,15,20,50,39,2023-08-04,2026-06-02,385000.0,,0
Canada federal,Canada,*43230000,*Software,Other,*Software,15,20,69,20,2023-08-04,2026-07-28,,,0
France,France,150,Habillement,Other,Fournitures,15,20,482,356,2023-10-10,2026-07-29,,,0
France,France,"21,274","Audit,Prestations de services",Other,Services,15,20,45,41,2023-10-20,2026-07-07,,,0
France,France,359,Véhicules,Other,Fournitures,15,20,458,377,2023-09-10,2026-07-25,,,0
United Kingdom,United Kingdom,75251110,Fire-prevention services,Other,Fire-prevention services,15,20,44,41,2023-08-09,2026-06-26,1125000.0,,0
United Kingdom,United Kingdom,64120000,Courier services,Other,Courier services,15,20,44,39,2023-08-15,2026-07-08,400000.0,,0
Ireland,Ireland,71000000.0,"Architectural, construction, engineering and inspection services.",Other,"Architectural, construction, engineering and inspection services.",15,20,648,183,2023-08-01,2026-03-30,250000.0,,0
Germany,Germany,39000000,NO_DESCRIPTION,Other,UNKNOWN,15,20,593,238,2023-08-04,2026-07-29,513893.5,,0
United Kingdom,United Kingdom,80510000,Specialist training services,Other,Specialist training services,15,20,47,31,2023-08-01,2026-06-04,3125000.0,,0
Germany,Germany,77310000,NO_DESCRIPTION,Other,UNKNOWN,15,20,605,222,2023-08-02,2026-07-27,489076.0,,0
France,France,105,Electricité (travaux),Other,Travaux,15,20,474,352,2023-08-09,2026-07-31,,,0
United Kingdom,United Kingdom,35113400,Protective and safety clothing,Other,Protective and safety clothing,15,20,39,37,2023-08-16,2026-07-08,1000000.0,,0
Ireland,Ireland,79200000.0,"Accounting, auditing and fiscal services.",Other,"Accounting, auditing and fiscal services.",15,20,41,34,2023-08-04,2026-03-25,160000.0,,0
Germany,Germany,45410000-4,NO_DESCRIPTION,Other,UNKNOWN,15,20,824,0,2023-08-01,2026-07-30,,,0
Ireland,Ireland,22000000.0,Printed matter and related products.,Other,Printed matter and related products.,15,20,47,27,2023-08-06,2025-12-24,222561.0,,0
United Kingdom,United Kingdom,79419000,Evaluation consultancy services,Other,Evaluation consultancy services,15,20,43,31,2023-08-01,2026-07-15,475000.0,,0
United Kingdom,United Kingdom,79212100,Financial auditing services,Other,Financial auditing services,15,20,37,35,2023-08-07,2026-07-21,1575000.0,,0
United Kingdom,United Kingdom,44316400,Hardware,Other,Hardware,15,20,39,32,2023-09-21,2026-07-24,200000.0,,0
France,France,474,Véhicules (location),Other,Fournitures,15,20,468,351,2023-08-30,2026-07-31,,,0
United Kingdom,United Kingdom,39100000,Furniture,Other,Furniture,15,20,37,32,2023-08-07,2026-07-15,49500000.0,,0
Ireland,Ireland,79410000.0,Business and management consultancy services.,Other,Business and management consultancy services.,15,20,40,27,2023-08-01,2026-03-18,140000.0,,0
United Kingdom,United Kingdom,71315210,Building services consultancy services,Other,Building services consultancy services,15,20,39,28,2023-11-29,2026-07-09,400000.0,,0
United Kingdom,United Kingdom,79411100,Business development consultancy services,Other,Business development consultancy services,15,20,39,27,2023-08-07,2026-05-26,232500.0,,0
United Kingdom,United Kingdom,45343000,Fire-prevention installation works,Other,Fire-prevention installation works,15,20,35,31,2023-08-11,2026-07-21,3997657.5,,0
United Kingdom,United Kingdom,51000000,Installation services (except software),Other,Installation services (except software),15,20,35,31,2023-08-10,2026-07-01,1500000.0,,0
Germany,Germany,45261210-9,NO_DESCRIPTION,Other,UNKNOWN,15,20,815,0,2023-08-14,2026-07-27,,,0
United Kingdom,United Kingdom,79414000,Human resources management consultancy services,Other,Human resources management consultancy services,15,20,37,28,2023-08-01,2026-04-14,500000.0,,0
United Kingdom,United Kingdom,79980000,Subscription services,Other,Subscription services,15,20,37,24,2024-02-07,2026-06-25,1300000.0,,0
United Kingdom,United Kingdom,71313000,Environmental engineering consultancy services,Other,Environmental engineering consultancy services,15,20,35,26,2023-08-14,2025-10-08,575340.0,,0
TED,MK,NO_CODE,NO_DESCRIPTION,Other,UNKNOWN,20,UNKNOWN,614,195,2023-08-01,2024-06-21,12149151.065000001,,0
United Kingdom,United Kingdom,79418000,Procurement consultancy services,Other,Procurement consultancy services,15,20,34,25,2023-08-04,2026-07-28,400000.0,,0
United Kingdom,United Kingdom,79200000,"Accounting, auditing and fiscal services",Other,"Accounting, auditing and fiscal services",15,20,33,26,2023-09-01,2026-07-14,4112500.0,,0
United Kingdom,United Kingdom,71311200,Transport systems consultancy services,Other,Transport systems consultancy services,15,20,34,24,2023-08-24,2026-06-30,3000000.0,,0
France,France,79212300,Audit,Other,Services,15,20,29,29,2023-08-20,2026-07-05,,,0
Germany,Germany,71240000-2,NO_DESCRIPTION,Other,UNKNOWN,15,20,807,0,2023-08-02,2026-07-28,,,0
Ireland,Ireland,79414000.0,Human resources management consultancy services.,Other,Human resources management consultancy services.,15,20,34,23,2023-11-08,2025-12-17,200000.0,,0
United Kingdom,United Kingdom,71312000,Structural engineering consultancy services,Other,Structural engineering consultancy services,15,20,30,27,2023-08-09,2026-05-28,800000.0,,0
Canada federal,Canada,*56101720,*Office or work chair,Other,*Office or work chair,15,20,43,13,2023-10-11,2026-07-21,,,0
United Kingdom,United Kingdom,71621000,Technical analysis or consultancy services,Other,Technical analysis or consultancy services,15,20,33,23,2023-08-03,2026-07-31,210000.0,,0
Canada federal,Canada,*80101511,*Human resources consulting service,Other,*Human resources consulting service,15,20,31,25,2023-09-14,2026-06-25,,,0
Germany,Germany,33100000,NO_DESCRIPTION,Other,UNKNOWN,15,20,568,238,2023-08-04,2026-07-30,1000.0,,0
United Kingdom,United Kingdom,79212300,Statutory audit services,Other,Statutory audit services,15,20,29,27,2023-08-18,2026-06-04,360000.0,,0
Germany,Germany,73,NO_DESCRIPTION,Other,UNKNOWN,15,20,805,0,2023-08-01,2026-07-29,,,0
France,France,144,Gros oeuvre,Other,Travaux,15,20,474,331,2023-08-09,2026-07-31,,,0
Canada federal,Canada,*56101500,*Furniture,Other,*Furniture,15,20,34,21,2023-09-13,2026-07-31,,,0
Ireland,Ireland,79212000.0,Auditing services.,Other,Auditing services.,15,20,29,25,2023-10-09,2026-01-29,180000.0,,0
United Kingdom,United Kingdom,73220000,Development consultancy services,Other,Development consultancy services,15,20,28,26,2023-08-31,2026-05-15,325000.0,,0
Ireland,Ireland,30232110.0,Laser printers.,Other,Laser printers.,15,20,28,25,2023-08-13,2026-01-08,170000.0,,0
Ireland,Ireland,18000000.0,"Clothing, footwear, luggage articles and accessories.",Other,"Clothing, footwear, luggage articles and accessories.",15,20,31,21,2023-08-23,2026-02-05,750000.0,,0
United Kingdom,United Kingdom,22000000,Printed matter and related products,Other,Printed matter and related products,15,20,26,26,2023-08-10,2026-07-13,500000.0,,0
Ireland,Ireland,34928470.0,Signage.,Other,Signage.,15,20,29,22,2023-12-16,2026-03-03,250000.0,,0
United Kingdom,United Kingdom,34928470,Signage,Other,Signage,15,20,26,25,2023-08-14,2025-11-12,1000000.0,,0
United Kingdom,United Kingdom,79210000,Accounting and auditing services,Other,Accounting and auditing services,15,20,26,25,2023-08-04,2026-06-12,155000.0,,0
United Kingdom,United Kingdom,66170000,"Financial consultancy, financial transaction processing and clearing-house services",Other,"Financial consultancy, financial transaction processing and clearing-house services",15,20,25,25,2023-08-04,2026-07-28,2326000.0,,0
Quebec,Canada - Quebec,72103301,NO_DESCRIPTION,Other,UNKNOWN,15,20,564,235,2024-06-11,2026-07-31,,2.0,133
United Kingdom,United Kingdom,80511000,Staff training services,Other,Staff training services,15,20,28,20,2023-08-22,2025-07-15,168000.0,,0
Germany,Germany,45422000-1,NO_DESCRIPTION,Other,UNKNOWN,15,20,797,0,2023-08-03,2026-07-30,,,0
United Kingdom,United Kingdom,55524000,School catering services,Other,School catering services,15,20,420,376,2023-08-01,2026-07-13,2099177.0,,0
United Kingdom,United Kingdom,73300000,Design and execution of research and development,Other,Design and execution of research and development,15,20,28,18,2023-09-15,2025-02-21,250000.0,,0
United Kingdom,United Kingdom,79300000,Market and economic research; polling and statistics,Other,Market and economic research; polling and statistics,15,20,24,21,2023-09-04,2026-07-13,275000.0,,0
Canada federal,Canada,*86132100,"*Training planning, facilitation and delivery services",Other,"*Training planning, facilitation and delivery services",15,20,28,17,2023-09-27,2026-07-15,,,0
United Kingdom,United Kingdom,85140000,Miscellaneous health services,Other,Miscellaneous health services,15,20,677,116,2023-08-21,2026-07-30,750000.0,,0
United Kingdom,United Kingdom,80530000,Vocational training services,Other,Vocational training services,15,20,34,9,2023-08-15,2026-05-11,237500.0,,0
United Kingdom,United Kingdom,73111000,Research laboratory services,Other,Research laboratory services,15,20,25,17,2023-09-06,2025-11-25,1000000.0,,0
Canada federal,Canada,*56100000,*Accommodation furniture,Other,*Accommodation furniture,15,20,32,9,2023-08-01,2026-05-25,,,0
United Kingdom,United Kingdom,71311300,Infrastructure works consultancy services,Other,Infrastructure works consultancy services,15,20,21,20,2023-08-10,2026-07-07,400000.0,,0
Canada federal,Canada,*81141901,*Product research and development service,Other,*Product research and development service,15,20,30,10,2023-08-01,2026-07-27,,,0
Ireland,Ireland,73220000.0,Development consultancy services.,Other,Development consultancy services.,15,20,27,13,2023-08-14,2026-03-24,90000.0,,0
Ireland,Ireland,39100000.0,Furniture.,Other,Furniture.,15,20,24,16,2023-08-15,2026-03-26,221000.0,,0
Ireland,Ireland,71621000.0,Technical analysis or consultancy services.,Other,Technical analysis or consultancy services.,15,20,23,17,2023-08-31,2026-03-19,200000.0,,0
United Kingdom,United Kingdom,71311210,Highways consultancy services,Other,Highways consultancy services,15,20,20,20,2023-08-05,2026-06-15,9000000.0,,0
Canada federal,Canada,*81141902,*Application or technology research and development service,Other,*Application or technology research and development service,15,20,31,8,2023-08-03,2026-07-31,,,0
United Kingdom,United Kingdom,90713000,Environmental issues consultancy services,Other,Environmental issues consultancy services,15,20,23,16,2023-08-03,2025-12-24,175000.0,,0
United Kingdom,United Kingdom,71317210,Health and safety consultancy services,Other,Health and safety consultancy services,15,20,21,18,2023-08-04,2025-09-20,201000.0,,0
United Kingdom,United Kingdom,30192000,Office supplies,Other,Office supplies,15,20,20,19,2023-08-07,2026-07-27,,,0
Canada federal,Canada,*72121103,*Commercial and office building renovation and repair service,Other,*Commercial and office building renovation and repair service,15,20,27,10,2023-09-26,2026-06-03,,,0
France,France,79212100,Audit,Other,Services,15,20,19,18,2023-09-12,2026-03-31,,,0
Ireland,Ireland,71600000.0,"Technical testing, analysis and consultancy services.",Other,"Technical testing, analysis and consultancy services.",15,20,21,15,2023-10-08,2026-03-27,215500.0,,0
Canada federal,Canada,*80101508,*Business intelligence consulting services,Other,*Business intelligence consulting services,15,20,20,16,2023-08-11,2026-05-08,,,0
United Kingdom,United Kingdom,80570000,Personal development training services,Other,Personal development training services,15,20,19,17,2023-09-01,2026-06-26,762500.0,,0
Ireland,Ireland,79411000.0,General management consultancy services.,Other,General management consultancy services.,15,20,21,14,2023-08-29,2025-11-10,87500.0,,0
Germany,Germany,45215100,NO_DESCRIPTION,Other,UNKNOWN,15,20,682,102,2023-08-01,2026-07-31,100000.0,,0
Canada federal,Canada,*32130000 *81101700,*Electronic hardware and component parts and accessories *Electrical and electronic engineering,Other,*Electronic hardware and component parts and accessories *Electrical and electronic engineering,15,20,33,1,2025-06-11,2026-06-24,,,0
Canada federal,Canada,*53100000,*Clothing,Other,*Clothing,15,20,30,4,2023-08-22,2026-06-05,,,0
United Kingdom,United Kingdom,80561000,Health training services,Other,Health training services,15,20,22,12,2023-08-22,2026-04-29,350000.0,,0
United Kingdom,United Kingdom,79120000,Patent and copyright consultancy services,Other,Patent and copyright consultancy services,15,20,18,15,2023-08-09,2025-11-12,1800000.0,,0
Ireland,Ireland,71314300.0,Energy-efficiency consultancy services.,Other,Energy-efficiency consultancy services.,15,20,21,11,2024-02-02,2026-03-30,200000.0,,0
United Kingdom,United Kingdom,80521000,Training programme services,Other,Training programme services,15,20,18,14,2023-08-17,2026-07-21,1150000.0,,0
Ireland,Ireland,79342000.0,Marketing services.,Other,Marketing services.,15,20,18,14,2023-08-22,2026-02-26,185000.0,,0
Ireland,Ireland,18100000.0,"Occupational clothing, special workwear and accessories.",Other,"Occupational clothing, special workwear and accessories.",15,20,17,15,2023-08-30,2026-03-31,605000.0,,0
United Kingdom,United Kingdom,79341400,Advertising campaign services,Other,Advertising campaign services,15,20,17,15,2023-09-19,2026-02-03,914022.5,,0
France,France,71200000,Maîtrise d'oeuvre,Other,Services,15,20,428,353,2023-08-12,2026-07-31,,,0
Canada federal,Canada,*72121100,*Commercial and office building construction services,Other,*Commercial and office building construction services,15,20,24,7,2023-08-31,2026-07-17,,,0
United Kingdom,United Kingdom,73100000,Research and experimental development services,Other,Research and experimental development services,15,20,22,9,2023-08-01,2026-06-19,2000000.0,,0
Canada federal,Canada,*43230000 *81112200,*Software *Software maintenance and support,Other,*Software *Software maintenance and support,15,20,28,3,2024-05-09,2026-07-30,,,0
United Kingdom,United Kingdom,80550000,Safety training services,Other,Safety training services,15,20,16,14,2023-08-11,2026-06-26,500000.0,,0
France,France,"21,446","Audit,Expertise comptable",Other,Services,15,20,15,15,2024-02-03,2026-07-26,,,0
Ireland,Ireland,79418000.0,Procurement consultancy services.,Other,Procurement consultancy services.,15,20,16,13,2023-08-03,2025-11-12,341000.0,,0
Canada federal,Canada,*80101511 *80110000,*Human resources consulting service *Human resources services,Other,*Human resources consulting service *Human resources services,15,20,16,13,2023-08-09,2026-05-05,,,0
United Kingdom,United Kingdom,79221000,Tax consultancy services,Other,Tax consultancy services,15,20,15,14,2023-08-03,2026-07-15,600000.0,,0
Ireland,Ireland,90713100.0,Consulting services for water-supply and waste-water other than for construction.,Other,Consulting services for water-supply and waste-water other than for construction.,15,20,14,14,2025-03-19,2026-03-23,30000.0,,0
United Kingdom,United Kingdom,71317100,Fire and explosion protection and control consultancy services,Other,Fire and explosion protection and control consultancy services,15,20,14,14,2023-08-22,2025-12-04,285000.0,,0
Ireland,Ireland,71530000.0,Construction consultancy services.,Other,Construction consultancy services.,15,20,16,12,2023-08-01,2026-01-28,75000.0,,0
Canada federal,Canada,*80161508,*Document destruction services,Other,*Document destruction services,15,20,16,12,2023-08-08,2026-06-08,,,0
United Kingdom,United Kingdom,64100000,Post and courier services,Other,Post and courier services,15,20,14,13,2023-09-14,2026-07-28,3700000.0,,0
Ireland,Ireland,79415200.0,Design consultancy services.,Other,Design consultancy services.,15,20,15,12,2023-09-09,2026-03-10,750000.0,,0
Germany,Germany,39130000,NO_DESCRIPTION,Other,UNKNOWN,15,20,515,261,2023-08-10,2026-07-28,422000.0,,0
Canada federal,Canada,*80111504,*Labor training or development,Other,*Labor training or development,15,20,20,6,2023-09-26,2026-03-31,,,0
Ireland,Ireland,79952100.0,Cultural event organisation services.,Other,Cultural event organisation services.,15,20,15,10,2023-10-01,2026-03-19,400000.0,,0
Ireland,Ireland,66170000.0,"Financial consultancy, financial transaction processing and clearing-house services.",Other,"Financial consultancy, financial transaction processing and clearing-house services.",15,20,14,11,2023-08-31,2026-02-04,233000.0,,0
Ireland,Ireland,30210000.0,Data-processing machines (hardware).,Other,Data-processing machines (hardware).,15,20,13,12,2023-09-13,2026-02-11,187500.0,,0
France,France,79419000,Audit,Other,Services,15,20,13,12,2023-09-28,2026-05-18,,,0
United Kingdom,United Kingdom,73410000,Military research and technology,Other,Military research and technology,15,20,23,1,2023-12-01,2026-01-26,95000000.0,,0
Canada federal,Canada,*86100000,*Vocational training,Other,*Vocational training,15,20,16,8,2023-09-01,2026-04-24,,,0
Ireland,Ireland,79300000.0,Market and economic research; polling and statistics.,Other,Market and economic research; polling and statistics.,15,20,14,10,2023-10-19,2026-01-08,425000.0,,0
Ireland,Ireland,55120000.0,Hotel meeting and conference services.,Other,Hotel meeting and conference services.,15,20,13,11,2023-08-02,2026-02-03,80000.0,,0
Canada federal,Canada,*84111603,*Internal audits,Other,*Internal audits,15,20,13,11,2023-10-17,2026-06-26,,,0
Ireland,Ireland,79341000.0,Advertising services.,Other,Advertising services.,15,20,12,12,2023-08-18,2026-03-04,387500.0,,0
United Kingdom,United Kingdom,79342200,Promotional services,Other,Promotional services,15,20,12,11,2023-09-14,2025-05-08,6250000.0,,0
United Kingdom,United Kingdom,79412000,Financial management consultancy services,Other,Financial management consultancy services,15,20,12,11,2023-08-11,2026-01-09,240000.0,,0
France,France,"274,21","Prestations de services,Audit",Other,Services,15,20,12,11,2024-06-05,2026-07-31,,,0
United Kingdom,United Kingdom,35811200,Police uniforms,Other,Police uniforms,15,20,13,9,2023-09-27,2026-04-14,38000000.0,,0
Quebec,Canada - Quebec,27000000,NO_DESCRIPTION,Other,UNKNOWN,15,20,529,243,2023-08-03,2026-07-30,133799.0,1.0,348
Canada federal,Canada,*56110000,*Commercial and industrial furniture,Other,*Commercial and industrial furniture,15,20,18,4,2023-08-17,2025-10-02,,,0
United Kingdom,United Kingdom,30210000,Data-processing machines (hardware),Other,Data-processing machines (hardware),15,20,11,11,2024-01-03,2026-05-28,,,0
France,France,79212200,Audit,Other,Services,15,20,11,11,2023-09-19,2026-07-31,,,0
Canada federal,Canada,*81112200,*Software maintenance and support,Other,*Software maintenance and support,15,20,15,6,2023-12-19,2026-07-21,,,0
Canada federal,Canada,*31160000,*Hardware,Other,*Hardware,15,20,17,4,2024-01-19,2026-07-14,,,0
Ireland,Ireland,71317210.0,Health and safety consultancy services.,Other,Health and safety consultancy services.,15,20,12,9,2023-08-17,2026-01-29,1112757.0,,0
Ireland,Ireland,34134000.0,Flatbed and Tipper trucks.,Other,Flatbed and Tipper trucks.,15,20,12,9,2023-11-30,2025-10-10,500000.0,,0
United Kingdom,United Kingdom,79632000,Personnel-training services,Other,Personnel-training services,15,20,12,9,2023-08-25,2025-11-26,200000.0,,0
Ireland,Ireland,80510000.0,Specialist training services.,Other,Specialist training services.,15,20,11,10,2023-08-29,2025-04-11,205000.0,,0
Ireland,Ireland,30211300.0,Computer platforms.,Other,Computer platforms.,15,20,11,10,2023-12-01,2026-01-23,210000.0,,0
Ireland,Ireland,22462000.0,Advertising material.,Other,Advertising material.,15,20,14,6,2023-11-18,2025-11-18,3143879.5,,0
United Kingdom,United Kingdom,30213100,Portable computers,Other,Portable computers,15,20,11,9,2024-04-09,2026-01-26,,,0
United Kingdom,United Kingdom,30230000,Computer-related equipment,Other,Computer-related equipment,15,20,10,10,2023-08-17,2025-08-12,250000.0,,0
France,France,79132000,Audit,Other,Services,15,20,10,10,2023-09-14,2026-06-02,,,0
United Kingdom,United Kingdom,79500000,Office-support services,Other,Office-support services,15,20,10,10,2023-10-03,2025-09-19,20250000.0,,0
France,France,79212000,"Audit,Prestations de services",Other,Services,15,20,10,10,2023-09-11,2025-06-19,,,0
Canada federal,Canada,*92111700,*Military science and research,Other,*Military science and research,15,20,15,4,2023-10-04,2025-09-10,,,0
United Kingdom,United Kingdom,90713100,Consulting services for water-supply and waste-water other than for construction,Other,Consulting services for water-supply and waste-water other than for construction,15,20,10,9,2023-09-08,2025-02-21,1115000.0,,0
United Kingdom,United Kingdom,39140000,Domestic furniture,Other,Domestic furniture,15,20,10,9,2023-08-02,2026-06-22,322000.0,,0
United Kingdom,United Kingdom,50324200,Preventive maintenance services,Other,Preventive maintenance services,15,20,10,9,2023-10-20,2024-10-18,600000.0,,0
United Kingdom,United Kingdom,55120000,Hotel meeting and conference services,Other,Hotel meeting and conference services,15,20,10,9,2023-10-20,2026-07-17,175863.0,,0
United Kingdom,United Kingdom,79417000,Safety consultancy services,Other,Safety consultancy services,15,20,13,5,2023-12-18,2025-08-15,0.01,,0
United Kingdom,United Kingdom,66523000,Pension fund consultancy services,Other,Pension fund consultancy services,15,20,10,8,2023-08-23,2025-10-09,800000.0,,0
United Kingdom,United Kingdom,30190000,Various office equipment and supplies,Other,Various office equipment and supplies,15,20,10,8,2023-08-11,2026-05-08,400000.0,,0
Canada federal,Canada,*80141500,*Market research,Other,*Market research,15,20,9,9,2023-10-13,2026-06-01,,,0
Quebec,Canada - Quebec,83100000,NO_DESCRIPTION,Other,UNKNOWN,15,20,658,109,2023-08-02,2026-07-31,653199.0,2.0,251
Ireland,Ireland,79120000.0,Patent and copyright consultancy services.,Other,Patent and copyright consultancy services.,15,20,11,6,2023-10-23,2025-09-15,474500.0,,0
Ireland,Ireland,71311200.0,Transport systems consultancy services.,Other,Transport systems consultancy services.,15,20,11,6,2023-10-08,2025-11-18,2200000.0,,0
United Kingdom,United Kingdom,80531200,Technical training services,Other,Technical training services,15,20,9,8,2023-10-03,2026-01-28,1000000.0,,0
Ireland,Ireland,80511000.0,Staff training services.,Other,Staff training services.,15,20,9,8,2023-10-10,2025-11-06,138999.5,,0
United Kingdom,United Kingdom,39141000,Kitchen furniture and equipment,Other,Kitchen furniture and equipment,15,20,9,8,2023-10-20,2026-06-03,,,0
Canada federal,Canada,*76111500,*General building and office cleaning and maintenance services,Other,*General building and office cleaning and maintenance services,15,20,10,6,2023-11-22,2026-05-29,,,0
United Kingdom,United Kingdom,79952100,Cultural event organisation services,Other,Cultural event organisation services,15,20,9,7,2023-11-22,2025-03-14,434000.0,,0
Canada federal,Canada,*86132000,*Management education and training services,Other,*Management education and training services,15,20,9,7,2023-10-24,2026-04-22,,,0
Canada federal,Canada,*56111500,*Workstations and office packages,Other,*Workstations and office packages,15,20,9,7,2023-08-04,2026-07-16,,,0
Canada federal,Canada,*86101709,*Safety training services,Other,*Safety training services,15,20,9,7,2023-08-31,2026-07-23,,,0
United Kingdom,United Kingdom,30232100,Printers and plotters,Other,Printers and plotters,15,20,8,8,2023-08-16,2026-07-16,226000.0,,0
Ireland,Ireland,71248000.0,Supervision of project and documentation.,Other,Supervision of project and documentation.,15,20,8,8,2023-08-07,2025-10-03,130000.0,,0
Canada federal,Canada,*56000000,*Furniture and Furnishings,Other,*Furniture and Furnishings,15,20,14,1,2023-08-02,2026-02-11,,,0
Canada federal,Canada,*80111700,*Personnel recruitment,Other,*Personnel recruitment,15,20,9,6,2023-12-06,2026-06-19,,,0
Canada federal,Canada,*80101512,*Actuarial consulting services,Other,*Actuarial consulting services,15,20,8,7,2023-09-20,2026-06-19,,,0
Ireland,Ireland,30230000.0,Computer related equipment.,Other,Computer related equipment.,15,20,8,7,2023-08-24,2026-02-26,1350000.0,,0
France,France,21,Audit,Other,UNKNOWN,15,20,8,7,2023-08-09,2025-09-19,,,0
United Kingdom,United Kingdom,18110000,Occupational clothing,Other,Occupational clothing,15,20,8,7,2023-08-30,2026-04-17,600000.0,,0
Ireland,Ireland,30190000.0,Various office equipment and supplies.,Other,Various office equipment and supplies.,15,20,8,7,2023-08-18,2026-03-05,500000.0,,0
Ireland,Ireland,22450000.0,Security-type printed matter.,Other,Security-type printed matter.,15,20,8,7,2024-02-15,2026-01-23,262000.0,,0
Ireland,Ireland,71315200.0,Building consultancy services.,Other,Building consultancy services.,15,20,9,5,2023-12-12,2026-03-13,2213250.0,,0
United Kingdom,United Kingdom,98200000,Equal opportunities consultancy services,Other,Equal opportunities consultancy services,15,20,8,6,2023-10-11,2025-08-14,231772.0,,0
United Kingdom,United Kingdom,79212400,Fraud audit services,Other,Fraud audit services,15,20,8,6,2024-04-03,2025-06-20,594000.0,,0
Ireland,Ireland,73100000.0,Research and experimental development services.,Other,Research and experimental development services.,15,20,8,6,2024-10-29,2025-10-13,135000.0,,0
United Kingdom,United Kingdom,18400000,Special clothing and accessories,Other,Special clothing and accessories,15,20,8,6,2023-10-20,2026-02-27,,,0
United Kingdom,United Kingdom,33192000,Medical furniture,Other,Medical furniture,15,20,7,7,2023-10-04,2026-05-20,815000.0,,0
Ireland,Ireland,22800000.0,"Paper or paperboard registers, account books, binders, forms and other articles of printed stationery.",Other,"Paper or paperboard registers, account books, binders, forms and other articles of printed stationery.",15,20,7,7,2023-10-24,2026-01-27,1500000.0,,0
Ireland,Ireland,79210000.0,Accounting and auditing services.,Other,Accounting and auditing services.,15,20,7,7,2023-11-28,2025-10-16,135000.0,,0
United Kingdom,United Kingdom,38970000,"Research, testing and scientific technical simulator",Other,"Research, testing and scientific technical simulator",15,20,7,7,2023-11-09,2024-12-20,220000.0,,0
France,France,79210000,Audit,Other,Services,15,20,7,7,2023-09-30,2025-06-05,,,0
France,France,71314300,Audit,Other,Services,15,20,7,7,2023-11-14,2026-06-29,,,0
Ireland,Ireland,71312000.0,Structural engineering consultancy services.,Other,Structural engineering consultancy services.,15,20,7,7,2024-02-26,2025-08-12,80000.0,,0
Germany,Germany,45442110,NO_DESCRIPTION,Other,UNKNOWN,15,20,504,260,2023-08-11,2026-07-29,128823.0,,0
United Kingdom,United Kingdom,80660000,Training and simulation in military electronic systems,Other,Training and simulation in military electronic systems,15,20,12,2,2023-08-09,2026-04-27,,,0
Canada federal,Canada,*85131700,*Medical science and research,Other,*Medical science and research,15,20,10,4,2023-11-13,2026-03-02,,,0
Ireland,Ireland,80540000.0,Environmental training services.,Other,Environmental training services.,15,20,8,5,2024-03-29,2026-01-20,23760.0,,0
Canada federal,Canada,*81111801,*Computer or network or internet security,Other,*Computer or network or internet security,15,20,8,5,2023-09-27,2026-03-17,,,0
Canada federal,Canada,*39121700,*Electrical hardware and supplies,Other,*Electrical hardware and supplies,15,20,8,5,2023-12-19,2026-06-10,,,0
Canada federal,Canada,*84111600 *84111603,*Audit services *Internal audits,Other,*Audit services *Internal audits,15,20,7,6,2024-04-02,2026-07-08,,,0
United Kingdom,United Kingdom,51611100,Hardware installation services,Other,Hardware installation services,15,20,7,6,2023-08-09,2025-11-18,4000000.0,,0
United Kingdom,United Kingdom,79999100,Scanning services,Other,Scanning services,15,20,7,6,2024-10-01,2025-10-14,,,0
Germany,Germany,45212212,NO_DESCRIPTION,Other,UNKNOWN,15,20,602,161,2023-08-03,2026-07-30,792000.0,,0
Canada federal,Canada,*JI7030,*ADP Software - Installation,Other,*ADP Software - Installation,15,20,12,1,2023-08-04,2025-11-24,,,0
Canada federal,Canada,*81000000,*Engineering and Research and Technology Based Services,Other,*Engineering and Research and Technology Based Services,15,20,12,1,2023-09-06,2025-10-14,,,0
Canada federal,Canada,*70101602,*Fishery research or experimentation services,Other,*Fishery research or experimentation services,15,20,10,3,2023-08-21,2026-04-07,,,0
Ireland,Ireland,22110000.0,Printed books.,Other,Printed books.,15,20,7,5,2023-10-03,2025-03-07,100000.0,,0
Ireland,Ireland,79419000.0,Evaluation consultancy services.,Other,Evaluation consultancy services.,15,20,7,5,2023-09-14,2026-02-04,46372.0,,0
Canada federal,Canada,*43231500,*Business function specific software,Other,*Business function specific software,15,20,7,5,2023-10-20,2026-03-09,,,0
United Kingdom,United Kingdom,79571000,Mailing services,Other,Mailing services,15,20,6,6,2024-02-14,2026-02-09,25000.0,,0
France,France,"21,163","Audit,Informatique (prestations de services)",Other,Services,15,20,6,6,2024-11-19,2026-04-27,,,0
France,France,79414000,Audit,Other,Services,15,20,6,6,2023-12-14,2025-03-03,,,0
Ireland,Ireland,30213100.0,Portable computers.,Other,Portable computers.,15,20,6,6,2023-09-06,2026-01-30,140000.0,,0
United Kingdom,United Kingdom,98340000,Accommodation and office services,Other,Accommodation and office services,15,20,6,6,2023-11-13,2024-12-03,2200000.0,,0
United Kingdom,United Kingdom,71317000,Hazard protection and control consultancy services,Other,Hazard protection and control consultancy services,15,20,6,6,2024-05-13,2026-02-16,1830000.0,,0
France,France,79200000,Audit,Other,Services,15,20,6,6,2023-11-13,2026-04-30,,,0
France,France,71241000,Audit,Other,Services,15,20,6,6,2023-08-11,2025-07-28,,,0
Ireland,Ireland,79412000.0,Financial management consultancy services.,Other,Financial management consultancy services.,15,20,6,6,2024-04-02,2025-06-06,220000.0,,0
Ireland,Ireland,30192000.0,Office supplies.,Other,Office supplies.,15,20,6,6,2023-09-15,2025-03-31,855000.0,,0
Canada federal,Canada,*80171803,*Media training and coaching service,Other,*Media training and coaching service,15,20,6,6,2023-08-11,2026-01-28,,,0
Ireland,Ireland,79411100.0,Business-development consultancy services.,Other,Business-development consultancy services.,15,20,6,6,2023-10-26,2025-11-12,202500.0,,0
Canada federal,Canada,*86132201,*Training workshop service,Other,*Training workshop service,15,20,6,6,2023-09-07,2025-01-20,,,0
United Kingdom,United Kingdom,79341200,Advertising management services,Other,Advertising management services,15,20,6,6,2023-11-01,2026-07-24,2455000.0,,0
Canada federal,Canada,*86000000,*Education and Training Services,Other,*Education and Training Services,15,20,11,1,2023-10-13,2026-07-10,,,0
Canada federal,Canada,*46200000,*Defense and law enforcement and security and safety training equipment,Other,*Defense and law enforcement and security and safety training equipment,15,20,10,2,2023-09-11,2026-07-13,,,0
Canada federal,Canada,*80141607 *80161502,*Events management *Meeting planning services,Other,*Events management *Meeting planning services,15,20,10,2,2024-03-19,2026-07-30,,,0
Germany,Germany,45315000,NO_DESCRIPTION,Other,UNKNOWN,15,20,494,267,2023-08-04,2026-07-16,310188.02,,0
Canada federal,Canada,*78102200,*Postal and small parcel and courier services,Other,*Postal and small parcel and courier services,15,20,6,5,2024-08-09,2026-03-06,,,0
United Kingdom,United Kingdom,79635000,Assessment centre services for recruitment,Other,Assessment centre services for recruitment,15,20,6,5,2023-09-01,2025-03-19,,,0
Ireland,Ireland,30213000.0,Personal computers.,Other,Personal computers.,15,20,6,5,2025-01-14,2026-02-16,175000.0,,0
United Kingdom,United Kingdom,90714000,Environmental auditing,Other,Environmental auditing,15,20,6,5,2023-10-10,2026-05-07,450000.0,,0
Ireland,Ireland,79415000.0,Production management consultancy services.,Other,Production management consultancy services.,15,20,6,5,2023-08-18,2025-07-30,221000.0,,0
Ireland,Ireland,18400000.0,Special clothing and accessories.,Other,Special clothing and accessories.,15,20,6,5,2024-06-20,2026-03-09,135000.0,,0
United Kingdom,United Kingdom,34152000,Training simulators,Other,Training simulators,15,20,6,5,2023-11-23,2025-11-14,840000.0,,0
Ireland,Ireland,71315210.0,Building services consultancy services.,Other,Building services consultancy services.,15,20,6,5,2024-03-28,2025-10-20,300000.0,,0
Canada federal,Canada,*81111600,*Computer programmers,Other,*Computer programmers,15,20,6,5,2023-09-26,2026-01-13,,,0
Germany,Germany,77000000,NO_DESCRIPTION,Other,UNKNOWN,15,20,615,146,2023-08-03,2026-07-30,500000.0,,0
United Kingdom,United Kingdom,80650000,"Training and simulation in aircrafts, missiles and spacecrafts",Other,"Training and simulation in aircrafts, missiles and spacecrafts",15,20,10,1,2023-10-19,2025-04-29,106900000.0,,0
Canada federal,Canada,*JX7025AJ,"*Printers, Page, Laser - Maintenance",Other,"*Printers, Page, Laser - Maintenance",15,20,10,1,2024-01-16,2026-06-15,,,0
Canada federal,Canada,*43210000,*Computer Equipment and Accessories,Other,*Computer Equipment and Accessories,15,20,9,2,2025-02-07,2026-01-30,,,0
United Kingdom,United Kingdom,30211100,Super computer,Other,Super computer,15,20,7,4,2023-10-13,2025-01-17,348000000.0,,0
Canada federal,Canada,*81162103,*Platform software as a service,Other,*Platform software as a service,15,20,7,4,2024-01-05,2025-08-11,,,0
Canada federal,Canada,*81110000 *81160000,*Computer services *Information Technology Service Delivery,Other,*Computer services *Information Technology Service Delivery,15,20,7,4,2024-01-02,2025-09-11,,,0
Ireland,Ireland,79342200.0,Promotional services.,Other,Promotional services.,15,20,5,5,2023-10-13,2025-05-01,65000.0,,0
Ireland,Ireland,73300000.0,Design and execution of research and development.,Other,Design and execution of research and development.,15,20,5,5,2023-11-23,2025-06-10,57000.0,,0
United Kingdom,United Kingdom,30213200,Tablet computer,Other,Tablet computer,15,20,5,5,2024-05-20,2026-02-03,,,0
Ireland,Ireland,80532000.0,Management training services.,Other,Management training services.,15,20,5,5,2023-08-15,2026-02-05,38000.0,,0
France,France,79419000,"Audit,Prestations de services",Other,Services,15,20,5,5,2023-08-12,2025-05-23,,,0
United Kingdom,United Kingdom,80520000,Training facilities,Other,Training facilities,15,20,5,5,2023-08-03,2024-12-05,5035000.0,,0
Canada federal,Canada,*43231602,*Enterprise resource planning ERP software,Other,*Enterprise resource planning ERP software,15,20,5,5,2023-08-11,2026-01-26,,,0
Canada federal,Canada,*80101500 *80101508 *80101600,*Business and corporate management consultation services *Business intelligence consulting services *Project management,Other,*Business and corporate management consultation services *Business intelligence consulting services *Project management,15,20,9,1,2025-04-15,2026-07-24,,,0
Canada federal,Canada,*80110000 *80111600,*Human resources services *Temporary personnel services,Other,*Human resources services *Temporary personnel services,15,20,8,2,2023-10-31,2024-10-24,,,0
United Kingdom,United Kingdom,80600000,Training services in defence and security materials,Other,Training services in defence and security materials,15,20,7,3,2023-08-02,2025-02-27,3000000.0,,0
Canada federal,Canada,*72121100 *72121103,*Commercial and office building construction services *Commercial and office building renovation and repair service,Other,*Commercial and office building construction services *Commercial and office building renovation and repair service,15,20,7,3,2023-11-22,2026-07-30,,,0
United Kingdom,United Kingdom,18222000,Corporate clothing,Other,Corporate clothing,15,20,6,4,2024-04-04,2024-12-20,6000000.0,,0
Ireland,Ireland,92111100.0,Training-film and video-tape production.,Other,Training-film and video-tape production.,15,20,6,4,2023-08-03,2025-11-24,230000.0,,0
Canada federal,Canada,*25111534,*Research vessel,Other,*Research vessel,15,20,6,4,2023-11-15,2026-07-22,,,0
Ireland,Ireland,30231000.0,Computer screens and consoles.,Other,Computer screens and consoles.,15,20,6,4,2024-02-21,2026-03-29,285000.0,,0
United Kingdom,United Kingdom,33199000,Medical clothing,Other,Medical clothing,15,20,6,4,2024-01-23,2025-08-22,,,0
Canada federal,Canada,*N5340,"*Hardware, Commercial",Other,"*Hardware, Commercial",15,20,8,1,2024-01-24,2025-11-24,,,0
Canada federal,Canada,*81101516,*Energy or utility consulting service,Other,*Energy or utility consulting service,15,20,7,2,2023-11-02,2025-11-07,,,0
Ireland,Ireland,64121100.0,Mail delivery services.,Other,Mail delivery services.,15,20,6,3,2023-10-25,2025-12-04,40000.0,,0
Ireland,Ireland,64120000.0,Courier services.,Other,Courier services.,15,20,6,3,2024-01-30,2025-07-18,19933170.73,,0
United Kingdom,United Kingdom,35811100,Fire-brigade uniforms,Other,Fire-brigade uniforms,15,20,6,3,2023-12-13,2026-07-15,,,0
Canada federal,Canada,*25131509,*Fixed wing training aircraft or trainer,Other,*Fixed wing training aircraft or trainer,15,20,6,3,2024-09-11,2026-02-11,,,0
United Kingdom,United Kingdom,18220000,Weatherproof clothing,Other,Weatherproof clothing,15,20,5,4,2023-08-07,2025-09-24,,,0
Ireland,Ireland,64100000.0,Post and courier services.,Other,Post and courier services.,15,20,5,4,2023-08-28,2025-11-10,80850.0,,0
Canada federal,Canada,*78131804,*Document storage services,Other,*Document storage services,15,20,5,4,2023-10-12,2025-07-16,,,0
Ireland,Ireland,30232100.0,Printers and plotters.,Other,Printers and plotters.,15,20,5,4,2023-08-02,2024-04-22,150000.0,,0
United Kingdom,United Kingdom,71313100,Noise-control consultancy services,Other,Noise-control consultancy services,15,20,5,4,2023-08-23,2024-07-26,810000.0,,0
Canada federal,Canada,*78102203,*Mailing or mail pick up or delivery services,Other,*Mailing or mail pick up or delivery services,15,20,5,4,2023-12-21,2026-03-04,,,0
Canada federal,Canada,*86101810,*Personnel skills training,Other,*Personnel skills training,15,20,5,4,2024-01-11,2026-01-22,,,0
Ireland,Ireland,71317100.0,Fire and explosion protection and control consultancy services.,Other,Fire and explosion protection and control consultancy services.,15,20,5,4,2024-11-21,2026-01-12,175000.0,,0
Ireland,Ireland,71313100.0,Noise-control consultancy services.,Other,Noise-control consultancy services.,15,20,5,4,2023-12-01,2026-01-19,200000.0,,0
United Kingdom,United Kingdom,64216120,Electronic mail services,Other,Electronic mail services,15,20,5,4,2024-02-12,2025-02-21,960000.0,,0
Canada federal,Canada,*AJ212512,*Communications Network Hardware (R&D),Other,*Communications Network Hardware (R&D),15,20,7,1,2023-09-27,2026-03-11,,,0
Canada federal,Canada,*80101504 *80101508,*Strategic planning consultation services *Business intelligence consulting services,Other,*Strategic planning consultation services *Business intelligence consulting services,15,20,7,1,2024-05-10,2026-07-02,,,0
Ireland,Ireland,45246400.0,Flood-prevention works.,Other,Flood-prevention works.,15,20,6,2,2025-07-04,2025-10-03,127500.0,,0
Ireland,Ireland,45343000.0,Fire-prevention installation works.,Other,Fire-prevention installation works.,15,20,5,3,2023-08-02,2024-06-25,0.0,,0
Ireland,Ireland,90713000.0,Environmental issues consultancy services.,Other,Environmental issues consultancy services.,15,20,5,3,2024-01-04,2025-02-21,162000.0,,0
United Kingdom,United Kingdom,71351200,Geological and geophysical consultancy services,Other,Geological and geophysical consultancy services,15,20,5,3,2024-02-01,2024-12-20,,,0
Ireland,Ireland,30213300.0,Desktop computer.,Other,Desktop computer.,15,20,5,3,2023-08-05,2025-08-19,198700000.0,,0
Ireland,Ireland,80550000.0,Safety training services.,Other,Safety training services.,15,20,5,3,2025-02-28,2026-03-24,221000.0,,0
Canada federal,Canada,*42300000,*Medical training and education supplies,Other,*Medical training and education supplies,15,20,5,3,2023-11-01,2026-02-13,,,0
Ireland,Ireland,18220000.0,Weatherproof clothing.,Other,Weatherproof clothing.,15,20,4,4,2024-08-01,2025-09-12,1000000.0,,0
Ireland,Ireland,71316000.0,Telecommunication consultancy services.,Other,Telecommunication consultancy services.,15,20,4,4,2024-05-02,2026-02-11,2750000.0,,0
France,France,"21,410","Audit,Formation",Other,Services,15,20,4,4,2024-02-14,2025-07-12,,,0
United Kingdom,United Kingdom,30213000,Personal computers,Other,Personal computers,15,20,4,4,2024-10-16,2026-04-17,,,0
Ireland,Ireland,18110000.0,Occupational clothing.,Other,Occupational clothing.,15,20,4,4,2023-09-01,2024-05-17,435000.0,,0
France,France,79212300,"Audit,Prestations de services",Other,Services,15,20,4,4,2023-12-21,2025-07-04,,,0
United Kingdom,United Kingdom,80532000,Management training services,Other,Management training services,15,20,4,4,2023-08-10,2025-02-19,,,0
United Kingdom,United Kingdom,80562000,First-aid training services,Other,First-aid training services,15,20,4,4,2023-10-11,2026-04-14,,,0
France,France,"446,21","Expertise comptable,Audit",Other,Services,15,20,4,4,2024-04-21,2026-07-26,,,0
Ireland,Ireland,30213200.0,Tablet computer.,Other,Tablet computer.,15,20,4,4,2024-06-04,2025-12-18,600000.0,,0
Ireland,Ireland,79212200.0,Internal audit services.,Other,Internal audit services.,15,20,4,4,2023-08-08,2026-02-23,90000.0,,0
United Kingdom,United Kingdom,30213300,Desktop computer,Other,Desktop computer,15,20,4,4,2023-08-02,2025-02-26,250000.0,,0
Canada federal,Canada,*84111502 *84111600,*Financial accounting service *Audit services,Other,*Financial accounting service *Audit services,15,20,4,4,2023-08-24,2026-02-06,,,0
France,France,"433,21","Assistance à maîtrise d'ouvrage,Audit",Other,Services,15,20,4,4,2024-05-12,2026-07-26,,,0
France,France,21,Audit,Other,Fournitures,15,20,4,4,2023-09-14,2026-03-14,,,0
Ireland,Ireland,71311300.0,Infrastructure works consultancy services.,Other,Infrastructure works consultancy services.,15,20,4,4,2025-03-13,2025-12-23,150000.0,,0
France,France,"21,471","Audit,Sondage, enquête",Other,Services,15,20,4,4,2023-10-24,2025-11-09,,,0
United Kingdom,United Kingdom,38511100,Scanning electron microscopes,Other,Scanning electron microscopes,15,20,5,2,2024-10-17,2025-07-25,,,0
United Kingdom,United Kingdom,79342100,Direct marketing services,Other,Direct marketing services,15,20,5,2,2023-11-06,2024-10-25,26000000.0,,0
Canada federal,Canada,*43232605,*Analytical or scientific software,Other,*Analytical or scientific software,15,20,5,2,2024-08-21,2025-02-13,,,0
Ireland,Ireland,80570000.0,Personal development training services.,Other,Personal development training services.,15,20,4,3,2024-07-04,2025-05-14,120000.0,,0
Ireland,Ireland,34134200.0,Tipper trucks.,Other,Tipper trucks.,15,20,4,3,2024-02-20,2025-05-14,450000.0,,0
Ireland,Ireland,79961100.0,Advertising photography services.,Other,Advertising photography services.,15,20,4,3,2024-04-15,2026-01-21,141301.0,,0
Ireland,Ireland,63524000.0,Transport document preparation services.,Other,Transport document preparation services.,15,20,4,3,2023-11-23,2024-10-31,,,0
United Kingdom,United Kingdom,79121000,Copyright consultancy services,Other,Copyright consultancy services,15,20,4,3,2024-08-08,2024-12-05,,,0
United Kingdom,United Kingdom,45246400,Flood-prevention works,Other,Flood-prevention works,15,20,4,3,2024-05-09,2025-04-25,,,0
Ireland,Ireland,34928000.0,Road furniture.,Other,Road furniture.,15,20,4,3,2023-10-16,2024-07-03,30000.0,,0
Canada federal,Canada,*43232107,*Web page creation and editing software,Other,*Web page creation and editing software,15,20,4,3,2024-10-29,2025-05-29,,,0
United Kingdom,United Kingdom,39160000,School furniture,Other,School furniture,15,20,4,3,2023-09-06,2025-09-05,,,0
United Kingdom,United Kingdom,73400000,Research and Development services on security and defence materials,Other,Research and Development services on security and defence materials,15,20,4,3,2024-01-30,2025-05-16,,,0
Canada federal,Canada,*44110000,*Office and desk accessories,Other,*Office and desk accessories,15,20,4,3,2023-09-22,2026-07-15,,,0
Ireland,Ireland,51000000.0,Installation services (except software).,Other,Installation services (except software).,15,20,4,3,2023-09-13,2026-03-10,26250.5,,0
United Kingdom,United Kingdom,22458000,Bespoke printed matter,Other,Bespoke printed matter,15,20,4,3,2023-11-07,2024-09-06,100000.0,,0
Canada federal,Canada,*44120000,*Office supplies,Other,*Office supplies,15,20,4,3,2025-04-17,2026-07-07,,,0
Canada federal,Canada,*80141607,*Events management,Other,*Events management,15,20,4,3,2024-09-17,2026-02-27,,,0
Canada federal,Canada,*56101504 *56101720,*Chairs *Office or work chair,Other,*Chairs *Office or work chair,15,20,4,3,2023-10-13,2025-10-10,,,0
United Kingdom,United Kingdom,39170000,Shop furniture,Other,Shop furniture,15,20,5,1,2024-01-18,2024-06-14,47490000.0,,0
Canada federal,Canada,*U099A,*Business Training,Other,*Business Training,15,20,5,1,2025-04-01,2025-06-26,,,0
Canada federal,Canada,*AJ212516,*Communications Network Software (R&D),Other,*Communications Network Software (R&D),15,20,5,1,2024-07-15,2026-02-16,,,0
Canada federal,Canada,*43232600,*Industry specific software,Other,*Industry specific software,15,20,4,2,2023-11-16,2026-04-30,,,0
Canada federal,Canada,*81141900,*Manufacturing technology research and development services,Other,*Manufacturing technology research and development services,15,20,4,2,2023-12-20,2025-12-09,,,0
Canada federal,Canada,*80141607 *80151504 *80161502,*Events management *Trade promotion services *Meeting planning services,Other,*Events management *Trade promotion services *Meeting planning services,15,20,4,2,2024-09-09,2025-07-31,,,0
Canada federal,Canada,*80140000,*Marketing and distribution,Other,*Marketing and distribution,15,20,4,2,2023-10-31,2026-02-10,,,0
Canada federal,Canada,*84111601,*Year end audits,Other,*Year end audits,15,20,4,2,2023-11-17,2024-10-15,,,0
Ireland,Ireland,33192000.0,Medical furniture.,Other,Medical furniture.,15,20,4,2,2023-11-29,2024-06-13,232500.0,,0
Canada federal,Canada,*72120000 *72121100,*Nonresidential building construction services *Commercial and office building construction services,Other,*Nonresidential building construction services *Commercial and office building construction services,15,20,4,2,2025-08-07,2026-02-03,,,0
United Kingdom,United Kingdom,35710000,"Command, control, communication and computer systems",Other,"Command, control, communication and computer systems",15,20,3,3,2023-09-07,2024-01-19,,,0
France,France,"274,21","Prestations de services,Audit",Other,UNKNOWN,15,20,3,3,2025-06-26,2025-08-26,,,0
France,France,"21,33","Audit,Bâtiment",Other,Services,15,20,3,3,2024-01-26,2026-05-28,,,0
Canada federal,Canada,*81111805,*Proprietary or licensed systems maintenance or support,Other,*Proprietary or licensed systems maintenance or support,15,20,3,3,2023-09-07,2025-07-21,,,0
United Kingdom,United Kingdom,79416200,Public relations consultancy services,Other,Public relations consultancy services,15,20,3,3,2024-06-26,2025-11-21,120.0,,0
United Kingdom,United Kingdom,22462000,Advertising material,Other,Advertising material,15,20,3,3,2024-02-15,2025-08-13,,,0
France,France,79313000,Audit,Other,Services,15,20,3,3,2024-02-20,2025-02-24,,,0
France,France,79000000,"Audit,Prestations de services",Other,Services,15,20,3,3,2023-08-11,2023-12-15,,,0
Canada federal,Canada,*31162300,*Mounting hardware,Other,*Mounting hardware,15,20,3,3,2024-10-18,2025-05-18,,,0
United Kingdom,United Kingdom,30233100,Computer storage units,Other,Computer storage units,15,20,3,3,2024-03-18,2024-11-01,400000.0,,0
Ireland,Ireland,34152000.0,Training simulators.,Other,Training simulators.,15,20,3,3,2023-09-08,2025-05-28,135000.0,,0
France,France,66171000,Audit,Other,Services,15,20,3,3,2023-11-09,2026-01-23,,,0
Ireland,Ireland,50312000.0,Maintenance and repair of computer equipment.,Other,Maintenance and repair of computer equipment.,15,20,3,3,2024-06-21,2025-08-18,190000.0,,0
France,France,71318000,Audit,Other,Services,15,20,3,3,2024-01-30,2024-12-09,,,0
Ireland,Ireland,34928400.0,Urban furniture.,Other,Urban furniture.,15,20,3,3,2023-10-04,2025-05-21,2787500.0,,0
France,France,"274,446,21","Prestations de services,Expertise comptable,Audit",Other,Services,15,20,3,3,2025-06-07,2026-05-04,,,0
United Kingdom,United Kingdom,80540000,Environmental training services,Other,Environmental training services,15,20,3,3,2023-08-16,2025-02-03,,,0
United Kingdom,United Kingdom,30211300,Computer platforms,Other,Computer platforms,15,20,3,3,2025-04-15,2026-02-13,,,0
Ireland,Ireland,64216120.0,Electronic mail services.,Other,Electronic mail services.,15,20,3,3,2024-09-06,2025-08-22,150000.0,,0
France,France,79212300,"Audit,Expertise comptable",Other,Services,15,20,3,3,2023-08-18,2025-03-15,,,0
Ireland,Ireland,45214800.0,Training facilities building.,Other,Training facilities building.,15,20,3,3,2024-01-31,2025-12-08,220000.0,,0
United Kingdom,United Kingdom,71321400,Ventilation consultancy services,Other,Ventilation consultancy services,15,20,3,3,2023-11-16,2024-03-04,,,0
United Kingdom,United Kingdom,80560000,Health and first-aid training services,Other,Health and first-aid training services,15,20,3,3,2024-01-17,2025-09-25,,,0
France,France,79212300,"Expertise comptable,Audit",Other,Services,15,20,3,3,2024-04-22,2026-04-14,,,0
United Kingdom,United Kingdom,79131000,Documentation services,Other,Documentation services,15,20,3,3,2025-02-03,2025-03-31,,,0
United Kingdom,United Kingdom,64121000,Multi-modal courier services,Other,Multi-modal courier services,15,20,3,3,2023-10-12,2025-01-14,,,0
United Kingdom,United Kingdom,30199710,Printed envelopes,Other,Printed envelopes,15,20,3,3,2023-08-29,2024-06-19,,,0
France,France,"19,21,274","Assistance technique,Audit,Prestations de services",Other,Services,15,20,3,3,2024-04-23,2026-07-21,,,0
France,France,71621000,Audit,Other,Services,15,20,3,3,2024-03-25,2024-10-11,,,0
France,France,"21,19","Audit,Assistance technique",Other,Services,15,20,3,3,2024-02-28,2025-03-08,,,0
France,France,71314200,Audit,Other,Services,15,20,3,3,2024-02-07,2025-05-08,,,0
Canada federal,Canada,*76110000 *76111500,*Cleaning and janitorial services *General building and office cleaning and maintenance services,Other,*Cleaning and janitorial services *General building and office cleaning and maintenance services,15,20,3,3,2024-11-13,2025-10-08,,,0
Canada federal,Canada,*92101603,*Fire prevention services,Other,*Fire prevention services,15,20,3,3,2025-04-17,2026-06-25,,,0
Ireland,Ireland,18222000.0,Corporate clothing.,Other,Corporate clothing.,15,20,3,3,2023-08-05,2025-06-16,600000.0,,0
Ireland,Ireland,39155000.0,Library furniture.,Other,Library furniture.,15,20,3,3,2023-12-18,2024-05-08,370000.0,,0
Ireland,Ireland,39131000.0,Office shelving.,Other,Office shelving.,15,20,3,3,2024-10-24,2026-01-19,6000000.0,,0
France,France,66000000,Audit,Other,Services,15,20,3,3,2023-08-29,2024-09-10,,,0
France,France,71335000,Audit,Other,Services,15,20,3,3,2023-11-28,2025-05-23,,,0
France,France,"21,433","Audit,Assistance à maîtrise d'ouvrage",Other,Services,15,20,3,3,2024-03-21,2025-09-14,,,0
United Kingdom,United Kingdom,34928000,Road furniture,Other,Road furniture,15,20,3,3,2023-08-08,2024-05-21,,,0
Canada federal,Canada,*86132206,*Teaching and educational research service,Other,*Teaching and educational research service,15,20,3,3,2023-10-23,2025-06-30,,,0
Canada federal,Canada,*43232300,*Data management and query software,Other,*Data management and query software,15,20,3,3,2024-10-04,2024-10-23,,,0
Ireland,Ireland,39141000.0,Kitchen furniture and equipment.,Other,Kitchen furniture and equipment.,15,20,3,3,2024-02-29,2025-02-27,90000.0,,0
Ireland,Ireland,79221000.0,Tax consultancy services.,Other,Tax consultancy services.,15,20,3,3,2023-10-27,2024-12-11,400000.0,,0
Canada federal,Canada,*91101800 *91111500,*Clothing rental *Laundering services,Other,*Clothing rental *Laundering services,15,20,3,3,2023-12-22,2025-11-24,,,0
Ireland,Ireland,71311210.0,Highways consultancy services.,Other,Highways consultancy services.,15,20,3,3,2024-09-26,2026-02-09,110000.0,,0
United Kingdom,United Kingdom,50312000,Maintenance and repair of computer equipment,Other,Maintenance and repair of computer equipment,15,20,3,3,2024-01-05,2025-10-31,100.0,,0
Canada federal,Canada,*72121100 *81101513,*Commercial and office building construction services *Building construction management,Other,*Commercial and office building construction services *Building construction management,15,20,4,1,2026-02-17,2026-03-06,,,0
Ireland,Ireland,75251110.0,Fire-prevention services.,Other,Fire-prevention services.,15,20,4,1,2024-01-26,2026-02-17,5625000.0,,0
Canada federal,Canada,*N7010126,"*COMPUTERS, MICRO, LAPTOP",Other,"*COMPUTERS, MICRO, LAPTOP",15,20,4,1,2023-12-21,2026-06-29,,,0
Canada federal,Canada,*86132206 *92111700,*Teaching and educational research service *Military science and research,Other,*Teaching and educational research service *Military science and research,15,20,4,1,2024-11-15,2024-11-15,,,0
Canada federal,Canada,*46171500,*Locks and security hardware and accessories,Other,*Locks and security hardware and accessories,15,20,4,1,2024-07-24,2025-08-27,,,0
Canada federal,Canada,*84111600 *84111601 *84111602 *84111603,*Audit services *Year end audits *Quarterly reviews *Internal audits,Other,*Audit services *Year end audits *Quarterly reviews *Internal audits,15,20,4,1,2026-04-30,2026-04-30,,,0
United Kingdom,United Kingdom,39151000,Miscellaneous furniture,Other,Miscellaneous furniture,15,20,4,1,2024-04-12,2025-02-27,,,0
United Kingdom,United Kingdom,18933000,Mail or parcel bags,Other,Mail or parcel bags,15,20,3,2,2024-03-15,2024-11-18,,,0
France,France,72810000,"Audit,Prestations de services",Other,Services,15,20,3,2,2024-05-11,2026-05-20,,,0
Ireland,Ireland,39151300.0,Modular furniture.,Other,Modular furniture.,15,20,3,2,2023-09-07,2026-01-29,100000.0,,0
Canada federal,Canada,*43233200,*Security and protection software,Other,*Security and protection software,15,20,3,2,2023-11-20,2024-10-18,,,0
United Kingdom,United Kingdom,39155000,Library furniture,Other,Library furniture,15,20,3,2,2023-08-17,2026-05-11,,,0
United Kingdom,United Kingdom,18221000,Waterproof clothing,Other,Waterproof clothing,15,20,3,2,2023-09-05,2024-08-22,1720000.0,,0
Canada federal,Canada,*72121100 *72130000,*Commercial and office building construction services *General building construction,Other,*Commercial and office building construction services *General building construction,15,20,3,2,2025-03-11,2025-11-21,,,0
Ireland,Ireland,30216110.0,Scanners for computer use.,Other,Scanners for computer use.,15,20,3,2,2024-02-29,2025-06-26,120000.0,,0
Canada federal,Canada,*32100000,*Printed circuits and integrated circuits and microassemblies,Other,*Printed circuits and integrated circuits and microassemblies,15,20,3,2,2024-07-05,2025-12-05,,,0
France,France,71300000,Audit,Other,Services,15,20,3,2,2024-12-18,2025-08-25,,,0
Canada federal,Canada,*43231604,*Financial analysis software,Other,*Financial analysis software,15,20,3,2,2024-11-14,2026-01-16,,,0
United Kingdom,United Kingdom,80531000,Industrial and technical training services,Other,Industrial and technical training services,15,20,3,2,2024-09-17,2025-09-24,,,0
Canada federal,Canada,*46211500,*Workplace safety training aids and materials,Other,*Workplace safety training aids and materials,15,20,3,2,2023-09-15,2025-10-20,,,0
Canada federal,Canada,*81162100,*Cloud-based platform as a service,Other,*Cloud-based platform as a service,15,20,3,2,2023-09-22,2025-11-03,,,0
Canada federal,Canada,*25131605,*Rotary wing training aircraft or helicopter trainer,Other,*Rotary wing training aircraft or helicopter trainer,15,20,3,2,2025-07-25,2026-02-06,,,0
Ireland,Ireland,38970000.0,"Research, testing and scientific technical simulator.",Other,"Research, testing and scientific technical simulator.",15,20,3,2,2025-03-10,2025-08-13,30000.0,,0
Canada federal,Canada,*82100000,*Advertising,Other,*Advertising,15,20,3,2,2023-12-01,2024-04-23,,,0
United Kingdom,United Kingdom,35811300,Military uniforms,Other,Military uniforms,15,20,3,2,2024-05-01,2024-08-29,,,0
Canada federal,Canada,*86101706,*Health assistance vocational training services,Other,*Health assistance vocational training services,15,20,3,2,2023-10-25,2023-12-21,,,0
Ireland,Ireland,39160000.0,School furniture.,Other,School furniture.,15,20,3,2,2023-11-12,2024-03-14,500000.0,,0
Canada federal,Canada,*81162308,*Training process as a service,Other,*Training process as a service,15,20,3,1,2024-12-16,2026-01-19,,,0
United Kingdom,United Kingdom,80620000,Training and simulation in firearms and ammunition,Other,Training and simulation in firearms and ammunition,15,20,3,1,2023-10-23,2025-09-04,,,0
Canada federal,Canada,*53102500,*Clothing accessories,Other,*Clothing accessories,15,20,3,1,2023-08-24,2024-07-15,,,0
Canada federal,Canada,*82101800,*Advertising agency services,Other,*Advertising agency services,15,20,3,1,2023-09-15,2024-05-21,,,0
Canada federal,Canada,*25173100 *43232504,*Location and navigation systems and components *Route navigation software,Other,*Location and navigation systems and components *Route navigation software,15,20,3,1,2025-10-22,2025-11-28,,,0
Canada federal,Canada,*N7021197 *N7025,"*COMPUTERS CPU, DIGITAL, INDUSTRIAL, MILITARIZED, RUGGEDIZED *ADP Input-Output and Storage Devices",Other,"*COMPUTERS CPU, DIGITAL, INDUSTRIAL, MILITARIZED, RUGGEDIZED *ADP Input-Output and Storage Devices",15,20,3,1,2024-02-08,2024-03-04,,,0
Canada federal,Canada,*56101504 *56110000 *56112100,*Chairs *Commercial and industrial furniture *Seating,Other,*Chairs *Commercial and industrial furniture *Seating,15,20,3,1,2024-11-08,2025-10-29,,,0
Canada federal,Canada,*80101507 *81111600 *81160000,*Information technology consultation services *Computer programmers *Information Technology Service Delivery,Other,*Information technology consultation services *Computer programmers *Information Technology Service Delivery,15,20,3,1,2025-01-27,2025-11-14,,,0
Canada federal,Canada,*43232802,*Network operating system enhancement software,Other,*Network operating system enhancement software,15,20,3,1,2025-12-22,2026-02-03,,,0
United Kingdom,United Kingdom,50310000,Maintenance and repair of office machinery,Other,Maintenance and repair of office machinery,15,20,3,1,2025-03-07,2026-04-09,,,0
Canada federal,Canada,*56130000,*Merchandising furniture and accessories,Other,*Merchandising furniture and accessories,15,20,3,1,2026-01-15,2026-04-15,,,0
Canada federal,Canada,*60104300 *81141902,*Astronomy *Application or technology research and development service,Other,*Astronomy *Application or technology research and development service,15,20,3,1,2026-02-12,2026-07-10,,,0
Canada federal,Canada,*25201801,*Flight computer systems,Other,*Flight computer systems,15,20,3,1,2024-07-23,2025-07-16,,,0
Canada federal,Canada,*80101706 *81110000,*Professional procurement services *Computer services,Other,*Professional procurement services *Computer services,15,20,3,1,2026-02-23,2026-05-28,,,0
Canada federal,Canada,*39120000 *39121700,*Electrical equipment and components and supplies *Electrical hardware and supplies,Other,*Electrical equipment and components and supplies *Electrical hardware and supplies,15,20,3,1,2023-10-23,2024-10-02,,,0
Canada federal,Canada,*25151704,*Scientific or research satellites,Other,*Scientific or research satellites,15,20,3,1,2023-12-05,2025-03-12,,,0
Canada federal,Canada,*C216AA,*Naval Architecture - Consulting Services,Other,*Naval Architecture - Consulting Services,15,20,3,1,2023-08-08,2024-03-27,,,0
Canada federal,Canada,*46201100,*Small arms weapons training equipment,Other,*Small arms weapons training equipment,15,20,3,1,2024-08-08,2024-10-10,,,0
United Kingdom,United Kingdom,71351220,Geological consultancy services,Other,Geological consultancy services,15,20,2,2,2023-11-03,2024-09-25,1000000.0,,0
Canada federal,Canada,*70101602 *70101603,*Fishery research or experimentation services *Fishery data collection or distribution,Other,*Fishery research or experimentation services *Fishery data collection or distribution,15,20,2,2,2023-12-05,2026-01-07,,,0
Canada federal,Canada,*43231602 *43232403 *43233701,*Enterprise resource planning ERP software *Enterprise application integration software *Enterprise system management software,Other,*Enterprise resource planning ERP software *Enterprise application integration software *Enterprise system management software,15,20,2,2,2024-09-20,2026-07-07,,,0
Canada federal,Canada,*72121100 *72121103 *72121400,*Commercial and office building construction services *Commercial and office building renovation and repair service *Specialized public building construction services,Other,*Commercial and office building construction services *Commercial and office building renovation and repair service *Specialized public building construction services,15,20,2,2,2023-11-10,2025-03-21,,,0
France,France,79212000,"Audit,Bâtiment",Other,Services,15,20,2,2,2023-09-12,2026-03-19,,,0
Ireland,Ireland,79416200.0,Public relations consultancy services.,Other,Public relations consultancy services.,15,20,2,2,2024-03-12,2025-03-20,147500.0,,0
France,France,"21,72,274","Audit,Contrôle technique,Prestations de services",Other,Services,15,20,2,2,2023-09-11,2024-10-22,,,0
France,France,72224000,Audit,Other,Services,15,20,2,2,2024-07-11,2025-10-01,,,0
United Kingdom,United Kingdom,80610000,Training and simulation in security equipment,Other,Training and simulation in security equipment,15,20,2,2,2025-08-05,2025-09-26,,,0
Canada federal,Canada,*80101706 *80111600,*Professional procurement services *Temporary personnel services,Other,*Professional procurement services *Temporary personnel services,15,20,2,2,2025-11-10,2026-06-12,,,0
United Kingdom,United Kingdom,39162200,Training aids and devices,Other,Training aids and devices,15,20,2,2,2024-06-27,2024-11-14,625000.0,,0
United Kingdom,United Kingdom,22454000,Driving licences,Other,Driving licences,15,20,2,2,2024-12-10,2025-01-20,77500.0,,0
France,France,71315400,Audit,Other,Services,15,20,2,2,2023-09-18,2024-05-12,,,0
France,France,"20,21","Assurance,Audit",Other,Services,15,20,2,2,2024-03-23,2025-02-27,,,0
France,France,79311000,Audit,Other,Services,15,20,2,2,2024-04-03,2025-04-16,,,0
Canada federal,Canada,*32130000 *32131000,*Electronic hardware and component parts and accessories *Electronic component parts and raw materials and accessories,Other,*Electronic hardware and component parts and accessories *Electronic component parts and raw materials and accessories,15,20,2,2,2023-08-24,2024-10-29,,,0
Canada federal,Canada,*43231500 *43232400 *81160000,*Business function specific software *Development software *Information Technology Service Delivery,Other,*Business function specific software *Development software *Information Technology Service Delivery,15,20,2,2,2025-01-28,2025-06-27,,,0
Canada federal,Canada,*72102801 *72121103,*Renovation of buildings or landmarks or monuments *Commercial and office building renovation and repair service,Other,*Renovation of buildings or landmarks or monuments *Commercial and office building renovation and repair service,15,20,2,2,2023-12-18,2026-07-20,,,0
Ireland,Ireland,30125110.0,Toner for laser printers/fax machines.,Other,Toner for laser printers/fax machines.,15,20,2,2,2023-11-23,2024-02-15,162500.0,,0
Canada federal,Canada,*84110000 *84111600,*Accounting and bookkeeping services *Audit services,Other,*Accounting and bookkeeping services *Audit services,15,20,2,2,2024-12-11,2025-07-09,,,0
United Kingdom,United Kingdom,64121100,Mail delivery services,Other,Mail delivery services,15,20,2,2,2024-09-16,2025-02-20,1500000.0,,0
Canada federal,Canada,*95121900,*Educational and research buildings and structures,Other,*Educational and research buildings and structures,15,20,2,2,2024-04-11,2026-01-06,,,0
United Kingdom,United Kingdom,34928400,Urban furniture,Other,Urban furniture,15,20,2,2,2024-03-06,2024-08-21,561000.0,,0
Ireland,Ireland,79570000.0,Mailing-list compilation and mailing services.,Other,Mailing-list compilation and mailing services.,15,20,2,2,2025-03-26,2026-03-23,787500.0,,0
France,France,71314000,Audit,Other,Services,15,20,2,2,2023-11-20,2025-12-22,,,0
Canada federal,Canada,*86101700,*Non scientific vocational training services,Other,*Non scientific vocational training services,15,20,2,2,2023-09-27,2024-05-31,,,0
Canada federal,Canada,*86101711,*Fire fighting training services,Other,*Fire fighting training services,15,20,2,2,2024-03-18,2025-10-09,,,0
Canada federal,Canada,*43231600,*Finance accounting and enterprise resource planning ERP software,Other,*Finance accounting and enterprise resource planning ERP software,15,20,2,2,2025-09-29,2026-02-12,,,0
Canada federal,Canada,*25111533,*Training ship,Other,*Training ship,15,20,2,2,2024-07-29,2026-06-09,,,0
Canada federal,Canada,*43232200,*Content management software,Other,*Content management software,15,20,2,2,2025-02-03,2026-07-28,,,0
Canada federal,Canada,*77101804,*Activity specific environmental auditing services,Other,*Activity specific environmental auditing services,15,20,2,2,2024-10-02,2025-08-07,,,0
France,France,"19,21","Assistance technique,Audit",Other,Services,15,20,2,2,2024-01-20,2024-07-02,,,0
France,France,72810000,Audit,Other,Services,15,20,2,2,2024-04-06,2024-09-07,,,0
France,France,"21,347","Audit,Transport",Other,Services,15,20,2,2,2025-02-19,2026-01-30,,,0
Ireland,Ireland,79980000.0,Subscription services.,Other,Subscription services.,15,20,2,2,2023-08-14,2024-11-15,60000.0,,0
Ireland,Ireland,22454000.0,Driving licences.,Other,Driving licences.,15,20,2,2,2025-01-06,2026-03-27,303750000.0,,0
France,France,79212110,Audit,Other,Services,15,20,2,2,2024-04-01,2024-09-18,,,0
United Kingdom,United Kingdom,34134200,Tipper trucks,Other,Tipper trucks,15,20,2,2,2024-10-04,2025-12-15,139000.0,,0
France,France,"21,72","Audit,Contrôle technique",Other,Services,15,20,2,2,2024-06-14,2025-10-26,,,0
Canada federal,Canada,*44102100,*Mail machines,Other,*Mail machines,15,20,2,2,2025-09-04,2026-01-19,,,0
France,France,"410,21","Formation,Audit",Other,Services,15,20,2,2,2024-12-06,2025-09-25,,,0
Canada federal,Canada,*43231505,*Human resources software,Other,*Human resources software,15,20,2,2,2024-01-24,2025-07-18,,,0
Canada federal,Canada,*31160000 *40141600,*Hardware *Valves,Other,*Hardware *Valves,15,20,2,2,2023-08-17,2026-06-25,,,0
Ireland,Ireland,18113000.0,Industrial clothing.,Other,Industrial clothing.,15,20,2,2,2024-09-25,2026-03-03,85000.0,,0
Ireland,Ireland,73111000.0,Research laboratory services.,Other,Research laboratory services.,15,20,2,2,2023-08-03,2025-08-01,112500.0,,0
Canada federal,Canada,*80171802 *80171803,*Media relations and advisory service *Media training and coaching service,Other,*Media relations and advisory service *Media training and coaching service,15,20,2,2,2025-01-03,2025-12-24,,,0
Canada federal,Canada,*46191500,*Fire prevention,Other,*Fire prevention,15,20,2,2,2024-12-17,2025-02-25,,,0
Canada federal,Canada,*77101800 *77101802,*Environmental auditing *Corporate environmental auditing services,Other,*Environmental auditing *Corporate environmental auditing services,15,20,2,2,2025-01-22,2025-08-21,,,0
France,France,71000000,Audit,Other,Services,15,20,2,2,2024-01-30,2025-07-11,,,0
Canada federal,Canada,*86130000 *86132100,"*Specialized educational services *Training planning, facilitation and delivery services",Other,"*Specialized educational services *Training planning, facilitation and delivery services",15,20,2,2,2024-06-06,2025-09-03,,,0
Ireland,Ireland,79212300.0,Statutory audit services.,Other,Statutory audit services.,15,20,2,2,2025-04-02,2025-10-16,250000.0,,0
United Kingdom,United Kingdom,39180000,Laboratory furniture,Other,Laboratory furniture,15,20,2,2,2024-01-18,2024-07-24,,,0
United Kingdom,United Kingdom,79961100,Advertising photography services,Other,Advertising photography services,15,20,2,2,2023-11-28,2023-12-04,300000.0,,0
United Kingdom,United Kingdom,92622000,Sports-event organisation services,Other,Sports-event organisation services,15,20,2,2,2023-10-27,2024-04-02,,,0
United Kingdom,United Kingdom,71316000,Telecommunication consultancy services,Other,Telecommunication consultancy services,15,20,2,2,2023-11-06,2024-05-07,,,0
Canada federal,Canada,*86100000 *86101605 *86101706 *86101810,*Vocational training *Medical vocational training services *Health assistance vocational training services *Personnel skills training,Other,*Vocational training *Medical vocational training services *Health assistance vocational training services *Personnel skills training,15,20,2,2,2024-04-18,2025-07-10,,,0
Canada federal,Canada,*72121101 *81101508,*Commercial and office building new construction service *Architectural engineering,Other,*Commercial and office building new construction service *Architectural engineering,15,20,2,2,2025-02-28,2026-07-30,,,0
Canada federal,Canada,*72121103 *72141510,*Commercial and office building renovation and repair service *Demolition services,Other,*Commercial and office building renovation and repair service *Demolition services,15,20,2,2,2023-12-14,2025-07-10,,,0
Canada federal,Canada,*55120000 *55121700 *55121704 *55121710 *55121728 *55121734 *55121900 *55121908,*Signage and accessories *Signage *Safety signs *Traffic signs *Signage covers *Sign sheeting material *Signage equipment *Sign holders or stands,Other,*Signage and accessories *Signage *Safety signs *Traffic signs *Signage covers *Sign sheeting material *Signage equipment *Sign holders or stands,15,20,2,2,2026-02-06,2026-04-10,,,0
United Kingdom,United Kingdom,85312120,Daycare services for handicapped children and young people,Other,Daycare services for handicapped children and young people,15,20,2,2,2023-08-31,2024-01-04,,,0
Ireland,Ireland,71351220.0,Geological consultancy services.,Other,Geological consultancy services.,15,20,2,2,2024-02-23,2025-03-11,180000.0,,0
Ireland,Ireland,22458000.0,Bespoke printed matter.,Other,Bespoke printed matter.,15,20,2,2,2023-09-09,2023-09-25,200000.0,,0
Ireland,Ireland,30233100.0,Computer storage units.,Other,Computer storage units.,15,20,2,2,2024-02-21,2024-03-01,450000.0,,0
France,France,"21,455","Audit,Ingénierie",Other,Services,15,20,2,2,2025-07-20,2025-11-01,,,0
Ireland,Ireland,39180000.0,Laboratory furniture.,Other,Laboratory furniture.,15,20,2,2,2024-02-20,2025-12-09,100000.0,,0
Canada federal,Canada,*40141700,*Hardware and fittings,Other,*Hardware and fittings,15,20,2,2,2024-01-08,2024-06-04,,,0
France,France,"21,410","Audit,Formation",Other,UNKNOWN,15,20,2,2,2023-11-13,2025-02-07,,,0
United Kingdom,United Kingdom,45214800,Training facilities building,Other,Training facilities building,15,20,2,2,2023-10-17,2023-12-19,,,0
Canada federal,Canada,*80141512,*Market research on location surveys,Other,*Market research on location surveys,15,20,2,2,2025-04-11,2025-08-11,,,0
Canada federal,Canada,*43232402,*Development environment software,Other,*Development environment software,15,20,2,2,2024-11-28,2026-02-04,,,0
Ireland,Ireland,51610000.0,Installation services of computers and information-processing equipment.,Other,Installation services of computers and information-processing equipment.,15,20,2,2,2024-03-11,2024-09-16,2000000.0,,0
United Kingdom,United Kingdom,80512000,Dog training services,Other,Dog training services,15,20,2,2,2024-06-25,2025-06-24,,,0
Canada federal,Canada,*91101800,*Clothing rental,Other,*Clothing rental,15,20,2,2,2024-01-25,2024-02-07,,,0
Canada federal,Canada,*86101802,*Re training or refreshing training services,Other,*Re training or refreshing training services,15,20,2,2,2024-03-21,2025-02-05,,,0
Canada federal,Canada,*46171500 *72101505,*Locks and security hardware and accessories *Locksmith services,Other,*Locks and security hardware and accessories *Locksmith services,15,20,2,2,2024-08-22,2025-05-22,,,0
Canada federal,Canada,*43232306,*Data base user interface and query software,Other,*Data base user interface and query software,15,20,2,2,2024-12-03,2026-02-20,,,0
France,France,79411100,Audit,Other,Services,15,20,2,2,2024-05-11,2025-05-16,,,0
Ireland,Ireland,30232130.0,Colour graphics printers.,Other,Colour graphics printers.,15,20,2,2,2025-11-21,2026-03-25,275000.0,,0
Ireland,Ireland,18420000.0,Clothing accessories.,Other,Clothing accessories.,15,20,2,2,2024-09-20,2025-02-17,85000.0,,0
Canada federal,Canada,*43230000 *43231500,*Software *Business function specific software,Other,*Software *Business function specific software,15,20,2,2,2023-08-04,2026-05-19,,,0
Canada federal,Canada,*43232616,*Legal management software,Other,*Legal management software,15,20,2,2,2023-11-03,2025-11-26,,,0
France,France,"21,434","Audit,Assistance juridique",Other,Services,15,20,2,2,2024-11-12,2025-03-29,,,0
Canada federal,Canada,*43230000 *43233700,*Software *System management software,Other,*Software *System management software,15,20,2,2,2024-01-03,2024-11-19,,,0
Canada federal,Canada,*81121505,*Economic development consultancy,Other,*Economic development consultancy,15,20,2,2,2024-11-29,2026-07-24,,,0
France,France,79212000,"Audit,Assistance à maîtrise d'ouvrage",Other,Services,15,20,2,2,2024-02-09,2025-01-15,,,0
Ireland,Ireland,80530000.0,Vocational training services.,Other,Vocational training services.,15,20,2,2,2024-03-01,2025-06-02,190000.0,,0
United Kingdom,United Kingdom,35112100,Emergency training dolls,Other,Emergency training dolls,15,20,2,2,2024-05-13,2025-02-21,130000.0,,0
United Kingdom,United Kingdom,22110000,Printed books,Other,Printed books,15,20,2,2,2023-10-03,2025-08-18,,,0
United Kingdom,United Kingdom,66519310,Insurance consultancy services,Other,Insurance consultancy services,15,20,2,2,2023-08-15,2023-12-12,1030000.0,,0
Ireland,Ireland,30211100.0,Super computer.,Other,Super computer.,15,20,2,2,2023-08-04,2023-10-06,2580000.0,,0
Canada federal,Canada,*82100000 *82101900,*Advertising *Media placement and fulfillment,Other,*Advertising *Media placement and fulfillment,15,20,2,2,2023-10-27,2026-01-27,,,0
United Kingdom,United Kingdom,45233293,Installation of street furniture,Other,Installation of street furniture,15,20,2,2,2024-12-06,2024-12-19,100000.0,,0
United Kingdom,United Kingdom,85311200,Welfare services for the handicapped,Other,Welfare services for the handicapped,15,20,2,2,2023-08-04,2023-10-24,13500000.0,,0
Canada federal,Canada,*95121900 *95141700,*Educational and research buildings and structures *Prefabricated commercial and industrial buildings and structures,Other,*Educational and research buildings and structures *Prefabricated commercial and industrial buildings and structures,15,20,2,2,2023-10-05,2026-07-07,,,0
Canada federal,Canada,*43231507 *80101600,*Project management software *Project management,Other,*Project management software *Project management,15,20,2,2,2024-03-13,2025-09-16,,,0
United Kingdom,United Kingdom,22900000,Miscellaneous printed matter,Other,Miscellaneous printed matter,15,20,2,2,2024-11-25,2025-02-21,,,0
France,France,"21,74","Audit,Couverture",Other,Services,15,20,2,2,2026-03-14,2026-06-17,,,0
France,France,72150000,Audit,Other,Services,15,20,2,2,2023-10-18,2024-08-23,,,0
France,France,79998000,Audit,Other,Services,15,20,2,2,2025-05-26,2025-11-12,,,0
Canada federal,Canada,*44100000,*Office machines and their supplies and accessories,Other,*Office machines and their supplies and accessories,15,20,2,2,2024-03-20,2025-01-15,,,0
France,France,"102,203,21","Eclairage public,Matériel électrique,Audit",Other,Services,15,20,2,1,2025-02-11,2025-09-16,,,0
Canada federal,Canada,*23153100 *24100000 *24130000 *24131500 *24131600 *26111700 *30170000 *30171500 *30171600 *39110000 *39111500 *39111600 *39120000 *40100000 *40101500 *40101600 *40101700 *40101800 *40101826 *43210000 *52140000 *52141500 *52141600 *52161500 *81100000 *81141501 *81141506,*Industrial machinery components and accessories *Material handling machinery and equipment *Industrial refrigeration *Industrial refrigerators *Industrial freezers *Batteries and cells and accessories *Doors and windows and glass *Doors *Windows *Lighting Fixtures and Accessories *Interior lighting fixtures and accessories *Exterior lighting fixtures and accessories *Electrical equipment and components and supplies *Heating and ventilation and air circulation *Ventilation *Air circulation and parts and accessories *Cooling equipment and parts and accessories *Heating equipment and parts and accessories *Commercial water heaters *Computer Equipment and Accessories *Domestic appliances *Domestic kitchen appliances *Domestic laundry appliances and supplies *Audio and visual equipment *Professional engineering services *Materials testing *Product testing,Other,*Industrial machinery components and accessories *Material handling machinery and equipment *Industrial refrigeration *Industrial refrigerators *Industrial freezers *Batteries and cells and accessories *Doors and windows and glass *Doors *Windows *Lighting Fixtures and Accessories *Interior lighting fixtures and accessories *Exterior lighting fixtures and accessories *Electrical equipment and components and supplies *Heating and ventilation and air circulation *Ventilation *Air circulation and parts and accessories *Cooling equipment and parts and accessories *Heating equipment and parts and accessories *Commercial water heaters *Computer Equipment and Accessories *Domestic appliances *Domestic kitchen appliances *Domestic laundry appliances and supplies *Audio and visual equipment *Professional engineering services *Materials testing *Product testing,15,20,2,1,2025-11-04,2026-01-08,,,0
Canada federal,Canada,*70101602 *81170000,*Fishery research or experimentation services *Biological science services,Other,*Fishery research or experimentation services *Biological science services,15,20,2,1,2023-11-03,2023-12-01,,,0
Canada federal,Canada,*72120000 *72121100 *72121400 *72130000,*Nonresidential building construction services *Commercial and office building construction services *Specialized public building construction services *General building construction,Other,*Nonresidential building construction services *Commercial and office building construction services *Specialized public building construction services *General building construction,15,20,2,1,2024-06-05,2024-06-05,,,0
Canada federal,Canada,*72101500 *72101507 *72102801 *72121103,*Building maintenance and repair services *Building maintenance service *Renovation of buildings or landmarks or monuments *Commercial and office building renovation and repair service,Other,*Building maintenance and repair services *Building maintenance service *Renovation of buildings or landmarks or monuments *Commercial and office building renovation and repair service,15,20,2,1,2025-11-19,2026-06-04,,,0
Canada federal,Canada,*25151703 *25151707 *25201606 *25201802 *31241500 *31242000 *31242100 *43211718 *43221710 *43221711 *43221712 *43232619 *45121523 *60104300 *78102001 *81102302 *81151605,*Military satellites *Low earth orbit satellites *Spacecraft altitude control systems *Spacecraft command modules *Lenses and prisms *Lens and laser windows *Optical device accessories *Camera based vision systems for automated data collection *Satellite core equipment *Satellite access equipment *Satellite antennas *Satellite image treatment software *Astronomical camera *Astronomy *Satellite launch services *Space engineering service *Satellite imaging and image processing service,Other,*Military satellites *Low earth orbit satellites *Spacecraft altitude control systems *Spacecraft command modules *Lenses and prisms *Lens and laser windows *Optical device accessories *Camera based vision systems for automated data collection *Satellite core equipment *Satellite access equipment *Satellite antennas *Satellite image treatment software *Astronomical camera *Astronomy *Satellite launch services *Space engineering service *Satellite imaging and image processing service,15,20,2,1,2025-12-01,2026-07-13,,,0
Ireland,Ireland,30233310.0,Fingerprint readers.,Other,Fingerprint readers.,15,20,2,1,2024-04-09,2025-10-24,1187500.0,,0
Ireland,Ireland,71351200.0,Geological and geophysical consultancy services.,Other,Geological and geophysical consultancy services.,15,20,2,1,2023-09-27,2024-03-06,1800000.0,,0
Canada federal,Canada,*46170000 *46200000,*Security surveillance and detection *Defense and law enforcement and security and safety training equipment,Other,*Security surveillance and detection *Defense and law enforcement and security and safety training equipment,15,20,2,1,2026-03-26,2026-05-26,,,0
Canada federal,Canada,*42300000 *81162308 *86101605 *86101709 *86101710 *86101802 *86101810 *86132100 *86132201,"*Medical training and education supplies *Training process as a service *Medical vocational training services *Safety training services *Teacher training services *Re training or refreshing training services *Personnel skills training *Training planning, facilitation and delivery services *Training workshop service",Other,"*Medical training and education supplies *Training process as a service *Medical vocational training services *Safety training services *Teacher training services *Re training or refreshing training services *Personnel skills training *Training planning, facilitation and delivery services *Training workshop service",15,20,2,1,2023-12-06,2023-12-12,,,0
United Kingdom,United Kingdom,60160000,Mail transport by road,Other,Mail transport by road,15,20,2,1,2024-09-26,2025-11-06,,,0
Canada federal,Canada,*56101504 *56101720 *56112102 *56112106,*Chairs *Office or work chair *Task seating *Stool seating,Other,*Chairs *Office or work chair *Task seating *Stool seating,15,20,2,1,2025-11-12,2026-03-03,,,0
Canada federal,Canada,*55120000,*Signage and accessories,Other,*Signage and accessories,15,20,2,1,2024-05-10,2025-07-08,,,0
Canada federal,Canada,*81112212,*Customer relationship management software maintenance,Other,*Customer relationship management software maintenance,15,20,2,1,2025-06-25,2025-07-31,,,0
France,France,"234,144,197,21","Mission d'ordonnancement, pilotage, coordination (OPC),Gros oeuvre,Maîtrise d'oeuvre,Audit",Other,Services,15,20,2,1,2024-02-05,2024-07-31,,,0
Canada federal,Canada,*JX7010,"*Automatic Data Processing Equipment, System Configuration - Repair",Other,"*Automatic Data Processing Equipment, System Configuration - Repair",15,20,2,1,2025-08-20,2025-09-11,,,0
Ireland,Ireland,39144000.0,Bathroom furniture.,Other,Bathroom furniture.,15,20,2,1,2025-06-30,2026-01-14,650000.0,,0
Canada federal,Canada,*26121600 *32131000 *39121100 *39121300 *39121400 *39121500 *39121600 *39121700 *39121900 *39122100 *39122200 *39122300,*Electrical cable and accessories *Electronic component parts and raw materials and accessories *Distribution and control centers and accessories *Electrical boxes and enclosures and fittings and accessories *Electrical lugs plugs and connectors *Electrical controls and accessories *Circuit protection devices and accessories *Electrical hardware and supplies *Electrical safety devices and accessories *Electrical transmission and distribution equipment *Electrical switches and accessories *Electrical relays and accessories,Other,*Electrical cable and accessories *Electronic component parts and raw materials and accessories *Distribution and control centers and accessories *Electrical boxes and enclosures and fittings and accessories *Electrical lugs plugs and connectors *Electrical controls and accessories *Circuit protection devices and accessories *Electrical hardware and supplies *Electrical safety devices and accessories *Electrical transmission and distribution equipment *Electrical switches and accessories *Electrical relays and accessories,15,20,2,1,2023-12-01,2024-06-20,,,0
Canada federal,Canada,*25173900 *39120000 *43201618 *43223308,*Electrical components *Electrical equipment and components and supplies *Computer rack component *Network system equipment rack,Other,*Electrical components *Electrical equipment and components and supplies *Computer rack component *Network system equipment rack,15,20,2,1,2023-09-21,2023-09-25,,,0
Canada federal,Canada,*N7021,"*ADP Central Processing Unit (CPU, Computer) Digital",Other,"*ADP Central Processing Unit (CPU, Computer) Digital",15,20,2,1,2026-03-03,2026-07-23,,,0
Canada federal,Canada,*78100000,*Mail and cargo transport,Other,*Mail and cargo transport,15,20,2,1,2025-04-04,2025-08-28,,,0
Canada federal,Canada,*56101720 *56112102 *56112103 *56112104,*Office or work chair *Task seating *Guest seating *Executive seating,Other,*Office or work chair *Task seating *Guest seating *Executive seating,15,20,2,1,2024-10-30,2026-02-02,,,0
Canada federal,Canada,*84111600 *84111601 *84111602,*Audit services *Year end audits *Quarterly reviews,Other,*Audit services *Year end audits *Quarterly reviews,15,20,2,1,2025-01-09,2025-11-06,,,0
United Kingdom,United Kingdom,80640000,Training and simulation in warships,Other,Training and simulation in warships,15,20,2,1,2023-08-23,2023-08-23,,,0
Canada federal,Canada,*56000000 *56112100 *56112103,*Furniture and Furnishings *Seating *Guest seating,Other,*Furniture and Furnishings *Seating *Guest seating,15,20,2,1,2025-07-28,2025-08-20,,,0
Canada federal,Canada,*42150000 *42151700 *53131500,*Dental equipment and supplies *Dental clinical furniture *Dental,Other,*Dental equipment and supplies *Dental clinical furniture *Dental,15,20,2,1,2024-11-20,2025-02-12,,,0
France,France,70333000,Audit,Other,Services,15,20,2,1,2023-08-09,2025-07-24,,,0
Canada federal,Canada,*81112218,*Network application software maintenance,Other,*Network application software maintenance,15,20,2,1,2026-07-12,2026-07-12,,,0
Canada federal,Canada,*81162100 *81162200,*Cloud-based platform as a service *Cloud-based infrastructure as a service,Other,*Cloud-based platform as a service *Cloud-based infrastructure as a service,15,20,2,1,2024-02-10,2025-08-13,,,0
Canada federal,Canada,*72121000 *72121101 *72121102 *72121103 *72121400 *72141510 *72152601 *72152606 *81101513,*New industrial building and warehouse construction services *Commercial and office building new construction service *Commercial and office building prefabricated erection service *Commercial and office building renovation and repair service *Specialized public building construction services *Demolition services *Roofing service *Siding installation and repair service *Building construction management,Other,*New industrial building and warehouse construction services *Commercial and office building new construction service *Commercial and office building prefabricated erection service *Commercial and office building renovation and repair service *Specialized public building construction services *Demolition services *Roofing service *Siding installation and repair service *Building construction management,15,20,2,1,2024-04-12,2024-05-03,,,0
Canada federal,Canada,*43222636 *81111508 *81141902,*Network application engine *Application implementation services *Application or technology research and development service,Other,*Network application engine *Application implementation services *Application or technology research and development service,15,20,2,1,2025-10-06,2026-06-08,,,0
Canada federal,Canada,*80161502 *86132100 *90120000,"*Meeting planning services *Training planning, facilitation and delivery services *Travel facilitation",Other,"*Meeting planning services *Training planning, facilitation and delivery services *Travel facilitation",15,20,2,1,2024-02-29,2024-04-04,,,0
Canada federal,Canada,*80101511 *80111509,*Human resources consulting service *Job evaluation service,Other,*Human resources consulting service *Job evaluation service,15,20,2,1,2023-09-05,2023-10-27,,,0
Canada federal,Canada,*80101511 *80172103,*Human resources consulting service *Change management communication and advisory service,Other,*Human resources consulting service *Change management communication and advisory service,15,20,2,1,2025-01-10,2025-01-29,,,0
Canada federal,Canada,*30103616 *30103617 *30161700 *30171500 *30191500 *30191600 *31160000 *31162800 *46191602 *55121509 *72000000 *72120000 *72151201 *72151500 *81101513 *82151501,*Composite framework *Wooden framework *Flooring *Doors *Ladders and scaffolding *Ladders and scaffolding accessories *Hardware *Miscellaneous hardware *Fire sprinkler systems *Scaffolding tag *Building and Facility Construction and Maintenance Services *Nonresidential building construction services *HVAC mechanical construction service *Electrical system services *Building construction management *Painters services,Other,*Composite framework *Wooden framework *Flooring *Doors *Ladders and scaffolding *Ladders and scaffolding accessories *Hardware *Miscellaneous hardware *Fire sprinkler systems *Scaffolding tag *Building and Facility Construction and Maintenance Services *Nonresidential building construction services *HVAC mechanical construction service *Electrical system services *Building construction management *Painters services,15,20,2,1,2025-10-27,2026-05-05,,,0
Canada federal,Canada,*49201500,*Aerobic training equipment,Other,*Aerobic training equipment,15,20,2,1,2025-11-03,2026-01-22,,,0
Canada federal,Canada,*86000000 *86130000,*Education and Training Services *Specialized educational services,Other,*Education and Training Services *Specialized educational services,15,20,2,1,2024-02-09,2025-10-16,,,0
Canada federal,Canada,*81101516 *83101900 *83101901 *83101902,*Energy or utility consulting service *Energy conservation *Energy conservation programs *Energy use reduction measures,Other,*Energy or utility consulting service *Energy conservation *Energy conservation programs *Energy use reduction measures,15,20,2,1,2025-09-02,2025-10-15,,,0
Canada federal,Canada,*13000000 *56000000 *73100000 *73101900 *73151800,*Resin and Rosin and Rubber and Foam and Film and Elastomeric Materials *Furniture and Furnishings *Plastic and chemical industries *Rubber production *Converting services,Other,*Resin and Rosin and Rubber and Foam and Film and Elastomeric Materials *Furniture and Furnishings *Plastic and chemical industries *Rubber production *Converting services,15,20,2,1,2025-07-21,2025-11-06,,,0
Canada federal,Canada,*46190000 *46191500 *46191505,*Fire protection *Fire prevention *Fire alarm systems,Other,*Fire protection *Fire prevention *Fire alarm systems,15,20,2,1,2025-10-09,2025-12-01,,,0
Canada federal,Canada,*44102109,*Automatic postal or mailing machine,Other,*Automatic postal or mailing machine,15,20,2,1,2024-08-12,2024-09-10,,,0
Ireland,Ireland,30123000.0,Office and business machines.,Other,Office and business machines.,15,20,2,1,2024-12-11,2025-02-23,250000.0,,0
Canada federal,Canada,*53102701,*Military uniforms,Other,*Military uniforms,15,20,2,1,2026-02-13,2026-06-26,,,0
Canada federal,Canada,*80171502 *86132100,"*Focus group and public feedback meeting facilitation and analysis *Training planning, facilitation and delivery services",Other,"*Focus group and public feedback meeting facilitation and analysis *Training planning, facilitation and delivery services",15,20,2,1,2026-05-01,2026-05-04,,,0
United Kingdom,United Kingdom,50850000,Repair and maintenance services of furniture,Other,Repair and maintenance services of furniture,15,20,2,1,2024-06-10,2024-10-31,,,0
Canada federal,Canada,*85101503,*Medical office services,Other,*Medical office services,15,20,2,1,2026-01-14,2026-01-20,,,0
Canada federal,Canada,*70122000 *70122005 *70122007 *70122010 *70123000,*Animal health *Animal health preventive medication services *Veterinary administration *Animal health information services *Animal control and welfare services,Other,*Animal health *Animal health preventive medication services *Veterinary administration *Animal health information services *Animal control and welfare services,15,20,2,1,2025-11-24,2025-11-25,,,0
Canada federal,Canada,*44103103,*Printer or facsimile toner,Other,*Printer or facsimile toner,15,20,2,1,2026-01-20,2026-05-20,,,0
Canada federal,Canada,*81112001,*Online data processing service,Other,*Online data processing service,15,20,2,1,2025-11-10,2025-11-17,,,0
Canada federal,Canada,*24111503 *44121509,*Plastic bags *Mailing bags,Other,*Plastic bags *Mailing bags,15,20,2,1,2025-12-30,2026-04-10,,,0
Canada federal,Canada,*86101602,*Energy related vocational training services,Other,*Energy related vocational training services,15,20,2,1,2024-03-19,2024-10-21,,,0
Ireland,Ireland,45421153.0,Installation of built-in furniture.,Other,Installation of built-in furniture.,15,20,2,1,2025-02-24,2025-04-29,225000.0,,0
Canada federal,Canada,*23153200 *46201100,*Robotics *Small arms weapons training equipment,Other,*Robotics *Small arms weapons training equipment,15,20,2,1,2026-01-19,2026-01-29,,,0
Canada federal,Canada,*39120000 *39121300 *39121700 *39122200 *72102200 *72121400 *73152108 *83100000 *83101800,*Electrical equipment and components and supplies *Electrical boxes and enclosures and fittings and accessories *Electrical hardware and supplies *Electrical switches and accessories *Electrical services *Specialized public building construction services *Electrical equipment maintenance and repair service *Utilities *Electric utilities,Other,*Electrical equipment and components and supplies *Electrical boxes and enclosures and fittings and accessories *Electrical hardware and supplies *Electrical switches and accessories *Electrical services *Specialized public building construction services *Electrical equipment maintenance and repair service *Utilities *Electric utilities,15,20,2,1,2023-11-07,2024-06-11,,,0
Canada federal,Canada,*72102300 *72102305 *72121100 *72151205 *72151206,*Plumbing and heating and air conditioning *Air conditioning installation or maintenance or repair services *Commercial and office building construction services *HVAC refrigeration construction service *HVAC heating system construction service,Other,*Plumbing and heating and air conditioning *Air conditioning installation or maintenance or repair services *Commercial and office building construction services *HVAC refrigeration construction service *HVAC heating system construction service,15,20,2,1,2025-10-09,2025-10-30,,,0
Canada federal,Canada,*42300000 *86000000,*Medical training and education supplies *Education and Training Services,Other,*Medical training and education supplies *Education and Training Services,15,20,2,1,2024-11-07,2026-02-04,,,0
Canada federal,Canada,*25111900 *31160000 *40141600,*Marine craft systems and subassemblies *Hardware *Valves,Other,*Marine craft systems and subassemblies *Hardware *Valves,15,20,2,1,2025-11-19,2026-02-23,,,0
Canada federal,Canada,*43210000 *43211509,*Computer Equipment and Accessories *Tablet computers,Other,*Computer Equipment and Accessories *Tablet computers,15,20,2,1,2025-11-07,2025-11-28,,,0
Canada federal,Canada,*42301500,*Aids for medical training,Other,*Aids for medical training,15,20,2,1,2024-01-15,2024-04-18,,,0
France,France,"21,114,33","Audit,Equipement thermique,Bâtiment",Other,Services,15,20,2,1,2025-03-27,2025-04-17,,,0
Canada federal,Canada,*31160000 *31171800,*Hardware *Industrial wheels,Other,*Hardware *Industrial wheels,15,20,2,1,2025-05-23,2025-05-23,,,0
France,France,71900000,"Analyses médicales, biologiques,Audit,Denrées alimentaires,Restauration collective,Sanitaire",Other,Services,15,20,1,1,2025-10-28,2025-10-28,,,0
France,France,79212000,"Audit,Bâtiment,Prestations de services",Other,Services,15,20,1,1,2023-08-31,2023-08-31,,,0
France,France,72810000,"Assistance technique,Audit,Fibre optique,Informatique (prestations de services)",Other,Services,15,20,1,1,2023-09-28,2023-09-28,,,0
France,France,79414000,"Audit,Prestations de services",Other,Services,15,20,1,1,2023-12-20,2023-12-20,,,0
France,France,"96,21","Déchetterie (travaux),Audit",Other,Services,15,20,1,1,2024-11-04,2024-11-04,,,0
France,France,79212100,"Audit,Prestations de services,Expertise comptable",Other,Services,15,20,1,1,2024-10-04,2024-10-04,,,0
United Kingdom,United Kingdom,35126000,Bar code scanning equipment,Other,Bar code scanning equipment,15,20,1,1,2026-02-16,2026-02-16,,,0
Ireland,Ireland,51620000.0,Installation services of office equipment.,Other,Installation services of office equipment.,15,20,1,1,2024-09-25,2024-09-25,160000.0,,0
Ireland,Ireland,39150000.0,Miscellaneous furniture and equipment.,Other,Miscellaneous furniture and equipment.,15,20,1,1,2025-10-09,2025-10-09,,,0
Canada federal,Canada,*86132000 *86132200 *86141500,*Management education and training services *Educational support services *Educational guidance services,Other,*Management education and training services *Educational support services *Educational guidance services,15,20,1,1,2024-09-03,2024-09-03,,,0
Ireland,Ireland,30231100.0,Computer terminals.,Other,Computer terminals.,15,20,1,1,2025-11-17,2025-11-17,,,0
Canada federal,Canada,*48102100 *56111903 *78131603,*Storage and handling equipment and supplies *Industrial storage units *Furniture storage,Other,*Storage and handling equipment and supplies *Industrial storage units *Furniture storage,15,20,1,1,2026-06-22,2026-06-22,,,0
Canada federal,Canada,*31162400 *31162800,*Miscellaneous fasteners *Miscellaneous hardware,Other,*Miscellaneous fasteners *Miscellaneous hardware,15,20,1,1,2026-01-20,2026-01-20,,,0
Canada federal,Canada,*43231503 *43232603,*Procurement software *Facilities management software,Other,*Procurement software *Facilities management software,15,20,1,1,2025-09-10,2025-09-10,,,0
Canada federal,Canada,*77000000 *77100000 *77101500 *77101600 *77101700 *77101800 *77101900 *77102000 *77110000 *77111500 *77111600 *77111601 *77111602 *77111603 *77120000 *77121500 *77121600 *77121700 *77130000 *77140000 *77141500 *77141703 *81102801,*Environmental Services *Environmental management *Environmental impact assessment *Environmental planning *Environmental advisory services *Environmental auditing *Pollution investigation services *Environmental reporting services *Environmental protection *Environmental safety services *Environmental rehabilitation *Industrial site rehabilitation *Environmental decontamination services *Land rehabilitation services *Pollution tracking and monitoring and rehabilitation *Air pollution *Soil pollution *Water pollution *Pollutants tracking and monitoring and rehabilitation services *Environmental laboratory services *Water or aqueous testing *Inorganics testing of soil or sludge or solid waste *Demining environmental impact assessment EIA service,Other,*Environmental Services *Environmental management *Environmental impact assessment *Environmental planning *Environmental advisory services *Environmental auditing *Pollution investigation services *Environmental reporting services *Environmental protection *Environmental safety services *Environmental rehabilitation *Industrial site rehabilitation *Environmental decontamination services *Land rehabilitation services *Pollution tracking and monitoring and rehabilitation *Air pollution *Soil pollution *Water pollution *Pollutants tracking and monitoring and rehabilitation services *Environmental laboratory services *Water or aqueous testing *Inorganics testing of soil or sludge or solid waste *Demining environmental impact assessment EIA service,15,20,1,1,2025-07-02,2025-07-02,,,0
Canada federal,Canada,*81112306,"*Printer, scanner and multifunctional equipment maintenance",Other,"*Printer, scanner and multifunctional equipment maintenance",15,20,1,1,2023-11-22,2023-11-22,,,0
Canada federal,Canada,*48102005 *56101519 *56111800 *56111802,*Bar stools *Tables *Freestanding furniture *Freestanding tables,Other,*Bar stools *Tables *Freestanding furniture *Freestanding tables,15,20,1,1,2023-12-08,2023-12-08,,,0
Canada federal,Canada,*77101802 *84111600 *84111601,*Corporate environmental auditing services *Audit services *Year end audits,Other,*Corporate environmental auditing services *Audit services *Year end audits,15,20,1,1,2023-12-06,2023-12-06,,,0
Canada federal,Canada,*41113700 *43210000,*Electronic and communication measuring and testing instruments *Computer Equipment and Accessories,Other,*Electronic and communication measuring and testing instruments *Computer Equipment and Accessories,15,20,1,1,2023-10-11,2023-10-11,,,0
Canada federal,Canada,*55120000 *55121700,*Signage and accessories *Signage,Other,*Signage and accessories *Signage,15,20,1,1,2024-10-24,2024-10-24,,,0
Canada federal,Canada,*32100000 *39121400 *39122200 *43191600 *46171604,*Printed circuits and integrated circuits and microassemblies *Electrical lugs plugs and connectors *Electrical switches and accessories *Personal communications device accessories or parts *Alarm systems,Other,*Printed circuits and integrated circuits and microassemblies *Electrical lugs plugs and connectors *Electrical switches and accessories *Personal communications device accessories or parts *Alarm systems,15,20,1,1,2024-03-28,2024-03-28,,,0
Canada federal,Canada,*24101605 *25170000 *25171700 *25172900 *25173800 *25174000 *25181600 *25191800 *26101504 *26101700 *26111800 *31160000 *31161600 *31161900 *31162800 *31163000 *31170000 *31180000 *31251500 *32121600 *39120000 *39121400 *39121700 *39122200 *40141600 *40142000 *40161531 *40170000 *41104900,*Loading equipment *Transportation components and systems *Braking systems and components *Exterior vehicle lighting *Drivetrain systems *Engine coolant system *Automotive chassis *Vehicle testing and measuring equipment *Diesel engines *Engine components and accessories *Drive components *Hardware *Bolts *Springs *Miscellaneous hardware *Couplings *Bearings and bushings and wheels and gears *Packings glands boots and covers *Actuators *Resistors *Electrical equipment and components and supplies *Electrical lugs plugs and connectors *Electrical hardware and supplies *Electrical switches and accessories *Valves *Hoses *Filter assembly *Pipe piping and pipe fittings *Laboratory filtering equipment and supplies,Other,*Loading equipment *Transportation components and systems *Braking systems and components *Exterior vehicle lighting *Drivetrain systems *Engine coolant system *Automotive chassis *Vehicle testing and measuring equipment *Diesel engines *Engine components and accessories *Drive components *Hardware *Bolts *Springs *Miscellaneous hardware *Couplings *Bearings and bushings and wheels and gears *Packings glands boots and covers *Actuators *Resistors *Electrical equipment and components and supplies *Electrical lugs plugs and connectors *Electrical hardware and supplies *Electrical switches and accessories *Valves *Hoses *Filter assembly *Pipe piping and pipe fittings *Laboratory filtering equipment and supplies,15,20,1,1,2026-02-03,2026-02-03,,,0
Canada federal,Canada,*43230000 *43232404 *43232804,*Software *Graphical user interface development software *Administration software,Other,*Software *Graphical user interface development software *Administration software,15,20,1,1,2024-04-17,2024-04-17,,,0
Canada federal,Canada,*26120000 *26121500 *26121600 *31160000 *39120000 *39121400 *39121700,*Electrical wire and cable and harness *Electrical wire *Electrical cable and accessories *Hardware *Electrical equipment and components and supplies *Electrical lugs plugs and connectors *Electrical hardware and supplies,Other,*Electrical wire and cable and harness *Electrical wire *Electrical cable and accessories *Hardware *Electrical equipment and components and supplies *Electrical lugs plugs and connectors *Electrical hardware and supplies,15,20,1,1,2024-07-24,2024-07-24,,,0
Canada federal,Canada,*43232400,*Development software,Other,*Development software,15,20,1,1,2025-09-26,2025-09-26,,,0
Canada federal,Canada,*72101507 *72101509 *72101510 *72102302 *72103300 *72151200 *72151511 *72151514 *72154200 *72154300 *72154501 *76111500 *76111503 *78141805 *78181500,*Building maintenance service *Fire protection system and equipment maintenance or repair service *Plumbing system maintenance or repair *Heating systems installation repair or maintenance *Infrastructure maintenance and repair services *Heating and cooling and air conditioning HVAC construction and maintenance services *Lighting system maintenance or repair service *Standby or emergency power maintenance service *Instrumentation installation maintenance and repair services *Motive and electrical power generation equipment maintenance and repair services *Heavy equipment maintenance and repair service *General building and office cleaning and maintenance services *Lighting maintenance services *Aerodrome or airport or aviation facility operations service *Vehicle maintenance and repair services,Other,*Building maintenance service *Fire protection system and equipment maintenance or repair service *Plumbing system maintenance or repair *Heating systems installation repair or maintenance *Infrastructure maintenance and repair services *Heating and cooling and air conditioning HVAC construction and maintenance services *Lighting system maintenance or repair service *Standby or emergency power maintenance service *Instrumentation installation maintenance and repair services *Motive and electrical power generation equipment maintenance and repair services *Heavy equipment maintenance and repair service *General building and office cleaning and maintenance services *Lighting maintenance services *Aerodrome or airport or aviation facility operations service *Vehicle maintenance and repair services,15,20,1,1,2023-12-15,2023-12-15,,,0
Canada federal,Canada,*86132100 *86132201,"*Training planning, facilitation and delivery services *Training workshop service",Other,"*Training planning, facilitation and delivery services *Training workshop service",15,20,1,1,2024-02-26,2024-02-26,,,0
Canada federal,Canada,*46151609 *46170000 *46171500 *46171524 *46171525 *46171600 *46171604 *46171610 *46171611 *46171619 *72151700,*Identification card discriminator *Security surveillance and detection *Locks and security hardware and accessories *Card key lock *Key card for lock *Surveillance and detection equipment *Alarm systems *Security cameras *Video identification systems *Security or access control systems *Safety and security system installation services,Other,*Identification card discriminator *Security surveillance and detection *Locks and security hardware and accessories *Card key lock *Key card for lock *Surveillance and detection equipment *Alarm systems *Security cameras *Video identification systems *Security or access control systems *Safety and security system installation services,15,20,1,1,2026-02-03,2026-02-03,,,0
Canada federal,Canada,*80141607 *80141900,*Events management *Trade shows and exhibits,Other,*Events management *Trade shows and exhibits,15,20,1,1,2026-04-20,2026-04-20,,,0
Canada federal,Canada,*46171500 *46171619 *72151700 *92121700,*Locks and security hardware and accessories *Security or access control systems *Safety and security system installation services *Security systems services,Other,*Locks and security hardware and accessories *Security or access control systems *Safety and security system installation services *Security systems services,15,20,1,1,2024-07-05,2024-07-05,,,0
Canada federal,Canada,*60105300 *86111504 *86111600 *86130000 *86132200 *86132203 *86132206 *86132212 *86141500 *86141501,*Career education instructional materials *Non certificated distance learning services *Adult education *Specialized educational services *Educational support services *Educational planning service *Teaching and educational research service *Educational data collection service *Educational guidance services *Educational advisory services,Other,*Career education instructional materials *Non certificated distance learning services *Adult education *Specialized educational services *Educational support services *Educational planning service *Teaching and educational research service *Educational data collection service *Educational guidance services *Educational advisory services,15,20,1,1,2024-02-02,2024-02-02,,,0
Canada federal,Canada,*43230000 *81112208,*Software *Security and protection software maintenance,Other,*Software *Security and protection software maintenance,15,20,1,1,2025-09-29,2025-09-29,,,0
Canada federal,Canada,*43230000 *43231500 *43232200 *43232300 *43232700 *43232800 *43232900 *43233700,*Software *Business function specific software *Content management software *Data management and query software *Network applications software *Network management software *Networking software *System management software,Other,*Software *Business function specific software *Content management software *Data management and query software *Network applications software *Network management software *Networking software *System management software,15,20,1,1,2025-11-26,2025-11-26,,,0
Canada federal,Canada,*80141700 *80141800,*Distribution *Mailing services,Other,*Distribution *Mailing services,15,20,1,1,2024-05-07,2024-05-07,,,0
United Kingdom,United Kingdom,79130000,Legal documentation and certification services,Other,Legal documentation and certification services,15,20,1,1,2025-02-20,2025-02-20,,,0
France,France,"33,21","Bâtiment,Audit",Other,Services,15,20,1,1,2026-05-28,2026-05-28,,,0
France,France,79212300,"Audit,Prestations de services,Expertise comptable",Other,Services,15,20,1,1,2026-04-24,2026-04-24,,,0
Canada federal,Canada,*46190000 *46191500 *46191505 *72101509 *72101516,*Fire protection *Fire prevention *Fire alarm systems *Fire protection system and equipment maintenance or repair service *Fire extinguisher inspection maintenance and repair service,Other,*Fire protection *Fire prevention *Fire alarm systems *Fire protection system and equipment maintenance or repair service *Fire extinguisher inspection maintenance and repair service,15,20,1,1,2025-12-08,2025-12-08,,,0
Canada federal,Canada,*72120000 *72121100 *72121101 *72121400 *81101508,*Nonresidential building construction services *Commercial and office building construction services *Commercial and office building new construction service *Specialized public building construction services *Architectural engineering,Other,*Nonresidential building construction services *Commercial and office building construction services *Commercial and office building new construction service *Specialized public building construction services *Architectural engineering,15,20,1,1,2025-02-24,2025-02-24,,,0
Canada federal,Canada,*72121103 *72152606,*Commercial and office building renovation and repair service *Siding installation and repair service,Other,*Commercial and office building renovation and repair service *Siding installation and repair service,15,20,1,1,2026-06-26,2026-06-26,,,0
Canada federal,Canada,*77101500 *77101700 *81101516,*Environmental impact assessment *Environmental advisory services *Energy or utility consulting service,Other,*Environmental impact assessment *Environmental advisory services *Energy or utility consulting service,15,20,1,1,2026-01-12,2026-01-12,,,0
Canada federal,Canada,*AJ212528,*Computer Systems Security (R&D),Other,*Computer Systems Security (R&D),15,20,1,1,2024-02-07,2024-02-07,,,0
Canada federal,Canada,*45121506,*Video conference cameras,Other,*Video conference cameras,15,20,1,1,2026-07-28,2026-07-28,,,0
Canada federal,Canada,*72151508,*Computerized controls installation service,Other,*Computerized controls installation service,15,20,1,1,2025-07-18,2025-07-18,,,0
Canada federal,Canada,*81112205,*Database management system software maintenance,Other,*Database management system software maintenance,15,20,1,1,2026-01-07,2026-01-07,,,0
Canada federal,Canada,*U099S,*Safety Training Courses,Other,*Safety Training Courses,15,20,1,1,2023-11-09,2023-11-09,,,0
Canada federal,Canada,*80101700 *80101702 *81101516 *83101901 *83101902,*Industrial management *Productivity or efficiency studies or implementation *Energy or utility consulting service *Energy conservation programs *Energy use reduction measures,Other,*Industrial management *Productivity or efficiency studies or implementation *Energy or utility consulting service *Energy conservation programs *Energy use reduction measures,15,20,1,1,2024-12-04,2024-12-04,,,0
Canada federal,Canada,*43233700 *80161604,*System management software *Information technology IT management services,Other,*System management software *Information technology IT management services,15,20,1,1,2023-09-25,2023-09-25,,,0
Canada federal,Canada,*86100000 *86131800,*Vocational training *Military education,Other,*Vocational training *Military education,15,20,1,1,2026-05-07,2026-05-07,,,0
Canada federal,Canada,*39120000 *41110000 *41111900 *43210000,*Electrical equipment and components and supplies *Measuring and observing and testing instruments *Indicating and recording instruments *Computer Equipment and Accessories,Other,*Electrical equipment and components and supplies *Measuring and observing and testing instruments *Indicating and recording instruments *Computer Equipment and Accessories,15,20,1,1,2025-08-08,2025-08-08,,,0
Canada federal,Canada,*12160000 *26101100 *31111600 *31160000 *41110000 *46171600,*Additives *Electric alternating current AC motors *Impact extrusions *Hardware *Measuring and observing and testing instruments *Surveillance and detection equipment,Other,*Additives *Electric alternating current AC motors *Impact extrusions *Hardware *Measuring and observing and testing instruments *Surveillance and detection equipment,15,20,1,1,2026-02-17,2026-02-17,,,0
Canada federal,Canada,*52131600 *52131700 *72153608,*Blinds and shades *Window treatment accessories and hardware *Window treatment installation service,Other,*Blinds and shades *Window treatment accessories and hardware *Window treatment installation service,15,20,1,1,2023-10-19,2023-10-19,,,0
Canada federal,Canada,*43211700,*Computer data input devices,Other,*Computer data input devices,15,20,1,1,2024-03-08,2024-03-08,,,0
Canada federal,Canada,*30180000 *30181500 *30181600 *30181700 *30181800 *40141700 *40141719 *40141720 *40141725 *40141726 *40141727 *40141731 *40141732 *40141734 *40141735 *40141736 *40141737 *40141738 *40141739 *40141740 *40141741 *40141742 *40141743 *40141744 *40141745 *40141746 *40141747 *40141749 *40141750 *40141751 *40141755 *40141756 *40141757 *40141758 *40141759 *40141760 *40141761 *40141762 *40141763 *40141764 *40141765 *40141766 *40141767 *40141768 *40141769 *40141770,"*Plumbing fixtures *Sanitary ware *Non sanitary residential fixtures *Faucets or taps *Faucet and shower heads, jets and parts and accessories *Hardware and fittings *Plumbing adapters *Plumbing connectors *Plumbing hangers *Hydrants *Plumbing vents *Nozzles *Plumbing spiders *Hose fitting *Funnels *Grease fitting *Diaphragms *Drain plugs *Drain covers *Fuel cocks *Orifice fittings *Atomizers *Nozzle tips or caps *Drain bowls *Fusible plugs *Sight glass *Grease trap *Vacuum breaker *Waste arm *Wall bend *Pipe sway brace *Pipe connection box accessory *Escutcheon *Drainage channel *Floor drain *Non freeze hydrant *Piping manifold *Water meter protection tub *Water hammer arrester *Hose assembly *Drain separator *Snap tap with saddle for water works *Pipe shoe *Pitless adapter *Valve box or valve room *Pipe fusion machine",Other,"*Plumbing fixtures *Sanitary ware *Non sanitary residential fixtures *Faucets or taps *Faucet and shower heads, jets and parts and accessories *Hardware and fittings *Plumbing adapters *Plumbing connectors *Plumbing hangers *Hydrants *Plumbing vents *Nozzles *Plumbing spiders *Hose fitting *Funnels *Grease fitting *Diaphragms *Drain plugs *Drain covers *Fuel cocks *Orifice fittings *Atomizers *Nozzle tips or caps *Drain bowls *Fusible plugs *Sight glass *Grease trap *Vacuum breaker *Waste arm *Wall bend *Pipe sway brace *Pipe connection box accessory *Escutcheon *Drainage channel *Floor drain *Non freeze hydrant *Piping manifold *Water meter protection tub *Water hammer arrester *Hose assembly *Drain separator *Snap tap with saddle for water works *Pipe shoe *Pitless adapter *Valve box or valve room *Pipe fusion machine",15,20,1,1,2025-01-16,2025-01-16,,,0
Canada federal,Canada,*43230000 *43231500 *43232300 *43232600,*Software *Business function specific software *Data management and query software *Industry specific software,Other,*Software *Business function specific software *Data management and query software *Industry specific software,15,20,1,1,2025-06-13,2025-06-13,,,0
Canada federal,Canada,*10151700 *72102903 *76111500,*Grass and forage seeds and seedlings *Snow removal services *General building and office cleaning and maintenance services,Other,*Grass and forage seeds and seedlings *Snow removal services *General building and office cleaning and maintenance services,15,20,1,1,2025-06-17,2025-06-17,,,0
Canada federal,Canada,*53100000 *53102500,*Clothing *Clothing accessories,Other,*Clothing *Clothing accessories,15,20,1,1,2025-08-22,2025-08-22,,,0
Canada federal,Canada,*46201000,*Public safety training equipment,Other,*Public safety training equipment,15,20,1,1,2025-10-29,2025-10-29,,,0
Canada federal,Canada,*72121100 *72121103 *72121400 *72150000,*Commercial and office building construction services *Commercial and office building renovation and repair service *Specialized public building construction services *Specialized trade construction and maintenance services,Other,*Commercial and office building construction services *Commercial and office building renovation and repair service *Specialized public building construction services *Specialized trade construction and maintenance services,15,20,1,1,2026-01-12,2026-01-12,,,0
Canada federal,Canada,*25191500 *25191800 *46201000,*Air transportation support systems and equipment *Vehicle testing and measuring equipment *Public safety training equipment,Other,*Air transportation support systems and equipment *Vehicle testing and measuring equipment *Public safety training equipment,15,20,1,1,2026-03-25,2026-03-25,,,0
Canada federal,Canada,*53100000 *53102500 *53102501,*Clothing *Clothing accessories *Belts or suspenders,Other,*Clothing *Clothing accessories *Belts or suspenders,15,20,1,1,2026-04-17,2026-04-17,,,0
Ireland,Ireland,45314320.0,Installation of computer cabling.,Other,Installation of computer cabling.,15,20,1,1,2025-02-21,2025-02-21,,,0
United Kingdom,United Kingdom,71321300,Plumbing consultancy services,Other,Plumbing consultancy services,15,20,1,1,2025-02-07,2025-02-07,,,0
Canada federal,Canada,*86000000 *86100000 *86101600 *86130000,*Education and Training Services *Vocational training *Scientific vocational training services *Specialized educational services,Other,*Education and Training Services *Vocational training *Scientific vocational training services *Specialized educational services,15,20,1,1,2025-12-10,2025-12-10,,,0
France,France,"455,21","Ingénierie,Audit",Other,Services,15,20,1,1,2025-12-02,2025-12-02,,,0
Canada federal,Canada,*78111808 *86132100 *90111500,"*Vehicle rental *Training planning, facilitation and delivery services *Hotels and motels and inns",Other,"*Vehicle rental *Training planning, facilitation and delivery services *Hotels and motels and inns",15,20,1,1,2024-12-18,2024-12-18,,,0
Canada federal,Canada,*25131509 *81162308 *86131700 *86131800 *86132100 *86132204,"*Fixed wing training aircraft or trainer *Training process as a service *Driving and flying and sailing *Military education *Training planning, facilitation and delivery services *Curriculum development service",Other,"*Fixed wing training aircraft or trainer *Training process as a service *Driving and flying and sailing *Military education *Training planning, facilitation and delivery services *Curriculum development service",15,20,1,1,2024-05-17,2024-05-17,,,0
Canada federal,Canada,*44100000 *44101600,*Office machines and their supplies and accessories *Paper processing machines and accessories,Other,*Office machines and their supplies and accessories *Paper processing machines and accessories,15,20,1,1,2024-10-25,2024-10-25,,,0
Canada federal,Canada,*72000000 *72103300 *72121103 *72150000 *81101513,*Building and Facility Construction and Maintenance Services *Infrastructure maintenance and repair services *Commercial and office building renovation and repair service *Specialized trade construction and maintenance services *Building construction management,Other,*Building and Facility Construction and Maintenance Services *Infrastructure maintenance and repair services *Commercial and office building renovation and repair service *Specialized trade construction and maintenance services *Building construction management,15,20,1,1,2024-05-03,2024-05-03,,,0
Canada federal,Canada,*56112101,*Auditorium or stadium or special use seating,Other,*Auditorium or stadium or special use seating,15,20,1,1,2023-09-07,2023-09-07,,,0
France,France,"21,203","Audit,Matériel électrique",Other,Services,15,20,1,1,2025-05-15,2025-05-15,,,0
Canada federal,Canada,*24101613 *25170000 *25172000 *25172400 *25172900 *25173800 *25174000 *25174800 *31160000 *31161900 *31162600 *31162800 *31171600 *39121300 *40100000 *40101806 *40141600 *40142000 *40170000 *40171500,*Blocks or pulleys *Transportation components and systems *Suspension system components *Fuel tanks and systems *Exterior vehicle lighting *Drivetrain systems *Engine coolant system *Specialized vehicle systems and components *Hardware *Springs *Hooks *Miscellaneous hardware *Bushings *Electrical boxes and enclosures and fittings and accessories *Heating and ventilation and air circulation *Heat pumps *Valves *Hoses *Pipe piping and pipe fittings *Commercial pipe and piping,Other,*Blocks or pulleys *Transportation components and systems *Suspension system components *Fuel tanks and systems *Exterior vehicle lighting *Drivetrain systems *Engine coolant system *Specialized vehicle systems and components *Hardware *Springs *Hooks *Miscellaneous hardware *Bushings *Electrical boxes and enclosures and fittings and accessories *Heating and ventilation and air circulation *Heat pumps *Valves *Hoses *Pipe piping and pipe fittings *Commercial pipe and piping,15,20,1,1,2024-05-01,2024-05-01,,,0
France,France,"455,433,274,21","Ingénierie,Assistance à maîtrise d'ouvrage,Prestations de services,Audit",Other,Services,15,20,1,1,2025-06-06,2025-06-06,,,0
Canada federal,Canada,*25131509 *25131605,*Fixed wing training aircraft or trainer *Rotary wing training aircraft or helicopter trainer,Other,*Fixed wing training aircraft or trainer *Rotary wing training aircraft or helicopter trainer,15,20,1,1,2025-09-12,2025-09-12,,,0
Canada federal,Canada,*31160000 *40141600 *40170000 *41112400,*Hardware *Valves *Pipe piping and pipe fittings *Pressure measuring and control instruments,Other,*Hardware *Valves *Pipe piping and pipe fittings *Pressure measuring and control instruments,15,20,1,1,2025-08-21,2025-08-21,,,0
Canada federal,Canada,*43211604 *81112002,*Peripheral switch boxes *Data processing or preparation services,Other,*Peripheral switch boxes *Data processing or preparation services,15,20,1,1,2025-05-07,2025-05-07,,,0
Canada federal,Canada,*86100000 *95122100,*Vocational training *Accommodation buildings and structures,Other,*Vocational training *Accommodation buildings and structures,15,20,1,1,2023-12-28,2023-12-28,,,0
Canada federal,Canada,*81101700 *86101606 *86132200,*Electrical and electronic engineering *Electronics vocational training services *Educational support services,Other,*Electrical and electronic engineering *Electronics vocational training services *Educational support services,15,20,1,1,2026-04-23,2026-04-23,,,0
Canada federal,Canada,*56100000 *56101500 *56101504,*Accommodation furniture *Furniture *Chairs,Other,*Accommodation furniture *Furniture *Chairs,15,20,1,1,2023-12-20,2023-12-20,,,0
Canada federal,Canada,*43232201,*Content workflow software,Other,*Content workflow software,15,20,1,1,2024-10-28,2024-10-28,,,0
France,France,79210000,"Assistance technique,Audit",Other,Services,15,20,1,1,2025-11-17,2025-11-17,,,0
Canada federal,Canada,*32130000 *39120000 *41100000,*Electronic hardware and component parts and accessories *Electrical equipment and components and supplies *Laboratory and scientific equipment,Other,*Electronic hardware and component parts and accessories *Electrical equipment and components and supplies *Laboratory and scientific equipment,15,20,1,1,2025-05-02,2025-05-02,,,0
Canada federal,Canada,*25201706 *25202500 *32130000,*Aircraft interface electronics *Aircraft equipment *Electronic hardware and component parts and accessories,Other,*Aircraft interface electronics *Aircraft equipment *Electronic hardware and component parts and accessories,15,20,1,1,2024-07-02,2024-07-02,,,0
Canada federal,Canada,*55121700,*Signage,Other,*Signage,15,20,1,1,2026-02-16,2026-02-16,,,0
Canada federal,Canada,*JX7021 *N7021,"*ADP Central Processing Unit (CPU,Computer) Digital - Maintenance *ADP Central Processing Unit (CPU, Computer) Digital",Other,"*ADP Central Processing Unit (CPU,Computer) Digital - Maintenance *ADP Central Processing Unit (CPU, Computer) Digital",15,20,1,1,2023-08-16,2023-08-16,,,0
Canada federal,Canada,*72101507 *72121103 *72150000,*Building maintenance service *Commercial and office building renovation and repair service *Specialized trade construction and maintenance services,Other,*Building maintenance service *Commercial and office building renovation and repair service *Specialized trade construction and maintenance services,15,20,1,1,2024-06-11,2024-06-11,,,0
Canada federal,Canada,*85130000,*Medical science research and experimentation,Other,*Medical science research and experimentation,15,20,1,1,2025-10-31,2025-10-31,,,0
France,France,66510000,"Assurance,Audit",Other,Services,15,20,1,1,2023-08-31,2023-08-31,,,0
Canada federal,Canada,*22101600 *25173900 *30103619 *30120000 *39121300 *39121700 *72102902 *72141100 *72141102 *72141103 *72141511 *72153702,*Paving equipment *Electrical components *Precast concrete element *Roads and landscape *Electrical boxes and enclosures and fittings and accessories *Electrical hardware and supplies *Landscaping services *Infrastructure building and surfacing and paving services *Land grading service *Highway and road paving service *Digging services *Parking lot maintenance,Other,*Paving equipment *Electrical components *Precast concrete element *Roads and landscape *Electrical boxes and enclosures and fittings and accessories *Electrical hardware and supplies *Landscaping services *Infrastructure building and surfacing and paving services *Land grading service *Highway and road paving service *Digging services *Parking lot maintenance,15,20,1,1,2025-05-23,2025-05-23,,,0
Canada federal,Canada,*81110000 *81111801,*Computer services *Computer or network or internet security,Other,*Computer services *Computer or network or internet security,15,20,1,1,2024-01-03,2024-01-03,,,0
Canada federal,Canada,*72120000 *72121100 *72121500 *72151100,*Nonresidential building construction services *Commercial and office building construction services *Industrial plant construction services *Plumbing construction services,Other,*Nonresidential building construction services *Commercial and office building construction services *Industrial plant construction services *Plumbing construction services,15,20,1,1,2025-08-15,2025-08-15,,,0
France,France,79210000,"Audit,Prestations de services",Other,Services,15,20,1,1,2023-10-14,2023-10-14,,,0
Canada federal,Canada,*80111504 *86111505,*Labor training or development *Distance learning assessment services,Other,*Labor training or development *Distance learning assessment services,15,20,1,1,2026-07-30,2026-07-30,,,0
Canada federal,Canada,*72120000 *72121100 *72130000 *81101513,*Nonresidential building construction services *Commercial and office building construction services *General building construction *Building construction management,Other,*Nonresidential building construction services *Commercial and office building construction services *General building construction *Building construction management,15,20,1,1,2026-02-23,2026-02-23,,,0
Canada federal,Canada,*41100000 *41111724,*Laboratory and scientific equipment *Scanning probe microscopes,Other,*Laboratory and scientific equipment *Scanning probe microscopes,15,20,1,1,2026-01-21,2026-01-21,,,0
Canada federal,Canada,*41111720,*Scanning electron microscopes,Other,*Scanning electron microscopes,15,20,1,1,2025-12-04,2025-12-04,,,0
France,France,71314100,"Audit,Electrification rurale",Other,Services,15,20,1,1,2024-01-31,2024-01-31,,,0
France,France,79400000,"Audit,Prestations de services",Other,Services,15,20,1,1,2024-10-01,2024-10-01,,,0
Canada federal,Canada,*43233006,*Virtual machine software,Other,*Virtual machine software,15,20,1,1,2024-09-11,2024-09-11,,,0
Canada federal,Canada,*56100000 *56110000 *56130000,*Accommodation furniture *Commercial and industrial furniture *Merchandising furniture and accessories,Other,*Accommodation furniture *Commercial and industrial furniture *Merchandising furniture and accessories,15,20,1,1,2024-12-12,2024-12-12,,,0
France,France,"21,306,455","Audit,Réseaux divers,Ingénierie",Other,Services,15,20,1,1,2024-08-14,2024-08-14,,,0
France,France,"274,21,434","Prestations de services,Audit,Assistance juridique",Other,Services,15,20,1,1,2025-05-21,2025-05-21,,,0
France,France,79310000,"Audit,Prestations de services",Other,Services,15,20,1,1,2024-01-24,2024-01-24,,,0
France,France,"19,21,196,431","Assistance technique,Audit,Maintenance,Amiante (diagnostic)",Other,Services,15,20,1,1,2024-01-25,2024-01-25,,,0
Canada federal,Canada,*84111700 *86132201,*Corporate finance *Training workshop service,Other,*Corporate finance *Training workshop service,15,20,1,1,2024-11-20,2024-11-20,,,0
Canada federal,Canada,*22100000 *22101900 *30190000 *72121100 *72121101 *72130000 *72150000 *72151502,*Heavy construction machinery and equipment *Building construction machinery and accessories *Construction and maintenance support equipment *Commercial and office building construction services *Commercial and office building new construction service *General building construction *Specialized trade construction and maintenance services *Electric power system construction service,Other,*Heavy construction machinery and equipment *Building construction machinery and accessories *Construction and maintenance support equipment *Commercial and office building construction services *Commercial and office building new construction service *General building construction *Specialized trade construction and maintenance services *Electric power system construction service,15,20,1,1,2025-02-03,2025-02-03,,,0
Canada federal,Canada,*30190000 *40170000 *72121100 *72150000 *72151100,*Construction and maintenance support equipment *Pipe piping and pipe fittings *Commercial and office building construction services *Specialized trade construction and maintenance services *Plumbing construction services,Other,*Construction and maintenance support equipment *Pipe piping and pipe fittings *Commercial and office building construction services *Specialized trade construction and maintenance services *Plumbing construction services,15,20,1,1,2023-09-14,2023-09-14,,,0
Canada federal,Canada,*77101800,*Environmental auditing,Other,*Environmental auditing,15,20,1,1,2024-02-28,2024-02-28,,,0
Canada federal,Canada,*86101810 *86132201,*Personnel skills training *Training workshop service,Other,*Personnel skills training *Training workshop service,15,20,1,1,2026-06-09,2026-06-09,,,0
Canada federal,Canada,*N2090D,"*Locker, Clothing and Cleaning Gear, Shipboard Type",Other,"*Locker, Clothing and Cleaning Gear, Shipboard Type",15,20,1,1,2024-01-09,2024-01-09,,,0
Canada federal,Canada,*43231501 *81111811,*Helpdesk or call center software *Technical support or help desk services,Other,*Helpdesk or call center software *Technical support or help desk services,15,20,1,1,2025-09-12,2025-09-12,,,0
Canada federal,Canada,*86101508 *86101509 *86101600 *86101602 *86101610 *86132201,*Environmental vocational training services *Natural resources vocational training services *Scientific vocational training services *Energy related vocational training services *Engineering vocational training services *Training workshop service,Other,*Environmental vocational training services *Natural resources vocational training services *Scientific vocational training services *Energy related vocational training services *Engineering vocational training services *Training workshop service,15,20,1,1,2024-09-12,2024-09-12,,,0
Canada federal,Canada,*40101806 *81101516,*Heat pumps *Energy or utility consulting service,Other,*Heat pumps *Energy or utility consulting service,15,20,1,1,2024-11-15,2024-11-15,,,0
Canada federal,Canada,*43232108 *43232603,*Calendar and scheduling software *Facilities management software,Other,*Calendar and scheduling software *Facilities management software,15,20,1,1,2023-08-18,2023-08-18,,,0
Canada federal,Canada,*72120000 *72121000 *72121100 *72121101 *72121104 *72121105 *72121200 *72121400 *72121500 *72130000 *72140000 *72141105 *72141129 *72141200 *72150000 *72151100 *72151200 *81101513,*Nonresidential building construction services *New industrial building and warehouse construction services *Commercial and office building construction services *Commercial and office building new construction service *Restaurant construction service *Shopping center and mall construction service *Agricultural building construction services *Specialized public building construction services *Industrial plant construction services *General building construction *Heavy construction services *Sidewalk construction and repair service *Park and garden construction and or remodelling service *Marine construction services *Specialized trade construction and maintenance services *Plumbing construction services *Heating and cooling and air conditioning HVAC construction and maintenance services *Building construction management,Other,*Nonresidential building construction services *New industrial building and warehouse construction services *Commercial and office building construction services *Commercial and office building new construction service *Restaurant construction service *Shopping center and mall construction service *Agricultural building construction services *Specialized public building construction services *Industrial plant construction services *General building construction *Heavy construction services *Sidewalk construction and repair service *Park and garden construction and or remodelling service *Marine construction services *Specialized trade construction and maintenance services *Plumbing construction services *Heating and cooling and air conditioning HVAC construction and maintenance services *Building construction management,15,20,1,1,2025-07-10,2025-07-10,,,0
Canada federal,Canada,*78111500 *80100000 *80141500 *80160000 *81121500 *81130000 *81131500,*Passenger air transportation *Management advisory services *Market research *Business administration services *Economic analysis *Statistics *Methodology and analysis,Other,*Passenger air transportation *Management advisory services *Market research *Business administration services *Economic analysis *Statistics *Methodology and analysis,15,20,1,1,2026-06-29,2026-06-29,,,0
Canada federal,Canada,*N6930101,"*OPERATION TRAINING DEVICES, ELECTRONIC, SIMULATORS, MARINE",Other,"*OPERATION TRAINING DEVICES, ELECTRONIC, SIMULATORS, MARINE",15,20,1,1,2025-03-28,2025-03-28,,,0
Canada federal,Canada,*30170000 *46200000,*Doors and windows and glass *Defense and law enforcement and security and safety training equipment,Other,*Doors and windows and glass *Defense and law enforcement and security and safety training equipment,15,20,1,1,2024-01-10,2024-01-10,,,0
Canada federal,Canada,*43212002 *56101519 *56111601 *56111800 *56111802 *56111803 *56112105 *56112106 *56112108 *56112109 *56112204,*Monitor arms or stands *Tables *Screens for panel systems *Freestanding furniture *Freestanding tables *Freestanding storage *Lounge seating *Stool seating *Combination chair with desk *Benches *Worksurfaces,Other,*Monitor arms or stands *Tables *Screens for panel systems *Freestanding furniture *Freestanding tables *Freestanding storage *Lounge seating *Stool seating *Combination chair with desk *Benches *Worksurfaces,15,20,1,1,2024-05-24,2024-05-24,,,0
Canada federal,Canada,*77000000 *81000000,*Environmental Services *Engineering and Research and Technology Based Services,Other,*Environmental Services *Engineering and Research and Technology Based Services,15,20,1,1,2024-07-16,2024-07-16,,,0
Canada federal,Canada,*81000000 *81101517,*Engineering and Research and Technology Based Services *Landscape architecture and design service,Other,*Engineering and Research and Technology Based Services *Landscape architecture and design service,15,20,1,1,2025-08-26,2025-08-26,,,0
Canada federal,Canada,*56111513 *72121400 *72150000,*Conference or non modular room packages *Specialized public building construction services *Specialized trade construction and maintenance services,Other,*Conference or non modular room packages *Specialized public building construction services *Specialized trade construction and maintenance services,15,20,1,1,2025-12-05,2025-12-05,,,0
Canada federal,Canada,*24102000 *44000000 *44120000 *56101702,*Shelving and storage *Office Equipment and Accessories and Supplies *Office supplies *Filing cabinets or accessories,Other,*Shelving and storage *Office Equipment and Accessories and Supplies *Office supplies *Filing cabinets or accessories,15,20,1,1,2025-12-19,2025-12-19,,,0
Canada federal,Canada,*14000000 *44000000 *44122000 *44122027,*Paper Materials and Products *Office Equipment and Accessories and Supplies *Folders and binders and indexes *Expandable file folders,Other,*Paper Materials and Products *Office Equipment and Accessories and Supplies *Folders and binders and indexes *Expandable file folders,15,20,1,1,2025-12-09,2025-12-09,,,0
Canada federal,Canada,*72101510 *72102902 *72103300 *72121103 *72151207 *72151502 *72152000 *72152300 *72152400 *72152601,*Plumbing system maintenance or repair *Landscaping services *Infrastructure maintenance and repair services *Commercial and office building renovation and repair service *Heating and cooling and air conditioning HVAC installation and maintenance service *Electric power system construction service *Plastering and drywall services *Carpentry services *Window and door installation and erection services *Roofing service,Other,*Plumbing system maintenance or repair *Landscaping services *Infrastructure maintenance and repair services *Commercial and office building renovation and repair service *Heating and cooling and air conditioning HVAC installation and maintenance service *Electric power system construction service *Plastering and drywall services *Carpentry services *Window and door installation and erection services *Roofing service,15,20,1,1,2026-02-18,2026-02-18,,,0
Canada federal,Canada,*80171905 *86101704,*Indigenous peoples relations consultation and engagement *Procurement or supply chain training,Other,*Indigenous peoples relations consultation and engagement *Procurement or supply chain training,15,20,1,1,2024-05-17,2024-05-17,,,0
Ireland,Ireland,79212100.0,Financial auditing services.,Other,Financial auditing services.,15,20,1,1,2023-10-04,2023-10-04,,,0
United Kingdom,United Kingdom,30130000,Post-office equipment,Other,Post-office equipment,15,20,1,1,2025-12-11,2025-12-11,,,0
France,France,"21,274,19","Audit,Prestations de services,Assistance technique",Other,Services,15,20,1,1,2024-11-16,2024-11-16,,,0
France,France,"21,274,433,455","Audit,Prestations de services,Assistance à maîtrise d'ouvrage,Ingénierie",Other,Services,15,20,1,1,2023-10-25,2023-10-25,,,0
France,France,"203,21,359,253,196","Matériel électrique,Audit,Véhicules,Ouvrage d'infrastructure,Maintenance",Other,Services,15,20,1,1,2025-08-19,2025-08-19,,,0
France,France,71314200,"Audit,Bâtiment",Other,Services,15,20,1,1,2023-10-27,2023-10-27,,,0
France,France,79211110,"Audit,Prestations de services",Other,Services,15,20,1,1,2023-11-16,2023-11-16,,,0
France,France,"18,21,274","Assainissement,Audit,Prestations de services",Other,Services,15,20,1,1,2023-11-12,2023-11-12,,,0
France,France,71310000,"Audit,Bâtiment,Maintenance",Other,Services,15,20,1,1,2024-07-30,2024-07-30,,,0
France,France,66171000,"Audit,Ingénierie",Other,Services,15,20,1,1,2025-08-09,2025-08-09,,,0
France,France,71356200,"Amiante (diagnostic),Audit,Assistance technique,Assistance à maîtrise d'ouvrage",Other,Services,15,20,1,1,2026-02-17,2026-02-17,,,0
United Kingdom,United Kingdom,18822000,Training shoes,Other,Training shoes,15,20,1,1,2024-07-10,2024-07-10,,,0
France,France,"21,236,332","Audit,Monuments historiques,Sécurité incendie",Other,Services,15,20,1,1,2026-05-31,2026-05-31,,,0
France,France,72800000,"Audit,Informatique (prestations de services)",Other,Services,15,20,1,1,2026-05-05,2026-05-05,,,0
Canada federal,Canada,*80101511 *80101600 *80101604,*Human resources consulting service *Project management *Project administration or planning,Other,*Human resources consulting service *Project management *Project administration or planning,15,20,1,1,2026-03-17,2026-03-17,,,0
Canada federal,Canada,*80111500 *80111501 *80111504 *80171905,*Human resource development *Management development *Labor training or development *Indigenous peoples relations consultation and engagement,Other,*Human resource development *Management development *Labor training or development *Indigenous peoples relations consultation and engagement,15,20,1,1,2026-01-09,2026-01-09,,,0
Canada federal,Canada,*72102801 *72121103 *72153605,*Renovation of buildings or landmarks or monuments *Commercial and office building renovation and repair service *Kitchen and bathroom remodeling service,Other,*Renovation of buildings or landmarks or monuments *Commercial and office building renovation and repair service *Kitchen and bathroom remodeling service,15,20,1,1,2025-09-24,2025-09-24,,,0
Canada federal,Canada,*72121100 *72151200,*Commercial and office building construction services *Heating and cooling and air conditioning HVAC construction and maintenance services,Other,*Commercial and office building construction services *Heating and cooling and air conditioning HVAC construction and maintenance services,15,20,1,1,2026-06-26,2026-06-26,,,0
Canada federal,Canada,*86100000 *86101700 *86132100,"*Vocational training *Non scientific vocational training services *Training planning, facilitation and delivery services",Other,"*Vocational training *Non scientific vocational training services *Training planning, facilitation and delivery services",15,20,1,1,2024-02-22,2024-02-22,,,0
Canada federal,Canada,*25173900 *26121500 *26121600 *39120000 *39121700 *72102200 *73152108,*Electrical components *Electrical wire *Electrical cable and accessories *Electrical equipment and components and supplies *Electrical hardware and supplies *Electrical services *Electrical equipment maintenance and repair service,Other,*Electrical components *Electrical wire *Electrical cable and accessories *Electrical equipment and components and supplies *Electrical hardware and supplies *Electrical services *Electrical equipment maintenance and repair service,15,20,1,1,2026-07-28,2026-07-28,,,0
Canada federal,Canada,*43232408 *43232600,*Web platform development software *Industry specific software,Other,*Web platform development software *Industry specific software,15,20,1,1,2024-01-31,2024-01-31,,,0
Canada federal,Canada,*80101500 *80101508,*Business and corporate management consultation services *Business intelligence consulting services,Other,*Business and corporate management consultation services *Business intelligence consulting services,15,20,1,1,2025-10-10,2025-10-10,,,0
Canada federal,Canada,*N7045,*Computer Supplies,Other,*Computer Supplies,15,20,1,1,2026-01-16,2026-01-16,,,0
Canada federal,Canada,*21102300 *72121103,*Greenhouse equipment *Commercial and office building renovation and repair service,Other,*Greenhouse equipment *Commercial and office building renovation and repair service,15,20,1,1,2026-03-02,2026-03-02,,,0
Canada federal,Canada,*43230000 *43232400,*Software *Development software,Other,*Software *Development software,15,20,1,1,2026-03-17,2026-03-17,,,0
Canada federal,Canada,*22101900 *72110000 *72121100 *72121101 *72130000 *81101513,*Building construction machinery and accessories *Residential building construction services *Commercial and office building construction services *Commercial and office building new construction service *General building construction *Building construction management,Other,*Building construction machinery and accessories *Residential building construction services *Commercial and office building construction services *Commercial and office building new construction service *General building construction *Building construction management,15,20,1,1,2026-05-08,2026-05-08,,,0
Canada federal,Canada,*81112000 *81112001 *81112002 *81112010,*Data services *Online data processing service *Data processing or preparation services *Data conversion service,Other,*Data services *Online data processing service *Data processing or preparation services *Data conversion service,15,20,1,1,2025-01-22,2025-01-22,,,0
Canada federal,Canada,*43232304,*Data base management system software,Other,*Data base management system software,15,20,1,1,2025-10-10,2025-10-10,,,0
Canada federal,Canada,*26120000 *26130000 *32130000 *39120000,*Electrical wire and cable and harness *Power generation *Electronic hardware and component parts and accessories *Electrical equipment and components and supplies,Other,*Electrical wire and cable and harness *Power generation *Electronic hardware and component parts and accessories *Electrical equipment and components and supplies,15,20,1,1,2023-08-28,2023-08-28,,,0
Canada federal,Canada,*80101507 *80161604 *81111801,*Information technology consultation services *Information technology IT management services *Computer or network or internet security,Other,*Information technology consultation services *Information technology IT management services *Computer or network or internet security,15,20,1,1,2023-08-24,2023-08-24,,,0
Canada federal,Canada,*25201709 *26140000 *41101800 *41116400 *43221718 *46171616 *60104700 *60105000 *81162003 *92111700,*Aircraft probes or sensors *Atomic and nuclear energy machinery and equipment *Laboratory electron and solid state physics equipment *Acceleration and vibration measuring instruments *Radar antennas *Radar detectors *Energy and power physics materials *Nuclear physics materials *Cryptographics key management as a service *Military science and research,Other,*Aircraft probes or sensors *Atomic and nuclear energy machinery and equipment *Laboratory electron and solid state physics equipment *Acceleration and vibration measuring instruments *Radar antennas *Radar detectors *Energy and power physics materials *Nuclear physics materials *Cryptographics key management as a service *Military science and research,15,20,1,1,2025-09-10,2025-09-10,,,0
Canada federal,Canada,*26101100 *31162800 *40142000 *41112400,*Electric alternating current AC motors *Miscellaneous hardware *Hoses *Pressure measuring and control instruments,Other,*Electric alternating current AC motors *Miscellaneous hardware *Hoses *Pressure measuring and control instruments,15,20,1,1,2025-07-02,2025-07-02,,,0
Canada federal,Canada,*13100000 *25111900 *31150000 *31151700 *31160000 *31161600 *31400000 *40141600 *40151500 *40170000 *46101700 *48100000,*Rubber and elastomers *Marine craft systems and subassemblies *Rope and chain and cable and wire and strap *Mechanical cable *Hardware *Bolts *Gaskets *Valves *Pumps *Pipe piping and pipe fittings *Ammunition handling systems *Institutional food services equipment,Other,*Rubber and elastomers *Marine craft systems and subassemblies *Rope and chain and cable and wire and strap *Mechanical cable *Hardware *Bolts *Gaskets *Valves *Pumps *Pipe piping and pipe fittings *Ammunition handling systems *Institutional food services equipment,15,20,1,1,2025-11-25,2025-11-25,,,0
Canada federal,Canada,*26111700 *26121500 *26121600 *32121700 *39121700 *43221721,*Batteries and cells and accessories *Electrical wire *Electrical cable and accessories *Discrete components *Electrical hardware and supplies *Radio frequency data communication equipment,Other,*Batteries and cells and accessories *Electrical wire *Electrical cable and accessories *Discrete components *Electrical hardware and supplies *Radio frequency data communication equipment,15,20,1,1,2024-10-18,2024-10-18,,,0
Canada federal,Canada,*25173300 *25173700 *25174800 *25181700 *26110000 *27111600 *31162800 *40141600 *40142200 *40151700 *41112400,*Master control systems *Exhaust and emission controls *Specialized vehicle systems and components *Product and material trailers *Batteries and generators and kinetic power transmission *Forming tools *Miscellaneous hardware *Valves *Fluid and gas regulators *Pump parts and accessories *Pressure measuring and control instruments,Other,*Master control systems *Exhaust and emission controls *Specialized vehicle systems and components *Product and material trailers *Batteries and generators and kinetic power transmission *Forming tools *Miscellaneous hardware *Valves *Fluid and gas regulators *Pump parts and accessories *Pressure measuring and control instruments,15,20,1,1,2023-09-20,2023-09-20,,,0
Canada federal,Canada,*78131800 *78131804,*Specialized warehousing and storage *Document storage services,Other,*Specialized warehousing and storage *Document storage services,15,20,1,1,2023-12-11,2023-12-11,,,0
Canada federal,Canada,*44121504 *72121103 *72152400 *72153608,*Window envelopes *Commercial and office building renovation and repair service *Window and door installation and erection services *Window treatment installation service,Other,*Window envelopes *Commercial and office building renovation and repair service *Window and door installation and erection services *Window treatment installation service,15,20,1,1,2024-02-21,2024-02-21,,,0
Canada federal,Canada,*24000000 *56101510 *56110000,*Material Handling and Conditioning and Storage Machinery and their Accessories and Supplies *Partitions *Commercial and industrial furniture,Other,*Material Handling and Conditioning and Storage Machinery and their Accessories and Supplies *Partitions *Commercial and industrial furniture,15,20,1,1,2024-08-06,2024-08-06,,,0
Canada federal,Canada,*46191500 *72101509,*Fire prevention *Fire protection system and equipment maintenance or repair service,Other,*Fire prevention *Fire protection system and equipment maintenance or repair service,15,20,1,1,2025-06-04,2025-06-04,,,0
Canada federal,Canada,*42300000 *86000000 *86101706 *86101709 *86101810 *86132201,*Medical training and education supplies *Education and Training Services *Health assistance vocational training services *Safety training services *Personnel skills training *Training workshop service,Other,*Medical training and education supplies *Education and Training Services *Health assistance vocational training services *Safety training services *Personnel skills training *Training workshop service,15,20,1,1,2025-06-03,2025-06-03,,,0
Canada federal,Canada,*55101524 *60102300 *82121801,*Reference books *Reading books and resources *Textbook or research publishing,Other,*Reference books *Reading books and resources *Textbook or research publishing,15,20,1,1,2025-11-05,2025-11-05,,,0
Canada federal,Canada,*41000000 *41100000 *43232600 *81141501,*Laboratory and Measuring and Observing and Testing Equipment *Laboratory and scientific equipment *Industry specific software *Materials testing,Other,*Laboratory and Measuring and Observing and Testing Equipment *Laboratory and scientific equipment *Industry specific software *Materials testing,15,20,1,1,2026-01-12,2026-01-12,,,0
France,France,79212000,"Audit,Restauration collective",Other,Services,15,20,1,1,2024-04-10,2024-04-10,,,0
France,France,45331000,Audit,Other,Services,15,20,1,1,2025-05-28,2025-05-28,,,0
France,France,"434,21,410","Assistance juridique,Audit,Formation",Other,Services,15,20,1,1,2026-07-26,2026-07-26,,,0
France,France,44423460,"Audit,Panneaux,Prestations de services,Signalisation,Signalétique",Other,Fournitures,15,20,1,1,2023-10-20,2023-10-20,,,0
France,France,"21,454,163,306","Audit,Informatique (maintenance serveurs et réseaux),Informatique (prestations de services),Réseaux divers",Other,Services,15,20,1,1,2024-07-25,2024-07-25,,,0
France,France,71700000,"Contrôle technique,Audit",Other,Services,15,20,1,1,2024-02-04,2024-02-04,,,0
France,France,85111820,"Analyses médicales, biologiques,Audit",Other,Services,15,20,1,1,2024-07-06,2024-07-06,,,0
France,France,"21,274,323","Audit,Prestations de services,Sondage",Other,Services,15,20,1,1,2024-10-09,2024-10-09,,,0
United Kingdom,United Kingdom,30231000,Computer screens and consoles,Other,Computer screens and consoles,15,20,1,1,2023-10-25,2023-10-25,1.0,,0
United Kingdom,United Kingdom,18113000,Industrial clothing,Other,Industrial clothing,15,20,1,1,2024-02-19,2024-02-19,2150000.0,,0
Ireland,Ireland,80520000.0,Training facilities.,Other,Training facilities.,15,20,1,1,2024-03-13,2024-03-13,220000.0,,0
Ireland,Ireland,50324000.0,Support services of personal computers.,Other,Support services of personal computers.,15,20,1,1,2025-10-24,2025-10-24,6000000.0,,0
Canada federal,Canada,*56122000,*Laboratory furniture,Other,*Laboratory furniture,15,20,1,1,2025-10-14,2025-10-14,,,0
Canada federal,Canada,*80101500 *80101507 *80161604 *81000000,*Business and corporate management consultation services *Information technology consultation services *Information technology IT management services *Engineering and Research and Technology Based Services,Other,*Business and corporate management consultation services *Information technology consultation services *Information technology IT management services *Engineering and Research and Technology Based Services,15,20,1,1,2025-08-14,2025-08-14,,,0
Canada federal,Canada,*43212002 *56100000 *56101504 *56101519 *56101702 *56101706 *56101712 *56101901 *56110000 *56111604,*Monitor arms or stands *Accommodation furniture *Chairs *Tables *Filing cabinets or accessories *Conferencing tables *Pedestals *Furniture tops or work surfaces *Commercial and industrial furniture *Work surfaces for panel systems,Other,*Monitor arms or stands *Accommodation furniture *Chairs *Tables *Filing cabinets or accessories *Conferencing tables *Pedestals *Furniture tops or work surfaces *Commercial and industrial furniture *Work surfaces for panel systems,15,20,1,1,2023-11-02,2023-11-02,,,0
Canada federal,Canada,*23231800 *27112715,*Lumber chippers and accessories *Power chippers,Other,*Lumber chippers and accessories *Power chippers,15,20,1,1,2023-10-30,2023-10-30,,,0
Canada federal,Canada,*25170000 *25181600 *26121500 *31160000 *31161600 *31162800 *31180000 *31400000 *39110000 *40141600 *40142000 *41104900 *60120000,*Transportation components and systems *Automotive chassis *Electrical wire *Hardware *Bolts *Miscellaneous hardware *Packings glands boots and covers *Gaskets *Lighting Fixtures and Accessories *Valves *Hoses *Laboratory filtering equipment and supplies *Arts and crafts equipment and accessories and supplies,Other,*Transportation components and systems *Automotive chassis *Electrical wire *Hardware *Bolts *Miscellaneous hardware *Packings glands boots and covers *Gaskets *Lighting Fixtures and Accessories *Valves *Hoses *Laboratory filtering equipment and supplies *Arts and crafts equipment and accessories and supplies,15,20,1,1,2026-05-13,2026-05-13,,,0
Canada federal,Canada,*43221721 *81112200,*Radio frequency data communication equipment *Software maintenance and support,Other,*Radio frequency data communication equipment *Software maintenance and support,15,20,1,1,2024-06-11,2024-06-11,,,0
Canada federal,Canada,*31162800 *31400000 *40151500,*Miscellaneous hardware *Gaskets *Pumps,Other,*Miscellaneous hardware *Gaskets *Pumps,15,20,1,1,2025-10-21,2025-10-21,,,0
Canada federal,Canada,*D301BB0,*Cloud Technology,Other,*Cloud Technology,15,20,1,1,2023-11-06,2023-11-06,,,0
Canada federal,Canada,*56120000,*Classroom and instructional and institutional furniture and fixtures,Other,*Classroom and instructional and institutional furniture and fixtures,15,20,1,1,2026-06-17,2026-06-17,,,0
Canada federal,Canada,*43233203 *80101507 *81160000,*Network security or virtual private network VPN management software *Information technology consultation services *Information Technology Service Delivery,Other,*Network security or virtual private network VPN management software *Information technology consultation services *Information Technology Service Delivery,15,20,1,1,2026-05-27,2026-05-27,,,0
Canada federal,Canada,*56101500 *56101703,*Furniture *Desks,Other,*Furniture *Desks,15,20,1,1,2026-06-23,2026-06-23,,,0
Canada federal,Canada,*43232913,*Bridge software,Other,*Bridge software,15,20,1,1,2025-10-20,2025-10-20,,,0
Canada federal,Canada,*N3670,"*Specialized Semiconductor, Micro-Circuit and Printed Circuit Board Manufacturing Machinery",Other,"*Specialized Semiconductor, Micro-Circuit and Printed Circuit Board Manufacturing Machinery",15,20,1,1,2025-07-10,2025-07-10,,,0
Canada federal,Canada,*80101600 *81110000 *81111806 *81111808 *81160000 *83120000,*Project management *Computer services *Database analysis service *System analysis service *Information Technology Service Delivery *Information services,Other,*Project management *Computer services *Database analysis service *System analysis service *Information Technology Service Delivery *Information services,15,20,1,1,2025-03-20,2025-03-20,,,0
Canada federal,Canada,*JX7025 *N7021,"*ADP Input-Output and Storage Devices - Maintenance *ADP Central Processing Unit (CPU, Computer) Digital",Other,"*ADP Input-Output and Storage Devices - Maintenance *ADP Central Processing Unit (CPU, Computer) Digital",15,20,1,1,2024-11-15,2024-11-15,,,0
France,France,"347,21","Transport,Audit",Other,Services,15,20,1,1,2026-04-25,2026-04-25,,,0
Canada federal,Canada,*81102902 *84111600,*Cultural heritage property design service *Audit services,Other,*Cultural heritage property design service *Audit services,15,20,1,1,2023-08-02,2023-08-02,,,0
Canada federal,Canada,*86101701 *86101810 *86132201,*Communications vocational training services *Personnel skills training *Training workshop service,Other,*Communications vocational training services *Personnel skills training *Training workshop service,15,20,1,1,2025-09-08,2025-09-08,,,0
Canada federal,Canada,*30190000 *72120000 *72121100 *72121400 *72130000,*Construction and maintenance support equipment *Nonresidential building construction services *Commercial and office building construction services *Specialized public building construction services *General building construction,Other,*Construction and maintenance support equipment *Nonresidential building construction services *Commercial and office building construction services *Specialized public building construction services *General building construction,15,20,1,1,2025-09-26,2025-09-26,,,0
Canada federal,Canada,*72121103 *76101602,*Commercial and office building renovation and repair service *Asbestos removal or encapsulation,Other,*Commercial and office building renovation and repair service *Asbestos removal or encapsulation,15,20,1,1,2026-02-16,2026-02-16,,,0
Canada federal,Canada,*43230000 *43232700,*Software *Network applications software,Other,*Software *Network applications software,15,20,1,1,2023-08-03,2023-08-03,,,0
Canada federal,Canada,*43211700 *52161500,*Computer data input devices *Audio and visual equipment,Other,*Computer data input devices *Audio and visual equipment,15,20,1,1,2024-10-11,2024-10-11,,,0
Canada federal,Canada,*43230000 *90120000,*Software *Travel facilitation,Other,*Software *Travel facilitation,15,20,1,1,2024-08-01,2024-08-01,,,0
Canada federal,Canada,*72120000 *72121100 *72121101 *72121103,*Nonresidential building construction services *Commercial and office building construction services *Commercial and office building new construction service *Commercial and office building renovation and repair service,Other,*Nonresidential building construction services *Commercial and office building construction services *Commercial and office building new construction service *Commercial and office building renovation and repair service,15,20,1,1,2023-11-28,2023-11-28,,,0
Canada federal,Canada,*80101504 *81101516 *83101900,*Strategic planning consultation services *Energy or utility consulting service *Energy conservation,Other,*Strategic planning consultation services *Energy or utility consulting service *Energy conservation,15,20,1,1,2023-10-16,2023-10-16,,,0
Canada federal,Canada,*25151702 *25151707 *26121600 *30121704 *30152001 *43221712 *43221728 *43222814 *43222903 *71121100 *72121100 *72141106 *72141118 *72141505 *72141509 *72150000 *72151602 *72151606 *72151607 *72154000 *72154503 *81101502 *81101505 *81101514 *81101515 *81101700 *81101713,*Weather satellites *Low earth orbit satellites *Electrical cable and accessories *Concrete slab *Metal fencing *Satellite antennas *Radome or radar dome *Telecommunication equipment installation or modification kits *Telecommunication tower or support *Coiled tubing services *Commercial and office building construction services *Gravel or dirt road construction service *Telecommunication transmission tower construction service *Earthmoving service *Trenching service *Specialized trade construction and maintenance services *Fiber optic cable installation service *Underground engineering for communication equipment *Overground engineering for communication equipment *Specialty building and trades services *Crane rental service *Technical drawing *Structural engineering *Geotechnical or geoseismic engineering *Plant or facility infrastructure engineering *Electrical and electronic engineering *Electronic measurement and recording instrument engineering and design service,Other,*Weather satellites *Low earth orbit satellites *Electrical cable and accessories *Concrete slab *Metal fencing *Satellite antennas *Radome or radar dome *Telecommunication equipment installation or modification kits *Telecommunication tower or support *Coiled tubing services *Commercial and office building construction services *Gravel or dirt road construction service *Telecommunication transmission tower construction service *Earthmoving service *Trenching service *Specialized trade construction and maintenance services *Fiber optic cable installation service *Underground engineering for communication equipment *Overground engineering for communication equipment *Specialty building and trades services *Crane rental service *Technical drawing *Structural engineering *Geotechnical or geoseismic engineering *Plant or facility infrastructure engineering *Electrical and electronic engineering *Electronic measurement and recording instrument engineering and design service,15,20,1,1,2024-12-04,2024-12-04,,,0
Canada federal,Canada,*77101802,*Corporate environmental auditing services,Other,*Corporate environmental auditing services,15,20,1,1,2023-11-07,2023-11-07,,,0
Canada federal,Canada,*41112900 *41116400 *43222500 *46170000 *46171603 *46171616 *52161507 *52161518 *54111600 *54111605 *92111700,*Navigational equipment and instruments *Acceleration and vibration measuring instruments *Network security equipment *Security surveillance and detection *Clock timers *Radar detectors *Clock radios *Global positioning system GPS receiver *Clocks *Electronic master clock *Military science and research,Other,*Navigational equipment and instruments *Acceleration and vibration measuring instruments *Network security equipment *Security surveillance and detection *Clock timers *Radar detectors *Clock radios *Global positioning system GPS receiver *Clocks *Electronic master clock *Military science and research,15,20,1,1,2025-09-10,2025-09-10,,,0
Canada federal,Canada,*25111900 *31160000,*Marine craft systems and subassemblies *Hardware,Other,*Marine craft systems and subassemblies *Hardware,15,20,1,1,2023-12-01,2023-12-01,,,0
Canada federal,Canada,*86101504 *86130000 *86131700,*Agriculture vocational training services *Specialized educational services *Driving and flying and sailing,Other,*Agriculture vocational training services *Specialized educational services *Driving and flying and sailing,15,20,1,1,2024-07-23,2024-07-23,,,0
Canada federal,Canada,*25173900 *43233600 *81101700,*Electrical components *Electrical Equipment software *Electrical and electronic engineering,Other,*Electrical components *Electrical Equipment software *Electrical and electronic engineering,15,20,1,1,2024-12-12,2024-12-12,,,0
Canada federal,Canada,*86000000 *86111700,*Education and Training Services *Language schooling,Other,*Education and Training Services *Language schooling,15,20,1,1,2025-03-28,2025-03-28,,,0
Canada federal,Canada,*43230000 *81111508 *81112200,*Software *Application implementation services *Software maintenance and support,Other,*Software *Application implementation services *Software maintenance and support,15,20,1,1,2025-01-31,2025-01-31,,,0
Canada federal,Canada,*43230000 *81112200 *81161501,*Software *Software maintenance and support *Software application administration service,Other,*Software *Software maintenance and support *Software application administration service,15,20,1,1,2025-07-02,2025-07-02,,,0
Canada federal,Canada,*72102902 *72121101 *72121102 *72121400 *72141100 *72141500 *72141510,*Landscaping services *Commercial and office building new construction service *Commercial and office building prefabricated erection service *Specialized public building construction services *Infrastructure building and surfacing and paving services *Land preparation services *Demolition services,Other,*Landscaping services *Commercial and office building new construction service *Commercial and office building prefabricated erection service *Specialized public building construction services *Infrastructure building and surfacing and paving services *Land preparation services *Demolition services,15,20,1,1,2026-01-19,2026-01-19,,,0
Canada federal,Canada,*46171626 *46211500,*Night vision equipment *Workplace safety training aids and materials,Other,*Night vision equipment *Workplace safety training aids and materials,15,20,1,1,2026-03-05,2026-03-05,,,0
Canada federal,Canada,*80131502 *86000000 *86130000 *86131800 *86132100,"*Commercial or industrial facility rental *Education and Training Services *Specialized educational services *Military education *Training planning, facilitation and delivery services",Other,"*Commercial or industrial facility rental *Education and Training Services *Specialized educational services *Military education *Training planning, facilitation and delivery services",15,20,1,1,2026-05-31,2026-05-31,,,0
Canada federal,Canada,*80101508 *80101604,*Business intelligence consulting services *Project administration or planning,Other,*Business intelligence consulting services *Project administration or planning,15,20,1,1,2026-05-22,2026-05-22,,,0
France,France,"239,21","Nettoyage de locaux,Audit",Other,Services,15,20,1,1,2026-05-21,2026-05-21,,,0
Ireland,Ireland,79500000.0,Office-support services.,Other,Office-support services.,15,20,1,1,2024-06-21,2024-06-21,75000.0,,0
Ireland,Ireland,60160000.0,Mail transport by road.,Other,Mail transport by road.,15,20,1,1,2024-04-30,2024-04-30,2200000.0,,0
Ireland,Ireland,92111210.0,Advertising film production.,Other,Advertising film production.,15,20,1,1,2024-04-17,2024-04-17,,,0
United Kingdom,United Kingdom,39143100,Bedroom furniture,Other,Bedroom furniture,15,20,1,1,2025-05-19,2025-05-19,,,0
United Kingdom,United Kingdom,30236000,Miscellaneous computer equipment,Other,Miscellaneous computer equipment,15,20,1,1,2026-05-28,2026-05-28,,,0
France,France,79212200,"Audit,Assistance à maîtrise d'ouvrage",Other,Services,15,20,1,1,2023-12-12,2023-12-12,,,0
France,France,"21,283","Audit,Progiciel",Other,Services,15,20,1,1,2025-03-30,2025-03-30,,,0
France,France,79212300,"Audit,Expertise comptable,Prestations de services",Other,Services,15,20,1,1,2025-07-04,2025-07-04,,,0
France,France,79200000,"Audit,Prestations de services",Other,Services,15,20,1,1,2024-03-29,2024-03-29,,,0
United Kingdom,United Kingdom,63726800,Research vessel services,Other,Research vessel services,15,20,1,1,2024-10-21,2024-10-21,,,0
United Kingdom,United Kingdom,39150000,Miscellaneous furniture and equipment,Other,Miscellaneous furniture and equipment,15,20,1,1,2023-12-06,2023-12-06,,,0
France,France,71631300,Audit,Other,Services,15,20,1,1,2023-09-12,2023-09-12,,,0
France,France,79100000,Audit,Other,Services,15,20,1,1,2024-01-19,2024-01-19,,,0
France,France,72500000,"Assistance technique,Audit,Informatique (prestations de services)",Other,Services,15,20,1,1,2024-05-08,2024-05-08,,,0
France,France,79211100,Audit,Other,Services,15,20,1,1,2024-09-24,2024-09-24,,,0
France,France,"72,19,21","Contrôle technique,Assistance technique,Audit",Other,Services,15,20,1,1,2026-06-20,2026-06-20,,,0
France,France,"21,274,163","Audit,Prestations de services,Informatique (prestations de services)",Other,Services,15,20,1,1,2025-03-12,2025-03-12,,,0
Canada federal,Canada,*80111504 *86100000 *86101709 *86101715,*Labor training or development *Vocational training *Safety training services *Road or rail transportation vocational training services,Other,*Labor training or development *Vocational training *Safety training services *Road or rail transportation vocational training services,15,20,1,1,2024-10-28,2024-10-28,,,0
Canada federal,Canada,*84111500 *84111600 *84111700,*Accounting services *Audit services *Corporate finance,Other,*Accounting services *Audit services *Corporate finance,15,20,1,1,2026-07-30,2026-07-30,,,0
Canada federal,Canada,*81112309,*Point of sale hardware installation or implementation service,Other,*Point of sale hardware installation or implementation service,15,20,1,1,2026-05-13,2026-05-13,,,0
Canada federal,Canada,*80100000 *80161604 *81110000 *83120000,*Management advisory services *Information technology IT management services *Computer services *Information services,Other,*Management advisory services *Information technology IT management services *Computer services *Information services,15,20,1,1,2024-02-16,2024-02-16,,,0
Canada federal,Canada,*80101606 *81162200 *81171600,*Project monitoring and evaluation *Cloud-based infrastructure as a service *Ecological science services,Other,*Project monitoring and evaluation *Cloud-based infrastructure as a service *Ecological science services,15,20,1,1,2026-01-12,2026-01-12,,,0
Canada federal,Canada,*N7045126 *N7045127,"*Toner, Cartridge, Virgin, for various types of Printers and Facsimile Machines *Toner, Cartridge, Remanufactured, for various types of Printers and Facsimile Machines",Other,"*Toner, Cartridge, Virgin, for various types of Printers and Facsimile Machines *Toner, Cartridge, Remanufactured, for various types of Printers and Facsimile Machines",15,20,1,1,2023-10-26,2023-10-26,,,0
Canada federal,Canada,*R019E *R103A,*Business Services *Courier Service,Other,*Business Services *Courier Service,15,20,1,1,2025-04-09,2025-04-09,,,0
Canada federal,Canada,*JX7021,"*ADP Central Processing Unit (CPU,Computer) Digital - Maintenance",Other,"*ADP Central Processing Unit (CPU,Computer) Digital - Maintenance",15,20,1,1,2026-05-04,2026-05-04,,,0
Canada federal,Canada,*30200000 *80141500 *81140000 *81141900 *95140000,*Prefabricated structures *Market research *Manufacturing technologies *Manufacturing technology research and development services *Prefabricated buildings and structures,Other,*Prefabricated structures *Market research *Manufacturing technologies *Manufacturing technology research and development services *Prefabricated buildings and structures,15,20,1,1,2025-05-26,2025-05-26,,,0
Canada federal,Canada,*80101509 *80101513 *80122101 *80151605,*Government affairs and community relations consultation service *Process and procedures management consultation service *Administrative law consultation service *Customs consulting service,Other,*Government affairs and community relations consultation service *Process and procedures management consultation service *Administrative law consultation service *Customs consulting service,15,20,1,1,2024-07-29,2024-07-29,,,0
Canada federal,Canada,*86101509,*Natural resources vocational training services,Other,*Natural resources vocational training services,15,20,1,1,2025-03-06,2025-03-06,,,0
Canada federal,Canada,*86100000 *86130000,*Vocational training *Specialized educational services,Other,*Vocational training *Specialized educational services,15,20,1,1,2026-04-24,2026-04-24,,,0
Canada federal,Canada,*39121400 *39121700 *39122100 *39122300,*Electrical lugs plugs and connectors *Electrical hardware and supplies *Electrical transmission and distribution equipment *Electrical relays and accessories,Other,*Electrical lugs plugs and connectors *Electrical hardware and supplies *Electrical transmission and distribution equipment *Electrical relays and accessories,15,20,1,1,2023-09-20,2023-09-20,,,0
Canada federal,Canada,*86131800 *86132100 *92112200,"*Military education *Training planning, facilitation and delivery services *Military tactics",Other,"*Military education *Training planning, facilitation and delivery services *Military tactics",15,20,1,1,2024-05-22,2024-05-22,,,0
Canada federal,Canada,*56111513 *95140000,*Conference or non modular room packages *Prefabricated buildings and structures,Other,*Conference or non modular room packages *Prefabricated buildings and structures,15,20,1,1,2024-01-16,2024-01-16,,,0
Canada federal,Canada,*44101700 *44103103,*Printer and photocopier and facsimile accessories *Printer or facsimile toner,Other,*Printer and photocopier and facsimile accessories *Printer or facsimile toner,15,20,1,1,2024-01-26,2024-01-26,,,0
Canada federal,Canada,*43211711 *44102200 *52161522 *81112306,"*Scanners *Scanner accessories *Radio frequency scanners *Printer, scanner and multifunctional equipment maintenance",Other,"*Scanners *Scanner accessories *Radio frequency scanners *Printer, scanner and multifunctional equipment maintenance",15,20,1,1,2024-01-09,2024-01-09,,,0
Canada federal,Canada,*55121800 *55121804 *55121807,*Identification documents *Badges or badge holders *Identification product holders or accessories,Other,*Identification documents *Badges or badge holders *Identification product holders or accessories,15,20,1,1,2024-10-23,2024-10-23,,,0
Canada federal,Canada,*25180000 *78101805 *78111808 *80131505,*Vehicle bodies and trailers *Tanker truck and trailer rental service *Vehicle rental *Portable or modular office rental service,Other,*Vehicle bodies and trailers *Tanker truck and trailer rental service *Vehicle rental *Portable or modular office rental service,15,20,1,1,2024-12-06,2024-12-06,,,0
Canada federal,Canada,*25111500 *25111507 *25111511 *25111512 *25111530 *25111531 *25111534 *25111600 *25111601 *25111700 *25111714 *25111722 *25111723 *25111805,*Commercial marine craft *Barges *Oil or gas crew boat *Oil or gas workboat *Pilot boat *Hydrographical survey ship *Research vessel *Safety and rescue water craft *Lifeboats or liferafts *Military watercraft *Utility landing watercraft *Coast guard boat or cutter *Fishery patrol boat *Personal motorized watercraft,Other,*Commercial marine craft *Barges *Oil or gas crew boat *Oil or gas workboat *Pilot boat *Hydrographical survey ship *Research vessel *Safety and rescue water craft *Lifeboats or liferafts *Military watercraft *Utility landing watercraft *Coast guard boat or cutter *Fishery patrol boat *Personal motorized watercraft,15,20,1,1,2025-12-22,2025-12-22,,,0
Ireland,Ireland,35811100.0,Fire-brigade uniforms.,Other,Fire-brigade uniforms.,15,20,1,1,2024-02-09,2024-02-09,300000.0,,0
France,France,72150000,"Audit,Informatique (prestations de services)",Other,Services,15,20,1,1,2025-09-17,2025-09-17,,,0
France,France,90721600,Audit,Other,Services,15,20,1,1,2024-03-12,2024-03-12,,,0
France,France,71315210,"Ascenseur,Audit,Maintenance,Assistance à maîtrise d'ouvrage",Other,Services,15,20,1,1,2025-01-24,2025-01-24,,,0
France,France,71241000,"Audit,Assistance à maîtrise d'ouvrage",Other,Services,15,20,1,1,2023-11-29,2023-11-29,,,0
France,France,79212200,"Abris,Audit,Prestations de services",Other,Services,15,20,1,1,2023-12-23,2023-12-23,,,0
France,France,79410000,Audit,Other,Services,15,20,1,1,2025-07-02,2025-07-02,,,0
France,France,71000000,"Assistance technique,Audit",Other,Services,15,20,1,1,2024-11-15,2024-11-15,,,0
United Kingdom,United Kingdom,34134000,Flatbed and Tipper trucks,Other,Flatbed and Tipper trucks,15,20,1,1,2023-08-08,2023-08-08,,,0
United Kingdom,United Kingdom,98336000,"Training, workout or aerobic services",Other,"Training, workout or aerobic services",15,20,1,1,2023-11-14,2023-11-14,3291960.0,,0
France,France,80530000,"Formation,Audit",Other,Services,15,20,1,1,2024-10-10,2024-10-10,,,0
Ireland,Ireland,80531200.0,Technical training services.,Other,Technical training services.,15,20,1,1,2023-11-03,2023-11-03,,,0
Ireland,Ireland,90714000.0,Environmental auditing.,Other,Environmental auditing.,15,20,1,1,2026-03-13,2026-03-13,,,0
Canada federal,Canada,*72000000 *72101506 *72103300 *72121100 *72121103 *72150000,*Building and Facility Construction and Maintenance Services *Elevator maintenance services *Infrastructure maintenance and repair services *Commercial and office building construction services *Commercial and office building renovation and repair service *Specialized trade construction and maintenance services,Other,*Building and Facility Construction and Maintenance Services *Elevator maintenance services *Infrastructure maintenance and repair services *Commercial and office building construction services *Commercial and office building renovation and repair service *Specialized trade construction and maintenance services,15,20,1,1,2026-06-08,2026-06-08,,,0
Canada federal,Canada,*72151900 *72154000 *80141607 *82151511,*Masonry and stonework services *Specialty building and trades services *Events management *Technical service for art gallery and museum exhibitions and collections,Other,*Masonry and stonework services *Specialty building and trades services *Events management *Technical service for art gallery and museum exhibitions and collections,15,20,1,1,2025-12-23,2025-12-23,,,0
Canada federal,Canada,*72120000 *72121103,*Nonresidential building construction services *Commercial and office building renovation and repair service,Other,*Nonresidential building construction services *Commercial and office building renovation and repair service,15,20,1,1,2025-09-16,2025-09-16,,,0
Canada federal,Canada,*72101510 *72102902 *72121103 *72151207 *72151500 *72152000 *72152300 *72152400 *72152601 *72152700,*Plumbing system maintenance or repair *Landscaping services *Commercial and office building renovation and repair service *Heating and cooling and air conditioning HVAC installation and maintenance service *Electrical system services *Plastering and drywall services *Carpentry services *Window and door installation and erection services *Roofing service *Concrete installation and repair services,Other,*Plumbing system maintenance or repair *Landscaping services *Commercial and office building renovation and repair service *Heating and cooling and air conditioning HVAC installation and maintenance service *Electrical system services *Plastering and drywall services *Carpentry services *Window and door installation and erection services *Roofing service *Concrete installation and repair services,15,20,1,1,2025-05-29,2025-05-29,,,0
Canada federal,Canada,*72000000 *72121100,*Building and Facility Construction and Maintenance Services *Commercial and office building construction services,Other,*Building and Facility Construction and Maintenance Services *Commercial and office building construction services,15,20,1,1,2025-03-19,2025-03-19,,,0
Canada federal,Canada,*86101607 *86101701,*Telecommunications vocational training services *Communications vocational training services,Other,*Telecommunications vocational training services *Communications vocational training services,15,20,1,1,2024-11-08,2024-11-08,,,0
France,France,80411100,Audit,Other,Services,15,20,1,1,2026-07-30,2026-07-30,,,0
Canada federal,Canada,*25170000 *55120000,*Transportation components and systems *Signage and accessories,Other,*Transportation components and systems *Signage and accessories,15,20,1,1,2023-12-12,2023-12-12,,,0
Canada federal,Canada,*40141726 *46190000 *46191500 *46191602 *46191603 *46191610 *92101603,*Hydrants *Fire protection *Fire prevention *Fire sprinkler systems *Fire hoses or nozzles *Fire sprinkler heads *Fire prevention services,Other,*Hydrants *Fire protection *Fire prevention *Fire sprinkler systems *Fire hoses or nozzles *Fire sprinkler heads *Fire prevention services,15,20,1,1,2025-05-23,2025-05-23,,,0
Canada federal,Canada,*46190000 *46191500 *46191505 *46191602,*Fire protection *Fire prevention *Fire alarm systems *Fire sprinkler systems,Other,*Fire protection *Fire prevention *Fire alarm systems *Fire sprinkler systems,15,20,1,1,2024-01-10,2024-01-10,,,0
Canada federal,Canada,*80141500 *81102802,*Market research *Demining feasibility study FS service,Other,*Market research *Demining feasibility study FS service,15,20,1,1,2026-02-18,2026-02-18,,,0
Canada federal,Canada,*25190000 *46190000 *46191500 *76121600,*Transportation services equipment *Fire protection *Fire prevention *Nonhazardous waste disposal,Other,*Transportation services equipment *Fire protection *Fire prevention *Nonhazardous waste disposal,15,20,1,1,2025-12-01,2025-12-01,,,0
Canada federal,Canada,*25170000 *25172400 *31160000 *31162300 *31162800 *31180000 *31400000 *40142000,*Transportation components and systems *Fuel tanks and systems *Hardware *Mounting hardware *Miscellaneous hardware *Packings glands boots and covers *Gaskets *Hoses,Other,*Transportation components and systems *Fuel tanks and systems *Hardware *Mounting hardware *Miscellaneous hardware *Packings glands boots and covers *Gaskets *Hoses,15,20,1,1,2025-06-13,2025-06-13,,,0
Canada federal,Canada,*N6920,"*Armament Training Devices, Refer to Parent Weapon System",Other,"*Armament Training Devices, Refer to Parent Weapon System",15,20,1,1,2024-02-02,2024-02-02,,,0
Canada federal,Canada,*81162006,*E-commerce system software as a service,Other,*E-commerce system software as a service,15,20,1,1,2026-02-02,2026-02-02,,,0
Canada federal,Canada,*43200000 *80100000 *80140000 *80160000 *80170000 *81120000,*Components for information technology or broadcasting or telecommunications *Management advisory services *Marketing and distribution *Business administration services *Public relations and professional communications services *Economics,Other,*Components for information technology or broadcasting or telecommunications *Management advisory services *Marketing and distribution *Business administration services *Public relations and professional communications services *Economics,15,20,1,1,2024-11-08,2024-11-08,,,0
Canada federal,Canada,*56101500 *56101504,*Furniture *Chairs,Other,*Furniture *Chairs,15,20,1,1,2026-04-16,2026-04-16,,,0
Canada federal,Canada,*40141600 *43230000,*Valves *Software,Other,*Valves *Software,15,20,1,1,2026-02-02,2026-02-02,,,0
Canada federal,Canada,*43220000 *86101607,*Data Voice or Multimedia Network Equipment or Platforms and Accessories *Telecommunications vocational training services,Other,*Data Voice or Multimedia Network Equipment or Platforms and Accessories *Telecommunications vocational training services,15,20,1,1,2025-09-26,2025-09-26,,,0
Canada federal,Canada,*32111700 *39101600 *41116500 *43201400 *43211500,*Semiconductor devices *Lamps and lightbulbs *Instrument parts and accessories *System Cards *Computers,Other,*Semiconductor devices *Lamps and lightbulbs *Instrument parts and accessories *System Cards *Computers,15,20,1,1,2024-06-04,2024-06-04,,,0
Canada federal,Canada,*43202222 *43210000 *43211500 *43211503 *43211506 *43211507 *43211508 *43211509 *43211513 *43211515 *43211600 *43211612 *43211708 *43211724 *43211900 *43212000,*Computer cable *Computer Equipment and Accessories *Computers *Notebook computers *Thin client computers *Desktop computers *Personal computers *Tablet computers *Ultra mobile personal computer *Computer workstation *Computer accessories *Computer accessory kits *Computer mouse or trackballs *Computer peripheral kit *Computer displays *Computer display accessories,Other,*Computer cable *Computer Equipment and Accessories *Computers *Notebook computers *Thin client computers *Desktop computers *Personal computers *Tablet computers *Ultra mobile personal computer *Computer workstation *Computer accessories *Computer accessory kits *Computer mouse or trackballs *Computer peripheral kit *Computer displays *Computer display accessories,15,20,1,1,2024-02-27,2024-02-27,,,0
Canada federal,Canada,*81162308 *86132100,"*Training process as a service *Training planning, facilitation and delivery services",Other,"*Training process as a service *Training planning, facilitation and delivery services",15,20,1,1,2025-02-07,2025-02-07,,,0
Canada federal,Canada,*43212200,*Computer data storage management systems,Other,*Computer data storage management systems,15,20,1,1,2025-07-05,2025-07-05,,,0
Canada federal,Canada,*25170000 *25172400 *25173700 *31160000 *31162300 *41112400,*Transportation components and systems *Fuel tanks and systems *Exhaust and emission controls *Hardware *Mounting hardware *Pressure measuring and control instruments,Other,*Transportation components and systems *Fuel tanks and systems *Exhaust and emission controls *Hardware *Mounting hardware *Pressure measuring and control instruments,15,20,1,1,2025-02-28,2025-02-28,,,0
Canada federal,Canada,*72000000 *72100000 *72101500 *72102900 *72103300 *72121100 *72121103,*Building and Facility Construction and Maintenance Services *Building and facility maintenance and repair services *Building maintenance and repair services *Facility maintenance and repair services *Infrastructure maintenance and repair services *Commercial and office building construction services *Commercial and office building renovation and repair service,Other,*Building and Facility Construction and Maintenance Services *Building and facility maintenance and repair services *Building maintenance and repair services *Facility maintenance and repair services *Infrastructure maintenance and repair services *Commercial and office building construction services *Commercial and office building renovation and repair service,15,20,1,1,2023-09-21,2023-09-21,,,0
Canada federal,Canada,*24101605 *24113100 *25170000 *25172400 *25173700 *25173800 *25181600 *26101504 *26101700 *26121500 *31160000 *31161500 *31161600 *31161900 *31162300 *31162400 *31170000 *31171500 *31400000 *39120000 *39121500 *39121600 *39121700 *39122200 *40142000 *40170000 *41112400 *41112800,*Loading equipment *Boxes *Transportation components and systems *Fuel tanks and systems *Exhaust and emission controls *Drivetrain systems *Automotive chassis *Diesel engines *Engine components and accessories *Electrical wire *Hardware *Screws *Bolts *Springs *Mounting hardware *Miscellaneous fasteners *Bearings and bushings and wheels and gears *Bearings *Gaskets *Electrical equipment and components and supplies *Electrical controls and accessories *Circuit protection devices and accessories *Electrical hardware and supplies *Electrical switches and accessories *Hoses *Pipe piping and pipe fittings *Pressure measuring and control instruments *Transportation related equipment and instruments,Other,*Loading equipment *Boxes *Transportation components and systems *Fuel tanks and systems *Exhaust and emission controls *Drivetrain systems *Automotive chassis *Diesel engines *Engine components and accessories *Electrical wire *Hardware *Screws *Bolts *Springs *Mounting hardware *Miscellaneous fasteners *Bearings and bushings and wheels and gears *Bearings *Gaskets *Electrical equipment and components and supplies *Electrical controls and accessories *Circuit protection devices and accessories *Electrical hardware and supplies *Electrical switches and accessories *Hoses *Pipe piping and pipe fittings *Pressure measuring and control instruments *Transportation related equipment and instruments,15,20,1,1,2025-09-09,2025-09-09,,,0
Canada federal,Canada,*42000000 *85130000,*Medical Equipment and Accessories and Supplies *Medical science research and experimentation,Other,*Medical Equipment and Accessories and Supplies *Medical science research and experimentation,15,20,1,1,2025-08-08,2025-08-08,,,0
Canada federal,Canada,*41000000 *81112002,*Laboratory and Measuring and Observing and Testing Equipment *Data processing or preparation services,Other,*Laboratory and Measuring and Observing and Testing Equipment *Data processing or preparation services,15,20,1,1,2025-11-05,2025-11-05,,,0
Canada federal,Canada,*31160000 *39121700 *47000000,*Hardware *Electrical hardware and supplies *Cleaning Equipment and Supplies,Other,*Hardware *Electrical hardware and supplies *Cleaning Equipment and Supplies,15,20,1,1,2024-06-05,2024-06-05,,,0
Canada federal,Canada,*78102203 *80141800,*Mailing or mail pick up or delivery services *Mailing services,Other,*Mailing or mail pick up or delivery services *Mailing services,15,20,1,1,2025-05-13,2025-05-13,,,0
Canada federal,Canada,*80111504 *80111511 *86101802 *86101807 *86101810 *86111600 *86111700 *86132000 *86132100,"*Labor training or development *Labor training impact assessment *Re training or refreshing training services *Management sector manpower development *Personnel skills training *Adult education *Language schooling *Management education and training services *Training planning, facilitation and delivery services",Other,"*Labor training or development *Labor training impact assessment *Re training or refreshing training services *Management sector manpower development *Personnel skills training *Adult education *Language schooling *Management education and training services *Training planning, facilitation and delivery services",15,20,1,1,2023-09-19,2023-09-19,,,0
Canada federal,Canada,*80101706 *86132100,"*Professional procurement services *Training planning, facilitation and delivery services",Other,"*Professional procurement services *Training planning, facilitation and delivery services",15,20,1,1,2024-12-10,2024-12-10,,,0
Canada federal,Canada,*72151509 *81101516 *83101903,*Energy management controls installation service *Energy or utility consulting service *District heating,Other,*Energy management controls installation service *Energy or utility consulting service *District heating,15,20,1,1,2024-12-17,2024-12-17,,,0
Ireland,Ireland,66519310.0,Insurance consultancy services.,Other,Insurance consultancy services.,15,20,1,1,2023-12-22,2023-12-22,200000.0,,0
Canada federal,Canada,*84111600 *84111802,*Audit services *Tax advisory services,Other,*Audit services *Tax advisory services,15,20,1,1,2023-11-06,2023-11-06,,,0
Canada federal,Canada,*86100000 *86101606 *86101607,*Vocational training *Electronics vocational training services *Telecommunications vocational training services,Other,*Vocational training *Electronics vocational training services *Telecommunications vocational training services,15,20,1,1,2024-08-16,2024-08-16,,,0
Canada federal,Canada,*46190000 *46191500 *46191505 *92101603,*Fire protection *Fire prevention *Fire alarm systems *Fire prevention services,Other,*Fire protection *Fire prevention *Fire alarm systems *Fire prevention services,15,20,1,1,2026-01-30,2026-01-30,,,0
Canada federal,Canada,*52120000 *52121600 *53102700 *76110000,*Bedclothes and table and kitchen linen and towels *Table and kitchen linen and accessories *Uniforms *Cleaning and janitorial services,Other,*Bedclothes and table and kitchen linen and towels *Table and kitchen linen and accessories *Uniforms *Cleaning and janitorial services,15,20,1,1,2026-01-12,2026-01-12,,,0
Canada federal,Canada,*48102009 *73130000 *80111600,*Food serving or dispensing table *Food and beverage industries *Temporary personnel services,Other,*Food serving or dispensing table *Food and beverage industries *Temporary personnel services,15,20,1,1,2024-07-23,2024-07-23,,,0
Canada federal,Canada,*U099BF,*Marine Training,Other,*Marine Training,15,20,1,1,2023-09-08,2023-09-08,,,0
Canada federal,Canada,*12141902 *20142900 *24111802 *24111805 *24111808 *24111816 *24131514 *25202404 *78181700 *92111700,*Hydrogen H *Storage vessels and tanks *Air or gas tanks or cylinders *Chemical tanks *Fuel storage tanks *Liquified gas tank or cylinder *Precooling and cold storage unit *Aircraft hybrid fuel storage systems *Transport fueling and vehicle storage and support services *Military science and research,Other,*Hydrogen H *Storage vessels and tanks *Air or gas tanks or cylinders *Chemical tanks *Fuel storage tanks *Liquified gas tank or cylinder *Precooling and cold storage unit *Aircraft hybrid fuel storage systems *Transport fueling and vehicle storage and support services *Military science and research,15,20,1,1,2025-09-10,2025-09-10,,,0
Canada federal,Canada,*80100000 *80101504 *80101505 *80101510 *80101511 *80101513,*Management advisory services *Strategic planning consultation services *Corporate objectives or policy development *Risk management consultation service *Human resources consulting service *Process and procedures management consultation service,Other,*Management advisory services *Strategic planning consultation services *Corporate objectives or policy development *Risk management consultation service *Human resources consulting service *Process and procedures management consultation service,15,20,1,1,2026-04-09,2026-04-09,,,0
Canada federal,Canada,*53100000 *53102300 *53131634,*Clothing *Undergarments *Chemical protection products,Other,*Clothing *Undergarments *Chemical protection products,15,20,1,1,2024-07-26,2024-07-26,,,0
Canada federal,Canada,*81110000 *81112000,*Computer services *Data services,Other,*Computer services *Data services,15,20,1,1,2024-10-16,2024-10-16,,,0
France,France,79221000,Audit,Other,Services,15,20,1,1,2024-11-18,2024-11-18,,,0
Canada federal,Canada,*80101508 *80101603 *80101606 *80111509 *80151605 *81102807,*Business intelligence consulting services *Economic or financial evaluation of projects *Project monitoring and evaluation *Job evaluation service *Customs consulting service *Demining risk analysis or assessment or evaluation service,Other,*Business intelligence consulting services *Economic or financial evaluation of projects *Project monitoring and evaluation *Job evaluation service *Customs consulting service *Demining risk analysis or assessment or evaluation service,15,20,1,1,2025-04-17,2025-04-17,,,0
Canada federal,Canada,*80161604 *81111705 *81141902,*Information technology IT management services *Systems architecture *Application or technology research and development service,Other,*Information technology IT management services *Systems architecture *Application or technology research and development service,15,20,1,1,2026-06-08,2026-06-08,,,0
Canada federal,Canada,*80171600,*Publicity and marketing support services,Other,*Publicity and marketing support services,15,20,1,1,2025-09-05,2025-09-05,,,0
France,France,71314300,"Audit,Prestations de services",Other,Services,15,20,1,1,2025-02-05,2025-02-05,,,0
France,France,66170000,Audit,Other,Services,15,20,1,1,2025-12-06,2025-12-06,,,0
France,France,71621000,"Audit,Menuiserie,Sanitaire",Other,Services,15,20,1,1,2025-11-19,2025-11-19,,,0
France,France,72500000,Audit,Other,Services,15,20,1,1,2025-10-11,2025-10-11,,,0
France,France,79311000,"Audit,Transport",Other,Services,15,20,1,1,2026-07-24,2026-07-24,,,0
France,France,"21,239","Audit,Nettoyage de locaux",Other,Services,15,20,1,1,2023-10-20,2023-10-20,,,0
France,France,79212300,"Prestations de services,Audit",Other,Services,15,20,1,1,2024-05-04,2024-05-04,,,0
France,France,"21,105","Audit,Electricité (travaux)",Other,Services,15,20,1,1,2024-09-18,2024-09-18,,,0
Canada federal,Canada,*86111500 *86132201,*Distance learning services *Training workshop service,Other,*Distance learning services *Training workshop service,15,20,1,1,2023-11-24,2023-11-24,,,0
Canada federal,Canada,*77101700 *77121500 *80141500,*Environmental advisory services *Air pollution *Market research,Other,*Environmental advisory services *Air pollution *Market research,15,20,1,1,2025-01-09,2025-01-09,,,0
Canada federal,Canada,*70101602 *80141500 *80141512,*Fishery research or experimentation services *Market research *Market research on location surveys,Other,*Fishery research or experimentation services *Market research *Market research on location surveys,15,20,1,1,2025-03-31,2025-03-31,,,0
Canada federal,Canada,*70100000 *70101500 *70101600 *70101602 *70101603 *70101607 *70101700 *81171500 *81171501 *81171601 *82111503,*Fisheries and aquaculture *Fisheries operations *Fisheries oversight *Fishery research or experimentation services *Fishery data collection or distribution *Fishery resources protection or conservation *Fishery industry and technology *Marine biology services *Marine biology consultation service *Aquatic ecology service *Academic or scientific article writing,Other,*Fisheries and aquaculture *Fisheries operations *Fisheries oversight *Fishery research or experimentation services *Fishery data collection or distribution *Fishery resources protection or conservation *Fishery industry and technology *Marine biology services *Marine biology consultation service *Aquatic ecology service *Academic or scientific article writing,15,20,1,1,2024-05-09,2024-05-09,,,0
Canada federal,Canada,*43231508,*Inventory management software,Other,*Inventory management software,15,20,1,1,2025-12-12,2025-12-12,,,0
Canada federal,Canada,*80101511 *80171905,*Human resources consulting service *Indigenous peoples relations consultation and engagement,Other,*Human resources consulting service *Indigenous peoples relations consultation and engagement,15,20,1,1,2024-07-22,2024-07-22,,,0
Canada federal,Canada,*72120000 *72121100 *72121101,*Nonresidential building construction services *Commercial and office building construction services *Commercial and office building new construction service,Other,*Nonresidential building construction services *Commercial and office building construction services *Commercial and office building new construction service,15,20,1,1,2023-09-08,2023-09-08,,,0
Canada federal,Canada,*43230000 *43231500 *43232100 *43232300 *43232600 *43232700 *43232800 *43232900 *43233000 *43233200 *43233400,*Software *Business function specific software *Content authoring and editing software *Data management and query software *Industry specific software *Network applications software *Network management software *Networking software *Operating environment software *Security and protection software *Utility and device driver software,Other,*Software *Business function specific software *Content authoring and editing software *Data management and query software *Industry specific software *Network applications software *Network management software *Networking software *Operating environment software *Security and protection software *Utility and device driver software,15,20,1,1,2025-12-11,2025-12-11,,,0
Canada federal,Canada,*46210000 *46211500,*Workplace safety equipment and supplies and training materials *Workplace safety training aids and materials,Other,*Workplace safety equipment and supplies and training materials *Workplace safety training aids and materials,15,20,1,1,2026-04-24,2026-04-24,,,0
France,France,71630000,"Abris,Audit",Other,Services,15,20,1,1,2023-09-24,2023-09-24,,,0
United Kingdom,United Kingdom,71248000,Supervision of project and documentation,Other,Supervision of project and documentation,15,20,1,1,2023-08-01,2023-08-01,,,0
United Kingdom,United Kingdom,51620000,Installation services of office equipment,Other,Installation services of office equipment,15,20,1,1,2024-01-24,2024-01-24,,,0
United Kingdom,United Kingdom,37441000,Aerobic training equipment,Other,Aerobic training equipment,15,20,1,1,2024-08-01,2024-08-01,,,0
France,France,42416000,Audit,Other,Services,15,20,1,1,2026-02-03,2026-02-03,,,0
United Kingdom,United Kingdom,79621000,Supply services of office personnel,Other,Supply services of office personnel,15,20,1,1,2024-04-24,2024-04-24,999999.0,,0
France,France,79212000,"Assistance juridique,Audit",Other,Services,15,20,1,1,2026-03-18,2026-03-18,,,0
France,France,71251000,Audit,Other,Services,15,20,1,1,2026-01-06,2026-01-06,,,0
Canada federal,Canada,*84111600 *84111601 *84111603,*Audit services *Year end audits *Internal audits,Other,*Audit services *Year end audits *Internal audits,15,20,1,1,2024-11-18,2024-11-18,,,0
Canada federal,Canada,*81112002 *81141704,*Data processing or preparation services *Production statistics collection or analysis services,Other,*Data processing or preparation services *Production statistics collection or analysis services,15,20,1,1,2023-11-24,2023-11-24,,,0
Canada federal,Canada,*41100000 *41103400 *41110000 *43210000 *81100000 *81102100,*Laboratory and scientific equipment *Laboratory environmental conditioning equipment *Measuring and observing and testing instruments *Computer Equipment and Accessories *Professional engineering services *Ocean engineering,Other,*Laboratory and scientific equipment *Laboratory environmental conditioning equipment *Measuring and observing and testing instruments *Computer Equipment and Accessories *Professional engineering services *Ocean engineering,15,20,1,1,2025-05-30,2025-05-30,,,0
Canada federal,Canada,*72102801 *72121100 *72121101 *72121103,*Renovation of buildings or landmarks or monuments *Commercial and office building construction services *Commercial and office building new construction service *Commercial and office building renovation and repair service,Other,*Renovation of buildings or landmarks or monuments *Commercial and office building construction services *Commercial and office building new construction service *Commercial and office building renovation and repair service,15,20,1,1,2024-06-20,2024-06-20,,,0
Canada federal,Canada,*72110000 *72121100,*Residential building construction services *Commercial and office building construction services,Other,*Residential building construction services *Commercial and office building construction services,15,20,1,1,2024-11-28,2024-11-28,,,0
Canada federal,Canada,*43232606,*Compliance software,Other,*Compliance software,15,20,1,1,2026-04-23,2026-04-23,,,0
Canada federal,Canada,*43231507 *81111508,*Project management software *Application implementation services,Other,*Project management software *Application implementation services,15,20,1,1,2024-09-17,2024-09-17,,,0
Canada federal,Canada,*80101508 *80151605 *81101508 *81101533,*Business intelligence consulting services *Customs consulting service *Architectural engineering *Restoration architectural service,Other,*Business intelligence consulting services *Customs consulting service *Architectural engineering *Restoration architectural service,15,20,1,1,2025-06-10,2025-06-10,,,0
Canada federal,Canada,*25170000 *30180000 *31160000 *31180000 *60120000,*Transportation components and systems *Plumbing fixtures *Hardware *Packings glands boots and covers *Arts and crafts equipment and accessories and supplies,Other,*Transportation components and systems *Plumbing fixtures *Hardware *Packings glands boots and covers *Arts and crafts equipment and accessories and supplies,15,20,1,1,2026-07-03,2026-07-03,,,0
Canada federal,Canada,*24110000 *32130000,*Containers and storage *Electronic hardware and component parts and accessories,Other,*Containers and storage *Electronic hardware and component parts and accessories,15,20,1,1,2023-11-09,2023-11-09,,,0
Canada federal,Canada,*32100000 *40141764,*Printed circuits and integrated circuits and microassemblies *Hose assembly,Other,*Printed circuits and integrated circuits and microassemblies *Hose assembly,15,20,1,1,2025-05-22,2025-05-22,,,0
Canada federal,Canada,*11121702 *23231800,*Wood chips *Lumber chippers and accessories,Other,*Wood chips *Lumber chippers and accessories,15,20,1,1,2023-12-21,2023-12-21,,,0
Canada federal,Canada,*56110000 *56112200,*Commercial and industrial furniture *Desking systems,Other,*Commercial and industrial furniture *Desking systems,15,20,1,1,2024-02-02,2024-02-02,,,0
Canada federal,Canada,*31240000 *31241500 *31241700 *31241800 *31241900 *31242100 *31242200 *41111700 *43211718 *43232600 *43232619 *45121523 *46111705 *46171600 *60104300 *81102302,*Industrial optics *Lenses and prisms *Mirrors *Optical filters *Optical domes *Optical device accessories *Miscellaneous optical components *Viewing and observing instruments and accessories *Camera based vision systems for automated data collection *Industry specific software *Satellite image treatment software *Astronomical camera *Infrared IR telescope *Surveillance and detection equipment *Astronomy *Space engineering service,Other,*Industrial optics *Lenses and prisms *Mirrors *Optical filters *Optical domes *Optical device accessories *Miscellaneous optical components *Viewing and observing instruments and accessories *Camera based vision systems for automated data collection *Industry specific software *Satellite image treatment software *Astronomical camera *Infrared IR telescope *Surveillance and detection equipment *Astronomy *Space engineering service,15,20,1,1,2024-05-10,2024-05-10,,,0
Canada federal,Canada,*43222500 *43233200 *92000000,*Network security equipment *Security and protection software *National Defense and Public Order and Security and Safety Services,Other,*Network security equipment *Security and protection software *National Defense and Public Order and Security and Safety Services,15,20,1,1,2024-05-02,2024-05-02,,,0
Canada federal,Canada,*80101507 *86131800 *92110000 *92111700,*Information technology consultation services *Military education *Military services and national defense *Military science and research,Other,*Information technology consultation services *Military education *Military services and national defense *Military science and research,15,20,1,1,2025-07-10,2025-07-10,,,0
Ireland,Ireland,30124520.0,Scanner document feeders.,Other,Scanner document feeders.,15,20,1,1,2025-02-25,2025-02-25,0.0,,0
Ireland,Ireland,98340000.0,Accommodation and office services.,Other,Accommodation and office services.,15,20,1,1,2024-01-11,2024-01-11,85000.0,,0
Ireland,Ireland,30232150.0,Inkjet printers.,Other,Inkjet printers.,15,20,1,1,2023-12-07,2023-12-07,,,0
France,France,79212100,"Audit,Prestations de services",Other,Services,15,20,1,1,2024-02-05,2024-02-05,,,0
United Kingdom,United Kingdom,30211000,Mainframe computer,Other,Mainframe computer,15,20,1,1,2023-09-25,2023-09-25,,,0
France,France,"18,19,433,21,274","Assainissement,Assistance technique,Assistance à maîtrise d'ouvrage,Audit,Prestations de services",Other,UNKNOWN,15,20,1,1,2024-08-04,2024-08-04,,,0
France,France,79200000,"Audit,Assistance à maîtrise d'ouvrage",Other,Services,15,20,1,1,2023-08-23,2023-08-23,,,0
France,France,79400000,"Audit,Assistance à maîtrise d'ouvrage",Other,Services,15,20,1,1,2023-09-28,2023-09-28,,,0
France,France,71620000,"Analyses médicales, biologiques,Audit,Assistance juridique",Other,Services,15,20,1,1,2024-10-01,2024-10-01,,,0
France,France,"19,410,21","Assistance technique,Formation,Audit",Other,Services,15,20,1,1,2024-07-17,2024-07-17,,,0
France,France,"274,433,21","Prestations de services,Assistance à maîtrise d'ouvrage,Audit",Other,Services,15,20,1,1,2024-05-29,2024-05-29,,,0
France,France,71314300,"Audit,Bâtiment",Other,Services,15,20,1,1,2026-03-16,2026-03-16,,,0
France,France,71356200,Audit,Other,Services,15,20,1,1,2026-05-19,2026-05-19,,,0
France,France,79100000,"Assistance juridique,Audit",Other,Services,15,20,1,1,2026-06-17,2026-06-17,,,0
France,France,79412000,Audit,Other,Services,15,20,1,1,2026-06-23,2026-06-23,,,0
Canada federal,Canada,*80101511 *80101600 *80101604 *80101606,*Human resources consulting service *Project management *Project administration or planning *Project monitoring and evaluation,Other,*Human resources consulting service *Project management *Project administration or planning *Project monitoring and evaluation,15,20,1,1,2025-12-09,2025-12-09,,,0
Canada federal,Canada,*44120000 *44121604,*Office supplies *Stamps,Other,*Office supplies *Stamps,15,20,1,1,2024-11-19,2024-11-19,,,0
Canada federal,Canada,*46190000 *46191500 *46191505 *46191602 *46191608 *72101509,*Fire protection *Fire prevention *Fire alarm systems *Fire sprinkler systems *Fire suppression system *Fire protection system and equipment maintenance or repair service,Other,*Fire protection *Fire prevention *Fire alarm systems *Fire sprinkler systems *Fire suppression system *Fire protection system and equipment maintenance or repair service,15,20,1,1,2023-11-23,2023-11-23,,,0
Canada federal,Canada,*72121100 *72130000 *72151502,*Commercial and office building construction services *General building construction *Electric power system construction service,Other,*Commercial and office building construction services *General building construction *Electric power system construction service,15,20,1,1,2025-02-20,2025-02-20,,,0
Canada federal,Canada,*44112000 *80101500 *80101504 *80101508 *80101600 *80101604 *80171505 *81141701,*Planning systems *Business and corporate management consultation services *Strategic planning consultation services *Business intelligence consulting services *Project management *Project administration or planning *Communication planning *Production planning,Other,*Planning systems *Business and corporate management consultation services *Strategic planning consultation services *Business intelligence consulting services *Project management *Project administration or planning *Communication planning *Production planning,15,20,1,1,2026-01-13,2026-01-13,,,0
Canada federal,Canada,*80101600 *85130000 *86132206,*Project management *Medical science research and experimentation *Teaching and educational research service,Other,*Project management *Medical science research and experimentation *Teaching and educational research service,15,20,1,1,2026-05-04,2026-05-04,,,0
Canada federal,Canada,*72100000 *72101500 *72102801 *72120000 *72121100 *72121400 *72130000 *72140000,*Building and facility maintenance and repair services *Building maintenance and repair services *Renovation of buildings or landmarks or monuments *Nonresidential building construction services *Commercial and office building construction services *Specialized public building construction services *General building construction *Heavy construction services,Other,*Building and facility maintenance and repair services *Building maintenance and repair services *Renovation of buildings or landmarks or monuments *Nonresidential building construction services *Commercial and office building construction services *Specialized public building construction services *General building construction *Heavy construction services,15,20,1,1,2026-06-10,2026-06-10,,,0
Canada federal,Canada,*70101601 *70101603,*Fishery information or documentation services *Fishery data collection or distribution,Other,*Fishery information or documentation services *Fishery data collection or distribution,15,20,1,1,2023-08-14,2023-08-14,,,0
Canada federal,Canada,*22100000 *22101900 *30111902 *30121700 *30190000 *30191700 *30191800 *72101514 *72110000 *72120000 *72121000 *72121100 *72121101 *72130000 *72131501 *72141122 *72141125 *72141128 *81101513,*Heavy construction machinery and equipment *Building construction machinery and accessories *Construction expansion joint *Road and railroad construction materials *Construction and maintenance support equipment *Construction sheds and trailers *Temporary construction and maintenance support equipment and materials *Refuse area construction service *Residential building construction services *Nonresidential building construction services *New industrial building and warehouse construction services *Commercial and office building construction services *Commercial and office building new construction service *General building construction *Apartment construction *Electric power line construction service *Pumping station construction service *Public square construction and or remodelling service *Building construction management,Other,*Heavy construction machinery and equipment *Building construction machinery and accessories *Construction expansion joint *Road and railroad construction materials *Construction and maintenance support equipment *Construction sheds and trailers *Temporary construction and maintenance support equipment and materials *Refuse area construction service *Residential building construction services *Nonresidential building construction services *New industrial building and warehouse construction services *Commercial and office building construction services *Commercial and office building new construction service *General building construction *Apartment construction *Electric power line construction service *Pumping station construction service *Public square construction and or remodelling service *Building construction management,15,20,1,1,2025-08-21,2025-08-21,,,0
Canada federal,Canada,*81162308 *86101802 *86132100 *86132201,"*Training process as a service *Re training or refreshing training services *Training planning, facilitation and delivery services *Training workshop service",Other,"*Training process as a service *Re training or refreshing training services *Training planning, facilitation and delivery services *Training workshop service",15,20,1,1,2025-09-23,2025-09-23,,,0
Canada federal,Canada,*30190000 *40170000 *40171500 *40171600 *72121100 *72150000 *72151100 *72151202,*Construction and maintenance support equipment *Pipe piping and pipe fittings *Commercial pipe and piping *Industrial pipe and piping *Commercial and office building construction services *Specialized trade construction and maintenance services *Plumbing construction services *HVAC process piping construction service,Other,*Construction and maintenance support equipment *Pipe piping and pipe fittings *Commercial pipe and piping *Industrial pipe and piping *Commercial and office building construction services *Specialized trade construction and maintenance services *Plumbing construction services *HVAC process piping construction service,15,20,1,1,2023-11-06,2023-11-06,,,0
France,France,79212000,"Audit,Ingénierie",Other,Services,15,20,1,1,2023-12-31,2023-12-31,,,0
Canada federal,Canada,*N7042,*MINI AND MICRO COMPUTER CONTROL DEVICES,Other,*MINI AND MICRO COMPUTER CONTROL DEVICES,15,20,1,1,2024-02-15,2024-02-15,,,0
Canada federal,Canada,*80141600 *80171600 *80171601,*Sales and business promotion activities *Publicity and marketing support services *Trade and tourism familiarization service,Other,*Sales and business promotion activities *Publicity and marketing support services *Trade and tourism familiarization service,15,20,1,1,2025-03-18,2025-03-18,,,0
Canada federal,Canada,*80141607 *80171800,*Events management *Media relations services,Other,*Events management *Media relations services,15,20,1,1,2025-07-17,2025-07-17,,,0
Canada federal,Canada,*80101500 *80101504 *80101506 *80101507 *80101508 *80101511 *80101513 *80101706 *81111503,*Business and corporate management consultation services *Strategic planning consultation services *Organizational structure consultation *Information technology consultation services *Business intelligence consulting services *Human resources consulting service *Process and procedures management consultation service *Professional procurement services *Systems integration design,Other,*Business and corporate management consultation services *Strategic planning consultation services *Organizational structure consultation *Information technology consultation services *Business intelligence consulting services *Human resources consulting service *Process and procedures management consultation service *Professional procurement services *Systems integration design,15,20,1,1,2024-01-08,2024-01-08,,,0
Canada federal,Canada,*44103103 *44103127,*Printer or facsimile toner *Photocopier toner,Other,*Printer or facsimile toner *Photocopier toner,15,20,1,1,2024-04-09,2024-04-09,,,0
Canada federal,Canada,*81110000 *81111600 *81111800 *81111808,*Computer services *Computer programmers *System and system component administration services *System analysis service,Other,*Computer services *Computer programmers *System and system component administration services *System analysis service,15,20,1,1,2025-03-06,2025-03-06,,,0
Canada federal,Canada,*26121600 *30161505 *31162300 *31162500 *31400000 *43221727 *44121708 *53102516 *55121600 *55121731,*Electrical cable and accessories *Panels or panelling *Mounting hardware *Brackets and braces *Gaskets *Antenna accessory *Markers *Caps *Labels *Identification markers,Other,*Electrical cable and accessories *Panels or panelling *Mounting hardware *Brackets and braces *Gaskets *Antenna accessory *Markers *Caps *Labels *Identification markers,15,20,1,1,2024-05-13,2024-05-13,,,0
Canada federal,Canada,*25170000 *31160000 *31161500 *31180000 *31400000 *40170000,*Transportation components and systems *Hardware *Screws *Packings glands boots and covers *Gaskets *Pipe piping and pipe fittings,Other,*Transportation components and systems *Hardware *Screws *Packings glands boots and covers *Gaskets *Pipe piping and pipe fittings,15,20,1,1,2025-10-17,2025-10-17,,,0
Canada federal,Canada,*14101500 *30162000 *56000000,*Raw materials *Interior laminates *Furniture and Furnishings,Other,*Raw materials *Interior laminates *Furniture and Furnishings,15,20,1,1,2023-08-11,2023-08-11,,,0
Canada federal,Canada,*24101601 *72101506 *72121103,*Elevators *Elevator maintenance services *Commercial and office building renovation and repair service,Other,*Elevators *Elevator maintenance services *Commercial and office building renovation and repair service,15,20,1,1,2023-09-05,2023-09-05,,,0
Canada federal,Canada,*25111534 *25111725,*Research vessel *Fishery research ship,Other,*Research vessel *Fishery research ship,15,20,1,1,2023-11-20,2023-11-20,,,0
Canada federal,Canada,*80140000 *80171500 *80171501 *80171502,*Marketing and distribution *Situation and stakeholder analysis and communications planning services *Polling and survey and public opinion monitoring and analysis *Focus group and public feedback meeting facilitation and analysis,Other,*Marketing and distribution *Situation and stakeholder analysis and communications planning services *Polling and survey and public opinion monitoring and analysis *Focus group and public feedback meeting facilitation and analysis,15,20,1,1,2023-11-16,2023-11-16,,,0
Canada federal,Canada,*86131700 *86131800 *86132100,"*Driving and flying and sailing *Military education *Training planning, facilitation and delivery services",Other,"*Driving and flying and sailing *Military education *Training planning, facilitation and delivery services",15,20,1,1,2024-07-31,2024-07-31,,,0
Canada federal,Canada,*72101500 *72120000 *72121100 *72121400,*Building maintenance and repair services *Nonresidential building construction services *Commercial and office building construction services *Specialized public building construction services,Other,*Building maintenance and repair services *Nonresidential building construction services *Commercial and office building construction services *Specialized public building construction services,15,20,1,1,2024-10-11,2024-10-11,,,0
Canada federal,Canada,*86100000 *86101811,*Vocational training *Accreditation or re-accreditation service,Other,*Vocational training *Accreditation or re-accreditation service,15,20,1,1,2025-07-21,2025-07-21,,,0
Canada federal,Canada,*80100000 *80111600 *80160000 *92110000,*Management advisory services *Temporary personnel services *Business administration services *Military services and national defense,Other,*Management advisory services *Temporary personnel services *Business administration services *Military services and national defense,15,20,1,1,2025-08-19,2025-08-19,,,0
Canada federal,Canada,*25131504 *25131509 *25131601 *25131605 *78111505 *86131700,*Commercial passenger propeller aircraft *Fixed wing training aircraft or trainer *Passenger transport helicopters *Rotary wing training aircraft or helicopter trainer *Passenger aircraft rental or leasing service *Driving and flying and sailing,Other,*Commercial passenger propeller aircraft *Fixed wing training aircraft or trainer *Passenger transport helicopters *Rotary wing training aircraft or helicopter trainer *Passenger aircraft rental or leasing service *Driving and flying and sailing,15,20,1,1,2026-02-16,2026-02-16,,,0
Ireland,Ireland,71313200.0,Sound insulation and room acoustics consultancy services.,Other,Sound insulation and room acoustics consultancy services.,15,20,1,1,2024-02-23,2024-02-23,,,0
France,France,85312320,"Audit,Informatique (prestations de services)",Other,Services,15,20,1,1,2024-12-19,2024-12-19,,,0
France,France,79212100,"Audit,Ingénierie",Other,Services,15,20,1,1,2025-05-20,2025-05-20,,,0
France,France,"33,21,197","Bâtiment,Audit,Maîtrise d'oeuvre",Other,Services,15,20,1,1,2024-02-16,2024-02-16,,,0
France,France,71317100,"Assistance technique,Audit,Prestations de services",Other,Services,15,20,1,1,2023-11-18,2023-11-18,,,0
France,France,71312000,"Audit,Assistance à maîtrise d'ouvrage,Ingénierie",Other,Services,15,20,1,1,2023-11-10,2023-11-10,,,0
France,France,"434,19,21,33,345","Assistance juridique,Assistance technique,Audit,Bâtiment,Tous corps d'état",Other,Travaux,15,20,1,1,2026-06-14,2026-06-14,,,0
Canada federal,Canada,*43233200 *46151600,*Security and protection software *Security and control equipment,Other,*Security and protection software *Security and control equipment,15,20,1,1,2024-03-11,2024-03-11,,,0
Canada federal,Canada,*80111504 *86132000 *86132100 *86132201,"*Labor training or development *Management education and training services *Training planning, facilitation and delivery services *Training workshop service",Other,"*Labor training or development *Management education and training services *Training planning, facilitation and delivery services *Training workshop service",15,20,1,1,2025-11-07,2025-11-07,,,0
Canada federal,Canada,*43232607,*Flight control software,Other,*Flight control software,15,20,1,1,2024-11-12,2024-11-12,,,0
Canada federal,Canada,*70100000 *70101500 *70101600 *70101602 *70101603 *70101700 *81171500 *81171501 *81171601 *82111503,*Fisheries and aquaculture *Fisheries operations *Fisheries oversight *Fishery research or experimentation services *Fishery data collection or distribution *Fishery industry and technology *Marine biology services *Marine biology consultation service *Aquatic ecology service *Academic or scientific article writing,Other,*Fisheries and aquaculture *Fisheries operations *Fisheries oversight *Fishery research or experimentation services *Fishery data collection or distribution *Fishery industry and technology *Marine biology services *Marine biology consultation service *Aquatic ecology service *Academic or scientific article writing,15,20,1,1,2024-05-21,2024-05-21,,,0
Canada federal,Canada,*86101607 *86101701 *86132201,*Telecommunications vocational training services *Communications vocational training services *Training workshop service,Other,*Telecommunications vocational training services *Communications vocational training services *Training workshop service,15,20,1,1,2025-03-18,2025-03-18,,,0
Canada federal,Canada,*80140000 *80151505 *80171600,*Marketing and distribution *Multinational marketing enterprises *Publicity and marketing support services,Other,*Marketing and distribution *Multinational marketing enterprises *Publicity and marketing support services,15,20,1,1,2024-12-06,2024-12-06,,,0
Canada federal,Canada,*25200000 *81102302 *81141901 *81141902,*Aerospace systems and components and equipment *Space engineering service *Product research and development service *Application or technology research and development service,Other,*Aerospace systems and components and equipment *Space engineering service *Product research and development service *Application or technology research and development service,15,20,1,1,2026-02-19,2026-02-19,,,0
Canada federal,Canada,*AJ212512 *N7025405,"*Communications Network Hardware (R&D) *LOCAL AREA NETWORKS, SYSTEMS AND COMPONENTS",Other,"*Communications Network Hardware (R&D) *LOCAL AREA NETWORKS, SYSTEMS AND COMPONENTS",15,20,1,1,2024-01-22,2024-01-22,,,0
Canada federal,Canada,*JI7021,"*ADP Central Processing Unit (CPU, Computer) Digital - Installation",Other,"*ADP Central Processing Unit (CPU, Computer) Digital - Installation",15,20,1,1,2025-01-16,2025-01-16,,,0
Canada federal,Canada,*80141500 *81141902 *83110000,*Market research *Application or technology research and development service *Telecommunications media services,Other,*Market research *Application or technology research and development service *Telecommunications media services,15,20,1,1,2024-06-21,2024-06-21,,,0
Canada federal,Canada,*43232309 *45111705 *55110000 *81111507 *83120000,*Information retrieval or search software *Public address systems *Electronic reference material *ERP or database applications programming services *Information services,Other,*Information retrieval or search software *Public address systems *Electronic reference material *ERP or database applications programming services *Information services,15,20,1,1,2025-01-16,2025-01-16,,,0
Canada federal,Canada,*80101702 *81121500 *81121505 *81121605,*Productivity or efficiency studies or implementation *Economic analysis *Economic development consultancy *Precious metals reserves,Other,*Productivity or efficiency studies or implementation *Economic analysis *Economic development consultancy *Precious metals reserves,15,20,1,1,2024-05-03,2024-05-03,,,0
Canada federal,Canada,*43201546 *43221506 *43233502 *43233503 *45111901 *45111902 *56101706 *81112207 *81161711,*Audio conferencing boards *Teleconferencing console *Video conferencing software *Network conferencing software *Audioconferencing systems *Videoconferencing systems *Conferencing tables *Video conferencing software maintenance *Videoconferencing service,Other,*Audio conferencing boards *Teleconferencing console *Video conferencing software *Network conferencing software *Audioconferencing systems *Videoconferencing systems *Conferencing tables *Video conferencing software maintenance *Videoconferencing service,15,20,1,1,2024-08-02,2024-08-02,,,0
Canada federal,Canada,*72110000 *72130000 *72131500 *77101600 *77101601 *81100000 *81101508 *81101516 *81101523 *81102502 *95122100,*Residential building construction services *General building construction *Residential construction *Environmental planning *Urban environmental development planning *Professional engineering services *Architectural engineering *Energy or utility consulting service *Urban design and engineering service *Building consent and permit engineering peer review service *Accommodation buildings and structures,Other,*Residential building construction services *General building construction *Residential construction *Environmental planning *Urban environmental development planning *Professional engineering services *Architectural engineering *Energy or utility consulting service *Urban design and engineering service *Building consent and permit engineering peer review service *Accommodation buildings and structures,15,20,1,1,2024-07-05,2024-07-05,,,0
Canada federal,Canada,*80160000 *83111900 *86100000,*Business administration services *Radio services *Vocational training,Other,*Business administration services *Radio services *Vocational training,15,20,1,1,2025-10-15,2025-10-15,,,0
Canada federal,Canada,*80101600 *80111504 *81100000,*Project management *Labor training or development *Professional engineering services,Other,*Project management *Labor training or development *Professional engineering services,15,20,1,1,2026-02-16,2026-02-16,,,0
Canada federal,Canada,*13100000 *25111900 *31160000,*Rubber and elastomers *Marine craft systems and subassemblies *Hardware,Other,*Rubber and elastomers *Marine craft systems and subassemblies *Hardware,15,20,1,1,2023-11-29,2023-11-29,,,0
Canada federal,Canada,*11171500 *11171600 *11172000 *23270000 *30102801 *30103618 *30263600 *30264000 *30264200 *30264500 *30264600 *30264900 *30265000 *30265100 *30265200 *31132300 *31281700 *31311500 *31321400 *31331600 *31341100 *31351200 *31361400 *40181500 *40181600 *40181700 *40181800 *40181900 *40182200 *40182700 *73181900,*Basic steels *Stainless steel alloys *Aluminum based alloys *Welding and soldering and brazing machinery and accessories and supplies *Aluminum pilings *Steel framework *Carbon steel bars *Carbon steel sheets *Specialty steel sheets *Stainless steel bars *Stainless steel sheets *Aluminum bars *Aluminum sheets *Aluminum coil *Aluminum strips and ingots *Aluminum forgings *Welded components *Welded or brazed pipe assemblies *Welded or brazed bar stock assemblies *Welded or brazed structural assemblies *Welded or brazed sheet assemblies *Welded or brazed tube assemblies *Welded or brazed plate assemblies *Welded copper tubes *Welded brass tubes *Welded aluminum tubes *Welded steel tubes *Welded stainless steel tubes *Seamless aluminum tubes *Extruded aluminum tubes *Welding and brazing and soldering services,Other,*Basic steels *Stainless steel alloys *Aluminum based alloys *Welding and soldering and brazing machinery and accessories and supplies *Aluminum pilings *Steel framework *Carbon steel bars *Carbon steel sheets *Specialty steel sheets *Stainless steel bars *Stainless steel sheets *Aluminum bars *Aluminum sheets *Aluminum coil *Aluminum strips and ingots *Aluminum forgings *Welded components *Welded or brazed pipe assemblies *Welded or brazed bar stock assemblies *Welded or brazed structural assemblies *Welded or brazed sheet assemblies *Welded or brazed tube assemblies *Welded or brazed plate assemblies *Welded copper tubes *Welded brass tubes *Welded aluminum tubes *Welded steel tubes *Welded stainless steel tubes *Seamless aluminum tubes *Extruded aluminum tubes *Welding and brazing and soldering services,15,20,1,1,2023-12-01,2023-12-01,,,0
Canada federal,Canada,*24101601 *72000000 *72101500 *72101506 *72102900 *72103100 *72120000 *72121100 *72121103 *72150000,*Elevators *Building and Facility Construction and Maintenance Services *Building maintenance and repair services *Elevator maintenance services *Facility maintenance and repair services *Conveyance systems installation and repair *Nonresidential building construction services *Commercial and office building construction services *Commercial and office building renovation and repair service *Specialized trade construction and maintenance services,Other,*Elevators *Building and Facility Construction and Maintenance Services *Building maintenance and repair services *Elevator maintenance services *Facility maintenance and repair services *Conveyance systems installation and repair *Nonresidential building construction services *Commercial and office building construction services *Commercial and office building renovation and repair service *Specialized trade construction and maintenance services,15,20,1,1,2023-08-16,2023-08-16,,,0
Canada federal,Canada,*25201901 *78111501 *92101603,*Aircraft fire control or extinguishing systems *Helicopter services *Fire prevention services,Other,*Aircraft fire control or extinguishing systems *Helicopter services *Fire prevention services,15,20,1,1,2024-04-02,2024-04-02,,,0
Canada federal,Canada,*80000000 *80101600 *80141500 *80171500,*Management and Business Professionals and Administrative Services *Project management *Market research *Situation and stakeholder analysis and communications planning services,Other,*Management and Business Professionals and Administrative Services *Project management *Market research *Situation and stakeholder analysis and communications planning services,15,20,1,1,2025-10-10,2025-10-10,,,0
Canada federal,Canada,*49201500 *49201600,*Aerobic training equipment *Weight and resistance training equipment,Other,*Aerobic training equipment *Weight and resistance training equipment,15,20,1,1,2025-10-30,2025-10-30,,,0
Ireland,Ireland,43312200.0,Chippers.,Other,Chippers.,15,20,1,1,2025-11-26,2025-11-26,400000.0,,0
Ireland,Ireland,30237000.0,"Parts, accessories and supplies for computers.",Other,"Parts, accessories and supplies for computers.",15,20,1,1,2025-08-27,2025-08-27,,,0
Ireland,Ireland,79417000.0,Safety consultancy services.,Other,Safety consultancy services.,15,20,1,1,2024-12-23,2024-12-23,200000.0,,0
Ireland,Ireland,50320000.0,Repair and maintenance services of personal computers.,Other,Repair and maintenance services of personal computers.,15,20,1,1,2024-10-18,2024-10-18,90000.0,,0
Ireland,Ireland,63726800.0,Research vessel services.,Other,Research vessel services.,15,20,1,1,2024-06-12,2024-06-12,120000.0,,0
France,France,"21,163,274","Audit,Informatique (prestations de services),Prestations de services",Other,Services,15,20,1,1,2024-06-10,2024-06-10,,,0
France,France,79416200,"Audit,Prestations de services",Other,Services,15,20,1,1,2025-03-17,2025-03-17,,,0
Ireland,Ireland,71317000.0,Hazard protection and control consultancy services.,Other,Hazard protection and control consultancy services.,15,20,1,1,2023-11-24,2023-11-24,,,0
Canada federal,Canada,*81100000 *81111600 *82141505,*Professional engineering services *Computer programmers *Computer generated design services,Other,*Professional engineering services *Computer programmers *Computer generated design services,15,20,1,1,2025-10-16,2025-10-16,,,0
Canada federal,Canada,*43212113 *55121612,*Compact disc CD or labeling printers *Printer labels,Other,*Compact disc CD or labeling printers *Printer labels,15,20,1,1,2025-02-24,2025-02-24,,,0
Canada federal,Canada,*56101900,*General furniture parts and accessories,Other,*General furniture parts and accessories,15,20,1,1,2025-02-10,2025-02-10,,,0
Canada federal,Canada,*43232619,*Satellite image treatment software,Other,*Satellite image treatment software,15,20,1,1,2025-01-06,2025-01-06,,,0
Canada federal,Canada,*56101504 *56101720 *56112106,*Chairs *Office or work chair *Stool seating,Other,*Chairs *Office or work chair *Stool seating,15,20,1,1,2023-10-11,2023-10-11,,,0
Canada federal,Canada,*43201830 *44100000 *44103600 *44103601,*Solid state drive SSD *Office machines and their supplies and accessories *Cassette disposal equipment and accessories *Cassette or tape shredders,Other,*Solid state drive SSD *Office machines and their supplies and accessories *Cassette disposal equipment and accessories *Cassette or tape shredders,15,20,1,1,2024-06-10,2024-06-10,,,0
Canada federal,Canada,*55121704 *56101600 *56101603 *56101605 *56101606,*Safety signs *Outdoor furniture *Outdoor tables or picnic tables *Outdoor benches *Flower stands,Other,*Safety signs *Outdoor furniture *Outdoor tables or picnic tables *Outdoor benches *Flower stands,15,20,1,1,2024-04-18,2024-04-18,,,0
Canada federal,Canada,*56101720 *56112102 *56112106,*Office or work chair *Task seating *Stool seating,Other,*Office or work chair *Task seating *Stool seating,15,20,1,1,2023-11-07,2023-11-07,,,0
Canada federal,Canada,*31150000 *46161604 *53100000,*Rope and chain and cable and wire and strap *Life vests or preservers *Clothing,Other,*Rope and chain and cable and wire and strap *Life vests or preservers *Clothing,15,20,1,1,2026-01-22,2026-01-22,,,0
France,France,79411000,Audit,Other,Services,15,20,1,1,2024-02-15,2024-02-15,,,0
Canada federal,Canada,*80171800 *80171802 *80171803,*Media relations services *Media relations and advisory service *Media training and coaching service,Other,*Media relations services *Media relations and advisory service *Media training and coaching service,15,20,1,1,2026-07-10,2026-07-10,,,0
Canada federal,Canada,*72121100 *81101508,*Commercial and office building construction services *Architectural engineering,Other,*Commercial and office building construction services *Architectural engineering,15,20,1,1,2026-03-06,2026-03-06,,,0
Canada federal,Canada,*76121500 *76122300 *80161508,*Refuse collection and disposal *Recycling services *Document destruction services,Other,*Refuse collection and disposal *Recycling services *Document destruction services,15,20,1,1,2025-05-13,2025-05-13,,,0
Canada federal,Canada,*56101500 *56101703 *56101901,*Furniture *Desks *Furniture tops or work surfaces,Other,*Furniture *Desks *Furniture tops or work surfaces,15,20,1,1,2024-07-25,2024-07-25,,,0
Canada federal,Canada,*80141607 *80171905,*Events management *Indigenous peoples relations consultation and engagement,Other,*Events management *Indigenous peoples relations consultation and engagement,15,20,1,1,2025-12-12,2025-12-12,,,0
Canada federal,Canada,*72120000 *72121100 *72121101 *72121400 *72130000,*Nonresidential building construction services *Commercial and office building construction services *Commercial and office building new construction service *Specialized public building construction services *General building construction,Other,*Nonresidential building construction services *Commercial and office building construction services *Commercial and office building new construction service *Specialized public building construction services *General building construction,15,20,1,1,2025-10-01,2025-10-01,,,0
Canada federal,Canada,*72110000 *72111000 *72111100 *72120000 *72121100 *72121400 *72130000 *72131500 *72131501 *72150000 *72151100 *72151200,*Residential building construction services *Single family dwelling construction services *Multiple unit dwelling construction services *Nonresidential building construction services *Commercial and office building construction services *Specialized public building construction services *General building construction *Residential construction *Apartment construction *Specialized trade construction and maintenance services *Plumbing construction services *Heating and cooling and air conditioning HVAC construction and maintenance services,Other,*Residential building construction services *Single family dwelling construction services *Multiple unit dwelling construction services *Nonresidential building construction services *Commercial and office building construction services *Specialized public building construction services *General building construction *Residential construction *Apartment construction *Specialized trade construction and maintenance services *Plumbing construction services *Heating and cooling and air conditioning HVAC construction and maintenance services,15,20,1,1,2024-07-04,2024-07-04,,,0
Canada federal,Canada,*47110000 *53100000 *91101800,*Industrial laundry and dry cleaning equipment *Clothing *Clothing rental,Other,*Industrial laundry and dry cleaning equipment *Clothing *Clothing rental,15,20,1,1,2026-07-06,2026-07-06,,,0
Canada federal,Canada,*44100000 *44103600 *76120000 *76122300,*Office machines and their supplies and accessories *Cassette disposal equipment and accessories *Refuse disposal and treatment *Recycling services,Other,*Office machines and their supplies and accessories *Cassette disposal equipment and accessories *Refuse disposal and treatment *Recycling services,15,20,1,1,2025-02-19,2025-02-19,,,0
Canada federal,Canada,*60100000 *86132206,*Developmental and professional teaching aids and materials and accessories and supplies *Teaching and educational research service,Other,*Developmental and professional teaching aids and materials and accessories and supplies *Teaching and educational research service,15,20,1,1,2024-07-25,2024-07-25,,,0
Canada federal,Canada,*80171800 *80171803,*Media relations services *Media training and coaching service,Other,*Media relations services *Media training and coaching service,15,20,1,1,2023-11-22,2023-11-22,,,0
France,France,71356100,"Audit,Contrôle technique,Prestations de services",Other,Services,15,20,1,1,2023-08-26,2023-08-26,,,0
Canada federal,Canada,*80172000 *82121800 *86132206 *86132215,*Professional communication services *Publishing *Teaching and educational research service *Educational policy service,Other,*Professional communication services *Publishing *Teaching and educational research service *Educational policy service,15,20,1,1,2023-10-17,2023-10-17,,,0
Canada federal,Canada,*44101700,*Printer and photocopier and facsimile accessories,Other,*Printer and photocopier and facsimile accessories,15,20,1,1,2024-02-08,2024-02-08,,,0
Canada federal,Canada,*80171803 *80172000,*Media training and coaching service *Professional communication services,Other,*Media training and coaching service *Professional communication services,15,20,1,1,2025-02-28,2025-02-28,,,0
Canada federal,Canada,*46211500 *81162308 *86101709 *86132100 *92121900,"*Workplace safety training aids and materials *Training process as a service *Safety training services *Training planning, facilitation and delivery services *Marine security services",Other,"*Workplace safety training aids and materials *Training process as a service *Safety training services *Training planning, facilitation and delivery services *Marine security services",15,20,1,1,2026-05-07,2026-05-07,,,0
Canada federal,Canada,*46190000 *46191500 *46191505 *46191608 *46191610 *72101509 *72101516 *92101603,*Fire protection *Fire prevention *Fire alarm systems *Fire suppression system *Fire sprinkler heads *Fire protection system and equipment maintenance or repair service *Fire extinguisher inspection maintenance and repair service *Fire prevention services,Other,*Fire protection *Fire prevention *Fire alarm systems *Fire suppression system *Fire sprinkler heads *Fire protection system and equipment maintenance or repair service *Fire extinguisher inspection maintenance and repair service *Fire prevention services,15,20,1,1,2024-06-26,2024-06-26,,,0
Canada federal,Canada,*86101701,*Communications vocational training services,Other,*Communications vocational training services,15,20,1,1,2023-11-16,2023-11-16,,,0
Canada federal,Canada,*72121103 *72151507 *72152400,*Commercial and office building renovation and repair service *Electronic controls installation service *Window and door installation and erection services,Other,*Commercial and office building renovation and repair service *Electronic controls installation service *Window and door installation and erection services,15,20,1,1,2025-08-13,2025-08-13,,,0
Canada federal,Canada,*80101513 *80141500 *80141510 *80141513,*Process and procedures management consultation service *Market research *Market research telephone surveys *Market research one on one interviews,Other,*Process and procedures management consultation service *Market research *Market research telephone surveys *Market research one on one interviews,15,20,1,1,2023-08-28,2023-08-28,,,0
Canada federal,Canada,*N5975,*Electrical Hardware and Supplies,Other,*Electrical Hardware and Supplies,15,20,1,1,2024-06-12,2024-06-12,,,0
Canada federal,Canada,*12130000 *12131500 *46101600 *92111700,*Explosive materials *Explosives *Ammunition *Military science and research,Other,*Explosive materials *Explosives *Ammunition *Military science and research,15,20,1,1,2025-11-14,2025-11-14,,,0
Canada federal,Canada,*30265600 *30265700 *43211730 *80141500,*Ferrous alloy bars and sheets *Ferrous alloy ingots strips billets and coil *Data acquisition system *Market research,Other,*Ferrous alloy bars and sheets *Ferrous alloy ingots strips billets and coil *Data acquisition system *Market research,15,20,1,1,2024-02-09,2024-02-09,,,0
Canada federal,Canada,*56100000 *56101504 *56112100,*Accommodation furniture *Chairs *Seating,Other,*Accommodation furniture *Chairs *Seating,15,20,1,1,2025-10-21,2025-10-21,,,0
Canada federal,Canada,*42301500 *86100000 *92110000,*Aids for medical training *Vocational training *Military services and national defense,Other,*Aids for medical training *Vocational training *Military services and national defense,15,20,1,1,2024-08-20,2024-08-20,,,0
Canada federal,Canada,*26121600 *31160000 *31161600,*Electrical cable and accessories *Hardware *Bolts,Other,*Electrical cable and accessories *Hardware *Bolts,15,20,1,1,2026-01-08,2026-01-08,,,0
Canada federal,Canada,*72100000 *72121100 *72121103 *72153000 *72153002,*Building and facility maintenance and repair services *Commercial and office building construction services *Commercial and office building renovation and repair service *Glass and glazing services *Glazing installation and repair service,Other,*Building and facility maintenance and repair services *Commercial and office building construction services *Commercial and office building renovation and repair service *Glass and glazing services *Glazing installation and repair service,15,20,1,1,2023-09-26,2023-09-26,,,0
Canada federal,Canada,*26131507 *72121103 *81111809,*Solar power plants *Commercial and office building renovation and repair service *System installation service,Other,*Solar power plants *Commercial and office building renovation and repair service *System installation service,15,20,1,1,2024-01-17,2024-01-17,,,0
Canada federal,Canada,*72103300 *72120000 *72121103 *81101513,*Infrastructure maintenance and repair services *Nonresidential building construction services *Commercial and office building renovation and repair service *Building construction management,Other,*Infrastructure maintenance and repair services *Nonresidential building construction services *Commercial and office building renovation and repair service *Building construction management,15,20,1,1,2024-02-13,2024-02-13,,,0
Canada federal,Canada,*72121101,*Commercial and office building new construction service,Other,*Commercial and office building new construction service,15,20,1,1,2026-02-09,2026-02-09,,,0
Canada federal,Canada,*53102700,*Uniforms,Other,*Uniforms,15,20,1,1,2026-03-23,2026-03-23,,,0
France,France,71241000,"Assistance juridique,Audit,Ingénierie",Other,Services,15,20,1,1,2026-03-24,2026-03-24,,,0
Ireland,Ireland,30211400.0,Computer configurations.,Other,Computer configurations.,15,20,1,1,2025-01-17,2025-01-17,70000.0,,0
France,France,79419000,"Audit,Expertise comptable,Assistance juridique",Other,Services,15,20,1,1,2024-07-31,2024-07-31,,,0
France,France,79212200,"Audit,Prestations de services",Other,Services,15,20,1,1,2023-11-23,2023-11-23,,,0
France,France,71317100,Audit,Other,Services,15,20,1,1,2024-08-03,2024-08-03,,,0
France,France,"21,410,274","Audit,Formation,Prestations de services",Other,Services,15,20,1,1,2024-07-24,2024-07-24,,,0
France,France,71420000,Audit,Other,Services,15,20,1,1,2025-08-10,2025-08-10,,,0
France,France,75130000,Audit,Other,Services,15,20,1,1,2024-01-23,2024-01-23,,,0
United Kingdom,United Kingdom,30231100,Computer terminals,Other,Computer terminals,15,20,1,1,2024-07-22,2024-07-22,,,0
United Kingdom,United Kingdom,30123000,Office and business machines,Other,Office and business machines,15,20,1,1,2024-07-19,2024-07-19,,,0
France,France,71354100,"Assistance technique,Audit,Contrôle technique,Eclairage public,Electrification rurale,Prestations de services",Other,Services,15,20,1,1,2023-11-19,2023-11-19,,,0
Canada federal,Canada,*70122002 *70122010 *77140000 *77141501 *81102600 *81170000 *85121803 *85121804 *85130000 *85131700,*Animal disease control *Animal health information services *Environmental laboratory services *Microbiological testing *Sampling services *Biological science services *Biological laboratory services *Pathological laboratory services *Medical science research and experimentation *Medical science and research,Other,*Animal disease control *Animal health information services *Environmental laboratory services *Microbiological testing *Sampling services *Biological science services *Biological laboratory services *Pathological laboratory services *Medical science research and experimentation *Medical science and research,15,20,1,1,2024-02-08,2024-02-08,,,0
Canada federal,Canada,*41104800 *72100000 *72121101 *72151204 *72151205 *72151206 *81101505 *81101600 *81101700,*Laboratory decanting and distilling and evaporating and extracting equipment and supplies *Building and facility maintenance and repair services *Commercial and office building new construction service *HVAC ventilation and duct work construction service *HVAC refrigeration construction service *HVAC heating system construction service *Structural engineering *Mechanical engineering *Electrical and electronic engineering,Other,*Laboratory decanting and distilling and evaporating and extracting equipment and supplies *Building and facility maintenance and repair services *Commercial and office building new construction service *HVAC ventilation and duct work construction service *HVAC refrigeration construction service *HVAC heating system construction service *Structural engineering *Mechanical engineering *Electrical and electronic engineering,15,20,1,1,2025-01-23,2025-01-23,,,0
Canada federal,Canada,*43233200 *81111501,*Security and protection software *Mainframe software applications design,Other,*Security and protection software *Mainframe software applications design,15,20,1,1,2024-09-09,2024-09-09,,,0
Canada federal,Canada,*80141500 *81141901,*Market research *Product research and development service,Other,*Market research *Product research and development service,15,20,1,1,2024-11-27,2024-11-27,,,0
Canada federal,Canada,*72121103 *72130000,*Commercial and office building renovation and repair service *General building construction,Other,*Commercial and office building renovation and repair service *General building construction,15,20,1,1,2024-12-11,2024-12-11,,,0
Canada federal,Canada,*25101937 *85110000,*Medical examination and treatment bus *Disease prevention and control,Other,*Medical examination and treatment bus *Disease prevention and control,15,20,1,1,2026-07-15,2026-07-15,,,0
Canada federal,Canada,*43233204,*Network security and virtual private network VPN equipment software,Other,*Network security and virtual private network VPN equipment software,15,20,1,1,2024-01-25,2024-01-25,,,0
Canada federal,Canada,*25111534 *81131504,*Research vessel *Sampling surveys,Other,*Research vessel *Sampling surveys,15,20,1,1,2024-12-16,2024-12-16,,,0
Canada federal,Canada,*80101511 *80110000 *80111502 *84111501 *84111700,*Human resources consulting service *Human resources services *Compensation or benefits planning *Cost accounting service *Corporate finance,Other,*Human resources consulting service *Human resources services *Compensation or benefits planning *Cost accounting service *Corporate finance,15,20,1,1,2023-09-13,2023-09-13,,,0
France,France,70331100,Audit,Other,Services,15,20,1,1,2023-09-13,2023-09-13,,,0
Canada federal,Canada,*44110000 *56111500,*Office and desk accessories *Workstations and office packages,Other,*Office and desk accessories *Workstations and office packages,15,20,1,1,2023-10-16,2023-10-16,,,0
Canada federal,Canada,*72102200 *72120000 *72121100 *72151201,*Electrical services *Nonresidential building construction services *Commercial and office building construction services *HVAC mechanical construction service,Other,*Electrical services *Nonresidential building construction services *Commercial and office building construction services *HVAC mechanical construction service,15,20,1,1,2026-07-28,2026-07-28,,,0
Canada federal,Canada,*25151704 *45121523 *78102002 *78111901 *81102302,*Scientific or research satellites *Astronomical camera *Experimental payload services *Experimental or educational missions *Space engineering service,Other,*Scientific or research satellites *Astronomical camera *Experimental payload services *Experimental or educational missions *Space engineering service,15,20,1,1,2025-08-14,2025-08-14,,,0
Canada federal,Canada,*N7010130,"*COMPUTERS, DIGITAL SYSTEMS, SPECIAL PURPOSE, INCLUDES ARTIFICIAL INTELLIGENCE, ARRAY, PARALLEL, VECTOR ETC.",Other,"*COMPUTERS, DIGITAL SYSTEMS, SPECIAL PURPOSE, INCLUDES ARTIFICIAL INTELLIGENCE, ARRAY, PARALLEL, VECTOR ETC.",15,20,1,1,2024-11-15,2024-11-15,,,0
Canada federal,Canada,*81101516 *83101900 *83101902,*Energy or utility consulting service *Energy conservation *Energy use reduction measures,Other,*Energy or utility consulting service *Energy conservation *Energy use reduction measures,15,20,1,1,2025-07-15,2025-07-15,,,0
Canada federal,Canada,*80101508 *81111808 *81162304,*Business intelligence consulting services *System analysis service *Expense management process as a service,Other,*Business intelligence consulting services *System analysis service *Expense management process as a service,15,20,1,1,2026-07-09,2026-07-09,,,0
Canada federal,Canada,*80140000 *80160000 *80170000,*Marketing and distribution *Business administration services *Public relations and professional communications services,Other,*Marketing and distribution *Business administration services *Public relations and professional communications services,15,20,1,1,2024-06-03,2024-06-03,,,0
Canada federal,Canada,*86100000 *86132100,"*Vocational training *Training planning, facilitation and delivery services",Other,"*Vocational training *Training planning, facilitation and delivery services",15,20,1,1,2025-11-05,2025-11-05,,,0
Canada federal,Canada,*JX6910B,*Training Aids - Operation & Maintenance,Other,*Training Aids - Operation & Maintenance,15,20,1,1,2023-12-15,2023-12-15,,,0
Canada federal,Canada,*53102700 *53102701,*Uniforms *Military uniforms,Other,*Uniforms *Military uniforms,15,20,1,1,2025-07-04,2025-07-04,,,0
Canada federal,Canada,*56100000 *56101510 *56101530 *56101702 *56110000,*Accommodation furniture *Partitions *Storage cabinets *Filing cabinets or accessories *Commercial and industrial furniture,Other,*Accommodation furniture *Partitions *Storage cabinets *Filing cabinets or accessories *Commercial and industrial furniture,15,20,1,1,2023-10-27,2023-10-27,,,0
Canada federal,Canada,*72101500 *72101501 *72101507 *72102900 *72103300 *72120000 *72141510 *72152300 *76111500,*Building maintenance and repair services *Handyman services *Building maintenance service *Facility maintenance and repair services *Infrastructure maintenance and repair services *Nonresidential building construction services *Demolition services *Carpentry services *General building and office cleaning and maintenance services,Other,*Building maintenance and repair services *Handyman services *Building maintenance service *Facility maintenance and repair services *Infrastructure maintenance and repair services *Nonresidential building construction services *Demolition services *Carpentry services *General building and office cleaning and maintenance services,15,20,1,1,2024-07-19,2024-07-19,,,0
Canada federal,Canada,*52131700,*Window treatment accessories and hardware,Other,*Window treatment accessories and hardware,15,20,1,1,2025-11-20,2025-11-20,,,0
Canada federal,Canada,*25131509 *78111505,*Fixed wing training aircraft or trainer *Passenger aircraft rental or leasing service,Other,*Fixed wing training aircraft or trainer *Passenger aircraft rental or leasing service,15,20,1,1,2026-06-01,2026-06-01,,,0
France,France,"21,38,274,476","Audit,Bois,Prestations de services,Photovoltaïque",Other,Services,15,20,1,1,2025-05-25,2025-05-25,,,0
Ireland,Ireland,30192320.0,Printer ribbons.,Other,Printer ribbons.,15,20,1,1,2025-10-31,2025-10-31,0.0,,0
Ireland,Ireland,30233320.0,Combined smart card and fingerprint readers.,Other,Combined smart card and fingerprint readers.,15,20,1,1,2025-06-02,2025-06-02,,,0
Ireland,Ireland,30211200.0,Mainframe hardware.,Other,Mainframe hardware.,15,20,1,1,2024-07-22,2024-07-22,12000000.0,,0
France,France,79421000,"Audit,Végétaux",Other,Services,15,20,1,1,2024-10-17,2024-10-17,,,0
France,France,79412000,"Audit,Electricité, gaz (fourniture)",Other,Services,15,20,1,1,2023-08-10,2023-08-10,,,0
France,France,75000000,Audit,Other,Services,15,20,1,1,2025-06-03,2025-06-03,,,0
United Kingdom,United Kingdom,34962230,Air-traffic control training,Other,Air-traffic control training,15,20,1,1,2023-09-22,2023-09-22,,,0
United Kingdom,United Kingdom,39143200,Dining-room furniture,Other,Dining-room furniture,15,20,1,1,2024-11-15,2024-11-15,,,0
France,France,71317000,Audit,Other,Services,15,20,1,1,2025-02-27,2025-02-27,,,0
Canada federal,Canada,*80111600 *90101600,*Temporary personnel services *Banquet and catering services,Other,*Temporary personnel services *Banquet and catering services,15,20,1,1,2025-01-17,2025-01-17,,,0
Canada federal,Canada,*43211730 *43232304,*Data acquisition system *Data base management system software,Other,*Data acquisition system *Data base management system software,15,20,1,1,2025-02-12,2025-02-12,,,0
Canada federal,Canada,*80101510 *84111603,*Risk management consultation service *Internal audits,Other,*Risk management consultation service *Internal audits,15,20,1,1,2024-11-15,2024-11-15,,,0
Canada federal,Canada,*22100000 *72100000 *72120000 *72121100 *72130000 *72150000,*Heavy construction machinery and equipment *Building and facility maintenance and repair services *Nonresidential building construction services *Commercial and office building construction services *General building construction *Specialized trade construction and maintenance services,Other,*Heavy construction machinery and equipment *Building and facility maintenance and repair services *Nonresidential building construction services *Commercial and office building construction services *General building construction *Specialized trade construction and maintenance services,15,20,1,1,2024-06-07,2024-06-07,,,0
Canada federal,Canada,*72101700 *72121100 *72130000,*Concrete work *Commercial and office building construction services *General building construction,Other,*Concrete work *Commercial and office building construction services *General building construction,15,20,1,1,2025-08-12,2025-08-12,,,0
Canada federal,Canada,*43201503 *43201609 *43201827 *43201834 *43201900 *43202000 *43202005 *43202206 *56112003 *80161604 *81112003,*Central processing unit CPU processors *Storage device trays or assemblies *Portable hard disk storage device *Storage device controller *Media storage device accessories *Removable storage media *Flash memory storage card *Storage drive or input device components *Computer support storage accessories *Information technology IT management services *Data center services,Other,*Central processing unit CPU processors *Storage device trays or assemblies *Portable hard disk storage device *Storage device controller *Media storage device accessories *Removable storage media *Flash memory storage card *Storage drive or input device components *Computer support storage accessories *Information technology IT management services *Data center services,15,20,1,1,2023-11-21,2023-11-21,,,0
Canada federal,Canada,*80101500 *80101510 *86101709 *86101714,*Business and corporate management consultation services *Risk management consultation service *Safety training services *Law enforcement vocational training services,Other,*Business and corporate management consultation services *Risk management consultation service *Safety training services *Law enforcement vocational training services,15,20,1,1,2026-05-25,2026-05-25,,,0
Canada federal,Canada,*80101507 *80111600,*Information technology consultation services *Temporary personnel services,Other,*Information technology consultation services *Temporary personnel services,15,20,1,1,2024-09-18,2024-09-18,,,0
Canada federal,Canada,*25172500 *31160000 *31161500 *31161600 *31161700 *31161800 *31162200 *31162400 *31162800 *31171500 *31171600 *31400000 *39122200 *40170000,*Tires and tire tubes *Hardware *Screws *Bolts *Nuts *Washers *Rivets *Miscellaneous fasteners *Miscellaneous hardware *Bearings *Bushings *Gaskets *Electrical switches and accessories *Pipe piping and pipe fittings,Other,*Tires and tire tubes *Hardware *Screws *Bolts *Nuts *Washers *Rivets *Miscellaneous fasteners *Miscellaneous hardware *Bearings *Bushings *Gaskets *Electrical switches and accessories *Pipe piping and pipe fittings,15,20,1,1,2024-03-05,2024-03-05,,,0
Canada federal,Canada,*43212002 *56101502 *56101504 *56101520 *56111601 *56111800 *56111801 *56111802 *56112105 *56112204,*Monitor arms or stands *Sofas *Chairs *Lockers *Screens for panel systems *Freestanding furniture *Freestanding lighting or power or data components *Freestanding tables *Lounge seating *Worksurfaces,Other,*Monitor arms or stands *Sofas *Chairs *Lockers *Screens for panel systems *Freestanding furniture *Freestanding lighting or power or data components *Freestanding tables *Lounge seating *Worksurfaces,15,20,1,1,2025-01-24,2025-01-24,,,0
Canada federal,Canada,*12350000 *12360000 *81000000,*Compounds and mixtures *Pharmaceutical drug precursors *Engineering and Research and Technology Based Services,Other,*Compounds and mixtures *Pharmaceutical drug precursors *Engineering and Research and Technology Based Services,15,20,1,1,2026-06-30,2026-06-30,,,0
Ireland,Ireland,45233293.0,Installation of street furniture.,Other,Installation of street furniture.,15,20,1,1,2023-10-26,2023-10-26,11250000.0,,0
Canada federal,Canada,*81101516 *81102302,*Energy or utility consulting service *Space engineering service,Other,*Energy or utility consulting service *Space engineering service,15,20,1,1,2025-09-12,2025-09-12,,,0
Canada federal,Canada,*53100000 *73140000,*Clothing *Fibers and textiles and fabric industries,Other,*Clothing *Fibers and textiles and fabric industries,15,20,1,1,2025-08-11,2025-08-11,,,0
Canada federal,Canada,*56110000 *72000000 *72151200,*Commercial and industrial furniture *Building and Facility Construction and Maintenance Services *Heating and cooling and air conditioning HVAC construction and maintenance services,Other,*Commercial and industrial furniture *Building and Facility Construction and Maintenance Services *Heating and cooling and air conditioning HVAC construction and maintenance services,15,20,1,1,2024-05-09,2024-05-09,,,0
Canada federal,Canada,*24101600 *24110000 *24112800 *31160000,*Lifting equipment and accessories *Containers and storage *Freight containers *Hardware,Other,*Lifting equipment and accessories *Containers and storage *Freight containers *Hardware,15,20,1,1,2026-02-26,2026-02-26,,,0
Canada federal,Canada,*24101605 *25170000 *25172400 *25173800 *25174000 *25181600 *25191500 *30260000 *31160000 *31162800 *31171500 *39121400 *40141600 *40142000 *40161500 *40161531 *40170000 *41113600,*Loading equipment *Transportation components and systems *Fuel tanks and systems *Drivetrain systems *Engine coolant system *Automotive chassis *Air transportation support systems and equipment *Structural materials *Hardware *Miscellaneous hardware *Bearings *Electrical lugs plugs and connectors *Valves *Hoses *Filters *Filter assembly *Pipe piping and pipe fittings *Electrical measuring and testing equipment and accessories,Other,*Loading equipment *Transportation components and systems *Fuel tanks and systems *Drivetrain systems *Engine coolant system *Automotive chassis *Air transportation support systems and equipment *Structural materials *Hardware *Miscellaneous hardware *Bearings *Electrical lugs plugs and connectors *Valves *Hoses *Filters *Filter assembly *Pipe piping and pipe fittings *Electrical measuring and testing equipment and accessories,15,20,1,1,2025-08-19,2025-08-19,,,0
Canada federal,Canada,*43221701 *52152000 *56100000,*Television core equipment *Domestic dishes and servingware and storage containers *Accommodation furniture,Other,*Television core equipment *Domestic dishes and servingware and storage containers *Accommodation furniture,15,20,1,1,2026-02-10,2026-02-10,,,0
Canada federal,Canada,*43200000 *43210000 *43220000,*Components for information technology or broadcasting or telecommunications *Computer Equipment and Accessories *Data Voice or Multimedia Network Equipment or Platforms and Accessories,Other,*Components for information technology or broadcasting or telecommunications *Computer Equipment and Accessories *Data Voice or Multimedia Network Equipment or Platforms and Accessories,15,20,1,1,2024-07-04,2024-07-04,,,0
Canada federal,Canada,*80141500 *83101900,*Market research *Energy conservation,Other,*Market research *Energy conservation,15,20,1,1,2026-05-26,2026-05-26,,,0
Canada federal,Canada,*46191500 *92101603,*Fire prevention *Fire prevention services,Other,*Fire prevention *Fire prevention services,15,20,1,1,2025-06-20,2025-06-20,,,0
Canada federal,Canada,*80141500 *81121500,*Market research *Economic analysis,Other,*Market research *Economic analysis,15,20,1,1,2025-03-28,2025-03-28,,,0
Canada federal,Canada,*N7010 *N7025405,"*Automatic Data Processing Equipment, System Configuration *LOCAL AREA NETWORKS, SYSTEMS AND COMPONENTS",Other,"*Automatic Data Processing Equipment, System Configuration *LOCAL AREA NETWORKS, SYSTEMS AND COMPONENTS",15,20,1,1,2025-11-24,2025-11-24,,,0
Canada federal,Canada,*40161609 *70141606 *76101500 *81141902,*Water purification system *Plant pathology *Disinfection *Application or technology research and development service,Other,*Water purification system *Plant pathology *Disinfection *Application or technology research and development service,15,20,1,1,2025-11-13,2025-11-13,,,0
Canada federal,Canada,*44121500 *44121506 *55121605 *73151600 *80141800 *81151604,*Mailing supplies *Standard envelopes *Addressing or mailing labels *Packaging services *Mailing services *Land surveying,Other,*Mailing supplies *Standard envelopes *Addressing or mailing labels *Packaging services *Mailing services *Land surveying,15,20,1,1,2023-09-25,2023-09-25,,,0
Canada federal,Canada,*80140000 *80171505,*Marketing and distribution *Communication planning,Other,*Marketing and distribution *Communication planning,15,20,1,1,2023-08-10,2023-08-10,,,0
Canada federal,Canada,*70100000 *70101500 *70101602 *70101701,*Fisheries and aquaculture *Fisheries operations *Fishery research or experimentation services *Fishing technology services,Other,*Fisheries and aquaculture *Fisheries operations *Fishery research or experimentation services *Fishing technology services,15,20,1,1,2023-08-10,2023-08-10,,,0
Canada federal,Canada,*22100000 *22101900 *30111902 *30190000 *30191700 *70151800 *71101600 *71120000 *71161400 *72101512 *72101513 *72110000 *72120000 *72121000 *72121100 *72121101 *72121200 *72140000 *72141105 *72141121 *72141128 *72141129 *72141130 *72141200 *72141400 *72141502 *72141600 *72141601 *72141603 *72141604 *72141700 *72141701 *72141702 *72150000,*Heavy construction machinery and equipment *Building construction machinery and accessories *Construction expansion joint *Construction and maintenance support equipment *Construction sheds and trailers *Forestry conservation services *Mine drilling blasting and construction services *Well drilling and construction services *Well construction management services *Hoist construction service *Offsite construction service *Residential building construction services *Nonresidential building construction services *New industrial building and warehouse construction services *Commercial and office building construction services *Commercial and office building new construction service *Agricultural building construction services *Heavy construction services *Sidewalk construction and repair service *Water main construction service *Public square construction and or remodelling service *Park and garden construction and or remodelling service *Ornamental fountain construction and or remodelling service *Marine construction services *Detention facility construction and repair services *Land pre-construction assessment service *Mass transit system construction services *Light rail construction service *Railroad and railway roadbed construction service *Subway construction service *Construction machinery and equipment rental or leasing services *Construction machinery rental or leasing service *Construction equipment rental or leasing service *Specialized trade construction and maintenance services,Other,*Heavy construction machinery and equipment *Building construction machinery and accessories *Construction expansion joint *Construction and maintenance support equipment *Construction sheds and trailers *Forestry conservation services *Mine drilling blasting and construction services *Well drilling and construction services *Well construction management services *Hoist construction service *Offsite construction service *Residential building construction services *Nonresidential building construction services *New industrial building and warehouse construction services *Commercial and office building construction services *Commercial and office building new construction service *Agricultural building construction services *Heavy construction services *Sidewalk construction and repair service *Water main construction service *Public square construction and or remodelling service *Park and garden construction and or remodelling service *Ornamental fountain construction and or remodelling service *Marine construction services *Detention facility construction and repair services *Land pre-construction assessment service *Mass transit system construction services *Light rail construction service *Railroad and railway roadbed construction service *Subway construction service *Construction machinery and equipment rental or leasing services *Construction machinery rental or leasing service *Construction equipment rental or leasing service *Specialized trade construction and maintenance services,15,20,1,1,2025-03-05,2025-03-05,,,0
Canada federal,Canada,*81111704 *81111806 *81111901 *81111902 *81112205 *81162004,*Database design *Database analysis service *Database information retrieval *Online database information retrieval service *Database management system software maintenance *Database management as a service,Other,*Database design *Database analysis service *Database information retrieval *Online database information retrieval service *Database management system software maintenance *Database management as a service,15,20,1,1,2024-05-29,2024-05-29,,,0
France,France,79210000,"Audit,Expertise comptable",Other,Services,15,20,1,1,2025-05-19,2025-05-19,,,0
Canada federal,Canada,*72120000 *72121100 *72121400 *72150000,*Nonresidential building construction services *Commercial and office building construction services *Specialized public building construction services *Specialized trade construction and maintenance services,Other,*Nonresidential building construction services *Commercial and office building construction services *Specialized public building construction services *Specialized trade construction and maintenance services,15,20,1,1,2025-01-17,2025-01-17,,,0
Canada federal,Canada,*60105800 *73151500,*Clothing and textile design instructional materials *Assembly services,Other,*Clothing and textile design instructional materials *Assembly services,15,20,1,1,2026-04-22,2026-04-22,,,0
Canada federal,Canada,*80141500 *80171501,*Market research *Polling and survey and public opinion monitoring and analysis,Other,*Market research *Polling and survey and public opinion monitoring and analysis,15,20,1,1,2024-11-05,2024-11-05,,,0
Canada federal,Canada,*81112106 *81112218 *81161501,*Application service providers *Network application software maintenance *Software application administration service,Other,*Application service providers *Network application software maintenance *Software application administration service,15,20,1,1,2023-08-22,2023-08-22,,,0
France,France,71336000,"Audit,Assistance à maîtrise d'ouvrage,Assistance technique",Other,Services,15,20,1,1,2025-06-08,2025-06-08,,,0
France,France,"19,347,21","Assistance technique,Transport,Audit",Other,Services,15,20,1,1,2026-01-22,2026-01-22,,,0
France,France,79412000,"Audit,Formation,Prestations de services",Other,Services,15,20,1,1,2024-07-06,2024-07-06,,,0
Canada federal,Canada,*78131603,*Furniture storage,Other,*Furniture storage,15,20,1,1,2024-09-10,2024-09-10,,,0
Canada federal,Canada,*43232801,*Network monitoring software,Other,*Network monitoring software,15,20,1,1,2023-08-25,2023-08-25,,,0
Canada federal,Canada,*43200000 *43210000 *43211600 *43220000 *43221500 *43222800 *43222900 *45111901 *52161500 *52161514 *52161600,*Components for information technology or broadcasting or telecommunications *Computer Equipment and Accessories *Computer accessories *Data Voice or Multimedia Network Equipment or Platforms and Accessories *Call management systems or accessories *Telephony equipment *Telephony equipment accessories *Audioconferencing systems *Audio and visual equipment *Headphones *Audio visual equipment accessories,Other,*Components for information technology or broadcasting or telecommunications *Computer Equipment and Accessories *Computer accessories *Data Voice or Multimedia Network Equipment or Platforms and Accessories *Call management systems or accessories *Telephony equipment *Telephony equipment accessories *Audioconferencing systems *Audio and visual equipment *Headphones *Audio visual equipment accessories,15,20,1,1,2025-03-21,2025-03-21,,,0
Canada federal,Canada,*72101500 *72102801 *72110000 *72120000 *72121100 *72121400 *72130000 *72140000,*Building maintenance and repair services *Renovation of buildings or landmarks or monuments *Residential building construction services *Nonresidential building construction services *Commercial and office building construction services *Specialized public building construction services *General building construction *Heavy construction services,Other,*Building maintenance and repair services *Renovation of buildings or landmarks or monuments *Residential building construction services *Nonresidential building construction services *Commercial and office building construction services *Specialized public building construction services *General building construction *Heavy construction services,15,20,1,1,2026-06-19,2026-06-19,,,0
Canada federal,Canada,*26110000 *26111700 *41111724,*Batteries and generators and kinetic power transmission *Batteries and cells and accessories *Scanning probe microscopes,Other,*Batteries and generators and kinetic power transmission *Batteries and cells and accessories *Scanning probe microscopes,15,20,1,1,2023-10-25,2023-10-25,,,0
Canada federal,Canada,*30190000 *30191700 *72101513 *72121100 *72121101 *72140000 *72141122 *72141200,*Construction and maintenance support equipment *Construction sheds and trailers *Offsite construction service *Commercial and office building construction services *Commercial and office building new construction service *Heavy construction services *Electric power line construction service *Marine construction services,Other,*Construction and maintenance support equipment *Construction sheds and trailers *Offsite construction service *Commercial and office building construction services *Commercial and office building new construction service *Heavy construction services *Electric power line construction service *Marine construction services,15,20,1,1,2025-09-09,2025-09-09,,,0
Canada federal,Canada,*86101507 *86101604 *86132100 *86132201,"*Fishery vocational training services *Biology vocational training services *Training planning, facilitation and delivery services *Training workshop service",Other,"*Fishery vocational training services *Biology vocational training services *Training planning, facilitation and delivery services *Training workshop service",15,20,1,1,2025-12-23,2025-12-23,,,0
Canada federal,Canada,*77101500 *77121504 *77121606 *80141500,*Environmental impact assessment *Air pollution monitoring or measurement services *Soil pollution measurement or monitoring *Market research,Other,*Environmental impact assessment *Air pollution monitoring or measurement services *Soil pollution measurement or monitoring *Market research,15,20,1,1,2025-11-06,2025-11-06,,,0
Canada federal,Canada,*43231505 *80110000,*Human resources software *Human resources services,Other,*Human resources software *Human resources services,15,20,1,1,2025-11-13,2025-11-13,,,0
Canada federal,Canada,*80101504 *80101600 *80141500 *80141600 *80171902 *81121500 *84121703,*Strategic planning consultation services *Project management *Market research *Sales and business promotion activities *Investor and shareholder relations consultation and engagement *Economic analysis *Investment analysis,Other,*Strategic planning consultation services *Project management *Market research *Sales and business promotion activities *Investor and shareholder relations consultation and engagement *Economic analysis *Investment analysis,15,20,1,1,2026-04-20,2026-04-20,,,0
Canada federal,Canada,*78131804 *80161508,*Document storage services *Document destruction services,Other,*Document storage services *Document destruction services,15,20,1,1,2025-05-29,2025-05-29,,,0
Canada federal,Canada,*12131804 *20141700 *24111808 *72151509 *78131701 *78131803 *81101516 *81101900,*High energy propellants *Offshore production and storage platforms *Fuel storage tanks *Energy management controls installation service *In ground storage services *Hazardous materials storage *Energy or utility consulting service *Oil and gas engineering,Other,*High energy propellants *Offshore production and storage platforms *Fuel storage tanks *Energy management controls installation service *In ground storage services *Hazardous materials storage *Energy or utility consulting service *Oil and gas engineering,15,20,1,1,2024-03-21,2024-03-21,,,0
Canada federal,Canada,*83112200 *86100000 *86132100,"*Enhanced telecommunications services *Vocational training *Training planning, facilitation and delivery services",Other,"*Enhanced telecommunications services *Vocational training *Training planning, facilitation and delivery services",15,20,1,1,2026-06-04,2026-06-04,,,0
United Kingdom,United Kingdom,30233310,Fingerprint readers,Other,Fingerprint readers,15,20,1,1,2024-12-23,2024-12-23,,,0
Canada federal,Canada,*43232400 *80101600 *80161500,*Development software *Project management *Management support services,Other,*Development software *Project management *Management support services,15,20,1,1,2025-10-15,2025-10-15,,,0
Ireland,Ireland,33192300.0,Medical furniture except beds and tables.,Other,Medical furniture except beds and tables.,15,20,1,1,2023-09-25,2023-09-25,,,0
Canada federal,Canada,*31160000 *43222500 *43222609,*Hardware *Network security equipment *Network routers,Other,*Hardware *Network security equipment *Network routers,15,20,1,1,2026-02-26,2026-02-26,,,0
Ireland,Ireland,79612000.0,Placement services of office-support personnel.,Other,Placement services of office-support personnel.,15,20,1,1,2024-12-24,2024-12-24,400000.0,,0
United Kingdom,United Kingdom,79999000,Scanning and invoicing services,Other,Scanning and invoicing services,15,20,1,1,2024-09-09,2024-09-09,,,0
Canada federal,Canada,*43222500 *43233200 *72151700,*Network security equipment *Security and protection software *Safety and security system installation services,Other,*Network security equipment *Security and protection software *Safety and security system installation services,15,20,1,1,2025-07-03,2025-07-03,,,0
Canada federal,Canada,*56112100 *56112300,*Seating *Auditorium or stadium or special use seating parts and accessories,Other,*Seating *Auditorium or stadium or special use seating parts and accessories,15,20,1,1,2024-09-05,2024-09-05,,,0
Canada federal,Canada,*72121102 *80131505 *95141700,*Commercial and office building prefabricated erection service *Portable or modular office rental service *Prefabricated commercial and industrial buildings and structures,Other,*Commercial and office building prefabricated erection service *Portable or modular office rental service *Prefabricated commercial and industrial buildings and structures,15,20,1,1,2024-05-15,2024-05-15,,,0
Ireland,Ireland,80560000.0,Health and first-aid training services.,Other,Health and first-aid training services.,15,20,1,1,2025-06-06,2025-06-06,350000.0,,0
Canada federal,Canada,*86101609,*Industrial vocational training services,Other,*Industrial vocational training services,15,20,1,1,2024-01-31,2024-01-31,,,0
Canada federal,Canada,*42251700,*Gait training products,Other,*Gait training products,15,20,1,1,2024-04-29,2024-04-29,,,0
Canada federal,Canada,*43201814 *43212200,*Electronic media or data duplicating equipment *Computer data storage management systems,Other,*Electronic media or data duplicating equipment *Computer data storage management systems,15,20,1,1,2023-10-31,2023-10-31,,,0
Canada federal,Canada,*23180000 *43230000 *48100000 *85150000 *85151700 *90100000 *90101700 *90101800,*Industrial food and beverage equipment *Software *Institutional food services equipment *Food and nutrition services *Food policy planning and aid *Restaurants and catering *Cafeteria services *Carryout and takeaway services,Other,*Industrial food and beverage equipment *Software *Institutional food services equipment *Food and nutrition services *Food policy planning and aid *Restaurants and catering *Cafeteria services *Carryout and takeaway services,15,20,1,1,2023-08-04,2023-08-04,,,0
Canada federal,Canada,*71112300 *81112001 *81112002,*Seismic services *Online data processing service *Data processing or preparation services,Other,*Seismic services *Online data processing service *Data processing or preparation services,15,20,1,1,2024-10-09,2024-10-09,,,0
Canada federal,Canada,*43232609,*Library software,Other,*Library software,15,20,1,1,2025-05-29,2025-05-29,,,0
Canada federal,Canada,*32130000 *39110000,*Electronic hardware and component parts and accessories *Lighting Fixtures and Accessories,Other,*Electronic hardware and component parts and accessories *Lighting Fixtures and Accessories,15,20,1,1,2025-03-11,2025-03-11,,,0
Canada federal,Canada,*81101516 *81151501 *81151502 *81151804,*Energy or utility consulting service *Climatology *Meteorological services *Hydrological surveys,Other,*Energy or utility consulting service *Climatology *Meteorological services *Hydrological surveys,15,20,1,1,2025-09-12,2025-09-12,,,0
Canada federal,Canada,*77102003 *84111600,*Safety compliance or accident reporting service *Audit services,Other,*Safety compliance or accident reporting service *Audit services,15,20,1,1,2025-12-01,2025-12-01,,,0
Canada federal,Canada,*80101508 *81111901 *81111902 *81162302,*Business intelligence consulting services *Database information retrieval *Online database information retrieval service *Data analytics process as a service,Other,*Business intelligence consulting services *Database information retrieval *Online database information retrieval service *Data analytics process as a service,15,20,1,1,2024-06-18,2024-06-18,,,0
Canada federal,Canada,*43232201 *43232300 *43232304,*Content workflow software *Data management and query software *Data base management system software,Other,*Content workflow software *Data management and query software *Data base management system software,15,20,1,1,2025-11-07,2025-11-07,,,0
Canada federal,Canada,*43232300 *43232304 *43232309 *81111900 *81111901 *81111902,*Data management and query software *Data base management system software *Information retrieval or search software *Information retrieval systems *Database information retrieval *Online database information retrieval service,Other,*Data management and query software *Data base management system software *Information retrieval or search software *Information retrieval systems *Database information retrieval *Online database information retrieval service,15,20,1,1,2026-03-17,2026-03-17,,,0
Canada federal,Canada,*71150000 *80141500 *81101900 *83101600,*Oil and gas data management and processing services *Market research *Oil and gas engineering *Oil and gas utilities,Other,*Oil and gas data management and processing services *Market research *Oil and gas engineering *Oil and gas utilities,15,20,1,1,2025-07-17,2025-07-17,,,0
Canada federal,Canada,*86100000 *86101508 *86101509 *86101600 *86101602 *86101610,*Vocational training *Environmental vocational training services *Natural resources vocational training services *Scientific vocational training services *Energy related vocational training services *Engineering vocational training services,Other,*Vocational training *Environmental vocational training services *Natural resources vocational training services *Scientific vocational training services *Energy related vocational training services *Engineering vocational training services,15,20,1,1,2025-05-21,2025-05-21,,,0
Canada federal,Canada,*81162308 *86100000 *86132201,*Training process as a service *Vocational training *Training workshop service,Other,*Training process as a service *Vocational training *Training workshop service,15,20,1,1,2024-12-19,2024-12-19,,,0
Canada federal,Canada,*81112000 *81112002 *81112010,*Data services *Data processing or preparation services *Data conversion service,Other,*Data services *Data processing or preparation services *Data conversion service,15,20,1,1,2024-07-31,2024-07-31,,,0
Canada federal,Canada,*N7520,*Office Devices and Accessories,Other,*Office Devices and Accessories,15,20,1,1,2025-02-28,2025-02-28,,,0
Canada federal,Canada,*84111500 *84111603,*Accounting services *Internal audits,Other,*Accounting services *Internal audits,15,20,1,1,2025-10-21,2025-10-21,,,0
Canada federal,Canada,*N7025134,"*Scanners, Document",Other,"*Scanners, Document",15,20,1,1,2026-01-14,2026-01-14,,,0
Canada federal,Canada,*80101507 *80161604 *81110000,*Information technology consultation services *Information technology IT management services *Computer services,Other,*Information technology consultation services *Information technology IT management services *Computer services,15,20,1,1,2024-11-22,2024-11-22,,,0
Canada federal,Canada,*56122000 *56122001,*Laboratory furniture *Laboratory benches,Other,*Laboratory furniture *Laboratory benches,15,20,1,1,2025-06-06,2025-06-06,,,0
Canada federal,Canada,*81112002,*Data processing or preparation services,Other,*Data processing or preparation services,15,20,1,1,2026-07-21,2026-07-21,,,0
Canada federal,Canada,*41113800 *73152103 *81000000 *81101514,*Geophysical and geotechnical instruments *Engineering equipment maintenance services *Engineering and Research and Technology Based Services *Geotechnical or geoseismic engineering,Other,*Geophysical and geotechnical instruments *Engineering equipment maintenance services *Engineering and Research and Technology Based Services *Geotechnical or geoseismic engineering,15,20,1,1,2025-10-06,2025-10-06,,,0
Canada federal,Canada,*56101500 *56101602 *56101603,*Furniture *Outdoor chairs *Outdoor tables or picnic tables,Other,*Furniture *Outdoor chairs *Outdoor tables or picnic tables,15,20,1,1,2025-12-03,2025-12-03,,,0
Canada federal,Canada,*86100000 *86101610,*Vocational training *Engineering vocational training services,Other,*Vocational training *Engineering vocational training services,15,20,1,1,2026-02-04,2026-02-04,,,0
Canada federal,Canada,*43231501,*Helpdesk or call center software,Other,*Helpdesk or call center software,15,20,1,1,2023-09-01,2023-09-01,,,0
Canada federal,Canada,*46191500 *78141600 *81141805 *92101603,*Fire prevention *Inspection *Building inspection service *Fire prevention services,Other,*Fire prevention *Inspection *Building inspection service *Fire prevention services,15,20,1,1,2024-10-03,2024-10-03,,,0
Canada federal,Canada,*43232605 *81160000,*Analytical or scientific software *Information Technology Service Delivery,Other,*Analytical or scientific software *Information Technology Service Delivery,15,20,1,1,2025-11-25,2025-11-25,,,0
Ireland,Ireland,51611100.0,Hardware installation services.,Other,Hardware installation services.,15,20,1,1,2025-12-19,2025-12-19,90000.0,,0
Canada federal,Canada,*72102200 *72121100 *72121101 *72141200,*Electrical services *Commercial and office building construction services *Commercial and office building new construction service *Marine construction services,Other,*Electrical services *Commercial and office building construction services *Commercial and office building new construction service *Marine construction services,15,20,1,1,2025-07-16,2025-07-16,,,0
Ireland,Ireland,34962230.0,Air-traffic control training.,Other,Air-traffic control training.,15,20,1,1,2025-05-23,2025-05-23,200000.0,,0
Ireland,Ireland,79341400.0,Advertising campaign services.,Other,Advertising campaign services.,15,20,1,1,2024-04-17,2024-04-17,,,0
Canada federal,Canada,*86101507 *86101604 *86132201,*Fishery vocational training services *Biology vocational training services *Training workshop service,Other,*Fishery vocational training services *Biology vocational training services *Training workshop service,15,20,1,1,2025-12-23,2025-12-23,,,0
United Kingdom,United Kingdom,39144000,Bathroom furniture,Other,Bathroom furniture,15,20,1,1,2025-05-09,2025-05-09,,,0
France,France,"21,66","Audit,Restauration collective",Other,Services,15,20,1,1,2024-06-20,2024-06-20,,,0
Canada federal,Canada,*39112000 *72101518 *72141702 *78141900 *80131505 *80131506,*Portable and Temporary Lighting and accessories *Portable generator rental service *Construction equipment rental or leasing service *Transport container rental services *Portable or modular office rental service *Portable toilet rental service,Other,*Portable and Temporary Lighting and accessories *Portable generator rental service *Construction equipment rental or leasing service *Transport container rental services *Portable or modular office rental service *Portable toilet rental service,15,20,1,1,2026-04-24,2026-04-24,,,0
France,France,"308,19,21,234","Revêtements de sols,Assistance technique,Audit,Mission d'ordonnancement, pilotage, coordination (OPC)",Other,Services,15,20,1,1,2025-04-02,2025-04-02,,,0
Canada federal,Canada,*81112208 *83120000,*Security and protection software maintenance *Information services,Other,*Security and protection software maintenance *Information services,15,20,1,1,2024-11-06,2024-11-06,,,0
Canada federal,Canada,*86132000 *86132100,"*Management education and training services *Training planning, facilitation and delivery services",Other,"*Management education and training services *Training planning, facilitation and delivery services",15,20,1,1,2025-12-12,2025-12-12,,,0
Canada federal,Canada,*80101508 *80160000,*Business intelligence consulting services *Business administration services,Other,*Business intelligence consulting services *Business administration services,15,20,1,1,2024-01-29,2024-01-29,,,0
France,France,79311200,Audit,Other,Services,15,20,1,1,2025-12-19,2025-12-19,,,0
France,France,71312000,Audit,Other,Services,15,20,1,1,2026-07-15,2026-07-15,,,0
France,France,"20,21,433","Assurance,Audit,Assistance à maîtrise d'ouvrage",Other,Services,15,20,1,1,2023-10-20,2023-10-20,,,0
France,France,"163,453,21","Informatique (prestations de services),Informatique (assistance),Audit",Other,Services,15,20,1,1,2024-08-27,2024-08-27,,,0
France,France,"19,21,275,347,434","Assistance technique,Audit,Produits chimiques,Transport,Assistance juridique",Other,Services,15,20,1,1,2024-03-09,2024-03-09,,,0
France,France,71000000,"Audit,Prestations de services",Other,Services,15,20,1,1,2026-06-15,2026-06-15,,,0
United Kingdom,United Kingdom,92111210,Advertising film production,Other,Advertising film production,15,20,1,1,2023-12-14,2023-12-14,,,0
France,France,"9,116,21","Animaux,Espaces verts,Audit",Other,Services,15,20,1,1,2025-12-11,2025-12-11,,,0
France,France,71700000,"Matériel électrique,Chauffage (matériel),Audit",Other,Services,15,20,1,1,2026-05-06,2026-05-06,,,0
Canada federal,Canada,*85110000,*Disease prevention and control,Other,*Disease prevention and control,15,20,1,1,2023-09-14,2023-09-14,,,0
Canada federal,Canada,*81111508 *81111600,*Application implementation services *Computer programmers,Other,*Application implementation services *Computer programmers,15,20,1,1,2025-10-08,2025-10-08,,,0
Canada federal,Canada,*43220000 *43222500 *43230000 *43231500 *43232700 *43232800 *43233200 *81160000 *81161500,*Data Voice or Multimedia Network Equipment or Platforms and Accessories *Network security equipment *Software *Business function specific software *Network applications software *Network management software *Security and protection software *Information Technology Service Delivery *Access management services,Other,*Data Voice or Multimedia Network Equipment or Platforms and Accessories *Network security equipment *Software *Business function specific software *Network applications software *Network management software *Security and protection software *Information Technology Service Delivery *Access management services,15,20,1,1,2025-08-22,2025-08-22,,,0
Canada federal,Canada,*72110000 *72121103 *72130000 *72131500 *72131501 *72153605 *72153611,*Residential building construction services *Commercial and office building renovation and repair service *General building construction *Residential construction *Apartment construction *Kitchen and bathroom remodeling service *Kitchen cabinet installation service,Other,*Residential building construction services *Commercial and office building renovation and repair service *General building construction *Residential construction *Apartment construction *Kitchen and bathroom remodeling service *Kitchen cabinet installation service,15,20,1,1,2025-12-03,2025-12-03,,,0
Canada federal,Canada,*80101508 *80111614 *80151605 *81100000 *81101508 *81101515 *81101516 *81101800 *81101802 *81102502,*Business intelligence consulting services *Temporary engineering services *Customs consulting service *Professional engineering services *Architectural engineering *Plant or facility infrastructure engineering *Energy or utility consulting service *Chemical engineering *Chemical process engineering service *Building consent and permit engineering peer review service,Other,*Business intelligence consulting services *Temporary engineering services *Customs consulting service *Professional engineering services *Architectural engineering *Plant or facility infrastructure engineering *Energy or utility consulting service *Chemical engineering *Chemical process engineering service *Building consent and permit engineering peer review service,15,20,1,1,2024-12-03,2024-12-03,,,0
Canada federal,Canada,*80100000 *80101512 *80111502 *80160000 *84131701,*Management advisory services *Actuarial consulting services *Compensation or benefits planning *Business administration services *Employer administered pension funds,Other,*Management advisory services *Actuarial consulting services *Compensation or benefits planning *Business administration services *Employer administered pension funds,15,20,1,1,2025-02-21,2025-02-21,,,0
Canada federal,Canada,*25173900 *26120000 *26121500 *26121600 *39120000 *39121300 *39121400 *39121500 *39121700,*Electrical components *Electrical wire and cable and harness *Electrical wire *Electrical cable and accessories *Electrical equipment and components and supplies *Electrical boxes and enclosures and fittings and accessories *Electrical lugs plugs and connectors *Electrical controls and accessories *Electrical hardware and supplies,Other,*Electrical components *Electrical wire and cable and harness *Electrical wire *Electrical cable and accessories *Electrical equipment and components and supplies *Electrical boxes and enclosures and fittings and accessories *Electrical lugs plugs and connectors *Electrical controls and accessories *Electrical hardware and supplies,15,20,1,1,2025-07-31,2025-07-31,,,0
Canada federal,Canada,*22101900 *30190000 *72121100 *72130000 *72151200 *72151201 *72151205 *72151207,*Building construction machinery and accessories *Construction and maintenance support equipment *Commercial and office building construction services *General building construction *Heating and cooling and air conditioning HVAC construction and maintenance services *HVAC mechanical construction service *HVAC refrigeration construction service *Heating and cooling and air conditioning HVAC installation and maintenance service,Other,*Building construction machinery and accessories *Construction and maintenance support equipment *Commercial and office building construction services *General building construction *Heating and cooling and air conditioning HVAC construction and maintenance services *HVAC mechanical construction service *HVAC refrigeration construction service *Heating and cooling and air conditioning HVAC installation and maintenance service,15,20,1,1,2025-09-26,2025-09-26,,,0
Canada federal,Canada,*26120000 *26121500 *26121600 *30102802 *30110000 *30111500 *30130000 *30190000 *41114500 *72100000 *72101500 *72101507 *72101510 *72102300 *72102801 *72121103 *72151200 *72151201 *72151202 *72151204,*Electrical wire and cable and harness *Electrical wire *Electrical cable and accessories *Concrete pilings *Concrete and cement and plaster *Concrete and mortars *Structural building products *Construction and maintenance support equipment *Mechanical instruments *Building and facility maintenance and repair services *Building maintenance and repair services *Building maintenance service *Plumbing system maintenance or repair *Plumbing and heating and air conditioning *Renovation of buildings or landmarks or monuments *Commercial and office building renovation and repair service *Heating and cooling and air conditioning HVAC construction and maintenance services *HVAC mechanical construction service *HVAC process piping construction service *HVAC ventilation and duct work construction service,Other,*Electrical wire and cable and harness *Electrical wire *Electrical cable and accessories *Concrete pilings *Concrete and cement and plaster *Concrete and mortars *Structural building products *Construction and maintenance support equipment *Mechanical instruments *Building and facility maintenance and repair services *Building maintenance and repair services *Building maintenance service *Plumbing system maintenance or repair *Plumbing and heating and air conditioning *Renovation of buildings or landmarks or monuments *Commercial and office building renovation and repair service *Heating and cooling and air conditioning HVAC construction and maintenance services *HVAC mechanical construction service *HVAC process piping construction service *HVAC ventilation and duct work construction service,15,20,1,1,2024-07-03,2024-07-03,,,0
Canada federal,Canada,*43201546 *43221506 *43233503 *45111901 *45111902 *56101706 *81112207 *81161711,*Audio conferencing boards *Teleconferencing console *Network conferencing software *Audioconferencing systems *Videoconferencing systems *Conferencing tables *Video conferencing software maintenance *Videoconferencing service,Other,*Audio conferencing boards *Teleconferencing console *Network conferencing software *Audioconferencing systems *Videoconferencing systems *Conferencing tables *Video conferencing software maintenance *Videoconferencing service,15,20,1,1,2025-01-27,2025-01-27,,,0
Canada federal,Canada,*80101511 *92110000,*Human resources consulting service *Military services and national defense,Other,*Human resources consulting service *Military services and national defense,15,20,1,1,2026-06-08,2026-06-08,,,0
Canada federal,Canada,*25201703 *41115200 *43211710 *46170000 *46171600 *92111700,*Aircraft countermeasures *Radar and sonar systems and components *Radio frequency identification devices *Security surveillance and detection *Surveillance and detection equipment *Military science and research,Other,*Aircraft countermeasures *Radar and sonar systems and components *Radio frequency identification devices *Security surveillance and detection *Surveillance and detection equipment *Military science and research,15,20,1,1,2026-03-26,2026-03-26,,,0
Canada federal,Canada,*80101600 *80160000 *81110000 *81111800,*Project management *Business administration services *Computer services *System and system component administration services,Other,*Project management *Business administration services *Computer services *System and system component administration services,15,20,1,1,2025-05-01,2025-05-01,,,0
Canada federal,Canada,*56100000 *56111802 *56112106 *56112200 *56112204,*Accommodation furniture *Freestanding tables *Stool seating *Desking systems *Worksurfaces,Other,*Accommodation furniture *Freestanding tables *Stool seating *Desking systems *Worksurfaces,15,20,1,1,2024-02-28,2024-02-28,,,0
Canada federal,Canada,*44102101 *44102106 *44102108 *44102109,*Franking or postage machines *Letter folders *Mail machine accessories *Automatic postal or mailing machine,Other,*Franking or postage machines *Letter folders *Mail machine accessories *Automatic postal or mailing machine,15,20,1,1,2024-11-07,2024-11-07,,,0
Canada federal,Canada,*72121101 *72141510,*Commercial and office building new construction service *Demolition services,Other,*Commercial and office building new construction service *Demolition services,15,20,1,1,2026-02-04,2026-02-04,,,0
Canada federal,Canada,*86101500,*Agriculture and forestry and other natural resources training services,Other,*Agriculture and forestry and other natural resources training services,15,20,1,1,2026-04-16,2026-04-16,,,0
Canada federal,Canada,*56101702 *56101703 *56101706 *56101711 *56112204,*Filing cabinets or accessories *Desks *Conferencing tables *Modular furniture connectors *Worksurfaces,Other,*Filing cabinets or accessories *Desks *Conferencing tables *Modular furniture connectors *Worksurfaces,15,20,1,1,2026-05-06,2026-05-06,,,0
Ireland,Ireland,22471000.0,Computer manuals.,Other,Computer manuals.,15,20,1,1,2026-01-20,2026-01-20,500000.0,,0
Ireland,Ireland,30131000.0,Mailroom equipment.,Other,Mailroom equipment.,15,20,1,1,2025-09-25,2025-09-25,500000.0,,0
Ireland,Ireland,80512000.0,Dog training services.,Other,Dog training services.,15,20,1,1,2025-07-30,2025-07-30,,,0
France,France,"455,274,181,19,453,251,21,108,237,163,234,433,345,97,86,279,197","Ingénierie,Prestations de services,Laboratoire (fourniture),Assistance technique,Informatique (assistance),Outillage,Audit,Electroménager,Manutention,Informatique (prestations de services),Mission d'ordonnancement, pilotage, coordination (OPC),Assistance à maîtrise d'ouvrage,Tous corps d'état,Dématérialisation,Déménagement,Produits des industries diverses,Maîtrise d'oeuvre",Other,Services,15,20,1,1,2024-10-20,2024-10-20,,,0
France,France,79410000,"Audit,Prestations de services",Other,Services,15,20,1,1,2025-06-18,2025-06-18,,,0
France,France,71241000,"Audit,Ingénierie",Other,Services,15,20,1,1,2024-12-20,2024-12-20,,,0
France,France,71222100,"Prestations de services,Abris,Espaces verts,Végétaux,Audit,Animaux",Other,Services,15,20,1,1,2025-04-28,2025-04-28,,,0
France,France,79311100,Audit,Other,Services,15,20,1,1,2025-10-07,2025-10-07,,,0
France,France,71000000,"Assistance technique,Audit,Contrôle technique,Maîtrise d'oeuvre,Tous corps d'état",Other,Services,15,20,1,1,2023-12-20,2023-12-20,,,0
France,France,71600000,"Audit,Prestations de services",Other,Services,15,20,1,1,2023-12-19,2023-12-19,,,0
France,France,45111220,"Espaces verts,Travaux forestiers,Audit",Other,Travaux,15,20,1,1,2024-02-19,2024-02-19,,,0
France,France,79212000,"Assistance technique,Assistance juridique,Audit",Other,Services,15,20,1,1,2024-04-03,2024-04-03,,,0
France,France,75251110,"Audit,Matériel de secours et d'incendie",Other,Services,15,20,1,1,2024-05-16,2024-05-16,,,0
France,France,"433,434,19,21","Assistance à maîtrise d'ouvrage,Assistance juridique,Assistance technique,Audit",Other,Services,15,20,1,1,2024-08-05,2024-08-05,,,0
France,France,79419000,"Prestations de services,Audit",Other,Services,15,20,1,1,2024-10-09,2024-10-09,,,0
United Kingdom,United Kingdom,30237200,Computer accessories,Other,Computer accessories,15,20,1,1,2025-05-01,2025-05-01,,,0
Canada federal,Canada,*32130000 *45111720,*Electronic hardware and component parts and accessories *Audio spectrum analyzer,Other,*Electronic hardware and component parts and accessories *Audio spectrum analyzer,15,20,1,1,2026-01-20,2026-01-20,,,0
Canada federal,Canada,*72121103 *72121400,*Commercial and office building renovation and repair service *Specialized public building construction services,Other,*Commercial and office building renovation and repair service *Specialized public building construction services,15,20,1,1,2026-05-22,2026-05-22,,,0
Canada federal,Canada,*22102000 *56101900 *56121900 *72101700 *72102902 *72103000 *72103003 *72130000 *72141510 *72152700 *72153900,*Building demolition machinery and equipment *General furniture parts and accessories *Demonstration furnishings *Concrete work *Landscaping services *Site preparation services *Demolition services *General building construction *Demolition services *Concrete installation and repair services *Building site preparation services,Other,*Building demolition machinery and equipment *General furniture parts and accessories *Demonstration furnishings *Concrete work *Landscaping services *Site preparation services *Demolition services *General building construction *Demolition services *Concrete installation and repair services *Building site preparation services,15,20,1,1,2025-04-08,2025-04-08,,,0
Canada federal,Canada,*81162308 *86132204,*Training process as a service *Curriculum development service,Other,*Training process as a service *Curriculum development service,15,20,1,1,2024-11-06,2024-11-06,,,0
Canada federal,Canada,*31162800,*Miscellaneous hardware,Other,*Miscellaneous hardware,15,20,1,1,2025-06-13,2025-06-13,,,0
Canada federal,Canada,*13100000 *24101700 *25111900 *27110000 *31151700 *31160000 *31161500 *31161600 *31161900 *31171500 *31180000 *31200000 *31201600 *31400000 *39121400 *39121700 *39122200 *40141600 *40142000 *40170000 *41104900 *41112400,*Rubber and elastomers *Conveyors and accessories *Marine craft systems and subassemblies *Hand tools *Mechanical cable *Hardware *Screws *Bolts *Springs *Bearings *Packings glands boots and covers *Adhesives and sealants *Adhesives *Gaskets *Electrical lugs plugs and connectors *Electrical hardware and supplies *Electrical switches and accessories *Valves *Hoses *Pipe piping and pipe fittings *Laboratory filtering equipment and supplies *Pressure measuring and control instruments,Other,*Rubber and elastomers *Conveyors and accessories *Marine craft systems and subassemblies *Hand tools *Mechanical cable *Hardware *Screws *Bolts *Springs *Bearings *Packings glands boots and covers *Adhesives and sealants *Adhesives *Gaskets *Electrical lugs plugs and connectors *Electrical hardware and supplies *Electrical switches and accessories *Valves *Hoses *Pipe piping and pipe fittings *Laboratory filtering equipment and supplies *Pressure measuring and control instruments,15,20,1,1,2026-07-29,2026-07-29,,,0
Canada federal,Canada,*43232903 *81161712,*Contact center software *Network voice service,Other,*Contact center software *Network voice service,15,20,1,1,2023-08-29,2023-08-29,,,0
Canada federal,Canada,*43230000 *43232300,*Software *Data management and query software,Other,*Software *Data management and query software,15,20,1,1,2023-08-21,2023-08-21,,,0
Canada federal,Canada,*N7025 *U009AA,*ADP Input-Output and Storage Devices *Educational Services - ADP Training,Other,*ADP Input-Output and Storage Devices *Educational Services - ADP Training,15,20,1,1,2026-02-19,2026-02-19,,,0
Canada federal,Canada,*44120000 *53131615 *72100000,*Office supplies *Feminine hygiene products *Building and facility maintenance and repair services,Other,*Office supplies *Feminine hygiene products *Building and facility maintenance and repair services,15,20,1,1,2023-12-04,2023-12-04,,,0
Canada federal,Canada,*80101604 *86131800 *86132000 *86132100 *86132209,"*Project administration or planning *Military education *Management education and training services *Training planning, facilitation and delivery services *Educational administration service",Other,"*Project administration or planning *Military education *Management education and training services *Training planning, facilitation and delivery services *Educational administration service",15,20,1,1,2024-04-25,2024-04-25,,,0
Canada federal,Canada,*76130000 *77130000 *86101709 *86132100,"*Toxic and hazardous waste cleanup *Pollutants tracking and monitoring and rehabilitation services *Safety training services *Training planning, facilitation and delivery services",Other,"*Toxic and hazardous waste cleanup *Pollutants tracking and monitoring and rehabilitation services *Safety training services *Training planning, facilitation and delivery services",15,20,1,1,2024-12-18,2024-12-18,,,0
Canada federal,Canada,*56101522 *56101706 *56101720 *56111601 *56112106 *56112204 *56121006 *56121507,*Arm chair *Conferencing tables *Office or work chair *Screens for panel systems *Stool seating *Worksurfaces *Upholstered benches *Study carrels,Other,*Arm chair *Conferencing tables *Office or work chair *Screens for panel systems *Stool seating *Worksurfaces *Upholstered benches *Study carrels,15,20,1,1,2024-12-17,2024-12-17,,,0
Canada federal,Canada,*82000000 *83120000 *86000000 *90150000 *91000000,*Editorial and Design and Graphic and Fine Art Services *Information services *Education and Training Services *Entertainment services *Personal and Domestic Services,Other,*Editorial and Design and Graphic and Fine Art Services *Information services *Education and Training Services *Entertainment services *Personal and Domestic Services,15,20,1,1,2025-08-28,2025-08-28,,,0
France,France,71600000,Audit,Other,Services,15,20,1,1,2023-12-15,2023-12-15,,,0
France,France,71200000,Audit,Other,Services,15,20,1,1,2023-12-21,2023-12-21,,,0
Canada federal,Canada,*72101601 *72121100,*Roofing installation or repair *Commercial and office building construction services,Other,*Roofing installation or repair *Commercial and office building construction services,15,20,1,1,2025-08-27,2025-08-27,,,0
Canada federal,Canada,*81111504 *81111600,*Application programming services *Computer programmers,Other,*Application programming services *Computer programmers,15,20,1,1,2023-08-11,2023-08-11,,,0
France,France,79212000,"Audit,Informatique (prestations de services),Assistance à maîtrise d'ouvrage",Other,Services,15,20,1,1,2025-01-31,2025-01-31,,,0
France,France,"21,306","Audit,Réseaux divers",Other,Services,15,20,1,1,2025-09-04,2025-09-04,,,0
France,France,79212000,"Audit,Aire de jeux",Other,Services,15,20,1,1,2023-11-28,2023-11-28,,,0
France,France,79211100,"Audit,Expertise comptable",Other,Services,15,20,1,1,2025-06-24,2025-06-24,,,0
France,France,71315200,"Audit,Bâtiment",Other,Services,15,20,1,1,2024-01-30,2024-01-30,,,0
France,France,79212000,"Prestations de services,Audit",Other,Services,15,20,1,1,2024-06-26,2024-06-26,,,0
France,France,79212000,"Audit,Contrôle d'accès,Prestations de services",Other,Services,15,20,1,1,2026-03-20,2026-03-20,,,0
Canada federal,Canada,*80111500 *80111501 *80111504,*Human resource development *Management development *Labor training or development,Other,*Human resource development *Management development *Labor training or development,15,20,1,1,2025-02-25,2025-02-25,,,0
Canada federal,Canada,*43230000 *43231500 *43232600 *43233000 *43233200,*Software *Business function specific software *Industry specific software *Operating environment software *Security and protection software,Other,*Software *Business function specific software *Industry specific software *Operating environment software *Security and protection software,15,20,1,1,2026-02-24,2026-02-24,,,0
Canada federal,Canada,*72121100 *76101602,*Commercial and office building construction services *Asbestos removal or encapsulation,Other,*Commercial and office building construction services *Asbestos removal or encapsulation,15,20,1,1,2025-01-14,2025-01-14,,,0
Canada federal,Canada,*80171803 *80172103,*Media training and coaching service *Change management communication and advisory service,Other,*Media training and coaching service *Change management communication and advisory service,15,20,1,1,2023-08-15,2023-08-15,,,0
Canada federal,Canada,*70101500 *70101601 *81102600,*Fisheries operations *Fishery information or documentation services *Sampling services,Other,*Fisheries operations *Fishery information or documentation services *Sampling services,15,20,1,1,2023-10-16,2023-10-16,,,0
Canada federal,Canada,*22100000 *22101900 *30111902 *72101513 *72121100 *72121101 *72130000 *72140000,*Heavy construction machinery and equipment *Building construction machinery and accessories *Construction expansion joint *Offsite construction service *Commercial and office building construction services *Commercial and office building new construction service *General building construction *Heavy construction services,Other,*Heavy construction machinery and equipment *Building construction machinery and accessories *Construction expansion joint *Offsite construction service *Commercial and office building construction services *Commercial and office building new construction service *General building construction *Heavy construction services,15,20,1,1,2025-09-17,2025-09-17,,,0
Canada federal,Canada,*25174100 *72100000 *72101520 *72101521 *72102801 *72121100 *72121103 *72130000,*Roof systems *Building and facility maintenance and repair services *Roof framing service *Building framing service *Renovation of buildings or landmarks or monuments *Commercial and office building construction services *Commercial and office building renovation and repair service *General building construction,Other,*Roof systems *Building and facility maintenance and repair services *Roof framing service *Building framing service *Renovation of buildings or landmarks or monuments *Commercial and office building construction services *Commercial and office building renovation and repair service *General building construction,15,20,1,1,2025-12-08,2025-12-08,,,0
Canada federal,Canada,*47121700 *47121702 *76121507,*Waste containers and accessories *Waste containers or rigid liners *Post event refuse collection and clean up service,Other,*Waste containers and accessories *Waste containers or rigid liners *Post event refuse collection and clean up service,15,20,1,1,2025-10-06,2025-10-06,,,0
Canada federal,Canada,*32130000 *39120000,*Electronic hardware and component parts and accessories *Electrical equipment and components and supplies,Other,*Electronic hardware and component parts and accessories *Electrical equipment and components and supplies,15,20,1,1,2025-02-16,2025-02-16,,,0
France,France,"163,21","Informatique (prestations de services),Audit",Other,Services,15,20,1,1,2025-07-29,2025-07-29,,,0
Canada federal,Canada,*43232902,*Communications server software,Other,*Communications server software,15,20,1,1,2023-08-30,2023-08-30,,,0
Canada federal,Canada,*46171619 *81112208 *92121700,*Security or access control systems *Security and protection software maintenance *Security systems services,Other,*Security or access control systems *Security and protection software maintenance *Security systems services,15,20,1,1,2026-06-01,2026-06-01,,,0
Canada federal,Canada,*25191500 *25201801,*Air transportation support systems and equipment *Flight computer systems,Other,*Air transportation support systems and equipment *Flight computer systems,15,20,1,1,2024-12-02,2024-12-02,,,0
Canada federal,Canada,*80101603 *84111502 *84111600,*Economic or financial evaluation of projects *Financial accounting service *Audit services,Other,*Economic or financial evaluation of projects *Financial accounting service *Audit services,15,20,1,1,2023-12-06,2023-12-06,,,0
Canada federal,Canada,*43233402 *81112010,*Data conversion software *Data conversion service,Other,*Data conversion software *Data conversion service,15,20,1,1,2026-01-21,2026-01-21,,,0
Canada federal,Canada,*80101508 *84121705 *86132212,*Business intelligence consulting services *Market data *Educational data collection service,Other,*Business intelligence consulting services *Market data *Educational data collection service,15,20,1,1,2026-01-28,2026-01-28,,,0
Canada federal,Canada,*81100000 *81110000 *81160000,*Professional engineering services *Computer services *Information Technology Service Delivery,Other,*Professional engineering services *Computer services *Information Technology Service Delivery,15,20,1,1,2024-02-06,2024-02-06,,,0
Canada federal,Canada,*80120000 *80121706 *80122000 *80161501,*Legal services *Employment law services *Legal review and inquiry services *Office administration or secretarial services,Other,*Legal services *Employment law services *Legal review and inquiry services *Office administration or secretarial services,15,20,1,1,2025-05-13,2025-05-13,,,0
Canada federal,Canada,*26140000 *31251600 *32130000 *39110000 *39121700 *39122200 *40183100,*Atomic and nuclear energy machinery and equipment *Robot components *Electronic hardware and component parts and accessories *Lighting Fixtures and Accessories *Electrical hardware and supplies *Electrical switches and accessories *Tube fittings,Other,*Atomic and nuclear energy machinery and equipment *Robot components *Electronic hardware and component parts and accessories *Lighting Fixtures and Accessories *Electrical hardware and supplies *Electrical switches and accessories *Tube fittings,15,20,1,1,2023-12-19,2023-12-19,,,0
Canada federal,Canada,*25111900 *26111700 *31400000 *32100000 *43191600 *43221721,*Marine craft systems and subassemblies *Batteries and cells and accessories *Gaskets *Printed circuits and integrated circuits and microassemblies *Personal communications device accessories or parts *Radio frequency data communication equipment,Other,*Marine craft systems and subassemblies *Batteries and cells and accessories *Gaskets *Printed circuits and integrated circuits and microassemblies *Personal communications device accessories or parts *Radio frequency data communication equipment,15,20,1,1,2025-11-04,2025-11-04,,,0
Canada federal,Canada,*25170000 *25172500 *25172900 *25173800 *31160000 *31400000 *39122200 *40141600 *41104900 *60120000,*Transportation components and systems *Tires and tire tubes *Exterior vehicle lighting *Drivetrain systems *Hardware *Gaskets *Electrical switches and accessories *Valves *Laboratory filtering equipment and supplies *Arts and crafts equipment and accessories and supplies,Other,*Transportation components and systems *Tires and tire tubes *Exterior vehicle lighting *Drivetrain systems *Hardware *Gaskets *Electrical switches and accessories *Valves *Laboratory filtering equipment and supplies *Arts and crafts equipment and accessories and supplies,15,20,1,1,2025-02-04,2025-02-04,,,0
Canada federal,Canada,*25170000 *25174000 *31160000 *31161500 *31400000 *32121700 *40161500,*Transportation components and systems *Engine coolant system *Hardware *Screws *Gaskets *Discrete components *Filters,Other,*Transportation components and systems *Engine coolant system *Hardware *Screws *Gaskets *Discrete components *Filters,15,20,1,1,2026-05-25,2026-05-25,,,0
Canada federal,Canada,*53102718,*Firefighter uniform,Other,*Firefighter uniform,15,20,1,1,2024-11-20,2024-11-20,,,0
Canada federal,Canada,*43201554,*Personal computer television PC TV tuners,Other,*Personal computer television PC TV tuners,15,20,1,1,2025-05-29,2025-05-29,,,0
Canada federal,Canada,*80101706 *81110000 *81111707 *81111808 *81160000,*Professional procurement services *Computer services *Systems planning services *System analysis service *Information Technology Service Delivery,Other,*Professional procurement services *Computer services *Systems planning services *System analysis service *Information Technology Service Delivery,15,20,1,1,2026-03-27,2026-03-27,,,0
Canada federal,Canada,*21110000 *25111500 *25111502 *25111722 *25111725 *25111900 *78180000,*Fishing and aquaculture equipment *Commercial marine craft *Fishing boats *Coast guard boat or cutter *Fishery research ship *Marine craft systems and subassemblies *Transportation repair or maintenance services,Other,*Fishing and aquaculture equipment *Commercial marine craft *Fishing boats *Coast guard boat or cutter *Fishery research ship *Marine craft systems and subassemblies *Transportation repair or maintenance services,15,20,1,1,2026-07-13,2026-07-13,,,0
Ireland,Ireland,50850000.0,Repair and maintenance services of furniture.,Other,Repair and maintenance services of furniture.,15,20,1,1,2026-02-09,2026-02-09,215000.0,,0
France,France,79212200,"Audit,Formation",Other,Services,15,20,1,1,2024-12-20,2024-12-20,,,0
France,France,"21,364","Audit,Voies ferrées",Other,Services,15,20,1,1,2025-02-17,2025-02-17,,,0
France,France,"21,102","Audit,Eclairage public",Other,Services,15,20,1,1,2025-03-28,2025-03-28,,,0
France,France,72220000,"Audit,Fibre optique,Informatique (prestations de services)",Other,Services,15,20,1,1,2024-08-13,2024-08-13,,,0
France,France,75251100,"Audit,Contrôle technique,Extincteur",Other,Services,15,20,1,1,2023-09-24,2023-09-24,,,0
France,France,79212000,"Audit,Maîtrise d'oeuvre,Assistance à maîtrise d'ouvrage,Ingénierie",Other,Services,15,20,1,1,2023-12-18,2023-12-18,,,0
France,France,"21,8,18","Audit,Analyses médicales, biologiques,Assainissement",Other,Services,15,20,1,1,2024-02-17,2024-02-17,,,0
Ireland,Ireland,79635000.0,Assessment centre services for recruitment.,Other,Assessment centre services for recruitment.,15,20,1,1,2024-09-27,2024-09-27,200000.0,,0
Ireland,Ireland,80415000.0,Ski-training services.,Other,Ski-training services.,15,20,1,1,2025-02-24,2025-02-24,90000.0,,0
Canada federal,Canada,*25131509 *86100000 *86101700,*Fixed wing training aircraft or trainer *Vocational training *Non scientific vocational training services,Other,*Fixed wing training aircraft or trainer *Vocational training *Non scientific vocational training services,15,20,1,1,2024-10-04,2024-10-04,,,0
France,France,71317000,"Assistance juridique,Audit",Other,Services,15,20,1,1,2024-08-27,2024-08-27,,,0
France,France,"21,434,19","Audit,Assistance juridique,Assistance technique",Other,Services,15,20,1,1,2026-02-25,2026-02-25,,,0
France,France,"21,67","Audit,Conditionnement",Other,Services,15,20,1,1,2026-06-02,2026-06-02,,,0
Canada federal,Canada,*43232504,*Route navigation software,Other,*Route navigation software,15,20,1,1,2024-02-13,2024-02-13,,,0
Canada federal,Canada,*30171500 *30171600 *72103300 *72121100 *72121103 *72151200 *72151500 *72151501 *72151511 *72152300 *72153000 *72153600,*Doors *Windows *Infrastructure maintenance and repair services *Commercial and office building construction services *Commercial and office building renovation and repair service *Heating and cooling and air conditioning HVAC construction and maintenance services *Electrical system services *Lighting installation services *Lighting system maintenance or repair service *Carpentry services *Glass and glazing services *Interior finishing and furnishing and remodeling services,Other,*Doors *Windows *Infrastructure maintenance and repair services *Commercial and office building construction services *Commercial and office building renovation and repair service *Heating and cooling and air conditioning HVAC construction and maintenance services *Electrical system services *Lighting installation services *Lighting system maintenance or repair service *Carpentry services *Glass and glazing services *Interior finishing and furnishing and remodeling services,15,20,1,1,2024-01-26,2024-01-26,,,0
France,France,79212000,"Assistance à maîtrise d'ouvrage,Audit",Other,Services,15,20,1,1,2024-07-17,2024-07-17,,,0
Canada federal,Canada,*77101705 *80141500 *81120000 *81121500 *81141602,*Environmental economics advisory services *Market research *Economics *Economic analysis *Transit analysis,Other,*Environmental economics advisory services *Market research *Economics *Economic analysis *Transit analysis,15,20,1,1,2025-01-10,2025-01-10,,,0
Canada federal,Canada,*86100000 *92110000 *95122100,*Vocational training *Military services and national defense *Accommodation buildings and structures,Other,*Vocational training *Military services and national defense *Accommodation buildings and structures,15,20,1,1,2024-06-12,2024-06-12,,,0
France,France,90492000,"Assainissement,Audit",Other,Services,15,20,1,1,2024-09-07,2024-09-07,,,0
Canada federal,Canada,*39121100 *39121700 *39122100,*Distribution and control centers and accessories *Electrical hardware and supplies *Electrical transmission and distribution equipment,Other,*Distribution and control centers and accessories *Electrical hardware and supplies *Electrical transmission and distribution equipment,15,20,1,1,2026-02-19,2026-02-19,,,0
Canada federal,Canada,*11100000 *11101700 *80141500 *84121705 *84121805,*Minerals and ores and metals *Minerals *Market research *Market data *Precious metals market services,Other,*Minerals and ores and metals *Minerals *Market research *Market data *Precious metals market services,15,20,1,1,2024-02-07,2024-02-07,,,0
Canada federal,Canada,*77121501 *80141510 *81171901,*Air quality management *Market research telephone surveys *Air quality science service,Other,*Air quality management *Market research telephone surveys *Air quality science service,15,20,1,1,2023-12-11,2023-12-11,,,0
Canada federal,Canada,*80171502 *80171903 *80171904 *80171905 *86132100,"*Focus group and public feedback meeting facilitation and analysis *Internal stakeholder relations consultation and engagement *Cultural and ethnic group relations consultation and engagement *Indigenous peoples relations consultation and engagement *Training planning, facilitation and delivery services",Other,"*Focus group and public feedback meeting facilitation and analysis *Internal stakeholder relations consultation and engagement *Cultural and ethnic group relations consultation and engagement *Indigenous peoples relations consultation and engagement *Training planning, facilitation and delivery services",15,20,1,1,2023-08-31,2023-08-31,,,0
Canada federal,Canada,*80101706 *86101704,*Professional procurement services *Procurement or supply chain training,Other,*Professional procurement services *Procurement or supply chain training,15,20,1,1,2025-11-10,2025-11-10,,,0
Canada federal,Canada,*25101509 *25175000 *43211720 *43221722 *43222636 *43232403 *43233508 *52161518 *80161505 *81111504,*Electrically powered vehicle *Electric vehicle charging systems *Point of sale payment terminal *Global positioning system GPS antenna *Network application engine *Enterprise application integration software *Mobile operator specific application software *Global positioning system GPS receiver *Fleet management services *Application programming services,Other,*Electrically powered vehicle *Electric vehicle charging systems *Point of sale payment terminal *Global positioning system GPS antenna *Network application engine *Enterprise application integration software *Mobile operator specific application software *Global positioning system GPS receiver *Fleet management services *Application programming services,15,20,1,1,2024-10-16,2024-10-16,,,0
Canada federal,Canada,*53102700 *53102702,*Uniforms *Customs uniforms,Other,*Uniforms *Customs uniforms,15,20,1,1,2024-11-01,2024-11-01,,,0
Canada federal,Canada,*70100000 *70101602 *70101603,*Fisheries and aquaculture *Fishery research or experimentation services *Fishery data collection or distribution,Other,*Fisheries and aquaculture *Fishery research or experimentation services *Fishery data collection or distribution,15,20,1,1,2023-12-05,2023-12-05,,,0
Canada federal,Canada,*42300000 *42301500 *86101810 *86132100 *86132201,"*Medical training and education supplies *Aids for medical training *Personnel skills training *Training planning, facilitation and delivery services *Training workshop service",Other,"*Medical training and education supplies *Aids for medical training *Personnel skills training *Training planning, facilitation and delivery services *Training workshop service",15,20,1,1,2026-01-14,2026-01-14,,,0
Canada federal,Canada,*N7021130 *N7025405,"*COMPUTER, CPU, DIGITAL, SPECIAL PURPOSE, INCLUDES VECTOR, PARALLEL, ARRAY, ETC. *LOCAL AREA NETWORKS, SYSTEMS AND COMPONENTS",Other,"*COMPUTER, CPU, DIGITAL, SPECIAL PURPOSE, INCLUDES VECTOR, PARALLEL, ARRAY, ETC. *LOCAL AREA NETWORKS, SYSTEMS AND COMPONENTS",15,20,1,1,2024-02-26,2024-02-26,,,0
Canada federal,Canada,*73152100 *81111805,*Manufacturing equipment maintenance and repair services *Proprietary or licensed systems maintenance or support,Other,*Manufacturing equipment maintenance and repair services *Proprietary or licensed systems maintenance or support,15,20,1,1,2024-02-08,2024-02-08,,,0
Canada federal,Canada,*43230000 *43231501,*Software *Helpdesk or call center software,Other,*Software *Helpdesk or call center software,15,20,1,1,2024-05-08,2024-05-08,,,0
Canada federal,Canada,*41111702 *41111722 *41111724 *41115400 *41122600,*Monocular microscopes *Fluorescent microscopes *Scanning probe microscopes *Spectroscopic equipment *Laboratory microscope slides and supplies,Other,*Monocular microscopes *Fluorescent microscopes *Scanning probe microscopes *Spectroscopic equipment *Laboratory microscope slides and supplies,15,20,1,1,2025-02-06,2025-02-06,,,0
Canada federal,Canada,*43233508,*Mobile operator specific application software,Other,*Mobile operator specific application software,15,20,1,1,2025-08-25,2025-08-25,,,0
Canada federal,Canada,*80131505 *80131506,*Portable or modular office rental service *Portable toilet rental service,Other,*Portable or modular office rental service *Portable toilet rental service,15,20,1,1,2026-03-26,2026-03-26,,,0
Canada federal,Canada,*72120000 *72121000 *72121100 *72121400 *72121500,*Nonresidential building construction services *New industrial building and warehouse construction services *Commercial and office building construction services *Specialized public building construction services *Industrial plant construction services,Other,*Nonresidential building construction services *New industrial building and warehouse construction services *Commercial and office building construction services *Specialized public building construction services *Industrial plant construction services,15,20,1,1,2023-08-01,2023-08-01,,,0
Canada federal,Canada,*56101504 *56101720 *56112100 *56112103,*Chairs *Office or work chair *Seating *Guest seating,Other,*Chairs *Office or work chair *Seating *Guest seating,15,20,1,1,2025-01-17,2025-01-17,,,0
United Kingdom,United Kingdom,79821000,Print finishing services,Other,Print finishing services,15,20,1,1,2025-02-19,2025-02-19,1.0,,0
France,France,72810000,"Informatique (prestations de services),Audit",Other,Services,15,20,1,1,2024-11-25,2024-11-25,,,0
France,France,"18,21","Assainissement,Audit",Other,Services,15,20,1,1,2024-09-11,2024-09-11,,,0
France,France,"21,102,106,19,72","Audit,Eclairage public,Electrification rurale,Assistance technique,Contrôle technique",Other,Services,15,20,1,1,2024-05-03,2024-05-03,,,0
France,France,71240000,Audit,Other,Services,15,20,1,1,2025-06-16,2025-06-16,,,0
France,France,75310000,Audit,Other,Services,15,20,1,1,2025-08-10,2025-08-10,,,0
France,France,79417000,"Audit,Bâtiment,Sécurité incendie",Other,Services,15,20,1,1,2026-07-22,2026-07-22,,,0
France,France,79111000,"Prestations de services,Audit",Other,Services,15,20,1,1,2024-01-18,2024-01-18,,,0
France,France,"72,21","Contrôle technique,Audit",Other,Services,15,20,1,1,2024-06-24,2024-06-24,,,0
United Kingdom,United Kingdom,39143000,"Bedroom, dining room and living-room furniture",Other,"Bedroom, dining room and living-room furniture",15,20,1,1,2024-06-05,2024-06-05,,,0
United Kingdom,United Kingdom,31712310,Populated printed circuit boards,Other,Populated printed circuit boards,15,20,1,1,2023-10-09,2023-10-09,,,0
United Kingdom,United Kingdom,35611500,Training aircrafts,Other,Training aircrafts,15,20,1,1,2023-08-03,2023-08-03,,,0
France,France,71317000,"Audit,Prestations de services",Other,Services,15,20,1,1,2023-10-19,2023-10-19,,,0
France,France,71620000,"Produits de l'agriculture,Audit,Prestations de services,Ingénierie",Other,Services,15,20,1,1,2024-01-02,2024-01-02,,,0
Canada federal,Canada,*80101508 *80121604,*Business intelligence consulting services *Patent or trademark or copyright law,Other,*Business intelligence consulting services *Patent or trademark or copyright law,15,20,1,1,2024-01-24,2024-01-24,,,0
Canada federal,Canada,*43230000 *43231508,*Software *Inventory management software,Other,*Software *Inventory management software,15,20,1,1,2024-09-23,2024-09-23,,,0
Canada federal,Canada,*80161604 *81111902 *81112206 *81160000,*Information technology IT management services *Online database information retrieval service *Information retrieval or search software maintenance *Information Technology Service Delivery,Other,*Information technology IT management services *Online database information retrieval service *Information retrieval or search software maintenance *Information Technology Service Delivery,15,20,1,1,2023-11-06,2023-11-06,,,0
Canada federal,Canada,*25173900 *26120000 *26121500 *26121600 *26121636 *39120000 *39121000 *39121500 *39121700 *39121900,*Electrical components *Electrical wire and cable and harness *Electrical wire *Electrical cable and accessories *Power cord *Electrical equipment and components and supplies *Power conditioning equipment *Electrical controls and accessories *Electrical hardware and supplies *Electrical safety devices and accessories,Other,*Electrical components *Electrical wire and cable and harness *Electrical wire *Electrical cable and accessories *Power cord *Electrical equipment and components and supplies *Power conditioning equipment *Electrical controls and accessories *Electrical hardware and supplies *Electrical safety devices and accessories,15,20,1,1,2025-09-22,2025-09-22,,,0
Canada federal,Canada,*72121100 *72121101 *72130000 *81101513,*Commercial and office building construction services *Commercial and office building new construction service *General building construction *Building construction management,Other,*Commercial and office building construction services *Commercial and office building new construction service *General building construction *Building construction management,15,20,1,1,2026-05-27,2026-05-27,,,0
Canada federal,Canada,*43231501 *81111811 *81162306,*Helpdesk or call center software *Technical support or help desk services *Help desk process as a service,Other,*Helpdesk or call center software *Technical support or help desk services *Help desk process as a service,15,20,1,1,2023-11-06,2023-11-06,,,0
Canada federal,Canada,*81101516 *83101902,*Energy or utility consulting service *Energy use reduction measures,Other,*Energy or utility consulting service *Energy use reduction measures,15,20,1,1,2025-01-08,2025-01-08,,,0
Canada federal,Canada,*30121601 *46151505 *55121700 *72141000 *72141002 *72141003 *72141004 *72141103 *72141104,*Asphalt *Barriers *Signage *Highway and road construction services *Highway and road sign or guardrail construction and repair service *Highway and road maintenance service *Highway reflector installation service *Highway and road paving service *Highway and road resurfacing service,Other,*Asphalt *Barriers *Signage *Highway and road construction services *Highway and road sign or guardrail construction and repair service *Highway and road maintenance service *Highway reflector installation service *Highway and road paving service *Highway and road resurfacing service,15,20,1,1,2024-01-31,2024-01-31,,,0
Canada federal,Canada,*D302A *N7030,*Informatics Professional Services *ADP Software,Other,*Informatics Professional Services *ADP Software,15,20,1,1,2025-11-24,2025-11-24,,,0
Canada federal,Canada,*N7510,*Office Supplies,Other,*Office Supplies,15,20,1,1,2026-03-02,2026-03-02,,,0
Canada federal,Canada,*80100000 *81112000 *81112001,*Management advisory services *Data services *Online data processing service,Other,*Management advisory services *Data services *Online data processing service,15,20,1,1,2024-08-20,2024-08-20,,,0
Canada federal,Canada,*86132000 *86132100 *86132201,"*Management education and training services *Training planning, facilitation and delivery services *Training workshop service",Other,"*Management education and training services *Training planning, facilitation and delivery services *Training workshop service",15,20,1,1,2024-03-13,2024-03-13,,,0
Canada federal,Canada,*80171803 *86132000 *86132100,"*Media training and coaching service *Management education and training services *Training planning, facilitation and delivery services",Other,"*Media training and coaching service *Management education and training services *Training planning, facilitation and delivery services",15,20,1,1,2024-03-05,2024-03-05,,,0
Canada federal,Canada,*80141607 *80161601 *81141800 *82161500,"*Events management *Property management services *Facilities management *Theatrical set design, property and costume services",Other,"*Events management *Property management services *Facilities management *Theatrical set design, property and costume services",15,20,1,1,2024-10-19,2024-10-19,,,0
Canada federal,Canada,*46200000 *46201100,*Defense and law enforcement and security and safety training equipment *Small arms weapons training equipment,Other,*Defense and law enforcement and security and safety training equipment *Small arms weapons training equipment,15,20,1,1,2026-06-22,2026-06-22,,,0
Canada federal,Canada,*46151900 *46200000,*Chemical biological control equipment and accessories and supplies *Defense and law enforcement and security and safety training equipment,Other,*Chemical biological control equipment and accessories and supplies *Defense and law enforcement and security and safety training equipment,15,20,1,1,2024-02-27,2024-02-27,,,0
Canada federal,Canada,*32130000 *40101805 *40102100 *41141800,*Electronic hardware and component parts and accessories *Furnaces *Fireplaces and accessories *Clinical chemistry substrates,Other,*Electronic hardware and component parts and accessories *Furnaces *Fireplaces and accessories *Clinical chemistry substrates,15,20,1,1,2023-11-16,2023-11-16,,,0
Canada federal,Canada,*80101500 *81111900 *81141900,*Business and corporate management consultation services *Information retrieval systems *Manufacturing technology research and development services,Other,*Business and corporate management consultation services *Information retrieval systems *Manufacturing technology research and development services,15,20,1,1,2025-01-10,2025-01-10,,,0
Canada federal,Canada,*22101600 *25170000 *25181600 *26111800 *31150000 *31160000 *31161500 *31161600 *31171500 *31400000 *40142000 *40170000,*Paving equipment *Transportation components and systems *Automotive chassis *Drive components *Rope and chain and cable and wire and strap *Hardware *Screws *Bolts *Bearings *Gaskets *Hoses *Pipe piping and pipe fittings,Other,*Paving equipment *Transportation components and systems *Automotive chassis *Drive components *Rope and chain and cable and wire and strap *Hardware *Screws *Bolts *Bearings *Gaskets *Hoses *Pipe piping and pipe fittings,15,20,1,1,2025-01-24,2025-01-24,,,0
Canada federal,Canada,*22000000 *72000000 *72100000 *72120000 *72121103 *72140000 *72150000,*Building and Construction Machinery and Accessories *Building and Facility Construction and Maintenance Services *Building and facility maintenance and repair services *Nonresidential building construction services *Commercial and office building renovation and repair service *Heavy construction services *Specialized trade construction and maintenance services,Other,*Building and Construction Machinery and Accessories *Building and Facility Construction and Maintenance Services *Building and facility maintenance and repair services *Nonresidential building construction services *Commercial and office building renovation and repair service *Heavy construction services *Specialized trade construction and maintenance services,15,20,1,1,2024-02-13,2024-02-13,,,0
Canada federal,Canada,*81000000 *92000000 *92111700,*Engineering and Research and Technology Based Services *National Defense and Public Order and Security and Safety Services *Military science and research,Other,*Engineering and Research and Technology Based Services *National Defense and Public Order and Security and Safety Services *Military science and research,15,20,1,1,2024-05-31,2024-05-31,,,0
Canada federal,Canada,*25202100 *31162300 *78111501,*Flight instrumentation *Mounting hardware *Helicopter services,Other,*Flight instrumentation *Mounting hardware *Helicopter services,15,20,1,1,2024-08-08,2024-08-08,,,0
Canada federal,Canada,*72151003 *72151207 *72151502 *72151508,*Heating system maintenance and repair service *Heating and cooling and air conditioning HVAC installation and maintenance service *Electric power system construction service *Computerized controls installation service,Other,*Heating system maintenance and repair service *Heating and cooling and air conditioning HVAC installation and maintenance service *Electric power system construction service *Computerized controls installation service,15,20,1,1,2025-05-22,2025-05-22,,,0
Canada federal,Canada,*86000000 *86132100 *86132201,"*Education and Training Services *Training planning, facilitation and delivery services *Training workshop service",Other,"*Education and Training Services *Training planning, facilitation and delivery services *Training workshop service",15,20,1,1,2025-09-25,2025-09-25,,,0
Canada federal,Canada,*43230000 *43232606 *64111705 *77102002 *77120000 *77130000,*Software *Compliance software *Carbon credit permit or certificate *Emission reporting compliance service *Pollution tracking and monitoring and rehabilitation *Pollutants tracking and monitoring and rehabilitation services,Other,*Software *Compliance software *Carbon credit permit or certificate *Emission reporting compliance service *Pollution tracking and monitoring and rehabilitation *Pollutants tracking and monitoring and rehabilitation services,15,20,1,1,2025-11-21,2025-11-21,,,0
Canada federal,Canada,*72101506 *72121100 *72121103 *72150000,*Elevator maintenance services *Commercial and office building construction services *Commercial and office building renovation and repair service *Specialized trade construction and maintenance services,Other,*Elevator maintenance services *Commercial and office building construction services *Commercial and office building renovation and repair service *Specialized trade construction and maintenance services,15,20,1,1,2026-04-02,2026-04-02,,,0
France,France,73000000,"Audit,Prestations de services,Produits de l'agriculture,Prestation hotelière",Other,Services,15,20,1,1,2023-12-13,2023-12-13,,,0
France,France,71600000,"Audit,Restauration collective,Contrôle technique,Formation",Other,Services,15,20,1,1,2023-08-10,2023-08-10,,,0
France,France,71300000,"Audit,Prestations de services,Assistance à maîtrise d'ouvrage",Other,Services,15,20,1,1,2024-03-22,2024-03-22,,,0
France,France,71356200,"Audit,Assistance technique,Prestations de services",Other,Services,15,20,1,1,2024-05-15,2024-05-15,,,0
France,France,71330000,"Assistance technique,Audit,Maintenance,Amiante (diagnostic)",Other,Services,15,20,1,1,2023-10-21,2023-10-21,,,0
United Kingdom,United Kingdom,35812000,Combat uniforms,Other,Combat uniforms,15,20,1,1,2023-08-07,2023-08-07,,,0
United Kingdom,United Kingdom,71315100,Building-fabric consultancy services,Other,Building-fabric consultancy services,15,20,1,1,2024-03-14,2024-03-14,,,0
France,France,"21,446,274","Audit,Expertise comptable,Prestations de services",Other,Services,15,20,1,1,2026-01-15,2026-01-15,,,0
United Kingdom,United Kingdom,30199700,Printed stationery except forms,Other,Printed stationery except forms,15,20,1,1,2025-01-07,2025-01-07,,,0
Canada federal,Canada,*80101604 *80122100 *80122101 *80160000 *80161501,*Project administration or planning *Administrative law services *Administrative law consultation service *Business administration services *Office administration or secretarial services,Other,*Project administration or planning *Administrative law services *Administrative law consultation service *Business administration services *Office administration or secretarial services,15,20,1,1,2025-06-12,2025-06-12,,,0
Canada federal,Canada,*80101500 *80101508 *80160000,*Business and corporate management consultation services *Business intelligence consulting services *Business administration services,Other,*Business and corporate management consultation services *Business intelligence consulting services *Business administration services,15,20,1,1,2024-12-23,2024-12-23,,,0
Canada federal,Canada,*80101500 *80101502 *80101508 *80101600,*Business and corporate management consultation services *Corporate mergers consultation services *Business intelligence consulting services *Project management,Other,*Business and corporate management consultation services *Corporate mergers consultation services *Business intelligence consulting services *Project management,15,20,1,1,2025-07-22,2025-07-22,,,0
Canada federal,Canada,*25111534 *78102102,*Research vessel *Water transport,Other,*Research vessel *Water transport,15,20,1,1,2025-10-30,2025-10-30,,,0
Canada federal,Canada,*22100000 *22101900 *30111902 *30190000 *72101513 *72121000 *72121100 *72121101 *72130000 *72140000,*Heavy construction machinery and equipment *Building construction machinery and accessories *Construction expansion joint *Construction and maintenance support equipment *Offsite construction service *New industrial building and warehouse construction services *Commercial and office building construction services *Commercial and office building new construction service *General building construction *Heavy construction services,Other,*Heavy construction machinery and equipment *Building construction machinery and accessories *Construction expansion joint *Construction and maintenance support equipment *Offsite construction service *New industrial building and warehouse construction services *Commercial and office building construction services *Commercial and office building new construction service *General building construction *Heavy construction services,15,20,1,1,2025-09-17,2025-09-17,,,0
Canada federal,Canada,*80101603 *84111600,*Economic or financial evaluation of projects *Audit services,Other,*Economic or financial evaluation of projects *Audit services,15,20,1,1,2026-05-11,2026-05-11,,,0
Canada federal,Canada,*84111600 *84111601,*Audit services *Year end audits,Other,*Audit services *Year end audits,15,20,1,1,2023-09-15,2023-09-15,,,0
Canada federal,Canada,*JX7010AD,"*Computers, Digital Systems, Micro - Repair and Overhaul",Other,"*Computers, Digital Systems, Micro - Repair and Overhaul",15,20,1,1,2024-02-21,2024-02-21,,,0
Canada federal,Canada,*5169L,*Building Computer Cabling Installation,Other,*Building Computer Cabling Installation,15,20,1,1,2026-02-18,2026-02-18,,,0
Canada federal,Canada,*43233701,*Enterprise system management software,Other,*Enterprise system management software,15,20,1,1,2025-11-20,2025-11-20,,,0
Canada federal,Canada,*43230000 *43232407 *43232701,*Software *Requirements analysis and system architecture software *Application server software,Other,*Software *Requirements analysis and system architecture software *Application server software,15,20,1,1,2026-05-25,2026-05-25,,,0
Canada federal,Canada,*25151701 *32130000 *43190000 *43200000,*Communication satellites *Electronic hardware and component parts and accessories *Communications Devices and Accessories *Components for information technology or broadcasting or telecommunications,Other,*Communication satellites *Electronic hardware and component parts and accessories *Communications Devices and Accessories *Components for information technology or broadcasting or telecommunications,15,20,1,1,2024-03-19,2024-03-19,,,0
Canada federal,Canada,*56101504 *56101522 *56101720 *56112304,*Chairs *Arm chair *Office or work chair *Chair seat,Other,*Chairs *Arm chair *Office or work chair *Chair seat,15,20,1,1,2024-12-17,2024-12-17,,,0
Canada federal,Canada,*41122409 *56101711 *56122000 *81101706,*Laboratory tools *Modular furniture connectors *Laboratory furniture *Laboratory equipment maintenance,Other,*Laboratory tools *Modular furniture connectors *Laboratory furniture *Laboratory equipment maintenance,15,20,1,1,2025-10-28,2025-10-28,,,0
Canada federal,Canada,*80111504 *86000000 *86110000,*Labor training or development *Education and Training Services *Alternative educational systems,Other,*Labor training or development *Education and Training Services *Alternative educational systems,15,20,1,1,2023-11-06,2023-11-06,,,0
Canada federal,Canada,*43201404 *43201550 *43201602 *43232700 *43232800 *43232900 *43233002 *43233203 *43233204 *81111702 *81111706 *81111803 *81112218 *81161712,*Network interface cards *Network packet data synchronization device *Network equipment chassis *Network applications software *Network management software *Networking software *Network operation system software *Network security or virtual private network VPN management software *Network security and virtual private network VPN equipment software *Local area network communications design *Network planning services *Local area network LAN maintenance or support *Network application software maintenance *Network voice service,Other,*Network interface cards *Network packet data synchronization device *Network equipment chassis *Network applications software *Network management software *Networking software *Network operation system software *Network security or virtual private network VPN management software *Network security and virtual private network VPN equipment software *Local area network communications design *Network planning services *Local area network LAN maintenance or support *Network application software maintenance *Network voice service,15,20,1,1,2024-02-07,2024-02-07,,,0
Canada federal,Canada,*76130000 *77130000 *86101709,*Toxic and hazardous waste cleanup *Pollutants tracking and monitoring and rehabilitation services *Safety training services,Other,*Toxic and hazardous waste cleanup *Pollutants tracking and monitoring and rehabilitation services *Safety training services,15,20,1,1,2024-08-08,2024-08-08,,,0
Canada federal,Canada,*43232600 *72151200,*Industry specific software *Heating and cooling and air conditioning HVAC construction and maintenance services,Other,*Industry specific software *Heating and cooling and air conditioning HVAC construction and maintenance services,15,20,1,1,2024-11-14,2024-11-14,,,0
Canada federal,Canada,*43000000 *43230000 *43231500 *43231600 *43232200 *43232300 *43233200,*Information Technology Broadcasting and Telecommunications *Software *Business function specific software *Finance accounting and enterprise resource planning ERP software *Content management software *Data management and query software *Security and protection software,Other,*Information Technology Broadcasting and Telecommunications *Software *Business function specific software *Finance accounting and enterprise resource planning ERP software *Content management software *Data management and query software *Security and protection software,15,20,1,1,2026-01-08,2026-01-08,,,0
Canada federal,Canada,*44120000 *44122100,*Office supplies *Fastening supplies,Other,*Office supplies *Fastening supplies,15,20,1,1,2025-03-20,2025-03-20,,,0
Canada federal,Canada,*30191700 *78141900 *80161800,*Construction sheds and trailers *Transport container rental services *Office equipment rental or leasing services,Other,*Construction sheds and trailers *Transport container rental services *Office equipment rental or leasing services,15,20,1,1,2026-04-01,2026-04-01,,,0
France,France,80320000,"Audit,Prestations de services",Other,Services,15,20,1,1,2025-04-04,2025-04-04,,,0
France,France,71241000,"Audit,Prestations de services,Assistance à maîtrise d'ouvrage",Other,Services,15,20,1,1,2023-08-21,2023-08-21,,,0
France,France,79212500,Audit,Other,Services,15,20,1,1,2023-10-18,2023-10-18,,,0
France,France,90711400,Audit,Other,Services,15,20,1,1,2025-04-02,2025-04-02,,,0
United Kingdom,United Kingdom,80531100,Industrial training services,Other,Industrial training services,15,20,1,1,2023-08-17,2023-08-17,136000.0,,0
France,France,77310000,Audit,Other,Services,15,20,1,1,2024-10-17,2024-10-17,,,0
Ireland,Ireland,22300000.0,"Postcards, greeting cards and other printed matter.",Other,"Postcards, greeting cards and other printed matter.",15,20,1,1,2024-04-19,2024-04-19,90000.0,,0
Ireland,Ireland,92621000.0,Sports-event promotion services.,Other,Sports-event promotion services.,15,20,1,1,2025-02-10,2025-02-10,31500.0,,0
Ireland,Ireland,44316400.0,Hardware.,Other,Hardware.,15,20,1,1,2025-05-26,2025-05-26,800000.0,,0
Canada federal,Canada,*30121705 *72102902 *72121101 *72141103 *72141126 *72141510 *77111602,*Paving slab *Landscaping services *Commercial and office building new construction service *Highway and road paving service *Underground utilities construction service *Demolition services *Environmental decontamination services,Other,*Paving slab *Landscaping services *Commercial and office building new construction service *Highway and road paving service *Underground utilities construction service *Demolition services *Environmental decontamination services,15,20,1,1,2026-01-28,2026-01-28,,,0
Canada federal,Canada,*43221711 *78102001 *81000000 *81151605 *92111700,*Satellite access equipment *Satellite launch services *Engineering and Research and Technology Based Services *Satellite imaging and image processing service *Military science and research,Other,*Satellite access equipment *Satellite launch services *Engineering and Research and Technology Based Services *Satellite imaging and image processing service *Military science and research,15,20,1,1,2024-05-21,2024-05-21,,,0
Canada federal,Canada,*86132100 *86132200 *86132201 *86132205,"*Training planning, facilitation and delivery services *Educational support services *Training workshop service *Educational forecasting service",Other,"*Training planning, facilitation and delivery services *Educational support services *Training workshop service *Educational forecasting service",15,20,1,1,2026-06-09,2026-06-09,,,0
Canada federal,Canada,*45121716,*Contact printer,Other,*Contact printer,15,20,1,1,2025-12-22,2025-12-22,,,0
Canada federal,Canada,*43232301,*Categorization or classification software,Other,*Categorization or classification software,15,20,1,1,2024-11-07,2024-11-07,,,0
Canada federal,Canada,*83101900 *86101602,*Energy conservation *Energy related vocational training services,Other,*Energy conservation *Energy related vocational training services,15,20,1,1,2026-01-12,2026-01-12,,,0
Canada federal,Canada,*46170000 *81111801 *92121700,*Security surveillance and detection *Computer or network or internet security *Security systems services,Other,*Security surveillance and detection *Computer or network or internet security *Security systems services,15,20,1,1,2023-08-22,2023-08-22,,,0
Canada federal,Canada,*43230000 *45111806,*Software *Distance learning systems,Other,*Software *Distance learning systems,15,20,1,1,2024-08-14,2024-08-14,,,0
Canada federal,Canada,*70101602 *78131801 *81170000,*Fishery research or experimentation services *Refrigerated storage *Biological science services,Other,*Fishery research or experimentation services *Refrigerated storage *Biological science services,15,20,1,1,2023-08-22,2023-08-22,,,0
Canada federal,Canada,*86101809,*Merchant marine vocational training services,Other,*Merchant marine vocational training services,15,20,1,1,2026-04-24,2026-04-24,,,0
Canada federal,Canada,*70120000 *70121800 *70122000 *70122005,*Livestock services *Pets industry *Animal health *Animal health preventive medication services,Other,*Livestock services *Pets industry *Animal health *Animal health preventive medication services,15,20,1,1,2023-12-04,2023-12-04,,,0
Canada federal,Canada,*21102200 *70151500 *92101603,*Forestry machinery and equipment *Forestry management *Fire prevention services,Other,*Forestry machinery and equipment *Forestry management *Fire prevention services,15,20,1,1,2025-11-06,2025-11-06,,,0
Canada federal,Canada,*43232304 *43233000 *77101701,*Data base management system software *Operating environment software *Environmental sciences advisory services,Other,*Data base management system software *Operating environment software *Environmental sciences advisory services,15,20,1,1,2025-02-14,2025-02-14,,,0
Canada federal,Canada,*50121600 *70101601 *70101603 *77141500 *77141600 *77141601,*Shellfish *Fishery information or documentation services *Fishery data collection or distribution *Water or aqueous testing *Non-drinking water or aqueous testing *Non drinking water microbiological testing,Other,*Shellfish *Fishery information or documentation services *Fishery data collection or distribution *Water or aqueous testing *Non-drinking water or aqueous testing *Non drinking water microbiological testing,15,20,1,1,2025-02-14,2025-02-14,,,0
Canada federal,Canada,*77101601 *80101500 *80101511 *80101600,*Urban environmental development planning *Business and corporate management consultation services *Human resources consulting service *Project management,Other,*Urban environmental development planning *Business and corporate management consultation services *Human resources consulting service *Project management,15,20,1,1,2026-06-02,2026-06-02,,,0
Canada federal,Canada,*72100000 *72101500 *72102801 *72121103 *72130000 *95121700,*Building and facility maintenance and repair services *Building maintenance and repair services *Renovation of buildings or landmarks or monuments *Commercial and office building renovation and repair service *General building construction *Public buildings and structures,Other,*Building and facility maintenance and repair services *Building maintenance and repair services *Renovation of buildings or landmarks or monuments *Commercial and office building renovation and repair service *General building construction *Public buildings and structures,15,20,1,1,2024-07-26,2024-07-26,,,0
Canada federal,Canada,*80161604 *81141902,*Information technology IT management services *Application or technology research and development service,Other,*Information technology IT management services *Application or technology research and development service,15,20,1,1,2026-06-24,2026-06-24,,,0
Canada federal,Canada,*42151700,*Dental clinical furniture,Other,*Dental clinical furniture,15,20,1,1,2023-11-02,2023-11-02,,,0
Canada federal,Canada,*81102805 *81141902 *95121900,*Demining operational analysis (OA) or operational research service *Application or technology research and development service *Educational and research buildings and structures,Other,*Demining operational analysis (OA) or operational research service *Application or technology research and development service *Educational and research buildings and structures,15,20,1,1,2025-04-29,2025-04-29,,,0
Canada federal,Canada,*46210000 *46211500 *86101709 *86132100,"*Workplace safety equipment and supplies and training materials *Workplace safety training aids and materials *Safety training services *Training planning, facilitation and delivery services",Other,"*Workplace safety equipment and supplies and training materials *Workplace safety training aids and materials *Safety training services *Training planning, facilitation and delivery services",15,20,1,1,2026-06-18,2026-06-18,,,0
Canada federal,Canada,*81161501,*Software application administration service,Other,*Software application administration service,15,20,1,1,2024-08-26,2024-08-26,,,0
Canada federal,Canada,*56101902 *78101804,*Furniture moving discs *Relocation services,Other,*Furniture moving discs *Relocation services,15,20,1,1,2026-07-06,2026-07-06,,,0
Canada federal,Canada,*25173900 *31160000 *46151607,*Electrical components *Hardware *Security lanyards,Other,*Electrical components *Hardware *Security lanyards,15,20,1,1,2024-01-17,2024-01-17,,,0
Canada federal,Canada,*72100000 *72101500 *72102900 *72103300 *72120000 *72121100 *72121103 *72121400 *72130000,*Building and facility maintenance and repair services *Building maintenance and repair services *Facility maintenance and repair services *Infrastructure maintenance and repair services *Nonresidential building construction services *Commercial and office building construction services *Commercial and office building renovation and repair service *Specialized public building construction services *General building construction,Other,*Building and facility maintenance and repair services *Building maintenance and repair services *Facility maintenance and repair services *Infrastructure maintenance and repair services *Nonresidential building construction services *Commercial and office building construction services *Commercial and office building renovation and repair service *Specialized public building construction services *General building construction,15,20,1,1,2026-06-02,2026-06-02,,,0
Canada federal,Canada,*72000000 *72121100 *72121103 *72121400,*Building and Facility Construction and Maintenance Services *Commercial and office building construction services *Commercial and office building renovation and repair service *Specialized public building construction services,Other,*Building and Facility Construction and Maintenance Services *Commercial and office building construction services *Commercial and office building renovation and repair service *Specialized public building construction services,15,20,1,1,2025-08-27,2025-08-27,,,0
Canada federal,Canada,*81000000 *81101701,*Engineering and Research and Technology Based Services *Electrical engineering services,Other,*Engineering and Research and Technology Based Services *Electrical engineering services,15,20,1,1,2026-04-02,2026-04-02,,,0
Canada federal,Canada,*22100000 *22101900 *22102000 *30190000 *30191800 *72101500 *72101507 *72121100 *72121101 *72121103 *72130000 *72153900 *95122400,*Heavy construction machinery and equipment *Building construction machinery and accessories *Building demolition machinery and equipment *Construction and maintenance support equipment *Temporary construction and maintenance support equipment and materials *Building maintenance and repair services *Building maintenance service *Commercial and office building construction services *Commercial and office building new construction service *Commercial and office building renovation and repair service *General building construction *Building site preparation services *Industrial buildings and structures,Other,*Heavy construction machinery and equipment *Building construction machinery and accessories *Building demolition machinery and equipment *Construction and maintenance support equipment *Temporary construction and maintenance support equipment and materials *Building maintenance and repair services *Building maintenance service *Commercial and office building construction services *Commercial and office building new construction service *Commercial and office building renovation and repair service *General building construction *Building site preparation services *Industrial buildings and structures,15,20,1,1,2023-11-02,2023-11-02,,,0
Canada federal,Canada,*43232605 *72151207,*Analytical or scientific software *Heating and cooling and air conditioning HVAC installation and maintenance service,Other,*Analytical or scientific software *Heating and cooling and air conditioning HVAC installation and maintenance service,15,20,1,1,2024-09-11,2024-09-11,,,0
Canada federal,Canada,*80161500 *80172100 *80172101 *80172104 *86101810,*Management support services *Issues and crisis management services *Crisis management and recovery service *Issues management and mitigation advisory service *Personnel skills training,Other,*Management support services *Issues and crisis management services *Crisis management and recovery service *Issues management and mitigation advisory service *Personnel skills training,15,20,1,1,2023-12-04,2023-12-04,,,0
Canada federal,Canada,*43230000 *43231500 *43233200,*Software *Business function specific software *Security and protection software,Other,*Software *Business function specific software *Security and protection software,15,20,1,1,2026-01-22,2026-01-22,,,0
Canada federal,Canada,*25150000 *25151704 *25151707 *25151708,*Spacecraft *Scientific or research satellites *Low earth orbit satellites *Sun synchronous orbit satellites,Other,*Spacecraft *Scientific or research satellites *Low earth orbit satellites *Sun synchronous orbit satellites,15,20,1,1,2025-12-02,2025-12-02,,,0
Canada federal,Canada,*80111510 *80170000 *80171505 *80172000 *86132100,"*Job description development and writing service *Public relations and professional communications services *Communication planning *Professional communication services *Training planning, facilitation and delivery services",Other,"*Job description development and writing service *Public relations and professional communications services *Communication planning *Professional communication services *Training planning, facilitation and delivery services",15,20,1,1,2023-11-17,2023-11-17,,,0
Canada federal,Canada,*86101710,*Teacher training services,Other,*Teacher training services,15,20,1,1,2023-08-09,2023-08-09,,,0
Ireland,Ireland,22459100.0,Advertising stickers and strips.,Other,Advertising stickers and strips.,15,20,1,1,2024-04-09,2024-04-09,300000.0,,0
France,France,"359,196,253,203,21","Véhicules,Maintenance,Ouvrage d'infrastructure,Matériel électrique,Audit",Other,Services,15,20,1,1,2024-10-22,2024-10-22,,,0
Canada federal,Canada,*30103617 *72121101,*Wooden framework *Commercial and office building new construction service,Other,*Wooden framework *Commercial and office building new construction service,15,20,1,1,2026-04-10,2026-04-10,,,0
France,France,"169,21,274","Isolation,Audit,Prestations de services",Other,Services,15,20,1,1,2025-06-15,2025-06-15,,,0
Canada federal,Canada,*56101703 *56101904 *56112206,*Desks *Furniture bases or legs or leg extensions *Desking systems related parts and accessories,Other,*Desks *Furniture bases or legs or leg extensions *Desking systems related parts and accessories,15,20,1,1,2023-09-22,2023-09-22,,,0
Canada federal,Canada,*25170000 *25181600 *31160000 *31161600,*Transportation components and systems *Automotive chassis *Hardware *Bolts,Other,*Transportation components and systems *Automotive chassis *Hardware *Bolts,15,20,1,1,2025-12-01,2025-12-01,,,0
Canada federal,Canada,*31160000 *31180000 *31410000 *40141600 *40170000,*Hardware *Packings glands boots and covers *Seals *Valves *Pipe piping and pipe fittings,Other,*Hardware *Packings glands boots and covers *Seals *Valves *Pipe piping and pipe fittings,15,20,1,1,2026-03-25,2026-03-25,,,0
Canada federal,Canada,*31160000 *31162800 *39122200,*Hardware *Miscellaneous hardware *Electrical switches and accessories,Other,*Hardware *Miscellaneous hardware *Electrical switches and accessories,15,20,1,1,2026-01-13,2026-01-13,,,0
Canada federal,Canada,*25173800 *25202200 *31160000 *31161500 *31161600 *31162400 *31162800 *31171500 *32121500 *39121400 *39121500 *39122200 *40170000 *41104900,*Drivetrain systems *Aircraft landing and braking systems *Hardware *Screws *Bolts *Miscellaneous fasteners *Miscellaneous hardware *Bearings *Capacitors *Electrical lugs plugs and connectors *Electrical controls and accessories *Electrical switches and accessories *Pipe piping and pipe fittings *Laboratory filtering equipment and supplies,Other,*Drivetrain systems *Aircraft landing and braking systems *Hardware *Screws *Bolts *Miscellaneous fasteners *Miscellaneous hardware *Bearings *Capacitors *Electrical lugs plugs and connectors *Electrical controls and accessories *Electrical switches and accessories *Pipe piping and pipe fittings *Laboratory filtering equipment and supplies,15,20,1,1,2025-04-23,2025-04-23,,,0
Canada federal,Canada,*80101500 *80110000 *80111700 *81162307,*Business and corporate management consultation services *Human resources services *Personnel recruitment *Human resource management process as a service,Other,*Business and corporate management consultation services *Human resources services *Personnel recruitment *Human resource management process as a service,15,20,1,1,2025-06-16,2025-06-16,,,0
Canada federal,Canada,*42300000 *42301500 *46211500,*Medical training and education supplies *Aids for medical training *Workplace safety training aids and materials,Other,*Medical training and education supplies *Aids for medical training *Workplace safety training aids and materials,15,20,1,1,2026-01-05,2026-01-05,,,0
Canada federal,Canada,*80101507 *81141902 *81160000,*Information technology consultation services *Application or technology research and development service *Information Technology Service Delivery,Other,*Information technology consultation services *Application or technology research and development service *Information Technology Service Delivery,15,20,1,1,2025-09-23,2025-09-23,,,0
Canada federal,Canada,*81101516 *81121500 *81130000,*Energy or utility consulting service *Economic analysis *Statistics,Other,*Energy or utility consulting service *Economic analysis *Statistics,15,20,1,1,2025-01-23,2025-01-23,,,0
Canada federal,Canada,*43232103,*Video creation and editing software,Other,*Video creation and editing software,15,20,1,1,2025-06-25,2025-06-25,,,0
Canada federal,Canada,*N7110C,*CHAIR (OFFICE),Other,*CHAIR (OFFICE),15,20,1,1,2025-01-10,2025-01-10,,,0
Canada federal,Canada,*43211720 *43222627 *43232313,*Point of sale payment terminal *Integrated services digital network ISDN access devices *Transaction server software,Other,*Point of sale payment terminal *Integrated services digital network ISDN access devices *Transaction server software,15,20,1,1,2026-02-26,2026-02-26,,,0
Canada federal,Canada,*25151704 *81141901 *81141902,*Scientific or research satellites *Product research and development service *Application or technology research and development service,Other,*Scientific or research satellites *Product research and development service *Application or technology research and development service,15,20,1,1,2025-09-29,2025-09-29,,,0
Canada federal,Canada,*44101603 *80161508,*Paper shredding machines or accessories *Document destruction services,Other,*Paper shredding machines or accessories *Document destruction services,15,20,1,1,2024-07-30,2024-07-30,,,0
Canada federal,Canada,*80101500 *80101507 *80101508,*Business and corporate management consultation services *Information technology consultation services *Business intelligence consulting services,Other,*Business and corporate management consultation services *Information technology consultation services *Business intelligence consulting services,15,20,1,1,2025-01-13,2025-01-13,,,0
Canada federal,Canada,*43232400 *80101507,*Development software *Information technology consultation services,Other,*Development software *Information technology consultation services,15,20,1,1,2024-04-26,2024-04-26,,,0
Canada federal,Canada,*80151605 *82111500,*Customs consulting service *Technical writing,Other,*Customs consulting service *Technical writing,15,20,1,1,2025-01-27,2025-01-27,,,0
Canada federal,Canada,*43230000 *43232300 *43232600 *43232700 *43232800 *43232900 *43233000 *43233200 *43233500,*Software *Data management and query software *Industry specific software *Network applications software *Network management software *Networking software *Operating environment software *Security and protection software *Information exchange software,Other,*Software *Data management and query software *Industry specific software *Network applications software *Network management software *Networking software *Operating environment software *Security and protection software *Information exchange software,15,20,1,1,2025-08-11,2025-08-11,,,0
Canada federal,Canada,*72100000 *72121100 *72121101,*Building and facility maintenance and repair services *Commercial and office building construction services *Commercial and office building new construction service,Other,*Building and facility maintenance and repair services *Commercial and office building construction services *Commercial and office building new construction service,15,20,1,1,2024-11-14,2024-11-14,,,0
France,France,66519310,"Assurance,Audit,Prestations de services,Assistance à maîtrise d'ouvrage,Assistance juridique",Other,Services,15,20,1,1,2023-12-29,2023-12-29,,,0
France,France,79416200,Audit,Other,Services,15,20,1,1,2024-11-01,2024-11-01,,,0
France,France,"13,115,116,168,21,274","Arrosage,Equipements spécialisés,Espaces verts,Irrigation,Audit,Prestations de services",Other,Services,15,20,1,1,2024-01-03,2024-01-03,,,0
Canada federal,Canada,*80111504 *86111500,*Labor training or development *Distance learning services,Other,*Labor training or development *Distance learning services,15,20,1,1,2024-04-11,2024-04-11,,,0
Canada federal,Canada,*44102101 *44102109 *44102405,*Franking or postage machines *Automatic postal or mailing machine *Label making machines,Other,*Franking or postage machines *Automatic postal or mailing machine *Label making machines,15,20,1,1,2023-08-21,2023-08-21,,,0
Canada federal,Canada,*80171600 *80171603,*Publicity and marketing support services *Publicity and marketing advisory service,Other,*Publicity and marketing support services *Publicity and marketing advisory service,15,20,1,1,2024-09-27,2024-09-27,,,0
France,France,"319,21,274","Sanitaire,Audit,Prestations de services",Other,Services,15,20,1,1,2026-05-06,2026-05-06,,,0
United Kingdom,United Kingdom,39151300,Modular furniture,Other,Modular furniture,15,20,1,1,2024-06-28,2024-06-28,,,0
France,France,188,Laboratoire (matériel),Other,Fournitures,15,20,519,227,2023-08-30,2026-07-26,,,0
Quebec,Canada - Quebec,81101500,NO_DESCRIPTION,Other,UNKNOWN,15,20,511,223,2023-08-01,2026-07-30,490249.0,1.0,294
Germany,Germany,30210000,NO_DESCRIPTION,Other,UNKNOWN,15,20,491,240,2023-08-09,2026-07-30,386985.8,,0
France,France,16,Articles de bureau et articles scolaires,Other,Fournitures,15,20,387,338,2023-09-18,2026-07-31,,,0
France,France,45233141,Voirie,Other,Travaux,15,20,392,332,2023-08-08,2026-07-20,,,0
Germany,Germany,45112710,NO_DESCRIPTION,Other,UNKNOWN,15,20,497,226,2023-08-10,2026-07-30,450000.0,,0
France,France,280,Produits pharmaceutiques,Other,Fournitures,15,20,502,220,2024-01-02,2026-07-30,,,0
France,France,332,Sécurité incendie,Other,Services,15,20,384,336,2023-10-23,2026-07-30,,,0
TED,CY,NO_CODE,NO_DESCRIPTION,Other,UNKNOWN,20,UNKNOWN,619,95,2023-08-01,2024-02-02,469365.0,,0
France,France,71240000,Maîtrise d'oeuvre,Other,Services,15,20,390,316,2023-08-09,2026-07-31,,,0
Germany,Germany,45111000,NO_DESCRIPTION,Other,UNKNOWN,15,20,472,234,2023-08-23,2026-07-31,881647.5,,0
France,France,203,Matériel électrique,Other,Fournitures,15,20,401,299,2023-09-20,2026-07-31,,,0
Quebec,Canada - Quebec,72154200,NO_DESCRIPTION,Other,UNKNOWN,15,20,540,159,2023-05-17,2026-07-31,334399.0,1.0,450
Germany,Germany,79000000-4,NO_DESCRIPTION,Other,UNKNOWN,15,20,698,0,2023-08-04,2026-07-29,,,0
Germany,Germany,71322000,NO_DESCRIPTION,Other,UNKNOWN,15,20,451,247,2023-08-02,2026-07-29,250000.0,,0
Quebec,Canada - Quebec,41100000,NO_DESCRIPTION,Other,UNKNOWN,15,20,638,60,2023-08-07,2026-07-30,347399.0,1.0,583
France,France,234,"Mission d'ordonnancement, pilotage, coordination (OPC)",Other,Services,15,20,392,305,2023-08-22,2026-07-30,13664.0,,0
Germany,Germany,45331210-1,NO_DESCRIPTION,Other,UNKNOWN,15,20,689,0,2023-08-01,2026-07-28,,,0
Germany,Germany,79620000,NO_DESCRIPTION,Other,UNKNOWN,15,20,565,123,2023-08-01,2026-07-31,180000.0,,0
Germany,Germany,90900000,NO_DESCRIPTION,Other,UNKNOWN,15,20,480,208,2023-08-02,2026-07-30,231000.0,,0
France,France,454,Informatique (maintenance serveurs et réseaux),Other,Services,15,20,382,305,2023-10-10,2026-07-31,,,0
Germany,Germany,71322500,NO_DESCRIPTION,Other,UNKNOWN,15,20,506,178,2023-08-01,2026-07-29,345000.0,,0
Germany,Germany,34000000,NO_DESCRIPTION,Other,UNKNOWN,15,20,507,173,2023-08-08,2026-07-30,700000.0,,0
Germany,Germany,44211100,NO_DESCRIPTION,Other,UNKNOWN,15,20,470,208,2023-08-01,2026-07-30,840000.0,,0
France,France,184,Livres,Other,Fournitures,15,20,368,308,2023-08-18,2026-07-31,,,0
France,France,240,Nettoyage urbain,Other,Services,15,20,372,301,2023-08-16,2026-07-31,,,0
France,France,19,Assistance technique,Other,Services,15,20,372,298,2023-08-22,2026-07-31,,,0
United Kingdom,United Kingdom,60170000,Hire of passenger transport vehicles with driver,Other,Hire of passenger transport vehicles with driver,15,20,614,48,2023-08-01,2026-07-31,6000000.0,,0
Germany,Germany,45311000-0,NO_DESCRIPTION,Other,UNKNOWN,15,20,661,0,2023-08-03,2026-07-30,,,0
Quebec,Canada - Quebec,76111500,NO_DESCRIPTION,Other,UNKNOWN,15,20,462,195,2021-07-23,2026-07-30,640199.0,2.0,186
Germany,Germany,77000000-0,NO_DESCRIPTION,Other,UNKNOWN,15,20,652,0,2023-08-17,2026-07-30,,,0
France,France,45111100,Démolition,Other,Travaux,15,20,365,286,2023-08-08,2026-07-30,,,0
Germany,Germany,98310000,NO_DESCRIPTION,Other,UNKNOWN,15,20,420,230,2023-08-02,2026-07-30,500000.0,,0
France,France,8,"Analyses médicales, biologiques",Other,Services,15,20,361,284,2023-08-28,2026-07-30,,,0
Germany,Germany,45110000-1,NO_DESCRIPTION,Other,UNKNOWN,15,20,643,0,2023-08-03,2026-07-28,,,0
Quebec,Canada - Quebec,93140000,NO_DESCRIPTION,Other,UNKNOWN,15,20,591,51,2023-08-01,2026-07-27,,1.0,584
France,France,66515000,Assurance,Other,Services,15,20,333,309,2023-08-10,2026-07-29,,,0
United Kingdom,United Kingdom,71000000,"Architectural, construction, engineering and inspection services",Other,"Architectural, construction, engineering and inspection services",15,20,423,217,2023-08-02,2026-07-30,300000.0,,0
Germany,Germany,45421130,NO_DESCRIPTION,Other,UNKNOWN,15,20,397,238,2023-08-02,2026-07-30,434888.8,,0
Germany,Germany,45231300,NO_DESCRIPTION,Other,UNKNOWN,15,20,506,127,2023-08-07,2026-07-29,1041427.67,,0
France,France,80530000,Formation,Other,Services,15,20,429,201,2023-08-09,2026-07-31,,,0
France,France,90910000,Nettoyage de locaux,Other,Services,15,20,329,301,2023-08-09,2026-07-07,,,0
France,France,416,Titres restaurant,Other,Fournitures,15,20,332,297,2023-10-30,2026-07-26,,,0
Germany,Germany,77300000,NO_DESCRIPTION,Other,UNKNOWN,15,20,450,177,2023-08-11,2026-07-30,441461.0,,0
Germany,Germany,45421132,NO_DESCRIPTION,Other,UNKNOWN,15,20,404,222,2023-08-02,2026-07-30,633948.0,,0
Germany,Germany,45214100,NO_DESCRIPTION,Other,UNKNOWN,15,20,521,98,2023-08-04,2026-07-29,328042.64,,0
Germany,Germany,45312100,NO_DESCRIPTION,Other,UNKNOWN,15,20,416,198,2023-08-01,2026-07-30,70621.86,,0
Germany,Germany,45111100-9,NO_DESCRIPTION,Other,UNKNOWN,15,20,613,0,2023-08-02,2026-07-27,,,0
France,France,45112500,Terrassement,Other,Travaux,15,20,337,275,2023-08-16,2026-07-31,,,0
Germany,Germany,45247110,NO_DESCRIPTION,Other,UNKNOWN,15,20,503,106,2023-08-04,2026-07-27,228000.0,,0
France,France,71300000,Maîtrise d'oeuvre,Other,Services,15,20,338,270,2023-08-08,2026-07-30,,,0
Germany,Germany,45214210,NO_DESCRIPTION,Other,UNKNOWN,15,20,488,119,2023-08-23,2026-07-31,184410.0,,0
Germany,Germany,45212225,NO_DESCRIPTION,Other,UNKNOWN,15,20,476,129,2023-08-01,2026-07-30,4000000.0,,0
Quebec,Canada - Quebec,72101500,NO_DESCRIPTION,Other,UNKNOWN,15,20,416,189,2023-08-09,2026-07-31,500299.0,1.0,221
Germany,Germany,30200000-1,NO_DESCRIPTION,Other,UNKNOWN,15,20,601,0,2023-08-03,2026-07-29,,,0
Germany,Germany,55524000,NO_DESCRIPTION,Other,UNKNOWN,15,20,424,177,2023-08-03,2026-07-22,1559210.1,,0
Germany,Germany,45262321,NO_DESCRIPTION,Other,UNKNOWN,15,20,364,235,2023-08-24,2026-07-29,165000.0,,0
Germany,Germany,45332000,NO_DESCRIPTION,Other,UNKNOWN,15,20,376,216,2023-08-09,2026-07-30,296000.0,,0
Quebec,Canada - Quebec,78180100,NO_DESCRIPTION,Other,UNKNOWN,15,20,503,84,2020-05-27,2025-09-19,,1.0,408
Germany,Germany,34,NO_DESCRIPTION,Other,UNKNOWN,15,20,586,0,2023-08-02,2026-07-30,,,0
Germany,Germany,45430000,NO_DESCRIPTION,Other,UNKNOWN,15,20,387,197,2023-08-08,2026-07-24,93302.0,,0
Quebec,Canada - Quebec,72102903,NO_DESCRIPTION,Other,UNKNOWN,15,20,409,174,2023-08-07,2026-07-31,6684999.0,1.0,212
France,France,18,Assainissement,Other,Travaux,15,20,359,224,2023-08-08,2026-07-31,,,0
Germany,Germany,43800000,NO_DESCRIPTION,Other,UNKNOWN,15,20,531,48,2023-08-03,2026-07-24,265950.0,,0
United Kingdom,United Kingdom,90500000,Refuse and waste related services,Other,Refuse and waste related services,15,20,353,225,2023-08-01,2026-07-15,1500000.0,,0
France,France,82,Collecte sélective,Other,Services,15,20,330,248,2023-09-27,2026-07-31,,,0
France,France,33,Bâtiment,Other,Services,15,20,341,236,2023-08-16,2026-07-31,17500.0,,0
Germany,Germany,45113000-2,NO_DESCRIPTION,Other,UNKNOWN,15,20,576,0,2023-08-02,2026-07-30,,,0
Germany,Germany,45421151,NO_DESCRIPTION,Other,UNKNOWN,15,20,361,215,2023-08-21,2026-07-30,123493.75,,0
France,France,367,Voyage,Other,Services,15,20,310,266,2023-09-14,2026-07-29,,,0
Germany,Germany,45315300,NO_DESCRIPTION,Other,UNKNOWN,15,20,401,173,2023-08-11,2026-07-23,250000.0,,0
Germany,Germany,45421000-4,NO_DESCRIPTION,Other,UNKNOWN,15,20,573,0,2023-08-03,2026-07-30,,,0
Germany,Germany,45300000-0,NO_DESCRIPTION,Other,UNKNOWN,15,20,570,0,2023-08-14,2026-07-29,,,0
Quebec,Canada - Quebec,72191500,NO_DESCRIPTION,Other,UNKNOWN,15,20,488,81,2023-08-02,2025-09-18,,2.0,174
Germany,Germany,35000000,NO_DESCRIPTION,Other,UNKNOWN,15,20,442,127,2023-08-08,2026-07-30,430000.0,,0
Germany,Germany,45214220,NO_DESCRIPTION,Other,UNKNOWN,15,20,443,122,2023-08-01,2026-07-30,406387.0,,0
Germany,Germany,45442100-8,NO_DESCRIPTION,Other,UNKNOWN,15,20,564,0,2023-08-01,2026-07-29,,,0
Quebec,Canada - Quebec,72102900,NO_DESCRIPTION,Other,UNKNOWN,15,20,381,181,2023-08-01,2026-07-31,334399.0,1.0,264
France,France,27,Bâtiments modulaires,Other,Fournitures,15,20,311,251,2023-12-18,2026-07-31,,,0
France,France,434,Assistance juridique,Other,Services,15,20,301,261,2023-08-11,2026-07-29,,,0
Germany,Germany,31000000,NO_DESCRIPTION,Other,UNKNOWN,15,20,439,122,2023-08-01,2026-07-30,296386.555,,0
Quebec,Canada - Quebec,25101507,NO_DESCRIPTION,Other,UNKNOWN,15,20,386,172,2020-05-27,2026-07-31,99999.0,1.0,259
Quebec,Canada - Quebec,91111601,NO_DESCRIPTION,Other,UNKNOWN,15,20,383,171,2023-05-15,2026-07-13,627199.0,2.0,178
Germany,Germany,32424000,NO_DESCRIPTION,Other,UNKNOWN,15,20,387,164,2023-08-04,2026-07-28,273109.24,,0
Germany,Germany,98392000,NO_DESCRIPTION,Other,UNKNOWN,15,20,387,164,2023-08-03,2026-07-31,600000.0,,0
Germany,Germany,34144700,NO_DESCRIPTION,Other,UNKNOWN,15,20,401,149,2023-08-03,2026-07-31,375000.0,,0
Quebec,Canada - Quebec,92121504,NO_DESCRIPTION,Other,UNKNOWN,15,20,387,163,2020-03-30,2026-07-27,6943899.0,1.0,207
Germany,Germany,66114000,NO_DESCRIPTION,Other,UNKNOWN,15,20,321,228,2023-08-11,2026-07-30,500000.0,,0
France,France,445,Evénementiel,Other,Services,15,20,312,237,2023-08-24,2026-07-26,,,0
Germany,Germany,45317000,NO_DESCRIPTION,Other,UNKNOWN,15,20,381,167,2023-08-09,2026-07-29,600000.0,,0
Quebec,Canada - Quebec,81101508,NO_DESCRIPTION,Other,UNKNOWN,15,20,370,176,2023-08-31,2026-07-30,350349.0,1.0,290
France,France,461,Mise à disposition de personnel,Other,Services,15,20,294,251,2023-08-09,2026-07-26,,,0
France,France,181,Laboratoire (fourniture),Other,Fournitures,15,20,340,200,2023-12-18,2026-07-31,,,0
Germany,Germany,45315700,NO_DESCRIPTION,Other,UNKNOWN,15,20,348,191,2023-08-25,2026-07-30,160000.0,,0
Quebec,Canada - Quebec,25101601,NO_DESCRIPTION,Other,UNKNOWN,15,20,357,180,2019-01-09,2026-07-23,199999.0,1.0,149
TED,MT,NO_CODE,NO_DESCRIPTION,Other,UNKNOWN,20,UNKNOWN,499,37,2023-08-01,2024-06-24,363893.67,,0
Germany,Germany,45231000,NO_DESCRIPTION,Other,UNKNOWN,15,20,371,160,2023-08-09,2026-07-28,6640000.0,,0
France,France,66,Restauration collective,Other,Fournitures,15,20,282,248,2023-09-10,2026-07-31,,,0
Germany,Germany,45233222-1,NO_DESCRIPTION,Other,UNKNOWN,15,20,528,0,2023-08-04,2026-07-30,,,0
Germany,Germany,90911200-8,NO_DESCRIPTION,Other,UNKNOWN,15,20,528,0,2023-08-03,2026-07-28,,,0
France,France,45316110,Eclairage public,Other,Travaux,15,20,281,247,2023-08-09,2026-07-30,,,0
Germany,Germany,45442110-1,NO_DESCRIPTION,Other,UNKNOWN,15,20,524,0,2023-08-03,2026-07-30,,,0
Germany,Germany,71356400,NO_DESCRIPTION,Other,UNKNOWN,15,20,368,156,2023-08-03,2026-07-29,500000.0,,0
Germany,Germany,30000000,NO_DESCRIPTION,Other,UNKNOWN,15,20,366,157,2023-08-03,2026-07-29,594500.0,,0
Germany,Germany,33000000,NO_DESCRIPTION,Other,UNKNOWN,15,20,379,141,2023-08-06,2026-07-29,274500.0,,0
France,France,71221000,Maîtrise d'oeuvre,Other,Services,15,20,278,239,2023-08-08,2026-07-28,,,0
France,France,34100000,Véhicules (acquisition),Other,Fournitures,15,20,276,240,2023-08-08,2026-07-29,,,0
Germany,Germany,34100000-8,NO_DESCRIPTION,Other,UNKNOWN,15,20,513,0,2023-08-01,2026-07-30,,,0
France,France,116,Espaces verts,Other,Travaux,15,20,277,229,2023-08-11,2026-07-30,,,0
Germany,Germany,71317200,NO_DESCRIPTION,Other,UNKNOWN,15,20,327,178,2023-08-08,2026-07-30,150000.0,,0
Germany,Germany,79340000,NO_DESCRIPTION,Other,UNKNOWN,15,20,339,164,2023-08-03,2026-07-30,600862.0,,0
France,France,6,Alimentation en eau potable,Other,Services,15,20,274,228,2023-12-18,2026-07-31,,,0
Canada federal,Canada,*47120000 *47121500 *47130000 *76110000 *76111500 *76111501 *76111504 *76111505 *76111506 *76111507,*Janitorial equipment *Cleaning and janitorial carts and accessories *Cleaning and janitorial supplies *Cleaning and janitorial services *General building and office cleaning and maintenance services *Building cleaning services *Window or window blind cleaning services *Fabric and furniture cleaning services *Interior plant landscaping services *Cleaning services for parks and outdoor public venues,Other,*Janitorial equipment *Cleaning and janitorial carts and accessories *Cleaning and janitorial supplies *Cleaning and janitorial services *General building and office cleaning and maintenance services *Building cleaning services *Window or window blind cleaning services *Fabric and furniture cleaning services *Interior plant landscaping services *Cleaning services for parks and outdoor public venues,15,20,1,1,2025-12-05,2025-12-05,,,0
Canada federal,Canada,*72101508 *76110000 *76111500 *76111501 *76111505,*Floor cleaning services *Cleaning and janitorial services *General building and office cleaning and maintenance services *Building cleaning services *Fabric and furniture cleaning services,Other,*Floor cleaning services *Cleaning and janitorial services *General building and office cleaning and maintenance services *Building cleaning services *Fabric and furniture cleaning services,15,20,1,1,2023-11-09,2023-11-09,,,0
Canada federal,Canada,*53102700 *56101500 *56101705 *72153612 *73130000 *78140000 *80172200,*Uniforms *Furniture *Showcases *Interior design or decorating *Food and beverage industries *Transport services *Sponsorships,Other,*Uniforms *Furniture *Showcases *Interior design or decorating *Food and beverage industries *Transport services *Sponsorships,15,20,1,1,2023-11-08,2023-11-08,,,0
Canada federal,Canada,*76111500 *76111501 *76111504 *76111505,*General building and office cleaning and maintenance services *Building cleaning services *Window or window blind cleaning services *Fabric and furniture cleaning services,Other,*General building and office cleaning and maintenance services *Building cleaning services *Window or window blind cleaning services *Fabric and furniture cleaning services,15,20,1,1,2025-06-20,2025-06-20,,,0
France,France,222,Menuiserie,Other,Travaux,15,20,272,229,2023-08-08,2026-07-24,,,0
Germany,Germany,85000000,NO_DESCRIPTION,Other,UNKNOWN,15,20,360,141,2023-08-28,2026-07-30,1565553.5,,0
Quebec,Canada - Quebec,80101600,NO_DESCRIPTION,Other,UNKNOWN,15,20,335,166,2023-07-05,2026-07-31,733599.0,1.0,256
France,France,89,"Dératisation, désinsectisation",Other,Services,15,20,268,233,2023-08-29,2026-07-22,,,0
United Kingdom,United Kingdom,45000000,Construction work,Other,Construction work,15,20,1566,668,2023-08-01,2026-07-29,8050250.0,,0
Germany,Germany,45230000,NO_DESCRIPTION,Other,UNKNOWN,15,20,374,126,2023-08-09,2026-07-27,5612000.0,,0
Germany,Germany,42512300-1,NO_DESCRIPTION,Other,UNKNOWN,15,20,495,0,2023-08-16,2026-07-30,,,0
Quebec,Canada - Quebec,76120000,NO_DESCRIPTION,Other,UNKNOWN,15,20,341,152,2020-08-04,2026-07-30,627199.0,1.0,166
Germany,Germany,34110000,NO_DESCRIPTION,Other,UNKNOWN,15,20,399,90,2023-08-02,2026-07-30,346518.0,,0
Germany,Germany,45262300,NO_DESCRIPTION,Other,UNKNOWN,15,20,335,153,2023-08-07,2026-07-30,659798.615,,0
United Kingdom,United Kingdom,66510000,Insurance services,Other,Insurance services,15,20,268,216,2023-08-02,2026-06-11,1675000.0,,0
Germany,Germany,45320000,NO_DESCRIPTION,Other,UNKNOWN,15,20,297,179,2023-08-18,2026-07-28,84162.5,,0
Quebec,Canada - Quebec,85100000,NO_DESCRIPTION,Other,UNKNOWN,15,20,451,25,2023-09-04,2026-07-02,,1.0,432
France,France,275,Produits chimiques,Other,Fournitures,15,20,284,190,2023-08-29,2026-07-23,,,0
Germany,Germany,50000000-5,NO_DESCRIPTION,Other,UNKNOWN,15,20,473,0,2023-08-03,2026-07-27,,,0
France,France,77,Cuisine (équipement),Other,Fournitures,15,20,269,204,2023-11-22,2026-07-29,,,0
Germany,Germany,34144212,NO_DESCRIPTION,Other,UNKNOWN,15,20,260,213,2023-09-21,2026-07-16,510000.0,,0
Quebec,Canada - Quebec,81101505,NO_DESCRIPTION,Other,UNKNOWN,15,20,325,147,2021-01-12,2026-07-30,,1.0,252
France,France,90911200,Nettoyage de locaux,Other,Services,15,20,242,229,2023-08-09,2026-06-29,,,0
Germany,Germany,45247110-4,NO_DESCRIPTION,Other,UNKNOWN,15,20,469,0,2023-08-01,2026-07-30,,,0
Germany,Germany,45212190,NO_DESCRIPTION,Other,UNKNOWN,15,20,284,184,2023-08-01,2026-07-28,99159.66,,0
France,France,60130000,Transport,Other,Services,15,20,248,220,2023-08-09,2026-07-31,,,0
Germany,Germany,90911300,NO_DESCRIPTION,Other,UNKNOWN,15,20,349,118,2023-08-02,2026-07-30,300000.0,,0
Ireland,Ireland,71200000.0,Architectural and related services.,Other,Architectural and related services.,15,20,334,132,2023-08-03,2026-03-30,215000.0,,0
Germany,Germany,77200000-2,NO_DESCRIPTION,Other,UNKNOWN,15,20,465,0,2023-08-01,2026-07-30,,,0
Quebec,Canada - Quebec,72151800,NO_DESCRIPTION,Other,UNKNOWN,15,20,305,160,2024-06-11,2026-07-31,6684999.0,1.0,261
Germany,Germany,80000000-4,NO_DESCRIPTION,Other,UNKNOWN,15,20,461,0,2023-08-04,2026-07-24,,,0
Germany,Germany,45421100-5,NO_DESCRIPTION,Other,UNKNOWN,15,20,458,0,2023-08-10,2026-07-29,,,0
Germany,Germany,75131000,NO_DESCRIPTION,Other,UNKNOWN,15,20,353,104,2023-08-04,2026-07-21,1008403.36,,0
France,France,194,Machines-outils,Other,Fournitures,15,20,263,194,2023-08-11,2026-07-31,,,0
France,France,36,Blanchissage,Other,Services,15,20,249,208,2023-08-21,2026-07-23,,,0
France,France,304,"Repas, traiteur",Other,Fournitures,15,20,243,214,2023-08-09,2026-07-30,,,0
Quebec,Canada - Quebec,72141129,NO_DESCRIPTION,Other,UNKNOWN,15,20,325,131,2024-06-10,2026-07-29,3521949.0,4.0,64
Germany,Germany,16700000,NO_DESCRIPTION,Other,UNKNOWN,15,20,348,106,2023-08-01,2026-07-30,271848.74,,0
United Kingdom,United Kingdom,98000000,"Other community, social and personal services",Other,"Other community, social and personal services",15,20,287,164,2023-08-01,2026-07-22,1220000.0,,0
Germany,Germany,90919300,NO_DESCRIPTION,Other,UNKNOWN,15,20,305,145,2023-08-21,2026-07-23,400000.0,,0
Quebec,Canada - Quebec,76121500,NO_DESCRIPTION,Other,UNKNOWN,15,20,286,164,2019-07-15,2026-07-28,6943899.0,1.0,144
Canada federal,Canada,*41100000,*Laboratory and scientific equipment,Other,*Laboratory and scientific equipment,15,20,406,42,2023-08-01,2026-07-31,,,0
Quebec,Canada - Quebec,81141830,NO_DESCRIPTION,Other,UNKNOWN,15,20,388,60,2023-08-01,2026-05-24,,1.0,363
Quebec,Canada - Quebec,78142004,NO_DESCRIPTION,Other,UNKNOWN,15,20,376,72,2024-06-11,2026-07-30,,2.0,128
United Kingdom,United Kingdom,79710000,Security services,Other,Security services,15,20,255,192,2023-08-01,2026-07-15,1050000.0,,0
France,France,405,Déchetterie (exploitation),Other,Services,15,20,253,194,2023-12-12,2026-07-25,,,0
Germany,Germany,45400000,NO_DESCRIPTION,Other,UNKNOWN,15,20,320,126,2023-08-14,2026-07-29,73101.925,,0
Germany,Germany,42000000,NO_DESCRIPTION,Other,UNKNOWN,15,20,326,119,2023-08-03,2026-07-28,270000.0,,0
France,France,474,Véhicules (location),Other,Services,15,20,238,207,2023-09-15,2026-07-24,,,0
Germany,Germany,45310000-3,NO_DESCRIPTION,Other,UNKNOWN,15,20,443,0,2023-08-01,2026-07-30,,,0
Quebec,Canada - Quebec,81000000,NO_DESCRIPTION,Other,UNKNOWN,15,20,335,108,2015-01-15,2026-07-30,,1.0,188
Quebec,Canada - Quebec,72102300,NO_DESCRIPTION,Other,UNKNOWN,15,20,291,151,2023-03-28,2025-10-23,627199.0,1.0,140
Germany,Germany,45421130-4,NO_DESCRIPTION,Other,UNKNOWN,15,20,441,0,2023-08-03,2026-07-28,,,0
Germany,Germany,45441000,NO_DESCRIPTION,Other,UNKNOWN,15,20,282,158,2023-08-01,2026-07-29,338181.03500000003,,0
Germany,Germany,34632200,NO_DESCRIPTION,Other,UNKNOWN,15,20,424,15,2023-08-04,2026-07-29,1.0,,0
Germany,Germany,30213100,NO_DESCRIPTION,Other,UNKNOWN,15,20,299,140,2023-08-02,2026-07-29,388235.29,,0
France,France,231,Mobilier urbain,Other,Fournitures,15,20,250,189,2023-08-31,2026-07-29,,,0
Quebec,Canada - Quebec,72102800,NO_DESCRIPTION,Other,UNKNOWN,15,20,289,149,2023-08-07,2025-09-23,334399.0,2.0,110
France,France,45313100,Ascenseur,Other,Travaux,15,20,241,197,2023-08-09,2026-07-30,,,0
Germany,Germany,45421131-1,NO_DESCRIPTION,Other,UNKNOWN,15,20,437,0,2023-08-01,2026-07-30,,,0
France,France,341,Terrassement,Other,Travaux,15,20,243,194,2023-08-18,2026-07-17,,,0
France,France,45112700,Espaces verts,Other,Travaux,15,20,234,203,2023-08-09,2026-07-28,,,0
United Kingdom,United Kingdom,79100000,Legal services,Other,Legal services,15,20,249,186,2023-08-04,2026-07-29,4000000.0,,0
France,France,262,Papeterie,Other,Fournitures,15,20,238,197,2023-10-27,2026-07-28,,,0
Germany,Germany,55500000,NO_DESCRIPTION,Other,UNKNOWN,15,20,318,116,2023-08-12,2026-07-28,1.0,,0
Quebec,Canada - Quebec,12000000,NO_DESCRIPTION,Other,UNKNOWN,15,20,302,132,2022-07-27,2026-07-31,629399.0,1.0,179
France,France,331,Surveillance,Other,Services,15,20,227,207,2023-08-24,2026-07-24,,,0
France,France,113,Equipement sportif,Other,Fournitures,15,20,239,192,2023-08-24,2026-07-28,,,0
Germany,Germany,45261300-7,NO_DESCRIPTION,Other,UNKNOWN,15,20,430,0,2023-08-10,2026-07-29,,,0
Quebec,Canada - Quebec,78000000,NO_DESCRIPTION,Other,UNKNOWN,15,20,302,128,2021-04-12,2026-07-31,,1.0,211
France,France,55520000,"Repas, traiteur",Other,Services,15,20,222,207,2023-08-08,2026-07-30,,,0
Quebec,Canada - Quebec,78111500,NO_DESCRIPTION,Other,UNKNOWN,15,20,411,18,2023-08-18,2026-07-29,318649.0,1.0,388
Quebec,Canada - Quebec,72101509,NO_DESCRIPTION,Other,UNKNOWN,15,20,275,154,2024-06-10,2026-07-22,334399.0,1.0,184
France,France,199,Matériaux routiers,Other,Fournitures,15,20,262,167,2024-01-02,2026-07-26,,,0
Germany,Germany,45233222,NO_DESCRIPTION,Other,UNKNOWN,15,20,347,80,2023-08-03,2026-07-31,1000000.0,,0
Quebec,Canada - Quebec,22104500,NO_DESCRIPTION,Other,UNKNOWN,15,20,345,80,2021-10-27,2025-09-18,627199.0,1.0,205
Germany,Germany,45421153,NO_DESCRIPTION,Other,UNKNOWN,15,20,273,152,2023-08-21,2026-07-23,144227.71,,0
France,France,112,Equipement industriel,Other,Fournitures,15,20,260,163,2023-08-09,2026-07-29,,,0
France,France,79713000,Gardiennage,Other,Services,15,20,220,202,2023-08-10,2026-07-30,,,0
Germany,Germany,34946200,NO_DESCRIPTION,Other,UNKNOWN,15,20,418,4,2023-08-02,2025-09-24,,,0
France,France,45232150,Alimentation en eau potable,Other,Travaux,15,20,254,167,2023-08-09,2026-07-31,,,0
Germany,Germany,34144000,NO_DESCRIPTION,Other,UNKNOWN,15,20,276,143,2023-08-10,2026-07-22,244005.0,,0
Germany,Germany,71400000,NO_DESCRIPTION,Other,UNKNOWN,15,20,254,164,2023-08-04,2026-07-30,245000.0,,0
France,France,45112710,Espaces verts,Other,Travaux,15,20,224,194,2023-08-09,2026-07-31,,,0
Quebec,Canada - Quebec,25100000,NO_DESCRIPTION,Other,UNKNOWN,15,20,281,135,2022-06-22,2026-07-24,,1.0,208
France,France,431,Amiante (diagnostic),Other,Services,15,20,223,193,2023-09-11,2026-07-29,,,0
Germany,Germany,42990000,NO_DESCRIPTION,Other,UNKNOWN,15,20,360,55,2023-08-02,2026-07-24,290000.0,,0
Quebec,Canada - Quebec,70111710,NO_DESCRIPTION,Other,UNKNOWN,15,20,295,119,2023-08-24,2026-07-15,133799.0,2.0,96
France,France,45311200,Electricité (travaux),Other,Travaux,15,20,220,194,2023-08-09,2026-07-27,,,0
France,France,"116,274","Espaces verts,Prestations de services",Other,Services,15,20,234,180,2023-08-28,2026-07-28,,,0
France,France,45262660,Amiante (désamiantage),Other,Travaux,15,20,220,193,2023-08-12,2026-07-30,,,0
Germany,Germany,45432100-5,NO_DESCRIPTION,Other,UNKNOWN,15,20,412,0,2023-08-09,2026-07-30,,,0
Germany,Germany,45232400,NO_DESCRIPTION,Other,UNKNOWN,15,20,355,57,2023-08-02,2026-07-27,566740.0,,0
Quebec,Canada - Quebec,39000000,NO_DESCRIPTION,Other,UNKNOWN,15,20,269,143,2023-08-02,2026-07-22,99999.0,1.0,206
France,France,45261420,Etanchéité,Other,Travaux,15,20,219,193,2023-08-18,2026-07-17,,,0
Quebec,Canada - Quebec,72160000,NO_DESCRIPTION,Other,UNKNOWN,15,20,278,133,2018-01-10,2026-05-11,6684999.0,1.0,217
Germany,Germany,98341140,NO_DESCRIPTION,Other,UNKNOWN,15,20,287,121,2023-08-02,2026-07-30,1.0,,0
France,France,322,Signalisation,Other,Fournitures,15,20,231,176,2023-09-13,2026-07-24,,,0
France,France,45223220,Gros oeuvre,Other,Travaux,15,20,226,181,2023-08-17,2026-07-20,,,0
France,France,185,Location (matériels),Other,Fournitures,15,20,220,187,2023-08-09,2026-07-25,,,0
Germany,Germany,45450000,NO_DESCRIPTION,Other,UNKNOWN,15,20,283,123,2023-08-02,2026-07-29,5500.0,,0
Germany,Germany,50700000,NO_DESCRIPTION,Other,UNKNOWN,15,20,286,119,2023-08-07,2026-07-28,1400000.0,,0
Germany,Germany,42,NO_DESCRIPTION,Other,UNKNOWN,15,20,403,0,2023-08-04,2026-07-28,,,0
Quebec,Canada - Quebec,81141500,NO_DESCRIPTION,Other,UNKNOWN,15,20,251,151,2023-08-01,2026-07-30,500299.0,1.0,159
United Kingdom,United Kingdom,85110000,Hospital and related services,Other,Hospital and related services,15,20,305,96,2023-08-04,2026-07-27,9511500.0,,0
Quebec,Canada - Quebec,72152601,NO_DESCRIPTION,Other,UNKNOWN,15,20,251,150,2024-06-13,2026-07-24,347399.0,3.0,77
Quebec,Canada - Quebec,72102201,NO_DESCRIPTION,Other,UNKNOWN,15,20,256,144,2023-08-03,2025-10-07,234099.0,1.0,137
United Kingdom,United Kingdom,85149000,Pharmacy services,Other,Pharmacy services,15,20,328,72,2023-08-15,2026-07-03,200000.0,,0
France,France,274,Prestations de services,Other,Fournitures,15,20,216,183,2023-11-22,2026-07-31,,,0
Germany,Germany,77211500,NO_DESCRIPTION,Other,UNKNOWN,15,20,296,102,2023-08-02,2026-07-29,555462.0,,0
Germany,Germany,77230000-1,NO_DESCRIPTION,Other,UNKNOWN,15,20,397,0,2023-08-01,2026-07-30,,,0
France,France,252,Ouvrage d'art,Other,Travaux,15,20,231,166,2023-08-08,2026-07-29,,,0
Quebec,Canada - Quebec,30000000,NO_DESCRIPTION,Other,UNKNOWN,15,20,261,136,2023-08-16,2026-07-27,,1.0,189
Germany,Germany,45234160,NO_DESCRIPTION,Other,UNKNOWN,15,20,349,46,2023-08-03,2026-07-28,926793.415,,0
France,France,39830000,Produits d'entretien,Other,Fournitures,15,20,202,193,2023-08-10,2026-07-21,,,0
United Kingdom,United Kingdom,38000000,"Laboratory, optical and precision equipments (excl. glasses)",Other,"Laboratory, optical and precision equipments (excl. glasses)",15,20,302,92,2023-08-01,2026-07-31,350000.0,,0
France,France,71356100,Contrôle technique,Other,Services,15,20,208,185,2023-08-09,2026-07-29,,,0
France,France,45233140,Voirie et réseaux divers,Other,Travaux,15,20,222,170,2023-08-12,2026-07-30,,,0
France,France,66512000,Assurance,Other,Services,15,20,200,192,2023-08-09,2026-06-24,,,0
France,France,55523100,Restauration collective,Other,Services,15,20,200,192,2023-08-11,2026-07-31,,,0
Germany,Germany,90470000,NO_DESCRIPTION,Other,UNKNOWN,15,20,275,116,2023-08-07,2026-07-30,407753.5,,0
France,France,80511000,Formation,Other,Services,15,20,223,168,2023-08-08,2026-07-31,,,0
Germany,Germany,60100000,NO_DESCRIPTION,Other,UNKNOWN,15,20,277,113,2023-08-01,2026-07-24,800000.0,,0
Germany,Germany,71319000,NO_DESCRIPTION,Other,UNKNOWN,15,20,285,104,2023-08-14,2026-07-29,537406.0,,0
Germany,Germany,16000000,NO_DESCRIPTION,Other,UNKNOWN,15,20,323,65,2023-08-07,2026-07-30,385000.0,,0
Quebec,Canada - Quebec,81101600,NO_DESCRIPTION,Other,UNKNOWN,15,20,288,100,2023-08-01,2026-07-31,334399.0,1.0,236
Quebec,Canada - Quebec,12352321,NO_DESCRIPTION,Other,UNKNOWN,15,20,252,136,2018-05-04,2026-07-27,133799.0,5.0,20
Quebec,Canada - Quebec,30222035,NO_DESCRIPTION,Other,UNKNOWN,15,20,233,155,2023-08-02,2025-09-16,480799.0,4.0,63
France,France,17,Ascenseur,Other,Services,15,20,204,184,2023-09-20,2026-07-06,,,0
Quebec,Canada - Quebec,72102200,NO_DESCRIPTION,Other,UNKNOWN,15,20,257,130,2023-08-08,2025-09-03,334399.0,1.0,129
Germany,Germany,34144210-3,NO_DESCRIPTION,Other,UNKNOWN,15,20,386,0,2023-08-03,2026-07-30,,,0
Germany,Germany,90620000-9,NO_DESCRIPTION,Other,UNKNOWN,15,20,384,0,2023-08-01,2026-07-28,,,0
Germany,Germany,44211100-3,NO_DESCRIPTION,Other,UNKNOWN,15,20,383,0,2023-08-18,2026-07-29,,,0
Germany,Germany,45432130-4,NO_DESCRIPTION,Other,UNKNOWN,15,20,383,0,2023-08-09,2026-07-29,,,0
Quebec,Canada - Quebec,99000000,NO_DESCRIPTION,Other,UNKNOWN,15,20,366,17,2023-09-15,2025-09-19,,1.0,365
Germany,Germany,34144511,NO_DESCRIPTION,Other,UNKNOWN,15,20,245,138,2023-08-29,2026-07-31,300000.0,,0
France,France,71631300,Contrôle technique,Other,Services,15,20,203,179,2023-08-09,2026-07-30,,,0
Germany,Germany,45443000-4,NO_DESCRIPTION,Other,UNKNOWN,15,20,381,0,2023-08-02,2026-07-30,,,0
Germany,Germany,38433100,NO_DESCRIPTION,Other,UNKNOWN,15,20,254,127,2023-09-04,2026-07-31,320000.0,,0
Quebec,Canada - Quebec,80131500,NO_DESCRIPTION,Other,UNKNOWN,15,20,317,64,2023-08-11,2026-07-31,6684999.0,1.0,253
Quebec,Canada - Quebec,76121501,NO_DESCRIPTION,Other,UNKNOWN,15,20,220,160,2022-07-22,2026-07-30,334399.0,1.0,103
Quebec,Canada - Quebec,72102405,NO_DESCRIPTION,Other,UNKNOWN,15,20,228,152,2023-08-22,2025-09-18,,2.0,85
Germany,Germany,34114110,NO_DESCRIPTION,Other,UNKNOWN,15,20,243,136,2023-08-03,2026-07-23,447018.76,,0
Germany,Germany,90400000,NO_DESCRIPTION,Other,UNKNOWN,15,20,239,139,2023-08-23,2026-07-21,755458.2,,0
France,France,45454000,Bâtiment,Other,Travaux,15,20,209,169,2023-08-11,2026-07-31,,,0
Quebec,Canada - Quebec,70111706,NO_DESCRIPTION,Other,UNKNOWN,15,20,237,140,2023-08-09,2026-07-24,334399.0,1.0,118
Quebec,Canada - Quebec,70111713,NO_DESCRIPTION,Other,UNKNOWN,15,20,265,111,2022-06-15,2026-07-30,199999.0,1.0,187
Ireland,Ireland,45000000.0,Construction work.,Other,Construction work.,15,20,1478,375,2023-08-02,2026-03-31,600000.0,,0
Germany,Germany,71250000,NO_DESCRIPTION,Other,UNKNOWN,15,20,267,108,2023-08-02,2026-07-30,214285.71,,0
Germany,Germany,66510000,NO_DESCRIPTION,Other,UNKNOWN,15,20,215,158,2023-08-04,2026-07-30,490000.0,,0
Germany,Germany,34121100,NO_DESCRIPTION,Other,UNKNOWN,15,20,226,145,2023-08-25,2026-07-29,1550000.0,,0
Germany,Germany,45215130,NO_DESCRIPTION,Other,UNKNOWN,15,20,312,58,2023-08-03,2026-07-30,0.0,,0
France,France,185,Location (matériels),Other,Services,15,20,198,172,2023-08-12,2026-07-25,,,0
Quebec,Canada - Quebec,72101605,NO_DESCRIPTION,Other,UNKNOWN,15,20,226,144,2023-07-14,2025-08-19,520549.0,2.0,92
Germany,Germany,45262320-0,NO_DESCRIPTION,Other,UNKNOWN,15,20,368,0,2023-08-03,2026-07-28,,,0
Quebec,Canada - Quebec,81141804,NO_DESCRIPTION,Other,UNKNOWN,15,20,253,115,2022-02-21,2026-07-31,367999.0,1.0,175
Germany,Germany,35110000,NO_DESCRIPTION,Other,UNKNOWN,15,20,250,117,2023-08-03,2026-07-17,65000.0,,0
Germany,Germany,45331231,NO_DESCRIPTION,Other,UNKNOWN,15,20,255,110,2023-08-22,2026-07-30,179015.095,,0
Quebec,Canada - Quebec,80101504,NO_DESCRIPTION,Other,UNKNOWN,15,20,233,131,2022-06-16,2026-07-31,,1.0,203
Quebec,Canada - Quebec,72141003,NO_DESCRIPTION,Other,UNKNOWN,15,20,281,82,2024-06-12,2026-07-31,,2.0,89
Germany,Germany,31000000-6,NO_DESCRIPTION,Other,UNKNOWN,15,20,363,0,2023-08-03,2026-07-29,,,0
France,France,09310000,"Electricité, gaz (fourniture)",Other,Fournitures,15,20,192,171,2023-08-09,2026-07-01,,,0
Germany,Germany,90000000-7,NO_DESCRIPTION,Other,UNKNOWN,15,20,362,0,2023-08-09,2026-07-28,,,0
Germany,Germany,34110000-1,NO_DESCRIPTION,Other,UNKNOWN,15,20,362,0,2023-09-05,2026-07-21,,,0
Quebec,Canada - Quebec,81141807,NO_DESCRIPTION,Other,UNKNOWN,15,20,230,132,2020-04-20,2026-07-29,350599.0,2.0,103
Germany,Germany,90510000,NO_DESCRIPTION,Other,UNKNOWN,15,20,226,136,2023-08-22,2026-07-31,150000.0,,0
France,France,198,Matériaux de construction,Other,Fournitures,15,20,205,157,2024-01-02,2026-07-31,,,0
Germany,Germany,77211500-7,NO_DESCRIPTION,Other,UNKNOWN,15,20,361,0,2023-08-02,2026-07-30,,,0
Germany,Germany,45332400-7,NO_DESCRIPTION,Other,UNKNOWN,15,20,359,0,2023-08-03,2026-07-29,,,0
Quebec,Canada - Quebec,40000000,NO_DESCRIPTION,Other,UNKNOWN,15,20,226,131,2023-08-11,2026-07-21,496999.0,1.0,178
France,France,45261210,Couverture,Other,Travaux,15,20,196,161,2023-08-12,2026-07-17,,,0
France,France,45310000,Electricité (travaux),Other,Travaux,15,20,188,169,2023-08-09,2026-07-31,,,0
Germany,Germany,39160000-1,NO_DESCRIPTION,Other,UNKNOWN,15,20,356,0,2023-08-10,2026-07-29,,,0
France,France,102,Eclairage public,Other,Travaux,15,20,205,151,2023-08-25,2026-07-19,,,0
Germany,Germany,45232460-4,NO_DESCRIPTION,Other,UNKNOWN,15,20,355,0,2023-08-21,2026-07-28,,,0
Germany,Germany,90513900,NO_DESCRIPTION,Other,UNKNOWN,15,20,204,150,2023-08-02,2026-07-27,462500.0,,0
Germany,Germany,79611000,NO_DESCRIPTION,Other,UNKNOWN,15,20,330,23,2023-08-09,2026-07-29,1231267.4300000002,,0
Germany,Germany,79410000,NO_DESCRIPTION,Other,UNKNOWN,15,20,240,113,2023-08-02,2026-07-30,850000.0,,0
France,France,45261215,Photovoltaïque,Other,Travaux,15,20,190,163,2023-08-24,2026-07-30,,,0
France,France,200,"Matériel agricole, horticole",Other,Fournitures,15,20,203,149,2023-09-15,2026-07-28,,,0
Germany,Germany,45233221-4,NO_DESCRIPTION,Other,UNKNOWN,15,20,351,0,2023-08-18,2026-07-29,,,0
Germany,Germany,34143000,NO_DESCRIPTION,Other,UNKNOWN,15,20,240,110,2023-08-02,2026-07-29,255210.09,,0
Germany,Germany,45214000,NO_DESCRIPTION,Other,UNKNOWN,15,20,239,110,2023-08-25,2026-07-30,435132.5,,0
Germany,Germany,55520000,NO_DESCRIPTION,Other,UNKNOWN,15,20,211,138,2023-09-24,2026-07-15,1124288.0,,0
France,France,80500000,Formation,Other,Services,15,20,204,144,2023-08-12,2026-06-30,,,0
Quebec,Canada - Quebec,56101700,NO_DESCRIPTION,Other,UNKNOWN,15,20,217,130,2019-07-15,2026-07-22,3516199.0,1.0,107
France,France,45220000,Ouvrage d'art,Other,Travaux,15,20,204,142,2023-08-11,2026-07-15,,,0
France,France,15800000,Denrées alimentaires,Other,Fournitures,15,20,181,164,2023-08-08,2026-07-23,,,0
Germany,Germany,32000000,NO_DESCRIPTION,Other,UNKNOWN,15,20,244,101,2023-08-02,2026-07-30,620000.0,,0
France,France,471,"Sondage, enquête",Other,Services,15,20,193,152,2023-09-18,2026-07-28,,,0
France,France,50324200,Maintenance,Other,Services,15,20,181,163,2023-08-10,2026-07-24,,,0
Germany,Germany,45233140-2,NO_DESCRIPTION,Other,UNKNOWN,15,20,343,0,2023-08-03,2026-07-24,,,0
Quebec,Canada - Quebec,72151500,NO_DESCRIPTION,Other,UNKNOWN,15,20,218,124,2024-06-25,2026-07-28,527049.0,1.0,127
Germany,Germany,30000000-9,NO_DESCRIPTION,Other,UNKNOWN,15,20,341,0,2023-08-02,2026-07-14,,,0
Germany,Germany,09000000,NO_DESCRIPTION,Other,UNKNOWN,15,20,204,136,2023-08-11,2026-07-17,431940.0,,0
Germany,Germany,77310000-6,NO_DESCRIPTION,Other,UNKNOWN,15,20,339,0,2023-08-03,2026-07-27,,,0
Quebec,Canada - Quebec,90110000,NO_DESCRIPTION,Other,UNKNOWN,15,20,276,63,2023-08-01,2026-07-30,,1.0,264
France,France,71300000,Ingénierie,Other,Services,15,20,180,159,2023-08-08,2026-07-21,,,0
Germany,Germany,77314000,NO_DESCRIPTION,Other,UNKNOWN,15,20,250,88,2023-08-02,2026-07-29,240000.0,,0
Germany,Germany,45232000,NO_DESCRIPTION,Other,UNKNOWN,15,20,250,87,2023-08-07,2026-07-23,3724715.41,,0
Quebec,Canada - Quebec,84111600,NO_DESCRIPTION,Other,UNKNOWN,15,20,190,146,2023-08-15,2026-07-24,334399.0,1.0,113
Germany,Germany,45223210-1,NO_DESCRIPTION,Other,UNKNOWN,15,20,336,0,2023-08-10,2026-07-30,,,0
France,France,71241000,Assistance à maîtrise d'ouvrage,Other,Services,15,20,188,148,2023-08-09,2026-07-30,,,0
France,France,271,Pneumatiques,Other,Fournitures,15,20,181,153,2023-08-14,2026-07-17,,,0
Germany,Germany,90610000,NO_DESCRIPTION,Other,UNKNOWN,15,20,228,106,2023-09-04,2026-07-30,518500.0,,0
France,France,343,Textile,Other,Fournitures,15,20,184,149,2023-09-22,2026-07-26,,,0
Quebec,Canada - Quebec,30121601,NO_DESCRIPTION,Other,UNKNOWN,15,20,233,99,2023-08-04,2026-07-15,,1.0,126
France,France,344,Topographie,Other,Services,15,20,179,153,2023-08-10,2026-07-22,,,0
France,France,22,Audiovisuel,Other,Fournitures,15,20,178,154,2023-08-09,2026-07-29,,,0
France,France,358,Végétaux,Other,Fournitures,15,20,182,149,2023-11-15,2026-07-28,,,0
France,France,446,Expertise comptable,Other,Services,15,20,174,157,2023-08-15,2026-07-30,,,0
France,France,85312110,Prestations de services,Other,Services,15,20,173,158,2023-08-08,2026-07-30,,,0
Quebec,Canada - Quebec,92121702,NO_DESCRIPTION,Other,UNKNOWN,15,20,218,113,2023-08-07,2026-07-15,334399.0,1.0,166
France,France,"274,347","Prestations de services,Transport",Other,Services,15,20,188,142,2023-10-24,2026-07-30,,,0
Germany,Germany,22111000,NO_DESCRIPTION,Other,UNKNOWN,15,20,213,115,2023-11-22,2026-07-23,510000.0,,0
Germany,Germany,45313100-5,NO_DESCRIPTION,Other,UNKNOWN,15,20,326,0,2023-08-04,2026-07-30,,,0
Quebec,Canada - Quebec,78110000,NO_DESCRIPTION,Other,UNKNOWN,15,20,221,105,2023-08-02,2026-07-29,334399.0,1.0,157
Germany,Germany,45111000-8,NO_DESCRIPTION,Other,UNKNOWN,15,20,325,0,2023-08-04,2026-07-31,,,0
Germany,Germany,45221100,NO_DESCRIPTION,Other,UNKNOWN,15,20,267,58,2023-08-08,2026-07-30,2950000.0,,0
Quebec,Canada - Quebec,11111611,NO_DESCRIPTION,Other,UNKNOWN,15,20,216,109,2023-08-01,2026-07-21,,1.0,105
Quebec,Canada - Quebec,72150000,NO_DESCRIPTION,Other,UNKNOWN,15,20,209,116,2023-08-03,2026-07-29,640199.0,1.0,119
France,France,61,Chauffage (travaux),Other,Travaux,15,20,179,143,2023-08-08,2026-07-30,,,0
Germany,Germany,71500000,NO_DESCRIPTION,Other,UNKNOWN,15,20,204,116,2023-08-04,2026-07-28,130000.0,,0
Quebec,Canada - Quebec,32000000,NO_DESCRIPTION,Other,UNKNOWN,15,20,222,97,2023-08-11,2026-07-10,,1.0,192
Germany,Germany,45112730,NO_DESCRIPTION,Other,UNKNOWN,15,20,302,17,2023-08-04,2026-07-21,691946.975,,0
Quebec,Canada - Quebec,80161500,NO_DESCRIPTION,Other,UNKNOWN,15,20,217,102,2023-08-01,2026-07-29,,1.0,195
Germany,Germany,45261410-1,NO_DESCRIPTION,Other,UNKNOWN,15,20,318,0,2023-08-01,2026-07-28,,,0
Germany,Germany,45252100,NO_DESCRIPTION,Other,UNKNOWN,15,20,233,85,2023-08-24,2026-07-30,1940520.0,,0
France,France,45331000,Chauffage (travaux),Other,Travaux,15,20,168,150,2023-08-11,2026-07-23,,,0
France,France,66515200,Assurance,Other,Services,15,20,164,153,2023-08-10,2026-07-15,,,0
Quebec,Canada - Quebec,22000000,NO_DESCRIPTION,Other,UNKNOWN,15,20,192,124,2023-08-30,2026-07-27,627199.0,1.0,100
Germany,Germany,71630000,NO_DESCRIPTION,Other,UNKNOWN,15,20,219,97,2023-08-04,2026-07-29,362920.5,,0
Germany,Germany,85300000,NO_DESCRIPTION,Other,UNKNOWN,15,20,233,81,2023-08-07,2026-07-28,519164.31,,0
France,France,45233142,Voirie,Other,Travaux,15,20,168,146,2023-08-08,2026-07-20,,,0
Germany,Germany,75000000,NO_DESCRIPTION,Other,UNKNOWN,15,20,233,79,2023-08-11,2026-07-30,1137310.0,,0
Germany,Germany,45231100,NO_DESCRIPTION,Other,UNKNOWN,15,20,239,72,2023-08-04,2026-07-24,3150000.0,,0
Germany,Germany,45212200,NO_DESCRIPTION,Other,UNKNOWN,15,20,233,78,2023-08-03,2026-07-29,41588.235,,0
Germany,Germany,45112723-9,NO_DESCRIPTION,Other,UNKNOWN,15,20,311,0,2023-08-11,2026-07-30,,,0
France,France,450,Fouille archéologique,Other,Services,15,20,171,140,2023-11-27,2026-07-25,,,0
France,France,39,Boisson,Other,Fournitures,15,20,169,142,2023-09-10,2026-07-29,,,0
Quebec,Canada - Quebec,80111617,NO_DESCRIPTION,Other,UNKNOWN,15,20,221,89,2023-10-25,2026-07-22,493799.0,1.0,194
France,France,45454000,Tous corps d'état,Other,Travaux,15,20,179,131,2023-08-09,2026-07-15,,,0
Germany,Germany,34144700-5,NO_DESCRIPTION,Other,UNKNOWN,15,20,309,0,2023-08-03,2026-07-29,,,0
Ireland,Ireland,NO_CODE,NO_DESCRIPTION,Other,UNKNOWN,15,20,296,13,2023-08-01,2025-05-08,,,0
Quebec,Canada - Quebec,84101600,NO_DESCRIPTION,Other,UNKNOWN,15,20,291,18,2023-08-07,2026-07-24,,1.0,288
Germany,Germany,85147000,NO_DESCRIPTION,Other,UNKNOWN,15,20,220,89,2023-08-01,2026-07-31,450971.9,,0
Germany,Germany,30213200,NO_DESCRIPTION,Other,UNKNOWN,15,20,207,101,2023-08-01,2026-07-28,302521.0,,0
Germany,Germany,45216121,NO_DESCRIPTION,Other,UNKNOWN,15,20,241,66,2023-08-23,2026-07-30,184070.0,,0
Canada federal,Canada,NO_CODE,NO_DESCRIPTION,Other,UNKNOWN,15,20,291,15,2023-08-08,2026-07-28,,,0
Germany,Germany,90513000,NO_DESCRIPTION,Other,UNKNOWN,15,20,216,90,2023-08-06,2026-07-31,530000.0,,0
TED,MD,NO_CODE,NO_DESCRIPTION,Other,UNKNOWN,20,UNKNOWN,258,47,2023-08-02,2024-01-31,4868900.0,,0
Germany,Germany,45212000,NO_DESCRIPTION,Other,UNKNOWN,15,20,222,82,2023-08-01,2026-07-30,0.0,,0
France,France,"197,455","Maîtrise d'oeuvre,Ingénierie",Other,Services,15,20,170,134,2023-08-14,2026-07-23,24000.0,,0
United Kingdom,United Kingdom,85312500,Rehabilitation services,Other,Rehabilitation services,15,20,214,89,2023-08-16,2026-07-31,860000.0,,0
Germany,Germany,79200000,NO_DESCRIPTION,Other,UNKNOWN,15,20,182,121,2023-08-01,2026-07-29,360500.0,,0
Germany,Germany,45262120-8,NO_DESCRIPTION,Other,UNKNOWN,15,20,303,0,2023-09-14,2026-07-29,,,0
Quebec,Canada - Quebec,72141105,NO_DESCRIPTION,Other,UNKNOWN,15,20,198,104,2024-06-13,2026-07-30,,4.0,35
Germany,Germany,37535200-9,NO_DESCRIPTION,Other,UNKNOWN,15,20,302,0,2023-08-04,2026-07-28,,,0
France,France,6,Alimentation en eau potable,Other,Travaux,15,20,187,115,2023-12-22,2026-07-19,,,0
France,France,87,Démolition,Other,Travaux,15,20,167,135,2023-10-10,2026-07-31,,,0
Germany,Germany,38510000,NO_DESCRIPTION,Other,UNKNOWN,15,20,206,95,2023-08-31,2026-07-27,247900.0,,0
Germany,Germany,34143000-1,NO_DESCRIPTION,Other,UNKNOWN,15,20,300,0,2023-08-02,2026-07-29,,,0
Quebec,Canada - Quebec,55111525,NO_DESCRIPTION,Other,UNKNOWN,15,20,280,20,2020-12-11,2025-09-10,,1.0,274
Quebec,Canada - Quebec,80110000,NO_DESCRIPTION,Other,UNKNOWN,15,20,195,104,2023-08-01,2026-07-31,,1.0,167
Germany,Germany,45233100,NO_DESCRIPTION,Other,UNKNOWN,15,20,252,47,2023-08-04,2026-07-30,6722690.0,,0
United Kingdom,United Kingdom,85130000,Dental practice and related services,Other,Dental practice and related services,15,20,216,82,2023-08-02,2026-07-10,2765000.0,,0
France,France,60112000,Transport,Other,Services,15,20,171,127,2023-08-09,2026-07-07,,,0
Germany,Germany,45421146,NO_DESCRIPTION,Other,UNKNOWN,15,20,193,105,2023-08-07,2026-07-27,154000.0,,0
Germany,Germany,79952000,NO_DESCRIPTION,Other,UNKNOWN,15,20,212,85,2023-08-07,2026-07-23,450000.0,,0
Quebec,Canada - Quebec,83101500,NO_DESCRIPTION,Other,UNKNOWN,15,20,188,109,2018-02-19,2026-07-30,,1.0,88
France,France,71317210,Prestations de services,Other,Services,15,20,156,140,2023-08-09,2026-06-24,,,0
France,France,45330000,Plomberie (travaux),Other,Travaux,15,20,156,140,2023-08-09,2026-07-24,,,0
Germany,Germany,71320000-7,NO_DESCRIPTION,Other,UNKNOWN,15,20,296,0,2023-08-03,2026-07-28,,,0
Germany,Germany,50710000,NO_DESCRIPTION,Other,UNKNOWN,15,20,220,76,2023-08-01,2026-07-28,400000.0,,0
France,France,347,Transport,Other,Fournitures,15,20,171,125,2023-09-22,2026-07-03,,,0
Germany,Germany,45332200,NO_DESCRIPTION,Other,UNKNOWN,15,20,194,102,2023-08-11,2026-07-14,700000.0,,0
United Kingdom,United Kingdom,85121270,Psychiatrist or psychologist services,Other,Psychiatrist or psychologist services,15,20,216,79,2024-01-30,2026-07-31,1064370.0,,0
Germany,Germany,90491000,NO_DESCRIPTION,Other,UNKNOWN,15,20,204,91,2023-11-06,2026-07-30,379932.5,,0
France,France,439,Composteur,Other,Fournitures,15,20,164,131,2023-08-23,2026-07-22,,,0
Germany,Germany,80530000,NO_DESCRIPTION,Other,UNKNOWN,15,20,267,27,2023-08-04,2026-07-22,,,0
Germany,Germany,71314000,NO_DESCRIPTION,Other,UNKNOWN,15,20,197,97,2023-08-28,2026-07-30,679000.0,,0
Germany,Germany,45261300,NO_DESCRIPTION,Other,UNKNOWN,15,20,193,101,2023-08-01,2026-07-13,124251.5,,0
Ireland,Ireland,22111000.0,School books.,Other,School books.,15,20,151,143,2024-04-15,2025-05-29,83745.0,,0
Germany,Germany,45432113,NO_DESCRIPTION,Other,UNKNOWN,15,20,173,120,2023-08-17,2026-07-30,123752.5,,0
Germany,Germany,71410000,NO_DESCRIPTION,Other,UNKNOWN,15,20,181,111,2023-08-29,2026-07-29,263865.0,,0
Germany,Germany,77230000,NO_DESCRIPTION,Other,UNKNOWN,15,20,259,33,2023-08-09,2026-07-30,720000.0,,0
Quebec,Canada - Quebec,72102902,NO_DESCRIPTION,Other,UNKNOWN,15,20,177,115,2019-03-13,2026-07-29,,1.0,121
United Kingdom,United Kingdom,33000000,"Medical equipments, pharmaceuticals and personal care products",Other,"Medical equipments, pharmaceuticals and personal care products",15,20,230,59,2023-08-03,2026-07-27,1089500.0,,0
France,France,39100000,Mobilier,Other,Fournitures,15,20,150,139,2023-08-09,2026-07-16,,,0
Germany,Germany,45112720,NO_DESCRIPTION,Other,UNKNOWN,15,20,222,66,2023-08-08,2026-07-28,739273.0,,0
Quebec,Canada - Quebec,53100000,NO_DESCRIPTION,Other,UNKNOWN,15,20,199,89,2019-06-05,2026-07-24,121199.0,1.0,124
United Kingdom,United Kingdom,85111800,Pathology services,Other,Pathology services,15,20,211,76,2023-08-03,2026-07-15,2080000.0,,0
Germany,Germany,45233162-2,NO_DESCRIPTION,Other,UNKNOWN,15,20,286,0,2023-09-09,2026-07-30,,,0
Germany,Germany,45232450,NO_DESCRIPTION,Other,UNKNOWN,15,20,209,76,2023-08-01,2026-07-30,6205500.0,,0
Germany,Germany,33111000,NO_DESCRIPTION,Other,UNKNOWN,15,20,172,112,2023-08-10,2026-07-30,134000.0,,0
France,France,60100000,Transport,Other,Services,15,20,150,134,2023-08-08,2026-07-31,,,0
Quebec,Canada - Quebec,85161501,NO_DESCRIPTION,Other,UNKNOWN,15,20,245,38,2024-06-10,2026-07-31,,1.0,243
France,France,45223220,Tous corps d'état,Other,Travaux,15,20,154,128,2023-08-16,2026-07-31,,,0
Germany,Germany,85310000,NO_DESCRIPTION,Other,UNKNOWN,15,20,186,95,2023-08-16,2026-07-28,700000.0,,0
Quebec,Canada - Quebec,92121500,NO_DESCRIPTION,Other,UNKNOWN,15,20,222,58,2023-08-10,2026-07-24,,1.0,181
France,France,353,Travaux de viabilité,Other,Travaux,15,20,157,123,2023-08-09,2026-07-16,,,0
France,France,139,Gaz divers,Other,Fournitures,15,20,150,130,2023-11-08,2026-07-20,,,0
Germany,Germany,45112730-1,NO_DESCRIPTION,Other,UNKNOWN,15,20,279,0,2023-08-08,2026-07-28,,,0
United Kingdom,United Kingdom,33600000,Pharmaceutical products,Other,Pharmaceutical products,15,20,232,47,2023-08-07,2026-07-30,3840000.0,,0
Quebec,Canada - Quebec,95121633,NO_DESCRIPTION,Other,UNKNOWN,15,20,166,113,2024-06-18,2026-07-31,,4.0,34
Germany,Germany,90700000,NO_DESCRIPTION,Other,UNKNOWN,15,20,206,72,2023-08-08,2026-07-30,429000.0,,0
France,France,45233220,Voirie,Other,Travaux,15,20,173,105,2023-08-11,2026-07-01,,,0
Germany,Germany,45421141-4,NO_DESCRIPTION,Other,UNKNOWN,15,20,278,0,2023-08-01,2026-07-29,,,0
Germany,Germany,30213100-6,NO_DESCRIPTION,Other,UNKNOWN,15,20,278,0,2023-08-01,2026-07-17,,,0
Germany,Germany,45312310-3,NO_DESCRIPTION,Other,UNKNOWN,15,20,278,0,2023-08-04,2026-07-21,,,0
Germany,Germany,45112000-5,NO_DESCRIPTION,Other,UNKNOWN,15,20,278,0,2023-08-01,2026-07-29,,,0
France,France,45311000,Electricité (travaux),Other,Travaux,15,20,147,131,2023-08-24,2026-07-31,,,0
France,France,"239,363","Nettoyage de locaux,Vitrerie",Other,Services,15,20,143,135,2023-11-29,2026-07-29,,,0
France,France,264,Peinture (travaux),Other,Travaux,15,20,149,128,2023-08-22,2026-07-28,,,0
Germany,Germany,45321000-3,NO_DESCRIPTION,Other,UNKNOWN,15,20,277,0,2023-08-04,2026-07-30,,,0
Quebec,Canada - Quebec,47101600,NO_DESCRIPTION,Other,UNKNOWN,15,20,188,89,2021-09-01,2026-07-23,,3.0,58
Germany,Germany,34632000,NO_DESCRIPTION,Other,UNKNOWN,15,20,265,11,2023-08-07,2026-07-30,192000.0,,0
Germany,Germany,45400000-1,NO_DESCRIPTION,Other,UNKNOWN,15,20,276,0,2023-08-04,2026-07-30,,,0
United Kingdom,United Kingdom,66000000,Financial and insurance services,Other,Financial and insurance services,15,20,154,122,2023-08-02,2026-07-23,3150000.0,,0
France,France,291,Quincaillerie (articles),Other,Fournitures,15,20,145,131,2023-09-25,2026-07-31,,,0
France,France,44211100,Bâtiments modulaires,Other,Fournitures,15,20,143,132,2023-08-09,2026-07-29,,,0
Germany,Germany,45112710-5,NO_DESCRIPTION,Other,UNKNOWN,15,20,274,0,2023-08-03,2026-07-14,,,0
Germany,Germany,45351000,NO_DESCRIPTION,Other,UNKNOWN,15,20,198,76,2023-08-03,2026-07-29,440189.275,,0
Germany,Germany,34114000,NO_DESCRIPTION,Other,UNKNOWN,15,20,185,89,2023-08-01,2026-07-29,285714.29,,0
Germany,Germany,45262321-7,NO_DESCRIPTION,Other,UNKNOWN,15,20,273,0,2023-08-02,2026-07-29,,,0
Quebec,Canada - Quebec,49000000,NO_DESCRIPTION,Other,UNKNOWN,15,20,170,103,2023-09-29,2026-07-16,133799.0,1.0,122
Germany,Germany,66000000,NO_DESCRIPTION,Other,UNKNOWN,15,20,161,112,2023-08-25,2026-07-23,700000.0,,0
United Kingdom,United Kingdom,79993000,Building and facilities management services,Other,Building and facilities management services,15,20,154,119,2023-08-04,2026-05-21,2500000.0,,0
Germany,Germany,50711000,NO_DESCRIPTION,Other,UNKNOWN,15,20,201,72,2023-08-07,2026-07-23,343844.0,,0
Germany,Germany,45261000,NO_DESCRIPTION,Other,UNKNOWN,15,20,176,97,2023-08-04,2026-07-31,333282.6,,0
Quebec,Canada - Quebec,76121603,NO_DESCRIPTION,Other,UNKNOWN,15,20,158,113,2023-06-21,2026-07-30,,2.0,55
United Kingdom,United Kingdom,55520000,Catering services,Other,Catering services,15,20,150,121,2023-08-03,2026-07-24,1500000.0,,0
Germany,Germany,45214400,NO_DESCRIPTION,Other,UNKNOWN,15,20,244,26,2023-08-04,2026-07-29,1907277.185,,0
Germany,Germany,64210000,NO_DESCRIPTION,Other,UNKNOWN,15,20,153,116,2023-09-01,2026-07-24,1195000.0,,0
France,France,90900000,Nettoyage de locaux,Other,Services,15,20,140,128,2023-08-09,2026-07-30,,,0
Germany,Germany,30210000-4,NO_DESCRIPTION,Other,UNKNOWN,15,20,268,0,2023-08-03,2026-07-29,,,0
Quebec,Canada - Quebec,55110000,NO_DESCRIPTION,Other,UNKNOWN,15,20,239,28,2020-12-18,2026-07-23,,1.0,239
Ireland,Ireland,38000000.0,"Laboratory, optical and precision equipments (excl. glasses).",Other,"Laboratory, optical and precision equipments (excl. glasses).",15,20,238,29,2023-08-07,2026-03-31,140000.0,,0
Germany,Germany,45261215,NO_DESCRIPTION,Other,UNKNOWN,15,20,189,78,2023-08-01,2026-07-29,195000.0,,0
Quebec,Canada - Quebec,81101605,NO_DESCRIPTION,Other,UNKNOWN,15,20,188,78,2023-08-14,2026-07-31,6684999.0,1.0,144
Germany,Germany,85312100,NO_DESCRIPTION,Other,UNKNOWN,15,20,168,98,2023-10-30,2026-07-08,1562087.6600000001,,0
Germany,Germany,45313000,NO_DESCRIPTION,Other,UNKNOWN,15,20,164,102,2023-09-15,2026-07-30,94000.0,,0
France,France,45233120,Voirie,Other,Travaux,15,20,157,109,2023-08-10,2026-07-07,,,0
Germany,Germany,71332000,NO_DESCRIPTION,Other,UNKNOWN,15,20,183,82,2023-08-25,2026-07-16,175920.0,,0
France,France,453,Informatique (assistance),Other,Services,15,20,140,125,2023-08-12,2026-07-17,,,0
Germany,Germany,71900000,NO_DESCRIPTION,Other,UNKNOWN,15,20,187,76,2023-08-01,2026-07-28,620666.0,,0
Germany,Germany,34921100,NO_DESCRIPTION,Other,UNKNOWN,15,20,179,84,2023-09-01,2026-07-08,308000.0,,0
Germany,Germany,30232100,NO_DESCRIPTION,Other,UNKNOWN,15,20,168,95,2023-08-03,2026-07-29,365000.0,,0
Quebec,Canada - Quebec,72131600,NO_DESCRIPTION,Other,UNKNOWN,15,20,158,105,2023-04-18,2025-09-09,6684999.0,4.0,35
France,France,34,Benne,Other,Fournitures,15,20,146,117,2023-08-11,2026-07-31,,,0
France,France,251,Outillage,Other,Fournitures,15,20,143,120,2023-09-13,2026-07-21,,,0
Germany,Germany,45112712-9,NO_DESCRIPTION,Other,UNKNOWN,15,20,262,0,2023-08-03,2026-07-09,,,0
Germany,Germany,85100000,NO_DESCRIPTION,Other,UNKNOWN,15,20,180,82,2023-08-02,2026-07-27,500000.0,,0
Germany,Germany,71314100,NO_DESCRIPTION,Other,UNKNOWN,15,20,175,87,2023-08-16,2026-07-26,315297.58499999996,,0
France,France,45221119,Ouvrage d'art,Other,Travaux,15,20,163,99,2023-08-18,2026-07-23,,,0
France,France,479,Amiante (désamiantage),Other,Travaux,15,20,151,111,2023-08-31,2026-07-30,,,0
United Kingdom,United Kingdom,50700000,Repair and maintenance services of building installations,Other,Repair and maintenance services of building installations,15,20,149,113,2023-08-02,2026-07-30,2000000.0,,0
France,France,333,Signalétique,Other,Fournitures,15,20,141,121,2023-09-08,2026-07-29,,,0
Quebec,Canada - Quebec,72101506,NO_DESCRIPTION,Other,UNKNOWN,15,20,169,93,2023-08-02,2026-07-30,334399.0,1.0,109
Germany,Germany,50600000,NO_DESCRIPTION,Other,UNKNOWN,15,20,254,7,2023-11-17,2026-07-27,,,0
Germany,Germany,34144510,NO_DESCRIPTION,Other,UNKNOWN,15,20,165,96,2023-08-28,2026-07-25,420000.0,,0
Germany,Germany,77300000-3,NO_DESCRIPTION,Other,UNKNOWN,15,20,261,0,2023-09-11,2026-07-27,,,0
France,France,365,Voirie,Other,Services,15,20,151,110,2023-11-22,2026-07-31,,,0
Germany,Germany,45221111,NO_DESCRIPTION,Other,UNKNOWN,15,20,194,66,2023-08-03,2026-07-28,9041300.0,,0
Quebec,Canada - Quebec,49241502,NO_DESCRIPTION,Other,UNKNOWN,15,20,164,96,2023-08-04,2026-07-15,469999.0,1.0,83
France,France,45110000,Démolition,Other,Travaux,15,20,134,126,2023-08-08,2026-07-31,,,0
Germany,Germany,45112712,NO_DESCRIPTION,Other,UNKNOWN,15,20,182,76,2023-08-01,2026-07-30,702950.0,,0
Germany,Germany,30213000,NO_DESCRIPTION,Other,UNKNOWN,15,20,180,78,2023-08-25,2026-07-23,300000.0,,0
TED,LIE,NO_CODE,NO_DESCRIPTION,Other,UNKNOWN,20,UNKNOWN,232,25,2023-11-06,2026-07-14,1060000.0,,0
Germany,Germany,32322000,NO_DESCRIPTION,Other,UNKNOWN,15,20,174,83,2023-08-04,2026-07-29,392853.445,,0
Germany,Germany,45262310,NO_DESCRIPTION,Other,UNKNOWN,15,20,167,90,2023-09-25,2026-07-30,1451657.7650000001,,0
Quebec,Canada - Quebec,78101804,NO_DESCRIPTION,Other,UNKNOWN,15,20,159,98,2018-08-29,2026-07-06,234099.0,1.0,83
France,France,45210000,Tous corps d'état,Other,Travaux,15,20,147,110,2023-08-09,2026-05-29,,,0
Quebec,Canada - Quebec,41110000,NO_DESCRIPTION,Other,UNKNOWN,15,20,203,54,2021-09-08,2026-07-30,136399.0,1.0,171
Germany,Germany,45314000,NO_DESCRIPTION,Other,UNKNOWN,15,20,168,89,2023-08-16,2026-07-27,2032137.2,,0
Germany,Germany,45316000-5,NO_DESCRIPTION,Other,UNKNOWN,15,20,256,0,2023-08-22,2026-07-22,,,0
Germany,Germany,92000000,NO_DESCRIPTION,Other,UNKNOWN,15,20,179,77,2023-09-05,2026-07-14,521008.4,,0
Germany,Germany,79950000,NO_DESCRIPTION,Other,UNKNOWN,15,20,174,82,2023-08-01,2026-07-30,585126.0,,0
Germany,Germany,45432210,NO_DESCRIPTION,Other,UNKNOWN,15,20,166,90,2023-08-11,2026-06-30,8225500.0,,0
Germany,Germany,45232410,NO_DESCRIPTION,Other,UNKNOWN,15,20,219,37,2023-08-23,2026-07-27,3626560.185,,0
Germany,Germany,24000000,NO_DESCRIPTION,Other,UNKNOWN,15,20,182,73,2023-08-02,2026-07-31,310924.0,,0
Germany,Germany,18100000,NO_DESCRIPTION,Other,UNKNOWN,15,20,174,81,2023-08-14,2026-07-29,840000.0,,0
Germany,Germany,50100000,NO_DESCRIPTION,Other,UNKNOWN,15,20,205,50,2023-08-25,2026-07-28,446400.0,,0
Germany,Germany,45100000,NO_DESCRIPTION,Other,UNKNOWN,15,20,169,86,2023-08-10,2026-07-30,365095.0,,0
Germany,Germany,38636100,NO_DESCRIPTION,Other,UNKNOWN,15,20,196,58,2023-08-09,2026-07-31,318925.0,,0
France,France,"20,274","Assurance,Prestations de services",Other,Services,15,20,136,118,2024-01-11,2026-07-31,,,0
Germany,Germany,45432000,NO_DESCRIPTION,Other,UNKNOWN,15,20,175,78,2023-08-02,2026-07-27,118500.0,,0
France,France,78,Curage,Other,Services,15,20,136,117,2023-09-22,2026-07-30,,,0
Germany,Germany,80522000,NO_DESCRIPTION,Other,UNKNOWN,15,20,220,32,2023-08-04,2026-07-27,336640.0,,0
Germany,Germany,79400000,NO_DESCRIPTION,Other,UNKNOWN,15,20,157,95,2023-08-02,2026-07-26,750000.0,,0
France,France,116,Espaces verts,Other,Fournitures,15,20,141,111,2023-08-12,2026-07-29,,,0
Quebec,Canada - Quebec,31000000,NO_DESCRIPTION,Other,UNKNOWN,15,20,164,88,2023-09-22,2026-07-30,,1.0,125
France,France,66133000,Titres restaurant,Other,Services,15,20,127,125,2023-08-09,2026-07-30,,,0
France,France,90500000,Déchets non ménagers (prestations),Other,Services,15,20,126,125,2023-08-09,2026-05-03,,,0
Quebec,Canada - Quebec,70111501,NO_DESCRIPTION,Other,UNKNOWN,15,20,177,73,2018-01-22,2026-07-30,,3.0,72
Germany,Germany,32400000,NO_DESCRIPTION,Other,UNKNOWN,15,20,160,90,2023-08-02,2026-07-22,325000.0,,0
Germany,Germany,45220000,NO_DESCRIPTION,Other,UNKNOWN,15,20,165,84,2023-08-05,2026-07-29,6411000.0,,0
France,France,102,Eclairage public,Other,Services,15,20,136,113,2023-11-29,2026-07-31,,,0
Germany,Germany,45350000,NO_DESCRIPTION,Other,UNKNOWN,15,20,167,81,2023-08-01,2026-07-25,855581.33,,0
France,France,102,Eclairage public,Other,Fournitures,15,20,148,100,2023-08-08,2026-07-19,,,0
United Kingdom,United Kingdom,85150000,Medical imaging services,Other,Medical imaging services,15,20,164,83,2023-08-11,2026-07-30,5000000.0,,0
Germany,Germany,45112500,NO_DESCRIPTION,Other,UNKNOWN,15,20,173,73,2023-08-04,2026-07-30,2005724.9,,0
Germany,Germany,34121400,NO_DESCRIPTION,Other,UNKNOWN,15,20,151,95,2023-08-17,2026-07-25,1120000.0,,0
Germany,Germany,45212200-8,NO_DESCRIPTION,Other,UNKNOWN,15,20,245,0,2023-08-28,2026-07-28,,,0
Germany,Germany,79710000-4,NO_DESCRIPTION,Other,UNKNOWN,15,20,245,0,2023-08-02,2026-07-29,,,0
Germany,Germany,22000000,NO_DESCRIPTION,Other,UNKNOWN,15,20,174,70,2023-08-08,2026-07-14,994205.605,,0
Germany,Germany,73100000,NO_DESCRIPTION,Other,UNKNOWN,15,20,180,64,2023-08-03,2026-07-22,260000.0,,0
Quebec,Canada - Quebec,81101517,NO_DESCRIPTION,Other,UNKNOWN,15,20,151,93,2024-06-20,2026-07-14,99999.0,1.0,101
Quebec,Canada - Quebec,23000000,NO_DESCRIPTION,Other,UNKNOWN,15,20,170,73,2023-08-08,2026-07-30,340899.0,1.0,128
France,France,45212221,Terrain de sport,Other,Travaux,15,20,125,117,2023-08-11,2026-07-13,,,0
Germany,Germany,45430000-0,NO_DESCRIPTION,Other,UNKNOWN,15,20,241,0,2023-08-01,2026-07-28,,,0
France,France,359,Véhicules,Other,Services,15,20,130,111,2023-09-26,2026-07-30,,,0
Quebec,Canada - Quebec,72141104,NO_DESCRIPTION,Other,UNKNOWN,15,20,144,97,2024-06-18,2026-07-28,,4.0,22
Quebec,Canada - Quebec,95111601,NO_DESCRIPTION,Other,UNKNOWN,15,20,148,92,2024-06-11,2026-07-30,,4.0,38
France,France,17,Ascenseur,Other,Travaux,15,20,128,112,2023-08-08,2026-07-31,,,0
Germany,Germany,45232141,NO_DESCRIPTION,Other,UNKNOWN,15,20,152,88,2023-08-14,2026-07-27,436333.29500000004,,0
Germany,Germany,39130000-2,NO_DESCRIPTION,Other,UNKNOWN,15,20,239,0,2023-08-03,2026-07-30,,,0
Germany,Germany,45252130,NO_DESCRIPTION,Other,UNKNOWN,15,20,185,54,2023-08-05,2026-07-30,592500.0,,0
France,France,45343000,Sécurité incendie,Other,Travaux,15,20,128,110,2023-08-09,2026-07-31,,,0
France,France,38,Bois,Other,Fournitures,15,20,134,104,2023-09-21,2026-07-22,,,0
France,France,45442100,Peinture (travaux),Other,Travaux,15,20,124,114,2023-08-24,2026-07-05,,,0
France,France,90911000,Nettoyage de locaux,Other,Services,15,20,124,114,2023-08-09,2026-07-23,,,0
Quebec,Canada - Quebec,90000000,NO_DESCRIPTION,Other,UNKNOWN,15,20,180,57,2023-08-08,2026-07-30,,1.0,161
United Kingdom,United Kingdom,79993100,Facilities management services,Other,Facilities management services,15,20,134,103,2023-08-07,2026-04-14,9500000.0,,0
Germany,Germany,34144900,NO_DESCRIPTION,Other,UNKNOWN,15,20,187,49,2023-08-02,2026-07-30,92382.355,,0
Germany,Germany,71315000,NO_DESCRIPTION,Other,UNKNOWN,15,20,153,83,2023-10-04,2026-07-23,217373.0,,0
France,France,207,Matériel de bureau,Other,Fournitures,15,20,124,112,2023-08-09,2026-07-19,,,0
France,France,45233141,Voirie et réseaux divers,Other,Travaux,15,20,124,112,2023-08-25,2026-07-20,,,0
Germany,Germany,71330000,NO_DESCRIPTION,Other,UNKNOWN,15,20,177,59,2023-10-18,2026-07-30,822000.0,,0
Quebec,Canada - Quebec,86100000,NO_DESCRIPTION,Other,UNKNOWN,15,20,168,68,2023-08-01,2026-07-23,,1.0,155
Germany,Germany,90514000,NO_DESCRIPTION,Other,UNKNOWN,15,20,156,79,2023-08-03,2026-07-30,837500.0,,0
France,France,466,Prestation hotelière,Other,Services,15,20,127,108,2023-11-17,2026-07-29,,,0
Germany,Germany,45232410-9,NO_DESCRIPTION,Other,UNKNOWN,15,20,234,0,2023-08-28,2026-07-30,,,0
Germany,Germany,15000000,NO_DESCRIPTION,Other,UNKNOWN,15,20,154,80,2023-08-02,2026-07-28,1070000.0,,0
Germany,Germany,34144910,NO_DESCRIPTION,Other,UNKNOWN,15,20,133,101,2023-08-16,2026-07-29,1218000.0,,0
France,France,"239,274","Nettoyage de locaux,Prestations de services",Other,Services,15,20,128,106,2024-01-26,2026-07-30,,,0
Germany,Germany,45453100,NO_DESCRIPTION,Other,UNKNOWN,15,20,182,51,2023-08-10,2026-07-22,492150.0,,0
Germany,Germany,35000000-4,NO_DESCRIPTION,Other,UNKNOWN,15,20,232,0,2023-08-16,2026-07-28,,,0
Germany,Germany,90910000-9,NO_DESCRIPTION,Other,UNKNOWN,15,20,232,0,2023-08-06,2026-07-28,,,0
Quebec,Canada - Quebec,72102305,NO_DESCRIPTION,Other,UNKNOWN,15,20,141,91,2023-08-01,2025-09-19,133799.0,1.0,78
Germany,Germany,45431100,NO_DESCRIPTION,Other,UNKNOWN,15,20,140,92,2023-11-03,2026-07-22,57965.11,,0
France,France,274,Prestations de services,Other,UNKNOWN,15,20,128,104,2023-08-16,2026-07-23,,,0
Germany,Germany,45112500-0,NO_DESCRIPTION,Other,UNKNOWN,15,20,231,0,2023-08-11,2026-07-28,,,0
France,France,45111100,"Démolition,Amiante (désamiantage)",Other,Travaux,15,20,131,100,2023-08-12,2026-07-28,,,0
France,France,"196,274","Maintenance,Prestations de services",Other,Services,15,20,130,100,2023-08-30,2026-07-31,,,0
Germany,Germany,60130000-8,NO_DESCRIPTION,Other,UNKNOWN,15,20,229,0,2023-08-01,2026-07-09,,,0
Germany,Germany,45262500,NO_DESCRIPTION,Other,UNKNOWN,15,20,166,63,2023-08-21,2026-07-10,1361003.0,,0
Germany,Germany,90600000,NO_DESCRIPTION,Other,UNKNOWN,15,20,157,72,2023-08-04,2026-07-29,508703.0,,0
Germany,Germany,45240000,NO_DESCRIPTION,Other,UNKNOWN,15,20,155,74,2023-09-01,2026-07-23,1042016.81,,0
France,France,270,Plomberie (travaux),Other,Travaux,15,20,124,105,2023-09-13,2026-07-30,,,0
United Kingdom,United Kingdom,15000000,"Food, beverages, tobacco and related products",Other,"Food, beverages, tobacco and related products",15,20,135,94,2023-08-01,2026-06-29,1250000.0,,0
France,France,247,Oeuvre d'art,Other,Services,15,20,127,102,2023-10-10,2026-07-23,,,0
Quebec,Canada - Quebec,91000000,NO_DESCRIPTION,Other,UNKNOWN,15,20,209,19,2023-08-15,2026-07-31,,1.0,200
Germany,Germany,90611000,NO_DESCRIPTION,Other,UNKNOWN,15,20,162,66,2023-08-14,2026-07-30,464976.26,,0
Germany,Germany,64110000,NO_DESCRIPTION,Other,UNKNOWN,15,20,124,104,2023-08-23,2026-07-24,1149977.0,,0
Germany,Germany,45317300-5,NO_DESCRIPTION,Other,UNKNOWN,15,20,228,0,2023-08-25,2026-07-30,,,0
France,France,301,Réactifs,Other,Fournitures,15,20,144,84,2024-01-12,2026-07-30,,,0
Quebec,Canada - Quebec,22101528,NO_DESCRIPTION,Other,UNKNOWN,15,20,139,88,2021-05-26,2026-07-24,199999.0,2.0,36
France,France,2,Abonnement,Other,Services,15,20,122,105,2023-08-25,2026-07-30,,,0
France,France,430,Aire d'accueil,Other,Services,15,20,121,106,2023-08-09,2026-07-23,,,0
Germany,Germany,33100000-1,NO_DESCRIPTION,Other,UNKNOWN,15,20,226,0,2023-08-23,2026-07-22,,,0
Germany,Germany,79700000,NO_DESCRIPTION,Other,UNKNOWN,15,20,177,49,2023-08-16,2026-06-29,1.0,,0
Germany,Germany,60210000,NO_DESCRIPTION,Other,UNKNOWN,15,20,175,51,2023-11-23,2026-07-23,0.0,,0
France,France,48,Canalisations,Other,Travaux,15,20,151,75,2023-08-21,2026-07-23,,,0
United Kingdom,United Kingdom,85311000,Social work services with accommodation,Other,Social work services with accommodation,15,20,147,79,2023-08-02,2026-07-22,2378684.5,,0
Germany,Germany,39830000,NO_DESCRIPTION,Other,UNKNOWN,15,20,145,81,2023-08-23,2026-07-30,693450.0,,0
Germany,Germany,45214610,NO_DESCRIPTION,Other,UNKNOWN,15,20,185,40,2023-08-08,2026-07-30,1407517.355,,0
Germany,Germany,38433000,NO_DESCRIPTION,Other,UNKNOWN,15,20,149,76,2023-08-09,2026-07-22,290350.0,,0
Quebec,Canada - Quebec,80101500,NO_DESCRIPTION,Other,UNKNOWN,15,20,146,79,2023-08-16,2026-07-29,,1.0,131
Quebec,Canada - Quebec,72141510,NO_DESCRIPTION,Other,UNKNOWN,15,20,139,86,2024-06-11,2026-07-30,,2.0,55
Quebec,Canada - Quebec,26111600,NO_DESCRIPTION,Other,UNKNOWN,15,20,135,90,2019-11-13,2026-07-29,,1.0,83
Germany,Germany,15894210,NO_DESCRIPTION,Other,UNKNOWN,15,20,134,91,2023-11-08,2026-07-27,760138.75,,0
France,France,45112723,Aire de jeux,Other,Travaux,15,20,125,100,2023-08-16,2026-07-31,,,0
France,France,216,Matériel scénique,Other,Fournitures,15,20,124,101,2023-09-13,2026-07-26,,,0
France,France,464,Objet publicitaire,Other,Fournitures,15,20,120,104,2023-11-14,2026-07-30,,,0
France,France,86,Déménagement,Other,Services,15,20,120,104,2023-11-16,2026-07-26,,,0
France,France,39130000,Mobilier,Other,Fournitures,15,20,114,110,2023-08-09,2026-06-30,,,0
France,France,"138,331","Gardiennage,Surveillance",Other,Services,15,20,121,102,2023-09-14,2026-07-26,,,0
Germany,Germany,34144211,NO_DESCRIPTION,Other,UNKNOWN,15,20,119,104,2023-08-15,2026-07-28,865546.22,,0
Ireland,Ireland,55523100.0,School-meal services.,Other,School-meal services.,15,20,114,109,2024-01-11,2026-03-18,333715.0,,0
Quebec,Canada - Quebec,72141120,NO_DESCRIPTION,Other,UNKNOWN,15,20,132,90,2024-06-20,2026-07-22,,4.0,26
France,France,45262700,Bâtiment,Other,Travaux,15,20,120,102,2023-08-16,2026-07-23,,,0
Quebec,Canada - Quebec,81101510,NO_DESCRIPTION,Other,UNKNOWN,15,20,137,85,2023-08-10,2026-07-31,,1.0,89
France,France,75200000,Prestations de services,Other,Services,15,20,118,104,2023-08-12,2026-07-15,,,0
Germany,Germany,75131000-3,NO_DESCRIPTION,Other,UNKNOWN,15,20,221,0,2023-08-03,2026-07-30,,,0
Germany,Germany,92521100,NO_DESCRIPTION,Other,UNKNOWN,15,20,162,59,2023-08-02,2026-07-28,350000.0,,0
Germany,Germany,45432200,NO_DESCRIPTION,Other,UNKNOWN,15,20,143,78,2023-08-09,2026-07-02,97735.125,,0
Quebec,Canada - Quebec,73152108,NO_DESCRIPTION,Other,UNKNOWN,15,20,138,83,2024-06-18,2026-07-31,3521949.0,1.0,98
Quebec,Canada - Quebec,72103003,NO_DESCRIPTION,Other,UNKNOWN,15,20,136,85,2023-05-11,2025-09-16,334399.0,3.0,54
France,France,45112500,Voirie et réseaux divers,Other,Travaux,15,20,122,99,2023-08-23,2026-07-28,,,0
Germany,Germany,45262660,NO_DESCRIPTION,Other,UNKNOWN,15,20,153,67,2023-08-14,2026-07-29,480544.25,,0
Quebec,Canada - Quebec,95121811,NO_DESCRIPTION,Other,UNKNOWN,15,20,125,95,2024-06-14,2026-07-29,,2.0,44
France,France,31682000,"Electricité, gaz (fourniture)",Other,Fournitures,15,20,116,104,2023-08-09,2026-02-23,,,0
Quebec,Canada - Quebec,30221013,NO_DESCRIPTION,Other,UNKNOWN,15,20,158,61,2023-08-08,2025-08-27,,3.0,36
Quebec,Canada - Quebec,72151200,NO_DESCRIPTION,Other,UNKNOWN,15,20,133,86,2024-06-11,2026-07-17,6943899.0,2.0,53
Quebec,Canada - Quebec,92121701,NO_DESCRIPTION,Other,UNKNOWN,15,20,133,86,2023-08-01,2026-07-30,627199.0,1.0,93
Quebec,Canada - Quebec,84110000,NO_DESCRIPTION,Other,UNKNOWN,15,20,124,95,2023-08-02,2026-07-17,,1.0,89
Germany,Germany,50630000,NO_DESCRIPTION,Other,UNKNOWN,15,20,218,1,2023-11-13,2026-07-28,2305000.0,,0
Quebec,Canada - Quebec,90152100,NO_DESCRIPTION,Other,UNKNOWN,15,20,153,65,2020-04-20,2026-06-18,6684999.0,1.0,87
Germany,Germany,34927100,NO_DESCRIPTION,Other,UNKNOWN,15,20,153,65,2023-08-03,2026-07-29,320514.0,,0
France,France,66514110,Assurance,Other,Services,15,20,111,107,2023-08-10,2026-07-28,,,0
Germany,Germany,45262300-4,NO_DESCRIPTION,Other,UNKNOWN,15,20,218,0,2023-08-17,2026-07-29,,,0
Ireland,Ireland,79100000.0,Legal services.,Other,Legal services.,15,20,158,60,2023-08-06,2026-03-31,890000.0,,0
France,France,50700000,Maintenance,Other,Services,15,20,113,105,2023-08-11,2026-06-24,,,0
Germany,Germany,45216200-6,NO_DESCRIPTION,Other,UNKNOWN,15,20,217,0,2023-08-11,2026-07-20,,,0
Germany,Germany,45343100,NO_DESCRIPTION,Other,UNKNOWN,15,20,159,58,2023-08-17,2026-07-30,394086.81,,0
Quebec,Canada - Quebec,72101510,NO_DESCRIPTION,Other,UNKNOWN,15,20,134,83,2024-06-28,2026-07-29,3392499.0,1.0,86
France,France,209,Matériel de sécurité,Other,Fournitures,15,20,119,98,2023-10-27,2026-07-30,,,0
Germany,Germany,45232400-6,NO_DESCRIPTION,Other,UNKNOWN,15,20,216,0,2023-08-03,2026-07-28,,,0
Germany,Germany,45233141-9,NO_DESCRIPTION,Other,UNKNOWN,15,20,216,0,2023-08-04,2026-07-28,,,0
Germany,Germany,71322300,NO_DESCRIPTION,Other,UNKNOWN,15,20,151,65,2023-08-25,2026-07-28,345000.0,,0
United Kingdom,United Kingdom,60120000,Taxi services,Other,Taxi services,15,20,123,93,2023-08-08,2026-07-29,2100000.0,,0
Quebec,Canada - Quebec,72102304,NO_DESCRIPTION,Other,UNKNOWN,15,20,131,84,2020-09-09,2025-09-16,,1.0,76
Quebec,Canada - Quebec,46190000,NO_DESCRIPTION,Other,UNKNOWN,15,20,128,87,2020-10-01,2026-07-29,,1.0,80
Germany,Germany,18143000,NO_DESCRIPTION,Other,UNKNOWN,15,20,164,51,2023-08-01,2026-07-22,639550.0,,0
France,France,113,Equipement sportif,Other,Travaux,15,20,118,97,2023-08-09,2026-07-02,,,0
Germany,Germany,90911300-9,NO_DESCRIPTION,Other,UNKNOWN,15,20,214,0,2023-08-11,2026-07-28,,,0
France,France,39162110,Articles de bureau et articles scolaires,Other,Fournitures,15,20,108,106,2023-08-11,2026-07-28,,,0
Ireland,Ireland,45310000.0,Electrical installation work.,Other,Electrical installation work.,15,20,125,89,2023-08-24,2026-03-30,323798.5,,0
Quebec,Canada - Quebec,15100000,NO_DESCRIPTION,Other,UNKNOWN,15,20,119,95,2018-12-05,2026-07-30,99999.0,4.0,34
Germany,Germany,45333000,NO_DESCRIPTION,Other,UNKNOWN,15,20,143,70,2023-08-10,2026-07-15,352016.67000000004,,0
Quebec,Canada - Quebec,80131802,NO_DESCRIPTION,Other,UNKNOWN,15,20,125,88,2023-08-11,2026-07-31,99999.0,1.0,78
France,France,45223220,Bâtiment,Other,Travaux,15,20,118,95,2023-08-11,2026-07-23,,,0
Germany,Germany,45343100-4,NO_DESCRIPTION,Other,UNKNOWN,15,20,212,0,2023-08-16,2026-07-14,,,0
Germany,Germany,45262330,NO_DESCRIPTION,Other,UNKNOWN,15,20,142,70,2023-08-03,2026-07-22,982727.33,,0
Quebec,Canada - Quebec,72103004,NO_DESCRIPTION,Other,UNKNOWN,15,20,128,84,2023-07-14,2025-09-17,6684999.0,1.0,68
France,France,322,Signalisation,Other,Travaux,15,20,116,95,2023-08-17,2026-06-30,,,0
Germany,Germany,45332200-5,NO_DESCRIPTION,Other,UNKNOWN,15,20,211,0,2023-08-03,2026-07-30,,,0
Quebec,Canada - Quebec,52161500,NO_DESCRIPTION,Other,UNKNOWN,15,20,152,59,2018-05-09,2026-07-20,334399.0,1.0,86
Quebec,Canada - Quebec,81101701,NO_DESCRIPTION,Other,UNKNOWN,15,20,140,70,2023-08-02,2026-07-08,,1.0,117
Germany,Germany,45233228,NO_DESCRIPTION,Other,UNKNOWN,15,20,133,77,2023-08-22,2026-07-24,117362.94,,0
France,France,45212200,Equipement sportif,Other,Travaux,15,20,109,101,2023-08-29,2026-05-27,,,0
Germany,Germany,71631000,NO_DESCRIPTION,Other,UNKNOWN,15,20,142,67,2023-08-03,2026-07-09,610000.0,,0
Germany,Germany,09300000,NO_DESCRIPTION,Other,UNKNOWN,15,20,121,88,2023-08-02,2026-07-31,1000000.0,,0
France,France,476,Photovoltaïque,Other,Travaux,15,20,109,100,2023-10-10,2026-07-31,10000.0,,0
Germany,Germany,37400000,NO_DESCRIPTION,Other,UNKNOWN,15,20,157,51,2023-08-01,2026-07-09,250322.525,,0
Germany,Germany,79421000,NO_DESCRIPTION,Other,UNKNOWN,15,20,128,80,2023-08-02,2026-07-27,735294.12,,0
Germany,Germany,34130000,NO_DESCRIPTION,Other,UNKNOWN,15,20,150,57,2023-08-02,2026-07-22,109800.0,,0
France,France,66516000,Assurance,Other,Services,15,20,106,101,2023-08-10,2026-07-16,,,0
Germany,Germany,45315100-9,NO_DESCRIPTION,Other,UNKNOWN,15,20,206,0,2023-08-01,2026-07-30,,,0
Germany,Germany,31214000,NO_DESCRIPTION,Other,UNKNOWN,15,20,148,58,2023-10-11,2026-07-30,900000.0,,0
Quebec,Canada - Quebec,76111600,NO_DESCRIPTION,Other,UNKNOWN,15,20,131,75,2021-07-09,2026-07-27,121199.0,1.0,71
Quebec,Canada - Quebec,25101926,NO_DESCRIPTION,Other,UNKNOWN,15,20,115,91,2023-08-09,2026-07-24,19999999.0,1.0,55
Germany,Germany,45453100-8,NO_DESCRIPTION,Other,UNKNOWN,15,20,205,0,2023-08-10,2026-07-30,,,0
Germany,Germany,45112723,NO_DESCRIPTION,Other,UNKNOWN,15,20,172,33,2023-08-01,2026-07-28,530000.0,,0
France,France,318,Sacs,Other,Fournitures,15,20,110,95,2024-01-03,2026-06-16,,,0
France,France,306,Réseaux divers,Other,Services,15,20,106,98,2023-08-09,2026-07-30,,,0
France,France,"347,274","Transport,Prestations de services",Other,Services,15,20,107,97,2024-01-09,2026-07-26,,,0
Quebec,Canada - Quebec,56101600,NO_DESCRIPTION,Other,UNKNOWN,15,20,119,85,2018-12-06,2026-07-27,133799.0,1.0,93
Quebec,Canada - Quebec,84111601,NO_DESCRIPTION,Other,UNKNOWN,15,20,110,94,2023-08-01,2026-07-16,,1.0,75
France,France,45233162,Voirie,Other,Travaux,15,20,116,87,2023-08-09,2026-07-28,,,0
Germany,Germany,45262511,NO_DESCRIPTION,Other,UNKNOWN,15,20,139,64,2023-08-16,2026-07-20,82208.5,,0
Germany,Germany,64112000,NO_DESCRIPTION,Other,UNKNOWN,15,20,124,78,2023-08-22,2026-07-30,2699220.0,,0
Quebec,Canada - Quebec,72101703,NO_DESCRIPTION,Other,UNKNOWN,15,20,120,82,2023-08-02,2025-08-27,,3.0,31
France,France,153,Hygiène (articles),Other,Fournitures,15,20,107,95,2023-10-16,2026-07-22,,,0
Germany,Germany,34000000-7,NO_DESCRIPTION,Other,UNKNOWN,15,20,202,0,2023-08-11,2026-07-29,,,0
Germany,Germany,45330000-9,NO_DESCRIPTION,Other,UNKNOWN,15,20,202,0,2023-08-01,2026-07-17,,,0
France,France,45321000,Isolation,Other,Travaux,15,20,106,95,2023-08-12,2026-07-30,,,0
Germany,Germany,73000000-2,NO_DESCRIPTION,Other,UNKNOWN,15,20,201,0,2023-08-11,2026-07-20,,,0
Ireland,Ireland,71300000.0,Engineering services.,Other,Engineering services.,15,20,143,58,2023-08-02,2026-03-20,250000.0,,0
United Kingdom,United Kingdom,09000000,"Petroleum products, fuel, electricity and other sources of energy",Other,"Petroleum products, fuel, electricity and other sources of energy",15,20,117,84,2023-08-01,2026-06-26,2500000.0,,0
France,France,117,Etanchéité,Other,Travaux,15,20,107,94,2023-09-14,2026-06-17,,,0
Germany,Germany,45420000-7,NO_DESCRIPTION,Other,UNKNOWN,15,20,200,0,2023-08-19,2026-07-30,,,0
Germany,Germany,45233221,NO_DESCRIPTION,Other,UNKNOWN,15,20,186,14,2023-08-17,2026-07-23,4123307.89,,0
Germany,Germany,98300000,NO_DESCRIPTION,Other,UNKNOWN,15,20,142,58,2023-08-09,2026-07-30,415000.0,,0
TED,SRB,NO_CODE,NO_DESCRIPTION,Other,UNKNOWN,20,UNKNOWN,142,58,2023-12-18,2026-08-11,3000000.0,,0
Quebec,Canada - Quebec,20102305,NO_DESCRIPTION,Other,UNKNOWN,15,20,128,72,2022-02-14,2026-07-16,,1.0,96
France,France,34928480,"Conteneur, poubelles",Other,Fournitures,15,20,106,94,2023-08-12,2026-07-23,,,0
France,France,60000000,Transport,Other,Services,15,20,105,95,2023-08-13,2026-06-22,,,0
France,France,45000000,Gros oeuvre,Other,Travaux,15,20,104,96,2023-08-10,2026-07-07,,,0
Germany,Germany,45432200-6,NO_DESCRIPTION,Other,UNKNOWN,15,20,199,0,2023-09-17,2026-07-30,,,0
Germany,Germany,45221000,NO_DESCRIPTION,Other,UNKNOWN,15,20,166,33,2023-08-09,2026-07-27,1565066.58,,0
Canada federal,Canada,*80101507,*Information technology consultation services,Other,*Information technology consultation services,15,20,149,50,2023-08-16,2026-07-22,,,0
France,France,74,Couverture,Other,Travaux,15,20,105,94,2023-08-21,2026-07-22,,,0
United Kingdom,United Kingdom,45453100,Refurbishment work,Other,Refurbishment work,15,20,110,89,2023-08-02,2026-07-21,4908000.0,,0
Germany,Germany,44221200-7,NO_DESCRIPTION,Other,UNKNOWN,15,20,198,0,2023-08-03,2026-07-27,,,0
Germany,Germany,31127000,NO_DESCRIPTION,Other,UNKNOWN,15,20,137,61,2023-08-03,2026-07-29,300735.3,,0
United Kingdom,United Kingdom,50750000,Lift-maintenance services,Other,Lift-maintenance services,15,20,104,94,2023-08-02,2026-07-10,650000.0,,0
Quebec,Canada - Quebec,80101604,NO_DESCRIPTION,Other,UNKNOWN,15,20,122,76,2023-08-03,2026-07-15,,1.0,106
Germany,Germany,45317000-2,NO_DESCRIPTION,Other,UNKNOWN,15,20,197,0,2023-08-09,2026-07-21,,,0
Germany,Germany,16700000-2,NO_DESCRIPTION,Other,UNKNOWN,15,20,197,0,2023-08-10,2026-07-24,,,0
Germany,Germany,45213321,NO_DESCRIPTION,Other,UNKNOWN,15,20,191,6,2023-08-05,2026-07-21,4336698.42,,0
Quebec,Canada - Quebec,47100000,NO_DESCRIPTION,Other,UNKNOWN,15,20,117,80,2019-05-15,2026-07-20,,7.0,34
France,France,79952000,Evénementiel,Other,Services,15,20,108,89,2023-08-23,2026-07-21,,,0
Germany,Germany,18,NO_DESCRIPTION,Other,UNKNOWN,15,20,196,0,2023-08-01,2026-07-30,,,0
United Kingdom,United Kingdom,33100000,Medical equipments,Other,Medical equipments,15,20,137,59,2023-08-01,2026-07-31,1700000.0,,0
France,France,66500000,Assurance,Other,Services,15,20,100,96,2023-08-10,2026-07-27,,,0
France,France,263,Peinture (fourniture),Other,Fournitures,15,20,102,94,2023-10-08,2026-07-23,,,0
Germany,Germany,85312510,NO_DESCRIPTION,Other,UNKNOWN,15,20,178,17,2023-08-18,2026-07-21,1614858.0,,0
France,France,37,Blanchisserie (matériel),Other,Fournitures,15,20,110,85,2023-09-13,2026-07-24,,,0
Germany,Germany,45421152-4,NO_DESCRIPTION,Other,UNKNOWN,15,20,194,0,2023-08-03,2026-07-28,,,0
Quebec,Canada - Quebec,78111800,NO_DESCRIPTION,Other,UNKNOWN,15,20,132,61,2023-08-01,2026-07-21,,1.0,87
Germany,Germany,45221110,NO_DESCRIPTION,Other,UNKNOWN,15,20,131,62,2023-08-23,2026-07-29,5276500.0,,0
Germany,Germany,09323000,NO_DESCRIPTION,Other,UNKNOWN,15,20,127,66,2023-08-02,2026-07-10,972725.0,,0
Germany,Germany,45422100-2,NO_DESCRIPTION,Other,UNKNOWN,15,20,192,0,2023-08-04,2026-07-29,,,0
Germany,Germany,45331200-8,NO_DESCRIPTION,Other,UNKNOWN,15,20,192,0,2023-08-03,2026-07-20,,,0
France,France,171,Site internet,Other,Services,15,20,103,89,2023-08-16,2026-07-19,,,0
Germany,Germany,98392000-7,NO_DESCRIPTION,Other,UNKNOWN,15,20,191,0,2023-08-07,2026-07-30,,,0
Germany,Germany,42900000,NO_DESCRIPTION,Other,UNKNOWN,15,20,146,45,2023-10-10,2026-07-30,363745.5,,0
Germany,Germany,44613700,NO_DESCRIPTION,Other,UNKNOWN,15,20,129,62,2023-08-29,2026-07-24,542457.5,,0
Quebec,Canada - Quebec,26000000,NO_DESCRIPTION,Other,UNKNOWN,15,20,127,64,2023-11-23,2026-07-31,,1.0,104
Germany,Germany,39150000-8,NO_DESCRIPTION,Other,UNKNOWN,15,20,190,0,2023-08-03,2026-07-29,,,0
Germany,Germany,45312100-8,NO_DESCRIPTION,Other,UNKNOWN,15,20,190,0,2023-08-04,2026-07-27,,,0
Quebec,Canada - Quebec,25200000,NO_DESCRIPTION,Other,UNKNOWN,15,20,182,8,2023-08-28,2026-07-23,,1.0,168
Quebec,Canada - Quebec,81151604,NO_DESCRIPTION,Other,UNKNOWN,15,20,136,54,2018-08-22,2026-07-23,605599.0,1.0,105
Germany,Germany,31170000,NO_DESCRIPTION,Other,UNKNOWN,15,20,123,67,2023-08-07,2026-07-30,450000.0,,0
Quebec,Canada - Quebec,76121801,NO_DESCRIPTION,Other,UNKNOWN,15,20,112,78,2022-03-02,2025-09-10,,2.0,49
France,France,175,"Jeux, jouets",Other,Fournitures,15,20,103,87,2023-09-20,2026-07-30,,,0
France,France,"52,403","Carburant, hydrocarbure,Carte magnétique, carte à puce",Other,Fournitures,15,20,98,92,2024-01-21,2026-07-23,,,0
Germany,Germany,09331200,NO_DESCRIPTION,Other,UNKNOWN,15,20,157,32,2023-08-07,2026-07-28,1450000.0,,0
Germany,Germany,92000000-1,NO_DESCRIPTION,Other,UNKNOWN,15,20,189,0,2023-08-15,2026-07-24,,,0
Germany,Germany,39000000-2,NO_DESCRIPTION,Other,UNKNOWN,15,20,189,0,2023-08-21,2026-07-30,,,0
France,France,195,Maçonnerie,Other,Travaux,15,20,101,88,2023-08-11,2026-07-24,,,0
France,France,"17,196","Ascenseur,Maintenance",Other,Services,15,20,100,89,2023-09-22,2026-07-29,,,0
Germany,Germany,45262330-3,NO_DESCRIPTION,Other,UNKNOWN,15,20,188,0,2023-09-28,2026-07-21,,,0
TED,IS,NO_CODE,NO_DESCRIPTION,Other,UNKNOWN,20,UNKNOWN,162,26,2023-08-04,2024-01-23,72547340.0,,0
Germany,Germany,32422000,NO_DESCRIPTION,Other,UNKNOWN,15,20,120,68,2023-08-01,2026-07-29,1873135.5,,0
Germany,Germany,45260000-7,NO_DESCRIPTION,Other,UNKNOWN,15,20,187,0,2023-08-02,2026-07-28,,,0
Germany,Germany,90500000-2,NO_DESCRIPTION,Other,UNKNOWN,15,20,187,0,2023-08-04,2026-07-13,,,0
France,France,365,Voirie,Other,Fournitures,15,20,109,78,2024-01-08,2026-07-31,,,0
France,France,170,Illumination,Other,Fournitures,15,20,99,88,2023-11-08,2026-07-19,,,0
Germany,Germany,90491000-5,NO_DESCRIPTION,Other,UNKNOWN,15,20,186,0,2023-08-21,2026-07-29,,,0
France,France,45454100,Bâtiment,Other,Travaux,15,20,99,87,2023-08-25,2026-07-24,,,0
Germany,Germany,45221112,NO_DESCRIPTION,Other,UNKNOWN,15,20,174,11,2023-08-14,2026-07-27,6646908.905,,0
Germany,Germany,45341000,NO_DESCRIPTION,Other,UNKNOWN,15,20,123,62,2023-09-07,2026-06-11,15862.005,,0
Germany,Germany,71220000,NO_DESCRIPTION,Other,UNKNOWN,15,20,107,78,2023-08-15,2026-07-29,500977.56,,0
France,France,140,Gaz médicaux,Other,Fournitures,15,20,107,78,2024-01-12,2026-07-24,,,0
Germany,Germany,34144500,NO_DESCRIPTION,Other,UNKNOWN,15,20,106,79,2023-08-14,2026-07-03,562300.0,,0
France,France,328,Station d'épuration (travaux),Other,Travaux,15,20,109,76,2023-10-20,2026-07-31,,,0
France,France,45214200,Bâtiment,Other,Travaux,15,20,108,77,2023-08-09,2026-06-16,,,0
France,France,30200000,Informatique (matériel),Other,Fournitures,15,20,96,89,2023-08-09,2026-07-24,,,0
France,France,436,Chèque cadeau,Other,Fournitures,15,20,94,91,2023-08-17,2026-07-16,,,0
France,France,30192000,Articles de bureau et articles scolaires,Other,Fournitures,15,20,93,92,2023-08-10,2026-07-28,,,0
Quebec,Canada - Quebec,81141501,NO_DESCRIPTION,Other,UNKNOWN,15,20,106,78,2023-08-14,2026-07-22,,1.0,61
Germany,Germany,34134000,NO_DESCRIPTION,Other,UNKNOWN,15,20,154,30,2023-08-09,2026-07-30,302000.0,,0
Germany,Germany,71700000,NO_DESCRIPTION,Other,UNKNOWN,15,20,135,49,2023-09-01,2026-07-28,293401.5,,0
United Kingdom,United Kingdom,79620000,Supply services of personnel including temporary staff,Other,Supply services of personnel including temporary staff,15,20,101,83,2023-08-08,2026-07-28,6016000.0,,0
France,France,85147000,Prestations de services,Other,Services,15,20,95,89,2023-08-09,2026-07-07,,,0
Germany,Germany,45315000-8,NO_DESCRIPTION,Other,UNKNOWN,15,20,183,0,2023-08-23,2026-07-29,,,0
Germany,Germany,16000000-5,NO_DESCRIPTION,Other,UNKNOWN,15,20,183,0,2023-08-03,2026-07-28,,,0
Germany,Germany,31500000,NO_DESCRIPTION,Other,UNKNOWN,15,20,137,46,2023-08-18,2026-07-21,990000.0,,0
United Kingdom,United Kingdom,33140000,Medical consumables,Other,Medical consumables,15,20,137,46,2023-08-08,2026-07-31,4434712.0,,0
Quebec,Canada - Quebec,11111700,NO_DESCRIPTION,Other,UNKNOWN,15,20,124,59,2018-08-01,2026-07-22,,1.0,69
France,France,85312110,Délégation de service public,Other,Services,15,20,93,90,2023-08-24,2026-07-23,,,0
Germany,Germany,45213150,NO_DESCRIPTION,Other,UNKNOWN,15,20,146,36,2023-09-08,2026-07-26,308616.29000000004,,0
Germany,Germany,71420000,NO_DESCRIPTION,Other,UNKNOWN,15,20,116,66,2023-08-18,2026-07-28,130000.0,,0
France,France,45112500,Voirie,Other,Travaux,15,20,100,82,2023-08-16,2026-07-31,,,0
Quebec,Canada - Quebec,78111501,NO_DESCRIPTION,Other,UNKNOWN,15,20,170,11,2023-09-12,2026-07-29,,1.0,149
Quebec,Canada - Quebec,72151207,NO_DESCRIPTION,Other,UNKNOWN,15,20,103,78,2024-06-11,2026-07-24,3521949.0,1.0,50
France,France,45454100,Tous corps d'état,Other,Travaux,15,20,100,81,2023-08-10,2026-07-29,,,0
France,France,50750000,Ascenseur,Other,Services,15,20,91,90,2023-08-09,2026-07-27,,,0
Germany,Germany,39150000,NO_DESCRIPTION,Other,UNKNOWN,15,20,121,60,2023-08-18,2026-07-29,234662.57,,0
Quebec,Canada - Quebec,72102402,NO_DESCRIPTION,Other,UNKNOWN,15,20,109,72,2023-05-18,2025-09-04,366799.0,1.0,63
France,France,37400000,Equipement sportif,Other,Fournitures,15,20,94,87,2023-08-12,2026-07-21,,,0
Germany,Germany,55000000,NO_DESCRIPTION,Other,UNKNOWN,15,20,141,39,2023-08-08,2026-06-25,600000.0,,0
Quebec,Canada - Quebec,72500000,NO_DESCRIPTION,Other,UNKNOWN,15,20,119,61,2018-08-27,2025-07-03,,2.0,53
France,France,75310000,Prestations de services,Other,Services,15,20,97,83,2023-08-10,2026-07-17,,,0
France,France,18100000,Habillement,Other,Fournitures,15,20,92,88,2023-08-09,2026-07-31,,,0
France,France,30199770,Titres restaurant,Other,Fournitures,15,20,92,88,2023-08-10,2026-06-22,,,0
Germany,Germany,80522000-9,NO_DESCRIPTION,Other,UNKNOWN,15,20,179,0,2023-08-15,2026-07-29,,,0
Germany,Germany,75130000,NO_DESCRIPTION,Other,UNKNOWN,15,20,125,54,2023-08-04,2026-07-02,3020000.0,,0
Quebec,Canada - Quebec,72141128,NO_DESCRIPTION,Other,UNKNOWN,15,20,113,66,2024-06-17,2026-07-29,99999.0,4.0,23
United Kingdom,United Kingdom,77000000,"Agricultural, forestry, horticultural, aquacultural and apicultural services",Other,"Agricultural, forestry, horticultural, aquacultural and apicultural services",15,20,95,84,2023-08-09,2026-07-06,500000.0,,0
Quebec,Canada - Quebec,78181500,NO_DESCRIPTION,Other,UNKNOWN,15,20,127,52,2024-07-03,2026-07-31,,1.0,90
Germany,Germany,22111000-1,NO_DESCRIPTION,Other,UNKNOWN,15,20,178,0,2024-02-26,2026-07-14,,,0
Canada federal,Canada,*72141200,*Marine construction services,Other,*Marine construction services,15,20,171,7,2023-08-02,2026-07-28,,,0
Germany,Germany,45122000,NO_DESCRIPTION,Other,UNKNOWN,15,20,154,24,2023-08-09,2026-07-29,31000.0,,0
France,France,113,Equipement sportif,Other,Services,15,20,92,86,2023-09-08,2026-07-25,19500.0,,0
France,France,45215400,Cimetière,Other,Travaux,15,20,93,85,2023-08-12,2026-05-22,,,0
Germany,Germany,45215140,NO_DESCRIPTION,Other,UNKNOWN,15,20,133,44,2023-10-26,2026-07-28,0.0,,0
Germany,Germany,75252000,NO_DESCRIPTION,Other,UNKNOWN,15,20,106,71,2023-08-30,2026-07-17,0.0,,0
Quebec,Canada - Quebec,44000000,NO_DESCRIPTION,Other,UNKNOWN,15,20,103,74,2023-08-23,2026-07-15,99999.0,1.0,76
Quebec,Canada - Quebec,78141600,NO_DESCRIPTION,Other,UNKNOWN,15,20,110,67,2022-02-28,2026-07-20,199999.0,1.0,60
France,France,217,Matériel de secours et d'incendie,Other,Fournitures,15,20,102,75,2023-09-11,2026-07-30,,,0
Germany,Germany,45421148,NO_DESCRIPTION,Other,UNKNOWN,15,20,111,65,2023-08-11,2026-07-24,123097.5,,0
Germany,Germany,34144900-7,NO_DESCRIPTION,Other,UNKNOWN,15,20,176,0,2023-09-19,2026-07-24,,,0
United Kingdom,United Kingdom,85160000,Optician services,Other,Optician services,15,20,143,33,2023-08-07,2026-07-14,553000.0,,0
Germany,Germany,55523000,NO_DESCRIPTION,Other,UNKNOWN,15,20,118,58,2023-08-11,2026-07-17,847500.0,,0
Germany,Germany,45261200,NO_DESCRIPTION,Other,UNKNOWN,15,20,108,68,2023-10-05,2026-07-30,535000.0,,0
United Kingdom,United Kingdom,71314000,Energy and related services,Other,Energy and related services,15,20,102,74,2023-08-02,2026-07-31,2000000.0,,0
France,France,71000000,Prestations de services,Other,Services,15,20,95,81,2023-08-09,2026-02-13,,,0
France,France,231,Mobilier urbain,Other,Services,15,20,92,84,2023-11-24,2026-07-30,,,0
France,France,308,Revêtements de sols,Other,Travaux,15,20,91,85,2023-08-22,2026-07-30,,,0
Germany,Germany,71200000-0,NO_DESCRIPTION,Other,UNKNOWN,15,20,175,0,2023-08-01,2026-07-28,,,0
Quebec,Canada - Quebec,70151505,NO_DESCRIPTION,Other,UNKNOWN,15,20,168,7,2021-05-21,2026-07-29,,3.0,22
Germany,Germany,45262800,NO_DESCRIPTION,Other,UNKNOWN,15,20,121,54,2023-08-06,2026-06-26,445000.0,,0
Quebec,Canada - Quebec,80111504,NO_DESCRIPTION,Other,UNKNOWN,15,20,115,60,2023-08-01,2026-07-22,334399.0,1.0,105
France,France,45233221,Signalisation,Other,Travaux,15,20,90,85,2023-08-18,2026-07-24,,,0
Germany,Germany,44221100-6,NO_DESCRIPTION,Other,UNKNOWN,15,20,174,0,2023-09-28,2026-07-09,,,0
Germany,Germany,35111100,NO_DESCRIPTION,Other,UNKNOWN,15,20,113,61,2023-08-11,2026-07-29,384750.0,,0
France,France,45212200,Terrain de sport,Other,Travaux,15,20,91,83,2023-08-30,2026-05-05,,,0
France,France,320,Sel de déneigement,Other,Fournitures,15,20,89,85,2023-08-16,2026-07-28,,,0
Germany,Germany,71241000,NO_DESCRIPTION,Other,UNKNOWN,15,20,131,42,2023-08-08,2026-07-28,245000.0,,0
Germany,Germany,45343000,NO_DESCRIPTION,Other,UNKNOWN,15,20,116,57,2023-08-10,2026-07-28,217172.41,,0
Germany,Germany,45340000,NO_DESCRIPTION,Other,UNKNOWN,15,20,122,51,2023-08-08,2026-07-27,112500.0,,0
Quebec,Canada - Quebec,80111701,NO_DESCRIPTION,Other,UNKNOWN,15,20,111,61,2023-08-01,2026-07-09,,1.0,98
France,France,71000000,Ingénierie,Other,Services,15,20,90,82,2023-08-12,2026-04-20,,,0
Quebec,Canada - Quebec,77100000,NO_DESCRIPTION,Other,UNKNOWN,15,20,122,50,2023-08-08,2026-07-30,3493949.0,1.0,109
Germany,Germany,45316000,NO_DESCRIPTION,Other,UNKNOWN,15,20,131,40,2023-08-04,2026-07-24,89000.0,,0
Quebec,Canada - Quebec,72102302,NO_DESCRIPTION,Other,UNKNOWN,15,20,106,65,2023-07-06,2025-09-19,116899.0,1.0,58
France,France,472,Spectacle,Other,Services,15,20,90,81,2023-09-19,2026-07-21,,,0
Germany,Germany,45331231-4,NO_DESCRIPTION,Other,UNKNOWN,15,20,171,0,2023-08-10,2026-07-29,,,0
Ireland,Ireland,34100000.0,Motor vehicles.,Other,Motor vehicles.,15,20,105,66,2023-08-14,2026-03-31,221000.0,,0
Germany,Germany,34144430,NO_DESCRIPTION,Other,UNKNOWN,15,20,103,68,2023-08-04,2026-07-22,248000.0,,0
France,France,90919200,Nettoyage de locaux,Other,Services,15,20,88,83,2023-08-09,2026-06-26,,,0
France,France,90480000,Assainissement,Other,Services,15,20,87,84,2023-08-09,2026-07-27,,,0
Germany,Germany,45331100-7,NO_DESCRIPTION,Other,UNKNOWN,15,20,170,0,2023-08-21,2026-07-30,,,0
Germany,Germany,50800000,NO_DESCRIPTION,Other,UNKNOWN,15,20,124,46,2023-08-04,2026-07-17,345000.0,,0
France,France,45331110,Chauffage (travaux),Other,Travaux,15,20,92,78,2023-08-08,2026-07-31,,,0
Quebec,Canada - Quebec,70151701,NO_DESCRIPTION,Other,UNKNOWN,15,20,115,54,2018-05-23,2026-07-28,,1.0,60
Quebec,Canada - Quebec,49241500,NO_DESCRIPTION,Other,UNKNOWN,15,20,104,65,2023-08-01,2026-07-15,99999.0,1.0,64
Quebec,Canada - Quebec,30200000,NO_DESCRIPTION,Other,UNKNOWN,15,20,99,70,2023-08-08,2025-09-05,,1.0,75
France,France,141,Génie civil,Other,Travaux,15,20,95,74,2023-09-26,2026-07-30,,,0
France,France,45262522,Maçonnerie,Other,Travaux,15,20,86,83,2023-08-23,2026-07-17,,,0
Germany,Germany,45221100-3,NO_DESCRIPTION,Other,UNKNOWN,15,20,169,0,2023-08-03,2026-07-27,,,0
Germany,Germany,71241000-9,NO_DESCRIPTION,Other,UNKNOWN,15,20,169,0,2023-08-11,2026-07-28,,,0
Quebec,Canada - Quebec,20102301,NO_DESCRIPTION,Other,UNKNOWN,15,20,114,55,2023-08-07,2026-07-20,,1.0,80
Quebec,Canada - Quebec,92121700,NO_DESCRIPTION,Other,UNKNOWN,15,20,102,67,2023-09-05,2026-07-29,,1.0,75
Germany,Germany,37535200,NO_DESCRIPTION,Other,UNKNOWN,15,20,157,11,2023-08-01,2026-07-28,737500.0,,0
Quebec,Canada - Quebec,72151306,NO_DESCRIPTION,Other,UNKNOWN,15,20,90,78,2024-08-19,2026-07-22,,3.0,35
Germany,Germany,31520000-7,NO_DESCRIPTION,Other,UNKNOWN,15,20,168,0,2023-08-11,2026-07-23,,,0
Germany,Germany,45216110,NO_DESCRIPTION,Other,UNKNOWN,15,20,126,42,2023-08-17,2026-07-17,874771.11,,0
Germany,Germany,32424000-1,NO_DESCRIPTION,Other,UNKNOWN,15,20,167,0,2023-08-04,2026-07-27,,,0
Germany,Germany,45316212,NO_DESCRIPTION,Other,UNKNOWN,15,20,158,9,2023-08-07,2026-07-24,17900000.0,,0
Germany,Germany,71222200,NO_DESCRIPTION,Other,UNKNOWN,15,20,146,21,2023-08-24,2026-06-23,326817.145,,0
Germany,Germany,18000000,NO_DESCRIPTION,Other,UNKNOWN,15,20,132,35,2023-08-02,2026-07-30,511281.0,,0
Quebec,Canada - Quebec,70111506,NO_DESCRIPTION,Other,UNKNOWN,15,20,119,48,2018-02-05,2026-07-24,,3.0,25
Quebec,Canada - Quebec,90100000,NO_DESCRIPTION,Other,UNKNOWN,15,20,116,51,2023-08-18,2026-07-31,6684999.0,1.0,101
Quebec,Canada - Quebec,30222055,NO_DESCRIPTION,Other,UNKNOWN,15,20,101,66,2023-08-01,2025-08-15,,3.0,29
France,France,79311000,Prestations de services,Other,Services,15,20,87,80,2023-08-16,2026-07-17,,,0
France,France,79620000,Mise à disposition de personnel,Other,Services,15,20,86,81,2023-08-16,2026-07-17,,,0
Germany,Germany,45214300,NO_DESCRIPTION,Other,UNKNOWN,15,20,139,27,2023-09-04,2026-07-29,3506750.96,,0
Quebec,Canada - Quebec,70110000,NO_DESCRIPTION,Other,UNKNOWN,15,20,125,41,2021-02-01,2026-07-08,,1.0,92
France,France,45262800,Bâtiment,Other,Travaux,15,20,88,78,2023-08-09,2026-07-15,,,0
France,France,438,Combustible,Other,Fournitures,15,20,88,78,2023-08-25,2026-06-05,,,0
France,France,60172000,Transport,Other,Services,15,20,87,79,2023-08-16,2026-07-31,,,0
France,France,50720000,"Chauffage (exploitation, entretien)",Other,Services,15,20,85,81,2023-08-09,2026-03-04,,,0
France,France,252,Ouvrage d'art,Other,Services,15,20,94,72,2023-08-23,2026-07-22,,,0
Germany,Germany,50750000,NO_DESCRIPTION,Other,UNKNOWN,15,20,117,48,2023-08-17,2026-07-30,630070.0,,0
Germany,Germany,33140000,NO_DESCRIPTION,Other,UNKNOWN,15,20,106,59,2023-08-16,2026-07-01,315000.0,,0
Quebec,Canada - Quebec,72102602,NO_DESCRIPTION,Other,UNKNOWN,15,20,99,66,2023-03-15,2025-09-16,,2.0,38
France,France,306,Réseaux divers,Other,Travaux,15,20,88,77,2023-08-31,2026-07-23,,,0
France,France,"197,274","Maîtrise d'oeuvre,Prestations de services",Other,Services,15,20,87,78,2023-08-31,2026-07-24,65000.0,,0
Quebec,Canada - Quebec,78140000,NO_DESCRIPTION,Other,UNKNOWN,15,20,110,55,2022-08-10,2026-07-29,99999.0,1.0,67
France,France,80000000,Formation,Other,Services,15,20,89,76,2023-08-16,2026-06-26,,,0
Quebec,Canada - Quebec,78100000,NO_DESCRIPTION,Other,UNKNOWN,15,20,119,45,2023-05-05,2026-07-30,,1.0,80
France,France,34300000,Pièces détachées,Other,Fournitures,15,20,89,75,2023-08-10,2026-07-30,,,0
France,France,98310000,Blanchissage,Other,Services,15,20,85,79,2023-08-11,2026-05-28,,,0
Germany,Germany,45233160-8,NO_DESCRIPTION,Other,UNKNOWN,15,20,163,0,2023-08-04,2026-07-30,,,0
Quebec,Canada - Quebec,10161500,NO_DESCRIPTION,Other,UNKNOWN,15,20,113,50,2018-04-04,2026-07-23,,2.0,51
Quebec,Canada - Quebec,77140000,NO_DESCRIPTION,Other,UNKNOWN,15,20,103,60,2024-06-11,2026-07-31,,1.0,76
Quebec,Canada - Quebec,11111610,NO_DESCRIPTION,Other,UNKNOWN,15,20,92,71,2023-08-09,2026-07-16,,2.0,35
France,France,"72,274","Contrôle technique,Prestations de services",Other,Services,15,20,87,76,2023-08-23,2026-07-21,,,0
Germany,Germany,45342000-6,NO_DESCRIPTION,Other,UNKNOWN,15,20,162,0,2023-08-18,2026-07-27,,,0
Germany,Germany,79100000,NO_DESCRIPTION,Other,UNKNOWN,15,20,121,41,2023-09-12,2026-07-30,322000.0,,0
Germany,Germany,45421140,NO_DESCRIPTION,Other,UNKNOWN,15,20,103,59,2023-09-11,2026-07-30,159500.0,,0
Quebec,Canada - Quebec,72102700,NO_DESCRIPTION,Other,UNKNOWN,15,20,99,63,2023-05-04,2025-09-10,,1.0,58
Germany,Germany,45421152,NO_DESCRIPTION,Other,UNKNOWN,15,20,96,66,2023-08-18,2026-07-27,46386.0,,0
United Kingdom,United Kingdom,50710000,Repair and maintenance services of electrical and mechanical building installations,Other,Repair and maintenance services of electrical and mechanical building installations,15,20,92,70,2023-08-01,2026-07-10,2000000.0,,0
France,France,45232420,Station d'épuration (travaux),Other,Travaux,15,20,90,72,2023-08-24,2026-07-30,,,0
France,France,15000000,Denrées alimentaires,Other,Fournitures,15,20,90,72,2023-08-09,2026-06-02,,,0
Quebec,Canada - Quebec,72141000,NO_DESCRIPTION,Other,UNKNOWN,15,20,94,68,2024-06-26,2026-07-30,,4.0,11
United Kingdom,United Kingdom,90700000,Environmental services,Other,Environmental services,15,20,94,68,2023-08-07,2026-07-27,500000.0,,0
Germany,Germany,45320000-6,NO_DESCRIPTION,Other,UNKNOWN,15,20,161,0,2023-08-11,2026-07-21,,,0
Germany,Germany,45262500-6,NO_DESCRIPTION,Other,UNKNOWN,15,20,161,0,2023-08-03,2026-07-23,,,0
Germany,Germany,45111291,NO_DESCRIPTION,Other,UNKNOWN,15,20,107,54,2023-08-02,2026-07-23,1700000.0,,0
France,France,45232150,"Alimentation en eau potable,Canalisations",Other,Travaux,15,20,106,54,2023-09-20,2026-07-31,,,0
Quebec,Canada - Quebec,46171610,NO_DESCRIPTION,Other,UNKNOWN,15,20,95,65,2023-08-24,2026-07-02,133799.0,1.0,62
France,France,45232141,Chauffage (travaux),Other,Travaux,15,20,86,74,2023-08-08,2026-06-24,,,0
Germany,Germany,45341000-9,NO_DESCRIPTION,Other,UNKNOWN,15,20,160,0,2023-08-03,2026-07-28,,,0
Germany,Germany,44000000,NO_DESCRIPTION,Other,UNKNOWN,15,20,118,42,2023-08-01,2026-07-30,340000.0,,0
France,France,220,Matériel de travaux publics,Other,Fournitures,15,20,87,73,2023-09-25,2026-07-06,,,0
France,France,"455,197","Ingénierie,Maîtrise d'oeuvre",Other,Services,15,20,85,75,2024-01-18,2026-07-29,13500.0,,0
France,France,09134200,"Carburant, hydrocarbure",Other,Fournitures,15,20,83,77,2023-08-13,2026-05-21,,,0
United Kingdom,United Kingdom,60000000,Transport services (excl. Waste transport),Other,Transport services (excl. Waste transport),15,20,5103,159,2023-08-01,2026-07-31,5000000.0,,0
Germany,Germany,30213200-7,NO_DESCRIPTION,Other,UNKNOWN,15,20,159,0,2023-08-02,2026-07-29,,,0
United Kingdom,United Kingdom,85121240,ENT or audiologist services,Other,ENT or audiologist services,15,20,114,45,2023-10-16,2026-07-31,11446730.0,,0
Germany,Germany,75131100,NO_DESCRIPTION,Other,UNKNOWN,15,20,97,62,2023-08-17,2026-07-25,740000.0,,0
Germany,Germany,45343200,NO_DESCRIPTION,Other,UNKNOWN,15,20,97,62,2023-08-13,2026-07-30,252825.575,,0
Germany,Germany,45432110,NO_DESCRIPTION,Other,UNKNOWN,15,20,94,65,2023-09-06,2026-07-14,223203.7,,0
France,France,45232411,Assainissement,Other,Travaux,15,20,89,70,2023-08-09,2026-07-31,,,0
France,France,71241000,Prestations de services,Other,Services,15,20,85,74,2023-08-20,2026-06-17,,,0
France,France,92331210,Prestations de services,Other,Services,15,20,83,76,2023-08-17,2026-07-31,,,0
Germany,Germany,45233100-0,NO_DESCRIPTION,Other,UNKNOWN,15,20,158,0,2023-08-02,2026-07-31,,,0
Germany,Germany,34941800,NO_DESCRIPTION,Other,UNKNOWN,15,20,129,29,2023-11-20,2026-07-28,1000000.0,,0
Ireland,Ireland,50000000.0,Repair and maintenance services.,Other,Repair and maintenance services.,15,20,110,48,2023-08-16,2026-03-23,400000.0,,0
Germany,Germany,45223800,NO_DESCRIPTION,Other,UNKNOWN,15,20,110,48,2023-08-08,2026-07-23,84910.73,,0
Germany,Germany,98000000,NO_DESCRIPTION,Other,UNKNOWN,15,20,104,54,2023-08-30,2026-07-28,348739.025,,0
United Kingdom,United Kingdom,71200000,Architectural and related services,Other,Architectural and related services,15,20,89,69,2023-08-02,2026-06-15,350000.0,,0
France,France,30163100,"Carburant, hydrocarbure",Other,Fournitures,15,20,80,78,2023-08-09,2026-07-21,,,0
Germany,Germany,60172000,NO_DESCRIPTION,Other,UNKNOWN,15,20,120,37,2023-09-18,2026-06-12,591555.6599999999,,0
Quebec,Canada - Quebec,30221010,NO_DESCRIPTION,Other,UNKNOWN,15,20,103,54,2023-08-02,2025-09-09,334399.0,2.0,45
Quebec,Canada - Quebec,76111503,NO_DESCRIPTION,Other,UNKNOWN,15,20,90,67,2023-08-01,2026-07-31,133799.0,1.0,49
France,France,45453000,Bâtiment,Other,Travaux,15,20,86,71,2023-09-11,2026-07-20,,,0
France,France,34144700,Véhicules (acquisition),Other,Fournitures,15,20,82,75,2023-08-08,2026-07-31,,,0
Germany,Germany,35400000,NO_DESCRIPTION,Other,UNKNOWN,15,20,152,5,2023-08-04,2026-07-28,,,0
Quebec,Canada - Quebec,70111503,NO_DESCRIPTION,Other,UNKNOWN,15,20,114,43,2020-05-28,2026-07-13,,1.0,66
France,France,45233252,Voirie,Other,Travaux,15,20,89,68,2023-08-09,2026-07-07,,,0
Germany,Germany,75211200-0,NO_DESCRIPTION,Other,UNKNOWN,15,20,156,0,2023-08-24,2026-07-30,,,0
Germany,Germany,39120000-9,NO_DESCRIPTION,Other,UNKNOWN,15,20,156,0,2023-08-17,2026-07-15,,,0
Germany,Germany,77211400-6,NO_DESCRIPTION,Other,UNKNOWN,15,20,156,0,2023-08-31,2026-06-29,,,0
United Kingdom,United Kingdom,85121200,Medical specialist services,Other,Medical specialist services,15,20,108,48,2023-08-18,2026-07-23,1500000.0,,0
Quebec,Canada - Quebec,41112504,NO_DESCRIPTION,Other,UNKNOWN,15,20,90,66,2018-06-06,2026-06-22,,1.0,44
France,France,"196,332","Maintenance,Sécurité incendie",Other,Services,15,20,83,73,2024-01-06,2026-06-05,,,0
Germany,Germany,50118110,NO_DESCRIPTION,Other,UNKNOWN,15,20,94,62,2023-08-17,2026-07-24,1049481.94,,0
United Kingdom,United Kingdom,70000000,Real estate services,Other,Real estate services,15,20,85,71,2023-08-01,2026-06-08,8000000.0,,0
France,France,198,Matériaux de construction,Other,Travaux,15,20,84,72,2024-01-08,2026-07-23,,,0
Germany,Germany,35110000-8,NO_DESCRIPTION,Other,UNKNOWN,15,20,155,0,2023-08-04,2026-07-08,,,0
Germany,Germany,45231300-8,NO_DESCRIPTION,Other,UNKNOWN,15,20,155,0,2023-08-09,2026-07-28,,,0
Germany,Germany,34136200,NO_DESCRIPTION,Other,UNKNOWN,15,20,134,21,2023-08-02,2026-07-30,881500.0,,0
Germany,Germany,34144431,NO_DESCRIPTION,Other,UNKNOWN,15,20,104,51,2023-08-21,2026-07-24,0.01,,0
Quebec,Canada - Quebec,39120000,NO_DESCRIPTION,Other,UNKNOWN,15,20,94,61,2023-08-17,2026-07-13,6943899.0,1.0,60
Germany,Germany,45262212,NO_DESCRIPTION,Other,UNKNOWN,15,20,89,66,2023-10-25,2026-07-28,1349579.83,,0
France,France,"359,475","Véhicules,Véhicules (acquisition)",Other,Fournitures,15,20,87,68,2023-09-25,2026-07-29,,,0
Germany,Germany,73100000-3,NO_DESCRIPTION,Other,UNKNOWN,15,20,154,0,2023-09-14,2026-07-20,,,0
Germany,Germany,45421151-7,NO_DESCRIPTION,Other,UNKNOWN,15,20,154,0,2023-08-07,2026-07-27,,,0
Germany,Germany,79411100,NO_DESCRIPTION,Other,UNKNOWN,15,20,128,26,2023-08-11,2026-07-20,534375.0,,0
United Kingdom,United Kingdom,85144100,Residential nursing care services,Other,Residential nursing care services,15,20,121,33,2023-09-25,2026-07-24,4499995.0,,0
Quebec,Canada - Quebec,56120000,NO_DESCRIPTION,Other,UNKNOWN,15,20,111,43,2023-08-09,2026-07-09,3525899.0,1.0,74
France,France,349,Travaux dans l'eau,Other,Travaux,15,20,87,67,2023-08-21,2026-05-24,,,0
Germany,Germany,45233140,NO_DESCRIPTION,Other,UNKNOWN,15,20,141,12,2023-08-07,2026-07-30,6968254.0,,0
Germany,Germany,34113000,NO_DESCRIPTION,Other,UNKNOWN,15,20,115,38,2023-09-04,2026-06-26,252000.0,,0
Quebec,Canada - Quebec,30222602,NO_DESCRIPTION,Other,UNKNOWN,15,20,86,67,2023-08-04,2025-09-09,,2.0,30
France,France,79110000,Assistance juridique,Other,Services,15,20,78,75,2023-08-14,2026-07-31,,,0
Quebec,Canada - Quebec,72102301,NO_DESCRIPTION,Other,UNKNOWN,15,20,94,59,2023-08-10,2025-08-22,353299.0,2.0,42
Germany,Germany,77211000,NO_DESCRIPTION,Other,UNKNOWN,15,20,128,24,2023-10-02,2026-07-28,541500.0,,0
Quebec,Canada - Quebec,26100000,NO_DESCRIPTION,Other,UNKNOWN,15,20,112,40,2023-08-08,2026-07-20,133799.0,1.0,99
Germany,Germany,45262220,NO_DESCRIPTION,Other,UNKNOWN,15,20,108,44,2023-08-09,2026-07-29,255000.0,,0
Germany,Germany,30192700,NO_DESCRIPTION,Other,UNKNOWN,15,20,95,57,2023-08-14,2026-07-07,358500.0,,0
Germany,Germany,42000000-6,NO_DESCRIPTION,Other,UNKNOWN,15,20,152,0,2023-08-03,2026-07-20,,,0
Germany,Germany,32000000-3,NO_DESCRIPTION,Other,UNKNOWN,15,20,152,0,2023-08-23,2026-07-29,,,0
Germany,Germany,50530000,NO_DESCRIPTION,Other,UNKNOWN,15,20,122,30,2023-08-03,2026-07-22,449500.0,,0
Germany,Germany,71350000,NO_DESCRIPTION,Other,UNKNOWN,15,20,102,50,2023-08-10,2026-07-24,264591.95,,0
Germany,Germany,64100000,NO_DESCRIPTION,Other,UNKNOWN,15,20,96,56,2023-09-29,2026-06-11,800000.0,,0
Germany,Germany,45251141,NO_DESCRIPTION,Other,UNKNOWN,15,20,94,58,2023-08-16,2026-06-26,327985.18,,0
